date,funding_day_pct,source
2016-05-14,0.069,BitMEX
2016-05-15,0.0516,BitMEX
2016-05-16,0.0451,BitMEX
2016-05-17,0.0454,BitMEX
2016-05-18,0.0443,BitMEX
2016-05-19,0.0427,BitMEX
2016-05-20,0.0424,BitMEX
2016-05-21,0.042,BitMEX
2016-05-22,0.04,BitMEX
2016-05-23,0.0354,BitMEX
2016-05-24,0.0373,BitMEX
2016-05-25,0.0318,BitMEX
2016-05-26,0.0325,BitMEX
2016-05-27,0.0342,BitMEX
2016-05-28,0.035,BitMEX
2016-05-29,0.2588,BitMEX
2016-05-30,0.7046,BitMEX
2016-05-31,0.296,BitMEX
2016-06-01,0.1285,BitMEX
2016-06-02,0.0974,BitMEX
2016-06-03,0.0934,BitMEX
2016-06-04,0.103767,BitMEX
2016-06-05,0.0714,BitMEX
2016-06-06,0.0716,BitMEX
2016-06-07,0.061867,BitMEX
2016-06-08,0.053,BitMEX
2016-06-09,0.051533,BitMEX
2016-06-10,0.0456,BitMEX
2016-06-11,0.078433,BitMEX
2016-06-12,0.5012,BitMEX
2016-06-13,2.7084,BitMEX
2016-06-14,2.3598,BitMEX
2016-06-15,0.2964,BitMEX
2016-06-16,1.3362,BitMEX
2016-06-17,2.8284,BitMEX
2016-06-18,1.603,BitMEX
2016-06-19,0.4537,BitMEX
2016-06-20,0.5674,BitMEX
2016-06-21,-0.1823,BitMEX
2016-06-22,0.4901,BitMEX
2016-06-23,0.5901,BitMEX
2016-06-24,-0.1629,BitMEX
2016-06-25,0.3953,BitMEX
2016-06-26,0.1251,BitMEX
2016-06-27,0.141,BitMEX
2016-06-28,0.0879,BitMEX
2016-06-29,0.0288,BitMEX
2016-06-30,0.6008,BitMEX
2016-07-01,0.6418,BitMEX
2016-07-02,0.2675,BitMEX
2016-07-03,0.2224,BitMEX
2016-07-04,-0.0027,BitMEX
2016-07-05,-0.1834,BitMEX
2016-07-06,-0.1668,BitMEX
2016-07-07,0.276,BitMEX
2016-07-08,-0.5348,BitMEX
2016-07-09,-0.3532,BitMEX
2016-07-10,-0.1629,BitMEX
2016-07-11,-0.0345,BitMEX
2016-07-12,-0.0907,BitMEX
2016-07-13,0.1047,BitMEX
2016-07-14,-0.1124,BitMEX
2016-07-15,0.0261,BitMEX
2016-07-16,-0.1254,BitMEX
2016-07-17,-0.2821,BitMEX
2016-07-18,0.3284,BitMEX
2016-07-19,0.1962,BitMEX
2016-07-20,0.1156,BitMEX
2016-07-21,-0.0291,BitMEX
2016-07-22,0.0523,BitMEX
2016-07-23,0.0012,BitMEX
2016-07-24,0.0775,BitMEX
2016-07-25,-0.0249,BitMEX
2016-07-26,-0.0316,BitMEX
2016-07-27,-0.0454,BitMEX
2016-07-28,0.2138,BitMEX
2016-07-29,-0.0464,BitMEX
2016-07-30,0.0216,BitMEX
2016-07-31,-0.1774,BitMEX
2016-08-01,-0.2402,BitMEX
2016-08-02,-0.2925,BitMEX
2016-08-03,-1.6365,BitMEX
2016-08-04,-1.0325,BitMEX
2016-08-05,-0.7413,BitMEX
2016-08-06,-0.8345,BitMEX
2016-08-07,-0.0818,BitMEX
2016-08-08,-0.1454,BitMEX
2016-08-09,-0.0271,BitMEX
2016-08-10,0.1847,BitMEX
2016-08-11,-0.0234,BitMEX
2016-08-12,-0.0234,BitMEX
2016-08-13,-0.018,BitMEX
2016-08-14,-0.0615,BitMEX
2016-08-15,-0.5287,BitMEX
2016-08-16,-0.1116,BitMEX
2016-08-17,-0.1503,BitMEX
2016-08-18,0.2168,BitMEX
2016-08-19,0.2178,BitMEX
2016-08-20,0.0361,BitMEX
2016-08-21,0.1523,BitMEX
2016-08-22,-0.0312,BitMEX
2016-08-23,0.1699,BitMEX
2016-08-24,0.2454,BitMEX
2016-08-25,-0.144,BitMEX
2016-08-26,0.3131,BitMEX
2016-08-27,-0.0048,BitMEX
2016-08-28,-0.0324,BitMEX
2016-08-29,0.0424,BitMEX
2016-08-30,-0.0708,BitMEX
2016-08-31,0.1962,BitMEX
2016-09-01,0.7277,BitMEX
2016-09-02,-0.1558,BitMEX
2016-09-03,0.0814,BitMEX
2016-09-04,0.1087,BitMEX
2016-09-05,0.7033,BitMEX
2016-09-06,0.2474,BitMEX
2016-09-07,0.4408,BitMEX
2016-09-08,-0.1504,BitMEX
2016-09-09,0.7825,BitMEX
2016-09-10,0.2086,BitMEX
2016-09-11,0.4486,BitMEX
2016-09-12,0.0555,BitMEX
2016-09-13,-0.0083,BitMEX
2016-09-14,-0.1134,BitMEX
2016-09-15,-0.1123,BitMEX
2016-09-16,-0.0155,BitMEX
2016-09-17,-0.0024,BitMEX
2016-09-18,-0.0146,BitMEX
2016-09-19,0.0852,BitMEX
2016-09-20,-0.0141,BitMEX
2016-09-21,-0.1322,BitMEX
2016-09-22,-0.2771,BitMEX
2016-09-23,-0.065,BitMEX
2016-09-24,0.1698,BitMEX
2016-09-25,0.0276,BitMEX
2016-09-26,0.0942,BitMEX
2016-09-27,0.3469,BitMEX
2016-09-28,0.1648,BitMEX
2016-09-29,0.0602,BitMEX
2016-09-30,0.138,BitMEX
2016-10-01,0.4153,BitMEX
2016-10-02,0.32,BitMEX
2016-10-03,-0.0328,BitMEX
2016-10-04,0.039,BitMEX
2016-10-05,0.0693,BitMEX
2016-10-06,0.0509,BitMEX
2016-10-07,0.0919,BitMEX
2016-10-08,0.0793,BitMEX
2016-10-09,0.0931,BitMEX
2016-10-10,0.3189,BitMEX
2016-10-11,0.2216,BitMEX
2016-10-12,0.3851,BitMEX
2016-10-13,-0.138,BitMEX
2016-10-14,0.0661,BitMEX
2016-10-15,0.3185,BitMEX
2016-10-16,0.0018,BitMEX
2016-10-17,0.0647,BitMEX
2016-10-18,-0.0867,BitMEX
2016-10-19,0.0216,BitMEX
2016-10-20,-0.2808,BitMEX
2016-10-21,0.0131,BitMEX
2016-10-22,0.0181,BitMEX
2016-10-23,0.9459,BitMEX
2016-10-24,1.125,BitMEX
2016-10-25,0.4512,BitMEX
2016-10-26,0.4043,BitMEX
2016-10-27,0.2152,BitMEX
2016-10-28,0.183,BitMEX
2016-10-29,0.5488,BitMEX
2016-10-30,0.219,BitMEX
2016-10-31,0.0574,BitMEX
2016-11-01,0.4338,BitMEX
2016-11-02,1.125,BitMEX
2016-11-03,0.7389,BitMEX
2016-11-04,0.0966,BitMEX
2016-11-05,0.0127,BitMEX
2016-11-06,0.3164,BitMEX
2016-11-07,-0.0435,BitMEX
2016-11-08,-0.119,BitMEX
2016-11-09,0.236,BitMEX
2016-11-10,0.3982,BitMEX
2016-11-11,0.4081,BitMEX
2016-11-12,0.0476,BitMEX
2016-11-13,0.0333,BitMEX
2016-11-14,0.0332,BitMEX
2016-11-15,0.0817,BitMEX
2016-11-16,0.0664,BitMEX
2016-11-17,1.064,BitMEX
2016-11-18,0.4155,BitMEX
2016-11-19,0.3417,BitMEX
2016-11-20,0.047,BitMEX
2016-11-21,0.0011,BitMEX
2016-11-22,-0.0058,BitMEX
2016-11-23,0.2676,BitMEX
2016-11-24,0.0918,BitMEX
2016-11-25,-0.0501,BitMEX
2016-11-26,-0.1315,BitMEX
2016-11-27,0.0766,BitMEX
2016-11-28,0.0829,BitMEX
2016-11-29,-0.0418,BitMEX
2016-11-30,-0.0456,BitMEX
2016-12-01,0.0996,BitMEX
2016-12-02,0.3548,BitMEX
2016-12-03,0.1802,BitMEX
2016-12-04,0.1469,BitMEX
2016-12-05,0.4524,BitMEX
2016-12-06,0.12,BitMEX
2016-12-07,-0.0865,BitMEX
2016-12-08,-0.1203,BitMEX
2016-12-09,0.0285,BitMEX
2016-12-10,0.0465,BitMEX
2016-12-11,0.1477,BitMEX
2016-12-12,0.0055,BitMEX
2016-12-13,0.1945,BitMEX
2016-12-14,-0.0398,BitMEX
2016-12-15,-0.0379,BitMEX
2016-12-16,0.2423,BitMEX
2016-12-17,0.0396,BitMEX
2016-12-18,0.0455,BitMEX
2016-12-19,-0.0506,BitMEX
2016-12-20,-0.0145,BitMEX
2016-12-21,0.0827,BitMEX
2016-12-22,0.3924,BitMEX
2016-12-23,0.3913,BitMEX
2016-12-24,0.7162,BitMEX
2016-12-25,-0.0852,BitMEX
2016-12-26,0.4613,BitMEX
2016-12-27,0.5295,BitMEX
2016-12-28,0.7292,BitMEX
2016-12-29,-0.0121,BitMEX
2016-12-30,-0.029,BitMEX
2016-12-31,-0.1263,BitMEX
2017-01-01,0.3347,BitMEX
2017-01-02,0.5675,BitMEX
2017-01-03,0.4056,BitMEX
2017-01-04,0.4241,BitMEX
2017-01-05,1.125,BitMEX
2017-01-06,-0.1056,BitMEX
2017-01-07,-0.1241,BitMEX
2017-01-08,-0.0326,BitMEX
2017-01-09,-0.2044,BitMEX
2017-01-10,0.0671,BitMEX
2017-01-11,-0.2775,BitMEX
2017-01-12,-0.4814,BitMEX
2017-01-13,-0.4599,BitMEX
2017-01-14,0.1233,BitMEX
2017-01-15,-0.4088,BitMEX
2017-01-16,0.0735,BitMEX
2017-01-17,0.0694,BitMEX
2017-01-18,-0.0554,BitMEX
2017-01-19,-0.3897,BitMEX
2017-01-20,-0.0105,BitMEX
2017-01-21,0.2739,BitMEX
2017-01-22,0.2661,BitMEX
2017-01-23,-0.3567,BitMEX
2017-01-24,-0.5854,BitMEX
2017-01-25,-0.6876,BitMEX
2017-01-26,-0.1888,BitMEX
2017-01-27,-0.0627,BitMEX
2017-01-28,-0.1299,BitMEX
2017-01-29,0.0237,BitMEX
2017-01-30,-0.0309,BitMEX
2017-01-31,-0.1835,BitMEX
2017-02-01,0.2444,BitMEX
2017-02-02,-0.0388,BitMEX
2017-02-03,-0.048,BitMEX
2017-02-04,-0.257,BitMEX
2017-02-05,0.503,BitMEX
2017-02-06,0.2604,BitMEX
2017-02-07,0.0198,BitMEX
2017-02-08,-0.003,BitMEX
2017-02-09,-0.0239,BitMEX
2017-02-10,-0.7602,BitMEX
2017-02-11,0.0533,BitMEX
2017-02-12,-0.0832,BitMEX
2017-02-13,0.2249,BitMEX
2017-02-14,-0.1348,BitMEX
2017-02-15,0.3606,BitMEX
2017-02-16,0.3204,BitMEX
2017-02-17,0.261,BitMEX
2017-02-18,0.2522,BitMEX
2017-02-19,0.0266,BitMEX
2017-02-20,0.116,BitMEX
2017-02-21,0.4385,BitMEX
2017-02-22,0.8628,BitMEX
2017-02-23,0.2126,BitMEX
2017-02-24,1.0618,BitMEX
2017-02-25,0.2022,BitMEX
2017-02-26,0.1635,BitMEX
2017-02-27,0.1688,BitMEX
2017-02-28,0.2315,BitMEX
2017-03-01,0.0399,BitMEX
2017-03-02,0.1854,BitMEX
2017-03-03,0.0337,BitMEX
2017-03-04,0.1083,BitMEX
2017-03-05,0.5212,BitMEX
2017-03-06,0.6781,BitMEX
2017-03-07,0.1432,BitMEX
2017-03-08,0.0895,BitMEX
2017-03-09,0.0274,BitMEX
2017-03-10,0.0292,BitMEX
2017-03-11,-0.3883,BitMEX
2017-03-12,-0.3966,BitMEX
2017-03-13,-0.0651,BitMEX
2017-03-14,0.0021,BitMEX
2017-03-15,0.0157,BitMEX
2017-03-16,-0.1203,BitMEX
2017-03-17,-0.0258,BitMEX
2017-03-18,-0.3452,BitMEX
2017-03-19,-1.1241,BitMEX
2017-03-20,-0.2486,BitMEX
2017-03-21,-0.058,BitMEX
2017-03-22,-0.3288,BitMEX
2017-03-23,-0.1539,BitMEX
2017-03-24,-0.238,BitMEX
2017-03-25,-0.3477,BitMEX
2017-03-26,0.0127,BitMEX
2017-03-27,-0.1397,BitMEX
2017-03-28,-0.0562,BitMEX
2017-03-29,-0.1202,BitMEX
2017-03-30,-0.0275,BitMEX
2017-03-31,0.0038,BitMEX
2017-04-01,0.0337,BitMEX
2017-04-02,-0.01,BitMEX
2017-04-03,-0.0156,BitMEX
2017-04-04,-0.4755,BitMEX
2017-04-05,-0.4494,BitMEX
2017-04-06,-0.2117,BitMEX
2017-04-07,-0.142,BitMEX
2017-04-08,-0.295,BitMEX
2017-04-09,-0.3498,BitMEX
2017-04-10,0.3397,BitMEX
2017-04-11,0.0581,BitMEX
2017-04-12,-0.025,BitMEX
2017-04-13,-0.1107,BitMEX
2017-04-14,-0.3807,BitMEX
2017-04-15,0.1221,BitMEX
2017-04-16,-0.0048,BitMEX
2017-04-17,0.07,BitMEX
2017-04-18,0.1289,BitMEX
2017-04-19,-0.0095,BitMEX
2017-04-20,-0.1311,BitMEX
2017-04-21,0.5595,BitMEX
2017-04-22,0.2905,BitMEX
2017-04-23,0.1123,BitMEX
2017-04-24,0.026,BitMEX
2017-04-25,-0.025,BitMEX
2017-04-26,0.3579,BitMEX
2017-04-27,0.2796,BitMEX
2017-04-28,0.3626,BitMEX
2017-04-29,-0.0741,BitMEX
2017-04-30,0.0842,BitMEX
2017-05-01,0.2589,BitMEX
2017-05-02,1.082,BitMEX
2017-05-03,0.2161,BitMEX
2017-05-04,-0.3194,BitMEX
2017-05-05,-0.0163,BitMEX
2017-05-06,-0.434,BitMEX
2017-05-07,-0.0289,BitMEX
2017-05-08,0.76,BitMEX
2017-05-09,0.9588,BitMEX
2017-05-10,0.3529,BitMEX
2017-05-11,-0.1429,BitMEX
2017-05-12,0.7924,BitMEX
2017-05-13,0.742,BitMEX
2017-05-14,0.5097,BitMEX
2017-05-15,0.3174,BitMEX
2017-05-16,0.5045,BitMEX
2017-05-17,0.9145,BitMEX
2017-05-18,1.125,BitMEX
2017-05-19,1.104,BitMEX
2017-05-20,0.0002,BitMEX
2017-05-21,1.1044,BitMEX
2017-05-22,0.5618,BitMEX
2017-05-23,0.5436,BitMEX
2017-05-24,0.2583,BitMEX
2017-05-25,0.7756,BitMEX
2017-05-26,0.3708,BitMEX
2017-05-27,-0.6231,BitMEX
2017-05-28,0.5379,BitMEX
2017-05-29,-0.1835,BitMEX
2017-05-30,0.7587,BitMEX
2017-05-31,0.1135,BitMEX
2017-06-01,0.0788,BitMEX
2017-06-02,0.1271,BitMEX
2017-06-03,0.6793,BitMEX
2017-06-04,0.072,BitMEX
2017-06-05,0.3846,BitMEX
2017-06-06,1.125,BitMEX
2017-06-07,1.125,BitMEX
2017-06-08,0.2889,BitMEX
2017-06-09,0.6254,BitMEX
2017-06-10,0.0853,BitMEX
2017-06-11,0.9407,BitMEX
2017-06-12,0.9212,BitMEX
2017-06-13,-0.3339,BitMEX
2017-06-14,-0.2191,BitMEX
2017-06-15,-0.9292,BitMEX
2017-06-16,-0.5919,BitMEX
2017-06-17,-0.9925,BitMEX
2017-06-18,-0.049,BitMEX
2017-06-19,-0.0181,BitMEX
2017-06-20,0.0868,BitMEX
2017-06-21,0.3918,BitMEX
2017-06-22,0.174,BitMEX
2017-06-23,0.0115,BitMEX
2017-06-24,0.0425,BitMEX
2017-06-25,-0.3748,BitMEX
2017-06-26,-0.1755,BitMEX
2017-06-27,-0.2311,BitMEX
2017-06-28,-1.0927,BitMEX
2017-06-29,-0.9502,BitMEX
2017-06-30,-0.4756,BitMEX
2017-07-01,-0.5644,BitMEX
2017-07-02,-0.5748,BitMEX
2017-07-03,-0.3156,BitMEX
2017-07-04,0.2711,BitMEX
2017-07-05,-0.101,BitMEX
2017-07-06,-0.0039,BitMEX
2017-07-07,-0.2642,BitMEX
2017-07-08,-0.1851,BitMEX
2017-07-09,-0.2344,BitMEX
2017-07-10,-0.2727,BitMEX
2017-07-11,-0.1219,BitMEX
2017-07-12,-0.2145,BitMEX
2017-07-13,-0.3078,BitMEX
2017-07-14,-0.4942,BitMEX
2017-07-15,-0.399,BitMEX
2017-07-16,0.3506,BitMEX
2017-07-17,0.4674,BitMEX
2017-07-18,0.0694,BitMEX
2017-07-19,-0.3233,BitMEX
2017-07-20,-0.2487,BitMEX
2017-07-21,0.1685,BitMEX
2017-07-22,0.5537,BitMEX
2017-07-23,0.3589,BitMEX
2017-07-24,-0.0128,BitMEX
2017-07-25,0.2884,BitMEX
2017-07-26,-0.3476,BitMEX
2017-07-27,-0.2523,BitMEX
2017-07-28,-0.6178,BitMEX
2017-07-29,-0.2194,BitMEX
2017-07-30,-0.7623,BitMEX
2017-07-31,-0.9767,BitMEX
2017-08-01,-0.918,BitMEX
2017-08-02,-0.556,BitMEX
2017-08-03,-0.1201,BitMEX
2017-08-04,0.0223,BitMEX
2017-08-05,0.4787,BitMEX
2017-08-06,0.9348,BitMEX
2017-08-07,0.4016,BitMEX
2017-08-08,0.1215,BitMEX
2017-08-09,0.0092,BitMEX
2017-08-10,0.001,BitMEX
2017-08-11,-0.2018,BitMEX
2017-08-12,-0.0658,BitMEX
2017-08-13,0.2717,BitMEX
2017-08-14,0.5697,BitMEX
2017-08-15,0.4843,BitMEX
2017-08-16,0.0764,BitMEX
2017-08-17,0.6314,BitMEX
2017-08-18,0.118,BitMEX
2017-08-19,-0.2503,BitMEX
2017-08-20,0.8426,BitMEX
2017-08-21,0.2662,BitMEX
2017-08-22,-0.3453,BitMEX
2017-08-23,0.204,BitMEX
2017-08-24,0.4513,BitMEX
2017-08-25,0.2548,BitMEX
2017-08-26,0.1027,BitMEX
2017-08-27,-0.0172,BitMEX
2017-08-28,-0.0359,BitMEX
2017-08-29,-0.0383,BitMEX
2017-08-30,0.8519,BitMEX
2017-08-31,0.2825,BitMEX
2017-09-01,0.038,BitMEX
2017-09-02,0.0816,BitMEX
2017-09-03,-0.4271,BitMEX
2017-09-04,-0.5164,BitMEX
2017-09-05,-0.8251,BitMEX
2017-09-06,-0.015,BitMEX
2017-09-07,-0.0097,BitMEX
2017-09-08,0.03,BitMEX
2017-09-09,-0.9301,BitMEX
2017-09-10,-0.345,BitMEX
2017-09-11,-0.0797,BitMEX
2017-09-12,-0.0252,BitMEX
2017-09-13,-0.6138,BitMEX
2017-09-14,-0.1667,BitMEX
2017-09-15,-0.1776,BitMEX
2017-09-16,-0.7563,BitMEX
2017-09-17,-0.253,BitMEX
2017-09-18,0.1897,BitMEX
2017-09-19,0.0273,BitMEX
2017-09-20,-0.1303,BitMEX
2017-09-21,-0.0596,BitMEX
2017-09-22,-0.4323,BitMEX
2017-09-23,-0.2095,BitMEX
2017-09-24,-0.2202,BitMEX
2017-09-25,-0.2886,BitMEX
2017-09-26,0.4055,BitMEX
2017-09-27,0.2004,BitMEX
2017-09-28,0.0918,BitMEX
2017-09-29,0.3315,BitMEX
2017-09-30,0.63,BitMEX
2017-10-01,-0.0446,BitMEX
2017-10-02,0.1206,BitMEX
2017-10-03,-0.1101,BitMEX
2017-10-04,-0.2351,BitMEX
2017-10-05,-0.294,BitMEX
2017-10-06,0.0657,BitMEX
2017-10-07,0.0932,BitMEX
2017-10-08,0.3899,BitMEX
2017-10-09,0.0984,BitMEX
2017-10-10,0.8457,BitMEX
2017-10-11,0.852,BitMEX
2017-10-12,0.5313,BitMEX
2017-10-13,1.1114,BitMEX
2017-10-14,1.125,BitMEX
2017-10-15,1.125,BitMEX
2017-10-16,0.2361,BitMEX
2017-10-17,0.4238,BitMEX
2017-10-18,0.0601,BitMEX
2017-10-19,0.2432,BitMEX
2017-10-20,0.0658,BitMEX
2017-10-21,0.9452,BitMEX
2017-10-22,-0.1073,BitMEX
2017-10-23,-0.0609,BitMEX
2017-10-24,-0.3533,BitMEX
2017-10-25,-0.1461,BitMEX
2017-10-26,-0.2213,BitMEX
2017-10-27,0.0016,BitMEX
2017-10-28,-0.5091,BitMEX
2017-10-29,-0.1996,BitMEX
2017-10-30,0.6635,BitMEX
2017-10-31,0.1224,BitMEX
2017-11-01,0.0475,BitMEX
2017-11-02,-0.6105,BitMEX
2017-11-03,0.1133,BitMEX
2017-11-04,-0.3682,BitMEX
2017-11-05,0.1498,BitMEX
2017-11-06,-0.0552,BitMEX
2017-11-07,-0.5307,BitMEX
2017-11-08,-0.1635,BitMEX
2017-11-09,0.0834,BitMEX
2017-11-10,-0.0779,BitMEX
2017-11-11,-0.532,BitMEX
2017-11-12,-0.1914,BitMEX
2017-11-13,-0.2475,BitMEX
2017-11-14,-0.5654,BitMEX
2017-11-15,-0.523,BitMEX
2017-11-16,-0.1609,BitMEX
2017-11-17,0.5457,BitMEX
2017-11-18,0.1013,BitMEX
2017-11-19,0.5151,BitMEX
2017-11-20,0.9047,BitMEX
2017-11-21,0.3217,BitMEX
2017-11-22,0.0416,BitMEX
2017-11-23,-0.2147,BitMEX
2017-11-24,-0.62,BitMEX
2017-11-25,0.2505,BitMEX
2017-11-26,-0.0196,BitMEX
2017-11-27,0.8885,BitMEX
2017-11-28,0.3178,BitMEX
2017-11-29,0.7715,BitMEX
2017-11-30,0.395,BitMEX
2017-12-01,-0.345,BitMEX
2017-12-02,0.6479,BitMEX
2017-12-03,0.2693,BitMEX
2017-12-04,0.4155,BitMEX
2017-12-05,0.3323,BitMEX
2017-12-06,0.1752,BitMEX
2017-12-07,-0.4605,BitMEX
2017-12-08,0.3526,BitMEX
2017-12-09,1.125,BitMEX
2017-12-10,0.6614,BitMEX
2017-12-11,1.125,BitMEX
2017-12-12,1.125,BitMEX
2017-12-13,0.8578,BitMEX
2017-12-14,0.8319,BitMEX
2017-12-15,0.9275,BitMEX
2017-12-16,1.125,BitMEX
2017-12-17,1.125,BitMEX
2017-12-18,0.8697,BitMEX
2017-12-19,0.7879,BitMEX
2017-12-20,-0.1401,BitMEX
2017-12-21,0.5235,BitMEX
2017-12-22,0.328,BitMEX
2017-12-23,-0.73,BitMEX
2017-12-24,-1.125,BitMEX
2017-12-25,-0.772,BitMEX
2017-12-26,-0.75,BitMEX
2017-12-27,1.125,BitMEX
2017-12-28,0.2328,BitMEX
2017-12-29,0.3198,BitMEX
2017-12-30,-0.4426,BitMEX
2017-12-31,-0.9054,BitMEX
2018-01-01,0.3277,BitMEX
2018-01-02,0.2113,BitMEX
2018-01-03,0.9798,BitMEX
2018-01-04,0.3889,BitMEX
2018-01-05,0.5274,BitMEX
2018-01-06,0.2284,BitMEX
2018-01-07,0.7993,BitMEX
2018-01-08,0.5544,BitMEX
2018-01-09,0.1007,BitMEX
2018-01-10,0.0305,BitMEX
2018-01-11,0.1526,BitMEX
2018-01-12,0.0514,BitMEX
2018-01-13,0.4328,BitMEX
2018-01-14,0.1212,BitMEX
2018-01-15,0.0628,BitMEX
2018-01-16,-0.2844,BitMEX
2018-01-17,-0.866,BitMEX
2018-01-18,-0.0612,BitMEX
2018-01-19,-0.2784,BitMEX
2018-01-20,0.0113,BitMEX
2018-01-21,-0.1679,BitMEX
2018-01-22,-0.2699,BitMEX
2018-01-23,-0.6719,BitMEX
2018-01-24,0.0344,BitMEX
2018-01-25,0.03,BitMEX
2018-01-26,-0.016,BitMEX
2018-01-27,0.2783,BitMEX
2018-01-28,0.833,BitMEX
2018-01-29,0.9174,BitMEX
2018-01-30,0.1264,BitMEX
2018-01-31,-0.5915,BitMEX
2018-02-01,-0.3885,BitMEX
2018-02-02,0.1553,BitMEX
2018-02-03,-0.3075,BitMEX
2018-02-04,-0.1315,BitMEX
2018-02-05,-0.6549,BitMEX
2018-02-06,-0.3481,BitMEX
2018-02-07,-0.5889,BitMEX
2018-02-08,-0.3558,BitMEX
2018-02-09,-0.3925,BitMEX
2018-02-10,-0.1123,BitMEX
2018-02-11,-0.465,BitMEX
2018-02-12,0.1134,BitMEX
2018-02-13,-0.0383,BitMEX
2018-02-14,-0.0137,BitMEX
2018-02-15,-0.0126,BitMEX
2018-02-16,-0.1631,BitMEX
2018-02-17,0.0116,BitMEX
2018-02-18,0.0025,BitMEX
2018-02-19,0.0054,BitMEX
2018-02-20,0.1978,BitMEX
2018-02-21,-0.1176,BitMEX
2018-02-22,-0.0029,BitMEX
2018-02-23,0.0114,BitMEX
2018-02-24,-0.2843,BitMEX
2018-02-25,-0.3255,BitMEX
2018-02-26,-0.1997,BitMEX
2018-02-27,0.0597,BitMEX
2018-02-28,0.2231,BitMEX
2018-03-01,0.03,BitMEX
2018-03-02,0.3913,BitMEX
2018-03-03,0.2505,BitMEX
2018-03-04,0.1955,BitMEX
2018-03-05,0.3721,BitMEX
2018-03-06,0.1728,BitMEX
2018-03-07,0.1477,BitMEX
2018-03-08,-0.3675,BitMEX
2018-03-09,-0.2709,BitMEX
2018-03-10,-0.5147,BitMEX
2018-03-11,-0.752,BitMEX
2018-03-12,0.0315,BitMEX
2018-03-13,-0.2248,BitMEX
2018-03-14,-0.0984,BitMEX
2018-03-15,-0.408,BitMEX
2018-03-16,-0.3995,BitMEX
2018-03-17,-0.1878,BitMEX
2018-03-18,-0.1964,BitMEX
2018-03-19,-0.0308,BitMEX
2018-03-20,-0.0083,BitMEX
2018-03-21,-0.0157,BitMEX
2018-03-22,0.034,BitMEX
2018-03-23,0.0343,BitMEX
2018-03-24,0.03,BitMEX
2018-03-25,-0.0168,BitMEX
2018-03-26,-0.0241,BitMEX
2018-03-27,-0.172,BitMEX
2018-03-28,-0.1327,BitMEX
2018-03-29,0.03,BitMEX
2018-03-30,-0.73,BitMEX
2018-03-31,-0.4235,BitMEX
2018-04-01,-0.4816,BitMEX
2018-04-02,-0.0473,BitMEX
2018-04-03,-0.0369,BitMEX
2018-04-04,0.0463,BitMEX
2018-04-05,-0.2905,BitMEX
2018-04-06,-0.2283,BitMEX
2018-04-07,-0.1953,BitMEX
2018-04-08,0.0236,BitMEX
2018-04-09,-0.0128,BitMEX
2018-04-10,-0.4355,BitMEX
2018-04-11,-0.3376,BitMEX
2018-04-12,-0.0588,BitMEX
2018-04-13,0.0595,BitMEX
2018-04-14,-0.039,BitMEX
2018-04-15,-0.0291,BitMEX
2018-04-16,0.03,BitMEX
2018-04-17,0.0302,BitMEX
2018-04-18,0.03,BitMEX
2018-04-19,-0.0058,BitMEX
2018-04-20,-0.0841,BitMEX
2018-04-21,0.1023,BitMEX
2018-04-22,0.03,BitMEX
2018-04-23,0.03,BitMEX
2018-04-24,0.0272,BitMEX
2018-04-25,0.4961,BitMEX
2018-04-26,0.3024,BitMEX
2018-04-27,0.1212,BitMEX
2018-04-28,0.091,BitMEX
2018-04-29,0.3832,BitMEX
2018-04-30,0.1095,BitMEX
2018-05-01,0.1759,BitMEX
2018-05-02,0.03,BitMEX
2018-05-03,0.2493,BitMEX
2018-05-04,0.828,BitMEX
2018-05-05,0.4553,BitMEX
2018-05-06,0.8523,BitMEX
2018-05-07,0.4529,BitMEX
2018-05-08,0.0633,BitMEX
2018-05-09,0.2433,BitMEX
2018-05-10,0.0938,BitMEX
2018-05-11,0.0614,BitMEX
2018-05-12,0.03,BitMEX
2018-05-13,-0.0236,BitMEX
2018-05-14,-0.039,BitMEX
2018-05-15,0.03,BitMEX
2018-05-16,-0.0727,BitMEX
2018-05-17,0.03,BitMEX
2018-05-18,0.0564,BitMEX
2018-05-19,0.0213,BitMEX
2018-05-20,0.03,BitMEX
2018-05-21,0.0326,BitMEX
2018-05-22,0.1121,BitMEX
2018-05-23,0.1013,BitMEX
2018-05-24,-0.0389,BitMEX
2018-05-25,-0.0766,BitMEX
2018-05-26,0.03,BitMEX
2018-05-27,-0.0617,BitMEX
2018-05-28,-0.0493,BitMEX
2018-05-29,0.0733,BitMEX
2018-05-30,0.0362,BitMEX
2018-05-31,0.0231,BitMEX
2018-06-01,0.03,BitMEX
2018-06-02,0.03,BitMEX
2018-06-03,-0.0351,BitMEX
2018-06-04,-0.0067,BitMEX
2018-06-05,0.03,BitMEX
2018-06-06,0.0813,BitMEX
2018-06-07,0.0571,BitMEX
2018-06-08,0.051,BitMEX
2018-06-09,0.0767,BitMEX
2018-06-10,0.0993,BitMEX
2018-06-11,-0.3385,BitMEX
2018-06-12,-0.126,BitMEX
2018-06-13,0.0181,BitMEX
2018-06-14,-0.1226,BitMEX
2018-06-15,-0.1816,BitMEX
2018-06-16,-0.1951,BitMEX
2018-06-17,-0.2608,BitMEX
2018-06-18,-0.0232,BitMEX
2018-06-19,-0.0179,BitMEX
2018-06-20,-0.1434,BitMEX
2018-06-21,-0.1043,BitMEX
2018-06-22,-0.0123,BitMEX
2018-06-23,-0.5935,BitMEX
2018-06-24,-0.3359,BitMEX
2018-06-25,0.022,BitMEX
2018-06-26,-0.0145,BitMEX
2018-06-27,0.03,BitMEX
2018-06-28,0.0267,BitMEX
2018-06-29,-0.0094,BitMEX
2018-06-30,0.03,BitMEX
2018-07-01,0.03,BitMEX
2018-07-02,0.0317,BitMEX
2018-07-03,-0.0067,BitMEX
2018-07-04,0.0275,BitMEX
2018-07-05,0.03,BitMEX
2018-07-06,0.03,BitMEX
2018-07-07,0.03,BitMEX
2018-07-08,0.03,BitMEX
2018-07-09,0.0108,BitMEX
2018-07-10,0.03,BitMEX
2018-07-11,0.03,BitMEX
2018-07-12,-0.0124,BitMEX
2018-07-13,-0.0135,BitMEX
2018-07-14,0.006,BitMEX
2018-07-15,-0.0903,BitMEX
2018-07-16,-0.1086,BitMEX
2018-07-17,0.0176,BitMEX
2018-07-18,0.0422,BitMEX
2018-07-19,0.03,BitMEX
2018-07-20,0.03,BitMEX
2018-07-21,0.03,BitMEX
2018-07-22,0.03,BitMEX
2018-07-23,0.03,BitMEX
2018-07-24,0.0033,BitMEX
2018-07-25,0.0703,BitMEX
2018-07-26,0.1889,BitMEX
2018-07-27,0.1858,BitMEX
2018-07-28,0.1811,BitMEX
2018-07-29,0.2045,BitMEX
2018-07-30,0.233,BitMEX
2018-07-31,0.265,BitMEX
2018-08-01,0.03,BitMEX
2018-08-02,0.03,BitMEX
2018-08-03,0.03,BitMEX
2018-08-04,0.03,BitMEX
2018-08-05,-0.0751,BitMEX
2018-08-06,-0.0452,BitMEX
2018-08-07,0.03,BitMEX
2018-08-08,-0.1408,BitMEX
2018-08-09,-0.3101,BitMEX
2018-08-10,-0.1334,BitMEX
2018-08-11,-0.1727,BitMEX
2018-08-12,0.0109,BitMEX
2018-08-13,-0.0068,BitMEX
2018-08-14,-0.2444,BitMEX
2018-08-15,-0.1392,BitMEX
2018-08-16,-0.1147,BitMEX
2018-08-17,-0.1012,BitMEX
2018-08-18,-0.1441,BitMEX
2018-08-19,-0.2005,BitMEX
2018-08-20,-0.0388,BitMEX
2018-08-21,-0.1122,BitMEX
2018-08-22,0.0001,BitMEX
2018-08-23,-0.1105,BitMEX
2018-08-24,-0.076,BitMEX
2018-08-25,-0.0415,BitMEX
2018-08-26,0.013,BitMEX
2018-08-27,-0.0443,BitMEX
2018-08-28,0.03,BitMEX
2018-08-29,0.03,BitMEX
2018-08-30,0.0316,BitMEX
2018-08-31,0.03,BitMEX
2018-09-01,0.0322,BitMEX
2018-09-02,0.0513,BitMEX
2018-09-03,0.03,BitMEX
2018-09-04,0.03,BitMEX
2018-09-05,0.03,BitMEX
2018-09-06,-0.0977,BitMEX
2018-09-07,-0.115,BitMEX
2018-09-08,-0.0492,BitMEX
2018-09-09,-0.0879,BitMEX
2018-09-10,-0.1781,BitMEX
2018-09-11,-0.0687,BitMEX
2018-09-12,-0.0267,BitMEX
2018-09-13,-0.0974,BitMEX
2018-09-14,-0.1686,BitMEX
2018-09-15,-0.1463,BitMEX
2018-09-16,-0.0592,BitMEX
2018-09-17,-0.0139,BitMEX
2018-09-18,-0.0291,BitMEX
2018-09-19,-0.0048,BitMEX
2018-09-20,-0.0159,BitMEX
2018-09-21,-0.0822,BitMEX
2018-09-22,0.022,BitMEX
2018-09-23,0.03,BitMEX
2018-09-24,0.0311,BitMEX
2018-09-25,0.03,BitMEX
2018-09-26,-0.0046,BitMEX
2018-09-27,0.0119,BitMEX
2018-09-28,0.03,BitMEX
2018-09-29,0.03,BitMEX
2018-09-30,0.0359,BitMEX
2018-10-01,0.0527,BitMEX
2018-10-02,0.03,BitMEX
2018-10-03,0.03,BitMEX
2018-10-04,0.0502,BitMEX
2018-10-05,0.0633,BitMEX
2018-10-06,0.0744,BitMEX
2018-10-07,0.03,BitMEX
2018-10-08,0.0513,BitMEX
2018-10-09,0.0677,BitMEX
2018-10-10,0.1029,BitMEX
2018-10-11,0.03,BitMEX
2018-10-12,0.03,BitMEX
2018-10-13,-0.0541,BitMEX
2018-10-14,-0.0312,BitMEX
2018-10-15,-0.0294,BitMEX
2018-10-16,0.0179,BitMEX
2018-10-17,0.0151,BitMEX
2018-10-18,0.03,BitMEX
2018-10-19,0.03,BitMEX
2018-10-20,0.03,BitMEX
2018-10-21,0.03,BitMEX
2018-10-22,0.03,BitMEX
2018-10-23,0.03,BitMEX
2018-10-24,0.03,BitMEX
2018-10-25,0.03,BitMEX
2018-10-26,0.03,BitMEX
2018-10-27,0.0388,BitMEX
2018-10-28,0.03,BitMEX
2018-10-29,0.0962,BitMEX
2018-10-30,0.0919,BitMEX
2018-10-31,0.069,BitMEX
2018-11-01,0.03,BitMEX
2018-11-02,0.03,BitMEX
2018-11-03,0.03,BitMEX
2018-11-04,0.03,BitMEX
2018-11-05,0.0863,BitMEX
2018-11-06,0.1095,BitMEX
2018-11-07,0.0442,BitMEX
2018-11-08,0.182,BitMEX
2018-11-09,0.1799,BitMEX
2018-11-10,0.0837,BitMEX
2018-11-11,0.03,BitMEX
2018-11-12,0.03,BitMEX
2018-11-13,0.1816,BitMEX
2018-11-14,0.0798,BitMEX
2018-11-15,-0.5316,BitMEX
2018-11-16,-0.221,BitMEX
2018-11-17,-0.0065,BitMEX
2018-11-18,0.0032,BitMEX
2018-11-19,-0.0169,BitMEX
2018-11-20,-0.104,BitMEX
2018-11-21,-0.1953,BitMEX
2018-11-22,-0.1673,BitMEX
2018-11-23,-0.1613,BitMEX
2018-11-24,0.0279,BitMEX
2018-11-25,-0.3891,BitMEX
2018-11-26,-0.1571,BitMEX
2018-11-27,-0.4498,BitMEX
2018-11-28,-0.2707,BitMEX
2018-11-29,-0.4464,BitMEX
2018-11-30,-0.2653,BitMEX
2018-12-01,-0.3319,BitMEX
2018-12-02,-0.0614,BitMEX
2018-12-03,-0.2438,BitMEX
2018-12-04,-0.2626,BitMEX
2018-12-05,-0.0538,BitMEX
2018-12-06,-0.1009,BitMEX
2018-12-07,-0.3116,BitMEX
2018-12-08,-0.3691,BitMEX
2018-12-09,-0.0406,BitMEX
2018-12-10,-0.1163,BitMEX
2018-12-11,-0.005,BitMEX
2018-12-12,-0.1222,BitMEX
2018-12-13,-0.0088,BitMEX
2018-12-14,-0.1645,BitMEX
2018-12-15,-0.0709,BitMEX
2018-12-16,-0.0182,BitMEX
2018-12-17,-0.0853,BitMEX
2018-12-18,-0.0743,BitMEX
2018-12-19,-0.2557,BitMEX
2018-12-20,-0.2721,BitMEX
2018-12-21,-0.1498,BitMEX
2018-12-22,-0.0293,BitMEX
2018-12-23,-0.0596,BitMEX
2018-12-24,-0.0492,BitMEX
2018-12-25,-0.0658,BitMEX
2018-12-26,-0.0262,BitMEX
2018-12-27,0.03,BitMEX
2018-12-28,-0.1704,BitMEX
2018-12-29,-0.0253,BitMEX
2018-12-30,-0.1298,BitMEX
2018-12-31,0.017,BitMEX
2019-01-01,0.03,BitMEX
2019-01-02,0.0144,BitMEX
2019-01-03,-0.0966,BitMEX
2019-01-04,0.0023,BitMEX
2019-01-05,-0.0276,BitMEX
2019-01-06,-0.0956,BitMEX
2019-01-07,0.0244,BitMEX
2019-01-08,0.0112,BitMEX
2019-01-09,-0.0359,BitMEX
2019-01-10,-0.0403,BitMEX
2019-01-11,-0.3201,BitMEX
2019-01-12,-0.2487,BitMEX
2019-01-13,-0.0876,BitMEX
2019-01-14,-0.0052,BitMEX
2019-01-15,-0.0407,BitMEX
2019-01-16,-0.0511,BitMEX
2019-01-17,-0.0333,BitMEX
2019-01-18,-0.0487,BitMEX
2019-01-19,-0.0352,BitMEX
2019-01-20,0.03,BitMEX
2019-01-21,-0.1827,BitMEX
2019-01-22,-0.0695,BitMEX
2019-01-23,-0.0659,BitMEX
2019-01-24,-0.059,BitMEX
2019-01-25,-0.0248,BitMEX
2019-01-26,-0.0748,BitMEX
2019-01-27,-0.0505,BitMEX
2019-01-28,0.003,BitMEX
2019-01-29,0.03,BitMEX
2019-01-30,0.0064,BitMEX
2019-01-31,-0.0364,BitMEX
2019-02-01,0.03,BitMEX
2019-02-02,0.03,BitMEX
2019-02-03,-0.0272,BitMEX
2019-02-04,-0.0023,BitMEX
2019-02-05,-0.0239,BitMEX
2019-02-06,-0.0101,BitMEX
2019-02-07,0.0245,BitMEX
2019-02-08,0.0285,BitMEX
2019-02-09,0.03,BitMEX
2019-02-10,0.03,BitMEX
2019-02-11,0.03,BitMEX
2019-02-12,0.03,BitMEX
2019-02-13,0.03,BitMEX
2019-02-14,0.0317,BitMEX
2019-02-15,0.03,BitMEX
2019-02-16,0.03,BitMEX
2019-02-17,0.0291,BitMEX
2019-02-18,-0.0758,BitMEX
2019-02-19,0.03,BitMEX
2019-02-20,0.03,BitMEX
2019-02-21,-0.0013,BitMEX
2019-02-22,0.0265,BitMEX
2019-02-23,0.0117,BitMEX
2019-02-24,0.0208,BitMEX
2019-02-25,-0.0407,BitMEX
2019-02-26,-0.0796,BitMEX
2019-02-27,-0.0318,BitMEX
2019-02-28,-0.0623,BitMEX
2019-03-01,-0.0469,BitMEX
2019-03-02,-0.1003,BitMEX
2019-03-03,-0.0593,BitMEX
2019-03-04,0.0039,BitMEX
2019-03-05,-0.0033,BitMEX
2019-03-06,0.03,BitMEX
2019-03-07,0.0004,BitMEX
2019-03-08,-0.0434,BitMEX
2019-03-09,-0.1039,BitMEX
2019-03-10,-0.1186,BitMEX
2019-03-11,-0.0332,BitMEX
2019-03-12,-0.0227,BitMEX
2019-03-13,-0.1172,BitMEX
2019-03-14,-0.0494,BitMEX
2019-03-15,-0.0667,BitMEX
2019-03-16,-0.1015,BitMEX
2019-03-17,-0.0079,BitMEX
2019-03-18,-0.0297,BitMEX
2019-03-19,0.008,BitMEX
2019-03-20,-0.0417,BitMEX
2019-03-21,-0.1866,BitMEX
2019-03-22,-0.1251,BitMEX
2019-03-23,-0.0594,BitMEX
2019-03-24,-0.0587,BitMEX
2019-03-25,-0.1054,BitMEX
2019-03-26,-0.1594,BitMEX
2019-03-27,-0.1166,BitMEX
2019-03-28,0.0229,BitMEX
2019-03-29,-0.0472,BitMEX
2019-03-30,-0.1033,BitMEX
2019-03-31,-0.113,BitMEX
2019-04-01,-0.1281,BitMEX
2019-04-02,-0.0979,BitMEX
2019-04-03,0.032,BitMEX
2019-04-04,0.0215,BitMEX
2019-04-05,0.0531,BitMEX
2019-04-06,0.03,BitMEX
2019-04-07,0.03,BitMEX
2019-04-08,0.03,BitMEX
2019-04-09,0.0064,BitMEX
2019-04-10,0.03,BitMEX
2019-04-11,-0.0063,BitMEX
2019-04-12,0.03,BitMEX
2019-04-13,-0.0181,BitMEX
2019-04-14,0.0075,BitMEX
2019-04-15,0.0273,BitMEX
2019-04-16,-0.0231,BitMEX
2019-04-17,0.03,BitMEX
2019-04-18,0.03,BitMEX
2019-04-19,0.0098,BitMEX
2019-04-20,0.0133,BitMEX
2019-04-21,0.0124,BitMEX
2019-04-22,0.0244,BitMEX
2019-04-23,-0.0583,BitMEX
2019-04-24,-0.1186,BitMEX
2019-04-25,-0.0679,BitMEX
2019-04-26,-0.1288,BitMEX
2019-04-27,-0.1501,BitMEX
2019-04-28,-0.1718,BitMEX
2019-04-29,-0.1702,BitMEX
2019-04-30,-0.1614,BitMEX
2019-05-01,-0.1684,BitMEX
2019-05-02,-0.1273,BitMEX
2019-05-03,-0.1506,BitMEX
2019-05-04,-0.0208,BitMEX
2019-05-05,-0.1082,BitMEX
2019-05-06,-0.0829,BitMEX
2019-05-07,-0.0548,BitMEX
2019-05-08,-0.173,BitMEX
2019-05-09,-0.2258,BitMEX
2019-05-10,-0.3583,BitMEX
2019-05-11,-0.1722,BitMEX
2019-05-12,0.03,BitMEX
2019-05-13,0.03,BitMEX
2019-05-14,0.061,BitMEX
2019-05-15,0.0547,BitMEX
2019-05-16,0.0999,BitMEX
2019-05-17,0.107,BitMEX
2019-05-18,-0.0158,BitMEX
2019-05-19,0.0026,BitMEX
2019-05-20,0.0781,BitMEX
2019-05-21,0.0579,BitMEX
2019-05-22,0.0882,BitMEX
2019-05-23,0.03,BitMEX
2019-05-24,0.0359,BitMEX
2019-05-25,0.1788,BitMEX
2019-05-26,0.151,BitMEX
2019-05-27,0.5322,BitMEX
2019-05-28,0.4235,BitMEX
2019-05-29,0.2703,BitMEX
2019-05-30,0.2466,BitMEX
2019-05-31,0.0539,BitMEX
2019-06-01,0.0357,BitMEX
2019-06-02,0.1073,BitMEX
2019-06-03,0.0714,BitMEX
2019-06-04,0.0182,BitMEX
2019-06-05,0.0126,BitMEX
2019-06-06,-0.0278,BitMEX
2019-06-07,0.0075,BitMEX
2019-06-08,-0.0242,BitMEX
2019-06-09,0.0022,BitMEX
2019-06-10,-0.1061,BitMEX
2019-06-11,0.03,BitMEX
2019-06-12,0.0201,BitMEX
2019-06-13,0.03,BitMEX
2019-06-14,0.03,BitMEX
2019-06-15,0.0195,BitMEX
2019-06-16,0.3035,BitMEX
2019-06-17,0.1581,BitMEX
2019-06-18,0.1835,BitMEX
2019-06-19,0.1996,BitMEX
2019-06-20,0.1554,BitMEX
2019-06-21,0.1305,BitMEX
2019-06-22,0.4247,BitMEX
2019-06-23,0.7933,BitMEX
2019-06-24,0.3823,BitMEX
2019-06-25,0.2698,BitMEX
2019-06-26,0.1819,BitMEX
2019-06-27,0.4889,BitMEX
2019-06-28,0.4568,BitMEX
2019-06-29,0.1036,BitMEX
2019-06-30,0.1835,BitMEX
2019-07-01,0.1655,BitMEX
2019-07-02,0.0836,BitMEX
2019-07-03,0.0469,BitMEX
2019-07-04,0.03,BitMEX
2019-07-05,0.0182,BitMEX
2019-07-06,0.03,BitMEX
2019-07-07,0.0466,BitMEX
2019-07-08,0.1356,BitMEX
2019-07-09,0.2303,BitMEX
2019-07-10,0.2869,BitMEX
2019-07-11,0.0688,BitMEX
2019-07-12,0.03,BitMEX
2019-07-13,0.03,BitMEX
2019-07-14,-0.0066,BitMEX
2019-07-15,-0.0329,BitMEX
2019-07-16,-0.0119,BitMEX
2019-07-17,-0.0599,BitMEX
2019-07-18,-0.0156,BitMEX
2019-07-19,0.03,BitMEX
2019-07-20,0.03,BitMEX
2019-07-21,0.0081,BitMEX
2019-07-22,-0.0017,BitMEX
2019-07-23,0.03,BitMEX
2019-07-24,-0.0029,BitMEX
2019-07-25,0.0104,BitMEX
2019-07-26,0.019,BitMEX
2019-07-27,0.03,BitMEX
2019-07-28,-0.0568,BitMEX
2019-07-29,0.0281,BitMEX
2019-07-30,0.03,BitMEX
2019-07-31,0.03,BitMEX
2019-08-01,0.03,BitMEX
2019-08-02,0.03,BitMEX
2019-08-03,0.03,BitMEX
2019-08-04,0.03,BitMEX
2019-08-05,0.0783,BitMEX
2019-08-06,0.2698,BitMEX
2019-08-07,0.1766,BitMEX
2019-08-08,0.2476,BitMEX
2019-08-09,0.2582,BitMEX
2019-08-10,0.1676,BitMEX
2019-08-11,0.03,BitMEX
2019-08-12,0.0322,BitMEX
2019-08-13,0.0674,BitMEX
2019-08-14,0.0438,BitMEX
2019-08-15,0.0115,BitMEX
2019-08-16,-0.0168,BitMEX
2019-08-17,0.0102,BitMEX
2019-08-18,0.0008,BitMEX
2019-08-19,0.03,BitMEX
2019-08-20,0.03,BitMEX
2019-08-21,0.03,BitMEX
2019-08-22,-0.0028,BitMEX
2019-08-23,0.03,BitMEX
2019-08-24,0.0298,BitMEX
2019-08-25,-0.018,BitMEX
2019-08-26,0.0357,BitMEX
2019-08-27,0.0436,BitMEX
2019-08-28,0.03,BitMEX
2019-08-29,-0.0253,BitMEX
2019-08-30,-0.0469,BitMEX
2019-08-31,-0.0114,BitMEX
2019-09-01,0.03,BitMEX
2019-09-02,0.0129,BitMEX
2019-09-03,0.0694,BitMEX
2019-09-04,0.0542,BitMEX
2019-09-05,0.0406,BitMEX
2019-09-06,0.0729,BitMEX
2019-09-07,0.0342,BitMEX
2019-09-08,0.0325,BitMEX
2019-09-09,0.0706,BitMEX
2019-09-10,0.044,BitMEX
2019-09-11,0.03,BitMEX
2019-09-12,0.037,BitMEX
2019-09-13,0.0417,BitMEX
2019-09-14,0.0615,BitMEX
2019-09-15,0.0501,BitMEX
2019-09-16,0.0737,BitMEX
2019-09-17,0.0551,BitMEX
2019-09-18,0.0589,BitMEX
2019-09-19,0.0353,BitMEX
2019-09-20,0.0688,BitMEX
2019-09-21,0.03,BitMEX
2019-09-22,0.03,BitMEX
2019-09-23,0.03,BitMEX
2019-09-24,0.03,BitMEX
2019-09-25,-0.0886,BitMEX
2019-09-26,0.03,BitMEX
2019-09-27,0.03,BitMEX
2019-09-28,-0.0131,BitMEX
2019-09-29,0.0096,BitMEX
2019-09-30,-0.0267,BitMEX
2019-12-31,-0.012359,Binance
2020-01-01,-0.022047,Binance
2020-01-02,0.012102,Binance
2020-01-03,0.018447,Binance
2020-01-04,0.017471,Binance
2020-01-05,0.03,Binance
2020-01-06,0.03,Binance
2020-01-07,0.032514,Binance
2020-01-08,0.03,Binance
2020-01-09,0.03,Binance
2020-01-10,0.03,Binance
2020-01-11,0.037846,Binance
2020-01-12,0.02,Binance
2020-01-13,0.04,Binance
2020-01-14,0.085292,Binance
2020-01-15,0.039497,Binance
2020-01-16,0.082657,Binance
2020-01-17,0.071776,Binance
2020-01-18,0.091304,Binance
2020-01-19,0.161498,Binance
2020-01-20,0.032839,Binance
2020-01-21,0.041165,Binance
2020-01-22,0.041392,Binance
2020-01-23,0.117023,Binance
2020-01-24,0.070072,Binance
2020-01-25,0.03,Binance
2020-01-26,0.03,Binance
2020-01-27,0.03,Binance
2020-01-28,0.123083,Binance
2020-01-29,0.247811,Binance
2020-01-30,0.11328,Binance
2020-01-31,0.192003,Binance
2020-02-01,0.142982,Binance
2020-02-02,0.161117,Binance
2020-02-03,0.145144,Binance
2020-02-04,0.092642,Binance
2020-02-05,0.236652,Binance
2020-02-06,0.169585,Binance
2020-02-07,0.094257,Binance
2020-02-08,0.204971,Binance
2020-02-09,0.302206,Binance
2020-02-10,0.266929,Binance
2020-02-11,0.414917,Binance
2020-02-12,0.211939,Binance
2020-02-13,0.31169,Binance
2020-02-14,0.189518,Binance
2020-02-15,0.235431,Binance
2020-02-16,0.140999,Binance
2020-02-17,0.179003,Binance
2020-02-18,0.09001,Binance
2020-02-19,0.079244,Binance
2020-02-20,0.04,Binance
2020-02-21,0.03,Binance
2020-02-22,0.051906,Binance
2020-02-23,0.104318,Binance
2020-02-24,0.073361,Binance
2020-02-25,0.142871,Binance
2020-02-26,0.08929,Binance
2020-02-27,0.047363,Binance
2020-02-28,0.096799,Binance
2020-02-29,0.171828,Binance
2020-03-01,0.077686,Binance
2020-03-02,0.03,Binance
2020-03-03,0.02,Binance
2020-03-04,0.054328,Binance
2020-03-05,0.043002,Binance
2020-03-06,0.117314,Binance
2020-03-07,0.0648,Binance
2020-03-08,0.157353,Binance
2020-03-09,0.03,Binance
2020-03-10,0.02,Binance
2020-03-11,0.042898,Binance
2020-03-12,-0.01065,Binance
2020-03-13,-0.441799,Binance
2020-03-14,-0.103164,Binance
2020-03-15,-0.13128,Binance
2020-03-16,-0.151061,Binance
2020-03-17,-0.02896,Binance
2020-03-18,-0.083944,Binance
2020-03-19,-0.064562,Binance
2020-03-20,0.017156,Binance
2020-03-21,-0.015314,Binance
2020-03-22,-0.006572,Binance
2020-03-23,0.003705,Binance
2020-03-24,0.03,Binance
2020-03-25,0.019771,Binance
2020-03-26,0.016202,Binance
2020-03-27,-0.005217,Binance
2020-03-28,-0.086195,Binance
2020-03-29,-0.119043,Binance
2020-03-30,-0.046182,Binance
2020-03-31,-0.031473,Binance
2020-04-01,-0.11223,Binance
2020-04-02,0.021744,Binance
2020-04-03,0.016263,Binance
2020-04-04,-0.002115,Binance
2020-04-05,0.005926,Binance
2020-04-06,-0.0207,Binance
2020-04-07,-0.004547,Binance
2020-04-08,0.026677,Binance
2020-04-09,-0.018859,Binance
2020-04-10,0.024997,Binance
2020-04-11,0.03,Binance
2020-04-12,0.018453,Binance
2020-04-13,-0.016443,Binance
2020-04-14,-0.027377,Binance
2020-04-15,-0.008722,Binance
2020-04-16,-0.033711,Binance
2020-04-17,-0.006558,Binance
2020-04-18,-0.055929,Binance
2020-04-19,0.001238,Binance
2020-04-20,-0.016816,Binance
2020-04-21,0.002461,Binance
2020-04-22,-0.067649,Binance
2020-04-23,0.004509,Binance
2020-04-24,0.02,Binance
2020-04-25,0.04,Binance
2020-04-26,0.027493,Binance
2020-04-27,0.03,Binance
2020-04-28,0.03,Binance
2020-04-29,0.033208,Binance
2020-04-30,0.128589,Binance
2020-05-01,0.041413,Binance
2020-05-02,0.030144,Binance
2020-05-03,0.046897,Binance
2020-05-04,0.03,Binance
2020-05-05,0.02,Binance
2020-05-06,0.065981,Binance
2020-05-07,0.036094,Binance
2020-05-08,0.129243,Binance
2020-05-09,0.17616,Binance
2020-05-10,0.03,Binance
2020-05-11,0.03,Binance
2020-05-12,0.03,Binance
2020-05-13,0.03,Binance
2020-05-14,0.03,Binance
2020-05-15,0.0144,Binance
2020-05-16,0.03,Binance
2020-05-17,0.023014,Binance
2020-05-18,0.00336,Binance
2020-05-19,0.037892,Binance
2020-05-20,0.010973,Binance
2020-05-21,0.016809,Binance
2020-05-22,-0.000679,Binance
2020-05-23,0.00385,Binance
2020-05-24,0.031425,Binance
2020-05-25,-0.008547,Binance
2020-05-26,0.016703,Binance
2020-05-27,-0.015391,Binance
2020-05-28,-0.005431,Binance
2020-05-29,0.011273,Binance
2020-05-30,0.03,Binance
2020-05-31,0.03,Binance
2020-06-01,0.032507,Binance
2020-06-02,0.09831,Binance
2020-06-03,0.018646,Binance
2020-06-04,0.03,Binance
2020-06-05,0.04,Binance
2020-06-06,0.03,Binance
2020-06-07,0.02,Binance
2020-06-08,0.04,Binance
2020-06-09,0.03,Binance
2020-06-10,0.02,Binance
2020-06-11,0.03,Binance
2020-06-12,0.013956,Binance
2020-06-13,0.017217,Binance
2020-06-14,0.037102,Binance
2020-06-15,-0.022362,Binance
2020-06-16,0.012549,Binance
2020-06-17,-0.00081,Binance
2020-06-18,-0.01397,Binance
2020-06-19,0.021783,Binance
2020-06-20,0.008129,Binance
2020-06-21,0.01871,Binance
2020-06-22,0.026784,Binance
2020-06-23,0.022215,Binance
2020-06-24,0.041286,Binance
2020-06-25,0.029401,Binance
2020-06-26,0.02,Binance
2020-06-27,0.03,Binance
2020-06-28,0.034867,Binance
2020-06-29,0.03,Binance
2020-06-30,0.02,Binance
2020-07-01,0.03,Binance
2020-07-02,0.04,Binance
2020-07-03,0.02,Binance
2020-07-04,0.04,Binance
2020-07-05,0.03,Binance
2020-07-06,0.03,Binance
2020-07-07,0.03,Binance
2020-07-08,0.02,Binance
2020-07-09,0.04,Binance
2020-07-10,0.03,Binance
2020-07-11,0.03,Binance
2020-07-12,0.03,Binance
2020-07-13,0.02,Binance
2020-07-14,0.04,Binance
2020-07-15,0.03,Binance
2020-07-16,0.02,Binance
2020-07-17,0.03,Binance
2020-07-18,0.04,Binance
2020-07-19,0.03,Binance
2020-07-20,0.03,Binance
2020-07-21,0.03,Binance
2020-07-22,0.02,Binance
2020-07-23,0.04,Binance
2020-07-24,0.03,Binance
2020-07-25,0.03,Binance
2020-07-26,0.122575,Binance
2020-07-27,0.278365,Binance
2020-07-28,0.303249,Binance
2020-07-29,0.191823,Binance
2020-07-30,0.224157,Binance
2020-07-31,0.077064,Binance
2020-08-01,0.203258,Binance
2020-08-02,0.093032,Binance
2020-08-03,0.08966,Binance
2020-08-04,0.114275,Binance
2020-08-05,0.077524,Binance
2020-08-06,0.074795,Binance
2020-08-07,0.086842,Binance
2020-08-08,0.03,Binance
2020-08-09,0.03564,Binance
2020-08-10,0.172116,Binance
2020-08-11,0.105924,Binance
2020-08-12,0.02,Binance
2020-08-13,0.047598,Binance
2020-08-14,0.081471,Binance
2020-08-15,0.074194,Binance
2020-08-16,0.106643,Binance
2020-08-17,0.125566,Binance
2020-08-18,0.37556,Binance
2020-08-19,0.078975,Binance
2020-08-20,0.06406,Binance
2020-08-21,0.03,Binance
2020-08-22,0.03,Binance
2020-08-23,0.02,Binance
2020-08-24,0.04,Binance
2020-08-25,0.075896,Binance
2020-08-26,0.033038,Binance
2020-08-27,0.03,Binance
2020-08-28,0.02,Binance
2020-08-29,0.04,Binance
2020-08-30,0.03,Binance
2020-08-31,0.035461,Binance
2020-09-01,0.102716,Binance
2020-09-02,0.080112,Binance
2020-09-03,0.062931,Binance
2020-09-04,0.04,Binance
2020-09-05,0.02,Binance
2020-09-06,0.03,Binance
2020-09-07,0.03,Binance
2020-09-08,0.04,Binance
2020-09-09,0.03,Binance
2020-09-10,0.03,Binance
2020-09-11,0.02,Binance
2020-09-12,0.04,Binance
2020-09-13,0.02,Binance
2020-09-14,-0.001402,Binance
2020-09-15,-0.007952,Binance
2020-09-16,-0.015867,Binance
2020-09-17,0.002492,Binance
2020-09-18,0.008421,Binance
2020-09-19,-0.016729,Binance
2020-09-20,-0.031805,Binance
2020-09-21,-0.002071,Binance
2020-09-22,0.03,Binance
2020-09-23,2.8e-05,Binance
2020-09-24,0.008173,Binance
2020-09-25,-0.000677,Binance
2020-09-26,0.03,Binance
2020-09-27,0.02,Binance
2020-09-28,0.04,Binance
2020-09-29,0.02,Binance
2020-09-30,0.037412,Binance
2020-10-01,0.02,Binance
2020-10-02,0.018085,Binance
2020-10-03,0.017605,Binance
2020-10-04,0.000902,Binance
2020-10-05,-0.016181,Binance
2020-10-06,-0.000865,Binance
2020-10-07,0.003388,Binance
2020-10-08,0.012104,Binance
2020-10-09,0.026128,Binance
2020-10-10,0.03,Binance
2020-10-11,0.03,Binance
2020-10-12,0.03,Binance
2020-10-13,0.03,Binance
2020-10-14,0.04,Binance
2020-10-15,0.02,Binance
2020-10-16,0.03,Binance
2020-10-17,0.03,Binance
2020-10-18,0.04,Binance
2020-10-19,0.02,Binance
2020-10-20,0.023742,Binance
2020-10-21,0.029778,Binance
2020-10-22,0.02,Binance
2020-10-23,0.04,Binance
2020-10-24,0.02,Binance
2020-10-25,0.03,Binance
2020-10-26,0.039274,Binance
2020-10-27,0.019852,Binance
2020-10-28,-0.006006,Binance
2020-10-29,-0.026509,Binance
2020-10-30,-0.014382,Binance
2020-10-31,-0.038741,Binance
2020-11-01,-0.001258,Binance
2020-11-02,-0.011622,Binance
2020-11-03,-0.016864,Binance
2020-11-04,-0.026439,Binance
2020-11-05,0.04,Binance
2020-11-06,0.057605,Binance
2020-11-07,0.108752,Binance
2020-11-08,0.02,Binance
2020-11-09,0.03,Binance
2020-11-10,0.04,Binance
2020-11-11,0.02,Binance
2020-11-12,0.04,Binance
2020-11-13,0.02,Binance
2020-11-14,0.024277,Binance
2020-11-15,0.04,Binance
2020-11-16,0.02,Binance
2020-11-17,0.03,Binance
2020-11-18,0.100196,Binance
2020-11-19,0.087222,Binance
2020-11-20,0.124914,Binance
2020-11-21,0.069438,Binance
2020-11-22,0.233885,Binance
2020-11-23,0.33655,Binance
2020-11-24,0.141542,Binance
2020-11-25,0.197606,Binance
2020-11-26,0.07734,Binance
2020-11-27,0.030773,Binance
2020-11-28,0.03,Binance
2020-11-29,0.03,Binance
2020-11-30,0.09541,Binance
2020-12-01,0.054833,Binance
2020-12-02,0.03,Binance
2020-12-03,0.045455,Binance
2020-12-04,0.042703,Binance
2020-12-05,0.02,Binance
2020-12-06,0.04,Binance
2020-12-07,0.02,Binance
2020-12-08,0.04,Binance
2020-12-09,0.03,Binance
2020-12-10,0.03,Binance
2020-12-11,0.02,Binance
2020-12-12,0.012179,Binance
2020-12-13,0.04,Binance
2020-12-14,0.02,Binance
2020-12-15,0.03,Binance
2020-12-16,0.076054,Binance
2020-12-17,0.104505,Binance
2020-12-18,0.10858,Binance
2020-12-19,0.108576,Binance
2020-12-20,0.15461,Binance
2020-12-21,0.095785,Binance
2020-12-22,0.051266,Binance
2020-12-23,0.020214,Binance
2020-12-24,0.065744,Binance
2020-12-25,0.044905,Binance
2020-12-26,0.056905,Binance
2020-12-27,0.096632,Binance
2020-12-28,0.150874,Binance
2020-12-29,0.126537,Binance
2020-12-30,0.188695,Binance
2020-12-31,0.150381,Binance
2021-01-01,0.093546,Binance
2021-01-02,0.135622,Binance
2021-01-03,0.557934,Binance
2021-01-04,0.292619,Binance
2021-01-05,0.198408,Binance
2021-01-06,0.486454,Binance
2021-01-07,0.556418,Binance
2021-01-08,0.223936,Binance
2021-01-09,0.422418,Binance
2021-01-10,0.260106,Binance
2021-01-11,0.168523,Binance
2021-01-12,0.1058,Binance
2021-01-13,0.186219,Binance
2021-01-14,0.14113,Binance
2021-01-15,0.248296,Binance
2021-01-16,0.101069,Binance
2021-01-17,0.12876,Binance
2021-01-18,0.214541,Binance
2021-01-19,0.298557,Binance
2021-01-20,0.164705,Binance
2021-01-21,0.074946,Binance
2021-01-22,0.04,Binance
2021-01-23,0.022182,Binance
2021-01-24,0.065756,Binance
2021-01-25,0.104667,Binance
2021-01-26,0.043506,Binance
2021-01-27,0.03,Binance
2021-01-28,0.032262,Binance
2021-01-29,0.2808,Binance
2021-01-30,0.085628,Binance
2021-01-31,0.145295,Binance
2021-02-01,0.155128,Binance
2021-02-02,0.166459,Binance
2021-02-03,0.233389,Binance
2021-02-04,0.165285,Binance
2021-02-05,0.230627,Binance
2021-02-06,0.362526,Binance
2021-02-07,0.230594,Binance
2021-02-08,0.30688,Binance
2021-02-09,0.478857,Binance
2021-02-10,0.488802,Binance
2021-02-11,0.385952,Binance
2021-02-12,0.231163,Binance
2021-02-13,0.357554,Binance
2021-02-14,0.498582,Binance
2021-02-15,0.10875,Binance
2021-02-16,0.364964,Binance
2021-02-17,0.344614,Binance
2021-02-18,0.412394,Binance
2021-02-19,0.46089,Binance
2021-02-20,0.239,Binance
2021-02-21,0.325199,Binance
2021-02-22,0.311642,Binance
2021-02-23,0.042901,Binance
2021-02-24,0.09908,Binance
2021-02-25,0.080006,Binance
2021-02-26,0.02,Binance
2021-02-27,0.084772,Binance
2021-02-28,0.074627,Binance
2021-03-01,0.03,Binance
2021-03-02,0.03,Binance
2021-03-03,0.065078,Binance
2021-03-04,0.03,Binance
2021-03-05,0.03,Binance
2021-03-06,0.02,Binance
2021-03-07,0.047606,Binance
2021-03-08,0.107176,Binance
2021-03-09,0.099014,Binance
2021-03-10,0.225776,Binance
2021-03-11,0.184744,Binance
2021-03-12,0.268182,Binance
2021-03-13,0.117681,Binance
2021-03-14,0.28149,Binance
2021-03-15,0.202996,Binance
2021-03-16,0.099108,Binance
2021-03-17,0.079176,Binance
2021-03-18,0.092071,Binance
2021-03-19,0.127433,Binance
2021-03-20,0.124754,Binance
2021-03-21,0.052375,Binance
2021-03-22,0.170668,Binance
2021-03-23,0.068864,Binance
2021-03-24,0.108271,Binance
2021-03-25,0.02,Binance
2021-03-26,0.036,Binance
2021-03-27,0.04,Binance
2021-03-28,0.02,Binance
2021-03-29,0.038171,Binance
2021-03-30,0.223539,Binance
2021-03-31,0.129303,Binance
2021-04-01,0.327514,Binance
2021-04-02,0.208191,Binance
2021-04-03,0.324513,Binance
2021-04-04,0.11448,Binance
2021-04-05,0.080626,Binance
2021-04-06,0.29631,Binance
2021-04-07,0.107409,Binance
2021-04-08,0.111563,Binance
2021-04-09,0.048086,Binance
2021-04-10,0.281235,Binance
2021-04-11,0.29216,Binance
2021-04-12,0.294494,Binance
2021-04-13,0.29667,Binance
2021-04-14,0.303861,Binance
2021-04-15,0.268741,Binance
2021-04-16,0.345188,Binance
2021-04-17,0.196485,Binance
2021-04-18,0.160072,Binance
2021-04-19,0.02,Binance
2021-04-20,0.03,Binance
2021-04-21,0.04,Binance
2021-04-22,0.02,Binance
2021-04-23,0.067618,Binance
2021-04-24,0.076132,Binance
2021-04-25,0.048558,Binance
2021-04-26,0.04,Binance
2021-04-27,0.03,Binance
2021-04-28,0.02,Binance
2021-04-29,0.03,Binance
2021-04-30,0.03,Binance
2021-05-01,0.053705,Binance
2021-05-02,0.106387,Binance
2021-05-03,0.143808,Binance
2021-05-04,0.129571,Binance
2021-05-05,0.098893,Binance
2021-05-06,0.274254,Binance
2021-05-07,0.070457,Binance
2021-05-08,0.152075,Binance
2021-05-09,0.156651,Binance
2021-05-10,0.261999,Binance
2021-05-11,0.076499,Binance
2021-05-12,0.090156,Binance
2021-05-13,0.044501,Binance
2021-05-14,0.090328,Binance
2021-05-15,0.080524,Binance
2021-05-16,0.052878,Binance
2021-05-17,0.133283,Binance
2021-05-18,0.101175,Binance
2021-05-19,-0.053884,Binance
2021-05-20,0.04,Binance
2021-05-21,0.006545,Binance
2021-05-22,-0.004448,Binance
2021-05-23,-0.001374,Binance
2021-05-24,-0.00635,Binance
2021-05-25,0.02,Binance
2021-05-26,0.04,Binance
2021-05-27,0.02,Binance
2021-05-28,0.03,Binance
2021-05-29,0.030375,Binance
2021-05-30,0.03,Binance
2021-05-31,0.03,Binance
2021-06-01,0.03,Binance
2021-06-02,0.03,Binance
2021-06-03,0.03,Binance
2021-06-04,0.050566,Binance
2021-06-05,0.03,Binance
2021-06-06,0.02,Binance
2021-06-07,0.04,Binance
2021-06-08,0.011015,Binance
2021-06-09,-0.010239,Binance
2021-06-10,-0.000766,Binance
2021-06-11,0.017388,Binance
2021-06-12,0.001406,Binance
2021-06-13,0.015933,Binance
2021-06-14,0.014858,Binance
2021-06-15,0.02,Binance
2021-06-16,0.03,Binance
2021-06-17,0.03,Binance
2021-06-18,0.015687,Binance
2021-06-19,-0.007171,Binance
2021-06-20,0.001563,Binance
2021-06-21,-0.011471,Binance
2021-06-22,-0.014859,Binance
2021-06-23,-0.033521,Binance
2021-06-24,-0.016648,Binance
2021-06-25,0.022372,Binance
2021-06-26,-0.034521,Binance
2021-06-27,-0.102585,Binance
2021-06-28,0.010398,Binance
2021-06-29,0.022229,Binance
2021-06-30,0.04,Binance
2021-07-01,0.02,Binance
2021-07-02,0.006117,Binance
2021-07-03,-0.014886,Binance
2021-07-04,-0.007607,Binance
2021-07-05,0.00956,Binance
2021-07-06,-0.020034,Binance
2021-07-07,0.006638,Binance
2021-07-08,-0.043986,Binance
2021-07-09,-0.036209,Binance
2021-07-10,0.007838,Binance
2021-07-11,0.023263,Binance
2021-07-12,0.023463,Binance
2021-07-13,0.020052,Binance
2021-07-14,-0.010436,Binance
2021-07-15,-0.004836,Binance
2021-07-16,0.007178,Binance
2021-07-17,0.018022,Binance
2021-07-18,0.005566,Binance
2021-07-19,-0.005557,Binance
2021-07-20,-0.047195,Binance
2021-07-21,-0.094322,Binance
2021-07-22,-0.013525,Binance
2021-07-23,-0.024877,Binance
2021-07-24,-0.023982,Binance
2021-07-25,-0.107432,Binance
2021-07-26,0.02,Binance
2021-07-27,0.015715,Binance
2021-07-28,0.02,Binance
2021-07-29,0.019769,Binance
2021-07-30,0.027623,Binance
2021-07-31,0.02,Binance
2021-08-01,0.04,Binance
2021-08-02,0.03,Binance
2021-08-03,0.03,Binance
2021-08-04,0.021272,Binance
2021-08-05,0.03,Binance
2021-08-06,0.02,Binance
2021-08-07,0.04,Binance
2021-08-08,0.03,Binance
2021-08-09,0.03,Binance
2021-08-10,0.02,Binance
2021-08-11,0.03,Binance
2021-08-12,0.04,Binance
2021-08-13,0.02,Binance
2021-08-14,0.03,Binance
2021-08-15,0.03,Binance
2021-08-16,0.033924,Binance
2021-08-17,0.04,Binance
2021-08-18,0.03,Binance
2021-08-19,0.03,Binance
2021-08-20,0.025761,Binance
2021-08-21,0.046707,Binance
2021-08-22,0.034813,Binance
2021-08-23,0.073163,Binance
2021-08-24,0.080648,Binance
2021-08-25,0.039568,Binance
2021-08-26,0.041865,Binance
2021-08-27,0.04,Binance
2021-08-28,0.065377,Binance
2021-08-29,0.02,Binance
2021-08-30,0.078712,Binance
2021-08-31,0.095767,Binance
2021-09-01,0.061223,Binance
2021-09-02,0.146615,Binance
2021-09-03,0.105606,Binance
2021-09-04,0.074946,Binance
2021-09-05,0.03,Binance
2021-09-06,0.046783,Binance
2021-09-07,0.042977,Binance
2021-09-08,0.03,Binance
2021-09-09,0.03,Binance
2021-09-10,0.041115,Binance
2021-09-11,0.03,Binance
2021-09-12,0.03,Binance
2021-09-13,0.02,Binance
2021-09-14,0.03,Binance
2021-09-15,0.03,Binance
2021-09-16,0.04,Binance
2021-09-17,0.03,Binance
2021-09-18,0.02,Binance
2021-09-19,0.03,Binance
2021-09-20,0.03,Binance
2021-09-21,0.03,Binance
2021-09-22,0.03,Binance
2021-09-23,0.014723,Binance
2021-09-24,-0.004558,Binance
2021-09-25,0.025629,Binance
2021-09-26,0.020771,Binance
2021-09-27,0.022549,Binance
2021-09-28,0.017522,Binance
2021-09-29,0.019418,Binance
2021-09-30,0.019235,Binance
2021-10-01,0.014786,Binance
2021-10-02,0.009457,Binance
2021-10-03,0.03,Binance
2021-10-04,0.03,Binance
2021-10-05,0.007734,Binance
2021-10-06,0.03,Binance
2021-10-07,0.071849,Binance
2021-10-08,0.070151,Binance
2021-10-09,0.045717,Binance
2021-10-10,0.030906,Binance
2021-10-11,0.03,Binance
2021-10-12,0.03,Binance
2021-10-13,0.03,Binance
2021-10-14,0.050079,Binance
2021-10-15,0.056685,Binance
2021-10-16,0.119263,Binance
2021-10-17,0.115662,Binance
2021-10-18,0.070642,Binance
2021-10-19,0.034974,Binance
2021-10-20,0.152164,Binance
2021-10-21,0.119307,Binance
2021-10-22,0.091218,Binance
2021-10-23,0.058427,Binance
2021-10-24,0.100435,Binance
2021-10-25,0.086666,Binance
2021-10-26,0.157625,Binance
2021-10-27,0.086501,Binance
2021-10-28,0.062876,Binance
2021-10-29,0.059062,Binance
2021-10-30,0.061664,Binance
2021-10-31,0.111877,Binance
2021-11-01,0.136327,Binance
2021-11-02,0.081013,Binance
2021-11-03,0.157434,Binance
2021-11-04,0.161477,Binance
2021-11-05,0.059735,Binance
2021-11-06,0.136168,Binance
2021-11-07,0.090959,Binance
2021-11-08,0.162632,Binance
2021-11-09,0.144769,Binance
2021-11-10,0.125747,Binance
2021-11-11,0.073031,Binance
2021-11-12,0.087852,Binance
2021-11-13,0.053574,Binance
2021-11-14,0.037021,Binance
2021-11-15,0.113858,Binance
2021-11-16,0.02,Binance
2021-11-17,0.033155,Binance
2021-11-18,0.041235,Binance
2021-11-19,0.02,Binance
2021-11-20,0.04,Binance
2021-11-21,0.02,Binance
2021-11-22,0.03,Binance
2021-11-23,0.032897,Binance
2021-11-24,0.046559,Binance
2021-11-25,0.042526,Binance
2021-11-26,0.043741,Binance
2021-11-27,0.030824,Binance
2021-11-28,0.03,Binance
2021-11-29,0.068584,Binance
2021-11-30,0.032689,Binance
2021-12-01,0.055097,Binance
2021-12-02,0.02,Binance
2021-12-03,0.048884,Binance
2021-12-04,0.019178,Binance
2021-12-05,0.027273,Binance
2021-12-06,0.03,Binance
2021-12-07,0.033977,Binance
2021-12-08,0.02,Binance
2021-12-09,0.04,Binance
2021-12-10,0.02,Binance
2021-12-11,0.03,Binance
2021-12-12,0.03,Binance
2021-12-13,0.03,Binance
2021-12-14,0.028345,Binance
2021-12-15,0.02,Binance
2021-12-16,0.04,Binance
2021-12-17,0.014678,Binance
2021-12-18,0.026742,Binance
2021-12-19,0.02708,Binance
2021-12-20,0.03,Binance
2021-12-21,0.039184,Binance
2021-12-22,0.02,Binance
2021-12-23,0.023738,Binance
2021-12-24,0.04,Binance
2021-12-25,0.02,Binance
2021-12-26,0.03,Binance
2021-12-27,0.04,Binance
2021-12-28,0.02,Binance
2021-12-29,0.03,Binance
2021-12-30,0.03,Binance
2021-12-31,0.016898,Binance
2022-01-01,0.03,Binance
2022-01-02,0.03,Binance
2022-01-03,0.04,Binance
2022-01-04,0.02,Binance
2022-01-05,0.03,Binance
2022-01-06,0.03,Binance
2022-01-07,0.03,Binance
2022-01-08,0.03,Binance
2022-01-09,0.04,Binance
2022-01-10,0.014522,Binance
2022-01-11,0.027394,Binance
2022-01-12,-0.000489,Binance
2022-01-13,-0.002995,Binance
2022-01-14,-0.013543,Binance
2022-01-15,0.021731,Binance
2022-01-16,0.00129,Binance
2022-01-17,0.018398,Binance
2022-01-18,0.029998,Binance
2022-01-19,0.024973,Binance
2022-01-20,0.03,Binance
2022-01-21,0.022749,Binance
2022-01-22,0.013071,Binance
2022-01-23,0.007171,Binance
2022-01-24,0.024094,Binance
2022-01-25,-0.001206,Binance
2022-01-26,-0.006035,Binance
2022-01-27,-0.023102,Binance
2022-01-28,0.010045,Binance
2022-01-29,0.001117,Binance
2022-01-30,0.034103,Binance
2022-01-31,-0.013017,Binance
2022-02-01,-0.004143,Binance
2022-02-02,0.009648,Binance
2022-02-03,-0.008081,Binance
2022-02-04,0.002891,Binance
2022-02-05,0.037457,Binance
2022-02-06,0.02,Binance
2022-02-07,-0.002876,Binance
2022-02-08,0.038216,Binance
2022-02-09,0.010946,Binance
2022-02-10,0.022096,Binance
2022-02-11,-0.012881,Binance
2022-02-12,0.03,Binance
2022-02-13,0.022798,Binance
2022-02-14,0.019029,Binance
2022-02-15,0.007702,Binance
2022-02-16,0.03,Binance
2022-02-17,0.029562,Binance
2022-02-18,-0.003859,Binance
2022-02-19,0.018671,Binance
2022-02-20,0.008587,Binance
2022-02-21,-0.007971,Binance
2022-02-22,-0.005965,Binance
2022-02-23,-0.018558,Binance
2022-02-24,-0.00878,Binance
2022-02-25,0.007218,Binance
2022-02-26,0.026946,Binance
2022-02-27,-0.014418,Binance
2022-02-28,-0.014372,Binance
2022-03-01,0.023862,Binance
2022-03-02,0.03,Binance
2022-03-03,0.02,Binance
2022-03-04,0.03,Binance
2022-03-05,0.021656,Binance
2022-03-06,0.005112,Binance
2022-03-07,-0.011842,Binance
2022-03-08,0.023378,Binance
2022-03-09,0.036776,Binance
2022-03-10,-0.000639,Binance
2022-03-11,-0.013272,Binance
2022-03-12,-0.000704,Binance
2022-03-13,-0.010983,Binance
2022-03-14,-0.012,Binance
2022-03-15,0.019263,Binance
2022-03-16,0.025871,Binance
2022-03-17,0.04,Binance
2022-03-18,0.011662,Binance
2022-03-19,0.04,Binance
2022-03-20,0.02,Binance
2022-03-21,0.008953,Binance
2022-03-22,0.03,Binance
2022-03-23,0.027014,Binance
2022-03-24,0.001557,Binance
2022-03-25,0.015429,Binance
2022-03-26,0.012628,Binance
2022-03-27,0.003053,Binance
2022-03-28,0.04,Binance
2022-03-29,0.029594,Binance
2022-03-30,0.02,Binance
2022-03-31,0.04,Binance
2022-04-01,0.026819,Binance
2022-04-02,0.02,Binance
2022-04-03,0.03,Binance
2022-04-04,0.04,Binance
2022-04-05,0.02,Binance
2022-04-06,0.029898,Binance
2022-04-07,0.026727,Binance
2022-04-08,0.02,Binance
2022-04-09,0.029279,Binance
2022-04-10,0.019195,Binance
2022-04-11,0.013205,Binance
2022-04-12,-0.017013,Binance
2022-04-13,-0.002424,Binance
2022-04-14,0.012974,Binance
2022-04-15,-0.012341,Binance
2022-04-16,0.014317,Binance
2022-04-17,0.019838,Binance
2022-04-18,-0.025864,Binance
2022-04-19,0.011223,Binance
2022-04-20,0.022884,Binance
2022-04-21,0.000114,Binance
2022-04-22,-0.023396,Binance
2022-04-23,-0.019445,Binance
2022-04-24,-0.037203,Binance
2022-04-25,-0.009529,Binance
2022-04-26,0.03,Binance
2022-04-27,-0.027422,Binance
2022-04-28,0.014456,Binance
2022-04-29,0.003257,Binance
2022-04-30,0.012865,Binance
2022-05-01,0.010095,Binance
2022-05-02,0.029,Binance
2022-05-03,0.03,Binance
2022-05-04,0.022504,Binance
2022-05-05,0.03,Binance
2022-05-06,-0.014997,Binance
2022-05-07,-0.001221,Binance
2022-05-08,0.03,Binance
2022-05-09,0.03,Binance
2022-05-10,0.02,Binance
2022-05-11,0.011007,Binance
2022-05-12,-0.075446,Binance
2022-05-13,0.008313,Binance
2022-05-14,0.02829,Binance
2022-05-15,0.019053,Binance
2022-05-16,0.033823,Binance
2022-05-17,0.003995,Binance
2022-05-18,-0.010157,Binance
2022-05-19,0.013089,Binance
2022-05-20,0.03,Binance
2022-05-21,0.000201,Binance
2022-05-22,0.009347,Binance
2022-05-23,0.03,Binance
2022-05-24,-0.010156,Binance
2022-05-25,0.023679,Binance
2022-05-26,0.018237,Binance
2022-05-27,0.03,Binance
2022-05-28,0.038712,Binance
2022-05-29,0.03,Binance
2022-05-30,0.02,Binance
2022-05-31,0.04,Binance
2022-06-01,0.018548,Binance
2022-06-02,0.004372,Binance
2022-06-03,0.002103,Binance
2022-06-04,0.010571,Binance
2022-06-05,0.017975,Binance
2022-06-06,0.029656,Binance
2022-06-07,-0.013939,Binance
2022-06-08,0.04,Binance
2022-06-09,0.019106,Binance
2022-06-10,0.022792,Binance
2022-06-11,0.008747,Binance
2022-06-12,0.011002,Binance
2022-06-13,0.001854,Binance
2022-06-14,-0.013212,Binance
2022-06-15,-0.007906,Binance
2022-06-16,-0.004916,Binance
2022-06-17,-0.006616,Binance
2022-06-18,0.017158,Binance
2022-06-19,0.006923,Binance
2022-06-20,0.006413,Binance
2022-06-21,0.017173,Binance
2022-06-22,-0.005494,Binance
2022-06-23,-0.004233,Binance
2022-06-24,0.026006,Binance
2022-06-25,0.022621,Binance
2022-06-26,0.020669,Binance
2022-06-27,0.017455,Binance
2022-06-28,-0.001576,Binance
2022-06-29,0.013978,Binance
2022-06-30,-0.021038,Binance
2022-07-01,-0.016654,Binance
2022-07-02,0.007338,Binance
2022-07-03,0.0156,Binance
2022-07-04,0.019961,Binance
2022-07-05,0.01012,Binance
2022-07-06,0.028373,Binance
2022-07-07,0.025274,Binance
2022-07-08,0.030212,Binance
2022-07-09,0.016143,Binance
2022-07-10,0.034505,Binance
2022-07-11,0.023739,Binance
2022-07-12,0.0091,Binance
2022-07-13,-0.001805,Binance
2022-07-14,0.013508,Binance
2022-07-15,0.012259,Binance
2022-07-16,0.022889,Binance
2022-07-17,0.018709,Binance
2022-07-18,0.04,Binance
2022-07-19,0.02,Binance
2022-07-20,0.038118,Binance
2022-07-21,0.02,Binance
2022-07-22,0.025172,Binance
2022-07-23,0.023834,Binance
2022-07-24,0.028293,Binance
2022-07-25,0.003557,Binance
2022-07-26,0.022313,Binance
2022-07-27,0.012627,Binance
2022-07-28,0.039229,Binance
2022-07-29,0.02,Binance
2022-07-30,0.03,Binance
2022-07-31,0.026281,Binance
2022-08-01,0.036449,Binance
2022-08-02,0.015618,Binance
2022-08-03,0.00075,Binance
2022-08-04,0.003023,Binance
2022-08-05,0.010581,Binance
2022-08-06,0.025477,Binance
2022-08-07,0.011664,Binance
2022-08-08,0.02279,Binance
2022-08-09,0.026606,Binance
2022-08-10,0.010021,Binance
2022-08-11,0.022117,Binance
2022-08-12,0.007052,Binance
2022-08-13,0.009446,Binance
2022-08-14,0.000906,Binance
2022-08-15,-0.004028,Binance
2022-08-16,0.006269,Binance
2022-08-17,0.010092,Binance
2022-08-18,0.035562,Binance
2022-08-19,-0.003568,Binance
2022-08-20,-0.011289,Binance
2022-08-21,-0.00878,Binance
2022-08-22,-0.010631,Binance
2022-08-23,-0.003185,Binance
2022-08-24,-0.005382,Binance
2022-08-25,0.006156,Binance
2022-08-26,0.004099,Binance
2022-08-27,-0.013494,Binance
2022-08-28,-0.02622,Binance
2022-08-29,-0.016249,Binance
2022-08-30,-0.010225,Binance
2022-08-31,0.010729,Binance
2022-09-01,0.015286,Binance
2022-09-02,0.011647,Binance
2022-09-03,0.010557,Binance
2022-09-04,0.00817,Binance
2022-09-05,0.012267,Binance
2022-09-06,0.003571,Binance
2022-09-07,-0.009352,Binance
2022-09-08,0.009614,Binance
2022-09-09,0.021312,Binance
2022-09-10,0.029764,Binance
2022-09-11,0.023827,Binance
2022-09-12,0.028246,Binance
2022-09-13,0.026012,Binance
2022-09-14,0.001731,Binance
2022-09-15,0.019192,Binance
2022-09-16,0.010292,Binance
2022-09-17,0.012231,Binance
2022-09-18,0.011384,Binance
2022-09-19,-0.005108,Binance
2022-09-20,0.015389,Binance
2022-09-21,-0.002384,Binance
2022-09-22,0.000832,Binance
2022-09-23,0.008159,Binance
2022-09-24,0.007021,Binance
2022-09-25,0.007245,Binance
2022-09-26,0.007533,Binance
2022-09-27,0.020782,Binance
2022-09-28,0.005402,Binance
2022-09-29,0.020007,Binance
2022-09-30,0.03,Binance
2022-10-01,0.024465,Binance
2022-10-02,0.015196,Binance
2022-10-03,0.018316,Binance
2022-10-04,0.04,Binance
2022-10-05,0.02,Binance
2022-10-06,0.04,Binance
2022-10-07,0.017513,Binance
2022-10-08,0.01859,Binance
2022-10-09,0.003727,Binance
2022-10-10,0.02231,Binance
2022-10-11,0.03,Binance
2022-10-12,0.03,Binance
2022-10-13,0.021402,Binance
2022-10-14,0.02163,Binance
2022-10-15,0.012652,Binance
2022-10-16,0.00659,Binance
2022-10-17,0.011629,Binance
2022-10-18,0.03,Binance
2022-10-19,0.037598,Binance
2022-10-20,0.008116,Binance
2022-10-21,0.012022,Binance
2022-10-22,0.008041,Binance
2022-10-23,0.010497,Binance
2022-10-24,0.022328,Binance
2022-10-25,0.01318,Binance
2022-10-26,0.01403,Binance
2022-10-27,-0.002115,Binance
2022-10-28,0.003396,Binance
2022-10-29,0.006445,Binance
2022-10-30,0.008347,Binance
2022-10-31,0.005634,Binance
2022-11-01,0.005001,Binance
2022-11-02,0.007249,Binance
2022-11-03,0.014489,Binance
2022-11-04,0.008047,Binance
2022-11-05,0.01895,Binance
2022-11-06,0.023089,Binance
2022-11-07,0.034328,Binance
2022-11-08,-0.005226,Binance
2022-11-09,-0.025671,Binance
2022-11-10,-0.27441,Binance
2022-11-11,-0.013079,Binance
2022-11-12,0.009415,Binance
2022-11-13,-0.008017,Binance
2022-11-14,-0.008777,Binance
2022-11-15,-0.026314,Binance
2022-11-16,-0.023254,Binance
2022-11-17,-0.007839,Binance
2022-11-18,0.006073,Binance
2022-11-19,0.006728,Binance
2022-11-20,0.001794,Binance
2022-11-21,0.001497,Binance
2022-11-22,0.01932,Binance
2022-11-23,0.00961,Binance
2022-11-24,0.013704,Binance
2022-11-25,0.003848,Binance
2022-11-26,0.004927,Binance
2022-11-27,0.001781,Binance
2022-11-28,0.00762,Binance
2022-11-29,0.003786,Binance
2022-11-30,0.016953,Binance
2022-12-01,0.006028,Binance
2022-12-02,0.007275,Binance
2022-12-03,0.018425,Binance
2022-12-04,0.017192,Binance
2022-12-05,0.000439,Binance
2022-12-06,0.016516,Binance
2022-12-07,-0.000834,Binance
2022-12-08,0.003502,Binance
2022-12-09,0.008383,Binance
2022-12-10,-0.000645,Binance
2022-12-11,0.0049,Binance
2022-12-12,0.003971,Binance
2022-12-13,0.011971,Binance
2022-12-14,0.04,Binance
2022-12-15,0.01518,Binance
2022-12-16,0.008561,Binance
2022-12-17,0.01953,Binance
2022-12-18,0.018923,Binance
2022-12-19,0.007989,Binance
2022-12-20,0.009,Binance
2022-12-21,0.019102,Binance
2022-12-22,0.018283,Binance
2022-12-23,0.028903,Binance
2022-12-24,0.021491,Binance
2022-12-25,0.004915,Binance
2022-12-26,0.001126,Binance
2022-12-27,0.011708,Binance
2022-12-28,0.016127,Binance
2022-12-29,0.038517,Binance
2022-12-30,0.017132,Binance
2022-12-31,0.04,Binance
2023-01-01,0.009203,Binance
2023-01-02,-0.001686,Binance
2023-01-03,0.028788,Binance
2023-01-04,0.008319,Binance
2023-01-05,0.017117,Binance
2023-01-06,0.020836,Binance
2023-01-07,0.013179,Binance
2023-01-08,0.023109,Binance
2023-01-09,0.006035,Binance
2023-01-10,0.015231,Binance
2023-01-11,0.012576,Binance
2023-01-12,0.02,Binance
2023-01-13,0.035906,Binance
2023-01-14,0.055847,Binance
2023-01-15,0.046038,Binance
2023-01-16,0.03,Binance
2023-01-17,0.03,Binance
2023-01-18,0.04,Binance
2023-01-19,0.03,Binance
2023-01-20,0.02,Binance
2023-01-21,0.04,Binance
2023-01-22,0.02,Binance
2023-01-23,0.03,Binance
2023-01-24,0.03,Binance
2023-01-25,0.03,Binance
2023-01-26,0.03,Binance
2023-01-27,0.029541,Binance
2023-01-28,0.03,Binance
2023-01-29,0.03,Binance
2023-01-30,0.03,Binance
2023-01-31,0.03,Binance
2023-02-01,0.03,Binance
2023-02-02,0.03,Binance
2023-02-03,0.03,Binance
2023-02-04,0.03,Binance
2023-02-05,0.03,Binance
2023-02-06,0.03,Binance
2023-02-07,0.03,Binance
2023-02-08,0.03,Binance
2023-02-09,0.03,Binance
2023-02-10,0.03,Binance
2023-02-11,0.018497,Binance
2023-02-12,0.017613,Binance
2023-02-13,0.018397,Binance
2023-02-14,0.028887,Binance
2023-02-15,0.014078,Binance
2023-02-16,0.043171,Binance
2023-02-17,0.03,Binance
2023-02-18,0.03,Binance
2023-02-19,0.03,Binance
2023-02-20,0.03,Binance
2023-02-21,0.03,Binance
2023-02-22,0.03,Binance
2023-02-23,0.017137,Binance
2023-02-24,0.015367,Binance
2023-02-25,0.001745,Binance
2023-02-26,0.016713,Binance
2023-02-27,0.016166,Binance
2023-02-28,0.011349,Binance
2023-03-01,0.020185,Binance
2023-03-02,0.03571,Binance
2023-03-03,-0.004429,Binance
2023-03-04,0.00832,Binance
2023-03-05,0.00425,Binance
2023-03-06,0.014928,Binance
2023-03-07,0.011096,Binance
2023-03-08,0.013816,Binance
2023-03-09,0.021105,Binance
2023-03-10,-0.001121,Binance
2023-03-11,-0.002273,Binance
2023-03-12,0.005396,Binance
2023-03-13,0.026011,Binance
2023-03-14,0.054853,Binance
2023-03-15,0.056253,Binance
2023-03-16,0.03,Binance
2023-03-17,0.023311,Binance
2023-03-18,0.03,Binance
2023-03-19,0.03,Binance
2023-03-20,0.029081,Binance
2023-03-21,0.009932,Binance
2023-03-22,0.00534,Binance
2023-03-23,0.009158,Binance
2023-03-24,0.03,Binance
2023-03-25,0.000468,Binance
2023-03-26,0.000308,Binance
2023-03-27,0.004918,Binance
2023-03-28,0.007226,Binance
2023-03-29,0.03016,Binance
2023-03-30,0.006761,Binance
2023-03-31,0.023646,Binance
2023-04-01,0.01884,Binance
2023-04-02,0.017693,Binance
2023-04-03,0.004448,Binance
2023-04-04,-0.005882,Binance
2023-04-05,0.015224,Binance
2023-04-06,0.000623,Binance
2023-04-07,0.000854,Binance
2023-04-08,0.003658,Binance
2023-04-09,0.009193,Binance
2023-04-10,0.016167,Binance
2023-04-11,0.03,Binance
2023-04-12,0.019524,Binance
2023-04-13,0.021092,Binance
2023-04-14,0.013307,Binance
2023-04-15,0.01348,Binance
2023-04-16,0.027144,Binance
2023-04-17,0.027376,Binance
2023-04-18,0.010945,Binance
2023-04-19,0.01615,Binance
2023-04-20,0.018145,Binance
2023-04-21,0.036297,Binance
2023-04-22,0.008948,Binance
2023-04-23,0.012192,Binance
2023-04-24,0.006324,Binance
2023-04-25,0.020213,Binance
2023-04-26,0.016032,Binance
2023-04-27,0.011552,Binance
2023-04-28,0.024476,Binance
2023-04-29,0.014614,Binance
2023-04-30,0.012711,Binance
2023-05-01,-0.003369,Binance
2023-05-02,0.008307,Binance
2023-05-03,0.029704,Binance
2023-05-04,0.014306,Binance
2023-05-05,0.022188,Binance
2023-05-06,0.034321,Binance
2023-05-07,0.010813,Binance
2023-05-08,0.004309,Binance
2023-05-09,0.012329,Binance
2023-05-10,0.012329,Binance
2023-05-11,0.013729,Binance
2023-05-12,0.010349,Binance
2023-05-13,0.009879,Binance
2023-05-14,0.008291,Binance
2023-05-15,0.002641,Binance
2023-05-16,0.017625,Binance
2023-05-17,0.029882,Binance
2023-05-18,0.021058,Binance
2023-05-19,0.008289,Binance
2023-05-20,0.006919,Binance
2023-05-21,0.017109,Binance
2023-05-22,0.007999,Binance
2023-05-23,0.04,Binance
2023-05-24,0.012249,Binance
2023-05-25,0.03,Binance
2023-05-26,0.014536,Binance
2023-05-27,0.023072,Binance
2023-05-28,0.03988,Binance
2023-05-29,0.02,Binance
2023-05-30,0.019084,Binance
2023-05-31,0.015073,Binance
2023-06-01,0.026507,Binance
2023-06-02,0.026632,Binance
2023-06-03,0.020416,Binance
2023-06-04,0.02,Binance
2023-06-05,0.020237,Binance
2023-06-06,0.011241,Binance
2023-06-07,0.014005,Binance
2023-06-08,0.019193,Binance
2023-06-09,0.021022,Binance
2023-06-10,0.006271,Binance
2023-06-11,0.022232,Binance
2023-06-12,0.016689,Binance
2023-06-13,0.015121,Binance
2023-06-14,0.003112,Binance
2023-06-15,0.016851,Binance
2023-06-16,0.010885,Binance
2023-06-17,0.021249,Binance
2023-06-18,0.021978,Binance
2023-06-19,0.010087,Binance
2023-06-20,0.0076,Binance
2023-06-21,0.022551,Binance
2023-06-22,0.029236,Binance
2023-06-23,0.03,Binance
2023-06-24,0.03,Binance
2023-06-25,0.03,Binance
2023-06-26,0.03,Binance
2023-06-27,0.03,Binance
2023-06-28,0.020474,Binance
2023-06-29,0.0293,Binance
2023-06-30,0.03,Binance
2023-07-01,0.03,Binance
2023-07-02,0.03,Binance
2023-07-03,0.02,Binance
2023-07-04,0.04,Binance
2023-07-05,0.03,Binance
2023-07-06,0.00991,Binance
2023-07-07,0.00732,Binance
2023-07-08,0.010024,Binance
2023-07-09,0.010792,Binance
2023-07-10,0.015855,Binance
2023-07-11,0.01926,Binance
2023-07-12,0.009994,Binance
2023-07-13,0.016649,Binance
2023-07-14,0.012687,Binance
2023-07-15,0.005991,Binance
2023-07-16,0.017133,Binance
2023-07-17,0.016522,Binance
2023-07-18,0.024275,Binance
2023-07-19,0.015566,Binance
2023-07-20,0.015204,Binance
2023-07-21,0.009566,Binance
2023-07-22,0.004029,Binance
2023-07-23,0.029372,Binance
2023-07-24,0.02204,Binance
2023-07-25,0.025829,Binance
2023-07-26,0.018904,Binance
2023-07-27,0.011079,Binance
2023-07-28,0.026675,Binance
2023-07-29,0.020248,Binance
2023-07-30,0.012286,Binance
2023-07-31,0.021901,Binance
2023-08-01,0.026768,Binance
2023-08-02,0.03,Binance
2023-08-03,0.028116,Binance
2023-08-04,0.024181,Binance
2023-08-05,0.03,Binance
2023-08-06,0.03,Binance
2023-08-07,0.027669,Binance
2023-08-08,0.02319,Binance
2023-08-09,0.018404,Binance
2023-08-10,0.038277,Binance
2023-08-11,0.027123,Binance
2023-08-12,0.029305,Binance
2023-08-13,0.014637,Binance
2023-08-14,0.03,Binance
2023-08-15,0.04,Binance
2023-08-16,0.03,Binance
2023-08-17,0.03,Binance
2023-08-18,0.004846,Binance
2023-08-19,-0.008677,Binance
2023-08-20,-0.007354,Binance
2023-08-21,-0.001111,Binance
2023-08-22,0.001859,Binance
2023-08-23,-0.000595,Binance
2023-08-24,0.006747,Binance
2023-08-25,0.01184,Binance
2023-08-26,0.007529,Binance
2023-08-27,0.004813,Binance
2023-08-28,0.009772,Binance
2023-08-29,-0.002297,Binance
2023-08-30,0.012584,Binance
2023-08-31,0.017547,Binance
2023-09-01,0.01722,Binance
2023-09-02,0.004758,Binance
2023-09-03,0.005815,Binance
2023-09-04,0.000463,Binance
2023-09-05,0.007078,Binance
2023-09-06,0.003202,Binance
2023-09-07,0.009282,Binance
2023-09-08,-0.006236,Binance
2023-09-09,0.000973,Binance
2023-09-10,0.005603,Binance
2023-09-11,0.006391,Binance
2023-09-12,0.004265,Binance
2023-09-13,0.00482,Binance
2023-09-14,-0.003961,Binance
2023-09-15,0.005419,Binance
2023-09-16,-0.006584,Binance
2023-09-17,0.001283,Binance
2023-09-18,-0.003727,Binance
2023-09-19,-0.006342,Binance
2023-09-20,-0.004768,Binance
2023-09-21,0.011641,Binance
2023-09-22,0.009846,Binance
2023-09-23,0.000373,Binance
2023-09-24,0.006348,Binance
2023-09-25,0.009447,Binance
2023-09-26,0.014355,Binance
2023-09-27,0.006126,Binance
2023-09-28,-0.010207,Binance
2023-09-29,-0.001448,Binance
2023-09-30,0.003684,Binance
2023-10-01,0.002949,Binance
2023-10-02,0.003423,Binance
2023-10-03,0.010198,Binance
2023-10-04,-0.000464,Binance
2023-10-05,-0.007676,Binance
2023-10-06,0.000411,Binance
2023-10-07,0.005246,Binance
2023-10-08,0.010129,Binance
2023-10-09,0.017702,Binance
2023-10-10,0.01236,Binance
2023-10-11,0.024649,Binance
2023-10-12,0.012259,Binance
2023-10-13,0.00447,Binance
2023-10-14,0.003158,Binance
2023-10-15,0.007027,Binance
2023-10-16,0.009876,Binance
2023-10-17,-0.004161,Binance
2023-10-18,-0.0006,Binance
2023-10-19,-0.020902,Binance
2023-10-20,0.00304,Binance
2023-10-21,0.012768,Binance
2023-10-22,0.013944,Binance
2023-10-23,0.020238,Binance
2023-10-24,0.03,Binance
2023-10-25,0.02,Binance
2023-10-26,0.04,Binance
2023-10-27,0.03,Binance
2023-10-28,0.03,Binance
2023-10-29,0.03,Binance
2023-10-30,0.02,Binance
2023-10-31,0.04,Binance
2023-11-01,0.02,Binance
2023-11-02,0.04,Binance
2023-11-03,0.03,Binance
2023-11-04,0.03,Binance
2023-11-05,0.03,Binance
2023-11-06,0.02,Binance
2023-11-07,0.04,Binance
2023-11-08,0.03,Binance
2023-11-09,0.040027,Binance
2023-11-10,0.031682,Binance
2023-11-11,0.046685,Binance
2023-11-12,0.083175,Binance
2023-11-13,0.048767,Binance
2023-11-14,0.040846,Binance
2023-11-15,0.03,Binance
2023-11-16,0.037213,Binance
2023-11-17,0.03,Binance
2023-11-18,0.03,Binance
2023-11-19,0.03,Binance
2023-11-20,0.03,Binance
2023-11-21,0.03,Binance
2023-11-22,0.03,Binance
2023-11-23,0.03,Binance
2023-11-24,0.03,Binance
2023-11-25,0.03,Binance
2023-11-26,0.03,Binance
2023-11-27,0.03,Binance
2023-11-28,0.02,Binance
2023-11-29,0.04,Binance
2023-11-30,0.03,Binance
2023-12-01,0.02995,Binance
2023-12-02,0.025514,Binance
2023-12-03,0.03,Binance
2023-12-04,0.03,Binance
2023-12-05,0.03,Binance
2023-12-06,0.03,Binance
2023-12-07,0.03,Binance
2023-12-08,0.055034,Binance
2023-12-09,0.068075,Binance
2023-12-10,0.059036,Binance
2023-12-11,0.03,Binance
2023-12-12,0.031909,Binance
2023-12-13,0.032763,Binance
2023-12-14,0.03,Binance
2023-12-15,0.03,Binance
2023-12-16,0.03,Binance
2023-12-17,0.033355,Binance
2023-12-18,0.035611,Binance
2023-12-19,0.030506,Binance
2023-12-20,0.06078,Binance
2023-12-21,0.08897,Binance
2023-12-22,0.063906,Binance
2023-12-23,0.035066,Binance
2023-12-24,0.050519,Binance
2023-12-25,0.091299,Binance
2023-12-26,0.080937,Binance
2023-12-27,0.083267,Binance
2023-12-28,0.088031,Binance
2023-12-29,0.152164,Binance
2023-12-30,0.14231,Binance
2023-12-31,0.105579,Binance
2024-01-01,0.12666,Binance
2024-01-02,0.110068,Binance
2024-01-03,0.037123,Binance
2024-01-04,0.02,Binance
2024-01-05,0.04,Binance
2024-01-06,0.03,Binance
2024-01-07,0.03,Binance
2024-01-08,0.02,Binance
2024-01-09,0.04,Binance
2024-01-10,0.03,Binance
2024-01-11,0.02,Binance
2024-01-12,0.04,Binance
2024-01-13,0.03,Binance
2024-01-14,0.03,Binance
2024-01-15,0.03,Binance
2024-01-16,0.03,Binance
2024-01-17,0.02,Binance
2024-01-18,0.04,Binance
2024-01-19,0.03,Binance
2024-01-20,0.03,Binance
2024-01-21,0.03,Binance
2024-01-22,0.03,Binance
2024-01-23,0.03,Binance
2024-01-24,0.03,Binance
2024-01-25,0.02,Binance
2024-01-26,0.038966,Binance
2024-01-27,0.0283,Binance
2024-01-28,0.024725,Binance
2024-01-29,0.029142,Binance
2024-01-30,0.016795,Binance
2024-01-31,0.03,Binance
2024-02-01,0.03,Binance
2024-02-02,0.027627,Binance
2024-02-03,0.025377,Binance
2024-02-04,0.028846,Binance
2024-02-05,0.03,Binance
2024-02-06,0.02425,Binance
2024-02-07,0.023679,Binance
2024-02-08,0.012285,Binance
2024-02-09,0.019801,Binance
2024-02-10,0.038041,Binance
2024-02-11,0.03,Binance
2024-02-12,0.03,Binance
2024-02-13,0.03,Binance
2024-02-14,0.032283,Binance
2024-02-15,0.03,Binance
2024-02-16,0.03,Binance
2024-02-17,0.043281,Binance
2024-02-18,0.055464,Binance
2024-02-19,0.043382,Binance
2024-02-20,0.041171,Binance
2024-02-21,0.021242,Binance
2024-02-22,0.046037,Binance
2024-02-23,0.032991,Binance
2024-02-24,0.02,Binance
2024-02-25,0.068273,Binance
2024-02-26,0.081056,Binance
2024-02-27,0.123215,Binance
2024-02-28,0.146311,Binance
2024-02-29,0.18669,Binance
2024-03-01,0.14426,Binance
2024-03-02,0.159837,Binance
2024-03-03,0.142658,Binance
2024-03-04,0.159413,Binance
2024-03-05,0.207397,Binance
2024-03-06,0.113541,Binance
2024-03-07,0.13002,Binance
2024-03-08,0.125544,Binance
2024-03-09,0.088698,Binance
2024-03-10,0.153419,Binance
2024-03-11,0.189294,Binance
2024-03-12,0.126459,Binance
2024-03-13,0.109822,Binance
2024-03-14,0.139919,Binance
2024-03-15,0.039634,Binance
2024-03-16,0.057104,Binance
2024-03-17,0.062781,Binance
2024-03-18,0.084715,Binance
2024-03-19,0.06893,Binance
2024-03-20,0.038791,Binance
2024-03-21,0.055085,Binance
2024-03-22,0.031993,Binance
2024-03-23,0.031157,Binance
2024-03-24,0.056049,Binance
2024-03-25,0.067102,Binance
2024-03-26,0.073869,Binance
2024-03-27,0.097377,Binance
2024-03-28,0.077579,Binance
2024-03-29,0.07525,Binance
2024-03-30,0.098978,Binance
2024-03-31,0.150351,Binance
2024-04-01,0.06096,Binance
2024-04-02,0.047382,Binance
2024-04-03,0.03,Binance
2024-04-04,0.03,Binance
2024-04-05,0.03,Binance
2024-04-06,0.03,Binance
2024-04-07,0.02,Binance
2024-04-08,0.076104,Binance
2024-04-09,0.051593,Binance
2024-04-10,0.036436,Binance
2024-04-11,0.051174,Binance
2024-04-12,0.047844,Binance
2024-04-13,0.03,Binance
2024-04-14,0.03,Binance
2024-04-15,0.011759,Binance
2024-04-16,0.025366,Binance
2024-04-17,0.017045,Binance
2024-04-18,0.002648,Binance
2024-04-19,0.019401,Binance
2024-04-20,0.006624,Binance
2024-04-21,0.010587,Binance
2024-04-22,0.002159,Binance
2024-04-23,0.00557,Binance
2024-04-24,0.019369,Binance
2024-04-25,0.005209,Binance
2024-04-26,0.017956,Binance
2024-04-27,0.01131,Binance
2024-04-28,0.003173,Binance
2024-04-29,0.022112,Binance
2024-04-30,0.029154,Binance
2024-05-01,0.025482,Binance
2024-05-02,0.004497,Binance
2024-05-03,0.00703,Binance
2024-05-04,0.020626,Binance
2024-05-05,0.005142,Binance
2024-05-06,0.012779,Binance
2024-05-07,0.0155,Binance
2024-05-08,0.020493,Binance
2024-05-09,0.011594,Binance
2024-05-10,0.022468,Binance
2024-05-11,0.011442,Binance
2024-05-12,0.01283,Binance
2024-05-13,0.037486,Binance
2024-05-14,0.024392,Binance
2024-05-15,0.001988,Binance
2024-05-16,0.015441,Binance
2024-05-17,0.001145,Binance
2024-05-18,0.010559,Binance
2024-05-19,0.015596,Binance
2024-05-20,0.015031,Binance
2024-05-21,0.030517,Binance
2024-05-22,0.035759,Binance
2024-05-23,0.03,Binance
2024-05-24,0.03,Binance
2024-05-25,0.03,Binance
2024-05-26,0.03,Binance
2024-05-27,0.03,Binance
2024-05-28,0.02,Binance
2024-05-29,0.042558,Binance
2024-05-30,0.034599,Binance
2024-05-31,0.032268,Binance
2024-06-01,0.03025,Binance
2024-06-02,0.03,Binance
2024-06-03,0.036143,Binance
2024-06-04,0.03,Binance
2024-06-05,0.039613,Binance
2024-06-06,0.032208,Binance
2024-06-07,0.030166,Binance
2024-06-08,0.03,Binance
2024-06-09,0.03,Binance
2024-06-10,0.02,Binance
2024-06-11,0.04,Binance
2024-06-12,0.03,Binance
2024-06-13,0.03,Binance
2024-06-14,0.03,Binance
2024-06-15,0.02,Binance
2024-06-16,0.04,Binance
2024-06-17,0.03,Binance
2024-06-18,0.018236,Binance
2024-06-19,0.021028,Binance
2024-06-20,0.016176,Binance
2024-06-21,0.027328,Binance
2024-06-22,0.024146,Binance
2024-06-23,0.006983,Binance
2024-06-24,0.034469,Binance
2024-06-25,0.013701,Binance
2024-06-26,0.04,Binance
2024-06-27,0.03,Binance
2024-06-28,0.02,Binance
2024-06-29,0.04,Binance
2024-06-30,0.03,Binance
2024-07-01,0.03,Binance
2024-07-02,0.03,Binance
2024-07-03,0.03,Binance
2024-07-04,0.03,Binance
2024-07-05,0.017491,Binance
2024-07-06,0.010762,Binance
2024-07-07,0.036069,Binance
2024-07-08,0.028222,Binance
2024-07-09,0.020861,Binance
2024-07-10,0.01471,Binance
2024-07-11,0.036378,Binance
2024-07-12,0.015382,Binance
2024-07-13,0.025602,Binance
2024-07-14,0.016642,Binance
2024-07-15,-0.002374,Binance
2024-07-16,0.008112,Binance
2024-07-17,0.004607,Binance
2024-07-18,0.008702,Binance
2024-07-19,0.009461,Binance
2024-07-20,-0.004824,Binance
2024-07-21,0.011976,Binance
2024-07-22,0.013431,Binance
2024-07-23,0.018952,Binance
2024-07-24,0.03,Binance
2024-07-25,0.03,Binance
2024-07-26,0.019887,Binance
2024-07-27,0.025311,Binance
2024-07-28,0.011981,Binance
2024-07-29,0.02738,Binance
2024-07-30,0.014316,Binance
2024-07-31,0.019212,Binance
2024-08-01,0.03,Binance
2024-08-02,0.03,Binance
2024-08-03,0.024035,Binance
2024-08-04,0.025343,Binance
2024-08-05,0.013962,Binance
2024-08-06,0.00091,Binance
2024-08-07,-0.003618,Binance
2024-08-08,0.011864,Binance
2024-08-09,0.003088,Binance
2024-08-10,0.000721,Binance
2024-08-11,0.000459,Binance
2024-08-12,0.012685,Binance
2024-08-13,-0.002229,Binance
2024-08-14,-0.017629,Binance
2024-08-15,-0.011077,Binance
2024-08-16,-0.006032,Binance
2024-08-17,0.007991,Binance
2024-08-18,-0.008088,Binance
2024-08-19,-0.011363,Binance
2024-08-20,0.002768,Binance
2024-08-21,-0.00918,Binance
2024-08-22,-0.009252,Binance
2024-08-23,-0.002698,Binance
2024-08-24,0.000866,Binance
2024-08-25,0.004016,Binance
2024-08-26,0.007237,Binance
2024-08-27,0.005496,Binance
2024-08-28,0.0026,Binance
2024-08-29,-0.000149,Binance
2024-08-30,0.004756,Binance
2024-08-31,0.011491,Binance
2024-09-01,-0.003814,Binance
2024-09-02,0.002744,Binance
2024-09-03,0.01193,Binance
2024-09-04,0.008596,Binance
2024-09-05,0.006795,Binance
2024-09-06,0.00087,Binance
2024-09-07,-0.011125,Binance
2024-09-08,-0.018829,Binance
2024-09-09,-0.017011,Binance
2024-09-10,-0.013009,Binance
2024-09-11,-0.00941,Binance
2024-09-12,-0.003565,Binance
2024-09-13,-0.012011,Binance
2024-09-14,0.002694,Binance
2024-09-15,0.002805,Binance
2024-09-16,0.010326,Binance
2024-09-17,0.017111,Binance
2024-09-18,0.009838,Binance
2024-09-19,0.015086,Binance
2024-09-20,0.00504,Binance
2024-09-21,0.029157,Binance
2024-09-22,0.021337,Binance
2024-09-23,0.008992,Binance
2024-09-24,0.003936,Binance
2024-09-25,0.002477,Binance
2024-09-26,0.027896,Binance
2024-09-27,0.014452,Binance
2024-09-28,0.009714,Binance
2024-09-29,0.014183,Binance
2024-09-30,0.027939,Binance
2024-10-01,0.026632,Binance
2024-10-02,0.020981,Binance
2024-10-03,0.015833,Binance
2024-10-04,0.000766,Binance
2024-10-05,0.002521,Binance
2024-10-06,0.012041,Binance
2024-10-07,-0.000453,Binance
2024-10-08,0.025194,Binance
2024-10-09,0.015167,Binance
2024-10-10,0.013763,Binance
2024-10-11,0.002804,Binance
2024-10-12,0.006868,Binance
2024-10-13,0.011005,Binance
2024-10-14,0.03,Binance
2024-10-15,0.028325,Binance
2024-10-16,0.0285,Binance
2024-10-17,0.02,Binance
2024-10-18,0.04,Binance
2024-10-19,0.03,Binance
2024-10-20,0.03,Binance
2024-10-21,0.03,Binance
2024-10-22,0.03,Binance
2024-10-23,0.03,Binance
2024-10-24,0.03,Binance
2024-10-25,0.024755,Binance
2024-10-26,0.027569,Binance
2024-10-27,0.029149,Binance
2024-10-28,0.028946,Binance
2024-10-29,0.03,Binance
2024-10-30,0.03,Binance
2024-10-31,0.03,Binance
2024-11-01,0.03,Binance
2024-11-02,0.03,Binance
2024-11-03,0.03,Binance
2024-11-04,0.03,Binance
2024-11-05,0.03,Binance
2024-11-06,0.03,Binance
2024-11-07,0.03,Binance
2024-11-08,0.03,Binance
2024-11-09,0.03,Binance
2024-11-10,0.039716,Binance
2024-11-11,0.056878,Binance
2024-11-12,0.141624,Binance
2024-11-13,0.034957,Binance
2024-11-14,0.04,Binance
2024-11-15,0.020977,Binance
2024-11-16,0.048996,Binance
2024-11-17,0.030577,Binance
2024-11-18,0.079374,Binance
2024-11-19,0.048175,Binance
2024-11-20,0.03,Binance
2024-11-21,0.04,Binance
2024-11-22,0.03,Binance
2024-11-23,0.02,Binance
2024-11-24,0.070411,Binance
2024-11-25,0.057135,Binance
2024-11-26,0.07874,Binance
2024-11-27,0.036795,Binance
2024-11-28,0.046804,Binance
2024-11-29,0.043668,Binance
2024-11-30,0.043873,Binance
2024-12-01,0.029581,Binance
2024-12-02,0.076448,Binance
2024-12-03,0.063512,Binance
2024-12-04,0.049488,Binance
2024-12-05,0.15713,Binance
2024-12-06,0.056606,Binance
2024-12-07,0.043449,Binance
2024-12-08,0.064565,Binance
2024-12-09,0.032147,Binance
2024-12-10,0.04,Binance
2024-12-11,0.02,Binance
2024-12-12,0.04,Binance
2024-12-13,0.02675,Binance
2024-12-14,0.03,Binance
2024-12-15,0.028194,Binance
2024-12-16,0.027047,Binance
2024-12-17,0.03,Binance
2024-12-18,0.029159,Binance
2024-12-19,0.03,Binance
2024-12-20,0.03,Binance
2024-12-21,0.021206,Binance
2024-12-22,0.029629,Binance
2024-12-23,0.028981,Binance
2024-12-24,0.02,Binance
2024-12-25,0.039827,Binance
2024-12-26,0.026038,Binance
2024-12-27,0.02,Binance
2024-12-28,0.030825,Binance
2024-12-29,0.019958,Binance
2024-12-30,0.028791,Binance
2024-12-31,0.02,Binance
2025-01-01,0.04,Binance
2025-01-02,0.03,Binance
2025-01-03,0.022941,Binance
2025-01-04,0.020798,Binance
2025-01-05,0.02832,Binance
2025-01-06,0.03,Binance
2025-01-07,0.017182,Binance
2025-01-08,0.04,Binance
2025-01-09,0.013256,Binance
2025-01-10,0.012698,Binance
2025-01-11,0.011672,Binance
2025-01-12,0.015123,Binance
2025-01-13,0.01787,Binance
2025-01-14,0.024485,Binance
2025-01-15,0.015367,Binance
2025-01-16,0.012166,Binance
2025-01-17,0.024122,Binance
2025-01-18,0.03,Binance
2025-01-19,0.03,Binance
2025-01-20,0.03,Binance
2025-01-21,0.03,Binance
2025-01-22,0.02,Binance
2025-01-23,0.027604,Binance
2025-01-24,0.022779,Binance
2025-01-25,0.02464,Binance
2025-01-26,0.027527,Binance
2025-01-27,0.01381,Binance
2025-01-28,0.023562,Binance
2025-01-29,0.027539,Binance
2025-01-30,0.020724,Binance
2025-01-31,0.028098,Binance
2025-02-01,0.011337,Binance
2025-02-02,0.018343,Binance
2025-02-03,0.017457,Binance
2025-02-04,0.010938,Binance
2025-02-05,0.005923,Binance
2025-02-06,0.015834,Binance
2025-02-07,0.008056,Binance
2025-02-08,0.005334,Binance
2025-02-09,0.014241,Binance
2025-02-10,0.020851,Binance
2025-02-11,0.005942,Binance
2025-02-12,0.009859,Binance
2025-02-13,0.019022,Binance
2025-02-14,0.012658,Binance
2025-02-15,0.010422,Binance
2025-02-16,0.01022,Binance
2025-02-17,0.017894,Binance
2025-02-18,0.027007,Binance
2025-02-19,0.019159,Binance
2025-02-20,0.010615,Binance
2025-02-21,0.012312,Binance
2025-02-22,0.012896,Binance
2025-02-23,0.001648,Binance
2025-02-24,0.018931,Binance
2025-02-25,0.010151,Binance
2025-02-26,0.016005,Binance
2025-02-27,0.018121,Binance
2025-02-28,0.018578,Binance
2025-03-01,-0.00806,Binance
2025-03-02,-0.005652,Binance
2025-03-03,0.000545,Binance
2025-03-04,0.003623,Binance
2025-03-05,0.011288,Binance
2025-03-06,0.012619,Binance
2025-03-07,0.005817,Binance
2025-03-08,0.001581,Binance
2025-03-09,0.014391,Binance
2025-03-10,0.010086,Binance
2025-03-11,0.012582,Binance
2025-03-12,0.010258,Binance
2025-03-13,0.010645,Binance
2025-03-14,-0.000347,Binance
2025-03-15,-0.002278,Binance
2025-03-16,0.006548,Binance
2025-03-17,0.010036,Binance
2025-03-18,0.005773,Binance
2025-03-19,0.012929,Binance
2025-03-20,0.006491,Binance
2025-03-21,0.010678,Binance
2025-03-22,0.005421,Binance
2025-03-23,0.005875,Binance
2025-03-24,0.00209,Binance
2025-03-25,-0.005863,Binance
2025-03-26,-0.001423,Binance
2025-03-27,0.004888,Binance
2025-03-28,0.014609,Binance
2025-03-29,0.011085,Binance
2025-03-30,0.007658,Binance
2025-03-31,0.011826,Binance
2025-04-01,0.006462,Binance
2025-04-02,0.007519,Binance
2025-04-03,0.015805,Binance
2025-04-04,0.021333,Binance
2025-04-05,0.008066,Binance
2025-04-06,0.009706,Binance
2025-04-07,0.015929,Binance
2025-04-08,0.016277,Binance
2025-04-09,0.012309,Binance
2025-04-10,0.006889,Binance
2025-04-11,0.004715,Binance
2025-04-12,0.016085,Binance
2025-04-13,0.026184,Binance
2025-04-14,0.007482,Binance
2025-04-15,0.010917,Binance
2025-04-16,0.008895,Binance
2025-04-17,0.012296,Binance
2025-04-18,0.012996,Binance
2025-04-19,0.003773,Binance
2025-04-20,0.001896,Binance
2025-04-21,0.006956,Binance
2025-04-22,-0.001429,Binance
2025-04-23,0.00329,Binance
2025-04-24,0.003045,Binance
2025-04-25,-0.001474,Binance
2025-04-26,-0.010004,Binance
2025-04-27,-0.002581,Binance
2025-04-28,-0.005975,Binance
2025-04-29,0.001718,Binance
2025-04-30,-0.00252,Binance
2025-05-01,-0.014505,Binance
2025-05-02,-0.024024,Binance
2025-05-03,0.001715,Binance
2025-05-04,0.00494,Binance
2025-05-05,0.001389,Binance
2025-05-06,0.007175,Binance
2025-05-07,0.004831,Binance
2025-05-08,0.010336,Binance
2025-05-09,0.024378,Binance
2025-05-10,0.033914,Binance
2025-05-11,0.01415,Binance
2025-05-12,0.023602,Binance
2025-05-13,0.017256,Binance
2025-05-14,0.023616,Binance
2025-05-15,0.006775,Binance
2025-05-16,0.019628,Binance
2025-05-17,0.010679,Binance
2025-05-18,0.021893,Binance
2025-05-19,0.016528,Binance
2025-05-20,0.01714,Binance
2025-05-21,0.012266,Binance
2025-05-22,0.03,Binance
2025-05-23,0.025196,Binance
2025-05-24,0.015951,Binance
2025-05-25,0.025889,Binance
2025-05-26,0.019782,Binance
2025-05-27,0.017392,Binance
2025-05-28,0.013978,Binance
2025-05-29,0.011191,Binance
2025-05-30,0.022369,Binance
2025-05-31,0.012239,Binance
2025-06-01,0.00587,Binance
2025-06-02,0.014423,Binance
2025-06-03,0.010511,Binance
2025-06-04,0.003573,Binance
2025-06-05,0.008101,Binance
2025-06-06,-0.012406,Binance
2025-06-07,0.001944,Binance
2025-06-08,-0.000153,Binance
2025-06-09,0.013455,Binance
2025-06-10,0.026944,Binance
2025-06-11,0.013429,Binance
2025-06-12,0.0085,Binance
2025-06-13,0.005545,Binance
2025-06-14,0.004993,Binance
2025-06-15,0.006103,Binance
2025-06-16,0.00971,Binance
2025-06-17,0.007987,Binance
2025-06-18,0.008635,Binance
2025-06-19,0.007422,Binance
2025-06-20,0.010262,Binance
2025-06-21,0.01335,Binance
2025-06-22,0.015967,Binance
2025-06-23,0.00208,Binance
2025-06-24,0.00291,Binance
2025-06-25,0.000676,Binance
2025-06-26,0.0056,Binance
2025-06-27,0.00522,Binance
2025-06-28,0.009326,Binance
2025-06-29,0.017694,Binance
2025-06-30,0.007882,Binance
2025-07-01,0.006496,Binance
2025-07-02,0.00934,Binance
2025-07-03,0.013461,Binance
2025-07-04,0.012036,Binance
2025-07-05,0.008126,Binance
2025-07-06,0.006994,Binance
2025-07-07,0.007709,Binance
2025-07-08,0.009237,Binance
2025-07-09,0.010742,Binance
2025-07-10,0.020431,Binance
2025-07-11,0.04,Binance
2025-07-12,0.02,Binance
2025-07-13,0.038051,Binance
2025-07-14,0.02,Binance
2025-07-15,0.04,Binance
2025-07-16,0.02,Binance
2025-07-17,0.03,Binance
2025-07-18,0.03,Binance
2025-07-19,0.04,Binance
2025-07-20,0.02,Binance
2025-07-21,0.04,Binance
2025-07-22,0.03,Binance
2025-07-23,0.03,Binance
2025-07-24,0.03,Binance
2025-07-25,0.02,Binance
2025-07-26,0.03,Binance
2025-07-27,0.03,Binance
2025-07-28,0.03,Binance
2025-07-29,0.03,Binance
2025-07-30,0.035694,Binance
2025-07-31,0.02,Binance
2025-08-01,0.005822,Binance
2025-08-02,0.015774,Binance
2025-08-03,0.012037,Binance
2025-08-04,0.02092,Binance
2025-08-05,0.013373,Binance
2025-08-06,0.022735,Binance
2025-08-07,0.018692,Binance
2025-08-08,0.012105,Binance
2025-08-09,0.023073,Binance
2025-08-10,0.039849,Binance
2025-08-11,0.03,Binance
2025-08-12,0.023654,Binance
2025-08-13,0.02,Binance
2025-08-14,0.031939,Binance
2025-08-15,0.011712,Binance
2025-08-16,0.034347,Binance
2025-08-17,0.009388,Binance
2025-08-18,0.011751,Binance
2025-08-19,0.013972,Binance
2025-08-20,0.0063,Binance
2025-08-21,0.016314,Binance
2025-08-22,0.023163,Binance
2025-08-23,0.029711,Binance
2025-08-24,0.04,Binance
2025-08-25,0.022866,Binance
2025-08-26,0.0139,Binance
2025-08-27,0.016098,Binance
2025-08-28,0.021466,Binance
2025-08-29,0.014023,Binance
2025-08-30,0.016021,Binance
2025-08-31,0.018177,Binance
2025-09-01,0.021909,Binance
2025-09-02,0.015161,Binance
2025-09-03,0.008238,Binance
2025-09-04,0.014134,Binance
2025-09-05,0.026701,Binance
2025-09-06,0.01274,Binance
2025-09-07,0.01058,Binance
2025-09-08,0.027196,Binance
2025-09-09,0.025805,Binance
2025-09-10,0.020869,Binance
2025-09-11,0.007609,Binance
2025-09-12,0.016796,Binance
2025-09-13,0.003834,Binance
2025-09-14,0.016077,Binance
2025-09-15,0.022655,Binance
2025-09-16,0.01446,Binance
2025-09-17,0.021716,Binance
2025-09-18,0.017846,Binance
2025-09-19,0.01113,Binance
2025-09-20,-0.006355,Binance
2025-09-21,0.006305,Binance
2025-09-22,0.020308,Binance
2025-09-23,0.014561,Binance
2025-09-24,0.016727,Binance
2025-09-25,0.014433,Binance
2025-09-26,0.012066,Binance
2025-09-27,0.01456,Binance
2025-09-28,0.012549,Binance
2025-09-29,0.001336,Binance
2025-09-30,0.014185,Binance
2025-10-01,0.021241,Binance
2025-10-02,0.019543,Binance
2025-10-03,0.029926,Binance
2025-10-04,0.03696,Binance
2025-10-05,0.019566,Binance
2025-10-06,0.033211,Binance
2025-10-07,0.017344,Binance
2025-10-08,0.015396,Binance
2025-10-09,0.008149,Binance
2025-10-10,0.015677,Binance
2025-10-11,0.010467,Binance
2025-10-12,-0.011105,Binance
2025-10-13,-0.007769,Binance
2025-10-14,-0.003786,Binance
2025-10-15,-0.003968,Binance
2025-10-16,-0.005234,Binance
2025-10-17,-0.006029,Binance
2025-10-18,-0.010057,Binance
2025-10-19,0.002888,Binance
2025-10-20,-0.00288,Binance
2025-10-21,-0.005851,Binance
2025-10-22,0.012846,Binance
2025-10-23,0.009997,Binance
2025-10-24,0.010027,Binance
2025-10-25,0.007054,Binance
2025-10-26,0.019342,Binance
2025-10-27,0.023363,Binance
2025-10-28,0.010798,Binance
2025-10-29,0.008559,Binance
2025-10-30,0.008321,Binance
2025-10-31,0.02,Binance
2025-11-01,0.029782,Binance
2025-11-02,0.028083,Binance
2025-11-03,0.012182,Binance
2025-11-04,0.029279,Binance
2025-11-05,0.005647,Binance
2025-11-06,0.016395,Binance
2025-11-07,0.017563,Binance
2025-11-08,0.014563,Binance
2025-11-09,0.020365,Binance
2025-11-10,0.012334,Binance
2025-11-11,0.008328,Binance
2025-11-12,0.006473,Binance
2025-11-13,0.026446,Binance
2025-11-14,0.018204,Binance
2025-11-15,0.02443,Binance
2025-11-16,0.024805,Binance
2025-11-17,0.026776,Binance
2025-11-18,0.031221,Binance
2025-11-19,0.013251,Binance
2025-11-20,0.018999,Binance
2025-11-21,0.011438,Binance
2025-11-22,0.016977,Binance
2025-11-23,-0.00074,Binance
2025-11-24,-0.000386,Binance
2025-11-25,-0.001023,Binance
2025-11-26,0.009007,Binance
2025-11-27,0.004433,Binance
2025-11-28,0.004093,Binance
2025-11-29,0.004413,Binance
2025-11-30,0.017111,Binance
2025-12-01,0.004644,Binance
2025-12-02,0.003901,Binance
2025-12-03,0.003321,Binance
2025-12-04,0.015805,Binance
2025-12-05,0.005335,Binance
2025-12-06,0.007982,Binance
2025-12-07,0.006339,Binance
2025-12-08,0.00994,Binance
2025-12-09,0.012674,Binance
2025-12-10,0.007978,Binance
2025-12-11,0.007113,Binance
2025-12-12,0.014995,Binance
2025-12-13,0.022182,Binance
2025-12-14,0.006861,Binance
2025-12-15,0.002188,Binance
2025-12-16,0.012906,Binance
2025-12-17,0.021125,Binance
2025-12-18,0.019209,Binance
2025-12-19,0.02,Binance
2025-12-20,0.028087,Binance
2025-12-21,0.017239,Binance
2025-12-22,0.013811,Binance
2025-12-23,0.007026,Binance
2025-12-24,0.030335,Binance
2025-12-25,0.016275,Binance
2025-12-26,0.021614,Binance
2025-12-27,0.008638,Binance
2025-12-28,0.017383,Binance
2025-12-29,0.024826,Binance
2025-12-30,0.022958,Binance
2025-12-31,0.008125,Binance
2026-01-01,0.021711,Binance
2026-01-02,0.01464,Binance
2026-01-03,0.020591,Binance
2026-01-04,0.019142,Binance
2026-01-05,0.012953,Binance
2026-01-06,0.004131,Binance
2026-01-07,0.019467,Binance
2026-01-08,0.025129,Binance
2026-01-09,0.010306,Binance
2026-01-10,0.013892,Binance
2026-01-11,0.015081,Binance
2026-01-12,0.009365,Binance
2026-01-13,0.015657,Binance
2026-01-14,0.006206,Binance
2026-01-15,0.010615,Binance
2026-01-16,0.009654,Binance
2026-01-17,0.005983,Binance
2026-01-18,0.01969,Binance
2026-01-19,0.00791,Binance
2026-01-20,0.022097,Binance
2026-01-21,0.018465,Binance
2026-01-22,0.020884,Binance
2026-01-23,0.015448,Binance
2026-01-24,0.014341,Binance
2026-01-25,0.018371,Binance
2026-01-26,0.008453,Binance
2026-01-27,0.024035,Binance
2026-01-28,0.017214,Binance
2026-01-29,0.009879,Binance
2026-01-30,0.016195,Binance
2026-01-31,0.010133,Binance
2026-02-01,0.001944,Binance
2026-02-02,-0.010959,Binance
2026-02-03,0.00178,Binance
2026-02-04,0.008288,Binance
2026-02-05,0.002917,Binance
2026-02-06,-0.027166,Binance
2026-02-07,-0.026411,Binance
2026-02-08,-0.011813,Binance
2026-02-09,-0.014311,Binance
2026-02-10,-0.012245,Binance
2026-02-11,-0.010967,Binance
2026-02-12,0.001771,Binance
2026-02-13,0.005276,Binance
2026-02-14,0.000303,Binance
2026-02-15,0.002293,Binance
2026-02-16,-0.00473,Binance
2026-02-17,0.016847,Binance
2026-02-18,0.003463,Binance
2026-02-19,0.000985,Binance
2026-02-20,0.000631,Binance
2026-02-21,0.010176,Binance
2026-02-22,0.005744,Binance
2026-02-23,-0.00012,Binance
2026-02-24,0.004331,Binance
2026-02-25,-0.000558,Binance
2026-02-26,0.002879,Binance
2026-02-27,-0.005729,Binance
2026-02-28,-0.008032,Binance
2026-03-01,0.006823,Binance
2026-03-02,-0.003524,Binance
2026-03-03,0.002918,Binance
2026-03-04,0.00538,Binance
2026-03-05,0.005139,Binance
2026-03-06,-0.003548,Binance
2026-03-07,-7.3e-05,Binance
2026-03-08,-0.014249,Binance
2026-03-09,-0.00801,Binance
2026-03-10,-0.010478,Binance
2026-03-11,-0.018878,Binance
2026-03-12,-0.012773,Binance
2026-03-13,0.000836,Binance
2026-03-14,-0.011101,Binance
2026-03-15,-0.001289,Binance
2026-03-16,0.009395,Binance
2026-03-17,-0.003765,Binance
2026-03-18,-0.009938,Binance
2026-03-19,-0.001807,Binance
2026-03-20,-0.000338,Binance
2026-03-21,0.000355,Binance
2026-03-22,-0.012535,Binance
2026-03-23,0.001526,Binance
2026-03-24,0.009041,Binance
2026-03-25,0.005795,Binance
2026-03-26,0.001724,Binance
2026-03-27,-0.009214,Binance
2026-03-28,-0.015865,Binance
2026-03-29,-0.000715,Binance
2026-03-30,0.001366,Binance
2026-03-31,-0.008133,Binance
2026-04-01,0.000116,Binance
2026-04-02,-0.003863,Binance
2026-04-03,0.003513,Binance
2026-04-04,0.005766,Binance
2026-04-05,0.008108,Binance
2026-04-06,0.012725,Binance
2026-04-07,0.017116,Binance
2026-04-08,0.005464,Binance
2026-04-09,0.003664,Binance
2026-04-10,-0.006954,Binance
2026-04-11,-0.020946,Binance
2026-04-12,-0.004025,Binance
2026-04-13,-0.005826,Binance
2026-04-14,-0.017669,Binance
2026-04-15,-0.012236,Binance
2026-04-16,-0.008484,Binance
2026-04-17,-0.004711,Binance
2026-04-18,-0.019766,Binance
2026-04-19,-0.032505,Binance
2026-04-20,-0.01546,Binance
2026-04-21,-0.010066,Binance
2026-04-22,-0.007296,Binance
2026-04-23,-0.010249,Binance
2026-04-24,-0.015923,Binance
2026-04-25,-0.011934,Binance
2026-04-26,0.000589,Binance
2026-04-27,-0.014088,Binance
2026-04-28,-0.001913,Binance
2026-04-29,0.002036,Binance
2026-04-30,-0.012707,Binance
2026-05-01,-0.004953,Binance
2026-05-02,-0.008465,Binance
2026-05-03,0.005899,Binance
2026-05-04,-0.003701,Binance
2026-05-05,-0.012866,Binance
2026-05-06,-0.024915,Binance
2026-05-07,-0.007582,Binance
2026-05-08,-0.004692,Binance
2026-05-09,-0.000147,Binance
2026-05-10,0.016278,Binance
2026-05-11,0.007147,Binance
2026-05-12,0.009584,Binance
2026-05-13,0.012553,Binance
2026-05-14,0.006711,Binance
2026-05-15,-0.000345,Binance
2026-05-16,0.01272,Binance
2026-05-17,0.001224,Binance
2026-05-18,0.011825,Binance
2026-05-19,0.015536,Binance
2026-05-20,0.018095,Binance
2026-05-21,0.015622,Binance
2026-05-22,0.002071,Binance
2026-05-23,0.010249,Binance
2026-05-24,0.021599,Binance
2026-05-25,0.01956,Binance
2026-05-26,0.019628,Binance
2026-05-27,0.018862,Binance
2026-05-28,0.035011,Binance
2026-05-29,0.015557,Binance
2026-05-30,0.015378,Binance
2026-05-31,0.011651,Binance
2026-06-01,0.030141,Binance
2026-06-02,0.014335,Binance
2026-06-03,0.022394,Binance
2026-06-04,0.004462,Binance
2026-06-05,-0.003528,Binance
2026-06-06,0.002164,Binance
2026-06-07,0.003854,Binance
2026-06-08,0.002011,Binance
2026-06-09,0.003647,Binance
2026-06-10,-0.001289,Binance
2026-06-11,0.003958,Binance
2026-06-12,0.008643,Binance
2026-06-13,0.000998,Binance
2026-06-14,-0.012432,Binance
2026-06-15,-0.003078,Binance
2026-06-16,-0.000864,Binance
2026-06-17,-0.00731,Binance
2026-06-18,0.005404,Binance
2026-06-19,0.010846,Binance
2026-06-20,0.01321,Binance
2026-06-21,0.013795,Binance
2026-06-22,0.006327,Binance
2026-06-23,0.003807,Binance
2026-06-24,0.002892,Binance
2026-06-25,-0.000223,Binance
2026-06-26,0.023765,Binance
2026-06-27,0.012284,Binance
2026-06-28,0.005785,Binance
2026-06-29,0.025389,Binance
2026-06-30,0.017208,Binance
2026-07-01,0.016927,Binance
2026-07-02,0.020499,Binance
2026-07-03,0.02374,Binance
2026-07-04,0.01948,Binance
2026-07-05,0.034714,Binance
2026-07-06,0.02612,Binance
2026-07-07,0.017463,Binance
2026-07-08,0.014055,Binance
2026-07-09,0.020585,Binance
2026-07-10,0.026755,Binance
2026-07-11,0.009749,Binance
2026-07-12,0.015414,Binance
2026-07-13,0.023112,Binance
2026-07-14,0.009079,Binance
2026-07-15,0.026883,Binance
2026-07-16,0.021325,Binance
2026-07-17,0.010639,Binance
2026-07-18,0.010281,Binance
2026-07-19,0.017436,Binance
2026-07-20,0.011796,Binance
2026-07-21,0.020148,Binance
2026-07-22,0.006548,Binance
2026-07-23,0.016327,Binance
2026-07-24,0.011028,Binance
2026-07-25,0.016106,Binance
2026-07-26,0.011703,Binance
2026-07-27,0.021847,Binance
2026-07-28,0.016814,Binance
2026-07-29,0.022127,Binance
2026-07-30,0.016307,Binance
2026-07-31,0.025069,Binance
2026-08-01,0.015361,Binance
2026-08-02,0.02665,Binance
2026-08-03,0.008838,Binance
2026-08-04,0.017013,Binance
2026-08-05,0.005365,Binance
2026-08-06,0.015965,Binance
2026-08-07,0.010882,Binance
2026-08-08,0.021198,Binance
2026-08-09,0.013721,Binance
2026-08-10,0.022763,Binance
2026-08-11,0.010244,Binance
2026-08-12,0.031745,Binance
2026-08-13,0.023604,Binance
2026-08-14,0.006628,Binance
2026-08-15,0.019601,Binance
2026-08-16,0.006839,Binance
2026-08-17,0.020151,Binance
2026-08-18,0.015451,Binance
2026-08-19,0.013815,Binance
2026-08-20,0.029077,Binance
2026-08-21,0.030778,Binance
2026-08-22,0.03,Binance
2026-08-23,0.02,Binance
2026-08-24,0.03,Binance
2026-08-25,0.033552,Binance
2026-08-26,0.017613,Binance
2026-08-27,0.016331,Binance
2026-08-28,0.032491,Binance
2026-08-29,0.028283,Binance
2026-08-30,0.017058,Binance
2026-08-31,0.027271,Binance
2026-09-01,0.030321,Binance
2026-09-02,0.019104,Binance
2026-09-03,0.023317,Binance
2026-09-04,0.011967,Binance
2026-09-05,0.005362,Binance
2026-09-06,0.005108,Binance
2026-09-07,0.00809,Binance
2026-09-08,0.021751,Binance
2026-09-09,0.022265,Binance
2026-09-10,0.015068,Binance
2026-09-11,0.012721,Binance
2026-09-12,0.015596,Binance
2026-09-13,0.023785,Binance
2026-09-14,0.01582,Binance
2026-09-15,0.016,Binance
2026-09-16,0.021348,Binance
2026-09-17,0.011815,Binance
2026-09-18,0.029168,Binance
2026-09-19,0.03,Binance
2026-09-20,0.017524,Binance
2026-09-21,0.027348,Binance
2026-09-22,0.013805,Binance
2026-09-23,0.00162,Binance
2026-09-24,0.00635,Binance
2026-09-25,0.003921,Binance
2026-09-26,0.009088,Binance
2026-09-27,0.004487,Binance
2026-09-28,0.007752,Binance
2026-09-29,0.015894,Binance
2026-09-30,0.006362,Binance
