datetime,open,high,low,close
2021-01-31 08:00:00,13.54060,13.81310,13.54060,13.62180
2021-01-31 12:00:00,13.58310,15.22320,13.0017004,13.28910
2021-01-31 16:00:00,13.27160,14.12360,12.61310,13.20250
2021-01-31 20:00:00,13.12450,13.65740,12.51090,13.47040
2021-02-01 00:00:00,13.41480,13.53760,12.57750,12.68460
2021-02-01 04:00:00,12.70160,13.44550,12.66660,13.18270
2021-02-01 08:00:00,13.19430,13.38690,12.78140,12.88000
2021-02-01 12:00:00,12.88510,13.016800,12.61000,12.88860
2021-02-01 16:00:00,12.90610,13.018700,12.72650,12.97230
2021-02-01 20:00:00,12.96450,13.26900,12.87240,13.22560
2021-02-02 00:00:00,13.20600,13.52570,12.78460,12.78460
2021-02-02 04:00:00,12.78420,13.21500,12.78420,12.95840
2021-02-02 08:00:00,12.94050,13.24930,12.88760,13.16860
2021-02-02 12:00:00,13.16880,13.19640,13.020000,13.091100
2021-02-02 16:00:00,13.098900,13.30140,13.055500,13.21770
2021-02-02 20:00:00,13.23770,13.66250,13.091000,13.48200
2021-02-03 00:00:00,13.5,13.55680,13.1875,13.34880
2021-02-03 04:00:00,13.35310,14.27500,13.20430,14.16440
2021-02-03 08:00:00,14.18640,14.18640,13.64010,13.90040
2021-02-03 12:00:00,13.90430,14.098600,13.70330,14.0018997
2021-02-03 16:00:00,14.071400,14.67190,13.83330,14.44950
2021-02-03 20:00:00,14.44000,14.93550,14.13560,14.84000
2021-02-04 00:00:00,14.85000,15.46410,14.61670,14.66860
2021-02-04 04:00:00,14.67000,15.87460,14.52000,15.49020
2021-02-04 08:00:00,15.47000,15.47000,13.96130,14.83290
2021-02-04 12:00:00,14.83530,15.26990,14.39700,14.72950
2021-02-04 16:00:00,14.73580,15.23000,14.63930,15.0026999
2021-02-04 20:00:00,15.028200,15.48180,14.92450,15.29360
2021-02-05 00:00:00,15.29330,15.80000,15.12060,15.79540
2021-02-05 04:00:00,15.79990,16.36570,15.40440,16.10010
2021-02-05 08:00:00,16.13890,16.92000,16.12170,16.67750
2021-02-05 12:00:00,16.66800,17.28500,16.31710,17.21020
2021-02-05 16:00:00,17.33330,18.020201,16.77420,17.1875
2021-02-05 20:00:00,17.043900,17.92770,16.99260,17.91300
2021-02-06 00:00:00,17.96650,17.98000,15.91880,16.80000
2021-02-06 04:00:00,16.76400,17.34870,16.43010,17.28520
2021-02-06 08:00:00,17.26680,18.24240,17.028999,17.28320
2021-02-06 12:00:00,17.31500,17.74700,17.063400,17.15000
2021-02-06 16:00:00,17.10390,17.75100,17.10390,17.68930
2021-02-06 20:00:00,17.70810,18.57830,17.33290,18.10200
2021-02-07 00:00:00,18.082800,19.42340,17.94700,18.56990
2021-02-07 04:00:00,18.52280,19.48990,18.053200,19.48990
2021-02-07 08:00:00,19.48350,23.97620,18.96800,23.77620
2021-02-07 12:00:00,23.65500,23.65500,20.68990,20.70180
2021-02-07 16:00:00,20.47980,23.55000,20.47970,23.14410
2021-02-07 20:00:00,23.24720,24.41760,22.12320,23.74700
2021-02-08 00:00:00,23.76730,26,23.60000,23.80410
2021-02-08 04:00:00,23.83210,29.20650,23.67990,28.50900
2021-02-08 08:00:00,28.52000,31.65730,28.011000,30.35770
2021-02-08 12:00:00,30.42000,33.096298,27.35650,31.95170
2021-02-08 16:00:00,32.84160,33.52890,30.76750,31.91730
2021-02-08 20:00:00,32.061199,32.36060,29.28340,30.11530
2021-02-09 00:00:00,30.16300,30.16300,28.55030,30.028700
2021-02-09 04:00:00,29.88280,30.91930,29.042801,30.67530
2021-02-09 08:00:00,30.61730,30.74760,28.92240,28.92240
2021-02-09 12:00:00,28.87580,30.13110,27.48010,29
2021-02-09 16:00:00,28.98280,32.58750,28.32980,31.24880
2021-02-09 20:00:00,31.20010,33,30.75910,31.54130
2021-02-10 00:00:00,31.89830,43.17210,31.40710,40.18730
2021-02-10 04:00:00,40.42120,45.1875,38.73700,43.13020
2021-02-10 08:00:00,43.39500,54.23260,42.35960,54.23260
2021-02-10 12:00:00,55.10230,57.5,42.85000,46.88880
2021-02-10 16:00:00,46.45780,55.38740,45.63730,52.82810
2021-02-10 20:00:00,52.98310,60.12090,52.98310,54.98160
2021-02-11 00:00:00,55.17850,55.17850,48.22460,50.67250
2021-02-11 04:00:00,50.67250,56.34200,50.67250,52.70000
2021-02-11 08:00:00,52.80150,52.80150,48.12870,48.32270
2021-02-11 12:00:00,48.29820,50.023800,47.36380,48.64180
2021-02-11 16:00:00,48.77180,48.77180,41.90480,47.12670
2021-02-11 20:00:00,47.088200,47.77530,43.71370,47.074402
2021-02-12 00:00:00,47.26860,47.34880,44.84820,44.87760
2021-02-12 04:00:00,44.50960,52.26680,43.51620,51.86740
2021-02-12 08:00:00,52.24220,54.43790,48.75,49.47560
2021-02-12 12:00:00,49.49860,50.34250,46.22400,48.20520
2021-02-12 16:00:00,48.67910,52.52950,47.31660,49.79890
2021-02-12 20:00:00,49.84670,51.84960,48.24010,48.29560
2021-02-13 00:00:00,48.66930,51.14260,48.66930,51.14260
2021-02-13 04:00:00,51.083599,51.77390,49.00019836,49.00019836
2021-02-13 08:00:00,49.28080,49.97050,44.53770,46.58820
2021-02-13 12:00:00,46.026501,47.60000,45.056801,46.52720
2021-02-13 16:00:00,46.65320,47.66090,44.49890,45.88400
2021-02-13 20:00:00,45.87740,45.87740,43.52670,44.15410
2021-02-14 00:00:00,44.23950,44.23950,40.82940,41.46270
2021-02-14 04:00:00,41.40530,43.21240,40.50570,42.34720
2021-02-14 08:00:00,42.52200,45.50980,42.061901,42.61010
2021-02-14 12:00:00,42.53080,44.45410,40.52380,41.69010
2021-02-14 16:00:00,41.71990,42.95000,41.41410,41.41410
2021-02-14 20:00:00,41.30650,42.11860,38.62620,39.13270
2021-02-15 00:00:00,39.35130,39.59390,33.54020,36.17440
2021-02-15 04:00:00,36.0061989,39.59770,33.85340,39.52380
2021-02-15 08:00:00,39.66490,39.83000,36.80770,39.62990
2021-02-15 12:00:00,39.68170,44.49890,38.53370,42.42520
2021-02-15 16:00:00,42.89980,42.99800,40.82810,42.15420
2021-02-15 20:00:00,42.11900,42.29980,35.55550,38.19590
2021-02-16 00:00:00,38.40930,39.59300,36.13150,37.93650
2021-02-16 04:00:00,37.86370,38.18230,37.10040,37.59340
2021-02-16 08:00:00,37.59800,39.46700,37.21630,37.21970
2021-02-16 12:00:00,37.0013008,38.35900,36.52420,37.18730
2021-02-16 16:00:00,37.068802,38.64880,35.28520,36.0023994
2021-02-16 20:00:00,36.016998,38.51270,35.24810,36.49480
2021-02-17 00:00:00,36.54410,37.21230,34.34330,34.88180
2021-02-17 04:00:00,34.93950,36.056000,34.18060,36.056000
2021-02-17 08:00:00,36.089901,38.39190,35.29960,37.54580
2021-02-17 12:00:00,37.76910,41.62670,37.45690,38.15730
2021-02-17 16:00:00,38.42680,39.027302,37.38020,37.46910
2021-02-17 20:00:00,37.65280,37.87030,35.80000,37.35900
2021-02-18 00:00:00,37.33470,39.85410,36.20000,39.29430
2021-02-18 04:00:00,39.46850,41.92850,38.39820,41.81890
2021-02-18 08:00:00,41.94910,44.48910,41.72640,42.60000
2021-02-18 12:00:00,42.80330,42.86410,40.10890,40.91970
2021-02-18 16:00:00,41.000099182,41.51480,40.17180,41.29080
2021-02-18 20:00:00,41.34710,41.55000,40.44000,40.95630
2021-02-19 00:00:00,41.047100,41.22840,37.70290,38.40290
2021-02-19 04:00:00,38.43230,40.000099182,38.031300,39.77950
2021-02-19 08:00:00,39.92320,40.26740,39.064400,39.75130
2021-02-19 12:00:00,39.72900,40.76930,38.41760,39.073502
2021-02-19 16:00:00,39.12320,40.24960,38.099998,38.86060
2021-02-19 20:00:00,38.88500,39.49800,38.15840,38.76170
2021-02-20 00:00:00,38.88730,39.48010,37.55200,38.36450
2021-02-20 04:00:00,38.30830,40.89360,38.30830,39.74250
2021-02-20 08:00:00,39.76770,42.78790,39.38710,41.70970
2021-02-20 12:00:00,41.55000,41.95090,38.34570,39.29110
2021-02-20 16:00:00,39.82380,40.30130,39.034401,39.59000
2021-02-20 20:00:00,39.49150,39.49150,32.31260,35.82130
2021-02-21 00:00:00,35.91480,37.63630,34.99910,36.23370
2021-02-21 04:00:00,36.31630,37.64360,35.87750,36.24090
2021-02-21 08:00:00,36.27230,37.97570,36.030201,37.59740
2021-02-21 12:00:00,37.65080,37.66530,36.32950,36.5
2021-02-21 16:00:00,36.63020,36.79900,36.057201,36.30520
2021-02-21 20:00:00,36.36080,36.37950,35.046398,36.16460
2021-02-22 00:00:00,36.23880,36.23880,34.15220,34.39600
2021-02-22 04:00:00,34.15000,35.10760,33.45400,35.10760
2021-02-22 08:00:00,35.20790,35.20790,31.95220,32.99000
2021-02-22 12:00:00,33.12040,33.5,25.85240,31.48270
2021-02-22 16:00:00,31.23990,32.49980,29.39260,31.88320
2021-02-22 20:00:00,31.93450,33.097198,31.32300,32.22390
2021-02-23 00:00:00,32.22050,32.22050,29.077299,29.30230
2021-02-23 04:00:00,29.36960,29.88180,27.019400,28.24750
2021-02-23 08:00:00,28.34440,28.5,23.19000,24.92960
2021-02-23 12:00:00,24.72510,28.84590,24.72510,27.56910
2021-02-23 16:00:00,27.59370,28.25730,24.69890,25.026400
2021-02-23 20:00:00,24.78010,27.64630,24.73420,27.54010
2021-02-24 00:00:00,27.58890,28.66630,25.40990,27.90580
2021-02-24 04:00:00,28.023899,30.44950,26.88770,30.44390
2021-02-24 08:00:00,30.49310,31.90410,29.46750,30.53000
2021-02-24 12:00:00,30.53390,31.46020,27.71460,29.45000
2021-02-24 16:00:00,29.49890,29.95080,28.24280,28.28150
2021-02-24 20:00:00,28.29630,30.11040,27.46770,29.86310
2021-02-25 00:00:00,29.71280,32.10240,29.38200,29.88830
2021-02-25 04:00:00,29.84520,30.71800,29.25570,30.44000
2021-02-25 08:00:00,30.48630,30.5,28.35560,29.28600
2021-02-25 12:00:00,29.25390,31.13730,28.98840,30.078699
2021-02-25 16:00:00,30.20630,30.84450,28.68880,28.81650
2021-02-25 20:00:00,28.80060,28.97210,26.57780,26.57780
2021-02-26 00:00:00,26.74270,27.60000,25.99640,27.26180
2021-02-26 04:00:00,27.28230,27.50700,24.90960,25.25240
2021-02-26 08:00:00,25.31780,26.93030,25.30030,26.39450
2021-02-26 12:00:00,26.45020,27.5,26.25170,27.30460
2021-02-26 16:00:00,27.33980,28.026100,26.32040,26.35330
2021-02-26 20:00:00,26.52050,26.57750,25.24460,25.93550
2021-02-27 00:00:00,26.10890,26.87760,25.82570,26.19270
2021-02-27 04:00:00,26.16780,27.42700,25.80320,27.19760
2021-02-27 08:00:00,27.20930,27.25820,25.47480,26.81740
2021-02-27 12:00:00,26.76990,27.11200,25.94500,26.16390
2021-02-27 16:00:00,26.061399,27.15990,25.86290,27.15990
2021-02-27 20:00:00,27.21990,27.21990,25.010000,25.76160
2021-02-28 00:00:00,25.62660,25.86420,23.58000,23.64080
2021-02-28 04:00:00,23.61160,24.17080,22.78690,23.091600
2021-02-28 08:00:00,23.082701,24.45210,23.082701,24.19100
2021-02-28 12:00:00,24.17630,24.26670,22.18590,22.39370
2021-02-28 16:00:00,22.40680,23.77480,22.26670,23.77480
2021-02-28 20:00:00,23.79710,24.99660,23.23550,23.93990
2021-03-01 00:00:00,24.065201,26.47530,23.63550,24.67210
2021-03-01 04:00:00,24.80000,25.57540,24.15990,24.66450
2021-03-01 08:00:00,24.66800,26.83630,24.66800,26.5
2021-03-01 12:00:00,26.51320,27.15000,25.75330,27.13890
2021-03-01 16:00:00,27.31290,27.31290,25.49340,25.80960
2021-03-01 20:00:00,25.78980,27.79170,25.78980,27.45420
2021-03-02 00:00:00,27.50580,29.47600,27.030001,27.28990
2021-03-02 04:00:00,27.30610,27.41690,25.95260,26.45570
2021-03-02 08:00:00,26.47670,28.76990,26.47670,28.21710
2021-03-02 12:00:00,28.24530,31.78000,28.23630,28.35620
2021-03-02 16:00:00,28.48580,28.77960,26.21600,26.57450
2021-03-02 20:00:00,26.51410,27.32250,25.88190,27.082500
2021-03-03 00:00:00,27.11730,27.61970,26.56000,26.65810
2021-03-03 04:00:00,26.72990,29.054300,26.72230,28.15000
2021-03-03 08:00:00,28.25750,29.28450,27.79420,28.24070
2021-03-03 12:00:00,28.25950,28.81340,27.27220,27.60310
2021-03-03 16:00:00,27.70000,29.000099182,27.54050,28.070000
2021-03-03 20:00:00,28.13780,28.17800,27.20900,27.23640
2021-03-04 00:00:00,26.88410,28.81870,26.88410,27.038700
2021-03-04 04:00:00,27.18280,27.63730,26.66370,27.36970
2021-03-04 08:00:00,27.42240,27.83340,26.55320,26.90960
2021-03-04 12:00:00,26.91000,27.065901,26.12180,26.22040
2021-03-04 16:00:00,26.17000,26.61690,24.24980,25.13000
2021-03-04 20:00:00,25.0030994,25.81570,24.76990,25.77810
2021-03-05 00:00:00,25.67190,25.67190,23.55000,24.42360
2021-03-05 04:00:00,24.38730,24.94410,23.76310,24.80470
2021-03-05 08:00:00,24.80950,24.97700,23.79330,24.89410
2021-03-05 12:00:00,24.89220,25.58910,24.44740,24.44740
2021-03-05 16:00:00,24.37220,25.066000,23.95010,24.97120
2021-03-05 20:00:00,24.99000,25.15020,24.26100,24.34530
2021-03-06 00:00:00,24.30160,24.62480,24.017300,24.15210
2021-03-06 04:00:00,24.15030,25.49770,23.85840,25.14720
2021-03-06 08:00:00,25.15400,25.38300,24.53950,24.83020
2021-03-06 12:00:00,24.83220,24.85910,23.95370,24.25160
2021-03-06 16:00:00,24.23930,24.95810,24.21390,24.70070
2021-03-06 20:00:00,24.73570,25.45000,24.51650,24.90400
2021-03-07 00:00:00,24.97860,26.58590,24.94690,25.79430
2021-03-07 04:00:00,25.84000,27.30000,25.64160,27.25400
2021-03-07 08:00:00,27.27000,27.94790,26.75530,27.18670
2021-03-07 12:00:00,27.23720,27.89440,26.61250,27.19070
2021-03-07 16:00:00,27.34400,27.45060,26.038799,26.24790
2021-03-07 20:00:00,26.22420,26.74020,25.65600,26.74020
2021-03-08 00:00:00,26.75490,26.95230,25.63960,25.96460
2021-03-08 04:00:00,25.99660,27.099899,25.74830,26.020000
2021-03-08 08:00:00,26.0056992,26.11960,25.20820,25.73900
2021-03-08 12:00:00,25.71330,26.12180,25.24600,26.12180
2021-03-08 16:00:00,26.21960,26.28780,25.51880,26.030500
2021-03-08 20:00:00,26.073601,26.14060,25.20280,25.60320
2021-03-09 00:00:00,25.70290,26.024599,23.70700,25.070700
2021-03-09 04:00:00,25.065701,25.30000,24.75010,25.18910
2021-03-09 08:00:00,25.19640,28.83520,25.19640,28.049900
2021-03-09 12:00:00,28.092800,29.43100,26.65660,29.43100
2021-03-09 16:00:00,29.51100,31.45780,28.86580,30.55410
2021-03-09 20:00:00,30.63590,34.64580,30.23130,34.35360
2021-03-10 00:00:00,34.34390,35.66920,31.070400,31.40510
2021-03-10 04:00:00,31.45340,33.25,31.16180,32.81460
2021-03-10 08:00:00,32.87460,33.64880,30.68240,31.12800
2021-03-10 12:00:00,31.093100,32.25550,30.85110,31.22480
2021-03-10 16:00:00,31.26710,32,30.32450,30.56620
2021-03-10 20:00:00,30.55130,30.61180,28.78720,29.60170
2021-03-11 00:00:00,29.68030,30.13060,28.40000,29.73630
2021-03-11 04:00:00,29.79670,30.46520,28.99500,29.60770
2021-03-11 08:00:00,29.66630,32.77620,28.84000,31.99260
2021-03-11 12:00:00,31.85320,32.81500,30.73490,31.37120
2021-03-11 16:00:00,31.60000,31.78000,30.47480,30.47480
2021-03-11 20:00:00,30.66290,31.72780,30.66230,30.79000
2021-03-12 00:00:00,30.90400,31.46670,29.73420,31.45170
2021-03-12 04:00:00,31.44640,31.51800,30.041000,30.34250
2021-03-12 08:00:00,30.33040,30.95540,29.15800,29.57210
2021-03-12 12:00:00,29.62650,29.94890,27.5,29.082600
2021-03-12 16:00:00,29.035601,29.22580,28,28.0063992
2021-03-12 20:00:00,27.93430,28.5,26.95760,27.98320
2021-03-13 00:00:00,27.99770,28.31600,26.98120,27.79070
2021-03-13 04:00:00,27.90140,28.97640,27.71850,28.17850
2021-03-13 08:00:00,28.24810,29.65000,28.036200,28.85000
2021-03-13 12:00:00,28.90000,29.68560,28.73000,29.34610
2021-03-13 16:00:00,29.37410,33.16760,29.37410,31.015699
2021-03-13 20:00:00,31.13350,31.69280,30.72330,30.86070
2021-03-14 00:00:00,30.97450,31.80470,30.018999,31.29810
2021-03-14 04:00:00,31.35640,31.39780,30.044201,30.27480
2021-03-14 08:00:00,30.31030,32.27420,30.17030,30.99850
2021-03-14 12:00:00,30.95550,31.28220,29.68000,29.94030
2021-03-14 16:00:00,29.98070,30.37980,29.68240,29.84130
2021-03-14 20:00:00,29.80140,30.32210,29.040001,29.042801
2021-03-15 00:00:00,28.83850,29.86340,28.82770,29.68590
2021-03-15 04:00:00,29.66230,30.31490,27.57600,28.39190
2021-03-15 08:00:00,28.28440,28.67000,27.076200,28.51360
2021-03-15 12:00:00,28.31940,29.65980,27.85000,28.90250
2021-03-15 16:00:00,28.98990,30.49860,28.40000,29.77830
2021-03-15 20:00:00,29.80790,30.12970,28.875,28.92350
2021-03-16 00:00:00,28.88690,29.46060,27.70800,28.24430
2021-03-16 04:00:00,28.16150,29.59190,27.90350,29.48200
2021-03-16 08:00:00,29.43710,30.30240,28.95740,29.30000
2021-03-16 12:00:00,29.28020,31.32700,28.75,30.69900
2021-03-16 16:00:00,30.94340,31.0030003,29.70560,31.0030003
2021-03-16 20:00:00,31.10780,33.17230,31.10780,33.045101
2021-03-17 00:00:00,32.99620,33.95000,31.79400,32.41440
2021-03-17 04:00:00,32.55630,32.88920,31.64560,32.55600
2021-03-17 08:00:00,32.61030,33.49580,30.82660,31.47170
2021-03-17 12:00:00,31.34390,31.68280,30.84810,31.62770
2021-03-17 16:00:00,31.57300,32.59240,30.96200,31.87270
2021-03-17 20:00:00,31.91990,33.032299,31.90150,32.67660
2021-03-18 00:00:00,32.85000,34,32.51130,32.56460
2021-03-18 04:00:00,32.58030,32.95330,31.89400,32.16040
2021-03-18 08:00:00,32.21000,33.87000,32.0028992,32.93670
2021-03-18 12:00:00,32.90950,34.80000,32.41440,34.80000
2021-03-18 16:00:00,34.90000,35.55000,33.039501,33.039501
2021-03-18 20:00:00,32.74410,34.53830,32.72740,33.19350
2021-03-19 00:00:00,33.22210,33.85610,31.68770,33.23560
2021-03-19 04:00:00,33.31190,34.5,33.10740,34.076599
2021-03-19 08:00:00,34.19990,37.45000,34.11190,37.071499
2021-03-19 12:00:00,37.46950,38.44420,36.12840,36.31370
2021-03-19 16:00:00,36.5,38.43990,35.94610,38.19000
2021-03-19 20:00:00,38.34490,38.34490,36.88640,37.36980
2021-03-20 00:00:00,37.40170,39.22190,37.16810,38.32490
2021-03-20 04:00:00,38.17310,38.75300,37.55740,37.60280
2021-03-20 08:00:00,37.65100,37.79650,36.24360,36.46340
2021-03-20 12:00:00,36.36990,36.65230,35.91000,36.063900
2021-03-20 16:00:00,36.19400,36.39360,35.38390,35.97710
2021-03-20 20:00:00,35.95640,36.0055008,34.20220,34.20220
2021-03-21 00:00:00,34.099998,35.43270,33.56170,34.16550
2021-03-21 04:00:00,34.13300,34.53820,33.17120,34.29980
2021-03-21 08:00:00,34.13360,34.69950,32.16260,32.74240
2021-03-21 12:00:00,32.57750,33.60220,32.040100,33.23270
2021-03-21 16:00:00,33.14410,33.59990,32.62130,33.0051994
2021-03-21 20:00:00,33.14600,33.84000,32.71000,32.80670
2021-03-22 00:00:00,32.82590,32.82590,31.26790,32.30210
2021-03-22 04:00:00,32.37080,33.20710,32.24420,33.20640
2021-03-22 08:00:00,33.0065002,33.55720,32.16500,33.0094986
2021-03-22 12:00:00,33.0099983,33.010502,31.84630,32.23320
2021-03-22 16:00:00,32.25900,32.47620,31.049500,31.13570
2021-03-22 20:00:00,31.045200,31.36030,28.66700,29.18060
2021-03-23 00:00:00,29.32640,30.67250,29.031700,29.65000
2021-03-23 04:00:00,29.62190,29.89700,28.17600,29.77450
2021-03-23 08:00:00,29.66960,30.43850,29.10340,29.18840
2021-03-23 12:00:00,29.37540,30.56070,29.36910,30.50240
2021-03-23 16:00:00,30.48400,30.85920,29.11750,29.24200
2021-03-23 20:00:00,29.25660,29.26730,28.27580,28.48020
2021-03-24 00:00:00,28.43980,28.70500,27.66000,28.19780
2021-03-24 04:00:00,28.13240,29.79560,27.84010,29.50590
2021-03-24 08:00:00,29.51180,30.39980,29.48970,29.58880
2021-03-24 12:00:00,29.72750,30.22800,29.32570,29.38700
2021-03-24 16:00:00,29.45650,29.45650,27.76160,27.96910
2021-03-24 20:00:00,27.86170,28.13150,24.81000,25.90000
2021-03-25 00:00:00,25.82320,26.20000,24.34030,25.96000
2021-03-25 04:00:00,25.92590,27.14120,25.71760,26.42240
2021-03-25 08:00:00,26.19340,27.46290,26.19340,26.29280
2021-03-25 12:00:00,26.37810,26.51810,25.099501,25.42390
2021-03-25 16:00:00,25.48780,26.23350,25.11910,25.75980
2021-03-25 20:00:00,25.84550,26.58400,25.52110,25.81300
2021-03-26 00:00:00,25.86200,27.58420,25.86200,27.28620
2021-03-26 04:00:00,27.26240,28.24220,27.15260,28.019800
2021-03-26 08:00:00,28.12410,28.25070,27.25350,27.65840
2021-03-26 12:00:00,27.5625,28.51680,27.5625,28.080700
2021-03-26 16:00:00,28.26390,28.87820,27.83710,28.014999
2021-03-26 20:00:00,28.039700,28.59720,27.71790,28.27300
2021-03-27 00:00:00,28.31400,28.62310,27.72750,28.032000
2021-03-27 04:00:00,28.051701,28.56200,27.90110,28.12000
2021-03-27 08:00:00,28.13910,28.46000,27.47570,27.53280
2021-03-27 12:00:00,27.52530,27.69980,26.85950,27.64000
2021-03-27 16:00:00,27.70640,28.24500,27.68870,27.83500
2021-03-27 20:00:00,27.93230,28.47600,27.53560,27.62760
2021-03-28 00:00:00,27.80120,29.15920,27.23590,28.86520
2021-03-28 04:00:00,28.94200,29.077400,28.32550,28.92970
2021-03-28 08:00:00,29.028299,29.52480,28.44990,28.52510
2021-03-28 12:00:00,28.45070,29.34770,28.031401,29.14220
2021-03-28 16:00:00,29.18500,29.22000,27.60010,28.17670
2021-03-28 20:00:00,28.18790,28.74300,27.94410,28.70050
2021-03-29 00:00:00,28.75600,29.38350,28.22610,29.055500
2021-03-29 04:00:00,29.080000,29.51660,28.68410,29.43180
2021-03-29 08:00:00,29.44730,30.34430,29.43900,29.89130
2021-03-29 12:00:00,29.98020,30.31350,29.23470,29.76540
2021-03-29 16:00:00,29.67880,30.13990,29.35250,29.41070
2021-03-29 20:00:00,29.44900,29.85860,29.25,29.54530
2021-03-30 00:00:00,29.54270,29.64090,28.96130,29.39670
2021-03-30 04:00:00,29.32390,30.80940,29.13770,30.44460
2021-03-30 08:00:00,30.47460,30.78130,30,30.33200
2021-03-30 12:00:00,30.32970,30.34430,29.082300,29.28760
2021-03-30 16:00:00,29.48840,29.87340,29.29990,29.83530
2021-03-30 20:00:00,29.83940,29.87560,29.28990,29.60760
2021-03-31 00:00:00,29.63000,29.89910,28.22720,28.42030
2021-03-31 04:00:00,28.38290,29.26000,27.80000,28.38210
2021-03-31 08:00:00,28.35270,28.35270,26.43680,28.17380
2021-03-31 12:00:00,28.18080,28.90010,27.83820,28.50360
2021-03-31 16:00:00,28.61900,28.61900,27.71840,28.17000
2021-03-31 20:00:00,28.15520,28.75010,27.86640,28.73880
2021-04-01 00:00:00,28.76390,29.26500,28.48180,29.24970
2021-04-01 04:00:00,29.30570,29.30570,28.36750,28.48890
2021-04-01 08:00:00,28.58000,29.095301,27.91630,28.087999
2021-04-01 12:00:00,28.034300,28.92730,27.97000,28.75220
2021-04-01 16:00:00,28.92000,28.92000,27.81060,28.61150
2021-04-01 20:00:00,28.62970,28.65990,27.98600,28.34370
2021-04-02 00:00:00,28.29070,28.88420,27.97710,28.87460
2021-04-02 04:00:00,28.94620,29.57410,28.55280,29.44930
2021-04-02 08:00:00,29.44990,29.53260,28.95870,29.21940
2021-04-02 12:00:00,29.28560,29.36530,28.47870,29.19870
2021-04-02 16:00:00,29.34630,29.37090,28.35110,28.61760
2021-04-02 20:00:00,28.58750,29.10000,28.42140,29.035299
2021-04-03 00:00:00,29.10000,30.41650,29.10000,30.084101
2021-04-03 04:00:00,30.059401,32.77930,30.025000,32.77930
2021-04-03 08:00:00,32.68220,32.81780,31.18250,31.94160
2021-04-03 12:00:00,31.97780,32.48550,30.31210,30.31210
2021-04-03 16:00:00,30.65670,30.90460,28.63650,29.92850
2021-04-03 20:00:00,29.76790,29.82570,28,28.18170
2021-04-04 00:00:00,27.96970,29.31820,27.66780,29.29040
2021-04-04 04:00:00,29.25,29.40000,28.44670,29.38050
2021-04-04 08:00:00,29.46770,29.82610,28.91360,28.91360
2021-04-04 12:00:00,28.97080,29.86110,28.68880,29.047199
2021-04-04 16:00:00,29.000099182,29.83790,28.95010,29.21660
2021-04-04 20:00:00,29.21540,29.38720,28.99100,29.16180
2021-04-05 00:00:00,29.19940,30.58000,28.58370,30.047899
2021-04-05 04:00:00,29.96990,31.42050,29.34600,30.65000
2021-04-05 08:00:00,30.77620,32.55910,30.10750,32.29820
2021-04-05 12:00:00,32.29300,32.97000,31.70000,31.96140
2021-04-05 16:00:00,32.0071983,32.42180,31.17830,31.64500
2021-04-05 20:00:00,31.68000,32.32980,30.99990,31.26510
2021-04-06 00:00:00,31.25590,33.81450,31.25590,33.19610
2021-04-06 04:00:00,33.38480,34.5,32.86110,33.54670
2021-04-06 08:00:00,33.76420,34.20230,32.76960,33.22350
2021-04-06 12:00:00,33.21400,33.69440,30.20000,31.53210
2021-04-06 16:00:00,31.51790,32.45220,31.31230,31.79840
2021-04-06 20:00:00,31.78000,31.97110,30.85320,31.46350
2021-04-07 00:00:00,31.61370,32.13980,30.80470,31.45480
2021-04-07 04:00:00,31.45610,31.90350,30.60950,30.92030
2021-04-07 08:00:00,30.78780,32.56760,28.71120,29.87060
2021-04-07 12:00:00,29.81000,30.52000,28.85250,29.63240
2021-04-07 16:00:00,29.61660,30.25,28.65410,29.40320
2021-04-07 20:00:00,29.30060,30.22240,29,29.49600
2021-04-08 00:00:00,29.70000,30.56130,29.29940,30.41640
2021-04-08 04:00:00,30.40330,30.99440,30.29520,30.99130
2021-04-08 08:00:00,30.99130,31.34310,29.91020,30.13040
2021-04-08 12:00:00,30.11360,31.35180,30.044901,31.087299
2021-04-08 16:00:00,31.11890,31.60000,30.52840,30.65140
2021-04-08 20:00:00,30.67490,30.87000,30.20000,30.75100
2021-04-09 00:00:00,30.78900,31.16830,30.34500,30.44380
2021-04-09 04:00:00,30.47930,31.043900,30.37850,30.85530
2021-04-09 08:00:00,30.92070,31.46000,30.46700,31.084999
2021-04-09 12:00:00,31.13950,32.037399,30.88250,31.22980
2021-04-09 16:00:00,31.27830,31.91000,30.68520,31.83100
2021-04-09 20:00:00,31.84440,32.40720,31.27490,31.45860
2021-04-10 00:00:00,31.51780,33.50700,31.30140,33.19200
2021-04-10 04:00:00,33.23820,33.93410,32.65420,33.17150
2021-04-10 08:00:00,33.31060,33.64240,32.74550,32.94700
2021-04-10 12:00:00,33,33.16300,32.16680,32.50490
2021-04-10 16:00:00,32.5,33.45510,31.91720,31.96310
2021-04-10 20:00:00,32.050598,32.16630,30.92580,31.77600
2021-04-11 00:00:00,31.92800,32.20130,31.52440,32.030701
2021-04-11 04:00:00,32.067600,32.067600,31.070299,31.31270
2021-04-11 08:00:00,31.35770,32.27130,31.32440,31.57840
2021-04-11 12:00:00,31.60500,32.043800,30.96140,31.97790
2021-04-11 16:00:00,32.029999,32.31270,31.31540,31.80900
2021-04-11 20:00:00,31.81120,32.082401,31.43050,31.61770
2021-04-12 00:00:00,31.64040,32.82140,31.32510,32.82140
2021-04-12 04:00:00,32.86100,33.34360,32.57690,32.59760
2021-04-12 08:00:00,32.66670,32.94910,31.32750,32
2021-04-12 12:00:00,32.050999,32.18990,31.33600,31.41900
2021-04-12 16:00:00,31.46580,34.64010,31.46580,34.64010
2021-04-12 20:00:00,34.61480,35.54970,33.79160,33.81540
2021-04-13 00:00:00,34.021198,34.84400,33.58120,33.81960
2021-04-13 04:00:00,33.76540,33.83830,32.27870,32.51260
2021-04-13 08:00:00,32.58940,33.059700,31.72650,32.90870
2021-04-13 12:00:00,32.92160,33.43610,32.53330,33.040001
2021-04-13 16:00:00,33.24090,34.60000,32.68970,33.96260
2021-04-13 20:00:00,33.91310,34.15980,33.23000,33.66010
2021-04-14 00:00:00,33.69400,34.69080,32.91980,34.45450
2021-04-14 04:00:00,34.49780,36.67420,34.14680,35.57270
2021-04-14 08:00:00,35.88890,36.099800,33.49810,35.5
2021-04-14 12:00:00,35.55090,38.56000,34.48600,37.20120
2021-04-14 16:00:00,37.43100,39.10670,36.057201,37.30780
2021-04-14 20:00:00,37.33990,39.29980,36.76630,38.42950
2021-04-15 00:00:00,38.69780,38.69780,38.087002,38.55660
2021-04-15 04:00:00,39.40230,39.83990,38.64520,38.64520
2021-04-15 08:00:00,38.74420,39.13890,36.52000,36.90630
2021-04-15 12:00:00,37.077202,38.18010,36.93960,37.11200
2021-04-15 16:00:00,37.18170,37.42680,36.26330,37.40130
2021-04-15 20:00:00,37.41820,38.21370,36.98590,36.98710
2021-04-16 00:00:00,37.12710,37.36250,35.53930,36.21190
2021-04-16 04:00:00,36.13280,36.38000,35.020199,35.95260
2021-04-16 08:00:00,36.075001,36.19630,33.62700,34.90080
2021-04-16 12:00:00,34.92180,35.18000,33.13390,35.13410
2021-04-16 16:00:00,35.16010,36.28550,34.36680,35.36000
2021-04-16 20:00:00,35.44500,37.50530,34.98860,35.45960
2021-04-17 00:00:00,35.56120,36.55210,34.75330,36.55210
2021-04-17 04:00:00,36.61420,36.61420,35.79580,36.087502
2021-04-17 08:00:00,36.13000,36.85100,34.76520,35.24110
2021-04-17 12:00:00,34.99020,35.56350,34.13270,34.37430
2021-04-17 16:00:00,34.30250,34.98610,33.54870,34.56770
2021-04-17 20:00:00,34.62190,35.20140,33.91050,33.99350
2021-04-18 00:00:00,33.95850,34.26250,23.069401,26.35800
2021-04-18 04:00:00,26.43820,29.66500,25.95820,29.62540
2021-04-18 08:00:00,29.60000,29.67320,25.77670,26.028400
2021-04-18 12:00:00,26.14530,28.98910,26.14530,28.78980
2021-04-18 16:00:00,28.88880,29.38430,28.087900,28.84130
2021-04-18 20:00:00,28.86770,29.56850,28.32260,29.27380
2021-04-19 00:00:00,29.33480,30.25670,28.16840,29.88060
2021-04-19 04:00:00,29.85990,30.45840,29.21240,30.10750
2021-04-19 08:00:00,30.15280,30.27170,27.61280,28.66510
2021-04-19 12:00:00,28.52110,28.62450,25.60180,25.87650
2021-04-19 16:00:00,25.78930,27.46480,25.72720,27.30160
2021-04-19 20:00:00,27.22650,27.67910,26.14770,26.18260
2021-04-20 00:00:00,26.29970,26.33310,24.072500,24.46350
2021-04-20 04:00:00,24.46350,25.81970,24.029900,24.86570
2021-04-20 08:00:00,24.87680,28.19430,24.77610,28.021601
2021-04-20 12:00:00,27.83240,27.83240,25.97200,26.50380
2021-04-20 16:00:00,26.66320,28.25,26.092100,28.22000
2021-04-20 20:00:00,28.042999,28.29970,27,27.44840
2021-04-21 00:00:00,27.45120,27.98260,26.52660,26.97200
2021-04-21 04:00:00,27.019600,27.96890,26.69230,27.16990
2021-04-21 08:00:00,27.26600,27.84160,26.019800,26.33920
2021-04-21 12:00:00,26.23870,27.92250,26.058599,27.87760
2021-04-21 16:00:00,27.93450,28.42250,27.15530,28.10240
2021-04-21 20:00:00,28.012800,28.012800,25.83840,25.84530
2021-04-22 00:00:00,25.81320,26.44370,25.10020,25.27220
2021-04-22 04:00:00,25.39920,26.55580,25.39920,26.39170
2021-04-22 08:00:00,26.36110,27.029800,25.34710,26.99820
2021-04-22 12:00:00,27.068300,27.55700,26.75630,27.16010
2021-04-22 16:00:00,27.20480,27.74530,25.40980,25.64170
2021-04-22 20:00:00,25.51090,25.58190,22.93730,23.99510
2021-04-23 00:00:00,23.90150,24.67850,19.97670,21.98370
2021-04-23 04:00:00,22.0070000,22.33710,20.27010,20.48150
2021-04-23 08:00:00,20.43460,23.93010,20.27890,23.57000
2021-04-23 12:00:00,23.69720,23.84990,21.77510,23.13700
2021-04-23 16:00:00,23.22790,23.46970,22.52710,23.35750
2021-04-23 20:00:00,23.45250,23.74980,22.61840,23.57120
2021-04-24 00:00:00,23.56690,23.74510,22.33200,23.74510
2021-04-24 04:00:00,23.68120,23.90300,22.97000,23.073299
2021-04-24 08:00:00,23.025700,23.60000,21.57980,21.81800
2021-04-24 12:00:00,21.87040,22.52120,21.51000,22.47000
2021-04-24 16:00:00,22.40160,22.68150,21.93050,22.44820
2021-04-24 20:00:00,22.49580,22.72910,21.71710,21.83100
2021-04-25 00:00:00,21.89240,22.49700,21.61320,21.65170
2021-04-25 04:00:00,21.63240,21.71310,21.63240,21.71310
2021-04-25 08:00:00,21.71310,22.48000,21.68600,22.48000
2021-04-25 12:00:00,22.45800,23.64800,22.45800,23.62200
2021-04-25 16:00:00,23.72000,23.72000,21.97200,22.010000
2021-04-25 20:00:00,21.99100,22.25,20.43600,21.54000
2021-04-26 00:00:00,21.62400,23.65400,21.40300,23.58700
2021-04-26 04:00:00,23.73800,25.48000,23.52000,25.045000
2021-04-26 08:00:00,25.10000,25.69300,24.48900,25.53500
2021-04-26 12:00:00,25.52200,25.70800,25.061001,25.54200
2021-04-26 16:00:00,25.68000,26.42700,25.00099945,26
2021-04-26 20:00:00,26.0070000,26.48800,24.58400,26.45200
2021-04-27 00:00:00,26.35300,27.26800,25.76700,26.57400
2021-04-27 04:00:00,26.56000,27.82100,26.42300,27.38700
2021-04-27 08:00:00,27.43600,27.79100,27.24300,27.69000
2021-04-27 12:00:00,27.66200,27.70000,26.44800,27.52500
2021-04-27 16:00:00,27.57500,27.63900,26.56400,26.93400
2021-04-27 20:00:00,26.92000,27.89900,26.80000,27.89900
2021-04-28 00:00:00,27.90800,28.95000,27.68000,27.79300
2021-04-28 04:00:00,27.78800,28.17000,25.90600,26.74000
2021-04-28 08:00:00,26.71300,27.46200,25.92000,27.13800
2021-04-28 12:00:00,27.18300,27.98200,26.61800,26.96300
2021-04-28 16:00:00,26.96600,28.73000,26.68800,28.57200
2021-04-28 20:00:00,28.66600,29.011000,27.33500,28.29400
2021-04-29 00:00:00,28.23400,28.32500,27.073999,27.44300
2021-04-29 04:00:00,27.32300,28.22000,26.71700,28.18300
2021-04-29 08:00:00,28.44000,28.77900,27.59400,28.69700
2021-04-29 12:00:00,28.68000,29.68600,27.92600,28.13700
2021-04-29 16:00:00,28.12700,28.15000,26.91200,27.33300
2021-04-29 20:00:00,27.21100,28.22300,26.66400,27.93100
2021-04-30 00:00:00,27.93700,28.44900,27.53100,28.40000
2021-04-30 04:00:00,28.375,30.61300,28.32100,30.19200
2021-04-30 08:00:00,30.19900,30.85300,29.90200,30.24700
2021-04-30 12:00:00,30.25700,31.73100,30.25700,31.093000
2021-04-30 16:00:00,31.25100,32.86500,31.25100,32.34700
2021-04-30 20:00:00,32.13000,33,31.70200,32.89800
2021-05-01 00:00:00,32.67700,34.59500,32.45200,34.27200
2021-05-01 04:00:00,34.37400,35.60100,33.23500,33.44100
2021-05-01 08:00:00,33.48700,34.60100,32.70000,34.60100
2021-05-01 12:00:00,34.66000,34.66000,32.62300,32.98000
2021-05-01 16:00:00,33.17000,33.32000,32.55000,32.56000
2021-05-01 20:00:00,32.67200,32.74900,31.77000,31.80900
2021-05-02 00:00:00,31.91700,32.45900,30.86200,30.89400
2021-05-02 04:00:00,30.81000,31.70400,30.49400,31.43100
2021-05-02 08:00:00,31.47600,32.37700,30.83000,32.16300
2021-05-02 12:00:00,32.34100,32.34100,31.50100,31.74300
2021-05-02 16:00:00,31.74300,32.33300,31.55200,32.14900
2021-05-02 20:00:00,32.15000,32.63000,30.98700,31.27900
2021-05-03 00:00:00,31.25200,32.82300,31.17600,32.82300
2021-05-03 04:00:00,32.85000,32.91300,32.37000,32.79900
2021-05-03 08:00:00,32.81000,34.52600,32.78500,32.98900
2021-05-03 12:00:00,33.054001,33.72100,31.43600,33.13700
2021-05-03 16:00:00,33.25,37.098999,33.044998,35.83900
2021-05-03 20:00:00,35.88000,36.30100,34.44200,35.88500
2021-05-04 00:00:00,36.060001,36.15400,32.21500,33.14200
2021-05-04 04:00:00,33.075001,34.85000,33.016998,33.32200
2021-05-04 08:00:00,33.39400,34.81400,32.76900,34.41000
2021-05-04 12:00:00,34.37400,34.37400,31.29700,31.29700
2021-05-04 16:00:00,31.91500,31.91800,31.91500,31.91800
2021-05-05 00:00:00,31.95700,31.95700,31.95700,31.95700
2021-05-05 04:00:00,30.90300,32.39900,30.45900,32.29000
2021-05-05 08:00:00,32.33700,32.79900,31.85000,32.099998
2021-05-05 12:00:00,32.34300,33.49200,32.33300,33.14700
2021-05-05 16:00:00,33.20200,35.58100,32.80000,34.96400
2021-05-05 20:00:00,34.98600,35.5,34.041000,35.25800
2021-05-06 00:00:00,35.29000,36.77300,34.74700,35.012001
2021-05-06 04:00:00,34.98600,38.30300,34.90800,37.36500
2021-05-06 08:00:00,37.37700,38.5,37.11400,37.70200
2021-05-06 12:00:00,37.62800,37.99600,36.20900,36.49700
2021-05-06 16:00:00,36.52000,39.21000,34.99900,36.89800
2021-05-06 20:00:00,37.13600,38.44900,36.15300,37.97800
2021-05-07 00:00:00,37.98300,39.43800,36.0019989,37.018002
2021-05-07 04:00:00,37.023998,39.90900,37.020000,39.56000
2021-05-07 08:00:00,39.60000,42.88600,38.60100,42.074001
2021-05-07 12:00:00,42.23900,43.74600,41.35400,41.70000
2021-05-07 16:00:00,41.97900,42.11200,39.27100,39.81700
2021-05-07 20:00:00,39.84100,40.53400,36.64400,37.89400
2021-05-08 00:00:00,37.92200,39.00099945,37.43000,39.00099945
2021-05-08 04:00:00,38.89000,38.89600,37.25600,38.40700
2021-05-08 08:00:00,38.42800,38.66500,37.45300,38.35900
2021-05-08 12:00:00,38.39300,39.74400,37.28200,37.47100
2021-05-08 16:00:00,37.54400,39.48000,37.54400,39.48000
2021-05-08 20:00:00,39.39300,39.53800,38.29600,38.30000
2021-05-09 00:00:00,38.39500,38.71700,36.88700,37.0079994
2021-05-09 04:00:00,37.043999,37.47500,35.42300,36.59500
2021-05-09 08:00:00,36.55600,37.58100,36.53900,36.98700
2021-05-09 12:00:00,36.93200,37.25,35.65200,37.098000
2021-05-09 16:00:00,37.090000,38.34600,36.80500,37.65400
2021-05-09 20:00:00,37.89900,39.32400,37.89900,38.91000
2021-05-10 00:00:00,39,39.53000,38.57200,38.91100
2021-05-10 04:00:00,38.98300,41.78000,38.81100,40.91500
2021-05-10 08:00:00,40.90300,41.10200,38.13900,38.85100
2021-05-10 12:00:00,38.77900,39.14700,37.042999,38.33500
2021-05-10 16:00:00,38.42600,38.42600,32.63400,33.40000
2021-05-10 20:00:00,32.99200,35.39000,30.24400,34.74200
2021-05-11 00:00:00,34.53300,35.36200,32.65300,33.37200
2021-05-11 04:00:00,33.27600,35.40300,33.020000,35.098000
2021-05-11 08:00:00,35.016998,36.20000,34.034000,34.67700
2021-05-11 12:00:00,34.81900,36.12400,33.82900,35.79100
2021-05-11 16:00:00,35.82700,36.10100,34.97600,35.36400
2021-05-11 20:00:00,35.31000,37.26100,35.099998,36.77300
2021-05-12 00:00:00,36.80000,38.75100,36.75200,38.38100
2021-05-12 04:00:00,38.55900,38.77800,37.43600,38.61400
2021-05-12 08:00:00,38.65900,40.73800,38.084000,40.39100
2021-05-12 12:00:00,40.10300,41.39000,38.35200,38.42900
2021-05-12 16:00:00,38.38600,38.56800,36.056000,37.65500
2021-05-12 20:00:00,37.60500,38.90900,32.16200,32.16200
2021-05-13 00:00:00,32.75700,36.29100,30.99400,35.49900
2021-05-13 04:00:00,35.78100,37.11600,35.56700,36.5
2021-05-13 08:00:00,36.57100,36.85000,32.11100,33.86400
2021-05-13 12:00:00,33.88300,35.52100,33.53300,33.99700
2021-05-13 16:00:00,34.046001,35.053001,31.32500,32.81100
2021-05-13 20:00:00,32.86900,35.013000,32.59400,35
2021-05-14 00:00:00,35.069000,35.45000,33.66300,34.063999
2021-05-14 04:00:00,34.21700,35.094002,33.33700,35.094002
2021-05-14 08:00:00,35.071999,36.76300,34.74100,36.094002
2021-05-14 12:00:00,36.23400,37.47400,35.23200,37.18500
2021-05-14 16:00:00,37.38000,37.99300,35.77900,35.86200
2021-05-14 20:00:00,35.98300,37.38500,34.71400,36.92600
2021-05-15 00:00:00,36.95000,37.88500,35.90900,37.28000
2021-05-15 04:00:00,37.29900,38.69300,35.79800,35.79800
2021-05-15 08:00:00,35.70200,37.59800,34.45400,37.19000
2021-05-15 12:00:00,37.21900,39.92300,36.69600,38.60100
2021-05-15 16:00:00,38.50200,38.50200,34.92500,36.091999
2021-05-15 20:00:00,36.30000,36.82700,34.15200,34.46900
2021-05-16 00:00:00,34.54200,35.96800,34.23400,35.72900
2021-05-16 04:00:00,35.81500,37.35900,35.44100,37.037998
2021-05-16 08:00:00,37.062000,39.097000,36.84100,37.34600
2021-05-16 12:00:00,37.37300,39.61800,36.79100,37.16600
2021-05-16 16:00:00,37.043999,37.68700,32.65300,33.60000
2021-05-16 20:00:00,33.79300,36.59700,32.84900,36.59700
2021-05-17 00:00:00,36.67400,36.67400,32.70700,32.86800
2021-05-17 04:00:00,32.91700,35.41200,31.96800,35.41200
2021-05-17 08:00:00,35.34400,35.84400,34.23800,35.19500
2021-05-17 12:00:00,35.068001,37.83900,34.10100,34.43300
2021-05-17 16:00:00,34.030998,35.33100,32.71300,34.95200
2021-05-17 20:00:00,34.90000,35.49200,32.94000,33.67000
2021-05-18 00:00:00,33.86700,35.98800,33.34900,35.93800
2021-05-18 04:00:00,35.99800,37.64400,35.92100,36.85500
2021-05-18 08:00:00,36.89000,37.58600,36.13000,37.17400
2021-05-18 12:00:00,37.090000,37.16000,34,34.86600
2021-05-18 16:00:00,34.71000,36.51600,34.39300,36.21800
2021-05-18 20:00:00,36.11900,37.17200,35.55000,36.88000
2021-05-19 00:00:00,37.15600,38.36700,34.14000,34.37100
2021-05-19 04:00:00,34.38400,34.83000,31.68500,33.46500
2021-05-19 08:00:00,33.39900,33.59200,25.61900,28.22300
2021-05-19 12:00:00,28.28200,29.17300,18.31100,26.90000
2021-05-19 16:00:00,26.56200,29.21800,24.92700,26.75200
2021-05-19 20:00:00,26.86100,27.33100,23.16000,23.16000
2021-05-20 00:00:00,23.52400,24.5,21.018999,22.65200
2021-05-20 04:00:00,22.65000,26.55500,22.65000,25.81500
2021-05-20 08:00:00,25.92700,26.24300,24.32500,25.68400
2021-05-20 12:00:00,25.72800,28.11200,25.35700,27.0049992
2021-05-20 16:00:00,26.97300,26.97300,24.072001,26.25
2021-05-20 20:00:00,26,26.66500,24.73000,25.056000
2021-05-21 00:00:00,25.14400,26.67100,25.14400,25.38000
2021-05-21 04:00:00,25.20100,25.5,24.037001,24.37100
2021-05-21 08:00:00,24.43800,25.41400,23.70300,24.78000
2021-05-21 12:00:00,24.96500,25.12300,21.46700,21.46700
2021-05-21 16:00:00,21.49600,22.54100,20.53800,20.82500
2021-05-21 20:00:00,20.94100,21.81500,18.54600,21.81500
2021-05-22 00:00:00,21.78300,22.10200,20.16200,20.41400
2021-05-22 04:00:00,20.35000,20.60100,18.75,19.48000
2021-05-22 08:00:00,19.52900,20.97000,19.52900,20.54100
2021-05-22 12:00:00,20.68100,20.83600,19.29600,19.97900
2021-05-22 16:00:00,19.99300,20.16100,18.31500,18.38500
2021-05-22 20:00:00,18.37900,19.5,18.37900,18.80100
2021-05-23 00:00:00,18.79700,19.61100,18.49000,19.29600
2021-05-23 04:00:00,19.24800,19.31500,17.18400,17.56100
2021-05-23 08:00:00,17.59100,17.59100,15.63300,15.75400
2021-05-23 12:00:00,15.65100,15.78000,13.43900,13.72400
2021-05-23 16:00:00,13.63800,14.57100,12.15700,14.52900
2021-05-23 20:00:00,14.51000,16.14400,14.51000,15.58700
2021-05-24 00:00:00,15.66700,16.35000,15.22900,15.74600
2021-05-24 04:00:00,15.84700,17.91700,15.11900,17.84100
2021-05-24 08:00:00,17.96700,18.051001,16.73000,17.92800
2021-05-24 12:00:00,17.97900,18.65500,17.53700,18.48600
2021-05-24 16:00:00,18.49700,20,17.48500,19.93900
2021-05-24 20:00:00,19.92700,20.46100,18.81800,19.36500
2021-05-25 00:00:00,19.30500,20.17000,17.92500,18.46900
2021-05-25 04:00:00,18.34900,19.88000,17.94700,19.50500
2021-05-25 08:00:00,19.52200,19.74100,17.11400,17.28000
2021-05-25 12:00:00,17.33900,19.21200,17.22000,19.21200
2021-05-25 16:00:00,19.19200,19.27600,17.92900,18.055000
2021-05-25 20:00:00,18.12100,19.86300,18.12100,19.47400
2021-05-26 00:00:00,19.53000,20.49000,19.052999,20.48300
2021-05-26 04:00:00,20.56600,21.41000,20.090000,21.31200
2021-05-26 08:00:00,21.33600,21.39500,20.41200,20.95400
2021-05-26 12:00:00,20.93700,21.24600,19.23400,19.51300
2021-05-26 16:00:00,19.43800,19.91900,19.0090008,19.39500
2021-05-26 20:00:00,19.39200,20.88400,19.30100,20.85100
2021-05-27 00:00:00,20.77300,21.12600,18.77700,19.28400
2021-05-27 04:00:00,19.22500,20.031000,18.875,19.63000
2021-05-27 08:00:00,19.64100,20.38900,19.39200,20.23800
2021-05-27 12:00:00,20.28900,20.58300,19.78600,19.94600
2021-05-27 16:00:00,20.027000,20.027000,19.23800,19.56600
2021-05-27 20:00:00,19.48400,19.55400,18.83000,19.061001
2021-05-28 00:00:00,19,19.53300,18.54700,19.53300
2021-05-28 04:00:00,19.42200,19.42200,17.31700,17.94400
2021-05-28 08:00:00,17.91300,18.098000,16.12100,16.33700
2021-05-28 12:00:00,16.30000,17.93000,16.30000,17.63800
2021-05-28 16:00:00,17.67100,17.67100,16.85600,17.29100
2021-05-28 20:00:00,17.27400,17.58100,16.042000,16.72200
2021-05-29 00:00:00,16.69900,17.38200,16.69900,17.18200
2021-05-29 04:00:00,17.12200,17.56700,16.54900,16.79500
2021-05-29 08:00:00,16.82300,16.97500,16.091999,16.72100
2021-05-29 12:00:00,16.63200,16.63200,15.47500,15.59000
2021-05-29 16:00:00,15.66100,16.014000,15.21200,15.63000
2021-05-29 20:00:00,15.70100,16.26900,15.36400,16.15800
2021-05-30 00:00:00,16.19400,16.24900,15.16000,16.15100
2021-05-30 04:00:00,16.20000,17.14800,16.080999,17.10400
2021-05-30 08:00:00,17.15500,17.46700,16.88000,17.39300
2021-05-30 12:00:00,17.38100,17.38200,16.48000,16.75100
2021-05-30 16:00:00,16.78900,17.19800,16.60100,17.033001
2021-05-30 20:00:00,16.95900,17.14000,16.39200,16.54900
2021-05-31 00:00:00,16.40900,16.79000,15.72200,16.045000
2021-05-31 04:00:00,15.98500,17.15800,15.79300,17.049000
2021-05-31 08:00:00,17.052000,17.79600,16.92500,17.66700
2021-05-31 12:00:00,17.70000,17.85400,17.034000,17.75900
2021-05-31 16:00:00,17.79300,18.18100,17.40000,17.57900
2021-05-31 20:00:00,17.65100,18.16700,17.54000,18.16700
2021-06-01 00:00:00,18.093000,18.54800,17.74900,17.82000
2021-06-01 04:00:00,17.75500,18.51000,17.70000,17.93500
2021-06-01 08:00:00,17.91000,17.98800,17.18800,17.87800
2021-06-01 12:00:00,17.75,18.18600,17.19900,17.54100
2021-06-01 16:00:00,17.55500,17.82800,17.34800,17.40000
2021-06-01 20:00:00,17.40600,17.90900,17.37300,17.76000
2021-06-02 00:00:00,17.77600,17.94100,17.17400,17.82400
2021-06-02 04:00:00,17.83700,18.033001,17.57200,17.94000
2021-06-02 08:00:00,17.95400,18.31100,17.81800,18.14800
2021-06-02 12:00:00,18.19200,19.35700,18.19200,19.23700
2021-06-02 16:00:00,19.26400,19.26400,18.72400,19.059000
2021-06-02 20:00:00,19.035999,19.068001,18.46300,18.68700
2021-06-03 00:00:00,18.62200,19.30000,18.23000,19.24400
2021-06-03 04:00:00,19.23100,20.16900,19.22600,19.92000
2021-06-03 08:00:00,19.96800,20.66700,19.94500,20.018000
2021-06-03 12:00:00,20.099001,20.27000,19.33600,19.50300
2021-06-03 16:00:00,19.49000,20.26600,19.40000,19.62100
2021-06-03 20:00:00,19.63700,20.56300,19.62600,20.26800
2021-06-04 00:00:00,20.20000,20.55000,18.56800,19.12800
2021-06-04 04:00:00,19.042000,19.16800,17.45600,17.95600
2021-06-04 08:00:00,17.88600,18.22200,17.75,17.89500
2021-06-04 12:00:00,17.80400,18.35900,17.45800,18.29000
2021-06-04 16:00:00,18.17000,18.98900,18.17000,18.41700
2021-06-04 20:00:00,18.41100,18.74300,17.96500,18.26000
2021-06-05 00:00:00,18.28900,19.070000,18.15900,18.65600
2021-06-05 04:00:00,18.67600,19.11900,18.65600,18.74900
2021-06-05 08:00:00,18.76000,19.10300,17.63200,17.85000
2021-06-05 12:00:00,17.68900,18.077999,17.51300,18.077999
2021-06-05 16:00:00,18.051001,18.054001,17.45200,17.45700
2021-06-05 20:00:00,17.46400,17.83800,16.90000,17.23900
2021-06-06 00:00:00,17.19500,17.72900,17.17900,17.62800
2021-06-06 04:00:00,17.68000,17.93500,17.40700,17.76100
2021-06-06 08:00:00,17.79200,17.99300,17.59300,17.65100
2021-06-06 12:00:00,17.64000,17.96100,17.36900,17.67800
2021-06-06 16:00:00,17.70000,17.94100,17.46000,17.48000
2021-06-06 20:00:00,17.46000,17.80100,17.10900,17.39500
2021-06-07 00:00:00,17.38300,18.035000,17.10000,17.44500
2021-06-07 04:00:00,17.47400,17.56900,17.24200,17.44100
2021-06-07 08:00:00,17.42900,17.52700,16.88900,17.30700
2021-06-07 12:00:00,17.36200,17.61300,17.12100,17.25100
2021-06-07 16:00:00,17.28700,17.35500,16.52800,16.81000
2021-06-07 20:00:00,16.80400,16.84300,15.36600,15.52100
2021-06-08 00:00:00,15.54400,16.041000,14.36200,14.81300
2021-06-08 04:00:00,14.76500,15.34200,14.63400,15.0039997
2021-06-08 08:00:00,14.99800,15.31200,14.81000,15.17900
2021-06-08 12:00:00,15.17600,15.22300,13.66900,14.25500
2021-06-08 16:00:00,14.19600,14.85100,14.19600,14.85100
2021-06-08 20:00:00,14.80100,15.15600,14.64400,14.81900
2021-06-09 00:00:00,14.78200,14.87900,13.84100,13.91200
2021-06-09 04:00:00,13.91700,15.16600,13.68100,14.80000
2021-06-09 08:00:00,14.74500,14.97200,14.40900,14.96100
2021-06-09 12:00:00,15.084000,15.61400,14.58600,15.51400
2021-06-09 16:00:00,15.49900,15.74400,14.85000,15.085000
2021-06-09 20:00:00,15.15000,15.38400,14.87000,15.38400
2021-06-10 00:00:00,15.41400,15.54500,14.63900,14.64300
2021-06-10 04:00:00,14.60300,14.79100,14.35600,14.70500
2021-06-10 08:00:00,14.67300,14.93600,14.23500,14.61800
2021-06-10 12:00:00,14.60900,14.69000,14.096000,14.24100
2021-06-10 16:00:00,14.24800,14.41100,13.92200,14
2021-06-10 20:00:00,13.98400,14.33000,13.75400,14.16600
2021-06-11 00:00:00,14.19400,14.39700,13.67800,13.90600
2021-06-11 04:00:00,13.92400,14.15400,13.57300,13.83900
2021-06-11 08:00:00,13.84100,14.60300,13.84100,14.43200
2021-06-11 12:00:00,14.42900,14.61400,13.90100,13.96100
2021-06-11 16:00:00,13.94000,14.045000,13.65600,13.92500
2021-06-11 20:00:00,13.82300,14.0030003,13.16000,13.41300
2021-06-12 00:00:00,13.34400,13.34600,12.65100,13.10400
2021-06-12 04:00:00,13.083000,13.40300,12.82300,13.31900
2021-06-12 08:00:00,13.32300,13.60900,12.82000,13.30300
2021-06-12 12:00:00,13.29000,13.59800,13.14500,13.21000
2021-06-12 16:00:00,13.17300,13.66100,13.16500,13.43400
2021-06-12 20:00:00,13.45400,13.88400,13.45400,13.48900
2021-06-13 00:00:00,13.54900,13.89500,13.28400,13.30000
2021-06-13 04:00:00,13.29300,13.57100,13.26000,13.50500
2021-06-13 08:00:00,13.47100,14.0059996,13.33400,14.0059996
2021-06-13 12:00:00,14,14.26100,13.76400,14.057000
2021-06-13 16:00:00,14.11200,14.63500,14.045000,14.40600
2021-06-13 20:00:00,14.48000,14.98400,14.44200,14.75700
2021-06-14 00:00:00,14.76900,14.98800,14.47000,14.58600
2021-06-14 04:00:00,14.56900,15.11100,14.46100,14.79300
2021-06-14 08:00:00,14.79000,14.79800,14.38000,14.61300
2021-06-14 12:00:00,14.56700,15.29100,14.46500,15.27600
2021-06-14 16:00:00,15.37700,15.38000,14.72200,14.85100
2021-06-14 20:00:00,14.83300,15.13800,14.76200,15.10300
2021-06-15 00:00:00,15.12900,15.22300,14.95500,15.068000
2021-06-15 04:00:00,15.057000,15.54000,15.018000,15.32400
2021-06-15 08:00:00,15.32900,15.41300,14.86500,15.0080004
2021-06-15 12:00:00,15.012000,15.27500,14.67200,14.79200
2021-06-15 16:00:00,14.77400,15.31200,14.77400,14.80100
2021-06-15 20:00:00,14.76400,14.96500,14.60400,14.71400
2021-06-16 00:00:00,14.71200,14.74700,14.33600,14.56800
2021-06-16 04:00:00,14.53500,14.91300,14.51000,14.66800
2021-06-16 08:00:00,14.73400,14.86800,14.11700,14.16800
2021-06-16 12:00:00,14.14600,14.41900,14.085000,14.20800
2021-06-16 16:00:00,14.24100,14.52600,14.16300,14.41700
2021-06-16 20:00:00,14.38700,14.46300,13.92100,14.064000
2021-06-17 00:00:00,14.063000,14.95000,14.040000,14.86100
2021-06-17 04:00:00,14.86600,15.40800,14.62100,15.28000
2021-06-17 08:00:00,15.30000,15.47100,15.058000,15.18700
2021-06-17 12:00:00,15.18900,15.21700,14.85700,15.12700
2021-06-17 16:00:00,15.16400,15.16400,14.35300,14.39500
2021-06-17 20:00:00,14.35100,14.86700,14.25100,14.85900
2021-06-18 00:00:00,14.80700,15.27600,14.61200,15.041000
2021-06-18 04:00:00,15.081000,15.081000,14.65100,14.82700
2021-06-18 08:00:00,14.83300,14.84400,14.28200,14.48200
2021-06-18 12:00:00,14.47300,14.47300,13.73800,13.74500
2021-06-18 16:00:00,13.75,13.95900,13.12100,13.25100
2021-06-18 20:00:00,13.28900,13.69000,13.28900,13.60900
2021-06-19 00:00:00,13.61800,13.79100,13.21300,13.26600
2021-06-19 04:00:00,13.26500,13.74000,13.25700,13.69500
2021-06-19 08:00:00,13.69400,13.93100,13.65100,13.80800
2021-06-19 12:00:00,13.75900,14.030000,13.72700,13.88000
2021-06-19 16:00:00,13.88700,13.88700,13.56400,13.76000
2021-06-19 20:00:00,13.80100,13.84800,13.37600,13.37600
2021-06-20 00:00:00,13.40300,13.71600,13.23900,13.64900
2021-06-20 04:00:00,13.61500,13.85700,13.60300,13.63000
2021-06-20 08:00:00,13.62100,13.65700,12.86000,12.96200
2021-06-20 12:00:00,12.93300,13.40000,12.81200,13.32000
2021-06-20 16:00:00,13.28800,13.73600,13.19400,13.70000
2021-06-20 20:00:00,13.74000,14.13300,13.68600,13.90400
2021-06-21 00:00:00,13.96900,14.057000,13.41000,13.41000
2021-06-21 04:00:00,13.40200,13.40600,12.45700,12.73000
2021-06-21 08:00:00,12.72800,12.83200,11.78600,12.15100
2021-06-21 12:00:00,12.15900,12.48100,11.88900,12.39700
2021-06-21 16:00:00,12.35700,12.42900,11.75900,11.94500
2021-06-21 20:00:00,11.96500,11.98900,11.085000,11.22300
2021-06-22 00:00:00,11.19800,11.74000,10.81800,11.65900
2021-06-22 04:00:00,11.68500,11.68500,11.060000,11.18200
2021-06-22 08:00:00,11.22300,11.22500,10.28300,10.29700
2021-06-22 12:00:00,10.26900,10.55200,9.36300,10.55200
2021-06-22 16:00:00,10.59100,11.14900,10.59100,10.72900
2021-06-22 20:00:00,10.74300,11.0030003,10.43500,10.53400
2021-06-23 00:00:00,10.55900,11.59800,10.17300,11.45200
2021-06-23 04:00:00,11.40700,11.52200,11.22800,11.41200
2021-06-23 08:00:00,11.42200,11.77200,11.25800,11.41600
2021-06-23 12:00:00,11.39000,11.75200,11.080000,11.13100
2021-06-23 16:00:00,11.13400,11.35600,10.84300,10.84700
2021-06-23 20:00:00,10.86500,11.49000,10.82900,11.45600
2021-06-24 00:00:00,11.46000,11.51900,10.83500,11.099000
2021-06-24 04:00:00,11.097000,11.36900,10.98400,11.0010004
2021-06-24 08:00:00,10.99400,11.45800,10.98100,11.39300
2021-06-24 12:00:00,11.41900,11.60400,11.35700,11.40500
2021-06-24 16:00:00,11.41800,11.75,11.29100,11.58800
2021-06-24 20:00:00,11.59200,11.64300,11.37700,11.49300
2021-06-25 00:00:00,11.51400,11.75,11.27000,11.54800
2021-06-25 04:00:00,11.51200,11.51200,11.020000,11.125
2021-06-25 08:00:00,11.11300,11.28000,10.71300,10.76700
2021-06-25 12:00:00,10.75500,10.91600,10.42600,10.50100
2021-06-25 16:00:00,10.47500,10.60800,10.23100,10.50300
2021-06-25 20:00:00,10.47800,10.62900,10.20800,10.25600
2021-06-26 00:00:00,10.24100,10.57200,10.12900,10.40700
2021-06-26 04:00:00,10.40700,10.60000,9.92800,9.95000
2021-06-26 08:00:00,9.94800,10.33700,9.80000,10.30900
2021-06-26 12:00:00,10.30300,10.34900,9.81200,10.10600
2021-06-26 16:00:00,10.095000,10.27800,9.85000,10.10100
2021-06-26 20:00:00,10.12600,10.30000,9.93900,10.30000
2021-06-27 00:00:00,10.32700,10.58100,10.23300,10.53200
2021-06-27 04:00:00,10.53500,10.61000,10.34400,10.53000
2021-06-27 08:00:00,10.53500,10.63000,10.21800,10.37600
2021-06-27 12:00:00,10.38400,10.50500,10.25800,10.39000
2021-06-27 16:00:00,10.37400,10.40600,10.11800,10.19700
2021-06-27 20:00:00,10.18000,10.97500,10.091000,10.92700
2021-06-28 00:00:00,10.95600,11.21300,10.87000,10.95800
2021-06-28 04:00:00,10.97000,11.17200,10.85100,11.17200
2021-06-28 08:00:00,11.23000,11.24000,10.72600,10.79500
2021-06-28 12:00:00,10.79300,11.38300,10.72600,11.35600
2021-06-28 16:00:00,11.34200,11.40800,11.11300,11.38000
2021-06-28 20:00:00,11.39300,11.46000,11.125,11.29200
2021-06-29 00:00:00,11.34500,11.46000,11.098000,11.21400
2021-06-29 04:00:00,11.21700,11.55300,11.21700,11.38500
2021-06-29 08:00:00,11.36000,11.99700,11.31500,11.90900
2021-06-29 12:00:00,11.92000,12.31200,11.80900,12.053000
2021-06-29 16:00:00,12.048000,12.26100,11.90400,12.10800
2021-06-29 20:00:00,12.11200,12.11600,11.70100,11.82900
2021-06-30 00:00:00,11.91900,12.089000,11.56400,11.57300
2021-06-30 04:00:00,11.59800,11.88000,11.36000,11.86800
2021-06-30 08:00:00,11.88000,11.88000,11.47200,11.65000
2021-06-30 12:00:00,11.63500,11.69700,11.076000,11.10200
2021-06-30 16:00:00,11.11900,11.68400,11.035000,11.68400
2021-06-30 20:00:00,11.71700,12.083000,11.60500,11.94900
2021-07-01 00:00:00,11.94900,12.068000,11.43200,11.47000
2021-07-01 04:00:00,11.41200,11.70500,11.20800,11.20900
2021-07-01 08:00:00,11.20300,11.35200,11.098000,11.32800
2021-07-01 12:00:00,11.33200,11.39100,11.11100,11.24100
2021-07-01 16:00:00,11.23600,11.33100,11.011000,11.10000
2021-07-01 20:00:00,11.11800,11.34300,11.11800,11.23200
2021-07-02 00:00:00,11.18100,11.35400,10.80000,10.80700
2021-07-02 04:00:00,10.81400,10.91000,10.63700,10.82700
2021-07-02 08:00:00,10.81800,10.92300,10.57800,10.64000
2021-07-02 12:00:00,10.63400,10.93900,10.59900,10.92800
2021-07-02 16:00:00,10.94300,11.10600,10.83200,10.98800
2021-07-02 20:00:00,11.021000,11.14400,10.75200,11.13000
2021-07-03 00:00:00,11.11700,11.14400,10.87900,11.046000
2021-07-03 04:00:00,11.057000,11.38900,10.93700,11.33800
2021-07-03 08:00:00,11.37200,11.52200,11.33900,11.43900
2021-07-03 12:00:00,11.43700,11.60300,11.41700,11.48200
2021-07-03 16:00:00,11.49500,11.67000,11.47300,11.59200
2021-07-03 20:00:00,11.58400,11.58400,11.58400,11.58400
2021-07-04 08:00:00,11.90000,12.050000,11.80000,12.018000
2021-07-04 12:00:00,12.017000,12.50900,11.80800,12.38000
2021-07-04 16:00:00,12.44800,12.53900,12.25700,12.41800
2021-07-04 20:00:00,12.43300,12.88700,12.27700,12.34500
2021-07-05 00:00:00,12.34500,12.42000,11.98300,12.14600
2021-07-05 04:00:00,12.12200,12.41500,11.98200,12.13500
2021-07-05 08:00:00,12.16400,12.41900,11.52500,11.64600
2021-07-05 12:00:00,11.59200,11.98000,11.59200,11.85000
2021-07-05 16:00:00,11.82100,12.23600,11.59000,12.052000
2021-07-05 20:00:00,12.078000,12.40400,11.89500,12.042000
2021-07-06 00:00:00,12.055000,12.87700,12.037000,12.73300
2021-07-06 04:00:00,12.76200,13.88300,12.76200,13.78900
2021-07-06 08:00:00,13.80500,14.22000,13.25,13.66000
2021-07-06 12:00:00,13.61000,13.97700,13.40100,13.57800
2021-07-06 16:00:00,13.55900,13.63700,13.24700,13.58200
2021-07-06 20:00:00,13.57600,13.62800,13.014000,13.35600
2021-07-07 00:00:00,13.35900,13.65700,13.13100,13.56400
2021-07-07 04:00:00,13.55300,13.91700,13.45300,13.51600
2021-07-07 08:00:00,13.54500,13.66200,13.38800,13.57200
2021-07-07 12:00:00,13.57100,13.90400,13.48000,13.79800
2021-07-07 16:00:00,13.81500,14.19000,13.63300,13.93800
2021-07-07 20:00:00,13.90200,13.91200,13.047000,13.097000
2021-07-08 00:00:00,13.055000,13.10000,12.39100,12.52400
2021-07-08 04:00:00,12.48600,12.57200,11.95800,12.064000
2021-07-08 08:00:00,12.055000,12.26100,11.84400,12.23600
2021-07-08 12:00:00,12.22800,12.31500,11.99800,12.26300
2021-07-08 16:00:00,12.26200,12.49300,12.23500,12.34500
2021-07-08 20:00:00,12.36000,12.40000,11.94200,12.10000
2021-07-09 00:00:00,11.72600,12.12900,11.66000,12.12900
2021-07-09 04:00:00,12.33900,12.40500,12.13400,12.20200
2021-07-09 08:00:00,12.22400,12.40800,11.89100,11.93100
2021-07-09 12:00:00,11.91500,12.66500,11.85000,12.65200
2021-07-09 16:00:00,12.64500,12.68000,12.19400,12.23300
2021-07-09 20:00:00,12.23700,12.87400,12.23300,12.54200
2021-07-10 00:00:00,12.55900,12.84600,12.25200,12.27600
2021-07-10 04:00:00,12.27500,12.41900,12.13900,12.35000
2021-07-10 08:00:00,12.34000,12.50400,12.23500,12.35500
2021-07-10 12:00:00,12.37000,12.38500,12.14000,12.24800
2021-07-10 16:00:00,12.24800,12.40000,11.93000,12.045000
2021-07-10 20:00:00,12.019000,12.11500,11.83800,12.016000
2021-07-11 00:00:00,12.016000,12.13900,11.96000,11.96300
2021-07-11 04:00:00,12.0019999,12.18800,11.91500,12.15200
2021-07-11 08:00:00,12.17600,12.30900,12.11700,12.30600
2021-07-11 12:00:00,12.28800,12.33500,12.13700,12.30700
2021-07-11 16:00:00,12.31000,12.33200,12.17200,12.20100
2021-07-11 20:00:00,12.19700,12.48900,12.17800,12.41500
2021-07-12 00:00:00,12.43400,12.77000,12.30900,12.74700
2021-07-12 04:00:00,12.76400,12.84000,12.43300,12.63400
2021-07-12 08:00:00,12.63400,12.70200,12.22000,12.22000
2021-07-12 12:00:00,12.21000,12.45700,12.20000,12.34200
2021-07-12 16:00:00,12.30700,12.35700,11.79800,11.82600
2021-07-12 20:00:00,11.80900,12.23300,11.72200,12.18200
2021-07-13 00:00:00,12.15500,12.35600,12.041000,12.28400
2021-07-13 04:00:00,12.30400,12.32900,11.93000,12.15600
2021-07-13 08:00:00,12.17300,12.40900,12.13400,12.30000
2021-07-13 12:00:00,12.27500,12.29800,11.91000,12.26200
2021-07-13 16:00:00,12.27900,12.35000,11.77200,11.77200
2021-07-13 20:00:00,11.77100,11.98900,11.75600,11.90100
2021-07-14 00:00:00,11.91300,11.98100,11.21200,11.28100
2021-07-14 04:00:00,11.27700,11.49700,11.12400,11.32700
2021-07-14 08:00:00,11.32900,11.81800,11.14900,11.67700
2021-07-14 12:00:00,11.70400,12.10700,11.61100,11.91400
2021-07-14 16:00:00,11.92700,12.070000,11.76800,11.76800
2021-07-14 20:00:00,11.77500,11.97300,11.74200,11.79400
2021-07-15 00:00:00,11.79500,12.10200,11.65500,11.75
2021-07-15 04:00:00,11.77300,11.84000,11.64300,11.73100
2021-07-15 08:00:00,11.73600,11.82500,11.37900,11.39500
2021-07-15 12:00:00,11.39400,11.48500,11.22400,11.25600
2021-07-15 16:00:00,11.26200,11.39800,11.13600,11.38000
2021-07-15 20:00:00,11.36400,11.45900,11.26200,11.39000
2021-07-16 00:00:00,11.38300,11.63700,11.20400,11.60900
2021-07-16 04:00:00,11.58900,11.81200,11.31400,11.35300
2021-07-16 08:00:00,11.36700,11.36700,10.96500,10.98600
2021-07-16 12:00:00,10.97200,11.55300,10.97200,11.52400
2021-07-16 16:00:00,11.55000,11.56300,11.26500,11.32700
2021-07-16 20:00:00,11.30900,11.36200,10.80800,10.80800
2021-07-17 00:00:00,10.81200,11.14300,10.75200,10.89000
2021-07-17 04:00:00,10.86500,11.012000,10.81700,10.97000
2021-07-17 08:00:00,10.95500,11.077000,10.72100,10.80300
2021-07-17 12:00:00,10.80300,10.92800,10.76200,10.86000
2021-07-17 16:00:00,10.84000,11,10.79900,10.99300
2021-07-17 20:00:00,10.98900,11.070000,10.88700,10.95800
2021-07-18 00:00:00,10.94500,11.27000,10.94500,11.24300
2021-07-18 04:00:00,11.23100,11.23600,11.066000,11.11400
2021-07-18 08:00:00,11.12200,11.17600,10.93800,10.99500
2021-07-18 12:00:00,10.98500,11.0080004,10.68300,10.78200
2021-07-18 16:00:00,10.76200,10.86000,10.72200,10.79500
2021-07-18 20:00:00,10.78500,10.90800,10.68900,10.69000
2021-07-19 00:00:00,10.67100,10.75400,10.44700,10.51900
2021-07-19 04:00:00,10.53600,10.69400,10.51400,10.60500
2021-07-19 08:00:00,10.60000,10.64200,10.37100,10.42300
2021-07-19 12:00:00,10.41700,10.47500,10.050000,10.14800
2021-07-19 16:00:00,10.15200,10.28000,10.097000,10.20600
2021-07-19 20:00:00,10.23500,10.30900,10.10700,10.16800
2021-07-20 00:00:00,10.16700,10.36500,9.49100,9.52200
2021-07-20 04:00:00,9.54100,9.69500,9.54000,9.69500
2021-07-20 08:00:00,9.69000,9.70400,9.32700,9.47700
2021-07-20 12:00:00,9.47500,9.65400,9.33700,9.65400
2021-07-20 16:00:00,9.67300,9.71800,9.57600,9.63100
2021-07-20 20:00:00,9.64300,9.75500,9.52700,9.63900
2021-07-21 00:00:00,9.63500,9.80500,9.48400,9.71500
2021-07-21 04:00:00,9.71500,10.25500,9.71500,10.14700
2021-07-21 08:00:00,10.15100,10.48300,10.048000,10.45600
2021-07-21 12:00:00,10.45600,10.63100,10.26400,10.57400
2021-07-21 16:00:00,10.59500,10.72600,10.32200,10.43900
2021-07-21 20:00:00,10.42600,10.48600,10.29000,10.42500
2021-07-22 00:00:00,10.44200,10.58700,10.24400,10.31200
2021-07-22 04:00:00,10.31300,10.71200,10.31300,10.64100
2021-07-22 08:00:00,10.62900,10.72300,10.47300,10.59800
2021-07-22 12:00:00,10.58800,10.69500,10.44100,10.69300
2021-07-22 16:00:00,10.71600,10.96000,10.71600,10.88000
2021-07-22 20:00:00,10.86500,10.92200,10.60100,10.82400
2021-07-23 00:00:00,10.83300,11.17400,10.75400,10.96300
2021-07-23 04:00:00,10.96300,11.095000,10.82300,10.89200
2021-07-23 08:00:00,10.91200,10.91200,10.69600,10.73200
2021-07-23 12:00:00,10.71600,10.89200,10.67400,10.77200
2021-07-23 16:00:00,10.77700,10.77700,10.54000,10.59600
2021-07-23 20:00:00,10.59600,11.092000,10.56900,11.090000
2021-07-24 00:00:00,11.086000,11.25800,11.034000,11.25500
2021-07-24 04:00:00,11.26300,11.34100,11.13000,11.19300
2021-07-24 08:00:00,11.18300,11.36000,11.13000,11.19100
2021-07-24 12:00:00,11.17100,11.18000,11.14100,11.17100
2021-07-25 12:00:00,11.0059996,11.030000,10.76500,10.95100
2021-07-25 16:00:00,10.94800,11.056000,10.84500,10.97100
2021-07-25 20:00:00,10.97500,11.24700,10.91000,11.24700
2021-07-26 00:00:00,11.24700,12.12100,11.21500,12.0019999
2021-07-26 04:00:00,11.99200,12.68600,11.99200,12.30300
2021-07-26 08:00:00,12.30000,12.39000,12.15400,12.23800
2021-07-26 12:00:00,12.25500,12.38400,11.96700,12.18000
2021-07-26 16:00:00,12.17700,12.59500,12.12800,12.29000
2021-07-26 20:00:00,12.26800,12.26800,11.34700,11.46000
2021-07-27 00:00:00,11.44700,11.63500,11.17600,11.29500
2021-07-27 04:00:00,11.29000,11.47900,11.23300,11.47700
2021-07-27 08:00:00,11.49600,11.82900,11.41700,11.81800
2021-07-27 12:00:00,11.82900,12.32800,11.75100,11.83200
2021-07-27 16:00:00,11.84400,11.89500,11.45300,11.67400
2021-07-27 20:00:00,11.70500,12.035000,11.67900,11.91800
2021-07-28 00:00:00,11.91700,12.15900,11.69600,11.90400
2021-07-28 04:00:00,11.89000,12.18100,11.77800,12.18000
2021-07-28 08:00:00,12.17500,12.43000,12.11200,12.38500
2021-07-28 12:00:00,12.39200,12.43200,12.042000,12.14800
2021-07-28 16:00:00,12.13200,12.33200,11.87700,12.11700
2021-07-28 20:00:00,12.12700,12.32600,11.96800,12.28500
2021-07-29 00:00:00,12.33100,12.33100,11.98000,12.19400
2021-07-29 04:00:00,12.19900,12.60900,12.13800,12.51200
2021-07-29 08:00:00,12.53200,12.62900,12.23400,12.34700
2021-07-29 12:00:00,12.33500,12.33500,12.090000,12.30500
2021-07-29 16:00:00,12.29300,12.44800,12.18000,12.32800
2021-07-29 20:00:00,12.32000,12.51800,12.18500,12.43300
2021-07-30 00:00:00,12.44600,12.79400,12.30900,12.68800
2021-07-30 04:00:00,12.69000,12.77600,12.37600,12.45000
2021-07-30 08:00:00,12.44400,12.59500,11.94600,12.11400
2021-07-30 12:00:00,12.10600,12.24000,11.98600,12.24000
2021-07-30 16:00:00,12.23100,12.41400,12.19000,12.39500
2021-07-30 20:00:00,12.40600,12.99900,12.40600,12.97300
2021-07-31 00:00:00,12.98900,13.13600,12.74800,12.89100
2021-07-31 04:00:00,12.89600,12.95100,12.63400,12.76300
2021-07-31 08:00:00,12.75700,12.99000,12.73500,12.84100
2021-07-31 12:00:00,12.83000,12.93000,12.60300,12.82900
2021-07-31 16:00:00,12.82500,12.97400,12.75800,12.89000
2021-07-31 20:00:00,12.87900,13.60900,12.85900,13.50700
2021-08-01 00:00:00,13.54000,13.84300,13.36100,13.79700
2021-08-01 04:00:00,13.78600,14.071000,13.65500,13.72300
2021-08-01 08:00:00,13.72000,13.99500,13.52200,13.62000
2021-08-01 12:00:00,13.61400,13.74900,13.51500,13.57500
2021-08-01 16:00:00,13.57600,13.58600,13.040000,13.32200
2021-08-01 20:00:00,13.35700,13.55400,12.64200,12.85900
2021-08-02 00:00:00,12.85300,13.039000,12.61600,13
2021-08-02 04:00:00,12.99400,13.37100,12.93500,13.26400
2021-08-02 08:00:00,13.26500,13.29700,13.0070000,13.11000
2021-08-02 12:00:00,13.12300,13.21400,12.86400,13.17900
2021-08-02 16:00:00,13.16500,13.35400,13.034000,13.066000
2021-08-02 20:00:00,13.072000,13.13100,12.88700,12.99900
2021-08-03 00:00:00,12.99300,13.51000,12.80200,12.95600
2021-08-03 04:00:00,12.93300,12.98600,12.42600,12.72100
2021-08-03 08:00:00,12.72000,12.77300,12.56000,12.66200
2021-08-03 12:00:00,12.66600,12.80800,12.42500,12.67400
2021-08-03 16:00:00,12.67200,12.71300,12.41600,12.56400
2021-08-03 20:00:00,12.54600,12.68000,12.33500,12.55100
2021-08-04 00:00:00,12.55700,12.83300,12.41800,12.52200
2021-08-04 04:00:00,12.52200,12.73500,12.46900,12.51400
2021-08-04 08:00:00,12.51900,12.70000,12.43900,12.67600
2021-08-04 12:00:00,12.68000,13.20000,12.66900,13.12400
2021-08-04 16:00:00,13.11800,13.43500,13.037000,13.39600
2021-08-04 20:00:00,13.39300,13.76800,13.37300,13.69300
2021-08-05 00:00:00,13.76100,13.83600,13.43200,13.68400
2021-08-05 04:00:00,13.68500,13.69800,13.25500,13.34900
2021-08-05 08:00:00,13.35200,13.40100,12.99000,13.18400
2021-08-05 12:00:00,13.16000,13.71700,12.875,13.48900
2021-08-05 16:00:00,13.47800,13.81400,13.43500,13.63100
2021-08-05 20:00:00,13.66100,13.96800,13.66100,13.83400
2021-08-06 00:00:00,13.83400,13.90000,13.50700,13.55200
2021-08-06 04:00:00,13.55100,13.87800,13.50100,13.51800
2021-08-06 08:00:00,13.52300,13.59000,13.39800,13.45600
2021-08-06 12:00:00,13.44200,14.44500,13.42300,14.36200
2021-08-06 16:00:00,14.43000,15.027000,14.43000,14.81000
2021-08-06 20:00:00,14.82000,14.97400,14.58300,14.73100
2021-08-07 00:00:00,14.77000,15.42200,14.61500,15.28400
2021-08-07 04:00:00,15.29600,15.50400,15.13400,15.20500
2021-08-07 08:00:00,15.21400,15.82400,15.16400,15.82400
2021-08-07 12:00:00,15.83400,15.93000,15.031000,15.13000
2021-08-07 16:00:00,15.11600,15.13900,14.66800,15.049000
2021-08-07 20:00:00,15,15.92300,14.97200,15.82700
2021-08-08 00:00:00,15.85000,16.094000,15.53100,15.79000
2021-08-08 04:00:00,15.77500,15.93200,15.48500,15.65500
2021-08-08 08:00:00,15.66800,15.79900,15.21500,15.31500
2021-08-08 12:00:00,15.30000,15.62900,14.92900,15.040000
2021-08-08 16:00:00,15.048000,15.16400,14.57400,14.69000
2021-08-08 20:00:00,14.70400,15.094000,14.56100,14.80600
2021-08-09 00:00:00,14.83700,14.98100,14.45100,14.55600
2021-08-09 04:00:00,14.55900,14.93700,14.52400,14.92900
2021-08-09 08:00:00,14.91300,15.85500,14.75500,15.82700
2021-08-09 12:00:00,15.80800,16.62300,15.59900,16.59100
2021-08-09 16:00:00,16.61300,16.72300,16.13600,16.26000
2021-08-09 20:00:00,16.29000,16.37900,15.64100,16.17900
2021-08-10 00:00:00,16.16900,16.53500,15.82600,16.28700
2021-08-10 04:00:00,16.26900,16.64900,16.20400,16.54600
2021-08-10 08:00:00,16.50600,17.17500,16.27300,16.31300
2021-08-10 12:00:00,16.30800,16.86000,16.049999,16.16600
2021-08-10 16:00:00,16.19900,16.49800,15.91500,16.45200
2021-08-10 20:00:00,16.46000,16.74200,16.35700,16.42700
2021-08-11 00:00:00,16.42800,16.88800,16.39300,16.78800
2021-08-11 04:00:00,16.79000,17.46300,16.76300,17.28700
2021-08-11 08:00:00,17.28700,17.43500,17.077999,17.14600
2021-08-11 12:00:00,17.14100,17.48900,16.98300,17.16300
2021-08-11 16:00:00,17.17200,17.30200,17.045000,17.28700
2021-08-11 20:00:00,17.27600,17.54500,16.5,16.69000
2021-08-12 00:00:00,16.68800,17.53800,16.62800,17.34500
2021-08-12 04:00:00,17.33100,17.48900,16.20000,16.58200
2021-08-12 08:00:00,16.59000,16.75700,16.26300,16.28400
2021-08-12 12:00:00,16.25800,16.34700,15.58400,15.70600
2021-08-12 16:00:00,15.68700,16.25,15.44000,16.21600
2021-08-12 20:00:00,16.21800,16.57800,16.18300,16.57800
2021-08-13 00:00:00,16.57100,17.072001,16.40000,16.88700
2021-08-13 04:00:00,16.88700,17.98800,16.88700,17.98000
2021-08-13 08:00:00,17.95300,18.070999,17.59100,17.59100
2021-08-13 12:00:00,17.55200,17.92600,17.51500,17.61200
2021-08-13 16:00:00,17.61200,17.78100,17.52400,17.68000
2021-08-13 20:00:00,17.69000,18.28200,17.65400,18.028999
2021-08-14 00:00:00,18.044001,18.12700,17.76500,17.86300
2021-08-14 04:00:00,17.88000,18.31000,17.77900,18.28100
2021-08-14 08:00:00,18.26800,18.41300,17.19100,17.59800
2021-08-14 12:00:00,17.57300,18.27000,17.33800,18.075001
2021-08-14 16:00:00,18.098000,18.31800,17.79100,18.14800
2021-08-14 20:00:00,18.15000,18.15000,17.68700,18.080000
2021-08-15 00:00:00,18.093000,18.36000,17.91100,17.92400
2021-08-15 04:00:00,17.91300,17.91300,17.12700,17.22500
2021-08-15 08:00:00,17.22900,17.67400,17.13700,17.50400
2021-08-15 12:00:00,17.54000,17.65500,17.27500,17.54200
2021-08-15 16:00:00,17.53600,17.86400,17.35100,17.85800
2021-08-15 20:00:00,17.86000,18.82900,17.78400,18.76700
2021-08-16 00:00:00,18.78700,19.14300,18.48600,18.63200
2021-08-16 04:00:00,18.65800,19.58500,18.65800,19.41700
2021-08-16 08:00:00,19.42500,20.30400,19.15300,20.10500
2021-08-16 12:00:00,20.089001,20.16100,18.96600,20.0030003
2021-08-16 16:00:00,20.025000,21.11300,19.84300,20.063999
2021-08-16 20:00:00,19.98800,20.36500,19.038000,19.10200
2021-08-17 00:00:00,19.070999,20.28500,18.42100,20.0039997
2021-08-17 04:00:00,20.0020008,20.052999,19.047001,19.73900
2021-08-17 08:00:00,19.81600,25.34100,19.75,24.13500
2021-08-17 12:00:00,24.24700,24.85100,23.15600,23.26300
2021-08-17 16:00:00,23.26800,24.077000,22.56200,23.28400
2021-08-17 20:00:00,23.18600,24,21.64300,23.42600
2021-08-18 00:00:00,23.40700,25.28000,21.89600,23.27200
2021-08-18 04:00:00,23.33800,24.81300,22.45700,23.19600
2021-08-18 08:00:00,23.10300,23.50900,21.52700,21.64400
2021-08-18 12:00:00,21.75500,27.23900,21.69600,27.024000
2021-08-18 16:00:00,27.076000,28.43400,26.18900,26.61300
2021-08-18 20:00:00,26.61000,30.76700,26.48800,29.99300
2021-08-19 00:00:00,30.17800,32.13000,29.31100,30.28400
2021-08-19 04:00:00,30.28900,33.34100,30.13300,33.053001
2021-08-19 08:00:00,33.14800,33.75,30.50200,30.50200
2021-08-19 12:00:00,30.32000,31.43600,28.78900,29.42500
2021-08-19 16:00:00,29.52000,31.69800,28.83600,30.27600
2021-08-19 20:00:00,30.33700,31,29.59500,30.63200
2021-08-20 00:00:00,30.64900,32.83200,30.00099945,31.56200
2021-08-20 04:00:00,31.61400,36.042999,31.14000,34.85500
2021-08-20 08:00:00,34.81200,36.80900,34.18000,36.72200
2021-08-20 12:00:00,36.87900,37.25300,35.30000,35.88800
2021-08-20 16:00:00,35.88200,37.21900,35.43500,35.76500
2021-08-20 20:00:00,35.74300,39.21100,35.57400,39.041000
2021-08-21 00:00:00,39.066002,42.16800,37.76300,41.76300
2021-08-21 04:00:00,41.74000,43.69900,41.57800,43.18100
2021-08-21 08:00:00,43.16000,49.80700,43.16000,45.75500
2021-08-21 12:00:00,45.53600,50.16700,45.53600,49.021999
2021-08-21 16:00:00,49.34100,49.34100,44.61900,45.036999
2021-08-21 20:00:00,44.94900,47.45000,43.062000,43.80200
2021-08-22 00:00:00,43.69600,44.17300,41.39300,43.87400
2021-08-22 04:00:00,43.81200,44.89700,42.092999,42.40000
2021-08-22 08:00:00,42.41900,44.98000,42.41900,44.063999
2021-08-22 12:00:00,44.27800,44.32500,40.69600,41.97000
2021-08-22 16:00:00,41.81900,43.13200,41.021000,42.33600
2021-08-22 20:00:00,42.40900,44.64100,41.12200,43.55400
2021-08-23 00:00:00,43.66600,53.17700,43.66600,49.57900
2021-08-23 04:00:00,49.50100,50.20000,48.23700,49.30700
2021-08-23 08:00:00,49.36600,51.47400,47.82700,50.27700
2021-08-23 12:00:00,50.32700,50.40000,46.11600,46.59600
2021-08-23 16:00:00,46.60900,47.28500,45,46.19700
2021-08-23 20:00:00,45.84800,46.95900,45.30200,46.46200
2021-08-24 00:00:00,46.43300,49.66300,44.25300,49.18900
2021-08-24 04:00:00,49.10400,51.037998,47.53200,50.37200
2021-08-24 08:00:00,50.43100,50.43100,48.48400,49.53200
2021-08-24 12:00:00,49.65700,53.37900,47.68700,48.21200
2021-08-24 16:00:00,48.23500,52.88100,46.32500,52.60800
2021-08-24 20:00:00,52.20400,58.83800,51.93800,55.61000
2021-08-25 00:00:00,55.47600,57.40200,52.077000,52.20700
2021-08-25 04:00:00,52.23900,54.50100,50.92300,51.38100
2021-08-25 08:00:00,51.40600,51.65400,48.63300,49.17200
2021-08-25 12:00:00,49.26500,52,48.80100,50.75
2021-08-25 16:00:00,50.73300,51.0050011,47.43500,47.92900
2021-08-25 20:00:00,48.050999,48.99900,45.72000,46.22100
2021-08-26 00:00:00,46.25100,48.41000,44.49900,44.94600
2021-08-26 04:00:00,45.14700,45.56200,42.42000,43.38000
2021-08-26 08:00:00,43.5,44.69000,42.55000,43.53000
2021-08-26 12:00:00,43.39000,47.86000,42.59000,44.96000
2021-08-26 16:00:00,44.94000,45.35000,41.54000,42.38000
2021-08-26 20:00:00,42.26000,43.60000,41.21000,41.21000
2021-08-27 00:00:00,41.32000,45.72000,40.31000,42.80000
2021-08-27 04:00:00,42.84000,46.58000,41.41000,46.55000
2021-08-27 08:00:00,46.80000,46.80000,43.81000,45.78000
2021-08-27 12:00:00,45.73000,47.73000,44.45000,46.73000
2021-08-27 16:00:00,46.89000,49.33000,46.029999,48.14000
2021-08-27 20:00:00,47.94000,50.36000,47.20000,50.040001
2021-08-28 00:00:00,50.11000,50.63000,46.68000,47.070000
2021-08-28 04:00:00,46.90000,47.66000,46.23000,46.41000
2021-08-28 08:00:00,46.46000,48.41000,46.30000,46.68000
2021-08-28 12:00:00,46.59000,49.30000,46.41000,48.30000
2021-08-28 16:00:00,48.43000,51.72000,48.21000,49.26000
2021-08-28 20:00:00,49.29000,50.5,48.84000,50.12000
2021-08-29 00:00:00,50.24000,52.38000,48.94000,48.94000
2021-08-29 04:00:00,48.92000,49.57000,48.11000,48.90000
2021-08-29 08:00:00,48.69000,49.22000,47.63000,47.68000
2021-08-29 12:00:00,47.58000,48.33000,46.71000,47.12000
2021-08-29 16:00:00,47.060001,48.97000,47.060001,48.54000
2021-08-29 20:00:00,48.59000,49.19000,47.28000,47.41000
2021-08-30 00:00:00,47.35000,48.33000,44.62000,45.34000
2021-08-30 04:00:00,45.16000,46.35000,44.72000,45.82000
2021-08-30 08:00:00,45.84000,46.24000,44.93000,45.080002
2021-08-30 12:00:00,45.070000,45.070000,42.79000,43.76000
2021-08-30 16:00:00,43.75,44.67000,42.80000,44.64000
2021-08-30 20:00:00,44.64000,44.64000,41,41.39000
2021-08-31 00:00:00,41.38000,42.37000,40.64000,41.20000
2021-08-31 04:00:00,41.23000,43.58000,41.23000,43.39000
2021-08-31 08:00:00,43.46000,44.16000,42.51000,43.64000
2021-08-31 12:00:00,43.64000,43.84000,41.67000,42.82000
2021-08-31 16:00:00,42.84000,42.84000,38.57000,39.72000
2021-08-31 20:00:00,39.61000,40.15000,38.32000,39.55000
2021-09-01 00:00:00,39.54000,40.34000,38.58000,39.28000
2021-09-01 04:00:00,39.24000,45.60000,39.080002,44.31000
2021-09-01 08:00:00,44.33000,45.36000,42.58000,43.22000
2021-09-01 12:00:00,43.18000,44.76000,42.75,44.19000
2021-09-01 16:00:00,44.20000,45.12000,43.5,43.51000
2021-09-01 20:00:00,43.58000,43.65000,41.47000,42.57000
2021-09-02 00:00:00,42.47000,43.34000,41.13000,42.75
2021-09-02 04:00:00,42.79000,43.90000,42.64000,42.81000
2021-09-02 08:00:00,42.81000,44.090000,42.79000,43.60000
2021-09-02 12:00:00,43.66000,43.84000,41.71000,42
2021-09-02 16:00:00,42.029999,43.98000,41.97000,43.72000
2021-09-02 20:00:00,43.81000,47.82000,43.19000,47.65000
2021-09-03 00:00:00,47.68000,51.43000,45.21000,50.20000
2021-09-03 04:00:00,50.14000,50.70000,48.59000,49.53000
2021-09-03 08:00:00,49.55000,50.42000,47.22000,48.42000
2021-09-03 12:00:00,48.60000,48.91000,46.79000,47.22000
2021-09-03 16:00:00,47.070000,47.71000,45.80000,46.43000
2021-09-03 20:00:00,46.39000,46.39000,44.91000,45.87000
2021-09-04 00:00:00,45.93000,46.42000,44.17000,46.36000
2021-09-04 04:00:00,46.36000,47.89000,45.18000,47.5
2021-09-04 08:00:00,47.49000,49.79000,46.85000,47.47000
2021-09-04 12:00:00,47.56000,48.24000,46.23000,47.32000
2021-09-04 16:00:00,47.28000,47.73000,45.53000,46.27000
2021-09-04 20:00:00,46.28000,48.70000,46.28000,47.15000
2021-09-05 00:00:00,47.20000,47.20000,45.56000,45.64000
2021-09-05 04:00:00,45.60000,47.5,45.56000,47.090000
2021-09-05 08:00:00,47.070000,47.58000,46.40000,46.52000
2021-09-05 12:00:00,46.54000,46.83000,45.90000,46.14000
2021-09-05 16:00:00,46.15000,48.94000,46.12000,47.39000
2021-09-05 20:00:00,47.42000,49.37000,47.35000,48.14000
2021-09-06 00:00:00,48.15000,48.46000,47.029999,47.57000
2021-09-06 04:00:00,47.59000,48.82000,47.47000,48.62000
2021-09-06 08:00:00,48.67000,51.32000,47.63000,48.52000
2021-09-06 12:00:00,48.55000,48.55000,43.68000,46.69000
2021-09-06 16:00:00,46.64000,47.29000,46.24000,46.63000
2021-09-06 20:00:00,46.63000,47.44000,46.43000,47.099998
2021-09-07 00:00:00,47.090000,47.16000,45.65000,45.96000
2021-09-07 04:00:00,46,46.47000,44.22000,45.099998
2021-09-07 08:00:00,45.12000,45.15000,41.73000,43.53000
2021-09-07 12:00:00,43.40000,43.71000,32.33000,37.68000
2021-09-07 16:00:00,37.90000,41.099998,35.62000,37.39000
2021-09-07 20:00:00,37.36000,38.16000,35.70000,37.90000
2021-09-08 00:00:00,38.17000,39.42000,36.80000,37.87000
2021-09-08 04:00:00,37.98000,38.51000,34.29000,34.66000
2021-09-08 08:00:00,34.55000,36.45000,33.16000,35.74000
2021-09-08 12:00:00,35.77000,36.74000,34.20000,35.75
2021-09-08 16:00:00,35.84000,37.65000,35.55000,37.23000
2021-09-08 20:00:00,37.20000,37.80000,36.13000,36.96000
2021-09-09 00:00:00,37.0099983,37.90000,36.33000,37.57000
2021-09-09 04:00:00,37.69000,44.55000,37.49000,43.21000
2021-09-09 08:00:00,43.080002,43.28000,41.32000,42.14000
2021-09-09 12:00:00,42,44.41000,39.71000,43.45000
2021-09-09 16:00:00,43.60000,43.78000,41.17000,41.89000
2021-09-09 20:00:00,41.76000,41.85000,40.46000,40.67000
2021-09-10 00:00:00,40.75,47,40.46000,44.92000
2021-09-10 04:00:00,44.81000,45.21000,42.029999,42.16000
2021-09-10 08:00:00,42.24000,46.89000,41.70000,46.39000
2021-09-10 12:00:00,46.18000,49.26000,43.35000,47.91000
2021-09-10 16:00:00,47.92000,49.59000,46.099998,47.96000
2021-09-10 20:00:00,47.93000,49.48000,44.19000,49.18000
2021-09-11 00:00:00,49.40000,52.98000,48.54000,52.59000
2021-09-11 04:00:00,52.66000,53.099998,48.71000,50.36000
2021-09-11 08:00:00,50.84000,51.11000,48.34000,48.38000
2021-09-11 12:00:00,48.68000,51.85000,48.68000,50.49000
2021-09-11 16:00:00,50.5,57.18000,50.17000,56.27000
2021-09-11 20:00:00,56.21000,58.97000,54.5,57.17000
2021-09-12 00:00:00,57,59.61000,53.74000,59.57000
2021-09-12 04:00:00,59.84000,64.79000,58.13000,62.86000
2021-09-12 08:00:00,63.090000,64,60.36000,62.060001
2021-09-12 12:00:00,62.20000,62.5,59.74000,60.33000
2021-09-12 16:00:00,60.35000,64.55000,60.35000,61.16000
2021-09-12 20:00:00,61.14000,61.45000,56.44000,59.090000
2021-09-13 00:00:00,59.25,60.80000,52.16000,52.19000
2021-09-13 04:00:00,51.55000,55.13000,50.090000,51.080002
2021-09-13 08:00:00,51.17000,55.090000,49.48000,55.090000
2021-09-13 12:00:00,55.090000,57.59000,48.28000,52.12000
2021-09-13 16:00:00,51.62000,54.49000,51.15000,53.14000
2021-09-13 20:00:00,53.13000,55.42000,52.73000,53.19000
2021-09-14 00:00:00,53.16000,57.060001,51.70000,55.38000
2021-09-14 04:00:00,55.54000,57.34000,54.40000,54.64000
2021-09-14 08:00:00,54.68000,55.36000,53.70000,54.029999
2021-09-14 12:00:00,54.020000,54.5,50.5,52.54000
2021-09-14 16:00:00,52.57000,52.74000,50.58000,51.020000
2021-09-14 20:00:00,51.020000,51.74000,49.19000,51.40000
2021-09-15 00:00:00,51.51000,53,50.42000,50.95000
2021-09-15 04:00:00,50.85000,53.070000,50.36000,52.80000
2021-09-15 08:00:00,52.83000,54.27000,52.28000,52.38000
2021-09-15 12:00:00,52.40000,53.56000,51.54000,53.24000
2021-09-15 16:00:00,53.28000,55.40000,52.41000,55.049999
2021-09-15 20:00:00,55.020000,58.14000,54.90000,57.86000
2021-09-16 00:00:00,57.88000,61.98000,57.21000,59.24000
2021-09-16 04:00:00,59.020000,61,58.32000,60.36000
2021-09-16 08:00:00,60.5,62.33000,59.28000,60.86000
2021-09-16 12:00:00,60.71000,65.58000,58.74000,65.40000
2021-09-16 16:00:00,65.41000,67.84000,64.74000,65.55000
2021-09-16 20:00:00,65.33000,68.14000,62.36000,67.64000
2021-09-17 00:00:00,67.72000,68.83000,64.88000,67.17000
2021-09-17 04:00:00,67.12000,67.12000,62.47000,62.63000
2021-09-17 08:00:00,62.55000,64.20000,60.71000,62.13000
2021-09-17 12:00:00,61.91000,67.64000,61.51000,64.070000
2021-09-17 16:00:00,63.99000,66.65000,63.35000,65.11000
2021-09-17 20:00:00,65.089996,70.84000,64.59000,69.84000
2021-09-18 00:00:00,70.12000,73.85000,69.21000,71.75
2021-09-18 04:00:00,71.64000,75.36000,71.26000,73.96000
2021-09-18 08:00:00,74.010002,74.17000,70.80000,71.69000
2021-09-18 12:00:00,71.69000,73.19000,69.28000,71.22000
2021-09-18 16:00:00,71.21000,71.63000,67.78000,68.059998
2021-09-18 20:00:00,67.95000,69.78000,67.25,68.90000
2021-09-19 00:00:00,69,71.39000,66.57000,70.029999
2021-09-19 04:00:00,69.85000,72.90000,68.40000,72.72000
2021-09-19 08:00:00,72.81000,73.80000,69.48000,70.39000
2021-09-19 12:00:00,70.12000,75.19000,69.84000,74.81000
2021-09-19 16:00:00,75.029999,76.099998,71.83000,71.83000
2021-09-19 20:00:00,71.86000,73.010002,68.31000,70.019997
2021-09-20 00:00:00,70.099998,70.32000,63.30000,64.78000
2021-09-20 04:00:00,64.60000,67.19000,61.15000,62.98000
2021-09-20 08:00:00,63.15000,65.070000,59.19000,60.20000
2021-09-20 12:00:00,60.78000,63.099998,55.57000,61.28000
2021-09-20 16:00:00,61.40000,63.53000,57.44000,60.87000
2021-09-20 20:00:00,60.80000,61.60000,56.34000,57.25
2021-09-21 00:00:00,57.33000,59.65000,52.78000,57.73000
2021-09-21 04:00:00,57.73000,61.22000,55.47000,61.22000
2021-09-21 08:00:00,61.21000,64.49000,60.40000,63.85000
2021-09-21 12:00:00,63.94000,66.019997,62.24000,65.55000
2021-09-21 16:00:00,65.47000,66.13000,60.59000,61.23000
2021-09-21 20:00:00,60.96000,63.17000,55.38000,58.80000
2021-09-22 00:00:00,59.080002,64.86000,57.84000,62.98000
2021-09-22 04:00:00,63.13000,64.81000,61.62000,64.44000
2021-09-22 08:00:00,64.45000,65.49000,60.93000,61.31000
2021-09-22 12:00:00,61.44000,67.94000,60.93000,67.69000
2021-09-22 16:00:00,67.84000,71.20000,66.49000,70.16000
2021-09-22 20:00:00,70.059998,74.66000,69.24000,74.11000
2021-09-23 00:00:00,74.080002,77.36000,73.28000,74.36000
2021-09-23 04:00:00,74.59000,79.029999,73.14000,78.77000
2021-09-23 08:00:00,78.76000,79.57000,74.24000,75.14000
2021-09-23 12:00:00,74.99000,77.45000,73.61000,73.74000
2021-09-23 16:00:00,73.64000,76.25,72.96000,75.48000
2021-09-23 20:00:00,75.69000,77.72000,73.60000,76.44000
2021-09-24 00:00:00,76.52000,78.41000,73.77000,73.83000
2021-09-24 04:00:00,73.72000,74.64000,71.62000,74.029999
2021-09-24 08:00:00,73.94000,74.80000,66.98000,70.029999
2021-09-24 12:00:00,69.90000,74.48000,68.74000,73.099998
2021-09-24 16:00:00,73.050003,74.099998,70.97000,71.81000
2021-09-24 20:00:00,71.74000,74.93000,71.68000,72.36000
2021-09-25 00:00:00,72.31000,72.55000,69.41000,70.61000
2021-09-25 04:00:00,70.71000,71.93000,69.51000,69.67000
2021-09-25 08:00:00,69.78000,72.059998,67.79000,70.49000
2021-09-25 12:00:00,70.53000,72.13000,69.46000,70.16000
2021-09-25 16:00:00,70.18000,70.34000,68.16000,69.059998
2021-09-25 20:00:00,69.029999,69.13000,67.55000,68.28000
2021-09-26 00:00:00,68.28000,68.47000,64.43000,65.25
2021-09-26 04:00:00,65.23000,66.26000,61.71000,62.84000
2021-09-26 08:00:00,62.89000,68.67000,61.89000,67.25
2021-09-26 12:00:00,67.26000,70.41000,67.26000,70.14000
2021-09-26 16:00:00,70.010002,71.29000,67.98000,68.18000
2021-09-26 20:00:00,68.29000,69.17000,65.54000,66.84000
2021-09-27 00:00:00,66.75,70.62000,65.47000,68.56000
2021-09-27 04:00:00,68.71000,70.27000,68.099998,68.23000
2021-09-27 08:00:00,68.15000,70.87000,68.029999,70.69000
2021-09-27 12:00:00,70.59000,72.46000,69.029999,69.94000
2021-09-27 16:00:00,69.79000,70.080002,67.42000,68.30000
2021-09-27 20:00:00,68.14000,68.69000,66.28000,66.30000
2021-09-28 00:00:00,66.30000,68.78000,66.059998,68.53000
2021-09-28 04:00:00,68.69000,69.39000,66.28000,66.47000
2021-09-28 08:00:00,66.53000,67.32000,65.77000,66.87000
2021-09-28 12:00:00,67.13000,67.46000,63.84000,63.89000
2021-09-28 16:00:00,63.82000,64.52000,61.74000,63.060001
2021-09-28 20:00:00,63.18000,64.45000,61.21000,61.55000
2021-09-29 00:00:00,61.35000,65,61.35000,64.75
2021-09-29 04:00:00,64.86000,65.95000,64.44000,65.77000
2021-09-29 08:00:00,65.77000,65.77000,64.27000,65.12000
2021-09-29 12:00:00,65.16000,68.26000,62.13000,67.25
2021-09-29 16:00:00,67.13000,69.39000,62.85000,63.16000
2021-09-29 20:00:00,63.029999,65.56000,62.59000,65.40000
2021-09-30 00:00:00,65.46000,68.88000,65.010002,67.53000
2021-09-30 04:00:00,67.72000,67.97000,66.010002,66.050003
2021-09-30 08:00:00,66.040001,66.14000,64.44000,65.050003
2021-09-30 12:00:00,65.059998,66.69000,64.74000,65.48000
2021-09-30 16:00:00,65.57000,66.87000,64.69000,65.25
2021-09-30 20:00:00,65.31000,66.83000,64.90000,66.70000
2021-10-01 00:00:00,66.63000,66.83000,65.089996,65.35000
2021-10-01 04:00:00,65.37000,65.55000,63.40000,64.82000
2021-10-01 08:00:00,64.81000,69.31000,64.81000,68.44000
2021-10-01 12:00:00,68.44000,69.45000,65.90000,67.11000
2021-10-01 16:00:00,67.16000,69.35000,66.91000,68.45000
2021-10-01 20:00:00,68.36000,68.44000,66.49000,67.65000
2021-10-02 00:00:00,67.61000,68.059998,65.99000,66.15000
2021-10-02 04:00:00,66.070000,67.39000,65.85000,66.94000
2021-10-02 08:00:00,66.90000,66.99000,66.040001,66.77000
2021-10-02 12:00:00,66.72000,70.71000,66.62000,70.089996
2021-10-02 16:00:00,70.080002,73.41000,70,72.57000
2021-10-02 20:00:00,72.43000,72.46000,67.78000,69.26000
2021-10-03 00:00:00,69.080002,70.77000,67.62000,70.24000
2021-10-03 04:00:00,70.28000,71.31000,69.72000,70.11000
2021-10-03 08:00:00,70.14000,70.74000,68.87000,70.19000
2021-10-03 12:00:00,70.12000,71.58000,69.60000,70
2021-10-03 16:00:00,69.99000,70.86000,68.92000,69.77000
2021-10-03 20:00:00,69.77000,69.77000,67.76000,68.68000
2021-10-04 00:00:00,68.57000,68.66000,66.20000,66.36000
2021-10-04 04:00:00,66.24000,67.42000,65.22000,67.42000
2021-10-04 08:00:00,67.46000,67.55000,65.59000,65.91000
2021-10-04 12:00:00,65.90000,67.95000,63.80000,65.90000
2021-10-04 16:00:00,65.75,67.36000,65.75,66.43000
2021-10-04 20:00:00,66.55000,66.59000,64.44000,65.25
2021-10-05 00:00:00,65.26000,65.65000,64.26000,65
2021-10-05 04:00:00,64.96000,66.37000,64.69000,65.92000
2021-10-05 08:00:00,65.90000,66.74000,65.40000,65.69000
2021-10-05 12:00:00,65.81000,65.81000,63.17000,63.59000
2021-10-05 16:00:00,63.61000,64.12000,62.77000,63.82000
2021-10-05 20:00:00,63.95000,66.19000,63.84000,64.64000
2021-10-06 00:00:00,64.66000,65.72000,63,63.12000
2021-10-06 04:00:00,63.11000,63.11000,61.24000,61.80000
2021-10-06 08:00:00,61.73000,61.73000,58.36000,60.19000
2021-10-06 12:00:00,60.11000,62.67000,59.86000,62.11000
2021-10-06 16:00:00,62.17000,62.94000,61.27000,61.54000
2021-10-06 20:00:00,61.57000,61.63000,59.90000,60.020000
2021-10-07 00:00:00,60.13000,60.13000,57.39000,58.59000
2021-10-07 04:00:00,58.62000,61.36000,58.35000,61.14000
2021-10-07 08:00:00,61.40000,61.89000,59.67000,60.56000
2021-10-07 12:00:00,60.5,60.94000,58.57000,59.41000
2021-10-07 16:00:00,59.5,60.64000,58.63000,60.37000
2021-10-07 20:00:00,60.39000,62.21000,59.99000,61.48000
2021-10-08 00:00:00,61.55000,63.58000,61.15000,62.40000
2021-10-08 04:00:00,62.46000,63.94000,62.14000,63.31000
2021-10-08 08:00:00,63.38000,64.91000,62.77000,64.070000
2021-10-08 12:00:00,63.97000,64.21000,62.23000,62.80000
2021-10-08 16:00:00,62.76000,62.93000,61.57000,61.98000
2021-10-08 20:00:00,61.95000,61.99000,60.020000,60.32000
2021-10-09 00:00:00,60.52000,61.39000,59.74000,61.12000
2021-10-09 04:00:00,61.17000,61.43000,60.82000,61.32000
2021-10-09 08:00:00,61.31000,61.49000,60.12000,61.040001
2021-10-09 12:00:00,61.060001,62.020000,61.060001,61.27000
2021-10-09 16:00:00,61.29000,61.33000,60.28000,60.40000
2021-10-09 20:00:00,60.31000,61.19000,60.049999,60.65000
2021-10-10 00:00:00,60.63000,60.74000,59.15000,60.17000
2021-10-10 04:00:00,60.21000,60.89000,60.0099983,60.37000
2021-10-10 08:00:00,60.33000,60.35000,59.55000,59.78000
2021-10-10 12:00:00,59.84000,60.22000,59.24000,59.63000
2021-10-10 16:00:00,59.67000,59.89000,58.54000,59.099998
2021-10-10 20:00:00,59.11000,59.24000,55.54000,56.55000
2021-10-11 00:00:00,56.49000,57.61000,55.75,57.29000
2021-10-11 04:00:00,57.29000,59.0099983,57.19000,58.48000
2021-10-11 08:00:00,58.49000,59.23000,57.060001,57.49000
2021-10-11 12:00:00,57.5,57.86000,56.24000,56.51000
2021-10-11 16:00:00,56.57000,56.71000,54.51000,54.56000
2021-10-11 20:00:00,54.49000,55.32000,53.87000,55.30000
2021-10-12 00:00:00,55.22000,55.27000,52.24000,53.19000
2021-10-12 04:00:00,53.13000,54.25,52.58000,53.11000
2021-10-12 08:00:00,53.049999,53.63000,51.18000,52.86000
2021-10-12 12:00:00,52.91000,54.73000,51.48000,54.44000
2021-10-12 16:00:00,54.43000,54.78000,53.33000,53.56000
2021-10-12 20:00:00,53.59000,54.73000,52.96000,54.30000
2021-10-13 00:00:00,54.28000,56.82000,53.75,55.81000
2021-10-13 04:00:00,55.89000,57.070000,54.34000,55.35000
2021-10-13 08:00:00,56.46000,56.54000,54.81000,55.44000
2021-10-13 12:00:00,55.40000,55.72000,54.19000,54.19000
2021-10-13 16:00:00,54.26000,54.65000,53.26000,53.72000
2021-10-13 20:00:00,53.79000,55.27000,53.57000,54.97000
2021-10-14 00:00:00,55.099998,56.78000,54.96000,55.75
2021-10-14 04:00:00,55.86000,56.53000,55.74000,56.43000
2021-10-14 08:00:00,56.5,58.22000,56.5,57.80000
2021-10-14 12:00:00,57.84000,58.42000,56.26000,56.94000
2021-10-14 16:00:00,57.029999,57.27000,55.82000,56.23000
2021-10-14 20:00:00,56.22000,56.33000,55.65000,56.18000
2021-10-15 00:00:00,56.13000,56.56000,54.79000,55.64000
2021-10-15 04:00:00,55.75,57.12000,55,56.79000
2021-10-15 08:00:00,56.86000,57.13000,54.56000,55.25
2021-10-15 12:00:00,55.27000,55.45000,54.65000,55.16000
2021-10-15 16:00:00,55.13000,56.68000,54.92000,56.30000
2021-10-15 20:00:00,56.36000,56.74000,55.58000,56.40000
2021-10-16 00:00:00,56.35000,56.87000,55.73000,56.69000
2021-10-16 04:00:00,56.64000,57.42000,56.42000,56.72000
2021-10-16 08:00:00,56.75,59.89000,56.55000,59.89000
2021-10-16 12:00:00,59.95000,62.040001,58.74000,59.86000
2021-10-16 16:00:00,59.85000,60.42000,58.42000,58.51000
2021-10-16 20:00:00,58.48000,58.77000,57.32000,57.54000
2021-10-17 00:00:00,57.63000,58.16000,56.93000,58.090000
2021-10-17 04:00:00,58.11000,58.51000,57.56000,57.79000
2021-10-17 08:00:00,57.83000,58.29000,57.65000,57.91000
2021-10-17 12:00:00,57.91000,57.93000,56.26000,56.38000
2021-10-17 16:00:00,56.30000,57.020000,55.63000,55.88000
2021-10-17 20:00:00,55.81000,56.22000,53.41000,56.020000
2021-10-18 00:00:00,56.099998,56.46000,55.47000,55.68000
2021-10-18 04:00:00,55.63000,56.13000,55.38000,55.41000
2021-10-18 08:00:00,55.42000,55.64000,54.28000,54.71000
2021-10-18 12:00:00,54.62000,55.31000,54.16000,54.92000
2021-10-18 16:00:00,54.90000,55.56000,54.47000,55.11000
2021-10-18 20:00:00,55.070000,55.78000,55,55.53000
2021-10-19 00:00:00,55.46000,56.43000,55.15000,56.35000
2021-10-19 04:00:00,56.39000,56.41000,55.40000,55.66000
2021-10-19 08:00:00,55.67000,56.029999,55.29000,55.85000
2021-10-19 12:00:00,55.84000,58.040001,55.72000,56.63000
2021-10-19 16:00:00,56.75,57.37000,56.15000,56.16000
2021-10-19 20:00:00,56.14000,57,55.86000,56.79000
2021-10-20 00:00:00,56.82000,57.94000,56.70000,56.95000
2021-10-20 04:00:00,57.070000,57.62000,56.80000,57.14000
2021-10-20 08:00:00,57.12000,57.40000,56.90000,57.40000
2021-10-20 12:00:00,57.42000,58.94000,57.38000,58.92000
2021-10-20 16:00:00,58.91000,61.41000,58.70000,61.020000
2021-10-20 20:00:00,61.090000,61.55000,58.90000,59.62000
2021-10-21 00:00:00,59.67000,62.84000,59.23000,61.95000
2021-10-21 04:00:00,61.85000,62.58000,60.66000,62.58000
2021-10-21 08:00:00,62.57000,64.30000,61.84000,62.72000
2021-10-21 12:00:00,62.27000,62.38000,58.90000,60.14000
2021-10-21 16:00:00,59.92000,60.61000,59.46000,59.84000
2021-10-21 20:00:00,59.92000,61.46000,59.61000,61.41000
2021-10-22 00:00:00,61.54000,65.24000,61.39000,64.66000
2021-10-22 04:00:00,64.55000,66.25,63.60000,65.070000
2021-10-22 08:00:00,65.019997,66.019997,64.34000,64.95000
2021-10-22 12:00:00,64.89000,68.71000,64.67000,67.56000
2021-10-22 16:00:00,67.42000,67.56000,64.60000,65.31000
2021-10-22 20:00:00,65.25,65.61000,64.15000,65.53000
2021-10-23 00:00:00,65.57000,69.099998,64.59000,66.88000
2021-10-23 04:00:00,66.83000,66.84000,65.47000,66.61000
2021-10-23 08:00:00,66.63000,67.92000,64.75,66.18000
2021-10-23 12:00:00,66.24000,66.88000,65.38000,65.97000
2021-10-23 16:00:00,66,66.5,64.69000,64.98000
2021-10-23 20:00:00,64.97000,65.90000,64.91000,65.34000
2021-10-24 00:00:00,65.42000,66.65000,65.41000,66.26000
2021-10-24 04:00:00,66.40000,67.57000,65.32000,65.43000
2021-10-24 08:00:00,65.47000,66.60000,65.22000,65.91000
2021-10-24 12:00:00,65.65000,65.89000,62.98000,63.020000
2021-10-24 16:00:00,62.97000,63.89000,61.97000,63.070000
2021-10-24 20:00:00,63.11000,64.74000,63.060001,64.54000
2021-10-25 00:00:00,64.62000,66.18000,64.36000,66.050003
2021-10-25 04:00:00,66.13000,66.62000,65.55000,66.25
2021-10-25 08:00:00,66.30000,66.97000,65.49000,66.080002
2021-10-25 12:00:00,66.080002,68.029999,65.24000,67.96000
2021-10-25 16:00:00,67.94000,67.94000,66.34000,66.59000
2021-10-25 20:00:00,66.65000,69.82000,66.61000,69.60000
2021-10-26 00:00:00,69.76000,72.93000,69.46000,70.93000
2021-10-26 04:00:00,71.070000,71.57000,69.83000,71.30000
2021-10-26 08:00:00,71.37000,72.43000,69.67000,69.85000
2021-10-26 12:00:00,69.94000,70.28000,68.63000,69.38000
2021-10-26 16:00:00,69.31000,71.55000,69.089996,71.11000
2021-10-26 20:00:00,71.23000,71.23000,67.66000,68.72000
2021-10-27 00:00:00,68.72000,69.41000,67.15000,68.18000
2021-10-27 04:00:00,68.16000,69.78000,65.64000,65.68000
2021-10-27 08:00:00,65.71000,65.71000,57.090000,62.19000
2021-10-27 12:00:00,61.99000,63.31000,61.5,62.080002
2021-10-27 16:00:00,62.0099983,63.39000,60.89000,62.33000
2021-10-27 20:00:00,62.47000,62.92000,61.42000,61.53000
2021-10-28 00:00:00,61.59000,63.27000,61.51000,62.63000
2021-10-28 04:00:00,62.82000,62.92000,61.62000,61.63000
2021-10-28 08:00:00,61.63000,64.46000,61.63000,63.47000
2021-10-28 12:00:00,63.49000,64.54000,63.049999,63.40000
2021-10-28 16:00:00,63.5,63.98000,61.84000,63.98000
2021-10-28 20:00:00,64.070000,64.94000,63.32000,64.35000
2021-10-29 00:00:00,64.30000,66,63.53000,65.31000
2021-10-29 04:00:00,65.43000,65.54000,63.80000,64.30000
2021-10-29 08:00:00,64.18000,64.90000,63.83000,64.53000
2021-10-29 12:00:00,64.54000,65.63000,63.86000,65.43000
2021-10-29 16:00:00,65.60000,66.14000,65.010002,65.39000
2021-10-29 20:00:00,65.54000,65.66000,64.5,64.76000
2021-10-30 00:00:00,64.92000,64.92000,63.040001,63.46000
2021-10-30 04:00:00,63.48000,63.98000,63.26000,63.69000
2021-10-30 08:00:00,63.85000,63.85000,62.93000,63.18000
2021-10-30 12:00:00,63.16000,63.17000,61.77000,62.58000
2021-10-30 16:00:00,62.62000,62.88000,62.070000,62.65000
2021-10-30 20:00:00,62.65000,62.98000,60.99000,62.24000
2021-10-31 00:00:00,62.34000,63.52000,62.11000,62.84000
2021-10-31 04:00:00,62.88000,63.66000,62.73000,63.20000
2021-10-31 08:00:00,63.22000,63.22000,60.73000,61.040001
2021-10-31 12:00:00,60.89000,62.68000,60.16000,61.77000
2021-10-31 16:00:00,61.90000,63.29000,61.90000,62.67000
2021-10-31 20:00:00,62.68000,64.44000,62.52000,64.44000
2021-11-01 00:00:00,64.52000,64.64000,62.28000,62.92000
2021-11-01 04:00:00,62.79000,63.94000,62.5,63.85000
2021-11-01 08:00:00,63.84000,64.30000,63.34000,63.51000
2021-11-01 12:00:00,63.45000,66.56000,63.15000,66.070000
2021-11-01 16:00:00,66.11000,66.20000,63.96000,64.90000
2021-11-01 20:00:00,64.86000,65.080002,63.91000,64.93000
2021-11-02 00:00:00,64.88000,65.5,64.33000,65.48000
2021-11-02 04:00:00,65.46000,65.84000,65.14000,65.19000
2021-11-02 08:00:00,65.24000,66.61000,65.080002,66.070000
2021-11-02 12:00:00,66.18000,66.44000,65.38000,65.83000
2021-11-02 16:00:00,65.88000,68,65.13000,67.84000
2021-11-02 20:00:00,67.57000,67.74000,66.82000,67.74000
2021-11-03 00:00:00,67.77000,71.88000,67.089996,70.64000
2021-11-03 04:00:00,70.57000,71.99000,70.070000,71.059998
2021-11-03 08:00:00,71.080002,72.59000,70.36000,71.32000
2021-11-03 12:00:00,71.35000,71.47000,68.33000,71.41000
2021-11-03 16:00:00,71.48000,75,71.16000,74.45000
2021-11-03 20:00:00,74.45000,75.54000,73.47000,75.54000
2021-11-04 00:00:00,75.63000,80.32000,74.87000,78.49000
2021-11-04 04:00:00,78.54000,80.89000,76.69000,76.69000
2021-11-04 08:00:00,76.91000,78.54000,75.96000,76.11000
2021-11-04 12:00:00,75.91000,77.51000,74.19000,74.46000
2021-11-04 16:00:00,74.46000,78.43000,73.96000,76.83000
2021-11-04 20:00:00,76.84000,79.61000,75.87000,79.010002
2021-11-05 00:00:00,78.97000,81,77.24000,78.040001
2021-11-05 04:00:00,77.96000,78.65000,77.49000,78.010002
2021-11-05 08:00:00,78.029999,78.18000,76.059998,76.059998
2021-11-05 12:00:00,76.14000,77.78000,74.059998,74.53000
2021-11-05 16:00:00,74.49000,75.86000,74.42000,74.68000
2021-11-05 20:00:00,74.65000,74.77000,72.21000,74.19000
2021-11-06 00:00:00,74.14000,75.11000,73.41000,75.010002
2021-11-06 04:00:00,75.050003,75.62000,74.27000,75.010002
2021-11-06 08:00:00,75.010002,76.25,73.13000,73.36000
2021-11-06 12:00:00,73.26000,75.099998,72.42000,75.099998
2021-11-06 16:00:00,75.21000,77.019997,74.97000,76.96000
2021-11-06 20:00:00,77.010002,78.62000,76.57000,78.62000
2021-11-07 00:00:00,78.70000,84.80000,78.070000,84.80000
2021-11-07 04:00:00,84.66000,85.69000,82.77000,83.54000
2021-11-07 08:00:00,83.62000,84.25,82.21000,83.22000
2021-11-07 12:00:00,83.25,85.58000,82.83000,84.13000
2021-11-07 16:00:00,84.13000,88.75,83.97000,88.33000
2021-11-07 20:00:00,88.35000,88.80000,85.44000,87.54000
2021-11-08 00:00:00,87.48000,90,83.62000,89.51000
2021-11-08 04:00:00,89.44000,95.43000,89.44000,92.89000
2021-11-08 08:00:00,93.029999,94.15000,91.070000,92.56000
2021-11-08 12:00:00,92.70000,96.90000,92.18000,93.48000
2021-11-08 16:00:00,93.45000,94.27000,89.58000,89.97000
2021-11-08 20:00:00,89.77000,91.99000,88.81000,91
2021-11-09 00:00:00,91.22000,91.45000,89.17000,89.69000
2021-11-09 04:00:00,89.56000,90.93000,87.84000,90.010002
2021-11-09 08:00:00,89.93000,89.93000,87.91000,88.97000
2021-11-09 12:00:00,88.99000,91.029999,87.54000,88.14000
2021-11-09 16:00:00,88.19000,89.089996,87.010002,88.64000
2021-11-09 20:00:00,88.54000,90.77000,87.78000,88.22000
2021-11-10 00:00:00,88.38000,93.34000,88,92.45000
2021-11-10 04:00:00,92.5,94,91.30000,91.38000
2021-11-10 08:00:00,91.41000,93.35000,90.33000,90.33000
2021-11-10 12:00:00,90.37000,91.78000,87.44000,90.70000
2021-11-10 16:00:00,90.65000,90.99000,85.42000,85.42000
2021-11-10 20:00:00,85.91000,87.53000,79.070000,85.42000
2021-11-11 00:00:00,85.19000,87.29000,83.78000,87.29000
2021-11-11 04:00:00,87.18000,89.12000,86.099998,88.78000
2021-11-11 08:00:00,88.75,89.52000,87.56000,89.21000
2021-11-11 12:00:00,89.19000,89.19000,86.42000,87.42000
2021-11-11 16:00:00,87.41000,88.54000,86.73000,88.54000
2021-11-11 20:00:00,88.46000,89.26000,87.44000,87.81000
2021-11-12 00:00:00,87.76000,89.84000,86.33000,89.47000
2021-11-12 04:00:00,89.46000,89.49000,85.37000,85.95000
2021-11-12 08:00:00,86.040001,86.54000,82.54000,83.029999
2021-11-12 12:00:00,82.96000,84.080002,82,82.31000
2021-11-12 16:00:00,82.31000,84.77000,81.32000,83.57000
2021-11-12 20:00:00,83.52000,85.82000,83.46000,84.79000
2021-11-13 00:00:00,84.82000,86.40000,84.82000,85.98000
2021-11-13 04:00:00,85.85000,87.85000,85.55000,87.77000
2021-11-13 08:00:00,87.85000,88.42000,86.35000,88.099998
2021-11-13 12:00:00,88.11000,93.45000,86.5,92.52000
2021-11-13 16:00:00,92.82000,96.64000,92.17000,96.22000
2021-11-13 20:00:00,96.24000,98.45000,95.81000,97.41000
2021-11-14 00:00:00,97.59000,98.54000,94.82000,95.5
2021-11-14 04:00:00,95.5,99.85000,95.30000,97.18000
2021-11-14 08:00:00,97.27000,97.90000,95.16000,95.27000
2021-11-14 12:00:00,95.38000,96.76000,93.88000,93.97000
2021-11-14 16:00:00,94.15000,94.32000,91.71000,93.27000
2021-11-14 20:00:00,93.37000,95.49000,92.30000,95.34000
2021-11-15 00:00:00,95.43000,101.56000,94.20000,99.42000
2021-11-15 04:00:00,99.61000,99.63000,97.22000,98.55000
2021-11-15 08:00:00,98.73000,99.56000,96.99000,97.23000
2021-11-15 12:00:00,97.22000,98.53000,96.040001,96.99000
2021-11-15 16:00:00,96.82000,99.66000,94.099998,96.15000
2021-11-15 20:00:00,95.97000,96.43000,92.029999,93.87000
2021-11-16 00:00:00,93.81000,93.81000,88,89.31000
2021-11-16 04:00:00,89.32000,91.45000,88.17000,90.49000
2021-11-16 08:00:00,90.56000,91.089996,83.5,89.12000
2021-11-16 12:00:00,89.13000,93.23000,87.5,90.57000
2021-11-16 16:00:00,90.42000,96.17000,90.42000,95.46000
2021-11-16 20:00:00,95.51000,101.82000,91.29000,97.74000
2021-11-17 00:00:00,98.17000,99.38000,91.81000,94.79000
2021-11-17 04:00:00,94.64000,98.15000,93.20000,97.34000
2021-11-17 08:00:00,97.24000,100.28000,94.050003,100.25
2021-11-17 12:00:00,100.22000,104.89000,99.64000,104.20000
2021-11-17 16:00:00,104.29000,109.94000,103,107.70000
2021-11-17 20:00:00,107.74000,108.54000,103.63000,107.68000
2021-11-18 00:00:00,107.61000,110.28000,104.69000,106.65000
2021-11-18 04:00:00,106.49000,106.91000,102.36000,103.65000
2021-11-18 08:00:00,103.78000,105.71000,102.080002,102.45000
2021-11-18 12:00:00,102.21000,103.89000,96.72000,97.21000
2021-11-18 16:00:00,97.38000,101.90000,92.13000,99.77000
2021-11-18 20:00:00,99.76000,104.82000,96.79000,100.60000
2021-11-19 00:00:00,100.65000,102.18000,96.040001,97.22000
2021-11-19 04:00:00,97.26000,103.35000,97.26000,102.22000
2021-11-19 08:00:00,102.059998,107.96000,102.059998,107.45000
2021-11-19 12:00:00,107.35000,110.84000,107.11000,109.17000
2021-11-19 16:00:00,108.91000,110.46000,106.81000,109.34000
2021-11-19 20:00:00,109.31000,112.21000,107.43000,112.21000
2021-11-20 00:00:00,112.11000,118.78000,111.66000,117.54000
2021-11-20 04:00:00,117.61000,119.64000,116.24000,119.49000
2021-11-20 08:00:00,119.27000,119.86000,114.69000,116.63000
2021-11-20 12:00:00,116.81000,121.97000,116.029999,117.85000
2021-11-20 16:00:00,117.5,129.58000,117.5,129.039993
2021-11-20 20:00:00,129.029999,129.86000,125.11000,125.74000
2021-11-21 00:00:00,125.82000,133.33000,123.43000,132.039993
2021-11-21 04:00:00,131.67999,137.91000,130.48000,137.63000
2021-11-21 08:00:00,137.42999,138.66000,133.73000,137.82001
2021-11-21 12:00:00,137.67999,146.28999,133.57001,133.57001
2021-11-21 16:00:00,133.75999,139.81000,127.26000,131.31000
2021-11-21 20:00:00,131.19000,135.39999,128.17999,129.059998
2021-11-22 00:00:00,128.60001,137.14000,125.88000,135.89000
2021-11-22 04:00:00,135.56000,137.53999,129.33000,131.97000
2021-11-22 08:00:00,131.75,137.42999,131.75,134.50999
2021-11-22 12:00:00,134.73000,139.60001,129.020004,139.039993
2021-11-22 16:00:00,139.050003,144.92000,135.80000,136.35001
2021-11-22 20:00:00,135.88000,140.74001,133.61000,134.78000
2021-11-23 00:00:00,134.81000,136.38000,131.67000,134.17000
2021-11-23 04:00:00,134.050003,134.63000,129.74001,131.070007
2021-11-23 08:00:00,131.059998,132.12000,126.81000,127.67000
2021-11-23 12:00:00,127.87000,131.89000,124.77000,129.73000
2021-11-23 16:00:00,129.52000,131.42000,127.089996,129.57001
2021-11-23 20:00:00,129.48000,130.41000,122.080002,123.90000
2021-11-24 00:00:00,123.72000,124.60000,118.96000,119.68000
2021-11-24 04:00:00,119.68000,122.82000,118.27000,119.34000
2021-11-24 08:00:00,119.12000,120.79000,116.17000,118.15000
2021-11-24 12:00:00,118.20000,119.71000,112.78000,116.91000
2021-11-24 16:00:00,116.99000,118.47000,113.15000,115.5
2021-11-24 20:00:00,115.30000,119.99000,114.099998,115.11000
2021-11-25 00:00:00,115.23000,126.90000,114.31000,125.85000
2021-11-25 04:00:00,125.55000,125.64000,119.43000,122.12000
2021-11-25 08:00:00,122.25,129.39999,120.64000,127.35000
2021-11-25 12:00:00,127.33000,129.91000,124.60000,125.77000
2021-11-25 16:00:00,125.85000,126.26000,119.74000,120.99000
2021-11-25 20:00:00,121,121.34000,118.070000,119.099998
2021-11-26 00:00:00,119.27000,119.81000,114.85000,115.43000
2021-11-26 04:00:00,115.48000,116.94000,111.16000,112.43000
2021-11-26 08:00:00,112.66000,112.66000,102.71000,102.74000
2021-11-26 12:00:00,103.42000,112.45000,101.61000,109.13000
2021-11-26 16:00:00,109.58000,111.52000,107.69000,109.62000
2021-11-26 20:00:00,109.39000,110.94000,103.66000,103.93000
2021-11-27 00:00:00,104.26000,108.61000,103.25,107.87000
2021-11-27 04:00:00,107.90000,110.029999,105.74000,106.51000
2021-11-27 08:00:00,106.5,109.79000,106.24000,107.75
2021-11-27 12:00:00,107.76000,109.5,107.68000,109.15000
2021-11-27 16:00:00,109.35000,117.82000,108.60000,116.42000
2021-11-27 20:00:00,116.54000,117.89000,110.14000,113.33000
2021-11-28 00:00:00,113.54000,113.82000,104.24000,106.019997
2021-11-28 04:00:00,105.92000,111,104.5,109.53000
2021-11-28 08:00:00,109.41000,110.39000,106.91000,108.61000
2021-11-28 12:00:00,108.63000,110.39000,105.5,106.22000
2021-11-28 16:00:00,106.12000,106.99000,100.66000,106.44000
2021-11-28 20:00:00,106.56000,112.91000,106.56000,110.5
2021-11-29 00:00:00,110.44000,114.53000,110.44000,113.30000
2021-11-29 04:00:00,113.39000,114.099998,111.72000,112.95000
2021-11-29 08:00:00,113.19000,113.24000,109.25,109.97000
2021-11-29 12:00:00,109.92000,113.16000,109.26000,111.070000
2021-11-29 16:00:00,111.14000,117.60000,110.59000,114.55000
2021-11-29 20:00:00,114.65000,120.41000,114.16000,120.41000
2021-11-30 00:00:00,120.39000,122.30000,116.22000,118.30000
2021-11-30 04:00:00,118.19000,119.77000,114.19000,117.050003
2021-11-30 08:00:00,117.27000,121.050003,115.74000,117.99000
2021-11-30 12:00:00,118.53000,123.64000,116.66000,119.52000
2021-11-30 16:00:00,119.63000,124.66000,117.98000,122.14000
2021-11-30 20:00:00,122.24000,122.43000,119.17000,120.16000
2021-12-01 00:00:00,120.42000,127.23000,119.88000,125.51000
2021-12-01 04:00:00,125.20000,126.82000,123.22000,126.30000
2021-12-01 08:00:00,126.25,126.42000,121.44000,122.029999
2021-12-01 12:00:00,122.18000,125.28000,121.47000,123.82000
2021-12-01 16:00:00,123.83000,126.93000,122.72000,123.95000
2021-12-01 20:00:00,123.90000,123.97000,117.53000,119.57000
2021-12-02 00:00:00,119.62000,119.68000,114.37000,116.30000
2021-12-02 04:00:00,116.25,117.86000,115.92000,117.54000
2021-12-02 08:00:00,117.63000,118.31000,116.67000,117.93000
2021-12-02 12:00:00,118.070000,119.029999,111.96000,112.27000
2021-12-02 16:00:00,112.16000,113.38000,110.32000,111.64000
2021-12-02 20:00:00,111.82000,113.27000,107.13000,107.92000
2021-12-03 00:00:00,107.79000,109.35000,105.79000,106.56000
2021-12-03 04:00:00,106.44000,109.52000,105.26000,108.35000
2021-12-03 08:00:00,108.47000,111.56000,107.84000,111.27000
2021-12-03 12:00:00,111.31000,113.17000,106.5,107.15000
2021-12-03 16:00:00,106.92000,107.80000,102.13000,102.81000
2021-12-03 20:00:00,102.41000,108.73000,100.029999,108.59000
2021-12-04 00:00:00,108.64000,108.65000,97.61000,97.61000
2021-12-04 04:00:00,96.53000,100.089996,76.62000,92.79000
2021-12-04 08:00:00,92.71000,95,85.83000,86.78000
2021-12-04 12:00:00,86.84000,95.69000,85.95000,93.34000
2021-12-04 16:00:00,93.21000,93.51000,89.64000,92.080002
2021-12-04 20:00:00,92.25,94.010002,90.30000,93.20000
2021-12-05 00:00:00,93.12000,95.26000,88.72000,91.050003
2021-12-05 04:00:00,91.23000,92.74000,88.42000,91.17000
2021-12-05 08:00:00,91.36000,92.12000,88.76000,91.36000
2021-12-05 12:00:00,91.34000,91.85000,82.92000,84.38000
2021-12-05 16:00:00,84.29000,86.54000,83.90000,84.71000
2021-12-05 20:00:00,84.66000,86.32000,82.59000,86.099998
2021-12-06 00:00:00,86.35000,86.35000,80.70000,84.77000
2021-12-06 04:00:00,84.88000,86.26000,79.18000,80.40000
2021-12-06 08:00:00,80.41000,82.41000,77.059998,81.76000
2021-12-06 12:00:00,81.48000,86.98000,81.059998,86.89000
2021-12-06 16:00:00,87.29000,94.45000,86.68000,90.88000
2021-12-06 20:00:00,91.070000,94.84000,89.64000,93.29000
2021-12-07 00:00:00,92.89000,95.41000,92.31000,94.66000
2021-12-07 04:00:00,94.79000,96.55000,93.49000,96.12000
2021-12-07 08:00:00,95.94000,96.36000,93.010002,93.25
2021-12-07 12:00:00,93.31000,94.66000,90.81000,93.98000
2021-12-07 16:00:00,94.22000,94.46000,91.14000,92.43000
2021-12-07 20:00:00,92.44000,92.89000,88.099998,89.63000
2021-12-08 00:00:00,89.57000,90.54000,87.41000,87.5
2021-12-08 04:00:00,87.72000,91.38000,87.72000,90.60000
2021-12-08 08:00:00,90.65000,91.29000,86.57000,87.89000
2021-12-08 12:00:00,87.83000,92.97000,86.90000,91.40000
2021-12-08 16:00:00,91.48000,91.65000,89.79000,91.25
2021-12-08 20:00:00,91.26000,93.20000,90.20000,93.12000
2021-12-09 00:00:00,93.24000,94.51000,91.18000,93.89000
2021-12-09 04:00:00,93.65000,94.099998,90.90000,92.99000
2021-12-09 08:00:00,93.040001,93.040001,89.010002,89.54000
2021-12-09 12:00:00,89.36000,90.32000,86.58000,88.099998
2021-12-09 16:00:00,87.75,88.33000,83.44000,84.49000
2021-12-09 20:00:00,84.21000,87.20000,83.34000,85.47000
2021-12-10 00:00:00,85.94000,90.62000,85.71000,90.36000
2021-12-10 04:00:00,90.54000,91.70000,84.54000,84.90000
2021-12-10 08:00:00,85.029999,88.84000,84.90000,87.98000
2021-12-10 12:00:00,88.14000,89.86000,85.12000,85.54000
2021-12-10 16:00:00,85.48000,85.62000,82.70000,84.38000
2021-12-10 20:00:00,84.42000,85.27000,80.58000,80.62000
2021-12-11 00:00:00,80.58000,82.42000,78.82000,81.44000
2021-12-11 04:00:00,81.60000,83.20000,81.47000,82.15000
2021-12-11 08:00:00,82.14000,83.92000,81.75,82.99000
2021-12-11 12:00:00,83.019997,83.73000,82.27000,83.68000
2021-12-11 16:00:00,83.74000,86.95000,83.070000,83.14000
2021-12-11 20:00:00,83.35000,86.47000,82.58000,86.47000
2021-12-12 00:00:00,86.24000,86.30000,84.070000,85.019997
2021-12-12 04:00:00,85.029999,85.44000,83.76000,85.41000
2021-12-12 08:00:00,85.43000,85.54000,83.010002,84.46000
2021-12-12 12:00:00,84.5,86.23000,84.45000,84.97000
2021-12-12 16:00:00,84.97000,88.33000,84.75,87.34000
2021-12-12 20:00:00,87.35000,88.89000,86.96000,88.040001
2021-12-13 00:00:00,88.010002,89.89000,86.59000,88.43000
2021-12-13 04:00:00,88.38000,88.42000,84.46000,84.63000
2021-12-13 08:00:00,84.63000,86.18000,83.75,84.28000
2021-12-13 12:00:00,84.35000,84.63000,79.47000,80.12000
2021-12-13 16:00:00,79.71000,81.040001,75.70000,77.71000
2021-12-13 20:00:00,77.69000,80.54000,77.51000,79.12000
2021-12-14 00:00:00,79,80.95000,78.15000,78.95000
2021-12-14 04:00:00,78.88000,79.64000,76.47000,79.21000
2021-12-14 08:00:00,79.26000,80.93000,78.67000,80.93000
2021-12-14 12:00:00,81,82.32000,79.69000,80.55000
2021-12-14 16:00:00,80.64000,81.77000,78.53000,79.49000
2021-12-14 20:00:00,79.69000,87.39000,79.69000,87.27000
2021-12-15 00:00:00,87.24000,90.38000,87.040001,90.28000
2021-12-15 04:00:00,90.5,91.82000,89.66000,90.73000
2021-12-15 08:00:00,90.86000,92.63000,90.81000,90.83000
2021-12-15 12:00:00,90.60000,91.059998,86.27000,86.27000
2021-12-15 16:00:00,86.12000,99.73000,86.12000,98.94000
2021-12-15 20:00:00,99.11000,105.61000,99.11000,101.14000
2021-12-16 00:00:00,101.34000,107.080002,101.17000,104.94000
2021-12-16 04:00:00,105.080002,105.099998,101.77000,103.15000
2021-12-16 08:00:00,102.98000,108.18000,102.19000,107.92000
2021-12-16 12:00:00,107.74000,109.63000,105.12000,106.97000
2021-12-16 16:00:00,107.16000,107.16000,101.46000,101.81000
2021-12-16 20:00:00,101.72000,105.88000,98.17000,98.31000
2021-12-17 00:00:00,98.24000,104.92000,98.24000,102.25
2021-12-17 04:00:00,102.35000,105.059998,99.79000,104.82000
2021-12-17 08:00:00,104.92000,105.46000,102.17000,104.75
2021-12-17 12:00:00,104.84000,110.80000,101.080002,109.92000
2021-12-17 16:00:00,109.71000,115.73000,109.71000,112.53000
2021-12-17 20:00:00,112.82000,113.69000,109.23000,110.91000
2021-12-18 00:00:00,110.85000,111.46000,105.61000,108.75
2021-12-18 04:00:00,108.95000,111.90000,107.66000,111.90000
2021-12-18 08:00:00,111.52000,116.93000,111.52000,116.11000
2021-12-18 12:00:00,116.050003,117.25,113.53000,115.42000
2021-12-18 16:00:00,115.35000,115.70000,113.76000,113.87000
2021-12-18 20:00:00,113.81000,116.20000,113.019997,115.84000
2021-12-19 00:00:00,115.67000,116.59000,113.41000,115.13000
2021-12-19 04:00:00,115.029999,115.91000,113.089996,113.53000
2021-12-19 08:00:00,113.59000,113.99000,110.21000,111.44000
2021-12-19 12:00:00,111.5,113.080002,110.65000,110.97000
2021-12-19 16:00:00,110.97000,111.44000,106.89000,108.40000
2021-12-19 20:00:00,108.33000,110.040001,107.59000,107.62000
2021-12-20 00:00:00,107.30000,109.52000,104.11000,104.99000
2021-12-20 04:00:00,105,105.89000,102.99000,104.76000
2021-12-20 08:00:00,104.81000,105.51000,101.72000,104.26000
2021-12-20 12:00:00,104.27000,108.16000,101.029999,104.019997
2021-12-20 16:00:00,103.70000,112.56000,103.35000,112.12000
2021-12-20 20:00:00,112.42000,116.070000,111.56000,113.30000
2021-12-21 00:00:00,113.64000,114.92000,110.77000,114.26000
2021-12-21 04:00:00,114.58000,119.059998,113.91000,118.25
2021-12-21 08:00:00,118.44000,119.82000,117.95000,119.31000
2021-12-21 12:00:00,119.49000,120.13000,116.5,117.16000
2021-12-21 16:00:00,117.30000,118.29000,116.69000,117.51000
2021-12-21 20:00:00,117.54000,123.88000,117.37000,123.28000
2021-12-22 00:00:00,123.43000,127.19000,121.89000,125.32000
2021-12-22 04:00:00,125.37000,125.91000,123.94000,124.64000
2021-12-22 08:00:00,124.54000,124.67000,121.80000,122.77000
2021-12-22 12:00:00,122.84000,124.21000,119.83000,122.78000
2021-12-22 16:00:00,122.78000,123.59000,118.16000,119.77000
2021-12-22 20:00:00,119.66000,121.040001,115.65000,116.58000
2021-12-23 00:00:00,116.69000,124.80000,116.42000,122.80000
2021-12-23 04:00:00,122.77000,123.62000,117.5,117.99000
2021-12-23 08:00:00,117.57000,119.53000,117.51000,118.56000
2021-12-23 12:00:00,118.76000,121.85000,117.76000,120.90000
2021-12-23 16:00:00,121.15000,124.97000,119.42000,122.92000
2021-12-23 20:00:00,123,123,120.65000,121.36000
2021-12-24 00:00:00,121.32000,122.35000,119.33000,119.94000
2021-12-24 04:00:00,119.88000,121.010002,118.60000,120.99000
2021-12-24 08:00:00,121.070000,123.93000,120.69000,121.99000
2021-12-24 12:00:00,121.95000,124.53000,120.18000,122.94000
2021-12-24 16:00:00,122.71000,123.089996,119.60000,119.71000
2021-12-24 20:00:00,119.74000,120.5,113.29000,114.89000
2021-12-25 00:00:00,114.83000,116.48000,112.40000,113.11000
2021-12-25 04:00:00,113.24000,116.70000,113.029999,115.99000
2021-12-25 08:00:00,115.95000,116.15000,113.80000,115.53000
2021-12-25 12:00:00,115.52000,116.90000,115.49000,116.13000
2021-12-25 16:00:00,116.19000,116.51000,113.070000,114.5
2021-12-25 20:00:00,114.56000,116.52000,114.17000,114.99000
2021-12-26 00:00:00,114.90000,115.67000,109.38000,109.92000
2021-12-26 04:00:00,109.79000,112.099998,109.79000,111.93000
2021-12-26 08:00:00,111.85000,112.83000,110.79000,111.81000
2021-12-26 12:00:00,111.81000,114.69000,111.059998,114.24000
2021-12-26 16:00:00,114.60000,117.86000,113.63000,117.75
2021-12-26 20:00:00,117.80000,117.81000,113.60000,115.029999
2021-12-27 00:00:00,115.32000,116.31000,113.92000,116.13000
2021-12-27 04:00:00,116.080002,117.55000,115.059998,117.32000
2021-12-27 08:00:00,117.080002,117.95000,115.21000,116.91000
2021-12-27 12:00:00,116.95000,119.44000,116.029999,118.47000
2021-12-27 16:00:00,118.53000,120.84000,117.39000,117.49000
2021-12-27 20:00:00,117.40000,118.22000,113.42000,113.71000
2021-12-28 00:00:00,113.77000,113.77000,108.82000,111.13000
2021-12-28 04:00:00,110.84000,113.88000,108.31000,112.74000
2021-12-28 08:00:00,112.55000,116.56000,112.42000,116.46000
2021-12-28 12:00:00,116.36000,116.55000,111.11000,114.33000
2021-12-28 16:00:00,114.19000,114.44000,104.62000,106.98000
2021-12-28 20:00:00,107.13000,110.82000,106.71000,107.050003
2021-12-29 00:00:00,107.080002,110.52000,106.86000,110.24000
2021-12-29 04:00:00,110.34000,110.34000,106.85000,107.099998
2021-12-29 08:00:00,107.17000,108.14000,105.69000,107.12000
2021-12-29 12:00:00,107.059998,107.86000,102.55000,107.42000
2021-12-29 16:00:00,107.43000,108.19000,104.99000,105.31000
2021-12-29 20:00:00,105.29000,107.040001,102.75,103.040001
2021-12-30 00:00:00,103.14000,103.65000,98.44000,98.65000
2021-12-30 04:00:00,98.75,103.70000,98.75,103.39000
2021-12-30 08:00:00,103.14000,104.26000,101.82000,104.21000
2021-12-30 12:00:00,104.19000,105.36000,102.46000,103.050003
2021-12-30 16:00:00,103.19000,104.80000,103.15000,103.40000
2021-12-30 20:00:00,103.35000,103.72000,100.67000,101.74000
2021-12-31 00:00:00,101.61000,102.70000,100.34000,102.60000
2021-12-31 04:00:00,102.56000,104.37000,102.41000,103.68000
2021-12-31 08:00:00,103.74000,107.58000,103.30000,105.80000
2021-12-31 12:00:00,105.94000,107.68000,105.60000,107.19000
2021-12-31 16:00:00,107.099998,108.92000,102.80000,102.84000
2021-12-31 20:00:00,102.94000,111.57000,102.94000,109.53000
2022-01-01 00:00:00,109.76000,111.92000,108.99000,109.35000
2022-01-01 04:00:00,109.90000,110.98000,108.57000,110.44000
2022-01-01 08:00:00,110.38000,110.58000,108.96000,109.14000
2022-01-01 12:00:00,109.15000,110.55000,109.080002,109.49000
2022-01-01 16:00:00,109.68000,114.43000,109.41000,112.66000
2022-01-01 20:00:00,112.69000,114.40000,112.059998,114.23000
2022-01-02 00:00:00,114.40000,117.41000,113.57000,117.24000
2022-01-02 04:00:00,117.28000,117.38000,114.84000,115.98000
2022-01-02 08:00:00,115.98000,116.48000,115.16000,115.76000
2022-01-02 12:00:00,115.74000,116.27000,113.67000,114.27000
2022-01-02 16:00:00,114.17000,115.89000,112.32000,112.46000
2022-01-02 20:00:00,112.40000,113.86000,112.089996,113.070000
2022-01-03 00:00:00,113.059998,114.089996,110.81000,110.88000
2022-01-03 04:00:00,110.87000,112.99000,110.68000,111.89000
2022-01-03 08:00:00,111.87000,112.56000,110.16000,111.78000
2022-01-03 12:00:00,111.86000,113.31000,110.65000,110.72000
2022-01-03 16:00:00,110.58000,111.14000,107.75,108.18000
2022-01-03 20:00:00,108,108.94000,106.040001,108.070000
2022-01-04 00:00:00,108.12000,108.37000,105.19000,105.62000
2022-01-04 04:00:00,105.55000,106.33000,105.040001,106.31000
2022-01-04 08:00:00,106.35000,107.63000,105.89000,107.46000
2022-01-04 12:00:00,107.53000,109.16000,106.26000,107.91000
2022-01-04 16:00:00,107.94000,108.80000,103.41000,103.75
2022-01-04 20:00:00,103.83000,105.85000,102.94000,103.28000
2022-01-05 00:00:00,103.34000,105.92000,102.51000,105.76000
2022-01-05 04:00:00,105.77000,106.31000,104.98000,105.73000
2022-01-05 08:00:00,105.92000,106.55000,104.68000,104.95000
2022-01-05 12:00:00,104.88000,105.44000,103.92000,105.21000
2022-01-05 16:00:00,105.17000,105.20000,97.96000,98.23000
2022-01-05 20:00:00,98.31000,99.089996,90.73000,97.39000
2022-01-06 00:00:00,97.22000,97.89000,92.60000,92.60000
2022-01-06 04:00:00,93.059998,95.44000,92.019997,95.22000
2022-01-06 08:00:00,95.16000,95.16000,91.37000,91.73000
2022-01-06 12:00:00,91.95000,95.14000,91.099998,94.21000
2022-01-06 16:00:00,94.12000,96.89000,93.75,96.35000
2022-01-06 20:00:00,96.38000,96.67000,94.80000,95.18000
2022-01-07 00:00:00,95.089996,95.48000,87.67000,87.72000
2022-01-07 04:00:00,87.44000,89.42000,85.30000,88.31000
2022-01-07 08:00:00,88.28000,90.87000,87.90000,90.029999
2022-01-07 12:00:00,90.29000,91.78000,86.28000,87.019997
2022-01-07 16:00:00,87.019997,89.51000,85.92000,88.70000
2022-01-07 20:00:00,88.76000,89.029999,85.99000,86.54000
2022-01-08 00:00:00,86.75,88.82000,85.93000,87.23000
2022-01-08 04:00:00,87.28000,88.61000,87.14000,88.61000
2022-01-08 08:00:00,88.58000,89.5,86.54000,86.86000
2022-01-08 12:00:00,86.91000,87.32000,82.82000,83.17000
2022-01-08 16:00:00,83.31000,83.90000,79.44000,80.23000
2022-01-08 20:00:00,80.47000,85.63000,80.080002,83.90000
2022-01-09 00:00:00,83.85000,86.33000,82.59000,85.050003
2022-01-09 04:00:00,84.97000,85.80000,84.62000,84.93000
2022-01-09 08:00:00,84.90000,85.78000,83.32000,85.45000
2022-01-09 12:00:00,85.53000,86.63000,83.49000,86.63000
2022-01-09 16:00:00,86.77000,91.68000,86.57000,91.68000
2022-01-09 20:00:00,91.70000,91.80000,87.73000,89.33000
2022-01-10 00:00:00,89.099998,90.95000,87.27000,89.27000
2022-01-10 04:00:00,89.22000,90.65000,88.63000,89.019997
2022-01-10 08:00:00,89.11000,89.15000,86.56000,86.92000
2022-01-10 12:00:00,86.96000,87.21000,80.48000,83.21000
2022-01-10 16:00:00,83.019997,85.46000,81.22000,83.059998
2022-01-10 20:00:00,83.23000,84.92000,82.88000,84.43000
2022-01-11 00:00:00,84.60000,86.46000,83.24000,86.29000
2022-01-11 04:00:00,86.40000,86.49000,85.58000,86.34000
2022-01-11 08:00:00,86.32000,87.14000,84.96000,85.5
2022-01-11 12:00:00,85.42000,86.98000,84.63000,86.78000
2022-01-11 16:00:00,86.80000,90.90000,86.74000,89.63000
2022-01-11 20:00:00,89.80000,90.059998,88.77000,89.56000
2022-01-12 00:00:00,89.57000,89.89000,88.82000,89.30000
2022-01-12 04:00:00,89.36000,92.070000,89.11000,90.54000
2022-01-12 08:00:00,90.58000,95.19000,90.28000,94.88000
2022-01-12 12:00:00,94.82000,96.87000,94.68000,95.62000
2022-01-12 16:00:00,95.71000,96.029999,93.67000,94.51000
2022-01-12 20:00:00,94.61000,96.12000,93.94000,95.96000
2022-01-13 00:00:00,95.86000,96.40000,92.89000,93.45000
2022-01-13 04:00:00,93.51000,94.66000,93.21000,94.66000
2022-01-13 08:00:00,94.66000,95.34000,93.65000,93.89000
2022-01-13 12:00:00,93.96000,97.20000,92.45000,93.58000
2022-01-13 16:00:00,93.5,94.5,90.67000,91.19000
2022-01-13 20:00:00,91.019997,91.81000,89.12000,89.59000
2022-01-14 00:00:00,89.65000,90.36000,88.79000,89.80000
2022-01-14 04:00:00,89.80000,91.68000,89.77000,90.33000
2022-01-14 08:00:00,90.43000,90.43000,87.32000,88.31000
2022-01-14 12:00:00,88.22000,90.77000,87.34000,90.47000
2022-01-14 16:00:00,90.48000,90.79000,89.62000,90.23000
2022-01-14 20:00:00,90.20000,90.66000,89.42000,90.39000
2022-01-15 00:00:00,90.41000,91.74000,90.010002,90.92000
2022-01-15 04:00:00,90.95000,91.089996,89.88000,90.40000
2022-01-15 08:00:00,90.41000,90.76000,89.85000,90.61000
2022-01-15 12:00:00,90.59000,92.62000,89.53000,92.62000
2022-01-15 16:00:00,92.74000,94.27000,92.41000,94.27000
2022-01-15 20:00:00,94.36000,94.36000,92.83000,93.070000
2022-01-16 00:00:00,93.080002,93.86000,91.86000,92.13000
2022-01-16 04:00:00,92.18000,93.93000,91.82000,93.5
2022-01-16 08:00:00,93.68000,94.26000,92.21000,93.31000
2022-01-16 12:00:00,93.35000,94.87000,92.64000,93.97000
2022-01-16 16:00:00,94.089996,94.39000,92.18000,92.32000
2022-01-16 20:00:00,92.30000,92.85000,92.14000,92.25
2022-01-17 00:00:00,92.30000,92.46000,89.73000,89.73000
2022-01-17 04:00:00,89.60000,90.099998,88.40000,89.019997
2022-01-17 08:00:00,89.12000,89.84000,88.47000,88.59000
2022-01-17 12:00:00,88.45000,89.21000,87.91000,88.19000
2022-01-17 16:00:00,88.15000,88.45000,85.99000,87.45000
2022-01-17 20:00:00,87.52000,87.93000,85.45000,86.66000
2022-01-18 00:00:00,86.67000,87.38000,85.92000,85.99000
2022-01-18 04:00:00,86,87.18000,85.65000,86.96000
2022-01-18 08:00:00,86.94000,86.95000,84.74000,85.95000
2022-01-18 12:00:00,86,86.21000,83.74000,84.35000
2022-01-18 16:00:00,84.24000,84.95000,83.82000,84.74000
2022-01-18 20:00:00,84.72000,86.69000,84.19000,86.029999
2022-01-19 00:00:00,86.040001,86.36000,84.089996,84.71000
2022-01-19 04:00:00,84.67000,85.040001,81.36000,81.52000
2022-01-19 08:00:00,81.52000,83.28000,81.22000,83.019997
2022-01-19 12:00:00,83.029999,85.40000,83.029999,84.33000
2022-01-19 16:00:00,84.31000,84.85000,82.96000,84.30000
2022-01-19 20:00:00,84.26000,84.29000,82.60000,82.60000
2022-01-20 00:00:00,82.87000,83.71000,82.25,83.46000
2022-01-20 04:00:00,83.5,84.77000,83.31000,84.71000
2022-01-20 08:00:00,84.71000,85.16000,84.25,85.040001
2022-01-20 12:00:00,84.98000,87.46000,84.27000,87.28000
2022-01-20 16:00:00,87.39000,87.73000,85.89000,86.050003
2022-01-20 20:00:00,86.029999,86.14000,78.84000,79.41000
2022-01-21 00:00:00,79.22000,80.30000,74.18000,74.75
2022-01-21 04:00:00,75,76.58000,75,76.45000
2022-01-21 08:00:00,76.43000,77.080002,75.21000,75.49000
2022-01-21 12:00:00,75.55000,75.57000,71.53000,73.99000
2022-01-21 16:00:00,74.14000,74.92000,72.31000,72.31000
2022-01-21 20:00:00,72.26000,72.88000,64.18000,66.18000
2022-01-22 00:00:00,66.059998,67.47000,65.22000,66.45000
2022-01-22 04:00:00,66.45000,66.80000,59.099998,59.13000
2022-01-22 08:00:00,59.13000,61.099998,53.21000,58.80000
2022-01-22 12:00:00,59,62.090000,57.22000,57.36000
2022-01-22 16:00:00,57.41000,59.98000,56.57000,57.35000
2022-01-22 20:00:00,57.44000,61.35000,56.89000,59.85000
2022-01-23 00:00:00,59.80000,62.040001,59.16000,60.35000
2022-01-23 04:00:00,60.35000,63.81000,60.070000,63.75
2022-01-23 08:00:00,63.79000,66.87000,63.13000,64.36000
2022-01-23 12:00:00,64.34000,64.93000,62.070000,63.029999
2022-01-23 16:00:00,63.060001,64.099998,60.56000,60.89000
2022-01-23 20:00:00,60.86000,65.14000,60.47000,64.77000
2022-01-24 00:00:00,64.81000,64.81000,61.28000,62
2022-01-24 04:00:00,61.93000,62.33000,59.24000,59.36000
2022-01-24 08:00:00,59.37000,60.39000,56.27000,56.91000
2022-01-24 12:00:00,56.95000,58.56000,55.20000,57.97000
2022-01-24 16:00:00,57.93000,62.73000,56.63000,61.17000
2022-01-24 20:00:00,61.090000,63.73000,60.84000,62.97000
2022-01-25 00:00:00,63.0099983,64.080002,61.75,62.69000
2022-01-25 04:00:00,62.71000,62.88000,61.74000,62.71000
2022-01-25 08:00:00,62.65000,65.070000,62.13000,63.65000
2022-01-25 12:00:00,63.68000,66.72000,63.41000,65.5
2022-01-25 16:00:00,65.56000,70.49000,65.56000,69
2022-01-25 20:00:00,68.98000,69.12000,66.71000,67.96000
2022-01-26 00:00:00,68.17000,69.17000,66.23000,68.71000
2022-01-26 04:00:00,68.82000,69.84000,67.16000,68.37000
2022-01-26 08:00:00,68.38000,69.26000,67.82000,68.88000
2022-01-26 12:00:00,69.010002,72.32000,68.20000,69.97000
2022-01-26 16:00:00,69.92000,73.39000,66.87000,69.5
2022-01-26 20:00:00,69.35000,69.35000,64.39000,65.75
2022-01-27 00:00:00,65.68000,66.63000,61.29000,62.0099983
2022-01-27 04:00:00,61.90000,63.31000,61.65000,62.97000
2022-01-27 08:00:00,62.95000,65.089996,62.86000,64.99000
2022-01-27 12:00:00,65.21000,67.86000,64.92000,66.71000
2022-01-27 16:00:00,66.66000,66.81000,63.98000,64.099998
2022-01-27 20:00:00,64.26000,64.79000,61.25,64.57000
2022-01-28 00:00:00,64.66000,66.070000,63.12000,65.71000
2022-01-28 04:00:00,65.72000,66.070000,64.41000,64.64000
2022-01-28 08:00:00,64.53000,64.66000,62.40000,62.67000
2022-01-28 12:00:00,62.69000,65.29000,61.79000,65.070000
2022-01-28 16:00:00,65.050003,66.36000,64.67000,65.61000
2022-01-28 20:00:00,65.65000,67.37000,65.35000,67.070000
2022-01-29 00:00:00,67.010002,68.31000,66.88000,67.53000
2022-01-29 04:00:00,67.53000,69.39000,67.46000,69.36000
2022-01-29 08:00:00,69.5,69.52000,68.35000,69.21000
2022-01-29 12:00:00,69.23000,71.71000,68.86000,71.41000
2022-01-29 16:00:00,71.34000,72.76000,69.72000,72.28000
2022-01-29 20:00:00,72.29000,73.47000,71.11000,71.80000
2022-01-30 00:00:00,71.92000,72.21000,70.14000,70.58000
2022-01-30 04:00:00,70.67000,72.33000,70.57000,72.050003
2022-01-30 08:00:00,72.080002,72.30000,70.32000,70.93000
2022-01-30 12:00:00,70.94000,70.94000,68.64000,69.59000
2022-01-30 16:00:00,69.62000,69.83000,67.13000,67.21000
2022-01-30 20:00:00,67.12000,68.90000,66.92000,68
2022-01-31 00:00:00,67.92000,68.39000,64.84000,65.24000
2022-01-31 04:00:00,65.22000,65.49000,64.29000,65.33000
2022-01-31 08:00:00,65.34000,66.76000,65.27000,66.49000
2022-01-31 12:00:00,66.5,69.30000,65.11000,68.93000
2022-01-31 16:00:00,69.059998,70.60000,68.72000,69.76000
2022-01-31 20:00:00,69.77000,70.19000,69.11000,69.87000
2022-02-01 00:00:00,69.85000,70.84000,69.12000,69.80000
2022-02-01 04:00:00,69.80000,71.37000,68.58000,69.72000
2022-02-01 08:00:00,69.74000,71.91000,69.42000,70.27000
2022-02-01 12:00:00,70.30000,71.12000,69.14000,70.28000
2022-02-01 16:00:00,70.28000,72.98000,70.28000,70.93000
2022-02-01 20:00:00,71,73.84000,71,73.30000
2022-02-02 00:00:00,73.32000,74.85000,73.12000,73.70000
2022-02-02 04:00:00,73.57000,73.66000,72.54000,72.80000
2022-02-02 08:00:00,72.74000,73.23000,72.27000,73.099998
2022-02-02 12:00:00,73.099998,74.46000,70.63000,70.74000
2022-02-02 16:00:00,70.61000,72.35000,68.80000,71.75
2022-02-02 20:00:00,71.63000,71.78000,67.5,67.79000
2022-02-03 00:00:00,67.59000,69.16000,67.28000,67.76000
2022-02-03 04:00:00,67.70000,68.55000,67.019997,67.71000
2022-02-03 08:00:00,67.72000,67.97000,65,66.38000
2022-02-03 12:00:00,66.32000,68.93000,65.24000,68.56000
2022-02-03 16:00:00,68.52000,68.52000,66.099998,66.22000
2022-02-03 20:00:00,66.22000,68.71000,65.66000,68.41000
2022-02-04 00:00:00,68.43000,68.49000,67.48000,67.90000
2022-02-04 04:00:00,67.87000,70.57000,67.74000,69.56000
2022-02-04 08:00:00,69.66000,72.34000,69.66000,71.38000
2022-02-04 12:00:00,71.38000,74.68000,69.86000,73.41000
2022-02-04 16:00:00,73.43000,76.74000,73.43000,76.60000
2022-02-04 20:00:00,76.72000,77.77000,75.67000,77.77000
2022-02-05 00:00:00,77.83000,78.36000,76.52000,78.28000
2022-02-05 04:00:00,78.40000,80.83000,78.040001,78.70000
2022-02-05 08:00:00,78.72000,79.48000,78.36000,78.72000
2022-02-05 12:00:00,78.72000,79.47000,77.75,78.89000
2022-02-05 16:00:00,78.82000,78.97000,75,76.26000
2022-02-05 20:00:00,76.37000,77.74000,75.81000,77.010002
2022-02-06 00:00:00,77.17000,78.95000,77.17000,78.13000
2022-02-06 04:00:00,78.11000,78.37000,77.13000,77.63000
2022-02-06 08:00:00,77.63000,78.14000,76.90000,77.11000
2022-02-06 12:00:00,77.20000,77.81000,74.26000,75.54000
2022-02-06 16:00:00,75.61000,76.87000,75.40000,76.36000
2022-02-06 20:00:00,76.33000,79.059998,75.69000,78.97000
2022-02-07 00:00:00,79.050003,80.91000,77.46000,80.83000
2022-02-07 04:00:00,80.92000,83.56000,80.52000,82.52000
2022-02-07 08:00:00,82.43000,82.60000,81.080002,82.31000
2022-02-07 12:00:00,82.31000,85.050003,81.75,84.84000
2022-02-07 16:00:00,84.77000,85.31000,82.66000,84.47000
2022-02-07 20:00:00,84.5,85.040001,82.74000,83.19000
2022-02-08 00:00:00,83.23000,83.93000,81.75,83.83000
2022-02-08 04:00:00,88.73000,92.51000,86.80000,90.19000
2022-02-08 08:00:00,90.099998,91.42000,85.75,86.54000
2022-02-08 12:00:00,86.27000,86.27000,82.96000,84.59000
2022-02-08 16:00:00,84.54000,86.35000,82.91000,85.5
2022-02-08 20:00:00,85.25,88,85.25,86.21000
2022-02-09 00:00:00,86.34000,88.95000,84.63000,86.56000
2022-02-09 04:00:00,86.71000,88.099998,85.69000,87.87000
2022-02-09 08:00:00,87.87000,89.20000,87.52000,88.86000
2022-02-09 12:00:00,88.72000,90.51000,88.30000,89.77000
2022-02-09 16:00:00,89.89000,91.95000,89.31000,91.59000
2022-02-09 20:00:00,91.74000,91.86000,89.63000,90.070000
2022-02-10 00:00:00,90.050003,90.050003,87.65000,88.90000
2022-02-10 04:00:00,88.87000,89.96000,88.11000,89.79000
2022-02-10 08:00:00,89.68000,90.96000,89.24000,90.5
2022-02-10 12:00:00,90.49000,92.53000,85.18000,91.80000
2022-02-10 16:00:00,91.74000,95,90.15000,90.94000
2022-02-10 20:00:00,90.85000,93.32000,89.64000,91.21000
2022-02-11 00:00:00,91.24000,92.56000,88.070000,89.089996
2022-02-11 04:00:00,89.15000,89.87000,87.96000,89.78000
2022-02-11 08:00:00,89.75,91.099998,88.40000,89.95000
2022-02-11 12:00:00,89.99000,91.47000,89.25,90.74000
2022-02-11 16:00:00,90.84000,91,84.69000,84.85000
2022-02-11 20:00:00,84.94000,85.080002,80,81.77000
2022-02-12 00:00:00,81.74000,84.73000,80.71000,83.14000
2022-02-12 04:00:00,83.38000,83.98000,79.83000,81.27000
2022-02-12 08:00:00,81.29000,82.64000,79.94000,81.84000
2022-02-12 12:00:00,81.81000,81.97000,78.86000,80.11000
2022-02-12 16:00:00,80.12000,84.69000,79.66000,81.91000
2022-02-12 20:00:00,81.98000,83.29000,79.79000,81.30000
2022-02-13 00:00:00,81.059998,82.65000,80.56000,82.13000
2022-02-13 04:00:00,82.099998,83.23000,81.68000,83.14000
2022-02-13 08:00:00,83,83.27000,81.83000,82.20000
2022-02-13 12:00:00,82.19000,82.31000,81.11000,81.11000
2022-02-13 16:00:00,81.15000,81.26000,77.59000,78.22000
2022-02-13 20:00:00,78.26000,79.66000,77.77000,77.89000
2022-02-14 00:00:00,77.95000,78.30000,76.22000,77.38000
2022-02-14 04:00:00,77.30000,79.029999,76.94000,78.98000
2022-02-14 08:00:00,79.080002,79.70000,77.40000,78.13000
2022-02-14 12:00:00,78.18000,82.16000,77.5,80.60000
2022-02-14 16:00:00,80.52000,81.96000,78.93000,80.18000
2022-02-14 20:00:00,80.16000,82.56000,79.32000,81.98000
2022-02-15 00:00:00,81.81000,84.82000,81.45000,84.19000
2022-02-15 04:00:00,84.24000,85.35000,83.85000,85.16000
2022-02-15 08:00:00,85.13000,89.24000,85.080002,88.089996
2022-02-15 12:00:00,88.30000,89.33000,87.40000,88.75
2022-02-15 16:00:00,88.84000,90.62000,88.22000,90.11000
2022-02-15 20:00:00,90.070000,93.62000,89.39000,92.97000
2022-02-16 00:00:00,92.94000,94.59000,91.76000,93.93000
2022-02-16 04:00:00,93.94000,97.19000,92.94000,96.98000
2022-02-16 08:00:00,96.98000,97.18000,93.38000,94.85000
2022-02-16 12:00:00,94.74000,95.080002,91.61000,93.48000
2022-02-16 16:00:00,93.68000,96.20000,91.81000,96.14000
2022-02-16 20:00:00,96.12000,96.93000,94.36000,95.050003
2022-02-17 00:00:00,95.34000,98.59000,95.059998,95.13000
2022-02-17 04:00:00,94.75,95.83000,93.72000,94.69000
2022-02-17 08:00:00,94.66000,94.72000,91.85000,92.86000
2022-02-17 12:00:00,92.87000,93.61000,89.99000,91.099998
2022-02-17 16:00:00,90.99000,91.62000,86.71000,88.35000
2022-02-17 20:00:00,88.21000,89.43000,86.40000,88.31000
2022-02-18 00:00:00,88.080002,89.92000,86.48000,89.70000
2022-02-18 04:00:00,89.85000,89.91000,88.24000,88.60000
2022-02-18 08:00:00,88.72000,89.65000,86.55000,86.80000
2022-02-18 12:00:00,86.81000,87.72000,83.019997,83.42000
2022-02-18 16:00:00,83.36000,85.65000,82.57000,85.11000
2022-02-18 20:00:00,85.16000,85.33000,83,83.69000
2022-02-19 00:00:00,83.55000,85.14000,83.30000,84.010002
2022-02-19 04:00:00,84.019997,86.26000,84.010002,85.92000
2022-02-19 08:00:00,85.97000,86.31000,82.58000,83
2022-02-19 12:00:00,82.98000,83.5,81.050003,83.019997
2022-02-19 20:00:00,83.47000,85.31000,83.45000,85.050003
2022-02-20 00:00:00,85.029999,85.68000,83.36000,83.40000
2022-02-20 04:00:00,83.43000,83.79000,79.40000,80.13000
2022-02-20 08:00:00,80.029999,80.15000,78.37000,79.68000
2022-02-20 12:00:00,79.76000,80.34000,76.80000,78.86000
2022-02-20 16:00:00,78.79000,79.62000,78.33000,79.13000
2022-02-20 20:00:00,79.11000,79.12000,76.58000,77.35000
2022-02-21 00:00:00,77.41000,81.64000,76.84000,79.87000
2022-02-21 04:00:00,80.010002,82.36000,79.88000,82.36000
2022-02-21 08:00:00,82.26000,82.62000,76.47000,77.39000
2022-02-21 12:00:00,77.39000,79.80000,74.80000,78.089996
2022-02-21 16:00:00,78.050003,78.95000,73.83000,75.080002
2022-02-21 20:00:00,75.059998,75.36000,69.56000,70
2022-02-22 00:00:00,70.099998,71.050003,67.34000,67.62000
2022-02-22 04:00:00,67.69000,69.93000,67.47000,68.98000
2022-02-22 08:00:00,68.88000,72.45000,68.88000,72.14000
2022-02-22 12:00:00,72.089996,74.29000,71.35000,72.94000
2022-02-22 16:00:00,73.070000,73.41000,71.52000,73.20000
2022-02-22 20:00:00,73.15000,74.88000,71.91000,74.46000
2022-02-23 00:00:00,74.52000,76.83000,74.21000,75.080002
2022-02-23 04:00:00,75.089996,78.62000,74.85000,78.59000
2022-02-23 08:00:00,78.46000,82.35000,78.010002,81.39000
2022-02-23 12:00:00,81.40000,81.96000,79.41000,79.95000
2022-02-23 16:00:00,79.88000,81.38000,76.15000,76.67000
2022-02-23 20:00:00,76.60000,77.47000,73.31000,73.43000
2022-02-24 00:00:00,73.30000,74.57000,65.94000,67.37000
2022-02-24 04:00:00,67.28000,68.62000,64.51000,67.080002
2022-02-24 08:00:00,66.98000,69.45000,65.19000,67.27000
2022-02-24 12:00:00,66.88000,71.5,65.64000,71.059998
2022-02-24 16:00:00,71,76.80000,69.089996,76.80000
2022-02-24 20:00:00,77.38000,79.87000,73.77000,76.49000
2022-02-25 00:00:00,76.60000,77.76000,74.60000,75.97000
2022-02-25 04:00:00,75.92000,76.21000,74.56000,75.41000
2022-02-25 08:00:00,75.55000,75.87000,72.74000,75.81000
2022-02-25 12:00:00,76.010002,78.99000,75.15000,78.070000
2022-02-25 16:00:00,78.010002,78.75,76.5,77.15000
2022-02-25 20:00:00,77.080002,81.89000,76.65000,81
2022-02-26 00:00:00,80.87000,83.91000,80.27000,80.73000
2022-02-26 04:00:00,80.74000,81.34000,78.48000,79.88000
2022-02-26 08:00:00,79.98000,80.98000,78.21000,78.95000
2022-02-26 12:00:00,79.13000,81.73000,78.60000,80.77000
2022-02-26 16:00:00,80.77000,83.25,80.21000,82.46000
2022-02-26 20:00:00,82.63000,84.86000,80.84000,81.71000
2022-02-27 00:00:00,81.83000,82.11000,77.90000,78.62000
2022-02-27 04:00:00,78.52000,79.75,77.19000,79.080002
2022-02-27 08:00:00,79.20000,81.49000,78.36000,81.14000
2022-02-27 12:00:00,81.29000,82.31000,78.32000,80.34000
2022-02-27 16:00:00,80.35000,80.42000,73.62000,73.88000
2022-02-27 20:00:00,73.72000,75.69000,73.15000,75.059998
2022-02-28 00:00:00,75.019997,75.40000,72.93000,73.5
2022-02-28 04:00:00,73.55000,75.26000,71.86000,74.86000
2022-02-28 08:00:00,74.98000,76.089996,74.5,75.019997
2022-02-28 12:00:00,75.11000,82.49000,73.96000,81.84000
2022-02-28 16:00:00,81.93000,82.28000,78.67000,80.16000
2022-02-28 20:00:00,80.39000,85.83000,80.14000,84.66000
2022-03-01 00:00:00,84.63000,89.59000,84.57000,86.73000
2022-03-01 04:00:00,86.77000,88.38000,85.83000,86.41000
2022-03-01 08:00:00,86.31000,87.89000,83.75,85.81000
2022-03-01 12:00:00,85.75,90.75,85.62000,86.30000
2022-03-01 16:00:00,86.18000,87.69000,84.66000,86.080002
2022-03-01 20:00:00,85.92000,87.34000,85.019997,86.84000
2022-03-02 00:00:00,86.92000,89.87000,84.44000,88.95000
2022-03-02 04:00:00,89.099998,89.11000,85.45000,85.84000
2022-03-02 08:00:00,85.81000,86.97000,85.080002,85.87000
2022-03-02 12:00:00,85.83000,86.48000,82.57000,83.97000
2022-03-02 16:00:00,83.96000,84.78000,82.53000,82.99000
2022-03-02 20:00:00,83.099998,84.47000,82.79000,83.34000
2022-03-03 00:00:00,83.13000,84.27000,81.12000,81.59000
2022-03-03 04:00:00,81.66000,83.62000,81.019997,83.070000
2022-03-03 08:00:00,83.040001,83.37000,81.74000,82.029999
2022-03-03 12:00:00,82,82.72000,77.56000,78.41000
2022-03-03 16:00:00,78.34000,79.040001,77.20000,78.13000
2022-03-03 20:00:00,77.99000,79.93000,77.77000,78.5
2022-03-04 00:00:00,78.20000,78.54000,75.28000,78.19000
2022-03-04 04:00:00,78.22000,78.28000,76.64000,77.48000
2022-03-04 08:00:00,77.55000,81.55000,76.71000,80.78000
2022-03-04 12:00:00,80.96000,82.11000,78.41000,78.41000
2022-03-04 16:00:00,78.35000,80.70000,77.69000,78.54000
2022-03-04 20:00:00,78.38000,79.040001,75.010002,75.74000
2022-03-05 00:00:00,75.79000,75.79000,73.42000,75.050003
2022-03-05 04:00:00,75.010002,77.24000,74.080002,77.20000
2022-03-05 08:00:00,77.31000,77.88000,76.40000,76.68000
2022-03-05 12:00:00,77.90000,78.059998,75.84000,76.82000
2022-03-05 16:00:00,76.76000,78.64000,76.76000,77.64000
2022-03-05 20:00:00,77.66000,78.099998,76.45000,76.65000
2022-03-06 00:00:00,76.52000,77.029999,75.22000,75.56000
2022-03-06 04:00:00,75.55000,76.57000,75.040001,75.98000
2022-03-06 08:00:00,75.80000,75.91000,73.67000,75.059998
2022-03-06 12:00:00,75.15000,76.010002,74.40000,75.010002
2022-03-06 16:00:00,75,75.51000,72.72000,73.029999
2022-03-06 20:00:00,72.88000,74.24000,72.13000,72.48000
2022-03-07 00:00:00,72.39000,72.93000,70.45000,71.16000
2022-03-07 04:00:00,71.23000,72.55000,70.76000,71.74000
2022-03-07 08:00:00,71.90000,74.66000,71.64000,74.66000
2022-03-07 12:00:00,74.73000,76.48000,74.51000,75.15000
2022-03-07 16:00:00,75.12000,75.74000,70.75,70.99000
2022-03-07 20:00:00,70.71000,72.82000,70.57000,71.77000
2022-03-08 00:00:00,71.68000,73.89000,71.40000,72.99000
2022-03-08 04:00:00,72.93000,73.59000,71.38000,72.17000
2022-03-08 08:00:00,72.17000,73.37000,71.90000,72.56000
2022-03-08 12:00:00,72.66000,74.43000,71.34000,72.5
2022-03-08 16:00:00,72.37000,76.5,71.94000,74.43000
2022-03-08 20:00:00,74.5,74.75,72.31000,73.050003
2022-03-09 00:00:00,72.95000,79.95000,72.36000,79.95000
2022-03-09 04:00:00,80.059998,80.39000,77.71000,78.71000
2022-03-09 08:00:00,78.67000,79.32000,78,78.82000
2022-03-09 12:00:00,78.83000,79.37000,77.43000,79.059998
2022-03-09 16:00:00,79.089996,79.44000,76.52000,77.12000
2022-03-09 20:00:00,77.19000,77.99000,76.31000,77.57000
2022-03-10 00:00:00,77.82000,78.97000,75.39000,75.48000
2022-03-10 04:00:00,75.38000,75.65000,72.56000,73.13000
2022-03-10 08:00:00,73.20000,73.60000,72.67000,73.019997
2022-03-10 12:00:00,72.97000,74.28000,71.63000,72.78000
2022-03-10 16:00:00,72.83000,73.11000,72,73.040001
2022-03-10 20:00:00,73.040001,74.33000,72.88000,73.93000
2022-03-11 00:00:00,73.83000,76.30000,71.95000,75.27000
2022-03-11 04:00:00,75.28000,75.78000,72.75,75.51000
2022-03-11 08:00:00,75.43000,76.81000,74.39000,76.44000
2022-03-11 12:00:00,76.5,76.85000,73.34000,73.47000
2022-03-11 16:00:00,73.5,73.5,71.37000,71.38000
2022-03-11 20:00:00,71.32000,72.19000,70.86000,71.17000
2022-03-12 00:00:00,71.22000,73.55000,71.099998,72.5
2022-03-12 04:00:00,72.48000,73.39000,72.23000,72.54000
2022-03-12 08:00:00,72.53000,72.62000,71.65000,71.93000
2022-03-12 12:00:00,71.95000,72.34000,71.5,71.93000
2022-03-12 16:00:00,72.010002,72.47000,71.29000,71.31000
2022-03-12 20:00:00,71.35000,71.55000,70.91000,70.92000
2022-03-13 00:00:00,70.79000,71.75,70.61000,71.29000
2022-03-13 04:00:00,71.37000,71.96000,71.16000,71.80000
2022-03-13 08:00:00,71.80000,71.90000,71.019997,71.13000
2022-03-13 12:00:00,71.070000,71.24000,69.55000,70.56000
2022-03-13 16:00:00,70.56000,70.87000,70.040001,70.099998
2022-03-13 20:00:00,70.019997,70.11000,67.29000,67.93000
2022-03-14 00:00:00,67.80000,68.15000,67.17000,67.98000
2022-03-14 04:00:00,67.99000,69.99000,67.98000,69.86000
2022-03-14 08:00:00,69.86000,71.47000,68.71000,68.72000
2022-03-14 12:00:00,68.70000,68.95000,66.54000,67.24000
2022-03-14 16:00:00,67.31000,67.69000,65.57000,66
2022-03-14 20:00:00,66.029999,68.99000,66.029999,68.99000
2022-03-15 00:00:00,68.96000,69.46000,66.65000,66.81000
2022-03-15 04:00:00,66.76000,67.46000,66.14000,66.36000
2022-03-15 08:00:00,66.43000,67.77000,66.12000,67.30000
2022-03-15 12:00:00,67.28000,70.23000,66.88000,69.86000
2022-03-15 16:00:00,69.94000,72.12000,69.56000,71.77000
2022-03-15 20:00:00,71.93000,71.93000,69.69000,69.83000
2022-03-16 00:00:00,69.93000,72.050003,68.35000,68.51000
2022-03-16 04:00:00,68.36000,69.56000,68.099998,69.42000
2022-03-16 08:00:00,69.57000,71.27000,69.5,71.010002
2022-03-16 12:00:00,71.089996,71.76000,70.029999,71.40000
2022-03-16 16:00:00,71.44000,74.39000,69.64000,73.65000
2022-03-16 20:00:00,73.73000,74.70000,72.71000,74.099998
2022-03-17 00:00:00,74.20000,77.40000,73.17000,76.35000
2022-03-17 04:00:00,76.29000,76.89000,75.55000,76.89000
2022-03-17 08:00:00,76.85000,80.41000,76.45000,79.43000
2022-03-17 12:00:00,79.24000,81.70000,79.24000,79.87000
2022-03-17 16:00:00,79.95000,80.91000,79.37000,79.80000
2022-03-17 20:00:00,79.85000,80.19000,78.27000,79.37000
2022-03-18 00:00:00,79.39000,81.49000,78.050003,78.80000
2022-03-18 04:00:00,78.76000,80.32000,78.59000,79.63000
2022-03-18 08:00:00,79.74000,80.24000,77.55000,77.58000
2022-03-18 12:00:00,77.60000,81.33000,76.51000,81.30000
2022-03-18 16:00:00,81.41000,86.61000,81.41000,86.61000
2022-03-18 20:00:00,86.80000,86.86000,85.29000,85.67000
2022-03-19 00:00:00,85.84000,88.52000,85.84000,87.75
2022-03-19 04:00:00,87.77000,88.39000,86.14000,86.21000
2022-03-19 08:00:00,86.23000,87.46000,85.64000,87.040001
2022-03-19 12:00:00,86.91000,90.68000,86.75,90.24000
2022-03-19 16:00:00,90.24000,92.27000,89.80000,91.14000
2022-03-19 20:00:00,91.019997,91.79000,88.85000,89.56000
2022-03-20 00:00:00,89.47000,89.95000,87.74000,88.14000
2022-03-20 04:00:00,88.23000,89.47000,87.95000,89.22000
2022-03-20 08:00:00,89.24000,89.34000,86.31000,86.34000
2022-03-20 12:00:00,86.46000,87.34000,85.71000,87.18000
2022-03-20 16:00:00,87.18000,88.77000,84.40000,87.16000
2022-03-20 20:00:00,87.20000,87.89000,84.57000,84.76000
2022-03-21 00:00:00,84.88000,85.31000,83.18000,85.089996
2022-03-21 04:00:00,85.15000,88.36000,84.61000,88.36000
2022-03-21 08:00:00,88.35000,92.38000,87.83000,90.28000
2022-03-21 12:00:00,90.55000,91.57000,87.55000,88.26000
2022-03-21 16:00:00,88.30000,88.30000,85.72000,86.72000
2022-03-21 20:00:00,86.75,87.82000,86.17000,86.23000
2022-03-22 00:00:00,86.059998,89.51000,85.20000,87.84000
2022-03-22 04:00:00,87.90000,89.84000,87.56000,88.24000
2022-03-22 08:00:00,88.24000,89.16000,87.82000,89
2022-03-22 12:00:00,88.96000,88.97000,85.87000,85.88000
2022-03-22 16:00:00,85.96000,86.64000,84.73000,84.82000
2022-03-22 20:00:00,85,86.5,83.80000,83.95000
2022-03-23 00:00:00,83.96000,85.019997,82.28000,83.51000
2022-03-23 04:00:00,83.44000,85.70000,83.14000,85.11000
2022-03-23 08:00:00,85.16000,85.28000,83.77000,84.14000
2022-03-23 12:00:00,84.26000,86.94000,83.40000,86.66000
2022-03-23 16:00:00,86.61000,87.019997,83.90000,84.33000
2022-03-23 20:00:00,84.25,86.31000,84.24000,86.019997
2022-03-24 00:00:00,86.16000,86.67000,83.64000,83.98000
2022-03-24 04:00:00,84.11000,85.71000,84.089996,85.30000
2022-03-24 08:00:00,85.40000,87.23000,84.97000,86.27000
2022-03-24 12:00:00,86.27000,88.21000,84.53000,88.21000
2022-03-24 16:00:00,88.050003,88.11000,86.30000,86.78000
2022-03-24 20:00:00,86.81000,87.78000,86.43000,87.59000
2022-03-25 00:00:00,87.58000,87.75,85.95000,86.21000
2022-03-25 04:00:00,86.23000,86.88000,85.19000,85.48000
2022-03-25 08:00:00,85.44000,86.98000,83.97000,86.79000
2022-03-25 12:00:00,86.85000,87.33000,84.33000,84.71000
2022-03-25 16:00:00,84.69000,85.16000,82.61000,84.18000
2022-03-25 20:00:00,84.059998,84.5,82.96000,83.60000
2022-03-26 00:00:00,83.64000,84.070000,82.47000,83.72000
2022-03-26 04:00:00,83.75,85.16000,83.51000,85.019997
2022-03-26 08:00:00,85,85.33000,84.24000,84.59000
2022-03-26 12:00:00,84.60000,86.45000,84,85.87000
2022-03-26 16:00:00,85.83000,86.73000,85.32000,86.089996
2022-03-26 20:00:00,86.029999,86.44000,85.43000,85.96000
2022-03-27 00:00:00,85.92000,86.94000,85.74000,85.89000
2022-03-27 04:00:00,85.86000,86.47000,85.51000,86
2022-03-27 08:00:00,85.94000,86.24000,85.33000,85.39000
2022-03-27 12:00:00,85.36000,85.89000,84.42000,85.81000
2022-03-27 16:00:00,85.80000,86.23000,85.49000,85.89000
2022-03-27 20:00:00,85.93000,89.98000,85.55000,89.98000
2022-03-28 00:00:00,89.89000,91.96000,88.62000,91.65000
2022-03-28 04:00:00,91.82000,92.39000,90.58000,91.089996
2022-03-28 08:00:00,91.18000,91.66000,90.39000,91.11000
2022-03-28 12:00:00,91.21000,94.86000,90.82000,92.76000
2022-03-28 16:00:00,92.97000,96.19000,91.91000,95.19000
2022-03-28 20:00:00,95.019997,95.28000,88.78000,89.56000
2022-03-29 00:00:00,89.44000,94.53000,89.44000,93.25
2022-03-29 04:00:00,93.37000,95.15000,92.66000,92.66000
2022-03-29 08:00:00,92.68000,94.59000,92.68000,94.51000
2022-03-29 12:00:00,94.56000,96.40000,92.71000,92.71000
2022-03-29 16:00:00,92.81000,94.23000,90.75,93.52000
2022-03-29 20:00:00,93.55000,93.75,90.29000,92.74000
2022-03-30 00:00:00,92.48000,92.60000,89.60000,92.60000
2022-03-30 04:00:00,92.61000,94.25,91.67000,93.85000
2022-03-30 08:00:00,93.91000,94.080002,92.13000,93.080002
2022-03-30 12:00:00,93.12000,97.43000,91.15000,97.010002
2022-03-30 16:00:00,96.88000,100.42000,95.34000,95.81000
2022-03-30 20:00:00,95.83000,97.33000,95.029999,95.46000
2022-03-31 00:00:00,95.59000,101.82000,94.93000,98.82000
2022-03-31 04:00:00,98.91000,100.059998,97.51000,99.90000
2022-03-31 08:00:00,99.54000,100.75,99,99.27000
2022-03-31 12:00:00,99.26000,100.67000,95.51000,97.56000
2022-03-31 16:00:00,97.55000,98.13000,93.95000,94.56000
2022-03-31 20:00:00,94.57000,97.37000,94.52000,97.37000
2022-04-01 00:00:00,97.40000,98.20000,90.49000,92.24000
2022-04-01 04:00:00,92.26000,94.36000,91.60000,94.21000
2022-04-01 08:00:00,94.31000,95.17000,92.86000,92.91000
2022-04-01 12:00:00,92.82000,97.76000,92.070000,96.64000
2022-04-01 16:00:00,96.97000,99.76000,96.95000,99.089996
2022-04-01 20:00:00,99.019997,99.019997,95.82000,96.75
2022-04-02 00:00:00,96.42000,99.050003,96.21000,97.47000
2022-04-02 04:00:00,97.5,100.86000,96.92000,100.80000
2022-04-02 08:00:00,100.75,102.58000,100.23000,101.67000
2022-04-02 12:00:00,101.63000,103.58000,98.26000,99.16000
2022-04-02 16:00:00,99.15000,101.12000,96.53000,97.87000
2022-04-02 20:00:00,97.68000,98.43000,95.80000,96.18000
2022-04-03 00:00:00,96.22000,97.46000,94.57000,97.31000
2022-04-03 04:00:00,97.37000,100.059998,97.34000,98.62000
2022-04-03 08:00:00,98.89000,99.53000,97.17000,98.53000
2022-04-03 12:00:00,98.62000,99.029999,97.13000,97.80000
2022-04-03 16:00:00,97.73000,98.26000,96.19000,96.62000
2022-04-03 20:00:00,96.58000,99.84000,96.48000,98.070000
2022-04-04 00:00:00,98.029999,98.029999,95.93000,96.5
2022-04-04 04:00:00,96.5,97.58000,96.099998,97.35000
2022-04-04 08:00:00,97.28000,97.37000,94.64000,96.32000
2022-04-04 12:00:00,96.25,96.53000,92.13000,92.26000
2022-04-04 16:00:00,92.28000,94.52000,90.99000,94.099998
2022-04-04 20:00:00,93.92000,96.099998,93.56000,96.099998
2022-04-05 00:00:00,96.099998,97.39000,95.76000,96.65000
2022-04-05 04:00:00,96.78000,97.21000,95.019997,96.20000
2022-04-05 08:00:00,96.21000,96.79000,94.96000,96.74000
2022-04-05 12:00:00,96.71000,97.63000,93.20000,93.68000
2022-04-05 16:00:00,93.60000,94.37000,91.99000,92.92000
2022-04-05 20:00:00,92.90000,93.35000,90.65000,91.050003
2022-04-06 00:00:00,91.059998,91.059998,86.45000,89.14000
2022-04-06 04:00:00,89.29000,91,88.81000,89.88000
2022-04-06 08:00:00,89.82000,90.089996,86.21000,87.16000
2022-04-06 12:00:00,87.39000,88.010002,83.77000,84.97000
2022-04-06 16:00:00,85.010002,86.57000,83.18000,85.86000
2022-04-06 20:00:00,85.87000,86.61000,82.69000,83
2022-04-07 00:00:00,82.94000,84.43000,81.47000,83.33000
2022-04-07 04:00:00,83.45000,84.86000,82.90000,84.67000
2022-04-07 08:00:00,84.66000,85.72000,83.93000,85.60000
2022-04-07 12:00:00,85.64000,86,81.70000,83.010002
2022-04-07 16:00:00,83.029999,88.61000,82.97000,86.93000
2022-04-07 20:00:00,86.84000,88.55000,85.93000,87.78000
2022-04-08 00:00:00,87.58000,89.19000,87.15000,88.85000
2022-04-08 04:00:00,88.83000,89.70000,86.91000,88.12000
2022-04-08 08:00:00,88.040001,89.21000,86.29000,86.36000
2022-04-08 12:00:00,86.56000,89.85000,85.56000,89.58000
2022-04-08 16:00:00,89.63000,90.45000,85.97000,86.66000
2022-04-08 20:00:00,86.71000,87.010002,82.73000,83.67000
2022-04-09 00:00:00,83.65000,85.49000,82.86000,83.39000
2022-04-09 04:00:00,83.49000,84.54000,82.95000,84.53000
2022-04-09 08:00:00,84.57000,84.57000,83.36000,83.96000
2022-04-09 12:00:00,83.90000,84.45000,82.28000,82.35000
2022-04-09 16:00:00,82.5,83.96000,82.37000,83.13000
2022-04-09 20:00:00,83.26000,84.61000,82.84000,84.55000
2022-04-10 00:00:00,84.67000,84.82000,83.87000,84.44000
2022-04-10 04:00:00,84.39000,84.5,83.26000,83.32000
2022-04-10 08:00:00,83.33000,83.63000,82.64000,83.60000
2022-04-10 12:00:00,83.61000,84.23000,83.21000,84.089996
2022-04-10 16:00:00,84.029999,85.65000,83.91000,84.76000
2022-04-10 20:00:00,84.73000,85.11000,80.86000,81.029999
2022-04-11 00:00:00,80.92000,81.53000,78.15000,79.22000
2022-04-11 04:00:00,79.13000,80.099998,78.74000,80.089996
2022-04-11 08:00:00,80.12000,80.26000,75.28000,76.029999
2022-04-11 12:00:00,75.87000,76.96000,74.62000,75.43000
2022-04-11 16:00:00,75.34000,76.5,73.56000,74.12000
2022-04-11 20:00:00,74.24000,74.83000,72.73000,74.35000
2022-04-12 00:00:00,74.52000,75.95000,73.91000,75.050003
2022-04-12 04:00:00,75.14000,77.68000,74.94000,77.42000
2022-04-12 08:00:00,77.39000,78.69000,76.82000,78.61000
2022-04-12 12:00:00,78.64000,79.46000,75.70000,76.44000
2022-04-12 16:00:00,76.47000,77.39000,74.30000,74.30000
2022-04-12 20:00:00,74.40000,76.65000,74.40000,76.26000
2022-04-13 00:00:00,76.35000,77.67000,76.14000,76.98000
2022-04-13 04:00:00,76.98000,77.79000,76.65000,77.48000
2022-04-13 08:00:00,77.53000,78.010002,76.37000,76.54000
2022-04-13 12:00:00,76.47000,80.20000,75.85000,79.82000
2022-04-13 16:00:00,79.83000,80.47000,78.82000,80.14000
2022-04-13 20:00:00,80.13000,80.62000,79.33000,80.14000
2022-04-14 00:00:00,80.20000,81.56000,79.72000,81.099998
2022-04-14 04:00:00,81.13000,81.84000,80.44000,81.029999
2022-04-14 08:00:00,81.15000,81.42000,78.99000,79.19000
2022-04-14 12:00:00,79.14000,80.94000,76.74000,76.95000
2022-04-14 16:00:00,76.86000,77.40000,76.28000,76.81000
2022-04-14 20:00:00,76.74000,77.48000,76.40000,76.80000
2022-04-15 00:00:00,76.80000,78.35000,76.67000,78.35000
2022-04-15 04:00:00,78.37000,78.5,77.25,78.070000
2022-04-15 08:00:00,78.17000,78.39000,77.47000,78.099998
2022-04-15 12:00:00,78.099998,78.15000,74.87000,76.48000
2022-04-15 16:00:00,76.51000,77.13000,76.089996,76.75
2022-04-15 20:00:00,76.71000,77.47000,76.71000,77.43000
2022-04-16 00:00:00,77.55000,77.57000,76.54000,76.56000
2022-04-16 04:00:00,76.58000,77.34000,76.57000,77
2022-04-16 08:00:00,76.95000,77.76000,76.72000,77.36000
2022-04-16 12:00:00,77.33000,78.20000,76.77000,76.92000
2022-04-16 16:00:00,76.89000,77.56000,76.74000,77.33000
2022-04-16 20:00:00,77.32000,78.19000,77.27000,77.76000
2022-04-17 00:00:00,77.75,77.85000,76.84000,77.24000
2022-04-17 04:00:00,77.25,77.85000,77.20000,77.62000
2022-04-17 08:00:00,77.58000,78.080002,77.55000,77.76000
2022-04-17 12:00:00,77.80000,78.66000,77.65000,78.47000
2022-04-17 16:00:00,78.52000,78.66000,77.059998,77.70000
2022-04-17 20:00:00,77.71000,77.88000,75.14000,75.41000
2022-04-18 00:00:00,75.47000,76.37000,75.33000,75.82000
2022-04-18 04:00:00,75.81000,75.96000,71.94000,72.73000
2022-04-18 08:00:00,72.76000,73.60000,72.45000,73.050003
2022-04-18 12:00:00,73.25,74.95000,73.25,74.48000
2022-04-18 16:00:00,74.52000,77.029999,73.69000,76.38000
2022-04-18 20:00:00,76.49000,77.94000,76.33000,77.73000
2022-04-19 00:00:00,77.73000,78.39000,76.83000,76.92000
2022-04-19 04:00:00,76.95000,77.83000,76.87000,77.47000
2022-04-19 08:00:00,77.41000,78.75,77.26000,78.21000
2022-04-19 12:00:00,78.17000,81.010002,78.080002,80.22000
2022-04-19 16:00:00,80.19000,80.45000,78.80000,79.69000
2022-04-19 20:00:00,79.30000,80.34000,78.92000,80.25
2022-04-20 00:00:00,80.19000,80.41000,78.87000,79.66000
2022-04-20 04:00:00,79.68000,79.88000,78.40000,79.040001
2022-04-20 08:00:00,79.070000,81.059998,78.97000,81.059998
2022-04-20 12:00:00,81.089996,81.29000,77.81000,78.30000
2022-04-20 16:00:00,78.18000,78.92000,77.5,78
2022-04-20 20:00:00,78.050003,79.040001,77.73000,78.21000
2022-04-21 00:00:00,78.24000,79.14000,78.12000,78.90000
2022-04-21 04:00:00,78.95000,79.19000,77.84000,78.60000
2022-04-21 08:00:00,78.56000,79.83000,77.96000,79.43000
2022-04-21 12:00:00,79.51000,80.15000,78.72000,78.97000
2022-04-21 16:00:00,78.97000,79.080002,76.18000,76.18000
2022-04-21 20:00:00,76.080002,76.69000,74.23000,75.019997
2022-04-22 00:00:00,75,76.28000,74.72000,75.87000
2022-04-22 04:00:00,75.85000,77.21000,75.85000,76.77000
2022-04-22 08:00:00,76.71000,76.77000,75.059998,75.89000
2022-04-22 12:00:00,75.88000,76.31000,73.62000,73.76000
2022-04-22 16:00:00,73.70000,74.95000,73.40000,74.20000
2022-04-22 20:00:00,74.22000,74.51000,73.78000,74.029999
2022-04-23 00:00:00,74,74.40000,73.48000,73.84000
2022-04-23 04:00:00,73.83000,74.19000,73.11000,74.010002
2022-04-23 08:00:00,73.99000,74.39000,73.70000,73.91000
2022-04-23 12:00:00,73.89000,74.21000,73.32000,74.080002
2022-04-23 16:00:00,74.13000,74.26000,73.26000,73.54000
2022-04-23 20:00:00,73.55000,73.81000,72.43000,72.82000
2022-04-24 00:00:00,72.80000,73.46000,72.80000,73.25
2022-04-24 04:00:00,73.25,73.46000,72.94000,73.089996
2022-04-24 08:00:00,73.12000,73.18000,72.63000,72.76000
2022-04-24 12:00:00,72.72000,72.84000,71.99000,72.38000
2022-04-24 16:00:00,72.34000,72.62000,71.080002,72.47000
2022-04-24 20:00:00,72.48000,72.58000,71.53000,71.53000
2022-04-25 00:00:00,71.52000,71.71000,69.63000,70.42000
2022-04-25 04:00:00,70.40000,70.64000,67.75,67.85000
2022-04-25 08:00:00,67.82000,69.14000,67.45000,69.14000
2022-04-25 12:00:00,69.23000,70.27000,68.98000,69.41000
2022-04-25 16:00:00,69.35000,71.89000,69.27000,71.75
2022-04-25 20:00:00,71.92000,72.94000,71.67000,72.85000
2022-04-26 00:00:00,72.89000,73.14000,71.74000,72
2022-04-26 04:00:00,72.040001,72.78000,71.86000,72.14000
2022-04-26 08:00:00,72.16000,72.55000,71.17000,71.40000
2022-04-26 12:00:00,71.42000,71.79000,67.92000,68.14000
2022-04-26 16:00:00,68.15000,69.40000,67.79000,68.31000
2022-04-26 20:00:00,68.24000,69.74000,67.65000,68.70000
2022-04-27 00:00:00,68.69000,70.099998,68.37000,69.23000
2022-04-27 04:00:00,69.26000,70.66000,68.96000,70.64000
2022-04-27 08:00:00,70.75,70.92000,69.64000,70.21000
2022-04-27 12:00:00,70.27000,71.94000,69.81000,70.48000
2022-04-27 16:00:00,70.43000,70.69000,68.60000,68.90000
2022-04-27 20:00:00,68.80000,69.95000,68.80000,69.87000
2022-04-28 00:00:00,69.84000,70.28000,69.28000,69.39000
2022-04-28 04:00:00,69.51000,70,69.059998,69.74000
2022-04-28 08:00:00,69.75,70.73000,69.69000,70.13000
2022-04-28 12:00:00,70.22000,70.38000,67.32000,67.76000
2022-04-28 16:00:00,67.75,68.53000,67.22000,67.76000
2022-04-28 20:00:00,67.77000,68.17000,66.67000,67.29000
2022-04-29 00:00:00,67.29000,67.70000,66.27000,66.69000
2022-04-29 04:00:00,66.67000,67.97000,66.25,67.74000
2022-04-29 08:00:00,67.78000,67.84000,65.30000,65.76000
2022-04-29 12:00:00,65.77000,66.54000,65.080002,65.43000
2022-04-29 16:00:00,65.43000,65.68000,62.22000,62.64000
2022-04-29 20:00:00,62.62000,63.78000,62.62000,63.37000
2022-04-30 00:00:00,63.41000,64.65000,63.34000,63.83000
2022-04-30 04:00:00,63.88000,64.44000,63.25,63.28000
2022-04-30 08:00:00,63.28000,63.43000,62.56000,62.90000
2022-04-30 12:00:00,62.91000,62.99000,60.12000,60.42000
2022-04-30 16:00:00,60.45000,60.79000,58.70000,59.65000
2022-04-30 20:00:00,59.62000,59.73000,55.19000,56.97000
2022-05-01 00:00:00,56.92000,58.84000,56.37000,58.66000
2022-05-01 04:00:00,58.70000,60.099998,57.85000,58.46000
2022-05-01 08:00:00,58.48000,59.78000,58.33000,58.5
2022-05-01 12:00:00,58.51000,60.41000,57.65000,60.36000
2022-05-01 16:00:00,60.46000,61.049999,56.89000,57.61000
2022-05-01 20:00:00,57.75,59.41000,57.54000,58.79000
2022-05-02 00:00:00,58.75,60.31000,58.55000,58.76000
2022-05-02 04:00:00,58.87000,60.57000,58.74000,59.43000
2022-05-02 08:00:00,59.38000,59.73000,56.83000,56.93000
2022-05-02 12:00:00,56.96000,61.49000,56.87000,61.45000
2022-05-02 16:00:00,61.36000,62.40000,59.46000,59.71000
2022-05-02 20:00:00,59.69000,61.17000,59.11000,60.36000
2022-05-03 00:00:00,60.35000,61.79000,59.92000,61.57000
2022-05-03 04:00:00,61.72000,62.40000,60.91000,61.21000
2022-05-03 08:00:00,61.21000,61.85000,60.41000,61.35000
2022-05-03 12:00:00,61.5,61.57000,60.32000,60.48000
2022-05-03 16:00:00,60.44000,60.66000,58.17000,58.64000
2022-05-03 20:00:00,58.60000,60.040001,58.17000,59.62000
2022-05-04 00:00:00,59.58000,60.75,59.32000,60.049999
2022-05-04 04:00:00,60.090000,61.11000,59.33000,61.099998
2022-05-04 08:00:00,61.099998,62.11000,60.84000,61.80000
2022-05-04 12:00:00,61.80000,61.95000,60.25,60.69000
2022-05-04 16:00:00,60.73000,67.40000,60.62000,67.34000
2022-05-04 20:00:00,67.29000,67.37000,66.15000,67.24000
2022-05-05 00:00:00,67.28000,69.41000,66.83000,68.57000
2022-05-05 04:00:00,68.69000,68.77000,66.74000,67.22000
2022-05-05 08:00:00,67.16000,67.28000,65.45000,65.61000
2022-05-05 12:00:00,65.61000,66.26000,57.70000,58.32000
2022-05-05 16:00:00,58.34000,59.23000,57.81000,57.81000
2022-05-05 20:00:00,58.62000,59.87000,58.48000,58.99000
2022-05-06 00:00:00,58.98000,59.34000,57.96000,58.36000
2022-05-06 04:00:00,58.41000,59.15000,56.99000,57.79000
2022-05-06 08:00:00,57.68000,58.13000,56.099998,56.51000
2022-05-06 12:00:00,56.49000,58.11000,55.21000,56.78000
2022-05-06 16:00:00,56.70000,57.64000,56.30000,57.23000
2022-05-06 20:00:00,57.15000,57.60000,56.46000,56.98000
2022-05-07 00:00:00,56.99000,57.28000,55.89000,55.99000
2022-05-07 04:00:00,55.96000,56.19000,55.18000,56.12000
2022-05-07 08:00:00,56.15000,57.040001,56.070000,56.66000
2022-05-07 12:00:00,56.72000,57.33000,56.35000,57.21000
2022-05-07 16:00:00,57.14000,57.49000,56.93000,56.93000
2022-05-07 20:00:00,56.93000,56.93000,53.37000,55.070000
2022-05-08 00:00:00,55.060001,55.38000,52.51000,53.46000
2022-05-08 04:00:00,53.44000,54.77000,53.32000,53.91000
2022-05-08 08:00:00,53.88000,54.65000,53.040001,54.040001
2022-05-08 12:00:00,54.060001,54.19000,51.61000,52
2022-05-08 16:00:00,52.12000,53.19000,50.69000,52.83000
2022-05-08 20:00:00,52.89000,52.89000,51.13000,51.61000
2022-05-09 00:00:00,51.73000,53.040001,50.12000,50.82000
2022-05-09 04:00:00,50.92000,51.90000,49.97000,50.24000
2022-05-09 08:00:00,50.29000,51.090000,47.72000,49.42000
2022-05-09 12:00:00,49.41000,50.25,46.74000,47.35000
2022-05-09 16:00:00,47.29000,47.90000,42.21000,43.99000
2022-05-09 20:00:00,44.020000,46.48000,41.29000,41.29000
2022-05-10 00:00:00,41.28000,43.63000,40,42.18000
2022-05-10 04:00:00,42.020000,48.97000,41.92000,46.34000
2022-05-10 08:00:00,46.27000,48.18000,46.27000,47.93000
2022-05-10 12:00:00,48.099998,50.28000,45.56000,47.43000
2022-05-10 16:00:00,47.38000,48.61000,45.63000,45.81000
2022-05-10 20:00:00,45.71000,45.97000,42.34000,44.44000
2022-05-11 00:00:00,44.49000,46.19000,43.37000,43.62000
2022-05-11 04:00:00,43.70000,44.060001,32.59000,35.72000
2022-05-11 08:00:00,36.57000,41.29000,36.020000,37.53000
2022-05-11 12:00:00,37.59000,39.55000,26.99000,34.43000
2022-05-11 16:00:00,34.43000,34.81000,30.049999,30.57000
2022-05-11 20:00:00,30.72000,32.040001,27.68000,31.040001
2022-05-12 00:00:00,31.40000,33.37000,28.70000,28.85000
2022-05-12 04:00:00,28.69000,29.52000,23.59000,28.25
2022-05-12 08:00:00,28.39000,29.86000,27.22000,28.31000
2022-05-12 12:00:00,28.26000,33.81000,27.73000,30.73000
2022-05-12 16:00:00,30.65000,33.13000,29.49000,30.39000
2022-05-12 20:00:00,30.40000,30.86000,28.35000,30.29000
2022-05-13 00:00:00,30.33000,34.31000,29.57000,33.61000
2022-05-13 04:00:00,33.42000,35.97000,33.12000,33.56000
2022-05-13 08:00:00,33.83000,36.21000,33.75,36.21000
2022-05-13 12:00:00,36.25,37.73000,34.80000,35.49000
2022-05-13 16:00:00,35.5,35.99000,32.94000,33.39000
2022-05-13 20:00:00,33.34000,34.5,31.75,32.19000
2022-05-14 00:00:00,32.19000,33.40000,32.020000,32.66000
2022-05-14 04:00:00,32.64000,32.68000,31.23000,31.76000
2022-05-14 08:00:00,31.82000,33.20000,30.29000,30.59000
2022-05-14 12:00:00,30.60000,30.91000,29.33000,29.69000
2022-05-14 16:00:00,29.72000,32.51000,29.44000,31.28000
2022-05-14 20:00:00,31.31000,34.30000,31.22000,33.92000
2022-05-15 00:00:00,33.91000,34.37000,31.92000,32.41000
2022-05-15 04:00:00,32.44000,34.17000,32.0099983,33.34000
2022-05-15 08:00:00,33.27000,35.15000,32.90000,34.86000
2022-05-15 12:00:00,34.92000,35.28000,33.85000,34.37000
2022-05-15 16:00:00,34.46000,35.48000,34.28000,35.11000
2022-05-15 20:00:00,35.15000,36.95000,34.98000,36.57000
2022-05-16 00:00:00,36.43000,36.43000,34,34.17000
2022-05-16 04:00:00,34.16000,34.57000,32.51000,33.32000
2022-05-16 08:00:00,33.32000,34.11000,31.56000,32.82000
2022-05-16 12:00:00,32.81000,33.87000,32.18000,32.65000
2022-05-16 16:00:00,32.59000,33.48000,32.020000,32.86000
2022-05-16 20:00:00,32.89000,34.029999,32.41000,32.5
2022-05-17 00:00:00,32.56000,34.48000,32.54000,34.24000
2022-05-17 04:00:00,34.22000,34.75,33.36000,33.85000
2022-05-17 08:00:00,33.82000,34.68000,33.82000,34.14000
2022-05-17 12:00:00,34.13000,35.74000,33.34000,33.46000
2022-05-17 16:00:00,33.53000,33.92000,32.25,33.36000
2022-05-17 20:00:00,33.30000,34.66000,33.15000,34.41000
2022-05-18 00:00:00,34.39000,35.13000,33.24000,33.33000
2022-05-18 04:00:00,33.17000,34,33.14000,33.54000
2022-05-18 08:00:00,33.51000,33.61000,32.87000,33.090000
2022-05-18 12:00:00,33.080002,33.23000,30.30000,30.47000
2022-05-18 16:00:00,30.45000,31.24000,30.070000,31.070000
2022-05-18 20:00:00,31.030001,31.030001,29.42000,29.54000
2022-05-19 00:00:00,29.64000,30.070000,28.52000,29.78000
2022-05-19 04:00:00,29.85000,30.070000,28.73000,29.43000
2022-05-19 08:00:00,29.44000,29.44000,27.59000,29.29000
2022-05-19 12:00:00,29.34000,31.86000,28.74000,31.14000
2022-05-19 16:00:00,31.17000,31.23000,29.65000,29.65000
2022-05-19 20:00:00,29.60000,30.56000,28.93000,30.36000
2022-05-20 00:00:00,30.34000,31.47000,29.67000,29.73000
2022-05-20 04:00:00,29.74000,30.48000,29.34000,30.070000
2022-05-20 08:00:00,30.049999,31.84000,29.94000,31.36000
2022-05-20 12:00:00,31.33000,31.72000,28.58000,28.64000
2022-05-20 16:00:00,28.67000,29.48000,27.85000,29.45000
2022-05-20 20:00:00,29.47000,29.47000,28.78000,28.81000
2022-05-21 00:00:00,28.84000,29.5,28.29000,29.49000
2022-05-21 04:00:00,29.5,29.74000,28.97000,29.54000
2022-05-21 08:00:00,29.5,29.71000,28.80000,29.10000
2022-05-21 12:00:00,29.11000,30.020000,28.63000,29.97000
2022-05-21 16:00:00,29.96000,30.60000,29.48000,29.56000
2022-05-21 20:00:00,29.64000,30.059999,29.17000,29.88000
2022-05-22 00:00:00,29.89000,30.30000,29.31000,29.71000
2022-05-22 04:00:00,29.65000,29.98000,29.020000,29.57000
2022-05-22 08:00:00,29.62000,30.91000,29.57000,30.16000
2022-05-22 12:00:00,30.18000,32.53000,30.17000,31.48000
2022-05-22 16:00:00,31.47000,31.85000,30.91000,31.049999
2022-05-22 20:00:00,31.070000,32.46000,30.84000,31.72000
2022-05-23 00:00:00,31.69000,32.23000,30.89000,31.23000
2022-05-23 04:00:00,31.21000,32.47000,30.94000,32.070000
2022-05-23 08:00:00,32.18000,32.47000,31.37000,32.17000
2022-05-23 12:00:00,32.22000,32.48000,31.020000,31.95000
2022-05-23 16:00:00,31.93000,32.96000,29.90000,29.90000
2022-05-23 20:00:00,29.78000,30.54000,28.59000,29.020000
2022-05-24 00:00:00,29.070000,29.55000,28.85000,29.22000
2022-05-24 04:00:00,29.23000,29.66000,29.049999,29.29000
2022-05-24 08:00:00,29.30000,29.30000,28.32000,28.60000
2022-05-24 12:00:00,28.60000,28.97000,27.049999,28.88000
2022-05-24 16:00:00,28.82000,29.010000,27.92000,28.46000
2022-05-24 20:00:00,28.5,29.42000,28.38000,29.070000
2022-05-25 00:00:00,29.059999,29.63000,28.56000,29.53000
2022-05-25 04:00:00,29.52000,29.52000,28.24000,28.37000
2022-05-25 08:00:00,28.38000,28.75,27.61000,27.76000
2022-05-25 12:00:00,27.73000,28.59000,27.67000,27.98000
2022-05-25 16:00:00,27.93000,28.059999,27.16000,27.34000
2022-05-25 20:00:00,27.34000,27.80000,27.16000,27.24000
2022-05-26 00:00:00,27.21000,27.98000,27.21000,27.63000
2022-05-26 04:00:00,27.61000,27.65000,25.29000,25.59000
2022-05-26 08:00:00,25.57000,25.61000,23.51000,24.19000
2022-05-26 12:00:00,24.25,25.25,23,24.86000
2022-05-26 16:00:00,24.84000,25.61000,24.070000,24.090000
2022-05-26 20:00:00,24.12000,24.61000,23.39000,23.45000
2022-05-27 00:00:00,23.51000,23.68000,21.92000,22.92000
2022-05-27 04:00:00,22.87000,23.16000,21.70000,22.51000
2022-05-27 08:00:00,22.5,22.69000,21.58000,22.33000
2022-05-27 12:00:00,22.22000,23.86000,22.13000,22.93000
2022-05-27 16:00:00,22.92000,23.11000,21.39000,22.13000
2022-05-27 20:00:00,22.12000,23.63000,22.10000,22.48000
2022-05-28 00:00:00,22.65000,23.68000,22.18000,22.80000
2022-05-28 04:00:00,22.82000,23.5,22.66000,22.98000
2022-05-28 08:00:00,23.020000,23.030001,22.33000,22.71000
2022-05-28 12:00:00,22.69000,24.86000,22.46000,24.56000
2022-05-28 16:00:00,24.57000,25.62000,24.010000,25.42000
2022-05-28 20:00:00,25.44000,25.5,24.66000,24.74000
2022-05-29 00:00:00,24.78000,24.96000,23.80000,24.34000
2022-05-29 04:00:00,24.27000,24.85000,23.92000,24.66000
2022-05-29 08:00:00,24.72000,26.19000,24.67000,26.080000
2022-05-29 12:00:00,26.11000,26.98000,25.97000,26.059999
2022-05-29 16:00:00,26.10000,26.27000,25.24000,25.32000
2022-05-29 20:00:00,25.28000,26.39000,25.28000,26.17000
2022-05-30 00:00:00,26.20000,27.63000,25.34000,27.049999
2022-05-30 04:00:00,27.12000,28.39000,26.65000,27.94000
2022-05-30 08:00:00,27.96000,28.090000,26.54000,26.86000
2022-05-30 12:00:00,26.81000,27.26000,26.30000,26.96000
2022-05-30 16:00:00,26.95000,27.34000,26.68000,26.83000
2022-05-30 20:00:00,26.80000,28.29000,26.74000,27.69000
2022-05-31 00:00:00,27.66000,29.070000,27.60000,28.43000
2022-05-31 04:00:00,28.40000,28.44000,26.46000,27.090000
2022-05-31 08:00:00,27.049999,27.33000,26.52000,27.19000
2022-05-31 12:00:00,27.16000,27.23000,25.59000,27.040001
2022-05-31 16:00:00,27.090000,27.36000,25.94000,26.11000
2022-05-31 20:00:00,26.20000,26.78000,26.070000,26.42000
2022-06-01 00:00:00,26.40000,27.010000,25.70000,25.85000
2022-06-01 04:00:00,25.87000,25.98000,25.39000,25.49000
2022-06-01 08:00:00,25.55000,26.070000,25.46000,25.73000
2022-06-01 12:00:00,25.72000,26.75,24.72000,24.72000
2022-06-01 16:00:00,24.73000,25,24.049999,24.31000
2022-06-01 20:00:00,24.30000,24.30000,23.26000,23.68000
2022-06-02 00:00:00,23.66000,23.67000,22.72000,22.83000
2022-06-02 04:00:00,22.85000,23.74000,22.85000,23.61000
2022-06-02 08:00:00,23.63000,24.11000,23.32000,24.070000
2022-06-02 12:00:00,24.020000,24.54000,23.23000,24.32000
2022-06-02 16:00:00,24.32000,24.69000,24,24.29000
2022-06-02 20:00:00,24.30000,24.86000,24.20000,24.63000
2022-06-03 00:00:00,24.66000,24.67000,24.090000,24.19000
2022-06-03 04:00:00,24.15000,24.25,23.74000,23.97000
2022-06-03 08:00:00,23.93000,24.070000,22.61000,22.75
2022-06-03 12:00:00,22.76000,23.010000,22.56000,22.79000
2022-06-03 16:00:00,22.81000,23.18000,22.69000,22.83000
2022-06-03 20:00:00,22.79000,23.41000,22.79000,23
2022-06-04 00:00:00,23.030001,23.14000,22.17000,22.38000
2022-06-04 04:00:00,22.36000,23.23000,22.35000,23.23000
2022-06-04 08:00:00,23.22000,23.41000,23.010000,23.030001
2022-06-04 12:00:00,23.070000,23.57000,22.71000,23.36000
2022-06-04 16:00:00,23.32000,23.46000,23.10000,23.15000
2022-06-04 20:00:00,23.14000,24.65000,23.14000,24.57000
2022-06-05 00:00:00,24.58000,24.58000,23.96000,24.27000
2022-06-05 04:00:00,24.24000,25.030001,23.95000,24.74000
2022-06-05 08:00:00,24.78000,25.16000,24.36000,24.53000
2022-06-05 12:00:00,24.55000,24.64000,24.070000,24.64000
2022-06-05 16:00:00,24.64000,24.94000,24.30000,24.77000
2022-06-05 20:00:00,24.79000,25.10000,24.13000,24.20000
2022-06-06 00:00:00,24.19000,26.48000,24.059999,26.48000
2022-06-06 04:00:00,26.48000,27.74000,26.33000,27.18000
2022-06-06 08:00:00,27.20000,27.67000,26.86000,26.94000
2022-06-06 12:00:00,26.98000,27.20000,26.11000,26.58000
2022-06-06 16:00:00,26.60000,26.60000,25.53000,26
2022-06-06 20:00:00,26.030001,26.24000,25.20000,26
2022-06-07 00:00:00,26,26.15000,23.15000,23.97000
2022-06-07 04:00:00,23.95000,23.98000,23.49000,23.96000
2022-06-07 08:00:00,23.95000,24.21000,23.40000,23.65000
2022-06-07 12:00:00,23.64000,24.63000,23.45000,24.34000
2022-06-07 16:00:00,24.33000,25.63000,24.080000,25.16000
2022-06-07 20:00:00,25.16000,25.86000,24.28000,24.60000
2022-06-08 00:00:00,24.59000,25.40000,23.76000,23.92000
2022-06-08 04:00:00,23.91000,24.58000,23.85000,24.52000
2022-06-08 08:00:00,24.48000,24.83000,24.33000,24.56000
2022-06-08 12:00:00,24.53000,25.030001,24.14000,24.62000
2022-06-08 16:00:00,24.65000,24.71000,23.87000,24.10000
2022-06-08 20:00:00,24.080000,24.71000,24.080000,24.51000
2022-06-09 00:00:00,24.53000,24.56000,23.73000,24.070000
2022-06-09 04:00:00,24.070000,24.63000,23.97000,24.63000
2022-06-09 08:00:00,24.59000,25.26000,24.48000,24.65000
2022-06-09 12:00:00,24.64000,25.010000,24.49000,24.78000
2022-06-09 16:00:00,24.78000,25.32000,24.19000,24.19000
2022-06-09 20:00:00,24.24000,24.54000,24.11000,24.40000
2022-06-10 00:00:00,24.39000,24.86000,23.84000,24.62000
2022-06-10 04:00:00,24.63000,24.75,24.28000,24.29000
2022-06-10 08:00:00,24.30000,24.38000,23.72000,24
2022-06-10 12:00:00,23.99000,24.15000,22.72000,22.99000
2022-06-10 16:00:00,22.91000,23,22.30000,22.45000
2022-06-10 20:00:00,22.41000,22.69000,22.010000,22.070000
2022-06-11 00:00:00,22.020000,22.59000,22.010000,22.51000
2022-06-11 04:00:00,22.55000,22.98000,22.41000,22.92000
2022-06-11 08:00:00,22.96000,22.97000,21.26000,21.37000
2022-06-11 12:00:00,21.35000,21.54000,19.80000,20.040001
2022-06-11 16:00:00,20.049999,20.66000,19.75,20.36000
2022-06-11 20:00:00,20.38000,20.57000,19.72000,19.86000
2022-06-12 00:00:00,19.84000,20.14000,18.43000,18.56000
2022-06-12 04:00:00,18.58000,18.84000,17.99000,18.83000
2022-06-12 08:00:00,18.85000,19.14000,18.14000,18.39000
2022-06-12 12:00:00,18.39000,19.32000,17.56000,19.010000
2022-06-12 16:00:00,19,19.19000,18.46000,18.5
2022-06-12 20:00:00,18.54000,18.69000,17.26000,17.26000
2022-06-13 00:00:00,17.26000,17.47000,15.69000,16.38000
2022-06-13 04:00:00,16.35000,17.10000,15.49000,15.61000
2022-06-13 08:00:00,15.60000,15.66000,14.65000,14.97000
2022-06-13 12:00:00,15.080000,16,14.67000,15.81000
2022-06-13 16:00:00,15.81000,16.71000,15.64000,16.11000
2022-06-13 20:00:00,16.13000,17,15.34000,16.13000
2022-06-14 00:00:00,16.030001,16.49000,14.72000,16.34000
2022-06-14 04:00:00,16.30000,17.27000,15.84000,17.12000
2022-06-14 08:00:00,17.13000,17.13000,16.010000,16.31000
2022-06-14 12:00:00,16.26000,16.90000,15.81000,16.73000
2022-06-14 16:00:00,16.63000,16.78000,15.99000,16.14000
2022-06-14 20:00:00,16.13000,16.75,15.61000,16.57000
2022-06-15 00:00:00,16.53000,16.78000,15.72000,15.72000
2022-06-15 04:00:00,15.69000,15.72000,15.090000,15.23000
2022-06-15 08:00:00,15.21000,15.77000,14.55000,15.68000
2022-06-15 12:00:00,15.61000,16.33000,15.54000,15.86000
2022-06-15 16:00:00,15.86000,17.71000,14.91000,17.070000
2022-06-15 20:00:00,17.040001,18.47000,16.89000,18.34000
2022-06-16 00:00:00,18.31000,18.69000,17.70000,17.74000
2022-06-16 04:00:00,17.76000,17.99000,16.89000,16.92000
2022-06-16 08:00:00,16.90000,17.13000,16.030001,16.23000
2022-06-16 12:00:00,16.23000,16.71000,15.80000,16.28000
2022-06-16 16:00:00,16.30000,16.84000,16.030001,16.10000
2022-06-16 20:00:00,16.11000,16.43000,15.54000,15.78000
2022-06-17 00:00:00,15.80000,16.44000,15.51000,15.91000
2022-06-17 04:00:00,15.90000,16.64000,15.88000,16.36000
2022-06-17 08:00:00,16.34000,16.52000,16.13000,16.28000
2022-06-17 12:00:00,16.28000,16.41000,15.90000,16.13000
2022-06-17 16:00:00,16.11000,16.19000,15.83000,16.090000
2022-06-17 20:00:00,16.11000,16.29000,15.93000,15.99000
2022-06-18 00:00:00,15.96000,16.30000,15.66000,15.80000
2022-06-18 04:00:00,15.79000,15.96000,14.90000,14.99000
2022-06-18 08:00:00,15,15.38000,14.68000,15.15000
2022-06-18 12:00:00,15.16000,15.20000,14.90000,14.95000
2022-06-18 16:00:00,14.97000,15.18000,14.21000,14.22000
2022-06-18 20:00:00,14.22000,15.050000,13.83000,14.82000
2022-06-19 00:00:00,14.83000,15.030000,14.14000,14.18000
2022-06-19 04:00:00,14.16000,14.35000,13.75,14.060000
2022-06-19 08:00:00,14.060000,15.36000,14,15.22000
2022-06-19 12:00:00,15.24000,15.54000,14.84000,15.48000
2022-06-19 16:00:00,15.41000,15.85000,15.10000,15.60000
2022-06-19 20:00:00,15.66000,16.35000,15.59000,16.16000
2022-06-20 00:00:00,16.20000,16.23000,15.37000,15.62000
2022-06-20 04:00:00,15.64000,15.82000,15.36000,15.73000
2022-06-20 08:00:00,15.73000,17.84000,15.73000,17.67000
2022-06-20 12:00:00,17.68000,17.68000,17.030001,17.38000
2022-06-20 16:00:00,17.38000,17.43000,16.64000,16.78000
2022-06-20 20:00:00,16.80000,17.28000,16.53000,17.090000
2022-06-21 00:00:00,17.11000,17.35000,16.63000,17.090000
2022-06-21 04:00:00,17.090000,17.86000,16.84000,17.45000
2022-06-21 08:00:00,17.43000,18.17000,17.39000,17.57000
2022-06-21 12:00:00,17.57000,18.45000,17.53000,18.010000
2022-06-21 16:00:00,18.030001,18.10000,16.87000,16.91000
2022-06-21 20:00:00,16.90000,17.22000,16.75,16.92000
2022-06-22 00:00:00,16.92000,16.92000,16.11000,16.17000
2022-06-22 04:00:00,16.16000,16.67000,16.040001,16.049999
2022-06-22 08:00:00,16.030001,16.96000,15.98000,16.73000
2022-06-22 12:00:00,16.73000,17.37000,16.5,16.56000
2022-06-22 16:00:00,16.51000,16.74000,16.23000,16.41000
2022-06-22 20:00:00,16.41000,16.51000,16.059999,16.070000
2022-06-23 00:00:00,16.12000,16.99000,16.059999,16.64000
2022-06-23 04:00:00,16.64000,17.64000,16.63000,17.37000
2022-06-23 08:00:00,17.36000,18.11000,17.23000,17.77000
2022-06-23 12:00:00,17.79000,18.020000,17.11000,17.39000
2022-06-23 16:00:00,17.40000,17.91000,17.10000,17.91000
2022-06-23 20:00:00,17.89000,18.38000,17.70000,18.29000
2022-06-24 00:00:00,18.30000,19.98000,18.020000,19.54000
2022-06-24 04:00:00,19.54000,19.84000,19,19.26000
2022-06-24 08:00:00,19.24000,19.81000,19.070000,19.58000
2022-06-24 12:00:00,19.58000,20.030001,19.049999,19.26000
2022-06-24 16:00:00,19.24000,19.46000,18.82000,19.46000
2022-06-24 20:00:00,19.46000,20.92000,19.46000,20.47000
2022-06-25 00:00:00,20.52000,21.59000,20.30000,21.080000
2022-06-25 04:00:00,21.10000,21.44000,20.83000,21.38000
2022-06-25 08:00:00,21.37000,21.46000,20.64000,20.64000
2022-06-25 12:00:00,20.68000,20.79000,19.88000,19.94000
2022-06-25 16:00:00,19.91000,20.68000,19.88000,20.37000
2022-06-25 20:00:00,20.37000,21.51000,20.24000,21.36000
2022-06-26 00:00:00,21.46000,21.87000,20.87000,21.030001
2022-06-26 04:00:00,21.030001,21.41000,20.80000,21.049999
2022-06-26 08:00:00,21.049999,21.57000,20.99000,21.45000
2022-06-26 12:00:00,21.47000,21.70000,20.68000,20.97000
2022-06-26 16:00:00,20.91000,20.98000,20.12000,20.40000
2022-06-26 20:00:00,20.38000,20.82000,19.65000,19.72000
2022-06-27 00:00:00,19.72000,20.22000,19.68000,20.17000
2022-06-27 04:00:00,20.18000,20.92000,20.070000,20.85000
2022-06-27 08:00:00,20.91000,21.34000,20.86000,20.88000
2022-06-27 12:00:00,20.88000,20.97000,19.74000,19.98000
2022-06-27 16:00:00,19.97000,20.080000,19.20000,19.29000
2022-06-27 20:00:00,19.34000,19.66000,19.25,19.28000
2022-06-28 00:00:00,19.33000,19.82000,18.74000,19.13000
2022-06-28 04:00:00,19.15000,19.76000,19,19.59000
2022-06-28 08:00:00,19.61000,20.16000,19.51000,19.59000
2022-06-28 12:00:00,19.58000,20.53000,19.15000,19.15000
2022-06-28 16:00:00,19.13000,19.40000,18.58000,18.80000
2022-06-28 20:00:00,18.78000,18.89000,18.010000,18.10000
2022-06-29 00:00:00,18.10000,18.65000,18.049999,18.38000
2022-06-29 04:00:00,18.38000,18.61000,17.87000,18.31000
2022-06-29 08:00:00,18.28000,18.47000,17.60000,17.77000
2022-06-29 12:00:00,17.77000,17.87000,17.30000,17.65000
2022-06-29 16:00:00,17.66000,17.88000,17.22000,17.87000
2022-06-29 20:00:00,17.88000,18.31000,17.49000,17.76000
2022-06-30 00:00:00,17.75,17.79000,17.049999,17.34000
2022-06-30 04:00:00,17.32000,17.41000,16.40000,16.52000
2022-06-30 08:00:00,16.48000,16.48000,15.91000,16.090000
2022-06-30 12:00:00,16.13000,16.56000,15.82000,16.39000
2022-06-30 16:00:00,16.42000,16.64000,16.059999,16.18000
2022-06-30 20:00:00,16.23000,17.020000,16.010000,16.97000
2022-07-01 00:00:00,16.92000,17.64000,16.73000,16.73000
2022-07-01 04:00:00,16.71000,16.73000,15.82000,16.39000
2022-07-01 08:00:00,16.39000,16.61000,15.81000,16.020000
2022-07-01 12:00:00,16,16.37000,15.87000,15.99000
2022-07-01 16:00:00,15.96000,16.51000,15.92000,16.48000
2022-07-01 20:00:00,16.41000,16.63000,16.049999,16.12000
2022-07-02 00:00:00,16.12000,16.32000,15.98000,16
2022-07-02 04:00:00,16.010000,16.48000,15.98000,16.19000
2022-07-02 08:00:00,16.22000,16.38000,16.010000,16.27000
2022-07-02 12:00:00,16.28000,16.48000,16.16000,16.24000
2022-07-02 16:00:00,16.27000,16.55000,16.18000,16.40000
2022-07-02 20:00:00,16.41000,16.61000,16.31000,16.33000
2022-07-03 00:00:00,16.33000,16.44000,16.12000,16.30000
2022-07-03 04:00:00,16.31000,16.54000,16,16.11000
2022-07-03 08:00:00,16.14000,16.18000,15.98000,16.11000
2022-07-03 12:00:00,16.11000,16.18000,15.85000,15.94000
2022-07-03 16:00:00,15.92000,16.54000,15.92000,16.48000
2022-07-03 20:00:00,16.51000,16.85000,16.41000,16.65000
2022-07-04 00:00:00,16.63000,16.83000,16.32000,16.35000
2022-07-04 04:00:00,16.34000,17.080000,16.33000,16.66000
2022-07-04 08:00:00,16.65000,17.23000,16.63000,17.22000
2022-07-04 12:00:00,17.22000,17.62000,17.049999,17.29000
2022-07-04 16:00:00,17.32000,17.58000,17.15000,17.44000
2022-07-04 20:00:00,17.45000,18.020000,17.34000,17.92000
2022-07-05 00:00:00,17.94000,18.14000,17.66000,17.88000
2022-07-05 04:00:00,17.89000,18.20000,17.68000,17.93000
2022-07-05 08:00:00,17.93000,17.93000,16.96000,16.98000
2022-07-05 12:00:00,17.030001,17.070000,16.70000,17.010000
2022-07-05 16:00:00,17.020000,17.93000,16.75,17.79000
2022-07-05 20:00:00,17.81000,18.62000,17.74000,18.070000
2022-07-06 00:00:00,18.059999,18.40000,17.82000,18.10000
2022-07-06 04:00:00,18.10000,18.74000,18.049999,18.57000
2022-07-06 08:00:00,18.60000,18.93000,18.28000,18.29000
2022-07-06 12:00:00,18.30000,18.57000,18.14000,18.39000
2022-07-06 16:00:00,18.38000,19.32000,18.35000,18.95000
2022-07-06 20:00:00,18.98000,19.42000,18.80000,19.17000
2022-07-07 00:00:00,19.18000,19.60000,19.040001,19.44000
2022-07-07 04:00:00,19.40000,19.43000,18.87000,19.18000
2022-07-07 08:00:00,19.33000,19.61000,19.25,19.45000
2022-07-07 12:00:00,19.42000,20.059999,19.090000,19.85000
2022-07-07 16:00:00,19.85000,20.57000,19.82000,20.48000
2022-07-07 20:00:00,20.48000,20.48000,20.010000,20.21000
2022-07-08 00:00:00,20.20000,20.99000,19.92000,20.74000
2022-07-08 04:00:00,20.80000,20.84000,19.87000,20.10000
2022-07-08 08:00:00,20.070000,20.21000,19.46000,19.75
2022-07-08 12:00:00,19.77000,20.43000,19.45000,20.34000
2022-07-08 16:00:00,20.33000,20.43000,19.92000,20.080000
2022-07-08 20:00:00,20.10000,20.32000,19.70000,19.75
2022-07-09 00:00:00,19.77000,20.15000,19.57000,19.78000
2022-07-09 04:00:00,19.78000,20.090000,19.71000,20.040001
2022-07-09 08:00:00,20.040001,20.20000,19.81000,19.82000
2022-07-09 12:00:00,19.78000,19.97000,19.72000,19.88000
2022-07-09 16:00:00,19.87000,20.25,19.84000,20.040001
2022-07-09 20:00:00,20.030001,20.16000,19.86000,19.89000
2022-07-10 00:00:00,19.89000,19.99000,19.30000,19.44000
2022-07-10 04:00:00,19.43000,19.73000,19.30000,19.63000
2022-07-10 08:00:00,19.63000,19.66000,19.070000,19.20000
2022-07-10 12:00:00,19.20000,19.30000,18.87000,18.96000
2022-07-10 16:00:00,18.95000,19.24000,18.79000,19.24000
2022-07-10 20:00:00,19.24000,19.42000,19.030001,19.13000
2022-07-11 00:00:00,19.16000,19.17000,18.57000,18.67000
2022-07-11 04:00:00,18.67000,18.69000,18.17000,18.38000
2022-07-11 08:00:00,18.36000,18.76000,18.34000,18.38000
2022-07-11 12:00:00,18.37000,18.61000,18.11000,18.28000
2022-07-11 16:00:00,18.28000,18.52000,18.23000,18.31000
2022-07-11 20:00:00,18.34000,18.37000,17.33000,17.37000
2022-07-12 00:00:00,17.35000,17.65000,17.25,17.53000
2022-07-12 04:00:00,17.51000,17.80000,17.28000,17.44000
2022-07-12 08:00:00,17.44000,17.77000,17.33000,17.69000
2022-07-12 12:00:00,17.71000,18.040001,17.58000,17.87000
2022-07-12 16:00:00,17.89000,18.049999,17.080000,17.15000
2022-07-12 20:00:00,17.16000,17.39000,16.72000,16.74000
2022-07-13 00:00:00,16.75,17.13000,16.72000,16.99000
2022-07-13 04:00:00,17,17.41000,16.95000,17.41000
2022-07-13 08:00:00,17.42000,17.61000,17.34000,17.57000
2022-07-13 12:00:00,17.55000,17.79000,16.44000,17.41000
2022-07-13 16:00:00,17.42000,18.18000,17.32000,17.93000
2022-07-13 20:00:00,17.91000,18.90000,17.75,18.82000
2022-07-14 00:00:00,18.85000,18.93000,18.53000,18.77000
2022-07-14 04:00:00,18.79000,18.99000,18.39000,18.41000
2022-07-14 08:00:00,18.36000,18.46000,17.90000,17.95000
2022-07-14 12:00:00,17.96000,18.81000,17.80000,18.70000
2022-07-14 16:00:00,18.73000,19.93000,18.61000,19.69000
2022-07-14 20:00:00,19.75,19.81000,19.45000,19.76000
2022-07-15 00:00:00,19.75,20.19000,19.49000,19.86000
2022-07-15 04:00:00,19.88000,20.040001,19.62000,19.86000
2022-07-15 08:00:00,19.86000,20.18000,19.77000,19.77000
2022-07-15 12:00:00,19.80000,20.090000,19.25,19.27000
2022-07-15 16:00:00,19.24000,19.92000,19.11000,19.92000
2022-07-15 20:00:00,19.91000,20.080000,19.31000,19.36000
2022-07-16 00:00:00,19.36000,19.5,19.10000,19.32000
2022-07-16 04:00:00,19.31000,19.32000,18.76000,18.77000
2022-07-16 08:00:00,18.75,19.17000,18.74000,19.049999
2022-07-16 12:00:00,19.059999,20.19000,19,20.19000
2022-07-16 16:00:00,20.20000,21.39000,20.17000,20.98000
2022-07-16 20:00:00,20.98000,21.39000,20.80000,21.24000
2022-07-17 00:00:00,21.25,21.60000,20.84000,21.16000
2022-07-17 04:00:00,21.16000,22.080000,21.11000,21.66000
2022-07-17 08:00:00,21.66000,21.78000,21.18000,21.55000
2022-07-17 12:00:00,21.52000,21.57000,21.13000,21.23000
2022-07-17 16:00:00,21.24000,21.55000,20.79000,21.040001
2022-07-17 20:00:00,21.049999,21.17000,20.58000,20.63000
2022-07-18 00:00:00,20.62000,21.99000,20.61000,21.91000
2022-07-18 04:00:00,21.90000,23.85000,21.68000,23.80000
2022-07-18 08:00:00,23.74000,24.24000,23.42000,23.57000
2022-07-18 12:00:00,23.61000,24.090000,23.32000,24.090000
2022-07-18 16:00:00,24.059999,24.059999,22.25,22.49000
2022-07-18 20:00:00,22.51000,24.23000,22.36000,24.11000
2022-07-19 00:00:00,23.94000,24.70000,23.23000,23.35000
2022-07-19 04:00:00,23.37000,23.84000,23.070000,23.28000
2022-07-19 08:00:00,23.25,24.40000,23.16000,24.12000
2022-07-19 12:00:00,24.11000,25.33000,24.010000,25.33000
2022-07-19 16:00:00,25.30000,26.28000,24.82000,24.98000
2022-07-19 20:00:00,24.96000,25.39000,24.5,24.71000
2022-07-20 00:00:00,24.74000,25.41000,24.51000,25.32000
2022-07-20 04:00:00,25.33000,25.95000,24.97000,24.97000
2022-07-20 08:00:00,24.96000,25.61000,24.57000,25.24000
2022-07-20 12:00:00,25.24000,26.32000,24.93000,25.47000
2022-07-20 16:00:00,25.47000,25.56000,24.19000,24.30000
2022-07-20 20:00:00,24.30000,24.5,23.46000,23.59000
2022-07-21 00:00:00,23.56000,23.98000,22.79000,22.87000
2022-07-21 04:00:00,22.89000,23.70000,22.70000,23.51000
2022-07-21 08:00:00,23.5,23.88000,23.29000,23.72000
2022-07-21 12:00:00,23.72000,24.35000,23.61000,24.12000
2022-07-21 16:00:00,24.12000,25.41000,24.12000,25.26000
2022-07-21 20:00:00,25.29000,25.42000,24.75,25.010000
2022-07-22 00:00:00,25.010000,25.40000,24.55000,24.86000
2022-07-22 04:00:00,24.85000,25.23000,24.60000,25.17000
2022-07-22 08:00:00,25.16000,25.46000,24.92000,25.46000
2022-07-22 12:00:00,25.44000,25.54000,24.11000,24.25
2022-07-22 16:00:00,24.27000,24.55000,23.68000,23.78000
2022-07-22 20:00:00,23.70000,23.95000,23.60000,23.65000
2022-07-23 00:00:00,23.63000,24.23000,23.35000,24.070000
2022-07-23 04:00:00,24.090000,24.63000,24.090000,24.41000
2022-07-23 08:00:00,24.42000,24.64000,23.37000,23.37000
2022-07-23 12:00:00,23.37000,23.69000,23.23000,23.58000
2022-07-23 16:00:00,23.57000,23.65000,22.84000,23.23000
2022-07-23 20:00:00,23.22000,23.79000,23.080000,23.61000
2022-07-24 00:00:00,23.60000,23.93000,23.32000,23.34000
2022-07-24 04:00:00,23.33000,24.21000,23.26000,24.030001
2022-07-24 08:00:00,24.030001,24.26000,23.76000,24.040001
2022-07-24 12:00:00,24.070000,24.13000,23.69000,24.070000
2022-07-24 16:00:00,24.070000,24.080000,23.78000,23.94000
2022-07-24 20:00:00,23.94000,24.46000,23.75,23.82000
2022-07-25 00:00:00,23.79000,23.82000,21.85000,21.98000
2022-07-25 04:00:00,21.97000,22.46000,21.86000,22.14000
2022-07-25 08:00:00,22.13000,22.37000,21.94000,22.22000
2022-07-25 12:00:00,22.23000,22.24000,21.80000,21.99000
2022-07-25 16:00:00,21.96000,22.11000,21.30000,21.63000
2022-07-25 20:00:00,21.62000,22.030001,20.92000,20.94000
2022-07-26 00:00:00,20.92000,20.96000,20.32000,20.80000
2022-07-26 04:00:00,20.79000,20.94000,20.51000,20.57000
2022-07-26 08:00:00,20.59000,20.84000,20.51000,20.72000
2022-07-26 12:00:00,20.69000,20.86000,19.85000,19.89000
2022-07-26 16:00:00,19.87000,20.29000,19.57000,19.71000
2022-07-26 20:00:00,19.66000,20.74000,19.60000,20.72000
2022-07-27 00:00:00,20.71000,20.72000,20.21000,20.23000
2022-07-27 04:00:00,20.23000,21.17000,20.23000,21.13000
2022-07-27 08:00:00,21.13000,21.28000,20.82000,20.82000
2022-07-27 12:00:00,20.79000,21.41000,20.73000,21.26000
2022-07-27 16:00:00,21.27000,23.31000,20.95000,22.79000
2022-07-27 20:00:00,22.81000,23.45000,22.81000,23.41000
2022-07-28 00:00:00,23.40000,23.58000,22.84000,22.95000
2022-07-28 04:00:00,22.94000,23.15000,22.72000,22.79000
2022-07-28 08:00:00,22.79000,23.24000,22.66000,23.23000
2022-07-28 12:00:00,23.23000,24.33000,22.45000,24.13000
2022-07-28 16:00:00,24.13000,24.41000,23.86000,24.020000
2022-07-28 20:00:00,24.040001,24.67000,24.030001,24.22000
2022-07-29 00:00:00,24.24000,24.79000,24.040001,24.72000
2022-07-29 04:00:00,24.73000,25.18000,24.37000,24.48000
2022-07-29 08:00:00,24.43000,24.76000,23.72000,23.93000
2022-07-29 12:00:00,23.94000,25.35000,23.52000,25.010000
2022-07-29 16:00:00,25.020000,25.020000,23.81000,24.46000
2022-07-29 20:00:00,24.5,25.059999,24.28000,24.48000
2022-07-30 00:00:00,24.53000,24.90000,24.15000,24.29000
2022-07-30 04:00:00,24.29000,24.62000,24,24.5
2022-07-30 08:00:00,24.51000,24.71000,24.13000,24.53000
2022-07-30 12:00:00,24.53000,25.79000,24.44000,25.67000
2022-07-30 16:00:00,25.67000,25.71000,24.66000,24.70000
2022-07-30 20:00:00,24.72000,24.83000,23.98000,24.23000
2022-07-31 00:00:00,24.21000,24.65000,24.020000,24.47000
2022-07-31 04:00:00,24.49000,24.85000,24.44000,24.52000
2022-07-31 08:00:00,24.55000,24.97000,24.13000,24.81000
2022-07-31 12:00:00,24.80000,24.85000,24.37000,24.64000
2022-07-31 16:00:00,24.65000,25.17000,24.12000,24.66000
2022-07-31 20:00:00,24.67000,24.71000,23.59000,23.74000
2022-08-01 00:00:00,23.67000,24.31000,23.64000,24.080000
2022-08-01 04:00:00,24.14000,24.27000,23.35000,23.81000
2022-08-01 08:00:00,23.81000,23.88000,23.16000,23.43000
2022-08-01 12:00:00,23.44000,23.92000,23.040001,23.71000
2022-08-01 16:00:00,23.73000,23.73000,23,23.16000
2022-08-01 20:00:00,23.11000,23.71000,23.11000,23.57000
2022-08-02 00:00:00,23.59000,23.80000,22.39000,22.46000
2022-08-02 04:00:00,22.39000,22.72000,22.25,22.71000
2022-08-02 08:00:00,22.70000,22.82000,22.31000,22.68000
2022-08-02 12:00:00,22.69000,23.23000,22.25,23.15000
2022-08-02 16:00:00,23.14000,23.92000,22.94000,23.12000
2022-08-02 20:00:00,23.14000,23.33000,22.83000,22.84000
2022-08-03 00:00:00,22.89000,23.049999,22.30000,23.020000
2022-08-03 04:00:00,23.049999,23.61000,22.98000,23.39000
2022-08-03 08:00:00,23.41000,23.95000,23.41000,23.95000
2022-08-03 12:00:00,23.93000,24.16000,23.71000,23.76000
2022-08-03 16:00:00,23.79000,24.070000,23.68000,24
2022-08-03 20:00:00,23.99000,24.030001,22.96000,23.070000
2022-08-04 00:00:00,23.040001,23.98000,22.94000,23.57000
2022-08-04 04:00:00,23.59000,23.90000,23.29000,23.48000
2022-08-04 08:00:00,23.45000,23.57000,23.19000,23.40000
2022-08-04 12:00:00,23.39000,23.73000,23.11000,23.40000
2022-08-04 16:00:00,23.41000,23.55000,22.92000,23.15000
2022-08-04 20:00:00,23.16000,23.45000,23.040001,23.36000
2022-08-05 00:00:00,23.43000,24.049999,23.14000,24.040001
2022-08-05 04:00:00,24.090000,24.13000,23.75,23.85000
2022-08-05 08:00:00,23.85000,24.67000,23.75,24.65000
2022-08-05 12:00:00,24.67000,24.75,24.10000,24.19000
2022-08-05 16:00:00,24.17000,24.31000,23.95000,24.18000
2022-08-05 20:00:00,24.17000,24.96000,24.090000,24.95000
2022-08-06 00:00:00,24.94000,25.42000,24.71000,24.98000
2022-08-06 04:00:00,24.99000,25.25,24.88000,25.19000
2022-08-06 08:00:00,25.22000,25.97000,25.22000,25.43000
2022-08-06 12:00:00,25.48000,25.98000,25.45000,25.78000
2022-08-06 16:00:00,25.79000,26.82000,25.78000,26.56000
2022-08-06 20:00:00,26.57000,26.88000,26.15000,26.65000
2022-08-07 00:00:00,26.63000,26.63000,25.86000,26.19000
2022-08-07 04:00:00,26.20000,26.37000,25.94000,26.10000
2022-08-07 08:00:00,26.12000,26.48000,25.84000,26.45000
2022-08-07 12:00:00,26.45000,28.18000,26.45000,28.010000
2022-08-07 16:00:00,28.020000,28.080000,27.67000,27.79000
2022-08-07 20:00:00,27.80000,28.40000,27.65000,27.92000
2022-08-08 00:00:00,27.89000,28.22000,27.59000,28.17000
2022-08-08 04:00:00,28.20000,28.64000,28.049999,28.41000
2022-08-08 08:00:00,28.41000,30.13000,28.24000,29.75
2022-08-08 12:00:00,29.74000,30.76000,28.73000,29.049999
2022-08-08 16:00:00,29.030001,29.070000,28.38000,28.61000
2022-08-08 20:00:00,28.61000,28.95000,27.89000,27.95000
2022-08-09 00:00:00,27.93000,28.38000,27.63000,28.030001
2022-08-09 04:00:00,28.020000,28.77000,28,28.46000
2022-08-09 08:00:00,28.49000,28.49000,27.29000,27.39000
2022-08-09 12:00:00,27.36000,28.29000,27.049999,27.14000
2022-08-09 16:00:00,27.13000,27.55000,27.070000,27.36000
2022-08-09 20:00:00,27.34000,27.80000,27.32000,27.42000
2022-08-10 00:00:00,27.38000,27.85000,26.64000,27.51000
2022-08-10 04:00:00,27.54000,27.79000,27.18000,27.39000
2022-08-10 08:00:00,27.40000,28.41000,27.39000,28.11000
2022-08-10 12:00:00,28.080000,30.080000,28.059999,29.53000
2022-08-10 16:00:00,29.54000,29.57000,28.55000,28.68000
2022-08-10 20:00:00,28.71000,29.18000,28.65000,29.18000
2022-08-11 00:00:00,29.15000,29.64000,28.88000,29.58000
2022-08-11 04:00:00,29.61000,29.96000,29.39000,29.55000
2022-08-11 08:00:00,29.58000,29.73000,29.30000,29.52000
2022-08-11 12:00:00,29.51000,29.99000,28.78000,28.82000
2022-08-11 16:00:00,28.81000,29.040001,28.58000,28.90000
2022-08-11 20:00:00,28.93000,29.27000,28.45000,28.53000
2022-08-12 00:00:00,28.56000,29.23000,28.12000,28.98000
2022-08-12 04:00:00,29,29.11000,28.67000,28.83000
2022-08-12 08:00:00,28.83000,29.16000,28.18000,28.41000
2022-08-12 12:00:00,28.38000,29.16000,28.38000,29
2022-08-12 16:00:00,29.049999,29.31000,28.76000,29.17000
2022-08-12 20:00:00,29.16000,29.42000,29,29.33000
2022-08-13 00:00:00,29.34000,30.29000,29.090000,30.12000
2022-08-13 04:00:00,30.090000,30.14000,29.58000,29.59000
2022-08-13 08:00:00,29.58000,29.72000,29.34000,29.58000
2022-08-13 12:00:00,29.58000,29.69000,29.19000,29.52000
2022-08-13 16:00:00,29.53000,29.64000,28.89000,29.040001
2022-08-13 20:00:00,29.040001,29.32000,28.99000,29.15000
2022-08-14 00:00:00,29.16000,29.45000,28.71000,29.31000
2022-08-14 04:00:00,29.31000,29.83000,29.27000,29.67000
2022-08-14 08:00:00,29.70000,29.70000,29.11000,29.21000
2022-08-14 12:00:00,29.18000,29.18000,28.54000,28.89000
2022-08-14 16:00:00,28.88000,28.92000,27.88000,28.27000
2022-08-14 20:00:00,28.25,28.48000,28.030001,28.19000
2022-08-15 00:00:00,28.18000,29.29000,28,28.90000
2022-08-15 04:00:00,28.92000,29.040001,27.41000,27.73000
2022-08-15 08:00:00,27.72000,27.90000,27.41000,27.63000
2022-08-15 12:00:00,27.59000,28.11000,27.40000,28.10000
2022-08-15 16:00:00,28.12000,28.13000,27.5,27.67000
2022-08-15 20:00:00,27.69000,27.95000,27.10000,27.89000
2022-08-16 00:00:00,27.87000,28.10000,27.28000,27.79000
2022-08-16 04:00:00,27.82000,27.89000,27.40000,27.80000
2022-08-16 08:00:00,27.84000,28.38000,27.64000,27.99000
2022-08-16 12:00:00,28.010000,28.10000,27.35000,27.65000
2022-08-16 16:00:00,27.64000,27.71000,26.99000,27.33000
2022-08-16 20:00:00,27.30000,27.57000,27.049999,27.11000
2022-08-17 00:00:00,27.13000,27.65000,27.070000,27.62000
2022-08-17 04:00:00,27.64000,28.21000,27.22000,27.30000
2022-08-17 08:00:00,27.29000,27.56000,27.059999,27.14000
2022-08-17 12:00:00,27.14000,27.16000,25.95000,26.090000
2022-08-17 16:00:00,26.11000,26.64000,26.080000,26.18000
2022-08-17 20:00:00,26.15000,26.34000,25.27000,25.55000
2022-08-18 00:00:00,25.55000,25.88000,25.34000,25.86000
2022-08-18 04:00:00,25.87000,25.99000,25.66000,25.88000
2022-08-18 08:00:00,25.91000,26.17000,25.64000,26.11000
2022-08-18 12:00:00,26.14000,26.28000,25.42000,25.74000
2022-08-18 16:00:00,25.73000,25.76000,25.040001,25.27000
2022-08-18 20:00:00,25.28000,25.47000,24.15000,24.19000
2022-08-19 00:00:00,24.20000,24.38000,23.049999,23.22000
2022-08-19 04:00:00,23.20000,23.34000,21.40000,22.35000
2022-08-19 08:00:00,22.34000,22.63000,21.96000,22.63000
2022-08-19 12:00:00,22.61000,22.95000,22.38000,22.82000
2022-08-19 16:00:00,22.79000,23.31000,22.52000,22.96000
2022-08-19 20:00:00,22.97000,23.059999,22.18000,22.45000
2022-08-20 00:00:00,22.44000,22.97000,22.44000,22.79000
2022-08-20 04:00:00,22.80000,23.070000,22.62000,22.97000
2022-08-20 08:00:00,22.96000,22.99000,22.69000,22.73000
2022-08-20 12:00:00,22.71000,22.91000,22.61000,22.79000
2022-08-20 16:00:00,22.79000,22.81000,21.75,21.83000
2022-08-20 20:00:00,21.83000,22.38000,21.63000,22.29000
2022-08-21 00:00:00,22.30000,22.67000,22.24000,22.39000
2022-08-21 04:00:00,22.40000,22.93000,22.17000,22.89000
2022-08-21 08:00:00,22.89000,23.16000,22.77000,23.13000
2022-08-21 12:00:00,23.12000,23.20000,22.70000,22.85000
2022-08-21 16:00:00,22.85000,23.090000,22.72000,23.020000
2022-08-21 20:00:00,23.030001,23.43000,22.52000,22.95000
2022-08-22 00:00:00,22.99000,22.99000,22.61000,22.66000
2022-08-22 04:00:00,22.65000,22.84000,22,22
2022-08-22 08:00:00,21.98000,22.36000,21.64000,22.090000
2022-08-22 12:00:00,22.059999,22.36000,21.88000,22.33000
2022-08-22 16:00:00,22.34000,22.42000,21.84000,22.049999
2022-08-22 20:00:00,22.090000,22.62000,21.97000,22.57000
2022-08-23 00:00:00,22.58000,22.89000,22.48000,22.59000
2022-08-23 04:00:00,22.60000,22.73000,21.83000,22.44000
2022-08-23 08:00:00,22.44000,22.89000,22.44000,22.88000
2022-08-23 12:00:00,22.89000,23.61000,22.65000,23.32000
2022-08-23 16:00:00,23.32000,23.38000,23.030001,23.32000
2022-08-23 20:00:00,23.32000,23.67000,23.18000,23.52000
2022-08-24 00:00:00,23.52000,23.62000,22.82000,23.049999
2022-08-24 04:00:00,23.020000,23.37000,22.86000,23.030001
2022-08-24 08:00:00,23.030001,23.27000,22.96000,23.24000
2022-08-24 12:00:00,23.25,23.52000,22.94000,23.47000
2022-08-24 16:00:00,23.48000,23.58000,23.18000,23.48000
2022-08-24 20:00:00,23.49000,23.54000,22.97000,23.010000
2022-08-25 00:00:00,23.010000,23.30000,22.98000,23.020000
2022-08-25 04:00:00,23.010000,23.61000,23.010000,23.53000
2022-08-25 08:00:00,23.53000,23.63000,23.28000,23.44000
2022-08-25 12:00:00,23.43000,23.49000,22.70000,22.87000
2022-08-25 16:00:00,22.89000,23.059999,22.77000,23.030001
2022-08-25 20:00:00,23.040001,23.23000,22.89000,23
2022-08-26 00:00:00,22.95000,23.10000,22.73000,22.97000
2022-08-26 04:00:00,22.97000,23.049999,22.38000,22.56000
2022-08-26 08:00:00,22.53000,22.63000,22.030001,22.26000
2022-08-26 12:00:00,22.26000,23.21000,21.60000,21.81000
2022-08-26 16:00:00,21.82000,21.89000,21.33000,21.52000
2022-08-26 20:00:00,21.52000,21.67000,20.40000,20.66000
2022-08-27 00:00:00,20.66000,20.89000,20.42000,20.53000
2022-08-27 04:00:00,20.53000,20.74000,20.030001,20.74000
2022-08-27 08:00:00,20.76000,20.78000,20.47000,20.65000
2022-08-27 12:00:00,20.66000,20.66000,19.98000,20.20000
2022-08-27 16:00:00,20.23000,20.40000,19.97000,20.25
2022-08-27 20:00:00,20.23000,20.26000,19.84000,20.030001
2022-08-28 00:00:00,20.049999,20.20000,19.81000,19.84000
2022-08-28 04:00:00,19.82000,20.19000,19.65000,20.12000
2022-08-28 08:00:00,20.12000,20.43000,19.97000,20.12000
2022-08-28 12:00:00,20.13000,20.17000,19.69000,20.030001
2022-08-28 16:00:00,20.049999,20.28000,19.80000,19.81000
2022-08-28 20:00:00,19.81000,19.92000,18.14000,18.44000
2022-08-29 00:00:00,18.53000,18.64000,17.87000,18.16000
2022-08-29 04:00:00,18.16000,18.26000,17.5,18.049999
2022-08-29 08:00:00,18.040001,18.18000,17.84000,18.059999
2022-08-29 12:00:00,18.030001,19.27000,17.98000,19.059999
2022-08-29 16:00:00,19.020000,19.25,18.83000,18.99000
2022-08-29 20:00:00,19.010000,19.47000,18.96000,19.33000
2022-08-30 00:00:00,19.32000,19.65000,19.030001,19.52000
2022-08-30 04:00:00,19.52000,20.55000,19.48000,20.32000
2022-08-30 08:00:00,20.30000,20.61000,20.070000,20.18000
2022-08-30 12:00:00,20.18000,20.22000,19.040001,19.39000
2022-08-30 16:00:00,19.39000,19.95000,18.93000,19.60000
2022-08-30 20:00:00,19.60000,19.79000,19.26000,19.37000
2022-08-31 00:00:00,19.41000,19.95000,19.41000,19.80000
2022-08-31 04:00:00,19.81000,20.030001,19.61000,19.62000
2022-08-31 08:00:00,19.64000,19.88000,19.33000,19.79000
2022-08-31 12:00:00,19.75,19.98000,19.32000,19.58000
2022-08-31 16:00:00,19.57000,19.62000,19.16000,19.39000
2022-08-31 20:00:00,19.41000,19.47000,19,19.14000
2022-09-01 00:00:00,19.13000,19.40000,18.87000,19.090000
2022-09-01 04:00:00,19.090000,19.28000,18.81000,18.95000
2022-09-01 08:00:00,18.93000,19.30000,18.83000,19.23000
2022-09-01 12:00:00,19.24000,19.25,18.35000,18.54000
2022-09-01 16:00:00,18.54000,18.90000,18.46000,18.86000
2022-09-01 20:00:00,18.87000,19.46000,18.84000,19.32000
2022-09-02 00:00:00,19.33000,19.43000,18.93000,19.28000
2022-09-02 04:00:00,19.29000,19.55000,19.12000,19.23000
2022-09-02 08:00:00,19.23000,19.26000,18.94000,19.18000
2022-09-02 12:00:00,19.18000,19.65000,19.070000,19.56000
2022-09-02 16:00:00,19.57000,19.60000,18.70000,18.84000
2022-09-02 20:00:00,18.82000,18.95000,18.70000,18.87000
2022-09-03 00:00:00,18.86000,19,18.63000,18.75
2022-09-03 04:00:00,18.76000,18.99000,18.60000,18.74000
2022-09-03 08:00:00,18.73000,18.94000,18.70000,18.83000
2022-09-03 12:00:00,18.81000,18.97000,18.73000,18.79000
2022-09-03 16:00:00,18.79000,18.89000,18.69000,18.75
2022-09-03 20:00:00,18.73000,18.89000,18.73000,18.89000
2022-09-04 00:00:00,18.88000,19.12000,18.86000,18.91000
2022-09-04 04:00:00,18.91000,18.95000,18.78000,18.80000
2022-09-04 08:00:00,18.80000,19,18.74000,18.96000
2022-09-04 12:00:00,19.049999,19.12000,18.80000,18.98000
2022-09-04 16:00:00,18.97000,19.059999,18.88000,18.95000
2022-09-04 20:00:00,18.98000,19.040001,18.84000,19.010000
2022-09-05 00:00:00,19.030001,19.14000,18.96000,19.049999
2022-09-05 04:00:00,19.059999,19.080000,18.74000,18.76000
2022-09-05 08:00:00,18.74000,18.80000,18.45000,18.57000
2022-09-05 12:00:00,18.55000,18.87000,18.5,18.76000
2022-09-05 16:00:00,18.77000,18.86000,18.64000,18.68000
2022-09-05 20:00:00,18.68000,19.46000,18.68000,19.42000
2022-09-06 00:00:00,19.46000,20.47000,19.46000,19.91000
2022-09-06 04:00:00,19.91000,20.13000,19.85000,19.99000
2022-09-06 08:00:00,20.010000,20.29000,19.85000,20.20000
2022-09-06 12:00:00,20.20000,20.24000,19.46000,19.98000
2022-09-06 16:00:00,19.99000,20,18.32000,18.44000
2022-09-06 20:00:00,18.40000,18.56000,18.19000,18.20000
2022-09-07 00:00:00,18.21000,18.32000,17.86000,18.26000
2022-09-07 04:00:00,18.24000,18.46000,18.16000,18.39000
2022-09-07 08:00:00,18.39000,18.56000,18.22000,18.27000
2022-09-07 12:00:00,18.28000,18.68000,18.14000,18.61000
2022-09-07 16:00:00,18.62000,18.91000,18.53000,18.70000
2022-09-07 20:00:00,18.74000,19.29000,18.73000,18.99000
2022-09-08 00:00:00,19.030001,19.16000,18.86000,18.93000
2022-09-08 04:00:00,18.96000,19.13000,18.57000,18.80000
2022-09-08 08:00:00,18.79000,18.96000,18.71000,18.75
2022-09-08 12:00:00,18.75,19.10000,18.43000,18.98000
2022-09-08 16:00:00,18.98000,19.040001,18.72000,19.040001
2022-09-08 20:00:00,19.049999,19.14000,18.90000,19.13000
2022-09-09 00:00:00,19.15000,19.91000,19.11000,19.85000
2022-09-09 04:00:00,19.81000,20.18000,19.80000,20.030001
2022-09-09 08:00:00,20.030001,20.26000,20,20.11000
2022-09-09 12:00:00,20.11000,20.44000,20.080000,20.29000
2022-09-09 16:00:00,20.32000,20.43000,20.049999,20.32000
2022-09-09 20:00:00,20.30000,20.73000,20.15000,20.38000
2022-09-10 00:00:00,20.43000,21.090000,20.27000,20.55000
2022-09-10 04:00:00,20.56000,20.87000,20.25,20.29000
2022-09-10 08:00:00,20.32000,20.51000,20.26000,20.37000
2022-09-10 12:00:00,20.38000,20.46000,20.040001,20.18000
2022-09-10 16:00:00,20.19000,20.46000,20.13000,20.38000
2022-09-10 20:00:00,20.38000,20.79000,20.22000,20.45000
2022-09-11 00:00:00,20.45000,20.75,20.26000,20.34000
2022-09-11 04:00:00,20.34000,20.47000,19.96000,20.39000
2022-09-11 08:00:00,20.39000,20.44000,20.26000,20.39000
2022-09-11 12:00:00,20.40000,20.62000,20.31000,20.48000
2022-09-11 16:00:00,20.5,20.95000,20.43000,20.53000
2022-09-11 20:00:00,20.51000,20.89000,20.16000,20.64000
2022-09-12 00:00:00,20.68000,20.99000,20.070000,20.31000
2022-09-12 04:00:00,20.30000,20.83000,20.23000,20.78000
2022-09-12 08:00:00,20.81000,21.72000,20.68000,21.48000
2022-09-12 12:00:00,21.46000,21.90000,21.070000,21.14000
2022-09-12 16:00:00,21.13000,21.5,20.83000,21.40000
2022-09-12 20:00:00,21.41000,21.61000,21.18000,21.38000
2022-09-13 00:00:00,21.39000,21.46000,20.78000,21.45000
2022-09-13 04:00:00,21.49000,21.74000,21.20000,21.70000
2022-09-13 08:00:00,21.65000,21.72000,21.35000,21.59000
2022-09-13 12:00:00,21.55000,21.57000,19.56000,19.63000
2022-09-13 16:00:00,19.63000,19.84000,18.99000,19.28000
2022-09-13 20:00:00,19.29000,19.39000,18.78000,18.88000
2022-09-14 00:00:00,18.86000,19.28000,18.79000,19.20000
2022-09-14 04:00:00,19.20000,19.31000,18.82000,18.98000
2022-09-14 08:00:00,18.99000,19.24000,18.82000,18.90000
2022-09-14 12:00:00,18.91000,19.24000,18.77000,19.040001
2022-09-14 16:00:00,19.049999,19.059999,18.47000,18.93000
2022-09-14 20:00:00,18.95000,19.17000,18.74000,19.12000
2022-09-15 00:00:00,19.090000,19.14000,18.51000,18.63000
2022-09-15 04:00:00,18.62000,19.36000,18.47000,19.17000
2022-09-15 08:00:00,19.17000,19.17000,18.78000,18.97000
2022-09-15 12:00:00,18.99000,19.11000,18.20000,18.39000
2022-09-15 16:00:00,18.38000,18.63000,18.32000,18.41000
2022-09-15 20:00:00,18.43000,18.54000,18.090000,18.20000
2022-09-16 00:00:00,18.21000,18.29000,17.92000,18.16000
2022-09-16 04:00:00,18.15000,18.31000,18.13000,18.18000
2022-09-16 08:00:00,18.18000,18.18000,17.72000,18.11000
2022-09-16 12:00:00,18.13000,18.13000,17.64000,18
2022-09-16 16:00:00,17.99000,17.99000,17.60000,17.91000
2022-09-16 20:00:00,17.90000,18.25,17.89000,18.049999
2022-09-17 00:00:00,18.049999,18.5,18.040001,18.23000
2022-09-17 04:00:00,18.25,18.43000,18.080000,18.23000
2022-09-17 08:00:00,18.23000,18.31000,18.11000,18.14000
2022-09-17 12:00:00,18.14000,18.45000,18.090000,18.36000
2022-09-17 16:00:00,18.36000,18.58000,18.34000,18.41000
2022-09-17 20:00:00,18.41000,18.53000,18.35000,18.47000
2022-09-18 00:00:00,18.48000,18.75,18.30000,18.39000
2022-09-18 04:00:00,18.39000,18.59000,18.38000,18.43000
2022-09-18 08:00:00,18.43000,18.54000,18.11000,18.20000
2022-09-18 12:00:00,18.20000,18.30000,18.040001,18.080000
2022-09-18 16:00:00,18.059999,18.13000,17.66000,17.91000
2022-09-18 20:00:00,17.91000,17.94000,16.38000,16.71000
2022-09-19 00:00:00,16.70000,17.059999,16.39000,16.66000
2022-09-19 04:00:00,16.66000,16.97000,16.51000,16.69000
2022-09-19 08:00:00,16.68000,16.91000,16.51000,16.84000
2022-09-19 12:00:00,16.84000,17.36000,16.82000,17.070000
2022-09-19 16:00:00,17.049999,17.29000,16.91000,17.20000
2022-09-19 20:00:00,17.24000,17.35000,17.15000,17.28000
2022-09-20 00:00:00,17.27000,17.38000,16.98000,17.13000
2022-09-20 04:00:00,17.14000,17.32000,16.98000,17.080000
2022-09-20 08:00:00,17.070000,17.14000,16.79000,16.90000
2022-09-20 12:00:00,16.89000,17.059999,16.61000,17.010000
2022-09-20 16:00:00,16.99000,17.030001,16.66000,16.82000
2022-09-20 20:00:00,16.84000,16.89000,16.58000,16.66000
2022-09-21 00:00:00,16.65000,16.91000,16.61000,16.84000
2022-09-21 04:00:00,16.84000,16.94000,16.5,16.63000
2022-09-21 08:00:00,16.63000,17,16.58000,16.93000
2022-09-21 12:00:00,16.92000,17.070000,16.81000,16.88000
2022-09-21 16:00:00,16.88000,17.86000,16.88000,17.049999
2022-09-21 20:00:00,17,17.040001,16.23000,16.55000
2022-09-22 00:00:00,16.55000,16.79000,16.42000,16.69000
2022-09-22 04:00:00,16.70000,17.18000,16.70000,17.18000
2022-09-22 08:00:00,17.20000,17.70000,17.13000,17.60000
2022-09-22 12:00:00,17.62000,17.64000,17.13000,17.31000
2022-09-22 16:00:00,17.31000,17.84000,17.16000,17.65000
2022-09-22 20:00:00,17.68000,17.86000,17.53000,17.68000
2022-09-23 00:00:00,17.67000,18.030001,17.56000,17.89000
2022-09-23 04:00:00,17.91000,18.23000,17.79000,17.83000
2022-09-23 08:00:00,17.85000,17.89000,17.29000,17.38000
2022-09-23 12:00:00,17.34000,17.61000,17.17000,17.45000
2022-09-23 16:00:00,17.43000,17.48000,17.22000,17.47000
2022-09-23 20:00:00,17.49000,18.080000,17.48000,17.97000
2022-09-24 00:00:00,17.98000,18.13000,17.79000,17.98000
2022-09-24 04:00:00,17.99000,18.19000,17.86000,17.88000
2022-09-24 08:00:00,17.87000,18.080000,17.78000,17.96000
2022-09-24 12:00:00,17.97000,18.10000,17.81000,17.85000
2022-09-24 16:00:00,17.87000,17.94000,17.81000,17.88000
2022-09-24 20:00:00,17.88000,17.91000,17.57000,17.60000
2022-09-25 00:00:00,17.60000,17.82000,17.57000,17.81000
2022-09-25 04:00:00,17.80000,17.87000,17.66000,17.80000
2022-09-25 08:00:00,17.80000,17.81000,17.68000,17.77000
2022-09-25 12:00:00,17.79000,17.80000,17.43000,17.59000
2022-09-25 16:00:00,17.56000,17.64000,17.38000,17.49000
2022-09-25 20:00:00,17.47000,17.49000,17.15000,17.32000
2022-09-26 00:00:00,17.32000,17.49000,17.14000,17.28000
2022-09-26 04:00:00,17.26000,17.33000,16.98000,17.22000
2022-09-26 08:00:00,17.23000,17.49000,17.14000,17.22000
2022-09-26 12:00:00,17.21000,17.48000,17.15000,17.39000
2022-09-26 16:00:00,17.37000,17.58000,17.23000,17.47000
2022-09-26 20:00:00,17.46000,17.57000,17.31000,17.57000
2022-09-27 00:00:00,17.56000,18.030001,17.51000,17.98000
2022-09-27 04:00:00,18,18.25,17.84000,18.12000
2022-09-27 08:00:00,18.15000,18.16000,17.97000,18.020000
2022-09-27 12:00:00,18.030001,18.48000,17.85000,17.88000
2022-09-27 16:00:00,17.89000,17.93000,17.059999,17.13000
2022-09-27 20:00:00,17.11000,17.35000,17.070000,17.30000
2022-09-28 00:00:00,17.30000,17.38000,16.78000,17.010000
2022-09-28 04:00:00,17.010000,17.10000,16.76000,17.020000
2022-09-28 08:00:00,17.030001,17.080000,16.77000,16.94000
2022-09-28 12:00:00,16.97000,17.29000,16.96000,17.25
2022-09-28 16:00:00,17.27000,17.36000,17.14000,17.30000
2022-09-28 20:00:00,17.30000,17.44000,17.22000,17.26000
2022-09-29 00:00:00,17.27000,17.38000,17.15000,17.28000
2022-09-29 04:00:00,17.28000,17.34000,17.090000,17.14000
2022-09-29 08:00:00,17.12000,17.28000,17.090000,17.20000
2022-09-29 12:00:00,17.21000,17.21000,16.89000,17.13000
2022-09-29 16:00:00,17.13000,17.26000,17.030001,17.25
2022-09-29 20:00:00,17.26000,17.36000,17.14000,17.35000
2022-09-30 00:00:00,17.39000,17.44000,17.18000,17.24000
2022-09-30 04:00:00,17.25,17.57000,17.22000,17.52000
2022-09-30 08:00:00,17.53000,17.58000,17.30000,17.30000
2022-09-30 12:00:00,17.30000,17.72000,17.18000,17.39000
2022-09-30 16:00:00,17.39000,17.52000,17.19000,17.23000
2022-09-30 20:00:00,17.21000,17.32000,17.020000,17.21000
2022-10-01 00:00:00,17.20000,17.29000,17.11000,17.29000
2022-10-01 04:00:00,17.28000,17.30000,17.15000,17.25
2022-10-01 08:00:00,17.25,17.28000,17.13000,17.20000
2022-10-01 12:00:00,17.21000,17.25,17.13000,17.18000
2022-10-01 16:00:00,17.19000,17.19000,16.94000,17
2022-10-01 20:00:00,17,17.049999,16.90000,16.95000
2022-10-02 00:00:00,16.95000,17.070000,16.94000,16.97000
2022-10-02 04:00:00,16.97000,17.14000,16.97000,17.010000
2022-10-02 08:00:00,17,17.030001,16.65000,16.80000
2022-10-02 12:00:00,16.80000,16.84000,16.66000,16.74000
2022-10-02 16:00:00,16.74000,16.94000,16.73000,16.88000
2022-10-02 20:00:00,16.89000,16.89000,16.48000,16.53000
2022-10-03 00:00:00,16.53000,16.78000,16.36000,16.61000
2022-10-03 04:00:00,16.61000,16.72000,16.45000,16.65000
2022-10-03 08:00:00,16.67000,16.86000,16.59000,16.83000
2022-10-03 12:00:00,16.82000,17.090000,16.71000,16.89000
2022-10-03 16:00:00,16.91000,17.080000,16.89000,16.98000
2022-10-03 20:00:00,17.040001,17.29000,16.98000,17.14000
2022-10-04 00:00:00,17.15000,17.27000,17.070000,17.23000
2022-10-04 04:00:00,17.23000,17.40000,17.13000,17.35000
2022-10-04 08:00:00,17.38000,17.46000,17.24000,17.33000
2022-10-04 12:00:00,17.34000,17.54000,17.26000,17.39000
2022-10-04 16:00:00,17.40000,17.43000,17.23000,17.39000
2022-10-04 20:00:00,17.40000,17.53000,17.36000,17.44000
2022-10-05 00:00:00,17.45000,17.46000,17.29000,17.31000
2022-10-05 04:00:00,17.31000,17.46000,17.25,17.32000
2022-10-05 08:00:00,17.33000,17.33000,17.059999,17.10000
2022-10-05 12:00:00,17.090000,17.13000,16.96000,17.080000
2022-10-05 16:00:00,17.10000,17.35000,17.059999,17.22000
2022-10-05 20:00:00,17.24000,17.39000,17.19000,17.39000
2022-10-06 00:00:00,17.39000,17.67000,17.37000,17.53000
2022-10-06 04:00:00,17.55000,17.60000,17.33000,17.45000
2022-10-06 08:00:00,17.43000,17.44000,17.28000,17.38000
2022-10-06 12:00:00,17.37000,17.47000,17.18000,17.25
2022-10-06 16:00:00,17.25,17.33000,17.11000,17.12000
2022-10-06 20:00:00,17.11000,17.15000,17,17.040001
2022-10-07 00:00:00,17.040001,17.16000,17.040001,17.10000
2022-10-07 04:00:00,17.090000,17.13000,16.98000,17.070000
2022-10-07 08:00:00,17.049999,17.16000,17.040001,17.070000
2022-10-07 12:00:00,17.059999,17.090000,16.78000,16.87000
2022-10-07 16:00:00,16.86000,16.87000,16.72000,16.81000
2022-10-07 20:00:00,16.82000,16.93000,16.80000,16.90000
2022-10-08 00:00:00,16.90000,16.99000,16.87000,16.93000
2022-10-08 04:00:00,16.93000,16.95000,16.83000,16.91000
2022-10-08 08:00:00,16.90000,16.91000,16.84000,16.89000
2022-10-08 12:00:00,16.90000,16.91000,16.80000,16.84000
2022-10-08 16:00:00,16.84000,16.90000,16.78000,16.81000
2022-10-08 20:00:00,16.80000,16.84000,16.66000,16.78000
2022-10-09 00:00:00,16.77000,16.81000,16.70000,16.73000
2022-10-09 04:00:00,16.73000,16.89000,16.71000,16.85000
2022-10-09 08:00:00,16.86000,16.98000,16.82000,16.91000
2022-10-09 12:00:00,16.93000,16.98000,16.89000,16.97000
2022-10-09 16:00:00,16.97000,16.99000,16.86000,16.94000
2022-10-09 20:00:00,16.95000,16.99000,16.81000,16.89000
2022-10-10 00:00:00,16.90000,17.22000,16.87000,16.98000
2022-10-10 04:00:00,16.99000,17.020000,16.85000,16.87000
2022-10-10 08:00:00,16.87000,16.88000,16.57000,16.71000
2022-10-10 12:00:00,16.70000,16.80000,16.61000,16.69000
2022-10-10 16:00:00,16.69000,16.69000,16.53000,16.58000
2022-10-10 20:00:00,16.58000,16.62000,16.20000,16.20000
2022-10-11 00:00:00,16.21000,16.21000,15.61000,15.89000
2022-10-11 04:00:00,15.89000,16.070000,15.87000,16.030001
2022-10-11 08:00:00,16.010000,16.080000,15.94000,16.049999
2022-10-11 12:00:00,16.059999,16.30000,15.86000,16.20000
2022-10-11 16:00:00,16.19000,16.23000,15.92000,15.94000
2022-10-11 20:00:00,15.94000,16.010000,15.87000,15.96000
2022-10-12 00:00:00,15.96000,16.10000,15.89000,15.91000
2022-10-12 04:00:00,15.90000,16.090000,15.90000,15.99000
2022-10-12 08:00:00,16,16.15000,15.97000,16.070000
2022-10-12 12:00:00,16.070000,16.11000,15.88000,16.040001
2022-10-12 16:00:00,16.049999,16.049999,15.86000,16
2022-10-12 20:00:00,16,16.059999,15.93000,15.96000
2022-10-13 00:00:00,15.95000,15.99000,15.36000,15.60000
2022-10-13 04:00:00,15.59000,15.62000,15.010000,15.18000
2022-10-13 08:00:00,15.14000,15.23000,14.51000,15.010000
2022-10-13 12:00:00,15.010000,15.39000,14.57000,15.29000
2022-10-13 16:00:00,15.29000,15.74000,15.24000,15.63000
2022-10-13 20:00:00,15.64000,15.80000,15.63000,15.66000
2022-10-14 00:00:00,15.66000,16.34000,15.62000,16.13000
2022-10-14 04:00:00,16.15000,16.35000,16.080000,16.15000
2022-10-14 08:00:00,16.15000,16.29000,16.080000,16.15000
2022-10-14 12:00:00,16.15000,16.39000,15.93000,15.94000
2022-10-14 16:00:00,15.92000,15.95000,15.70000,15.70000
2022-10-14 20:00:00,15.72000,15.78000,15.55000,15.68000
2022-10-15 00:00:00,15.66000,15.75,15.60000,15.70000
2022-10-15 04:00:00,15.71000,15.76000,15.64000,15.72000
2022-10-15 08:00:00,15.73000,15.74000,15.52000,15.73000
2022-10-15 12:00:00,15.74000,15.74000,15.59000,15.70000
2022-10-15 16:00:00,15.69000,15.74000,15.59000,15.63000
2022-10-15 20:00:00,15.62000,15.63000,15.37000,15.43000
2022-10-16 00:00:00,15.43000,15.57000,15.41000,15.5
2022-10-16 04:00:00,15.5,15.60000,15.49000,15.59000
2022-10-16 08:00:00,15.59000,15.74000,15.56000,15.59000
2022-10-16 12:00:00,15.60000,15.66000,15.54000,15.60000
2022-10-16 16:00:00,15.60000,15.86000,15.54000,15.85000
2022-10-16 20:00:00,15.85000,15.87000,15.62000,15.75
2022-10-17 00:00:00,15.75,15.81000,15.65000,15.73000
2022-10-17 04:00:00,15.72000,15.95000,15.68000,15.90000
2022-10-17 08:00:00,15.91000,16.16000,15.81000,16.040001
2022-10-17 12:00:00,16.049999,16.27000,15.97000,16.080000
2022-10-17 16:00:00,16.090000,16.17000,15.97000,16.020000
2022-10-17 20:00:00,16.030001,16.25,16.030001,16.17000
2022-10-18 00:00:00,16.18000,16.35000,16.070000,16.24000
2022-10-18 04:00:00,16.24000,16.33000,16.17000,16.30000
2022-10-18 08:00:00,16.30000,16.31000,15.96000,16.059999
2022-10-18 12:00:00,16.070000,16.16000,15.80000,15.88000
2022-10-18 16:00:00,15.88000,16.020000,15.57000,15.77000
2022-10-18 20:00:00,15.75,15.93000,15.75,15.88000
2022-10-19 00:00:00,15.87000,15.91000,15.64000,15.65000
2022-10-19 04:00:00,15.64000,15.73000,15.46000,15.56000
2022-10-19 08:00:00,15.54000,15.64000,15.43000,15.54000
2022-10-19 12:00:00,15.53000,15.65000,15.43000,15.63000
2022-10-19 16:00:00,15.63000,15.63000,15.45000,15.59000
2022-10-19 20:00:00,15.59000,15.62000,15.060000,15.060000
2022-10-20 00:00:00,15.040000,15.18000,14.90000,15.14000
2022-10-20 04:00:00,15.14000,15.39000,15.14000,15.24000
2022-10-20 08:00:00,15.25,15.33000,15.15000,15.31000
2022-10-20 12:00:00,15.30000,15.39000,15.17000,15.27000
2022-10-20 16:00:00,15.27000,15.46000,15.10000,15.34000
2022-10-20 20:00:00,15.35000,15.38000,15.12000,15.16000
2022-10-21 00:00:00,15.15000,15.15000,14.79000,15.11000
2022-10-21 04:00:00,15.090000,15.13000,14.94000,15
2022-10-21 08:00:00,14.98000,15,14.73000,14.76000
2022-10-21 12:00:00,14.76000,15.29000,14.62000,15.29000
2022-10-21 16:00:00,15.33000,15.58000,15.24000,15.5
2022-10-21 20:00:00,15.54000,15.74000,15.43000,15.68000
2022-10-22 00:00:00,15.72000,15.87000,15.57000,15.65000
2022-10-22 04:00:00,15.66000,15.68000,15.53000,15.66000
2022-10-22 08:00:00,15.64000,15.84000,15.64000,15.82000
2022-10-22 12:00:00,15.87000,15.87000,15.66000,15.69000
2022-10-22 16:00:00,15.68000,15.73000,15.56000,15.66000
2022-10-22 20:00:00,15.68000,15.77000,15.63000,15.68000
2022-10-23 00:00:00,15.70000,15.88000,15.61000,15.77000
2022-10-23 04:00:00,15.76000,15.85000,15.69000,15.79000
2022-10-23 08:00:00,15.79000,15.87000,15.64000,15.68000
2022-10-23 12:00:00,15.69000,15.78000,15.64000,15.66000
2022-10-23 16:00:00,15.64000,16.070000,15.63000,16.030001
2022-10-23 20:00:00,16.040001,16.35000,15.95000,16.30000
2022-10-24 00:00:00,16.32000,16.47000,16.070000,16.070000
2022-10-24 04:00:00,16.070000,16.13000,15.87000,15.95000
2022-10-24 08:00:00,15.95000,16.090000,15.88000,16.080000
2022-10-24 12:00:00,16.070000,16.090000,15.66000,15.82000
2022-10-24 16:00:00,15.81000,15.85000,15.64000,15.75
2022-10-24 20:00:00,15.76000,15.84000,15.70000,15.76000
2022-10-25 00:00:00,15.76000,15.88000,15.61000,15.85000
2022-10-25 04:00:00,15.85000,15.88000,15.74000,15.77000
2022-10-25 08:00:00,15.77000,15.77000,15.60000,15.69000
2022-10-25 12:00:00,15.69000,16.43000,15.63000,16.32000
2022-10-25 16:00:00,16.36000,17.040001,16.36000,16.82000
2022-10-25 20:00:00,16.85000,16.85000,16.41000,16.64000
2022-10-26 00:00:00,16.66000,17.030001,16.66000,16.96000
2022-10-26 04:00:00,16.95000,17.22000,16.94000,17.10000
2022-10-26 08:00:00,17.10000,17.28000,16.99000,17.080000
2022-10-26 12:00:00,17.059999,17.32000,16.88000,17.13000
2022-10-26 16:00:00,17.14000,17.24000,16.87000,16.98000
2022-10-26 20:00:00,16.99000,17.16000,16.92000,17.010000
2022-10-27 00:00:00,16.97000,17.18000,16.88000,17.11000
2022-10-27 04:00:00,17.12000,17.5,17.059999,17.20000
2022-10-27 08:00:00,17.20000,17.24000,16.93000,17.020000
2022-10-27 12:00:00,17.010000,17.36000,16.84000,17.23000
2022-10-27 16:00:00,17.21000,17.42000,17.18000,17.33000
2022-10-27 20:00:00,17.35000,17.36000,16.85000,16.90000
2022-10-28 00:00:00,16.88000,17.12000,16.75,17.030001
2022-10-28 04:00:00,17,17.16000,16.94000,17.14000
2022-10-28 08:00:00,17.14000,17.44000,17.11000,17.27000
2022-10-28 12:00:00,17.26000,17.75,17.18000,17.60000
2022-10-28 16:00:00,17.59000,18.25,17.59000,18.17000
2022-10-28 20:00:00,18.17000,18.40000,18.13000,18.33000
2022-10-29 00:00:00,18.36000,18.77000,18.28000,18.75
2022-10-29 04:00:00,18.75,18.77000,18.33000,18.48000
2022-10-29 08:00:00,18.49000,18.89000,18.32000,18.38000
2022-10-29 12:00:00,18.39000,18.69000,18.33000,18.51000
2022-10-29 16:00:00,18.48000,18.81000,18.35000,18.45000
2022-10-29 20:00:00,18.45000,18.51000,18.16000,18.29000
2022-10-30 00:00:00,18.28000,18.44000,18.17000,18.41000
2022-10-30 04:00:00,18.41000,18.81000,18.31000,18.80000
2022-10-30 08:00:00,18.78000,18.79000,18.31000,18.5
2022-10-30 12:00:00,18.5,18.51000,18,18.080000
2022-10-30 16:00:00,18.070000,18.29000,18.010000,18.21000
2022-10-30 20:00:00,18.21000,18.35000,17.93000,18.26000
2022-10-31 00:00:00,18.24000,18.73000,18.20000,18.72000
2022-10-31 04:00:00,18.73000,18.91000,18.46000,18.70000
2022-10-31 08:00:00,18.69000,19.52000,18.45000,19.40000
2022-10-31 12:00:00,19.36000,19.76000,19,19.16000
2022-10-31 16:00:00,19.16000,19.28000,18.84000,18.85000
2022-10-31 20:00:00,18.86000,19.45000,18.82000,19.29000
2022-11-01 00:00:00,19.29000,19.48000,19.10000,19.11000
2022-11-01 04:00:00,19.090000,19.46000,18.95000,19.36000
2022-11-01 08:00:00,19.33000,19.47000,19.049999,19.10000
2022-11-01 12:00:00,19.10000,19.21000,18.72000,18.83000
2022-11-01 16:00:00,18.80000,18.89000,18.59000,18.63000
2022-11-01 20:00:00,18.60000,18.73000,18.57000,18.62000
2022-11-02 00:00:00,18.63000,18.63000,18.24000,18.39000
2022-11-02 04:00:00,18.40000,18.40000,17.96000,18.12000
2022-11-02 08:00:00,18.10000,18.23000,17.67000,17.87000
2022-11-02 12:00:00,17.85000,18.19000,17.77000,18.080000
2022-11-02 16:00:00,18.080000,18.76000,17.70000,17.87000
2022-11-02 20:00:00,17.86000,17.96000,17.45000,17.91000
2022-11-03 00:00:00,17.91000,18.76000,17.81000,18.70000
2022-11-03 04:00:00,18.72000,18.85000,18.49000,18.55000
2022-11-03 08:00:00,18.55000,18.86000,18.16000,18.26000
2022-11-03 12:00:00,18.27000,18.47000,18.059999,18.28000
2022-11-03 16:00:00,18.28000,18.47000,18.27000,18.34000
2022-11-03 20:00:00,18.34000,18.34000,17.94000,18.030001
2022-11-04 00:00:00,18.040001,18.56000,17.89000,18.53000
2022-11-04 04:00:00,18.5,19.18000,18.45000,19.17000
2022-11-04 08:00:00,19.20000,19.26000,18.85000,18.85000
2022-11-04 12:00:00,18.84000,19.67000,18.66000,19.070000
2022-11-04 16:00:00,19.070000,19.27000,18.93000,19.23000
2022-11-04 20:00:00,19.26000,19.42000,19.20000,19.38000
2022-11-05 00:00:00,19.42000,19.81000,19.30000,19.65000
2022-11-05 04:00:00,19.66000,19.71000,19.46000,19.63000
2022-11-05 08:00:00,19.61000,19.61000,19.18000,19.43000
2022-11-05 12:00:00,19.43000,20.21000,19.22000,19.97000
2022-11-05 16:00:00,19.96000,20.54000,19.63000,19.84000
2022-11-05 20:00:00,19.85000,19.88000,19.45000,19.60000
2022-11-06 00:00:00,19.59000,19.72000,19.17000,19.44000
2022-11-06 04:00:00,19.42000,19.62000,19.32000,19.51000
2022-11-06 08:00:00,19.49000,19.58000,19.33000,19.42000
2022-11-06 12:00:00,19.43000,19.45000,19.23000,19.28000
2022-11-06 16:00:00,19.25,19.30000,18.89000,18.98000
2022-11-06 20:00:00,18.97000,19.020000,18.24000,18.25
2022-11-07 00:00:00,18.20000,18.64000,18.19000,18.52000
2022-11-07 04:00:00,18.52000,18.68000,17.79000,17.79000
2022-11-07 08:00:00,17.76000,18.44000,17.76000,18.33000
2022-11-07 12:00:00,18.34000,18.58000,18.010000,18.58000
2022-11-07 16:00:00,18.60000,18.80000,18.34000,18.77000
2022-11-07 20:00:00,18.80000,18.86000,17.78000,18.070000
2022-11-08 00:00:00,18.059999,18.15000,17.20000,17.20000
2022-11-08 04:00:00,17.23000,17.39000,16.18000,16.83000
2022-11-08 08:00:00,16.80000,16.93000,16.48000,16.58000
2022-11-08 12:00:00,16.56000,16.94000,16.26000,16.65000
2022-11-08 16:00:00,16.64000,17.90000,14.87000,15.89000
2022-11-08 20:00:00,15.82000,16.19000,15.48000,16.010000
2022-11-09 00:00:00,15.98000,16.15000,15.060000,15.45000
2022-11-09 04:00:00,15.47000,15.81000,15.15000,15.41000
2022-11-09 08:00:00,15.39000,15.42000,14.24000,14.79000
2022-11-09 12:00:00,14.82000,14.90000,13.79000,13.87000
2022-11-09 16:00:00,13.85000,14.10000,12.77000,13.10000
2022-11-09 20:00:00,13.070000,13.29000,12.11000,12.90000
2022-11-10 00:00:00,12.79000,13.76000,12.70000,13.51000
2022-11-10 04:00:00,13.44000,14.67000,13.39000,14.38000
2022-11-10 08:00:00,14.33000,14.43000,13.90000,14.15000
2022-11-10 12:00:00,14.20000,15.81000,14.19000,15.60000
2022-11-10 16:00:00,15.55000,15.92000,15.080000,15.49000
2022-11-10 20:00:00,15.47000,15.71000,15.26000,15.42000
2022-11-11 00:00:00,15.38000,15.45000,14.70000,14.86000
2022-11-11 04:00:00,14.85000,15.080000,14.61000,14.95000
2022-11-11 08:00:00,14.93000,15.080000,14.79000,14.89000
2022-11-11 12:00:00,14.88000,15.12000,13.83000,14.15000
2022-11-11 16:00:00,14.10000,14.15000,13.60000,13.91000
2022-11-11 20:00:00,13.89000,14.14000,13.69000,14.12000
2022-11-12 00:00:00,14.13000,14.13000,13.51000,13.60000
2022-11-12 04:00:00,13.61000,13.68000,12.93000,13.43000
2022-11-12 08:00:00,13.43000,13.52000,13.21000,13.34000
2022-11-12 12:00:00,13.35000,13.45000,13.17000,13.41000
2022-11-12 16:00:00,13.41000,13.45000,13.29000,13.35000
2022-11-12 20:00:00,13.35000,13.35000,12.99000,13.090000
2022-11-13 00:00:00,13.090000,13.34000,13.020000,13.30000
2022-11-13 04:00:00,13.31000,13.36000,12.88000,12.99000
2022-11-13 08:00:00,12.99000,13.070000,12.70000,13.010000
2022-11-13 12:00:00,13.020000,13.33000,12.95000,13.14000
2022-11-13 16:00:00,13.17000,13.28000,12.95000,13.050000
2022-11-13 20:00:00,13.040000,13.21000,12.75,13.020000
2022-11-14 00:00:00,13.010000,13.10000,12.21000,12.33000
2022-11-14 04:00:00,12.32000,13.28000,12.070000,13.14000
2022-11-14 08:00:00,13.15000,13.55000,13.15000,13.34000
2022-11-14 12:00:00,13.35000,13.60000,13,13.14000
2022-11-14 16:00:00,13.14000,13.17000,12.83000,12.85000
2022-11-14 20:00:00,12.86000,13.18000,12.86000,13.13000
2022-11-15 00:00:00,13.12000,13.38000,13.020000,13.30000
2022-11-15 04:00:00,13.31000,13.33000,13.080000,13.33000
2022-11-15 08:00:00,13.33000,13.48000,13.28000,13.37000
2022-11-15 12:00:00,13.37000,13.70000,13.34000,13.55000
2022-11-15 16:00:00,13.55000,14,13.36000,13.62000
2022-11-15 20:00:00,13.64000,13.66000,13.44000,13.51000
2022-11-16 00:00:00,13.51000,13.71000,13.41000,13.71000
2022-11-16 04:00:00,13.72000,13.72000,13.44000,13.44000
2022-11-16 08:00:00,13.42000,13.44000,13.18000,13.19000
2022-11-16 12:00:00,13.17000,13.28000,12.91000,12.97000
2022-11-16 16:00:00,12.96000,13.14000,12.86000,13.060000
2022-11-16 20:00:00,13.060000,13.11000,12.98000,13
2022-11-17 00:00:00,13.080000,13.24000,13.080000,13.13000
2022-11-17 04:00:00,13.12000,13.31000,12.96000,13.15000
2022-11-17 08:00:00,13.18000,13.23000,12.98000,13.060000
2022-11-17 12:00:00,13.060000,13.080000,12.65000,12.83000
2022-11-17 16:00:00,12.81000,13.080000,12.81000,12.99000
2022-11-17 20:00:00,13,13.040000,12.96000,13.030000
2022-11-18 04:00:00,13.21000,13.25,13.12000,13.12000
2022-11-18 08:00:00,13.13000,13.20000,13.020000,13.18000
2022-11-18 12:00:00,13.15000,13.23000,13.070000,13.15000
2022-11-18 16:00:00,13.13000,13.20000,12.90000,12.95000
2022-11-18 20:00:00,12.94000,12.97000,12.90000,12.97000
2022-11-19 12:00:00,12.75,12.88000,12.73000,12.83000
2022-11-19 16:00:00,12.84000,12.92000,12.79000,12.83000
2022-11-19 20:00:00,12.83000,12.97000,12.80000,12.89000
2022-11-20 00:00:00,12.89000,13.040000,12.87000,12.97000
2022-11-20 04:00:00,12.97000,13.14000,12.97000,13.020000
2022-11-20 08:00:00,13.030000,13.030000,12.57000,12.62000
2022-11-20 12:00:00,12.60000,12.81000,12.58000,12.73000
2022-11-20 16:00:00,12.74000,12.74000,12.48000,12.55000
2022-11-20 20:00:00,12.56000,12.58000,12.090000,12.20000
2022-11-21 00:00:00,12.18000,12.19000,11.74000,11.87000
2022-11-21 04:00:00,11.86000,12.10000,11.86000,11.90000
2022-11-21 08:00:00,11.90000,11.99000,11.80000,11.87000
2022-11-21 12:00:00,11.86000,12.090000,11.84000,12.030000
2022-11-21 16:00:00,12.020000,12.060000,11.60000,11.71000
2022-11-21 20:00:00,11.73000,11.97000,11.69000,11.83000
2022-11-22 00:00:00,11.83000,12.050000,11.77000,11.88000
2022-11-22 04:00:00,11.88000,11.89000,11.5,11.64000
2022-11-22 08:00:00,11.64000,11.64000,11.51000,11.53000
2022-11-22 12:00:00,11.52000,12.36000,11.49000,12.32000
2022-11-22 16:00:00,12.31000,12.35000,12.13000,12.23000
2022-11-22 20:00:00,12.22000,12.37000,12.18000,12.36000
2022-11-23 00:00:00,12.36000,12.81000,12.36000,12.77000
2022-11-23 04:00:00,12.79000,12.83000,12.65000,12.74000
2022-11-23 08:00:00,12.73000,12.88000,12.68000,12.80000
2022-11-23 12:00:00,12.80000,12.81000,12.48000,12.54000
2022-11-23 16:00:00,12.56000,12.80000,12.44000,12.71000
2022-11-23 20:00:00,12.73000,13.070000,12.69000,13.070000
2022-11-24 00:00:00,13.080000,13.37000,12.94000,13.36000
2022-11-24 04:00:00,13.36000,13.40000,13.12000,13.12000
2022-11-24 08:00:00,13.12000,13.13000,12.86000,12.90000
2022-11-24 12:00:00,12.92000,12.95000,12.77000,12.86000
2022-11-24 16:00:00,12.86000,12.95000,12.81000,12.88000
2022-11-24 20:00:00,12.87000,12.97000,12.86000,12.96000
2022-11-25 00:00:00,12.94000,12.95000,12.56000,12.61000
2022-11-25 04:00:00,12.61000,12.73000,12.53000,12.72000
2022-11-25 08:00:00,12.72000,12.85000,12.61000,12.81000
2022-11-25 12:00:00,12.82000,13.040000,12.74000,12.84000
2022-11-25 16:00:00,12.84000,12.95000,12.73000,12.90000
2022-11-25 20:00:00,12.89000,12.97000,12.81000,12.81000
2022-11-26 00:00:00,12.83000,13.22000,12.82000,13.010000
2022-11-26 04:00:00,13.010000,13.030000,12.87000,12.93000
2022-11-26 08:00:00,12.93000,13.11000,12.92000,13.060000
2022-11-26 12:00:00,13.060000,13.16000,12.93000,12.98000
2022-11-26 16:00:00,12.98000,13.050000,12.71000,12.77000
2022-11-26 20:00:00,12.76000,12.81000,12.63000,12.75
2022-11-27 00:00:00,12.76000,12.94000,12.70000,12.90000
2022-11-27 04:00:00,12.91000,13.010000,12.90000,12.93000
2022-11-27 08:00:00,12.93000,13.030000,12.90000,12.98000
2022-11-27 12:00:00,12.99000,13.21000,12.98000,13.18000
2022-11-27 16:00:00,13.20000,13.25,13.090000,13.19000
2022-11-27 20:00:00,13.19000,13.23000,12.86000,12.86000
2022-11-28 00:00:00,12.86000,12.99000,11.99000,12.24000
2022-11-28 04:00:00,12.21000,12.36000,12.17000,12.36000
2022-11-28 08:00:00,12.37000,12.39000,12.26000,12.29000
2022-11-28 12:00:00,12.29000,12.46000,12.21000,12.24000
2022-11-28 16:00:00,12.25,12.60000,12.12000,12.39000
2022-11-28 20:00:00,12.40000,12.51000,12.38000,12.45000
2022-11-29 00:00:00,12.45000,12.49000,12.30000,12.35000
2022-11-29 04:00:00,12.36000,12.56000,12.35000,12.49000
2022-11-29 08:00:00,12.5,12.72000,12.5,12.63000
2022-11-29 12:00:00,12.63000,12.64000,12.43000,12.48000
2022-11-29 16:00:00,12.48000,12.49000,12.36000,12.43000
2022-11-29 20:00:00,12.43000,12.56000,12.40000,12.47000
2022-11-30 00:00:00,12.47000,13.10000,12.47000,12.69000
2022-11-30 04:00:00,12.71000,13.060000,12.71000,13.020000
2022-11-30 08:00:00,13.040000,13.16000,12.86000,12.96000
2022-11-30 12:00:00,12.98000,12.98000,12.78000,12.84000
2022-11-30 16:00:00,12.85000,13.030000,12.56000,12.93000
2022-11-30 20:00:00,12.94000,13.19000,12.91000,13.15000
2022-12-01 00:00:00,13.15000,13.31000,13.040000,13.14000
2022-12-01 04:00:00,13.15000,13.19000,13.010000,13.010000
2022-12-01 08:00:00,13,13.080000,12.99000,13.070000
2022-12-01 12:00:00,13.090000,13.13000,12.89000,13.070000
2022-12-01 16:00:00,13.070000,13.080000,12.90000,12.93000
2022-12-01 20:00:00,12.93000,12.97000,12.81000,12.90000
2022-12-02 00:00:00,12.91000,13.070000,12.80000,12.94000
2022-12-02 04:00:00,12.94000,13.070000,12.85000,13.060000
2022-12-02 08:00:00,13.050000,13.22000,13.050000,13.16000
2022-12-02 12:00:00,13.16000,13.24000,12.94000,13.13000
2022-12-02 16:00:00,13.13000,13.40000,13.050000,13.39000
2022-12-02 20:00:00,13.37000,13.64000,13.35000,13.59000
2022-12-03 00:00:00,13.60000,13.72000,13.47000,13.47000
2022-12-03 04:00:00,13.47000,13.52000,13.32000,13.38000
2022-12-03 08:00:00,13.5,13.5,13.5,13.5
2022-12-03 12:00:00,13.51000,13.65000,13.49000,13.60000
2022-12-03 16:00:00,13.58000,13.87000,13.58000,13.85000
2022-12-03 20:00:00,13.83000,13.83000,13.40000,13.40000
2022-12-04 00:00:00,13.41000,13.78000,13.40000,13.64000
2022-12-04 04:00:00,13.66000,13.76000,13.60000,13.72000
2022-12-04 08:00:00,13.74000,13.77000,13.57000,13.61000
2022-12-04 12:00:00,13.61000,13.76000,13.61000,13.71000
2022-12-04 16:00:00,13.71000,13.73000,13.58000,13.69000
2022-12-04 20:00:00,13.69000,13.94000,13.69000,13.93000
2022-12-05 00:00:00,13.94000,14.18000,13.85000,14.14000
2022-12-05 04:00:00,14.15000,14.31000,14.10000,14.17000
2022-12-05 08:00:00,14.20000,14.32000,14.12000,14.16000
2022-12-05 12:00:00,14.16000,14.16000,13.72000,13.80000
2022-12-05 16:00:00,13.80000,13.85000,13.47000,13.54000
2022-12-05 20:00:00,13.51000,13.62000,13.51000,13.60000
2022-12-06 00:00:00,13.60000,13.68000,13.55000,13.61000
2022-12-06 04:00:00,13.61000,13.64000,13.5,13.64000
2022-12-06 08:00:00,13.64000,13.68000,13.48000,13.57000
2022-12-06 12:00:00,13.58000,13.63000,13.47000,13.60000
2022-12-06 16:00:00,13.60000,13.62000,13.48000,13.53000
2022-12-06 20:00:00,13.51000,13.68000,13.48000,13.68000
2022-12-07 00:00:00,13.68000,13.69000,13.54000,13.56000
2022-12-07 04:00:00,13.56000,13.60000,13.010000,13.030000
2022-12-07 08:00:00,13.040000,13.26000,13,13.19000
2022-12-07 12:00:00,13.19000,13.30000,13.17000,13.23000
2022-12-07 16:00:00,13.23000,13.26000,13.15000,13.21000
2022-12-07 20:00:00,13.20000,13.29000,13.14000,13.28000
2022-12-08 00:00:00,13.28000,13.33000,13.23000,13.28000
2022-12-08 04:00:00,13.28000,13.29000,13.16000,13.26000
2022-12-08 08:00:00,13.26000,13.28000,13.060000,13.18000
2022-12-08 12:00:00,13.19000,13.27000,13.16000,13.26000
2022-12-08 16:00:00,13.28000,13.49000,13.24000,13.48000
2022-12-08 20:00:00,13.49000,13.51000,13.37000,13.42000
2022-12-09 00:00:00,13.43000,13.5,13.40000,13.41000
2022-12-09 04:00:00,13.42000,13.53000,13.41000,13.5
2022-12-09 08:00:00,13.49000,13.60000,13.45000,13.54000
2022-12-09 12:00:00,13.54000,13.61000,13.37000,13.54000
2022-12-09 16:00:00,13.54000,13.55000,13.40000,13.43000
2022-12-09 20:00:00,13.43000,13.48000,13.36000,13.46000
2022-12-10 00:00:00,13.46000,13.46000,13.34000,13.39000
2022-12-10 04:00:00,13.39000,13.46000,13.37000,13.42000
2022-12-10 08:00:00,13.43000,13.44000,13.36000,13.41000
2022-12-10 12:00:00,13.42000,13.5,13.38000,13.5
2022-12-10 16:00:00,13.49000,13.58000,13.45000,13.53000
2022-12-10 20:00:00,13.53000,13.57000,13.46000,13.5
2022-12-11 00:00:00,13.49000,13.5,13.44000,13.45000
2022-12-11 04:00:00,13.45000,13.46000,13.41000,13.42000
2022-12-11 08:00:00,13.41000,13.44000,13.37000,13.43000
2022-12-11 12:00:00,13.44000,13.45000,13.42000,13.43000
2022-12-11 16:00:00,13.44000,13.5,13.41000,13.42000
2022-12-11 20:00:00,13.42000,13.43000,12.94000,12.98000
2022-12-12 00:00:00,12.99000,13,12.54000,12.70000
2022-12-12 04:00:00,12.70000,12.77000,12.70000,12.73000
2022-12-12 08:00:00,12.73000,12.87000,12.71000,12.85000
2022-12-12 12:00:00,12.85000,12.85000,12.69000,12.77000
2022-12-12 16:00:00,12.78000,12.85000,12.71000,12.85000
2022-12-12 20:00:00,12.84000,13.050000,12.82000,13
2022-12-13 00:00:00,13.010000,13.040000,12.83000,12.84000
2022-12-13 04:00:00,12.85000,12.95000,12.57000,12.72000
2022-12-13 08:00:00,12.71000,13.17000,12.68000,13.17000
2022-12-13 12:00:00,13.16000,14.13000,13.020000,13.82000
2022-12-13 16:00:00,13.81000,13.86000,13.49000,13.52000
2022-12-13 20:00:00,13.51000,13.78000,13.5,13.76000
2022-12-14 00:00:00,13.76000,13.85000,13.73000,13.77000
2022-12-14 04:00:00,13.78000,13.81000,13.64000,13.69000
2022-12-14 08:00:00,13.68000,13.81000,13.60000,13.75
2022-12-14 12:00:00,13.77000,14.020000,13.71000,14.020000
2022-12-14 16:00:00,14.010000,14.17000,13.60000,13.65000
2022-12-14 20:00:00,13.64000,13.82000,13.58000,13.71000
2022-12-15 00:00:00,13.73000,13.88000,13.48000,13.81000
2022-12-15 04:00:00,13.82000,13.82000,13.56000,13.56000
2022-12-15 08:00:00,13.56000,13.65000,13.46000,13.63000
2022-12-15 12:00:00,13.62000,13.62000,13.44000,13.48000
2022-12-15 16:00:00,13.48000,13.48000,13.17000,13.30000
2022-12-15 20:00:00,13.31000,13.31000,13.10000,13.17000
2022-12-16 00:00:00,13.15000,13.29000,13.080000,13.24000
2022-12-16 04:00:00,13.24000,13.28000,13.12000,13.25
2022-12-16 08:00:00,13.25,13.27000,12.60000,12.72000
2022-12-16 12:00:00,12.70000,12.74000,12.48000,12.54000
2022-12-16 16:00:00,12.54000,12.55000,12.36000,12.55000
2022-12-16 20:00:00,12.55000,12.62000,11.60000,11.84000
2022-12-17 00:00:00,11.82000,11.92000,11.53000,11.78000
2022-12-17 04:00:00,11.78000,11.97000,11.71000,11.97000
2022-12-17 08:00:00,11.94000,11.98000,11.85000,11.89000
2022-12-17 12:00:00,11.89000,11.91000,11.82000,11.91000
2022-12-17 16:00:00,11.91000,11.91000,11.79000,11.81000
2022-12-17 20:00:00,11.81000,11.98000,11.79000,11.96000
2022-12-18 00:00:00,11.96000,11.98000,11.88000,11.96000
2022-12-18 04:00:00,11.97000,12.020000,11.88000,11.90000
2022-12-18 08:00:00,11.90000,11.92000,11.80000,11.88000
2022-12-18 12:00:00,11.88000,11.93000,11.83000,11.84000
2022-12-18 16:00:00,11.83000,11.96000,11.82000,11.94000
2022-12-18 20:00:00,11.94000,12.010000,11.88000,11.91000
2022-12-19 00:00:00,11.94000,12.090000,11.74000,11.80000
2022-12-19 04:00:00,11.80000,11.89000,11.80000,11.83000
2022-12-19 08:00:00,11.84000,12.070000,11.84000,11.97000
2022-12-19 12:00:00,11.98000,12,11.88000,11.90000
2022-12-19 16:00:00,11.88000,11.93000,11.61000,11.69000
2022-12-19 20:00:00,11.69000,11.72000,11.24000,11.40000
2022-12-20 00:00:00,11.39000,11.79000,11.35000,11.73000
2022-12-20 04:00:00,11.73000,12,11.71000,11.94000
2022-12-20 08:00:00,11.93000,12.010000,11.89000,11.95000
2022-12-20 12:00:00,11.98000,12.030000,11.80000,11.94000
2022-12-20 16:00:00,11.94000,11.95000,11.82000,11.93000
2022-12-20 20:00:00,11.94000,12,11.88000,11.95000
2022-12-21 00:00:00,11.96000,11.98000,11.74000,11.78000
2022-12-21 04:00:00,11.78000,11.82000,11.70000,11.80000
2022-12-21 08:00:00,11.79000,11.89000,11.74000,11.89000
2022-12-21 12:00:00,11.88000,11.89000,11.79000,11.86000
2022-12-21 16:00:00,11.86000,11.87000,11.71000,11.71000
2022-12-21 20:00:00,11.71000,11.73000,11.63000,11.70000
2022-12-22 00:00:00,11.71000,11.79000,11.67000,11.73000
2022-12-22 04:00:00,11.74000,11.74000,11.62000,11.67000
2022-12-22 08:00:00,11.69000,11.77000,11.65000,11.72000
2022-12-22 12:00:00,11.73000,11.75,11.47000,11.49000
2022-12-22 16:00:00,11.5,11.63000,11.48000,11.63000
2022-12-22 20:00:00,11.63000,11.85000,11.62000,11.85000
2022-12-23 00:00:00,11.86000,11.88000,11.76000,11.84000
2022-12-23 04:00:00,11.86000,11.88000,11.80000,11.80000
2022-12-23 08:00:00,11.80000,11.85000,11.75,11.81000
2022-12-23 12:00:00,11.82000,11.86000,11.73000,11.81000
2022-12-23 16:00:00,11.81000,11.84000,11.77000,11.80000
2022-12-23 20:00:00,11.80000,11.81000,11.73000,11.78000
2022-12-24 00:00:00,11.78000,11.82000,11.77000,11.82000
2022-12-24 04:00:00,11.82000,11.83000,11.70000,11.72000
2022-12-24 08:00:00,11.72000,11.72000,11.66000,11.70000
2022-12-24 12:00:00,11.69000,11.71000,11.67000,11.69000
2022-12-24 16:00:00,11.69000,11.71000,11.65000,11.70000
2022-12-24 20:00:00,11.70000,11.70000,11.65000,11.67000
2022-12-25 00:00:00,11.68000,11.73000,11.65000,11.66000
2022-12-25 04:00:00,11.67000,11.67000,11.61000,11.63000
2022-12-25 08:00:00,11.62000,11.63000,11.54000,11.59000
2022-12-25 12:00:00,11.59000,11.64000,11.52000,11.56000
2022-12-25 16:00:00,11.54000,11.61000,11.52000,11.61000
2022-12-25 20:00:00,11.61000,11.73000,11.57000,11.68000
2022-12-26 00:00:00,11.68000,11.77000,11.61000,11.75
2022-12-26 04:00:00,11.77000,11.78000,11.67000,11.68000
2022-12-26 08:00:00,11.68000,11.74000,11.66000,11.72000
2022-12-26 12:00:00,11.73000,11.76000,11.59000,11.62000
2022-12-26 16:00:00,11.61000,11.64000,11.57000,11.63000
2022-12-26 20:00:00,11.62000,11.74000,11.58000,11.72000
2022-12-27 00:00:00,11.73000,11.75,11.66000,11.70000
2022-12-27 04:00:00,11.72000,11.73000,11.68000,11.71000
2022-12-27 08:00:00,11.71000,11.79000,11.67000,11.72000
2022-12-27 12:00:00,11.73000,11.79000,11.64000,11.71000
2022-12-27 16:00:00,11.71000,11.73000,11.56000,11.62000
2022-12-27 20:00:00,11.63000,11.66000,11.59000,11.64000
2022-12-28 00:00:00,11.65000,11.66000,11.36000,11.44000
2022-12-28 04:00:00,11.44000,11.45000,11.14000,11.31000
2022-12-28 08:00:00,11.30000,11.41000,11.27000,11.37000
2022-12-28 12:00:00,11.36000,11.48000,11.29000,11.29000
2022-12-28 16:00:00,11.29000,11.37000,11.28000,11.30000
2022-12-28 20:00:00,11.31000,11.32000,11.11000,11.21000
2022-12-29 00:00:00,11.21000,11.22000,11,11.18000
2022-12-29 04:00:00,11.19000,11.21000,11.15000,11.19000
2022-12-29 08:00:00,11.19000,11.21000,11.060000,11.15000
2022-12-29 12:00:00,11.15000,11.21000,11.12000,11.12000
2022-12-29 16:00:00,11.12000,11.18000,10.99000,11.030000
2022-12-29 20:00:00,11.010000,11.020000,10.63000,10.98000
2022-12-30 00:00:00,10.97000,10.97000,10.82000,10.88000
2022-12-30 04:00:00,10.87000,10.95000,10.71000,10.77000
2022-12-30 08:00:00,10.75,10.80000,10.68000,10.72000
2022-12-30 12:00:00,10.72000,10.80000,10.63000,10.77000
2022-12-30 16:00:00,10.77000,10.88000,10.75,10.85000
2022-12-30 20:00:00,10.86000,10.95000,10.81000,10.87000
2022-12-31 00:00:00,10.87000,10.91000,10.84000,10.86000
2022-12-31 04:00:00,10.87000,10.97000,10.86000,10.92000
2022-12-31 08:00:00,10.93000,10.98000,10.92000,10.94000
2022-12-31 12:00:00,10.94000,11.050000,10.93000,10.97000
2022-12-31 16:00:00,10.97000,11,10.95000,10.98000
2022-12-31 20:00:00,10.99000,11,10.84000,10.90000
2023-01-01 00:00:00,10.90000,10.91000,10.80000,10.82000
2023-01-01 04:00:00,10.82000,10.82000,10.68000,10.72000
2023-01-01 08:00:00,10.70000,10.76000,10.65000,10.76000
2023-01-01 12:00:00,10.76000,10.78000,10.72000,10.77000
2023-01-01 16:00:00,10.77000,10.91000,10.74000,10.89000
2023-01-01 20:00:00,10.90000,10.94000,10.85000,10.87000
2023-01-02 00:00:00,10.87000,10.90000,10.72000,10.85000
2023-01-02 04:00:00,10.85000,11.25,10.83000,11.13000
2023-01-02 08:00:00,11.12000,11.19000,11.11000,11.14000
2023-01-02 12:00:00,11.15000,11.21000,11.11000,11.18000
2023-01-02 16:00:00,11.20000,11.21000,11.13000,11.19000
2023-01-02 20:00:00,11.20000,11.23000,11.11000,11.16000
2023-01-03 00:00:00,11.16000,11.19000,11.070000,11.14000
2023-01-03 04:00:00,11.15000,11.35000,11.14000,11.28000
2023-01-03 08:00:00,11.28000,11.36000,11.17000,11.28000
2023-01-03 12:00:00,11.29000,11.44000,11.26000,11.41000
2023-01-03 16:00:00,11.41000,11.55000,11.26000,11.31000
2023-01-03 20:00:00,11.30000,11.39000,11.30000,11.38000
2023-01-04 00:00:00,11.38000,11.86000,11.36000,11.83000
2023-01-04 04:00:00,11.84000,11.95000,11.73000,11.91000
2023-01-04 08:00:00,11.91000,11.95000,11.73000,11.77000
2023-01-04 12:00:00,11.78000,12.11000,11.77000,12.11000
2023-01-04 16:00:00,12.090000,12.29000,11.96000,12.13000
2023-01-04 20:00:00,12.13000,12.13000,11.95000,12.080000
2023-01-05 00:00:00,12.080000,12.14000,11.96000,12.10000
2023-01-05 04:00:00,12.11000,12.16000,11.96000,11.99000
2023-01-05 08:00:00,11.99000,12.010000,11.81000,11.89000
2023-01-05 12:00:00,11.89000,11.91000,11.75,11.77000
2023-01-05 16:00:00,11.77000,11.85000,11.71000,11.84000
2023-01-05 20:00:00,11.83000,11.85000,11.69000,11.74000
2023-01-06 00:00:00,11.74000,11.81000,11.69000,11.69000
2023-01-06 04:00:00,11.69000,11.70000,11.49000,11.53000
2023-01-06 08:00:00,11.53000,11.59000,11.41000,11.46000
2023-01-06 12:00:00,11.46000,11.60000,11.36000,11.60000
2023-01-06 16:00:00,11.60000,11.75,11.54000,11.75
2023-01-06 20:00:00,11.76000,11.82000,11.65000,11.78000
2023-01-07 00:00:00,11.78000,11.86000,11.75,11.81000
2023-01-07 04:00:00,11.81000,11.84000,11.74000,11.81000
2023-01-07 08:00:00,11.82000,11.84000,11.70000,11.73000
2023-01-07 12:00:00,11.72000,11.74000,11.69000,11.72000
2023-01-07 16:00:00,11.72000,11.77000,11.65000,11.76000
2023-01-07 20:00:00,11.77000,11.77000,11.68000,11.73000
2023-01-08 00:00:00,11.75,11.76000,11.59000,11.67000
2023-01-08 04:00:00,11.68000,11.74000,11.66000,11.72000
2023-01-08 08:00:00,11.72000,11.86000,11.72000,11.80000
2023-01-08 12:00:00,11.80000,11.96000,11.78000,11.95000
2023-01-08 16:00:00,11.96000,11.96000,11.81000,11.88000
2023-01-08 20:00:00,11.88000,12.15000,11.88000,12.080000
2023-01-09 00:00:00,12.11000,12.61000,12.090000,12.51000
2023-01-09 04:00:00,12.52000,12.56000,12.41000,12.46000
2023-01-09 08:00:00,12.48000,12.57000,12.30000,12.40000
2023-01-09 12:00:00,12.41000,12.63000,12.29000,12.55000
2023-01-09 16:00:00,12.56000,12.64000,12.32000,12.32000
2023-01-09 20:00:00,12.32000,12.35000,12.10000,12.19000
2023-01-10 00:00:00,12.19000,12.39000,12.030000,12.31000
2023-01-10 04:00:00,12.32000,12.41000,12.26000,12.32000
2023-01-10 08:00:00,12.33000,12.54000,12.30000,12.47000
2023-01-10 12:00:00,12.46000,12.94000,12.35000,12.70000
2023-01-10 16:00:00,12.71000,12.82000,12.59000,12.79000
2023-01-10 20:00:00,12.81000,12.81000,12.65000,12.72000
2023-01-11 00:00:00,12.73000,12.77000,12.41000,12.46000
2023-01-11 04:00:00,12.45000,12.55000,12.39000,12.54000
2023-01-11 08:00:00,12.54000,12.56000,12.42000,12.5
2023-01-11 12:00:00,12.48000,12.58000,12.29000,12.47000
2023-01-11 16:00:00,12.44000,14.95000,12.39000,14.62000
2023-01-11 20:00:00,14.51000,15.96000,14.33000,15.86000
2023-01-12 00:00:00,15.79000,16.40000,15.60000,15.93000
2023-01-12 04:00:00,16.010000,16.13000,15.23000,15.39000
2023-01-12 08:00:00,15.35000,15.52000,15.070000,15.21000
2023-01-12 12:00:00,15.20000,15.64000,14.78000,14.99000
2023-01-12 16:00:00,14.96000,15.65000,14.87000,15.33000
2023-01-12 20:00:00,15.33000,15.47000,15.21000,15.44000
2023-01-13 00:00:00,15.41000,15.45000,14.99000,15.45000
2023-01-13 04:00:00,15.42000,15.64000,15.22000,15.52000
2023-01-13 08:00:00,15.54000,16.31000,15.46000,15.62000
2023-01-13 12:00:00,15.61000,15.76000,15.36000,15.65000
2023-01-13 16:00:00,15.65000,15.70000,15.37000,15.65000
2023-01-13 20:00:00,15.64000,16.58000,15.63000,15.96000
2023-01-14 00:00:00,15.93000,17.040001,15.90000,16.81000
2023-01-14 04:00:00,16.83000,17.94000,16.53000,17.52000
2023-01-14 08:00:00,17.54000,18.43000,16.040001,16.99000
2023-01-14 12:00:00,16.99000,17.36000,16.74000,17.020000
2023-01-14 16:00:00,17.020000,17.059999,16.72000,16.74000
2023-01-14 20:00:00,16.74000,17.059999,16.63000,16.95000
2023-01-15 00:00:00,16.94000,17.010000,16.26000,16.51000
2023-01-15 04:00:00,16.51000,16.60000,16.14000,16.35000
2023-01-15 08:00:00,16.35000,16.45000,16.020000,16.44000
2023-01-15 12:00:00,16.38000,17.049999,16.29000,17.049999
2023-01-15 16:00:00,16.98000,17.070000,16.53000,16.79000
2023-01-15 20:00:00,16.81000,16.95000,16.68000,16.80000
2023-01-16 00:00:00,16.81000,17.29000,16.58000,16.80000
2023-01-16 04:00:00,16.82000,17.20000,16.78000,16.96000
2023-01-16 08:00:00,16.96000,16.96000,16.17000,16.51000
2023-01-16 12:00:00,16.5,16.62000,16.15000,16.56000
2023-01-16 16:00:00,16.58000,16.90000,16.47000,16.81000
2023-01-16 20:00:00,16.81000,16.89000,16.64000,16.74000
2023-01-17 00:00:00,16.73000,17.32000,16.59000,16.88000
2023-01-17 04:00:00,16.90000,17.030001,16.76000,16.86000
2023-01-17 08:00:00,16.85000,17.030001,16.79000,16.92000
2023-01-17 12:00:00,16.93000,18.18000,16.71000,17.75
2023-01-17 16:00:00,17.73000,17.73000,17.34000,17.61000
2023-01-17 20:00:00,17.61000,17.69000,17.020000,17.13000
2023-01-18 00:00:00,17.18000,17.36000,16.98000,17.26000
2023-01-18 04:00:00,17.28000,17.41000,17.11000,17.17000
2023-01-18 08:00:00,17.18000,17.18000,16.78000,16.87000
2023-01-18 12:00:00,16.86000,17.29000,16.020000,16.32000
2023-01-18 16:00:00,16.22000,16.62000,15.78000,16.35000
2023-01-18 20:00:00,16.37000,16.41000,15.73000,15.84000
2023-01-19 00:00:00,15.84000,15.93000,15.72000,15.86000
2023-01-19 04:00:00,15.86000,16.11000,15.86000,15.88000
2023-01-19 08:00:00,15.90000,16.28000,15.87000,15.94000
2023-01-19 12:00:00,15.94000,16.10000,15.71000,15.94000
2023-01-19 16:00:00,15.94000,16.19000,15.81000,16.14000
2023-01-19 20:00:00,16.16000,16.28000,16.070000,16.19000
2023-01-20 00:00:00,16.19000,16.27000,16.030001,16.16000
2023-01-20 04:00:00,16.14000,16.25,15.89000,15.96000
2023-01-20 08:00:00,15.95000,16.020000,15.86000,15.99000
2023-01-20 12:00:00,15.98000,16.26000,15.96000,16.18000
2023-01-20 16:00:00,16.18000,16.74000,16.17000,16.73000
2023-01-20 20:00:00,16.77000,17.55000,16.77000,17.51000
2023-01-21 00:00:00,17.48000,17.57000,17.20000,17.31000
2023-01-21 04:00:00,17.32000,17.45000,17.20000,17.38000
2023-01-21 08:00:00,17.36000,17.75,16.96000,17.21000
2023-01-21 12:00:00,17.21000,17.48000,17.16000,17.23000
2023-01-21 16:00:00,17.30000,17.49000,17.21000,17.40000
2023-01-21 20:00:00,17.40000,17.40000,16.86000,16.87000
2023-01-22 00:00:00,16.89000,17.080000,16.84000,16.95000
2023-01-22 04:00:00,16.95000,17.19000,16.93000,17.13000
2023-01-22 08:00:00,17.17000,17.55000,17.090000,17.36000
2023-01-22 12:00:00,17.41000,18.41000,17.21000,18.10000
2023-01-22 16:00:00,18.14000,18.30000,17.82000,17.84000
2023-01-22 20:00:00,17.83000,17.83000,17.040001,17.34000
2023-01-23 00:00:00,17.38000,18.049999,17.33000,17.94000
2023-01-23 04:00:00,17.96000,18.059999,17.60000,17.65000
2023-01-23 08:00:00,17.66000,17.97000,17.56000,17.89000
2023-01-23 12:00:00,17.89000,17.90000,17.39000,17.52000
2023-01-23 16:00:00,17.51000,17.90000,17.45000,17.65000
2023-01-23 20:00:00,17.66000,18.30000,17.65000,17.98000
2023-01-24 00:00:00,17.97000,18.95000,17.80000,18.71000
2023-01-24 04:00:00,18.69000,18.71000,18.47000,18.56000
2023-01-24 08:00:00,18.57000,18.60000,18.14000,18.19000
2023-01-24 12:00:00,18.21000,18.28000,17.91000,18.24000
2023-01-24 16:00:00,18.26000,18.26000,17.86000,18.059999
2023-01-24 20:00:00,18.059999,18.10000,16.87000,17.010000
2023-01-25 00:00:00,17,17.049999,16.56000,16.98000
2023-01-25 04:00:00,16.98000,17.37000,16.95000,17.31000
2023-01-25 08:00:00,17.32000,17.5,17.13000,17.23000
2023-01-25 12:00:00,17.24000,17.73000,17.13000,17.33000
2023-01-25 16:00:00,17.33000,17.55000,17.20000,17.55000
2023-01-25 20:00:00,17.55000,18.23000,17.54000,17.78000
2023-01-26 00:00:00,17.80000,18.059999,17.79000,18
2023-01-26 04:00:00,18.020000,18.44000,17.95000,18.080000
2023-01-26 08:00:00,18.11000,18.23000,17.79000,17.93000
2023-01-26 12:00:00,17.94000,18.77000,17.88000,18.049999
2023-01-26 16:00:00,18.080000,18.23000,17.89000,18.030001
2023-01-26 20:00:00,18.030001,18.26000,17.94000,18.10000
2023-01-27 00:00:00,18.12000,18.24000,17.57000,17.82000
2023-01-27 04:00:00,17.83000,18.17000,17.81000,18.17000
2023-01-27 08:00:00,18.18000,18.18000,17.95000,17.99000
2023-01-27 12:00:00,17.96000,18.16000,17.79000,18.090000
2023-01-27 16:00:00,18.070000,19.10000,18.070000,19.10000
2023-01-27 20:00:00,19.20000,21.61000,19.20000,21.20000
2023-01-28 00:00:00,21.24000,21.72000,20.5,21.010000
2023-01-28 04:00:00,21.010000,21.15000,20.44000,20.54000
2023-01-28 08:00:00,20.54000,20.55000,20.26000,20.45000
2023-01-28 12:00:00,20.46000,20.83000,20.10000,20.56000
2023-01-28 16:00:00,20.55000,21.030001,20.52000,20.81000
2023-01-28 20:00:00,20.83000,20.83000,20.42000,20.58000
2023-01-29 00:00:00,20.52000,20.81000,20.26000,20.30000
2023-01-29 04:00:00,20.31000,20.67000,20.16000,20.37000
2023-01-29 08:00:00,20.37000,20.69000,20.36000,20.64000
2023-01-29 12:00:00,20.66000,20.83000,20.43000,20.59000
2023-01-29 16:00:00,20.57000,21.12000,20.48000,20.99000
2023-01-29 20:00:00,20.98000,21.16000,20.65000,21.030001
2023-01-30 00:00:00,20.97000,21.080000,20.37000,20.67000
2023-01-30 04:00:00,20.67000,20.83000,20.60000,20.73000
2023-01-30 08:00:00,20.72000,21.28000,19.74000,20
2023-01-30 12:00:00,19.97000,20.56000,19.88000,20.42000
2023-01-30 16:00:00,20.47000,21.19000,20.059999,20.25
2023-01-30 20:00:00,20.24000,20.32000,19.35000,19.74000
2023-01-31 00:00:00,19.74000,19.74000,19.37000,19.67000
2023-01-31 04:00:00,19.62000,19.82000,19.47000,19.82000
2023-01-31 08:00:00,19.81000,19.81000,19.35000,19.49000
2023-01-31 12:00:00,19.5,20.040001,19.42000,19.97000
2023-01-31 16:00:00,19.99000,20.14000,19.86000,20.049999
2023-01-31 20:00:00,20.049999,20.14000,19.64000,19.81000
2023-02-01 00:00:00,19.83000,19.93000,19.49000,19.65000
2023-02-01 04:00:00,19.64000,19.71000,19.059999,19.26000
2023-02-01 08:00:00,19.24000,19.27000,18.93000,19.17000
2023-02-01 12:00:00,19.17000,19.29000,18.74000,18.83000
2023-02-01 16:00:00,18.83000,20.070000,18.75,19.88000
2023-02-01 20:00:00,19.97000,20.99000,19.96000,20.95000
2023-02-02 00:00:00,20.98000,22.39000,20.98000,22.14000
2023-02-02 04:00:00,22.17000,22.29000,21.61000,21.74000
2023-02-02 08:00:00,21.74000,22.21000,21.69000,21.86000
2023-02-02 12:00:00,21.86000,22.76000,21.85000,22.16000
2023-02-02 16:00:00,22.28000,22.31000,21.81000,21.94000
2023-02-02 20:00:00,21.93000,22.32000,21.070000,21.17000
2023-02-03 00:00:00,21.26000,21.33000,20.88000,21.13000
2023-02-03 04:00:00,21.14000,21.33000,20.97000,21.049999
2023-02-03 08:00:00,21.049999,21.35000,20.93000,21.33000
2023-02-03 12:00:00,21.35000,21.87000,20.82000,21.64000
2023-02-03 16:00:00,21.64000,21.77000,21.18000,21.21000
2023-02-03 20:00:00,21.20000,21.43000,21.070000,21.35000
2023-02-04 00:00:00,21.34000,21.47000,21.13000,21.16000
2023-02-04 04:00:00,21.17000,21.22000,20.98000,21.20000
2023-02-04 08:00:00,21.22000,21.32000,21.070000,21.25
2023-02-04 12:00:00,21.25,21.67000,21.21000,21.32000
2023-02-04 16:00:00,21.33000,21.34000,21.12000,21.26000
2023-02-04 20:00:00,21.25,21.36000,20.92000,21.049999
2023-02-05 00:00:00,21,21.13000,20.82000,20.91000
2023-02-05 04:00:00,20.92000,21.070000,20.89000,20.96000
2023-02-05 08:00:00,20.96000,21.070000,20.88000,20.90000
2023-02-05 12:00:00,20.88000,20.95000,19.94000,20.28000
2023-02-05 16:00:00,20.28000,20.34000,19.85000,19.95000
2023-02-05 20:00:00,19.92000,20.21000,19.72000,20.080000
2023-02-06 00:00:00,20.090000,20.24000,19.88000,19.98000
2023-02-06 04:00:00,19.97000,20.070000,19.66000,20.030001
2023-02-06 08:00:00,20.030001,20.080000,19.83000,20.030001
2023-02-06 12:00:00,20.059999,20.36000,19.93000,20.29000
2023-02-06 16:00:00,20.35000,20.42000,20.14000,20.30000
2023-02-06 20:00:00,20.29000,20.30000,19.51000,19.54000
2023-02-07 00:00:00,19.57000,20.030001,19.53000,19.98000
2023-02-07 04:00:00,20,20.090000,19.95000,19.96000
2023-02-07 08:00:00,19.98000,20.26000,19.91000,20.16000
2023-02-07 12:00:00,20.16000,20.23000,19.93000,20.010000
2023-02-07 16:00:00,20.010000,20.46000,19.77000,20.23000
2023-02-07 20:00:00,20.27000,20.97000,20.17000,20.85000
2023-02-08 00:00:00,20.85000,21.010000,20.67000,20.77000
2023-02-08 04:00:00,20.79000,20.84000,20.53000,20.63000
2023-02-08 08:00:00,20.63000,20.64000,20.40000,20.63000
2023-02-08 12:00:00,20.65000,20.76000,20.070000,20.080000
2023-02-08 16:00:00,20.070000,20.20000,19.67000,19.97000
2023-02-08 20:00:00,19.95000,20.14000,19.77000,20.11000
2023-02-09 00:00:00,20.12000,20.24000,19.14000,19.27000
2023-02-09 04:00:00,19.25,19.78000,19.16000,19.67000
2023-02-09 08:00:00,19.70000,19.84000,19.66000,19.70000
2023-02-09 12:00:00,19.70000,19.93000,19.57000,19.60000
2023-02-09 16:00:00,19.58000,19.65000,18.33000,18.57000
2023-02-09 20:00:00,18.51000,18.60000,17.61000,17.91000
2023-02-10 00:00:00,17.87000,17.97000,17.72000,17.76000
2023-02-10 04:00:00,17.78000,18.17000,17.54000,18.16000
2023-02-10 08:00:00,18.18000,18.23000,17.89000,17.89000
2023-02-10 12:00:00,17.93000,18.16000,17.80000,17.91000
2023-02-10 16:00:00,17.90000,18.15000,17.72000,18.13000
2023-02-10 20:00:00,18.12000,18.15000,17.64000,17.79000
2023-02-11 00:00:00,17.77000,17.88000,17.68000,17.88000
2023-02-11 04:00:00,17.87000,17.89000,17.71000,17.83000
2023-02-11 08:00:00,17.82000,17.83000,17.69000,17.82000
2023-02-11 12:00:00,17.81000,18.059999,17.76000,17.98000
2023-02-11 16:00:00,17.98000,17.98000,17.72000,17.80000
2023-02-11 20:00:00,17.77000,18.090000,17.76000,18.010000
2023-02-12 00:00:00,18.010000,18.040001,17.83000,17.87000
2023-02-12 04:00:00,17.85000,17.98000,17.79000,17.95000
2023-02-12 08:00:00,17.96000,18.26000,17.95000,18.17000
2023-02-12 12:00:00,18.16000,18.24000,18.020000,18.23000
2023-02-12 16:00:00,18.22000,18.48000,18.22000,18.42000
2023-02-12 20:00:00,18.42000,18.47000,17.54000,17.78000
2023-02-13 00:00:00,17.78000,17.86000,17.21000,17.51000
2023-02-13 04:00:00,17.5,17.78000,17.5,17.77000
2023-02-13 08:00:00,17.78000,17.79000,16.96000,17.29000
2023-02-13 12:00:00,17.28000,17.75,17.26000,17.30000
2023-02-13 16:00:00,17.31000,17.48000,16.86000,17.39000
2023-02-13 20:00:00,17.39000,17.66000,17.25,17.62000
2023-02-14 00:00:00,17.65000,17.68000,17.35000,17.39000
2023-02-14 04:00:00,17.38000,17.56000,17.34000,17.56000
2023-02-14 08:00:00,17.56000,17.69000,17.37000,17.66000
2023-02-14 12:00:00,17.68000,18.27000,17.34000,18.010000
2023-02-14 16:00:00,18,18.12000,17.83000,18.090000
2023-02-14 20:00:00,18.10000,18.18000,17.98000,18.14000
2023-02-15 00:00:00,18.15000,18.17000,17.92000,18.049999
2023-02-15 04:00:00,18.070000,18.10000,17.94000,17.98000
2023-02-15 08:00:00,17.96000,18.36000,17.92000,18.36000
2023-02-15 12:00:00,18.38000,18.65000,18.34000,18.54000
2023-02-15 16:00:00,18.54000,19.19000,18.5,19.19000
2023-02-15 20:00:00,19.19000,19.94000,19.15000,19.94000
2023-02-16 00:00:00,19.94000,20.34000,19.77000,20.040001
2023-02-16 04:00:00,20.059999,20.10000,19.76000,19.88000
2023-02-16 08:00:00,19.85000,19.93000,19.67000,19.71000
2023-02-16 12:00:00,19.69000,20.040001,19.32000,20.040001
2023-02-16 16:00:00,20.030001,20.26000,19.68000,19.91000
2023-02-16 20:00:00,19.92000,19.92000,18.56000,18.59000
2023-02-17 00:00:00,18.56000,19.040001,18.51000,19.010000
2023-02-17 04:00:00,19.010000,19.17000,18.85000,18.95000
2023-02-17 08:00:00,18.95000,19.17000,18.92000,19.11000
2023-02-17 12:00:00,19.10000,19.32000,18.92000,19.19000
2023-02-17 16:00:00,19.21000,19.52000,18.96000,19.48000
2023-02-17 20:00:00,19.49000,19.64000,19.059999,19.47000
2023-02-18 00:00:00,19.45000,20.10000,19.45000,19.65000
2023-02-18 04:00:00,19.67000,19.82000,19.59000,19.63000
2023-02-18 08:00:00,19.61000,19.68000,19.43000,19.54000
2023-02-18 12:00:00,19.53000,19.79000,19.51000,19.73000
2023-02-18 16:00:00,19.74000,19.78000,19.36000,19.43000
2023-02-18 20:00:00,19.45000,19.64000,19.33000,19.55000
2023-02-19 00:00:00,19.54000,19.68000,19.47000,19.55000
2023-02-19 04:00:00,19.55000,19.75,19.54000,19.58000
2023-02-19 08:00:00,19.58000,19.83000,19.55000,19.80000
2023-02-19 12:00:00,19.82000,20.35000,19.81000,20.14000
2023-02-19 16:00:00,20.14000,20.37000,19.58000,19.66000
2023-02-19 20:00:00,19.65000,20,19.37000,19.83000
2023-02-20 00:00:00,19.87000,19.92000,19.10000,19.70000
2023-02-20 04:00:00,19.71000,20.70000,19.69000,20.65000
2023-02-20 08:00:00,20.67000,20.90000,20.31000,20.90000
2023-02-20 12:00:00,20.83000,21.33000,20.73000,21.12000
2023-02-20 16:00:00,21.080000,21.080000,20.77000,20.95000
2023-02-20 20:00:00,20.94000,21.049999,20.75,20.82000
2023-02-21 00:00:00,20.90000,20.96000,20.52000,20.53000
2023-02-21 04:00:00,20.52000,20.83000,20.46000,20.74000
2023-02-21 08:00:00,20.74000,20.87000,20.020000,20.10000
2023-02-21 12:00:00,20.13000,20.61000,19.98000,20.61000
2023-02-21 16:00:00,20.61000,21.63000,20.21000,21.030001
2023-02-21 20:00:00,21.040001,21.27000,20.79000,20.97000
2023-02-22 00:00:00,21,21.53000,20.35000,21.36000
2023-02-22 04:00:00,21.37000,21.37000,20.51000,20.94000
2023-02-22 08:00:00,20.95000,21.11000,19.97000,20.33000
2023-02-22 12:00:00,20.27000,20.44000,19.59000,19.69000
2023-02-22 16:00:00,19.69000,20.19000,19.59000,20
2023-02-22 20:00:00,20.020000,20.37000,19.85000,20.32000
2023-02-23 00:00:00,20.33000,20.69000,20.22000,20.53000
2023-02-23 04:00:00,20.54000,20.70000,20.45000,20.55000
2023-02-23 08:00:00,20.56000,20.71000,19.83000,19.91000
2023-02-23 12:00:00,19.92000,20.27000,19.76000,19.85000
2023-02-23 16:00:00,19.85000,19.87000,19.55000,19.80000
2023-02-23 20:00:00,19.80000,19.86000,19.52000,19.71000
2023-02-24 00:00:00,19.68000,19.82000,19.56000,19.64000
2023-02-24 04:00:00,19.64000,19.72000,19.52000,19.62000
2023-02-24 08:00:00,19.63000,19.65000,19.29000,19.51000
2023-02-24 12:00:00,19.5,19.62000,18.78000,18.86000
2023-02-24 16:00:00,18.83000,18.83000,18.20000,18.43000
2023-02-24 20:00:00,18.41000,18.56000,18.049999,18.38000
2023-02-25 00:00:00,18.37000,18.40000,18.15000,18.16000
2023-02-25 04:00:00,18.17000,18.61000,18.16000,18.24000
2023-02-25 08:00:00,18.24000,18.35000,18.12000,18.22000
2023-02-25 12:00:00,18.21000,18.27000,17.99000,18.14000
2023-02-25 16:00:00,18.13000,18.23000,17.77000,17.83000
2023-02-25 20:00:00,17.84000,17.98000,17.5,17.95000
2023-02-26 00:00:00,17.95000,18.080000,17.83000,18.059999
2023-02-26 04:00:00,18.059999,18.080000,17.96000,18.059999
2023-02-26 08:00:00,18.070000,18.20000,17.98000,18.18000
2023-02-26 12:00:00,18.18000,18.21000,18,18.16000
2023-02-26 16:00:00,18.16000,18.5,18.040001,18.46000
2023-02-26 20:00:00,18.48000,18.57000,18.21000,18.44000
2023-02-27 00:00:00,18.44000,18.44000,18.26000,18.28000
2023-02-27 04:00:00,18.28000,18.30000,18.040001,18.14000
2023-02-27 08:00:00,18.13000,18.19000,17.97000,18.12000
2023-02-27 12:00:00,18.13000,18.63000,18.049999,18.31000
2023-02-27 16:00:00,18.32000,18.37000,17.75,17.90000
2023-02-27 20:00:00,17.87000,17.97000,17.76000,17.93000
2023-02-28 00:00:00,17.93000,17.94000,17.68000,17.81000
2023-02-28 04:00:00,17.82000,17.82000,17.39000,17.39000
2023-02-28 08:00:00,17.39000,17.58000,17.35000,17.54000
2023-02-28 12:00:00,17.52000,17.68000,17.35000,17.51000
2023-02-28 16:00:00,17.54000,17.63000,17.21000,17.24000
2023-02-28 20:00:00,17.24000,17.29000,16.94000,17.090000
2023-03-01 00:00:00,17.090000,17.52000,16.98000,17.52000
2023-03-01 04:00:00,17.53000,17.73000,17.46000,17.68000
2023-03-01 08:00:00,17.68000,17.80000,17.65000,17.76000
2023-03-01 12:00:00,17.76000,17.80000,17.59000,17.74000
2023-03-01 16:00:00,17.72000,17.74000,17.33000,17.33000
2023-03-01 20:00:00,17.34000,17.78000,17.33000,17.78000
2023-03-02 00:00:00,17.78000,17.85000,17.41000,17.44000
2023-03-02 04:00:00,17.43000,17.52000,17.16000,17.28000
2023-03-02 08:00:00,17.25,17.40000,17.20000,17.32000
2023-03-02 12:00:00,17.33000,17.35000,17.13000,17.29000
2023-03-02 16:00:00,17.28000,17.42000,17.15000,17.42000
2023-03-02 20:00:00,17.43000,17.5,17.36000,17.46000
2023-03-03 00:00:00,17.47000,17.48000,15.88000,16.18000
2023-03-03 04:00:00,16.16000,16.40000,16.15000,16.39000
2023-03-03 08:00:00,16.40000,16.54000,16.39000,16.51000
2023-03-03 12:00:00,16.5,16.64000,16.42000,16.48000
2023-03-03 16:00:00,16.47000,16.59000,16.44000,16.52000
2023-03-03 20:00:00,16.52000,16.68000,16.40000,16.66000
2023-03-04 00:00:00,16.67000,16.89000,16.65000,16.75
2023-03-04 04:00:00,16.74000,16.80000,16.59000,16.76000
2023-03-04 08:00:00,16.75,16.83000,16.71000,16.74000
2023-03-04 12:00:00,16.74000,16.76000,16.52000,16.52000
2023-03-04 16:00:00,16.44000,16.61000,16.24000,16.27000
2023-03-04 20:00:00,16.26000,16.31000,15.76000,16.14000
2023-03-05 00:00:00,16.14000,16.52000,16.070000,16.34000
2023-03-05 04:00:00,16.35000,16.47000,16.32000,16.36000
2023-03-05 08:00:00,16.37000,16.37000,16.22000,16.24000
2023-03-05 12:00:00,16.24000,16.39000,16.23000,16.39000
2023-03-05 16:00:00,16.37000,16.41000,16.31000,16.34000
2023-03-05 20:00:00,16.35000,16.45000,16.080000,16.14000
2023-03-06 00:00:00,16.11000,16.19000,15.83000,16.059999
2023-03-06 04:00:00,16.059999,16.14000,15.91000,16.090000
2023-03-06 08:00:00,16.090000,16.19000,15.99000,16.14000
2023-03-06 12:00:00,16.15000,16.63000,16.080000,16.54000
2023-03-06 16:00:00,16.59000,16.61000,16.37000,16.39000
2023-03-06 20:00:00,16.40000,16.63000,16.29000,16.51000
2023-03-07 00:00:00,16.52000,16.71000,16.39000,16.55000
2023-03-07 04:00:00,16.56000,16.57000,16.44000,16.45000
2023-03-07 08:00:00,16.46000,16.47000,16.17000,16.17000
2023-03-07 12:00:00,16.18000,16.32000,15.95000,16.20000
2023-03-07 16:00:00,16.20000,16.29000,15.97000,16.049999
2023-03-07 20:00:00,16.030001,16.18000,15.87000,16.17000
2023-03-08 00:00:00,16.18000,16.26000,16.059999,16.13000
2023-03-08 04:00:00,16.13000,16.19000,15.84000,15.88000
2023-03-08 08:00:00,15.88000,16.040001,15.84000,16.010000
2023-03-08 12:00:00,15.99000,16.010000,15.57000,15.91000
2023-03-08 16:00:00,15.90000,15.96000,15.30000,15.48000
2023-03-08 20:00:00,15.48000,15.65000,15.020000,15.12000
2023-03-09 00:00:00,15.16000,15.40000,15.090000,15.37000
2023-03-09 04:00:00,15.37000,15.43000,15.28000,15.31000
2023-03-09 08:00:00,15.33000,15.48000,15.28000,15.48000
2023-03-09 12:00:00,15.48000,15.68000,15.40000,15.48000
2023-03-09 16:00:00,15.49000,15.5,14.84000,14.89000
2023-03-09 20:00:00,14.85000,14.86000,14.21000,14.43000
2023-03-10 00:00:00,14.42000,14.54000,14.16000,14.48000
2023-03-10 04:00:00,14.47000,14.54000,14.26000,14.42000
2023-03-10 08:00:00,14.43000,14.43000,13.93000,14.40000
2023-03-10 12:00:00,14.37000,15.10000,14.29000,14.76000
2023-03-10 16:00:00,14.76000,14.94000,14.58000,14.79000
2023-03-10 20:00:00,14.78000,14.99000,14.63000,14.80000
2023-03-11 00:00:00,14.82000,15.16000,14.69000,14.69000
2023-03-11 04:00:00,14.70000,14.72000,14.040000,14.18000
2023-03-11 08:00:00,14.13000,14.47000,14.050000,14.17000
2023-03-11 12:00:00,14.17000,14.29000,13.96000,14.020000
2023-03-11 16:00:00,14.010000,14.34000,13.93000,14.23000
2023-03-11 20:00:00,14.25,14.54000,14.17000,14.51000
2023-03-12 00:00:00,14.49000,14.49000,14.31000,14.39000
2023-03-12 04:00:00,14.39000,14.45000,14.22000,14.29000
2023-03-12 08:00:00,14.30000,14.5,14.27000,14.45000
2023-03-12 12:00:00,14.43000,14.5,14.21000,14.29000
2023-03-12 16:00:00,14.26000,15.030000,14.25,14.76000
2023-03-12 20:00:00,14.76000,16.25,14.76000,16.15000
2023-03-13 00:00:00,16.19000,16.41000,15.98000,16.020000
2023-03-13 04:00:00,16.040001,16.12000,15.97000,16.049999
2023-03-13 08:00:00,16.049999,16.049999,15.47000,15.71000
2023-03-13 12:00:00,15.71000,16.75,15.57000,16.45000
2023-03-13 16:00:00,16.48000,16.57000,16.28000,16.37000
2023-03-13 20:00:00,16.39000,16.56000,16.27000,16.46000
2023-03-14 00:00:00,16.47000,16.53000,16.33000,16.42000
2023-03-14 04:00:00,16.46000,16.63000,16.23000,16.28000
2023-03-14 08:00:00,16.29000,16.44000,16.090000,16.31000
2023-03-14 12:00:00,16.30000,17.87000,16.25,17.77000
2023-03-14 16:00:00,17.76000,17.80000,17,17.31000
2023-03-14 20:00:00,17.32000,17.38000,16.66000,17.15000
2023-03-15 00:00:00,17.15000,17.37000,16.96000,17.27000
2023-03-15 04:00:00,17.28000,17.42000,17.10000,17.31000
2023-03-15 08:00:00,17.29000,17.31000,16.54000,16.84000
2023-03-15 12:00:00,16.83000,17.049999,15.93000,15.99000
2023-03-15 16:00:00,15.96000,15.96000,15.35000,15.57000
2023-03-15 20:00:00,15.56000,15.76000,15.41000,15.55000
2023-03-16 00:00:00,15.56000,15.71000,15.26000,15.54000
2023-03-16 04:00:00,15.54000,15.83000,15.33000,15.74000
2023-03-16 08:00:00,15.76000,15.87000,15.54000,15.82000
2023-03-16 12:00:00,15.81000,15.85000,15.41000,15.81000
2023-03-16 16:00:00,15.82000,16.049999,15.65000,15.98000
2023-03-16 20:00:00,15.96000,15.97000,15.60000,15.84000
2023-03-17 00:00:00,15.83000,16.27000,15.64000,16.17000
2023-03-17 04:00:00,16.18000,16.44000,16.059999,16.33000
2023-03-17 08:00:00,16.32000,16.91000,16.28000,16.90000
2023-03-17 12:00:00,16.90000,16.90000,16.27000,16.47000
2023-03-17 16:00:00,16.48000,16.74000,16.38000,16.74000
2023-03-17 20:00:00,16.73000,17.76000,16.61000,17.65000
2023-03-18 00:00:00,17.64000,18.17000,17.44000,17.92000
2023-03-18 04:00:00,17.94000,17.97000,17.61000,17.71000
2023-03-18 08:00:00,17.72000,17.72000,17.43000,17.65000
2023-03-18 12:00:00,17.65000,17.70000,17.12000,17.32000
2023-03-18 16:00:00,17.33000,17.47000,16.97000,17.25
2023-03-18 20:00:00,17.24000,17.42000,16.88000,16.98000
2023-03-19 00:00:00,16.99000,17.36000,16.98000,17.34000
2023-03-19 04:00:00,17.35000,17.38000,17.059999,17.24000
2023-03-19 08:00:00,17.25,17.61000,17.16000,17.57000
2023-03-19 12:00:00,17.55000,17.80000,17.51000,17.70000
2023-03-19 16:00:00,17.69000,18.070000,17.65000,17.81000
2023-03-19 20:00:00,17.83000,17.87000,17.43000,17.5
2023-03-20 00:00:00,17.55000,17.76000,17.13000,17.17000
2023-03-20 04:00:00,17.12000,17.61000,17.030001,17.60000
2023-03-20 08:00:00,17.62000,17.69000,17.31000,17.36000
2023-03-20 12:00:00,17.37000,17.48000,17.18000,17.26000
2023-03-20 16:00:00,17.27000,17.38000,16.65000,16.80000
2023-03-20 20:00:00,16.79000,17.040001,16.55000,16.63000
2023-03-21 00:00:00,16.63000,16.91000,16.46000,16.65000
2023-03-21 04:00:00,16.66000,16.74000,16.35000,16.45000
2023-03-21 08:00:00,16.44000,17.010000,16.35000,16.96000
2023-03-21 12:00:00,16.98000,17.54000,16.89000,17.19000
2023-03-21 16:00:00,17.18000,17.39000,16.99000,17.22000
2023-03-21 20:00:00,17.23000,17.51000,17.23000,17.44000
2023-03-22 00:00:00,17.44000,17.55000,17.18000,17.37000
2023-03-22 04:00:00,17.38000,17.66000,17.30000,17.37000
2023-03-22 08:00:00,17.37000,17.53000,17.24000,17.42000
2023-03-22 12:00:00,17.40000,17.92000,17.33000,17.62000
2023-03-22 16:00:00,17.63000,17.73000,16.32000,16.39000
2023-03-22 20:00:00,16.34000,16.85000,16.34000,16.73000
2023-03-23 00:00:00,16.75,16.90000,16.58000,16.72000
2023-03-23 04:00:00,16.73000,17.14000,16.68000,17.10000
2023-03-23 08:00:00,17.14000,17.43000,17.14000,17.43000
2023-03-23 12:00:00,17.43000,17.82000,17.21000,17.65000
2023-03-23 16:00:00,17.70000,17.73000,17.30000,17.52000
2023-03-23 20:00:00,17.49000,17.59000,17.43000,17.54000
2023-03-24 00:00:00,17.55000,17.64000,17.43000,17.47000
2023-03-24 04:00:00,17.46000,17.5,17.32000,17.41000
2023-03-24 08:00:00,17.42000,17.43000,17.020000,17.25
2023-03-24 12:00:00,17.25,17.31000,16.95000,17.13000
2023-03-24 16:00:00,17.13000,17.19000,16.69000,17.059999
2023-03-24 20:00:00,17.059999,17.080000,16.77000,16.94000
2023-03-25 00:00:00,16.95000,17.15000,16.88000,17.049999
2023-03-25 04:00:00,17.049999,17.11000,16.85000,16.85000
2023-03-25 08:00:00,16.83000,16.85000,16.67000,16.76000
2023-03-25 12:00:00,16.76000,16.85000,16.65000,16.80000
2023-03-25 16:00:00,16.80000,16.82000,16.40000,16.42000
2023-03-25 20:00:00,16.42000,16.89000,16.39000,16.89000
2023-03-26 00:00:00,16.91000,17.049999,16.86000,17.020000
2023-03-26 04:00:00,17.030001,17.13000,16.96000,17.010000
2023-03-26 08:00:00,17.020000,17.16000,16.97000,17.070000
2023-03-26 12:00:00,17.10000,17.27000,17.080000,17.14000
2023-03-26 16:00:00,17.11000,17.20000,17.040001,17.070000
2023-03-26 20:00:00,17.059999,17.17000,16.97000,17.12000
2023-03-27 00:00:00,17.12000,17.15000,16.86000,16.89000
2023-03-27 04:00:00,16.89000,16.97000,16.72000,16.75
2023-03-27 08:00:00,16.76000,16.93000,16.69000,16.90000
2023-03-27 12:00:00,16.88000,16.95000,16.11000,16.45000
2023-03-27 16:00:00,16.44000,16.58000,16.38000,16.39000
2023-03-27 20:00:00,16.39000,16.53000,16.32000,16.49000
2023-03-28 00:00:00,16.49000,16.55000,16.32000,16.43000
2023-03-28 04:00:00,16.41000,16.66000,16.40000,16.54000
2023-03-28 08:00:00,16.54000,16.68000,16.39000,16.62000
2023-03-28 12:00:00,16.63000,16.68000,16.5,16.60000
2023-03-28 16:00:00,16.59000,16.83000,16.35000,16.76000
2023-03-28 20:00:00,16.80000,16.80000,16.60000,16.70000
2023-03-29 00:00:00,16.71000,16.83000,16.66000,16.79000
2023-03-29 04:00:00,16.78000,17.25,16.78000,17.21000
2023-03-29 08:00:00,17.22000,17.40000,17.19000,17.31000
2023-03-29 12:00:00,17.32000,17.33000,17.11000,17.24000
2023-03-29 16:00:00,17.25,17.38000,17.11000,17.37000
2023-03-29 20:00:00,17.37000,17.40000,17.18000,17.31000
2023-03-30 00:00:00,17.32000,17.54000,16.98000,17.22000
2023-03-30 04:00:00,17.21000,17.31000,17.16000,17.25
2023-03-30 08:00:00,17.26000,17.39000,17.080000,17.38000
2023-03-30 12:00:00,17.39000,17.54000,17.24000,17.28000
2023-03-30 16:00:00,17.27000,17.42000,17.14000,17.21000
2023-03-30 20:00:00,17.21000,17.40000,17.11000,17.23000
2023-03-31 00:00:00,17.26000,17.44000,17.16000,17.41000
2023-03-31 04:00:00,17.42000,17.5,17.11000,17.25
2023-03-31 08:00:00,17.24000,17.34000,17.12000,17.16000
2023-03-31 12:00:00,17.16000,17.77000,17.090000,17.54000
2023-03-31 16:00:00,17.55000,17.73000,17.51000,17.73000
2023-03-31 20:00:00,17.72000,17.83000,17.58000,17.70000
2023-04-01 00:00:00,17.72000,17.89000,17.69000,17.78000
2023-04-01 04:00:00,17.78000,17.84000,17.56000,17.66000
2023-04-01 08:00:00,17.67000,17.73000,17.61000,17.62000
2023-04-01 12:00:00,17.60000,17.70000,17.54000,17.65000
2023-04-01 16:00:00,17.67000,17.76000,17.59000,17.64000
2023-04-01 20:00:00,17.64000,17.84000,17.64000,17.80000
2023-04-02 00:00:00,17.80000,17.85000,17.60000,17.72000
2023-04-02 04:00:00,17.74000,17.76000,17.65000,17.71000
2023-04-02 08:00:00,17.72000,17.80000,17.63000,17.72000
2023-04-02 12:00:00,17.72000,17.73000,17.24000,17.37000
2023-04-02 16:00:00,17.35000,17.41000,17.10000,17.16000
2023-04-02 20:00:00,17.13000,17.29000,17.10000,17.26000
2023-04-03 00:00:00,17.25,17.26000,16.83000,16.95000
2023-04-03 04:00:00,16.94000,17.12000,16.88000,17.12000
2023-04-03 08:00:00,17.12000,17.39000,17.12000,17.25
2023-04-03 12:00:00,17.26000,17.37000,17.070000,17.21000
2023-04-03 16:00:00,17.20000,17.45000,17.080000,17.27000
2023-04-03 20:00:00,17.30000,17.31000,16.70000,17.11000
2023-04-04 00:00:00,17.10000,17.14000,16.97000,17.059999
2023-04-04 04:00:00,17.070000,17.23000,17.010000,17.14000
2023-04-04 08:00:00,17.13000,17.41000,17.10000,17.38000
2023-04-04 12:00:00,17.40000,17.44000,17.26000,17.37000
2023-04-04 16:00:00,17.35000,17.53000,17.33000,17.52000
2023-04-04 20:00:00,17.53000,17.65000,17.52000,17.65000
2023-04-05 00:00:00,17.65000,18.13000,17.63000,18.12000
2023-04-05 04:00:00,18.11000,18.24000,18.030001,18.18000
2023-04-05 08:00:00,18.21000,18.28000,18.11000,18.26000
2023-04-05 12:00:00,18.27000,18.34000,17.68000,17.86000
2023-04-05 16:00:00,17.83000,17.94000,17.68000,17.91000
2023-04-05 20:00:00,17.89000,18.040001,17.84000,17.99000
2023-04-06 00:00:00,18,18.020000,17.66000,17.91000
2023-04-06 04:00:00,17.91000,17.91000,17.72000,17.76000
2023-04-06 08:00:00,17.71000,17.97000,17.71000,17.91000
2023-04-06 12:00:00,17.93000,18.32000,17.82000,18.26000
2023-04-06 16:00:00,18.24000,18.30000,18.010000,18.080000
2023-04-06 20:00:00,18.080000,18.20000,17.88000,17.97000
2023-04-07 00:00:00,17.97000,18.13000,17.93000,17.99000
2023-04-07 04:00:00,17.99000,18.059999,17.67000,17.70000
2023-04-07 08:00:00,17.67000,17.75,17.55000,17.58000
2023-04-07 12:00:00,17.60000,17.69000,17.48000,17.67000
2023-04-07 16:00:00,17.66000,17.69000,17.56000,17.61000
2023-04-07 20:00:00,17.60000,17.68000,17.55000,17.60000
2023-04-08 00:00:00,17.60000,17.63000,17.44000,17.60000
2023-04-08 04:00:00,17.60000,17.74000,17.58000,17.70000
2023-04-08 08:00:00,17.68000,17.72000,17.64000,17.66000
2023-04-08 12:00:00,17.66000,17.70000,17.58000,17.65000
2023-04-08 16:00:00,17.65000,17.65000,17.48000,17.52000
2023-04-08 20:00:00,17.51000,17.54000,17.35000,17.46000
2023-04-09 00:00:00,17.45000,17.58000,17.44000,17.48000
2023-04-09 04:00:00,17.47000,17.56000,17.26000,17.30000
2023-04-09 08:00:00,17.29000,17.39000,17.26000,17.38000
2023-04-09 12:00:00,17.37000,17.45000,17.28000,17.35000
2023-04-09 16:00:00,17.35000,17.57000,17.33000,17.49000
2023-04-09 20:00:00,17.5,17.65000,17.44000,17.54000
2023-04-10 00:00:00,17.55000,17.62000,17.44000,17.54000
2023-04-10 04:00:00,17.56000,17.60000,17.48000,17.52000
2023-04-10 08:00:00,17.54000,17.63000,17.51000,17.53000
2023-04-10 12:00:00,17.53000,17.56000,17.38000,17.49000
2023-04-10 16:00:00,17.48000,17.89000,17.43000,17.76000
2023-04-10 20:00:00,17.77000,17.96000,17.67000,17.94000
2023-04-11 00:00:00,17.95000,18.070000,17.88000,18.030001
2023-04-11 04:00:00,18.040001,18.35000,18.010000,18.31000
2023-04-11 08:00:00,18.35000,18.45000,18.19000,18.41000
2023-04-11 12:00:00,18.41000,18.60000,18.31000,18.45000
2023-04-11 16:00:00,18.45000,18.48000,18.20000,18.21000
2023-04-11 20:00:00,18.20000,18.23000,18.11000,18.13000
2023-04-12 00:00:00,18.16000,18.22000,17.68000,17.75
2023-04-12 04:00:00,17.74000,18.10000,17.71000,18.10000
2023-04-12 08:00:00,18.11000,18.15000,17.97000,18
2023-04-12 12:00:00,18,18.69000,17.94000,18.12000
2023-04-12 16:00:00,18.14000,18.20000,17.88000,17.97000
2023-04-12 20:00:00,17.98000,18.28000,17.98000,18.25
2023-04-13 00:00:00,18.26000,18.58000,18.12000,18.55000
2023-04-13 04:00:00,18.58000,18.58000,18.33000,18.45
2023-04-13 08:00:00,18.44,18.89,18.43,18.67
2023-04-13 12:00:00,18.69000,18.98,18.69,18.88
2023-04-13 16:00:00,18.89,19.020000,18.79,18.91000
2023-04-13 20:00:00,18.90000,18.9,18.75,18.84
2023-04-14 00:00:00,18.82000,19.29000,18.81,19.20000
2023-04-14 04:00:00,19.2,19.32,18.94,18.97
2023-04-14 08:00:00,18.98000,19.15,18.96,19.13
2023-04-14 12:00:00,19.13,19.14,18.46,18.55
2023-04-14 16:00:00,18.55,18.93000,18.48,18.92
2023-04-14 20:00:00,18.93000,19.28,18.86,19.22
2023-04-15 00:00:00,19.22,19.25,19.07,19.21
2023-04-15 04:00:00,19.22000,19.22000,18.99000,19.15
2023-04-15 08:00:00,19.15,19.48,19.1,19.45
2023-04-15 12:00:00,19.45000,19.52,19.08,19.2
2023-04-15 16:00:00,19.19,19.29,19,19.11
2023-04-15 20:00:00,19.11,19.14,18.99000,19.07
2023-04-16 00:00:00,19.07,19.2,18.84,19.16
2023-04-16 04:00:00,19.15,19.38,19.13,19.36
2023-04-16 08:00:00,19.36,19.43,19.04,19.06
2023-04-16 12:00:00,19.05,19.21,18.97,19.19
2023-04-16 16:00:00,19.19,19.5,19.14,19.3
2023-04-16 20:00:00,19.31,20.48000,19.14000,20.19000
2023-04-17 00:00:00,20.18000,21.059999,19.98000,20.65000
2023-04-17 04:00:00,20.69000,21.049999,20.46000,20.58000
2023-04-17 08:00:00,20.59000,20.72000,20.24000,20.38000
2023-04-17 12:00:00,20.37000,21.17000,20.37000,20.72000
2023-04-17 16:00:00,20.76000,20.97000,20.5,20.66
2023-04-17 20:00:00,20.67,20.71,20.45,20.51
2023-04-18 00:00:00,20.52,20.9,20.26,20.86
2023-04-18 04:00:00,20.86,21.49,20.76,21.46
2023-04-18 08:00:00,21.45,21.56,21.23,21.45
2023-04-18 12:00:00,21.45,21.52,21.05,21.13
2023-04-18 16:00:00,21.13,21.2,20.89,20.95
2023-04-18 20:00:00,20.94,21.23,20.88,21.2
2023-04-19 00:00:00,21.2,21.22,21,21.07
2023-04-19 04:00:00,21.07,21.11,20.68,20.71
2023-04-19 08:00:00,20.71,20.72,18.7,19.57
2023-04-19 12:00:00,19.57,19.87,19.43,19.68
2023-04-19 16:00:00,19.69,19.73,19.37,19.42
2023-04-19 20:00:00,19.41,19.49,18.55,18.98
2023-04-20 00:00:00,18.98,19.16,18.76,18.98
2023-04-20 04:00:00,18.99,19.27,18.97,19.07
2023-04-20 08:00:00,19.07,19.21,18.72,18.78
2023-04-20 12:00:00,18.79,19.43,18.74,18.89
2023-04-20 16:00:00,18.89,18.89,18.13,18.44
2023-04-20 20:00:00,18.44,18.58,18.28,18.3
2023-04-21 00:00:00,18.3,18.52,18.23,18.44
2023-04-21 04:00:00,18.43,18.44,17.78,18.2
2023-04-21 08:00:00,18.21,18.3,17.79,17.88
2023-04-21 12:00:00,17.88,18.08,17.68,17.76
2023-04-21 16:00:00,17.75,17.82,16.72,16.95
2023-04-21 20:00:00,16.94,17.03,16.72,16.94
2023-04-22 00:00:00,16.94,17.08,16.81,17.06
2023-04-22 04:00:00,17.06,17.18,16.91,16.96
2023-04-22 08:00:00,16.96,17.19,16.95,17.16
2023-04-22 12:00:00,17.16,17.35000,17.09,17.24
2023-04-22 16:00:00,17.21000,17.34,17.09,17.18000
2023-04-22 20:00:00,17.16000,17.29,17.09,17.21
2023-04-23 00:00:00,17.22,17.23,16.91,17.05
2023-04-23 04:00:00,17.05,17.2,17.01,17.19
2023-04-23 08:00:00,17.19,17.22,17.1,17.19
2023-04-23 12:00:00,17.19,17.25,16.78,16.88
2023-04-23 16:00:00,16.88,16.99,16.49,16.66000
2023-04-23 20:00:00,16.62000,16.92000,16.57000,16.85000
2023-04-24 00:00:00,16.83000,17.049999,16.61000,16.89000
2023-04-24 04:00:00,16.91000,16.91000,16.57000,16.72000
2023-04-24 08:00:00,16.73000,17.040001,16.56000,17.030001
2023-04-24 12:00:00,17.080000,17.26,16.88,16.92
2023-04-24 16:00:00,16.92,17.14,16.66,16.96
2023-04-24 20:00:00,16.95,17.05,16.88,16.92
2023-04-25 00:00:00,16.93,17,16.75,16.83
2023-04-25 04:00:00,16.83,17.21,16.79,16.98
2023-04-25 08:00:00,16.98,17.13,16.92,17.04
2023-04-25 12:00:00,17.04,17.19,16.89,16.96
2023-04-25 16:00:00,16.95,17.28,16.86,17.15000
2023-04-25 20:00:00,17.14000,17.75,17.14000,17.63000
2023-04-26 00:00:00,17.64000,17.71000,17.45000,17.45000
2023-04-26 04:00:00,17.47000,17.58000,17.42000,17.45000
2023-04-26 08:00:00,17.46000,17.98000,17.44000,17.84
2023-04-26 12:00:00,17.84,18.24,17.83,18.1
2023-04-26 16:00:00,18.11,18.13,16.56,16.78
2023-04-26 20:00:00,16.77,17.24,16.27,17.18
2023-04-27 00:00:00,17.18,17.74,17.11,17.37
2023-04-27 04:00:00,17.37,17.62,17.25,17.43
2023-04-27 08:00:00,17.43,17.49,17.32,17.39
2023-04-27 12:00:00,17.39,17.74,17.17,17.66
2023-04-27 16:00:00,17.67,17.92,17.53,17.83
2023-04-27 20:00:00,17.83,17.93,17.59,17.72
2023-04-28 00:00:00,17.72,17.76,17.61,17.67
2023-04-28 04:00:00,17.67,17.81,17.65,17.8
2023-04-28 08:00:00,17.8,17.81,17.46,17.47
2023-04-28 12:00:00,17.46,17.62,17.21,17.39
2023-04-28 16:00:00,17.4,17.62,17.29,17.55
2023-04-28 20:00:00,17.55,17.6,17.47,17.55
2023-04-29 00:00:00,17.56,17.62,17.43,17.57
2023-04-29 04:00:00,17.56,17.66,17.49,17.54
2023-04-29 08:00:00,17.53,17.59,17.47,17.52
2023-04-29 12:00:00,17.52,17.72,17.5,17.61
2023-04-29 16:00:00,17.61,17.68,17.33,17.56
2023-04-29 20:00:00,17.56,17.58,17.37,17.49
2023-04-30 00:00:00,17.49,17.49,17.26,17.31
2023-04-30 04:00:00,17.31,17.44,17.27,17.39
2023-04-30 08:00:00,17.4,17.5,17.35,17.38
2023-04-30 12:00:00,17.37,17.85,17.33,17.63
2023-04-30 16:00:00,17.63,17.77,17.18,17.34
2023-04-30 20:00:00,17.34,17.34,17.07,17.1
2023-05-01 00:00:00,17.1,17.21,16.69,16.95
2023-05-01 04:00:00,16.95,17.12,16.85,17.09
2023-05-01 08:00:00,17.08,17.14,16.97,16.98
2023-05-01 12:00:00,16.98,17.07,16.78,16.83
2023-05-01 16:00:00,16.84,16.95,16.6,16.62
2023-05-01 20:00:00,16.63,16.71,16.51,16.65
2023-05-02 00:00:00,16.64,16.67,16.49,16.61
2023-05-02 04:00:00,16.6,16.7,16.52,16.68
2023-05-02 08:00:00,16.68,16.74,16.56,16.64
2023-05-02 12:00:00,16.64,16.91,16.5,16.84
2023-05-02 16:00:00,16.85,16.97,16.77,16.9
2023-05-02 20:00:00,16.91,16.93,16.82,16.84
2023-05-03 00:00:00,16.84,16.85,16.6,16.73
2023-05-03 04:00:00,16.73,16.8,16.67,16.69
2023-05-03 08:00:00,16.69,16.78,16.59,16.59
2023-05-03 12:00:00,16.59,16.64,16.39,16.56
2023-05-03 16:00:00,16.55,17.37,16.5,16.94
2023-05-03 20:00:00,16.94,17.34,16.93,17.21
2023-05-04 00:00:00,17.22,17.27,17.11,17.17
2023-05-04 04:00:00,17.17,17.18,17.04,17.06
2023-05-04 08:00:00,17.05,17.18,17.01,17.08
2023-05-04 12:00:00,17.07,17.11,16.78,16.9
2023-05-04 16:00:00,16.89,17.02,16.82,16.92
2023-05-04 20:00:00,16.92,16.97,16.82,16.93
2023-05-05 00:00:00,16.93,17.2,16.88,17.02
2023-05-05 04:00:00,17.03,17.11,16.94,17.01
2023-05-05 08:00:00,17.02,17.1,16.96,17.04
2023-05-05 12:00:00,17.05,17.18,16.73,17.03
2023-05-05 16:00:00,17.04,17.73,17.03,17.38
2023-05-05 20:00:00,17.38,17.42,17.31,17.38
2023-05-06 00:00:00,17.38,17.51,17.15,17.19
2023-05-06 04:00:00,17.19,17.25,16.99,17.01
2023-05-06 08:00:00,17,17.07,16.83,16.97
2023-05-06 12:00:00,16.96,16.98,16.44,16.49
2023-05-06 16:00:00,16.48,16.73,16.43,16.65
2023-05-06 20:00:00,16.66,16.69,16.55,16.58
2023-05-07 00:00:00,16.58,16.7,16.46,16.5
2023-05-07 04:00:00,16.5,16.69,16.5,16.66
2023-05-07 08:00:00,16.67,16.7,16.54,16.58
2023-05-07 12:00:00,16.59,16.73,16.58,16.64
2023-05-07 16:00:00,16.65,16.7,16.51,16.56
2023-05-07 20:00:00,16.57,16.67,16.31,16.41
2023-05-08 00:00:00,16.41,16.5,15.66,15.99
2023-05-08 04:00:00,15.98,16,15.59,15.71
2023-05-08 08:00:00,15.71,15.96,15.64,15.92
2023-05-08 12:00:00,15.92,15.96,15.71,15.75
2023-05-08 16:00:00,15.75,15.77,14.8,15.25
2023-05-08 20:00:00,15.25,15.44,15.22,15.42
2023-05-09 00:00:00,15.42,15.54,15.35,15.46
2023-05-09 04:00:00,15.46,15.58,15.34,15.51
2023-05-09 08:00:00,15.51,15.52,15.35,15.44
2023-05-09 12:00:00,15.44,15.51,15.23,15.27
2023-05-09 16:00:00,15.27,15.42,15.21,15.35
2023-05-09 20:00:00,15.35,15.4,15.25,15.31
2023-05-10 00:00:00,15.32,15.48,15.28,15.29
2023-05-10 04:00:00,15.29,15.38,15.26,15.27
2023-05-10 08:00:00,15.28,15.31,15.08,15.23
2023-05-10 12:00:00,15.22,15.74,15.16,15.57
2023-05-10 16:00:00,15.57,15.64,14.66,15.49
2023-05-10 20:00:00,15.49,15.67,15.28,15.52
2023-05-11 00:00:00,15.52,15.53,15.3,15.34
2023-05-11 04:00:00,15.34,15.44,15.29,15.35
2023-05-11 08:00:00,15.35,15.37,15.13,15.32
2023-05-11 12:00:00,15.32,15.47,14.9,15.1
2023-05-11 16:00:00,15.1,15.13,14.76,14.92
2023-05-11 20:00:00,14.92,15.02,14.87,14.95
2023-05-12 00:00:00,14.96,15,14.53,14.7
2023-05-12 04:00:00,14.71,14.93,14.63,14.9
2023-05-12 08:00:00,14.9,15,14.85,14.96
2023-05-12 12:00:00,14.95,15.06,14.79,14.82
2023-05-12 16:00:00,14.82,14.97,14.52,14.94
2023-05-12 20:00:00,14.94,15.22,14.88,15.19
2023-05-13 00:00:00,15.19,15.21,15.08,15.1
2023-05-13 04:00:00,15.11,15.14,15.05,15.13
2023-05-13 08:00:00,15.12,15.19,15.06,15.1
2023-05-13 12:00:00,15.1,15.13,14.91,14.95
2023-05-13 16:00:00,14.95,15.03,14.9,14.95
2023-05-13 20:00:00,14.96,14.99,14.9,14.91
2023-05-14 00:00:00,14.91,14.96,14.79,14.94
2023-05-14 04:00:00,14.94,15,14.91,14.97
2023-05-14 08:00:00,14.97,15.01,14.93,14.98
2023-05-14 12:00:00,14.98,15.14,14.93,15.12
2023-05-14 16:00:00,15.11,15.14,14.87,14.92
2023-05-14 20:00:00,14.91,15.05,14.87,15.03
2023-05-15 00:00:00,15.02,15.2,14.8,15.12
2023-05-15 04:00:00,15.13,15.29,15.09,15.28
2023-05-15 08:00:00,15.28,15.35,15.24,15.25
2023-05-15 12:00:00,15.25,15.33,15.14,15.32
2023-05-15 16:00:00,15.31,15.35,15.13,15.19
2023-05-15 20:00:00,15.19,15.22,15.03,15.08
2023-05-16 00:00:00,15.08,15.16,14.82,14.94
2023-05-16 04:00:00,14.93,15.05,14.9,15.03
2023-05-16 08:00:00,15.04,15.06,14.9,14.94
2023-05-16 12:00:00,14.93,14.98,14.82,14.88
2023-05-16 16:00:00,14.88,14.95,14.74,14.79
2023-05-16 20:00:00,14.78,14.92,14.73,14.9
2023-05-17 00:00:00,14.91,15.07,14.82,14.97
2023-05-17 04:00:00,14.98,15.03,14.81,14.83
2023-05-17 08:00:00,14.83,14.89,14.71,14.74
2023-05-17 12:00:00,14.73,14.83,14.61,14.72
2023-05-17 16:00:00,14.72,15.29,14.67,15.23
2023-05-17 20:00:00,15.24,15.3,15.14,15.17
2023-05-18 00:00:00,15.18,15.19,15.07,15.16
2023-05-18 04:00:00,15.17,15.19,14.96,15.06
2023-05-18 08:00:00,15.07,15.1,14.99,15.02
2023-05-18 12:00:00,15.02,15.04,14.8,14.83
2023-05-18 16:00:00,14.82,14.88,14.42,14.59
2023-05-18 20:00:00,14.59,14.83,14.55,14.68
2023-05-19 00:00:00,14.68,14.71,14.57,14.67
2023-05-19 04:00:00,14.66,14.74,14.64,14.7
2023-05-19 08:00:00,14.7,14.76,14.63,14.65
2023-05-19 12:00:00,14.66,14.84,14.56,14.7
2023-05-19 16:00:00,14.7,14.8,14.66,14.71
2023-05-19 20:00:00,14.71,14.72,14.65,14.68
2023-05-20 00:00:00,14.68,14.68,14.54,14.64
2023-05-20 04:00:00,14.64,14.64,14.53,14.57
2023-05-20 08:00:00,14.58,14.62,14.56,14.59
2023-05-20 12:00:00,14.59,14.66,14.57,14.65
2023-05-20 16:00:00,14.65,14.71,14.58,14.66
2023-05-20 20:00:00,14.66,14.67,14.6,14.63
2023-05-21 00:00:00,14.63,14.7,14.59,14.62
2023-05-21 04:00:00,14.62,14.66,14.6,14.62
2023-05-21 08:00:00,14.63,14.63,14.44,14.46
2023-05-21 12:00:00,14.46,14.51,14.24,14.35
2023-05-21 16:00:00,14.35,14.39,14.27,14.37
2023-05-21 20:00:00,14.37,14.38,14.17,14.31
2023-05-22 00:00:00,14.31,14.34,14.08,14.27
2023-05-22 04:00:00,14.27,14.41,14.24,14.34
2023-05-22 08:00:00,14.35,14.63,14.34,14.57
2023-05-22 12:00:00,14.57,14.63,14.43,14.59
2023-05-22 16:00:00,14.58,14.78,14.56,14.68
2023-05-22 20:00:00,14.67,14.79,14.66,14.68
2023-05-23 00:00:00,14.68,14.97,14.6,14.92
2023-05-23 04:00:00,14.92,14.96,14.71,14.79
2023-05-23 08:00:00,14.8,14.82,14.73,14.75
2023-05-23 12:00:00,14.76,14.9,14.67,14.78
2023-05-23 16:00:00,14.78,14.79,14.6,14.67
2023-05-23 20:00:00,14.67,14.72,14.63,14.71
2023-05-24 00:00:00,14.71,14.72,14.32,14.4
2023-05-24 04:00:00,14.4,14.45,14.3,14.31
2023-05-24 08:00:00,14.31,14.42,14.3,14.34
2023-05-24 12:00:00,14.34,14.39,14,14.1
2023-05-24 16:00:00,14.09,14.16,14.02,14.12
2023-05-24 20:00:00,14.12,14.21,14.1,14.14
2023-05-25 00:00:00,14.14,14.16,13.71,14.12
2023-05-25 04:00:00,14.11,14.2,14.09,14.14
2023-05-25 08:00:00,14.14,14.2,14.11,14.18
2023-05-25 12:00:00,14.17,14.25,13.98,14.03
2023-05-25 16:00:00,14.04,14.25,14.03,14.14
2023-05-25 20:00:00,14.14,14.16,14.05,14.08
2023-05-26 00:00:00,14.08,14.12,13.99,14.09
2023-05-26 04:00:00,14.1,14.1,13.96,14.09
2023-05-26 08:00:00,14.09,14.15,14.070000,14.13
2023-05-26 12:00:00,14.13,14.3,14.09,14.27
2023-05-26 16:00:00,14.28,14.39,14.11,14.36
2023-05-26 20:00:00,14.36,14.39,14.3,14.33
2023-05-27 00:00:00,14.33,14.45,14.31,14.44
2023-05-27 04:00:00,14.44,14.48,14.38,14.4
2023-05-27 08:00:00,14.4,14.41,14.26,14.28
2023-05-27 12:00:00,14.28,14.39,14.27,14.36
2023-05-27 16:00:00,14.37,14.43,14.3,14.41
2023-05-27 20:00:00,14.41,14.62,14.41,14.56
2023-05-28 00:00:00,14.56,14.79,14.5,14.76
2023-05-28 04:00:00,14.76,14.82,14.68,14.72
2023-05-28 08:00:00,14.73,14.74,14.24,14.49
2023-05-28 12:00:00,14.49,14.53,14.41,14.53
2023-05-28 16:00:00,14.53,14.75,14.47,14.64
2023-05-28 20:00:00,14.63,15.06,14.63,14.89
2023-05-29 00:00:00,14.9,14.98,14.73,14.73
2023-05-29 04:00:00,14.74,14.81,14.65,14.7
2023-05-29 08:00:00,14.71,14.74,14.62,14.68
2023-05-29 12:00:00,14.68,14.69,14.47,14.48
2023-05-29 16:00:00,14.48,14.52,14.38,14.47
2023-05-29 20:00:00,14.47,14.5,14.35,14.48
2023-05-30 00:00:00,14.48,14.57,14.37,14.48
2023-05-30 04:00:00,14.48,14.56,14.41,14.49
2023-05-30 08:00:00,14.49,14.73,14.48,14.72
2023-05-30 12:00:00,14.72,14.72,14.39,14.46
2023-05-30 16:00:00,14.46,14.57,14.37,14.53
2023-05-30 20:00:00,14.53,14.56,14.42,14.45
2023-05-31 00:00:00,14.44,14.46,14.17,14.32
2023-05-31 04:00:00,14.33,14.33,14.04,14.13
2023-05-31 08:00:00,14.14,14.16,14.03,14.1
2023-05-31 12:00:00,14.1,14.14,13.96,14.03
2023-05-31 16:00:00,14.03,14.12,14.02,14.08
2023-05-31 20:00:00,14.09,14.14,14.02,14.11
2023-06-01 00:00:00,14.1,14.19,13.83,14.02
2023-06-01 04:00:00,14.02,14.08,13.98,14
2023-06-01 08:00:00,14,14.17,13.98,14.14
2023-06-01 12:00:00,14.15,14.23,14.12,14.2
2023-06-01 16:00:00,14.21,14.3,14.08,14.17
2023-06-01 20:00:00,14.16,14.19,14.06,14.09
2023-06-02 00:00:00,14.09,14.28,13.96,14.25
2023-06-02 04:00:00,14.25,14.39,14.24,14.34
2023-06-02 08:00:00,14.33,14.5,14.33,14.45
2023-06-02 12:00:00,14.45,14.5,14.32,14.46
2023-06-02 16:00:00,14.46,14.57,14.37,14.5
2023-06-02 20:00:00,14.51,14.55,14.38,14.49
2023-06-03 00:00:00,14.49,14.54,14.39,14.47
2023-06-03 04:00:00,14.48,14.58,14.47,14.57
2023-06-03 08:00:00,14.58,14.58,14.5,14.53
2023-06-03 12:00:00,14.53,14.6,14.48,14.58
2023-06-03 16:00:00,14.59,14.6,14.45,14.49
2023-06-03 20:00:00,14.48,14.58,14.47,14.58
2023-06-04 00:00:00,14.57,14.63,14.52,14.61
2023-06-04 04:00:00,14.62,14.71,14.6,14.7
2023-06-04 08:00:00,14.71,14.77,14.69,14.73
2023-06-04 12:00:00,14.74,14.8,14.71,14.79
2023-06-04 16:00:00,14.8,14.89,14.77,14.85
2023-06-04 20:00:00,14.85,14.93,14.75,14.79
2023-06-05 00:00:00,14.79,14.88,14.65,14.67
2023-06-05 04:00:00,14.66,14.82,14.62,14.8
2023-06-05 08:00:00,14.81,14.87,14.72,14.82
2023-06-05 12:00:00,14.82,14.9,13.98,14.01
2023-06-05 16:00:00,14.01,14.11,13.48,13.93
2023-06-05 20:00:00,13.93,13.93,13.78,13.87
2023-06-06 00:00:00,13.87,14,13.82,14
2023-06-06 04:00:00,14,14.17,13.99,14.11
2023-06-06 08:00:00,14.11,14.15,14.03,14.07
2023-06-06 12:00:00,14.08,14.26,13.81,14.18
2023-06-06 16:00:00,14.19,14.66,14.17,14.6
2023-06-06 20:00:00,14.61,14.67,14.5,14.62
2023-06-07 00:00:00,14.63,14.7,14.47,14.62
2023-06-07 04:00:00,14.62,14.66,14.51,14.55
2023-06-07 08:00:00,14.55,14.6,14.26,14.46
2023-06-07 12:00:00,14.46,14.47,14.06,14.07
2023-06-07 16:00:00,14.07,14.16,13.98,14.12
2023-06-07 20:00:00,14.13,14.15,13.95,14.02
2023-06-08 00:00:00,14.01,14.09,13.83,13.89
2023-06-08 04:00:00,13.89,13.97,13.79,13.91
2023-06-08 08:00:00,13.92,13.96,13.85,13.93
2023-06-08 12:00:00,13.93,14.11,13.87,14.07
2023-06-08 16:00:00,14.07,14.07,13.85,13.99
2023-06-08 20:00:00,13.98,14.04,13.92,13.93
2023-06-09 00:00:00,13.93,13.95,13.72,13.83
2023-06-09 04:00:00,13.83,13.87,13.73,13.76
2023-06-09 08:00:00,13.77,13.98,13.75,13.92
2023-06-09 12:00:00,13.92,14.25,13.92,14.03
2023-06-09 16:00:00,14.04,14.05,13.76,13.79
2023-06-09 20:00:00,13.78,13.87,13.7,13.75
2023-06-10 00:00:00,13.76,13.76,13.02,13.08
2023-06-10 04:00:00,13.08,13.17,10,11.25
2023-06-10 08:00:00,11.26,11.69,11.17,11.66
2023-06-10 12:00:00,11.66,11.66,11.17,11.26
2023-06-10 16:00:00,11.27,11.83,11.19,11.62
2023-06-10 20:00:00,11.63,11.72,11.5,11.65
2023-06-11 00:00:00,11.65,11.72,11.57,11.68
2023-06-11 04:00:00,11.67,11.67,11.5,11.62
2023-06-11 08:00:00,11.62,11.73,11.57,11.68
2023-06-11 12:00:00,11.69,11.72,11.46,11.47
2023-06-11 16:00:00,11.47,11.75,11.47,11.72
2023-06-11 20:00:00,11.72,11.81,11.44,11.58
2023-06-12 00:00:00,11.58,11.59,11.16,11.38
2023-06-12 04:00:00,11.39,11.5,11.31,11.34
2023-06-12 08:00:00,11.34,11.59,11.3,11.51
2023-06-12 12:00:00,11.52,11.53,11.38,11.47
2023-06-12 16:00:00,11.47,11.54,11.31,11.45
2023-06-12 20:00:00,11.46,11.61,11.44,11.52
2023-06-13 00:00:00,11.52,11.73,11.43,11.65
2023-06-13 04:00:00,11.65,11.73,11.47,11.69
2023-06-13 08:00:00,11.69,11.89,11.67,11.87
2023-06-13 12:00:00,11.87,12.08,11.59,11.63
2023-06-13 16:00:00,11.63,11.87,11.63,11.72
2023-06-13 20:00:00,11.72,11.8,11.66,11.8
2023-06-14 00:00:00,11.8,11.89000,11.73,11.89
2023-06-14 04:00:00,11.89,11.9,11.77,11.8
2023-06-14 08:00:00,11.8,11.91,11.78,11.89
2023-06-14 12:00:00,11.89,11.96,11.84,11.89
2023-06-14 16:00:00,11.89,11.95,11.7,11.84
2023-06-14 20:00:00,11.83,11.84,11.16,11.38
2023-06-15 00:00:00,11.39,11.57,11.34,11.55
2023-06-15 04:00:00,11.55,11.56,11.18,11.23
2023-06-15 08:00:00,11.24,11.26,11.02,11.25
2023-06-15 12:00:00,11.25,11.34,11.17,11.22
2023-06-15 16:00:00,11.21,11.52,11.16,11.45
2023-06-15 20:00:00,11.46,11.54,11.34,11.41
2023-06-16 00:00:00,11.4,11.51,11.33,11.49
2023-06-16 04:00:00,11.5,11.52,11.4,11.41
2023-06-16 08:00:00,11.41,11.48,11.28,11.33
2023-06-16 12:00:00,11.33,11.46,11.22,11.45
2023-06-16 16:00:00,11.45,11.73,11.43,11.57
2023-06-16 20:00:00,11.57,11.64,11.51,11.55
2023-06-17 00:00:00,11.54,11.58,11.47,11.52
2023-06-17 04:00:00,11.52,11.84,11.49,11.7
2023-06-17 08:00:00,11.7,11.85,11.69,11.75
2023-06-17 12:00:00,11.75,11.81,11.62,11.69
2023-06-17 16:00:00,11.69,11.76,11.64,11.66
2023-06-17 20:00:00,11.65,11.7,11.6,11.62
2023-06-18 00:00:00,11.63,11.63,11.44,11.54
2023-06-18 04:00:00,11.53,11.6,11.49,11.53
2023-06-18 08:00:00,11.53,11.59,11.48,11.54
2023-06-18 12:00:00,11.53,11.56,11.49,11.54
2023-06-18 16:00:00,11.54,11.61,11.53,11.57
2023-06-18 20:00:00,11.58,11.58,11.25,11.34
2023-06-19 00:00:00,11.34,11.38,11.26,11.33
2023-06-19 04:00:00,11.33,11.39,11.32,11.33
2023-06-19 08:00:00,11.34,11.36,11.28,11.31
2023-06-19 12:00:00,11.31,11.38,11.21,11.28
2023-06-19 16:00:00,11.28,11.52,11.17,11.4
2023-06-19 20:00:00,11.4,11.5,11.38,11.47
2023-06-20 00:00:00,11.48,11.59,11.45,11.46
2023-06-20 04:00:00,11.46,11.53,11.43,11.44
2023-06-20 08:00:00,11.44,11.45,11.35,11.41
2023-06-20 12:00:00,11.42,11.44,11.17,11.34
2023-06-20 16:00:00,11.34,11.92,11.3,11.89
2023-06-20 20:00:00,11.9,12.13,11.88,12.12
2023-06-21 00:00:00,12.12,12.35,12.06,12.3
2023-06-21 04:00:00,12.3,12.4,12.22,12.31
2023-06-21 08:00:00,12.3,12.36,12.16,12.26
2023-06-21 12:00:00,12.26,12.6,12.15,12.47
2023-06-21 16:00:00,12.47,13.04,12.42,12.9
2023-06-21 20:00:00,12.91,13,12.77,12.9
2023-06-22 00:00:00,12.9,13.24,12.86,13.11
2023-06-22 04:00:00,13.12,13.12,12.87,13.08
2023-06-22 08:00:00,13.08,13.14,12.58,12.78
2023-06-22 12:00:00,12.78,13.06,12.58,12.74
2023-06-22 16:00:00,12.74,12.89,12.72,12.83
2023-06-22 20:00:00,12.84,12.85,12.62,12.65
2023-06-23 00:00:00,12.66,12.81,12.64,12.79
2023-06-23 04:00:00,12.78,12.85,12.73,12.78
2023-06-23 08:00:00,12.78,12.86,12.74,12.83
2023-06-23 12:00:00,12.84,13.2,12.62,13.16
2023-06-23 16:00:00,13.17,13.5,13.01,13.26
2023-06-23 20:00:00,13.26,13.51,13.09,13.29
2023-06-24 00:00:00,13.28,13.39,13.14,13.36
2023-06-24 04:00:00,13.36,13.4,13.12,13.14
2023-06-24 08:00:00,13.14,13.22,13.1,13.16
2023-06-24 12:00:00,13.16,13.23,12.76,12.85
2023-06-24 16:00:00,12.85,13.07,12.73,12.99
2023-06-24 20:00:00,12.98,13.05,12.84,13.01
2023-06-25 00:00:00,13.01,13.51,12.97,13.48
2023-06-25 04:00:00,13.49,13.6,13.34,13.57
2023-06-25 08:00:00,13.57,13.68,13.42,13.59
2023-06-25 12:00:00,13.59,13.6,13.31,13.37
2023-06-25 16:00:00,13.37,13.49,13.34,13.42
2023-06-25 20:00:00,13.42,13.54,13.34,13.44
2023-06-26 00:00:00,13.44,13.45,13.12,13.35
2023-06-26 04:00:00,13.36,13.51,13.25,13.4
2023-06-26 08:00:00,13.4,13.65,13.33,13.54
2023-06-26 12:00:00,13.55,13.69,13.42,13.54
2023-06-26 16:00:00,13.54,13.55,12.97,13.27
2023-06-26 20:00:00,13.27,13.31,12.96,13.15
2023-06-27 00:00:00,13.15,13.34,13.09,13.31
2023-06-27 04:00:00,13.31,13.38,13.17,13.34
2023-06-27 08:00:00,13.35,13.41,13.23,13.38
2023-06-27 12:00:00,13.38,13.47,13.11,13.2
2023-06-27 16:00:00,13.2,13.37,13.13,13.31
2023-06-27 20:00:00,13.31,13.33,13.15,13.2
2023-06-28 00:00:00,13.2,13.21,12.86,12.99
2023-06-28 04:00:00,12.99,13.02,12.67,12.7
2023-06-28 08:00:00,12.69,12.84,12.66,12.78
2023-06-28 12:00:00,12.79,12.93,12.62,12.81
2023-06-28 16:00:00,12.82,12.82,12.1,12.26
2023-06-28 20:00:00,12.25,12.4,12.08,12.34
2023-06-29 00:00:00,12.34,12.4,12.27,12.33
2023-06-29 04:00:00,12.34,12.4,12.27,12.37
2023-06-29 08:00:00,12.37,12.96,12.35,12.9
2023-06-29 12:00:00,12.9,12.95,12.62,12.65
2023-06-29 16:00:00,12.66,12.76,12.56,12.75
2023-06-29 20:00:00,12.75,12.76,12.59,12.67
2023-06-30 00:00:00,12.68,13.04,12.58,13.02
2023-06-30 04:00:00,13.03,13.26,12.96,13.08
2023-06-30 08:00:00,13.08,13.25,13.06,13.23
2023-06-30 12:00:00,13.24,13.34,12.12,12.61
2023-06-30 16:00:00,12.61,13.1,12.48,12.91
2023-06-30 20:00:00,12.9,13.09,12.87,13.03
2023-07-01 00:00:00,13.03,13.16,12.98,13.02
2023-07-01 04:00:00,13.03,13.04,12.83,12.95
2023-07-01 08:00:00,12.95,13.01,12.88,12.95
2023-07-01 12:00:00,12.96,13.1,12.89,12.91
2023-07-01 16:00:00,12.91,12.97,12.88,12.95
2023-07-01 20:00:00,12.95,13,12.91,12.99
2023-07-02 00:00:00,13,13,12.71,12.75
2023-07-02 04:00:00,12.75,12.89,12.71,12.89
2023-07-02 08:00:00,12.89,13.07,12.86,13.01
2023-07-02 12:00:00,13,13.09,12.82,13.02
2023-07-02 16:00:00,13.01,13.1,12.9,13.01
2023-07-02 20:00:00,13.01,13.22,12.98,13.13
2023-07-03 00:00:00,13.13,13.49,13.07,13.4
2023-07-03 04:00:00,13.4,13.46,13.14,13.27
2023-07-03 08:00:00,13.27,13.35,13.2,13.24
2023-07-03 12:00:00,13.24,13.31,13.09,13.27
2023-07-03 16:00:00,13.28,13.4,13.11,13.31
2023-07-03 20:00:00,13.32,13.33,13.14,13.25
2023-07-04 00:00:00,13.25,13.34,13.13,13.33
2023-07-04 04:00:00,13.33,13.33,13.18,13.2
2023-07-04 08:00:00,13.19,13.28,13.08,13.28
2023-07-04 12:00:00,13.28,13.36,13.18,13.26
2023-07-04 16:00:00,13.27,13.4,13.02,13.09
2023-07-04 20:00:00,13.08,13.14,13,13.04
2023-07-05 00:00:00,13.04,13.13,12.94,13.12
2023-07-05 04:00:00,13.13,13.16,13.03,13.11
2023-07-05 08:00:00,13.1,13.13,12.5,12.66
2023-07-05 12:00:00,12.66,12.76,12.5,12.56
2023-07-05 16:00:00,12.56,12.72,12.51,12.6
2023-07-05 20:00:00,12.61,12.73,12.56,12.67
2023-07-06 00:00:00,12.67,12.72,12.55,12.62
2023-07-06 04:00:00,12.62,12.9,12.59,12.85
2023-07-06 08:00:00,12.85,13.12,12.78,12.87
2023-07-06 12:00:00,12.86,12.89,12.24,12.66
2023-07-06 16:00:00,12.65,12.75,12.51,12.65
2023-07-06 20:00:00,12.64,12.67,12.36,12.37
2023-07-07 00:00:00,12.37,12.62,12.25,12.59
2023-07-07 04:00:00,12.6,12.62,12.47,12.52
2023-07-07 08:00:00,12.51,12.67,12.49,12.61
2023-07-07 12:00:00,12.61,12.75,12.54,12.69
2023-07-07 16:00:00,12.7,12.74,12.57,12.67
2023-07-07 20:00:00,12.67,12.75,12.6,12.74
2023-07-08 00:00:00,12.74,13.36,12.72,13.34
2023-07-08 04:00:00,13.35,13.81,13.27,13.47
2023-07-08 08:00:00,13.47,13.76,13.46,13.54
2023-07-08 12:00:00,13.55,13.89,13.49,13.73
2023-07-08 16:00:00,13.74,13.86,13.53,13.55
2023-07-08 20:00:00,13.55,13.67,13.49,13.64
2023-07-09 00:00:00,13.64,14.15,13.59,14.07
2023-07-09 04:00:00,14.07,14.21,13.87,13.95
2023-07-09 08:00:00,13.95,14.19,13.92,14.1
2023-07-09 12:00:00,14.1,14.14,13.81,13.83
2023-07-09 16:00:00,13.83,13.86,13.68,13.75
2023-07-09 20:00:00,13.75,13.78,13.57,13.58
2023-07-10 00:00:00,13.58,13.6,13.22,13.29
2023-07-10 04:00:00,13.29,13.4,13.23,13.35
2023-07-10 08:00:00,13.36,13.37,13.16,13.36
2023-07-10 12:00:00,13.35,13.4,13.24,13.35
2023-07-10 16:00:00,13.36,13.76,13.27,13.73
2023-07-10 20:00:00,13.74,13.85,13.3,13.39
2023-07-11 00:00:00,13.38,13.69,13.37,13.64
2023-07-11 04:00:00,13.64,13.68,13.44,13.49
2023-07-11 08:00:00,13.49,13.52,13.33,13.35
2023-07-11 12:00:00,13.35,13.5,13.31,13.35
2023-07-11 16:00:00,13.34,13.36,13.18,13.26
2023-07-11 20:00:00,13.26,13.35,13.15,13.27
2023-07-12 00:00:00,13.26,13.3,13.15,13.17
2023-07-12 04:00:00,13.16,13.27,13.13,13.22
2023-07-12 08:00:00,13.22,13.29,13.16,13.26
2023-07-12 12:00:00,13.26,13.38,13.01,13.06
2023-07-12 16:00:00,13.05,13.09,12.85,12.93
2023-07-12 20:00:00,12.93,13.05,12.88,13.01
2023-07-13 00:00:00,13.01,13.03,12.89,12.95
2023-07-13 04:00:00,12.95,13.14,12.91,13.06
2023-07-13 08:00:00,13.05,13.24,13.05,13.23
2023-07-13 12:00:00,13.23,13.72,13.12,13.66
2023-07-13 16:00:00,13.67,14.2,13.65,14.08
2023-07-13 20:00:00,14.07,14.12,13.76,14.11
2023-07-14 00:00:00,14.11,14.81,14.1,14.75
2023-07-14 04:00:00,14.76,15.8,14.64,15.3
2023-07-14 08:00:00,15.3,15.97,15.07,15.44
2023-07-14 12:00:00,15.44,15.87,15.11,15.58
2023-07-14 16:00:00,15.58,15.76,14.02,14.31
2023-07-14 20:00:00,14.3,14.65,14.11,14.64
2023-07-15 00:00:00,14.63,14.73,14.41,14.44
2023-07-15 04:00:00,14.43,14.98,14.42,14.92
2023-07-15 08:00:00,14.93,15.03,14.79,15.02
2023-07-15 12:00:00,15.02,15.35,14.87,15.12
2023-07-15 16:00:00,15.13,15.19,14.96,15.05
2023-07-15 20:00:00,15.06,15.07,14.68,14.84
2023-07-16 00:00:00,14.84,14.93,14.44,14.54
2023-07-16 04:00:00,14.53,14.71,14.53,14.65
2023-07-16 08:00:00,14.65,14.73,14.4,14.54
2023-07-16 12:00:00,14.53,14.84,14.52,14.6
2023-07-16 16:00:00,14.6,14.61,14.25,14.29
2023-07-16 20:00:00,14.29,14.44,14.16,14.29
2023-07-17 00:00:00,14.29,14.49,14.2,14.44
2023-07-17 04:00:00,14.44,14.57,14.38,14.54
2023-07-17 08:00:00,14.55,14.62,13.8,14.15
2023-07-17 12:00:00,14.15,14.41,13.95,14.25
2023-07-17 16:00:00,14.25,14.36,13.89,14.15
2023-07-17 20:00:00,14.15,14.45,14.02,14.4
2023-07-18 00:00:00,14.4,14.59,14.33,14.36
2023-07-18 04:00:00,14.35,14.39,13.91,14.01
2023-07-18 08:00:00,14,14.11,13.82,13.85
2023-07-18 12:00:00,13.85,14,13.71,13.94
2023-07-18 16:00:00,13.93,14.01,13.61,13.76
2023-07-18 20:00:00,13.77,13.83,13.66,13.8
2023-07-19 00:00:00,13.8,14.09,13.76,14.02
2023-07-19 04:00:00,14.03,14.11,13.94,13.99
2023-07-19 08:00:00,13.99,14.01,13.78,14.01
2023-07-19 12:00:00,14.01,14.09,13.78,13.96
2023-07-19 16:00:00,13.96,14.18,13.87,14.15
2023-07-19 20:00:00,13.95,14.05,13.93,13.99
2023-07-20 00:00:00,13.99,14.16,13.93,14.05
2023-07-20 04:00:00,14.06,14.29,14.03,14.26
2023-07-20 08:00:00,14.27,14.42,14.24,14.25
2023-07-20 12:00:00,14.25,14.28,13.7,13.82
2023-07-20 16:00:00,13.82,13.89,13.68,13.85
2023-07-20 20:00:00,13.85,13.92,13.7,13.88
2023-07-21 00:00:00,13.87,14.02,13.72,13.97
2023-07-21 04:00:00,13.98,13.99,13.85,13.89
2023-07-21 08:00:00,13.89,13.99,13.85,13.89
2023-07-21 12:00:00,13.89,14.05,13.89,13.95
2023-07-21 16:00:00,13.94,14.07,13.84,13.95
2023-07-21 20:00:00,13.96,14.02,13.89,13.98
2023-07-22 00:00:00,13.98,14.05,13.93,13.97
2023-07-22 04:00:00,13.97,14,13.89,13.93
2023-07-22 08:00:00,13.94,13.95,13.61,13.76
2023-07-22 12:00:00,13.76,13.8,13.72,13.79
2023-07-22 16:00:00,13.78,13.79,13.65,13.7
2023-07-22 20:00:00,13.7,13.72,13.29,13.53
2023-07-23 00:00:00,13.52,13.6,13.39,13.57
2023-07-23 04:00:00,13.57,13.67,13.55,13.57
2023-07-23 08:00:00,13.58,13.61,13.54,13.57
2023-07-23 12:00:00,13.58,13.59,13.51,13.53
2023-07-23 16:00:00,13.54,13.75,13.53,13.61
2023-07-23 20:00:00,13.62,13.66,13.47,13.54
2023-07-24 00:00:00,13.54,13.6,13.3,13.34
2023-07-24 04:00:00,13.33,13.49,13.22,13.44
2023-07-24 08:00:00,13.45,13.5,12.77,13.11
2023-07-24 12:00:00,13.11,13.14,12.87,12.95
2023-07-24 16:00:00,12.94,13.11,12.9,13.04
2023-07-24 20:00:00,13.05,13.13,13.01,13.11
2023-07-25 00:00:00,13.11,13.24,13.04,13.23
2023-07-25 04:00:00,13.24,13.25,13.07,13.11
2023-07-25 08:00:00,13.11,13.31,13.1,13.28
2023-07-25 12:00:00,13.27,13.55,13.14,13.35
2023-07-25 16:00:00,13.35,13.45,13.27,13.32
2023-07-25 20:00:00,13.31,13.43,13.27,13.33
2023-07-26 00:00:00,13.34,13.37,13.12,13.26
2023-07-26 04:00:00,13.26,13.34,13.18,13.25
2023-07-26 08:00:00,13.25,13.29,13.13,13.16
2023-07-26 12:00:00,13.16,13.29,13.15,13.28
2023-07-26 16:00:00,13.28,13.36,13.08,13.34
2023-07-26 20:00:00,13.35,13.47,13.22,13.27
2023-07-27 00:00:00,13.27,13.33,13.2,13.27
2023-07-27 04:00:00,13.27,13.35,13.21,13.27
2023-07-27 08:00:00,13.27,13.43,0.632717,13.37
2023-07-27 12:00:00,13.37,13.38,13.15,13.19
2023-07-27 16:00:00,13.19,13.25,13.02,13.12
2023-07-27 20:00:00,13.13,13.19,13.09,13.15
2023-07-28 00:00:00,13.15,13.23,13.12,13.16
2023-07-28 04:00:00,13.16,13.2,13.03,13.04
2023-07-28 08:00:00,13.04,13.14,13.01,13.1
2023-07-28 12:00:00,13.1,13.3,13.09,13.2
2023-07-28 16:00:00,13.2,13.25,13.11,13.22
2023-07-28 20:00:00,13.22,13.26,13.19,13.22
2023-07-29 00:00:00,13.23,13.3,13.2,13.25
2023-07-29 04:00:00,13.25,13.27,13.17,13.19
2023-07-29 08:00:00,13.19,13.23,0.00000265,13.17
2023-07-29 12:00:00,13.17,13.24,13.17,13.2
2023-07-29 16:00:00,13.2,13.27,13.17,13.25
2023-07-29 20:00:00,13.25,13.27,13.22,13.23
2023-07-30 00:00:00,13.24,13.35,13.2,13.33
2023-07-30 04:00:00,13.32,13.34,13.23,13.23
2023-07-30 08:00:00,13.24,13.28,13.21,13.27
2023-07-30 12:00:00,13.27,13.37,13.2,13.28
2023-07-30 16:00:00,13.29,13.41,13.07,13.14
2023-07-30 20:00:00,13.13,13.16,12.92,13.12
2023-07-31 00:00:00,13.12,13.28,13.07,13.18
2023-07-31 04:00:00,13.18,13.19,13.06,13.07
2023-07-31 08:00:00,13.07,13.13,13.05,13.12
2023-07-31 12:00:00,13.12,13.13,12.88,12.91
2023-07-31 16:00:00,12.9,13.01,12.7,12.79
2023-07-31 20:00:00,12.8,13.42,12.69,12.82
2023-08-01 00:00:00,12.81,12.89,12.4,12.59
2023-08-01 04:00:00,12.58,12.71,12.56,12.66
2023-08-01 08:00:00,12.66,12.76,12.65,12.68
2023-08-01 12:00:00,12.68,12.74,12.51,12.71
2023-08-01 16:00:00,12.71,12.84,12.64,12.8
2023-08-01 20:00:00,12.8,12.9,12.71,12.89
2023-08-02 00:00:00,12.89,12.96,12.79,12.8
2023-08-02 04:00:00,12.79,12.81,12.7,12.74
2023-08-02 08:00:00,12.73,12.78,12.68,12.77
2023-08-02 12:00:00,12.77,12.79,12.52,12.62
2023-08-02 16:00:00,12.62,12.64,12.42,12.54
2023-08-02 20:00:00,12.53,12.59,12.5,12.55
2023-08-03 00:00:00,12.54,12.59,12.5,12.51
2023-08-03 04:00:00,12.52,12.52,12.4,12.43
2023-08-03 08:00:00,12.43,12.55,12.36,12.52
2023-08-03 12:00:00,12.53,12.62,12.46,12.56
2023-08-03 16:00:00,12.56,12.64,12.49,12.53
2023-08-03 20:00:00,12.53,12.59,12.39,12.44
2023-08-04 00:00:00,12.45,12.51,12.39,12.49
2023-08-04 04:00:00,12.49,12.51,12.42,12.48
2023-08-04 08:00:00,12.47,12.53,12.43,12.45
2023-08-04 12:00:00,12.45,12.61,12.44,12.57
2023-08-04 16:00:00,12.57,12.6,12.37,12.42
2023-08-04 20:00:00,12.41,12.47,12.25,12.41
2023-08-05 00:00:00,12.41,12.44,12.32,12.38
2023-08-05 04:00:00,12.38,12.38,12.3,12.33
2023-08-05 08:00:00,12.33,12.36,12.31,12.33
2023-08-05 12:00:00,12.33,12.37,12.29,12.33
2023-08-05 16:00:00,12.32,12.41,12.29,12.35
2023-08-05 20:00:00,12.35,12.45,12.33,12.45
2023-08-06 00:00:00,12.45,12.59,12.42,12.59
2023-08-06 04:00:00,12.59,12.63,12.55,12.59
2023-08-06 08:00:00,12.59,12.67,12.56,12.6
2023-08-06 12:00:00,12.61,12.63,12.52,12.56
2023-08-06 16:00:00,12.55,12.63,12.52,12.58
2023-08-06 20:00:00,12.57,12.65,12.54,12.59
2023-08-07 00:00:00,12.6,12.77,12.55,12.71
2023-08-07 04:00:00,12.71,12.74,12.58,12.66
2023-08-07 08:00:00,12.67,12.74,12.63,12.72
2023-08-07 12:00:00,12.72,12.75,12.41,12.42
2023-08-07 16:00:00,12.42,12.51,12.2,12.45
2023-08-07 20:00:00,12.46,12.48,12.4,12.47
2023-08-08 00:00:00,12.46,12.49,12.38,12.44
2023-08-08 04:00:00,12.43,12.54,12.42,12.47
2023-08-08 08:00:00,12.48,12.59,12.45,12.58
2023-08-08 12:00:00,12.58,12.65,12.48,12.6
2023-08-08 16:00:00,12.6,12.76,12.58,12.66
2023-08-08 20:00:00,12.67,12.81,12.64,12.68
2023-08-09 00:00:00,12.69,12.74,12.59,12.63
2023-08-09 04:00:00,12.62,12.72,12.61,12.71
2023-08-09 08:00:00,12.71,12.71,12.63,12.7
2023-08-09 12:00:00,12.69,12.81,12.61,12.64
2023-08-09 16:00:00,12.64,12.65,12.55,12.56
2023-08-09 20:00:00,12.55,12.66,12.5,12.62
2023-08-10 00:00:00,12.63,12.67,12.56,12.57
2023-08-10 04:00:00,12.57,12.57,12.49,12.5
2023-08-10 08:00:00,12.5,12.54,12.47,12.5
2023-08-10 12:00:00,12.49,12.66,12.49,12.56
2023-08-10 16:00:00,12.55,12.6,12.5,12.51
2023-08-10 20:00:00,12.52,12.54,12.47,12.48
2023-08-11 00:00:00,12.49,12.52,12.42,12.46
2023-08-11 04:00:00,12.46,12.51,12.45,12.45
2023-08-11 08:00:00,12.46,12.51,12.42,12.5
2023-08-11 12:00:00,12.5,12.55,12.39,12.42
2023-08-11 16:00:00,12.42,12.45,12.35,12.43
2023-08-11 20:00:00,12.43,12.46,12.4,12.44
2023-08-12 00:00:00,12.44,12.48,12.42,12.44
2023-08-12 04:00:00,12.45,12.46,12.42,12.45
2023-08-12 08:00:00,12.45,12.49,12.43,12.48
2023-08-12 12:00:00,12.48,12.49,12.44,12.46
2023-08-12 16:00:00,12.46,12.47,12.39,12.4
2023-08-12 20:00:00,12.4,12.4,12.35,12.39
2023-08-13 00:00:00,12.4,12.4,12.28,12.32
2023-08-13 04:00:00,12.32,12.36,12.3,12.36
2023-08-13 08:00:00,12.36,12.38,12.34,12.37
2023-08-13 12:00:00,12.37,12.37,12.31,12.33
2023-08-13 16:00:00,12.34,12.42,12.31,12.42
2023-08-13 20:00:00,12.42,12.43,12.2,12.27
2023-08-14 00:00:00,12.27,12.33,12.15,12.31
2023-08-14 04:00:00,12.31,12.39,12.3,12.35
2023-08-14 08:00:00,12.35,12.38,12.32,12.33
2023-08-14 12:00:00,12.34,12.46,12.29,12.41
2023-08-14 16:00:00,12.4,12.43,12.24,12.31
2023-08-14 20:00:00,12.31,12.37,12.3,12.37
2023-08-15 00:00:00,12.37,12.38,12.31,12.32
2023-08-15 04:00:00,12.32,12.33,12.26,12.3
2023-08-15 08:00:00,12.31,12.35,12.28,12.28
2023-08-15 12:00:00,12.29,12.34,12.23,12.24
2023-08-15 16:00:00,12.23,12.25,11.29,11.72
2023-08-15 20:00:00,11.71,11.84,11.68,11.83
2023-08-16 00:00:00,11.83,11.87,11.79,11.79
2023-08-16 04:00:00,11.8,11.83,11.68,11.68
2023-08-16 08:00:00,11.68,11.7,11.57,11.64
2023-08-16 12:00:00,11.64,11.64,11.4,11.48
2023-08-16 16:00:00,11.48,11.59,11.42,11.52
2023-08-16 20:00:00,11.52,11.54,11.07,11.38
2023-08-17 00:00:00,11.39,11.45,11.11,11.43
2023-08-17 04:00:00,11.42,11.49,11.38,11.49
2023-08-17 08:00:00,11.49,11.51,11.4,11.43
2023-08-17 12:00:00,11.43,11.48,11.13,11.18
2023-08-17 16:00:00,11.18,11.3,11.08,11.27
2023-08-17 20:00:00,11.28,11.28,9.99,10.57
2023-08-18 00:00:00,10.58,10.74,10.53,10.66
2023-08-18 04:00:00,10.66,10.96,10.58,10.96
2023-08-18 08:00:00,10.96,11,10.83,10.9
2023-08-18 12:00:00,10.9,10.91,10.74,10.77
2023-08-18 16:00:00,10.76,10.86,10.58,10.73
2023-08-18 20:00:00,10.73,10.85,10.73,10.81
2023-08-19 00:00:00,10.8,10.89,10.73,10.74
2023-08-19 04:00:00,10.75,10.8,10.56,10.7
2023-08-19 08:00:00,10.69,10.75,10.68,10.71
2023-08-19 12:00:00,10.72,10.81,10.69,10.81
2023-08-19 16:00:00,10.81,10.84,10.75,10.81
2023-08-19 20:00:00,10.8,10.82,10.74,10.81
2023-08-20 00:00:00,10.81,10.84,10.76,10.8
2023-08-20 04:00:00,10.8,10.81,10.74,10.77
2023-08-20 08:00:00,10.78,10.9,10.76,10.88
2023-08-20 12:00:00,10.89,10.9,10.79,10.86
2023-08-20 16:00:00,10.86,10.89,10.81,10.86
2023-08-20 20:00:00,10.87,10.93,10.85,10.86
2023-08-21 00:00:00,10.87,10.87,10.75,10.77
2023-08-21 04:00:00,10.77,10.83,10.72,10.73
2023-08-21 08:00:00,10.73,10.74,10.48,10.56
2023-08-21 12:00:00,10.55,10.61,10.15,10.3
2023-08-21 16:00:00,10.3,10.4,10.27,10.37
2023-08-21 20:00:00,10.37,10.42,10.35,10.36
2023-08-22 00:00:00,10.36,10.38,10.28,10.3
2023-08-22 04:00:00,10.3,10.33,10.18,10.3
2023-08-22 08:00:00,10.29,10.31,10.18,10.2
2023-08-22 12:00:00,10.19,10.27,10.01,10.05
2023-08-22 16:00:00,10.04,10.06,9.77,9.9
2023-08-22 20:00:00,9.9,10.18,9.71,10.15
2023-08-23 00:00:00,10.15,10.2,10.09,10.12
2023-08-23 04:00:00,10.12,10.27,10.12,10.19
2023-08-23 08:00:00,10.19,10.22,10.11,10.12
2023-08-23 12:00:00,10.13,10.32,10.06,10.29
2023-08-23 16:00:00,10.29,10.47,10.25,10.42
2023-08-23 20:00:00,10.43,10.45,10.24,10.33
2023-08-24 00:00:00,10.34,10.36,10.25,10.29
2023-08-24 04:00:00,10.29,10.34,10.26,10.32
2023-08-24 08:00:00,10.31,10.36,10.28,10.32
2023-08-24 12:00:00,10.31,10.32,10.05,10.07
2023-08-24 16:00:00,10.08,10.16,10.03,10.09
2023-08-24 20:00:00,10.09,10.14,9.98,10.12
2023-08-25 00:00:00,10.12,10.13,9.9,10.02
2023-08-25 04:00:00,10.01,10.05,9.9,10
2023-08-25 08:00:00,10,10.06,10,10.03
2023-08-25 12:00:00,10.04,10.07,9.89,9.98
2023-08-25 16:00:00,9.98,10.07,9.94,10
2023-08-25 20:00:00,10.01,10.08,9.98,10.04
2023-08-26 00:00:00,10.05,10.09,10.02,10.07
2023-08-26 04:00:00,10.08,10.08,10.01,10.04
2023-08-26 08:00:00,10.04,10.07,10.01,10.05
2023-08-26 12:00:00,10.04,10.07,10.02,10.05
2023-08-26 16:00:00,10.05,10.06,10.01,10.05
2023-08-26 20:00:00,10.05,10.13,10.02,10.09
2023-08-27 00:00:00,10.1,10.14,10.07,10.08
2023-08-27 04:00:00,10.07,10.13,10.07,10.12
2023-08-27 08:00:00,10.12,10.24,10.11,10.18
2023-08-27 12:00:00,10.17,10.28,10.13,10.24
2023-08-27 16:00:00,10.24,10.25,10.14,10.19
2023-08-27 20:00:00,10.19,10.22,10.16,10.2
2023-08-28 00:00:00,10.21,10.21,10.04,10.05
2023-08-28 04:00:00,10.05,10.08,9.91,10.01
2023-08-28 08:00:00,10.01,10.07,9.94,10.07
2023-08-28 12:00:00,10.06,10.39,10.06,10.33
2023-08-28 16:00:00,10.33,10.45,10.27,10.34
2023-08-28 20:00:00,10.33,10.38,10.24,10.37
2023-08-29 00:00:00,10.37,10.62,10.37,10.53
2023-08-29 04:00:00,10.52,10.53,10.39,10.44
2023-08-29 08:00:00,10.44,10.49,10.33,10.35
2023-08-29 12:00:00,10.36,11.21,10.34,10.84
2023-08-29 16:00:00,10.83,10.97,10.81,10.86
2023-08-29 20:00:00,10.86,10.91,10.77,10.81
2023-08-30 00:00:00,10.81,10.83,10.59,10.64
2023-08-30 04:00:00,10.65,10.68,10.57,10.59
2023-08-30 08:00:00,10.59,10.63,10.5,10.52
2023-08-30 12:00:00,10.51,10.56,10.35,10.41
2023-08-30 16:00:00,10.41,10.42,10.33,10.38
2023-08-30 20:00:00,10.39,10.44,10.37,10.41
2023-08-31 00:00:00,10.4,10.4,10.27,10.29
2023-08-31 04:00:00,10.3,10.42,10.29,10.35
2023-08-31 08:00:00,10.35,10.55,10.32,10.46
2023-08-31 12:00:00,10.46,10.48,10.12,10.21
2023-08-31 16:00:00,10.21,10.22,9.82,10.04
2023-08-31 20:00:00,10.03,10.05,9.9,9.98
2023-09-01 00:00:00,9.98,10.03,9.96,10.02
2023-09-01 04:00:00,10.01,10.04,9.96,10
2023-09-01 08:00:00,10,10.04,9.97,10.03
2023-09-01 12:00:00,10.02,10.07,9.86,9.92
2023-09-01 16:00:00,9.92,9.96,9.75,9.89
2023-09-01 20:00:00,9.9,9.98,9.86,9.92
2023-09-02 00:00:00,9.92,9.97,9.88,9.91
2023-09-02 04:00:00,9.92,9.94,9.88,9.9
2023-09-02 08:00:00,9.89,9.91,9.82,9.87
2023-09-02 12:00:00,9.86,9.91,9.8,9.87
2023-09-02 16:00:00,9.87,9.89,9.76,9.88
2023-09-02 20:00:00,9.88,9.93,9.85,9.92
2023-09-03 00:00:00,9.92,9.95,9.89,9.95
2023-09-03 04:00:00,9.95,9.99,9.92,9.93
2023-09-03 08:00:00,9.94,9.94,9.89,9.93
2023-09-03 12:00:00,9.93,9.96,9.86,9.88
2023-09-03 16:00:00,9.88,9.94,9.83,9.9
2023-09-03 20:00:00,9.91,9.93,9.84,9.88
2023-09-04 00:00:00,9.88,10.05,9.86,9.97
2023-09-04 04:00:00,9.97,9.99,9.87,9.94
2023-09-04 08:00:00,9.95,9.98,9.87,9.88
2023-09-04 12:00:00,9.89,9.91,9.79,9.85
2023-09-04 16:00:00,9.85,9.91,9.81,9.85
2023-09-04 20:00:00,9.85,9.86,9.68,9.81
2023-09-05 00:00:00,9.81,9.82,9.65,9.73
2023-09-05 04:00:00,9.72,9.81,9.72,9.79
2023-09-05 08:00:00,9.79,9.89,9.76,9.87
2023-09-05 12:00:00,9.87,9.97,9.81,9.92
2023-09-05 16:00:00,9.92,9.96,9.85,9.86
2023-09-05 20:00:00,9.86,9.96,9.84,9.91
2023-09-06 00:00:00,9.91,10,9.9,9.93
2023-09-06 04:00:00,9.93,9.94,9.84,9.87
2023-09-06 08:00:00,9.87,9.94,9.86,9.9
2023-09-06 12:00:00,9.91,9.96,9.82,9.89
2023-09-06 16:00:00,9.89,10.05,9.76,9.9
2023-09-06 20:00:00,9.91,9.97,9.9,9.95
2023-09-07 00:00:00,9.94,10.01,9.92,10.01
2023-09-07 04:00:00,10.01,10.02,9.93,9.96
2023-09-07 08:00:00,9.96,9.98,9.87,9.88
2023-09-07 12:00:00,9.87,9.95,9.83,9.91
2023-09-07 16:00:00,9.92,9.98,9.91,9.98
2023-09-07 20:00:00,9.97,10.14,9.97,10.1
2023-09-08 00:00:00,10.09,10.15,10.02,10.08
2023-09-08 04:00:00,10.08,10.11,10.02,10.08
2023-09-08 08:00:00,10.08,10.08,9.84,9.94
2023-09-08 12:00:00,9.93,9.97,9.9,9.92
2023-09-08 16:00:00,9.92,9.93,9.87,9.92
2023-09-08 20:00:00,9.92,9.93,9.87,9.93
2023-09-09 00:00:00,9.92,9.93,9.86,9.9
2023-09-09 04:00:00,9.89,9.92,9.86,9.89
2023-09-09 08:00:00,9.88,9.91,9.87,9.9
2023-09-09 12:00:00,9.89,9.91,9.84,9.88
2023-09-09 16:00:00,9.88,9.89,9.85,9.88
2023-09-09 20:00:00,9.88,9.88,9.83,9.84
2023-09-10 00:00:00,9.83,9.84,9.58,9.65
2023-09-10 04:00:00,9.64,9.65,9.22,9.55
2023-09-10 08:00:00,9.54,9.55,9.48,9.52
2023-09-10 12:00:00,9.52,9.71,9.47,9.56
2023-09-10 16:00:00,9.55,9.56,9.37,9.52
2023-09-10 20:00:00,9.51,9.58,9.44,9.47
2023-09-11 00:00:00,9.46,9.5,9.36,9.46
2023-09-11 04:00:00,9.45,9.51,9.43,9.46
2023-09-11 08:00:00,9.46,9.46,9.05,9.2
2023-09-11 12:00:00,9.19,9.32,9.14,9.29
2023-09-11 16:00:00,9.28,9.32,9.07,9.13
2023-09-11 20:00:00,9.12,9.24,9.09,9.23
2023-09-12 00:00:00,9.24,9.55,9.2,9.42
2023-09-12 04:00:00,9.43,9.47,9.25,9.32
2023-09-12 08:00:00,9.32,9.6,9.29,9.47
2023-09-12 12:00:00,9.47,9.48,9.29,9.31
2023-09-12 16:00:00,9.31,9.44,9.19,9.28
2023-09-12 20:00:00,9.28,9.3,9.19,9.22
2023-09-13 00:00:00,9.22,9.29,9.18,9.2
2023-09-13 04:00:00,9.2,9.46,9.1,9.16
2023-09-13 08:00:00,9.16,9.31,9.15,9.27
2023-09-13 12:00:00,9.27,9.34,9.19,9.3
2023-09-13 16:00:00,9.31,9.35,9.22,9.28
2023-09-13 20:00:00,9.28,9.35,9.27,9.29
2023-09-14 00:00:00,9.29,9.48,9.29,9.34
2023-09-14 04:00:00,9.34,9.36,9.25,9.33
2023-09-14 08:00:00,9.33,9.36,9.25,9.35
2023-09-14 12:00:00,9.35,9.45,9.28,9.36
2023-09-14 16:00:00,9.37,9.44,9.32,9.39
2023-09-14 20:00:00,9.38,9.45,9.35,9.4
2023-09-15 00:00:00,9.4,9.52,9.37,9.46
2023-09-15 04:00:00,9.46,9.47,9.3,9.32
2023-09-15 08:00:00,9.33,9.36,9.26,9.28
2023-09-15 12:00:00,9.27,9.33,9.18,9.25
2023-09-15 16:00:00,9.24,9.28,9.21,9.26
2023-09-15 20:00:00,9.26,9.5,9.24,9.43
2023-09-16 00:00:00,9.42,9.61,9.4,9.5
2023-09-16 04:00:00,9.51,9.56,9.46,9.5
2023-09-16 08:00:00,9.51,9.52,9.42,9.47
2023-09-16 12:00:00,9.46,9.48,9.36,9.41
2023-09-16 16:00:00,9.41,9.47,9.36,9.38
2023-09-16 20:00:00,9.38,9.41,9.36,9.38
2023-09-17 00:00:00,9.38,9.38,9.21,9.28
2023-09-17 04:00:00,9.28,9.3,9.22,9.23
2023-09-17 08:00:00,9.23,9.31,9.17,9.27
2023-09-17 12:00:00,9.26,9.28,9.18,9.22
2023-09-17 16:00:00,9.22,9.22,9.12,9.18
2023-09-17 20:00:00,9.17,9.18,9,9.1
2023-09-18 00:00:00,9.09,9.13,8.81,9.12
2023-09-18 04:00:00,9.12,9.19,9.06,9.12
2023-09-18 08:00:00,9.12,9.29,9.1,9.27
2023-09-18 12:00:00,9.27,9.31,9.18,9.25
2023-09-18 16:00:00,9.28000,9.28,9.07,9.15
2023-09-18 20:00:00,9.15,9.18,9.08,9.11
2023-09-19 00:00:00,9.11,9.17,9.04,9.15
2023-09-19 04:00:00,9.14,9.18,9.09,9.16
2023-09-19 08:00:00,9.16,9.31,9.15,9.22
2023-09-19 12:00:00,9.22,9.28,9.1,9.28
2023-09-19 16:00:00,9.27,9.27,9.16,9.17
2023-09-19 20:00:00,9.17,9.24,9.14,9.21
2023-09-20 00:00:00,9.21,9.24,9.06,9.09
2023-09-20 04:00:00,9.08,9.12,9.05,9.1
2023-09-20 08:00:00,9.1,9.14,9.02,9.09
2023-09-20 12:00:00,9.09,9.11,8.97,9.1
2023-09-20 16:00:00,9.09,9.13,8.86,8.97
2023-09-20 20:00:00,8.97,9.1,8.95,9.05
2023-09-21 00:00:00,9.05,9.11,8.99,9.08
2023-09-21 04:00:00,9.08,9.08,8.94,8.97
2023-09-21 08:00:00,8.97,8.99,8.77,8.85
2023-09-21 12:00:00,8.85,8.9,8.8,8.88
2023-09-21 16:00:00,8.88,8.91,8.84,8.86
2023-09-21 20:00:00,8.87,8.88,8.8,8.83
2023-09-22 00:00:00,8.82,8.91,8.72,8.87
2023-09-22 04:00:00,8.87,8.9,8.83,8.89
2023-09-22 08:00:00,8.89,8.92,8.88,8.9
2023-09-22 12:00:00,8.9,8.91,8.82,8.84
2023-09-22 16:00:00,8.83,8.85,8.79,8.81
2023-09-22 20:00:00,8.81,8.89,8.8,8.87
2023-09-23 00:00:00,8.86,8.94,8.83,8.86
2023-09-23 04:00:00,8.86,8.92,8.83,8.91
2023-09-23 08:00:00,8.92,8.98,8.9,8.97
2023-09-23 12:00:00,8.97,8.99,8.89,8.9
2023-09-23 16:00:00,8.9,8.92,8.86,8.9
2023-09-23 20:00:00,8.9,8.91,8.86,8.9
2023-09-24 00:00:00,8.9,8.95,8.87,8.92
2023-09-24 04:00:00,8.92,8.93,8.87,8.91
2023-09-24 08:00:00,8.9,8.98,8.9,8.95
2023-09-24 12:00:00,8.95,9.05,8.95,8.98
2023-09-24 16:00:00,8.99,9.03,8.86,8.89
2023-09-24 20:00:00,8.89,8.92,8.73,8.78
2023-09-25 00:00:00,8.78,8.82,8.61,8.78
2023-09-25 04:00:00,8.78,8.88,8.76,8.87
2023-09-25 08:00:00,8.87,8.89,8.8,8.81
2023-09-25 12:00:00,8.81,8.88,8.75,8.87
2023-09-25 16:00:00,8.88,8.95,8.88,8.93
2023-09-25 20:00:00,8.93,8.96,8.89,8.95
2023-09-26 00:00:00,8.95,9.07,8.9,9.02
2023-09-26 04:00:00,9.02,9.03,8.95,8.95
2023-09-26 08:00:00,8.95,9.04,8.94,9.02
2023-09-26 12:00:00,9.02,9.06,8.9,8.92
2023-09-26 16:00:00,8.92,8.99,8.91,8.99
2023-09-26 20:00:00,8.99,9.06,8.85,9.04
2023-09-27 00:00:00,9.05,9.09,9.02,9.08
2023-09-27 04:00:00,9.07,9.09,9,9.01
2023-09-27 08:00:00,9.01,9.19,8.97,9.13
2023-09-27 12:00:00,9.13,9.19,8.89,8.93
2023-09-27 16:00:00,8.93,8.97,8.81,8.94
2023-09-27 20:00:00,8.95,8.96,8.88,8.92
2023-09-28 00:00:00,8.93,9.01,8.91,8.96
2023-09-28 04:00:00,8.97,9.12,8.93,9.1
2023-09-28 08:00:00,9.1,9.18,9.05,9.12
2023-09-28 12:00:00,9.13,9.28,9.12,9.26
2023-09-28 16:00:00,9.27,9.36,9.21,9.26
2023-09-28 20:00:00,9.25,9.28,9.18,9.27
2023-09-29 00:00:00,9.28,9.35,9.26,9.34
2023-09-29 04:00:00,9.34,9.37,9.26,9.35
2023-09-29 08:00:00,9.34,9.35,9.21,9.23
2023-09-29 12:00:00,9.22,9.27,9.11,9.21
2023-09-29 16:00:00,9.2,9.22,9.07,9.08
2023-09-29 20:00:00,9.08,9.18,9.07,9.17
2023-09-30 00:00:00,9.17,9.2,9.11,9.13
2023-09-30 04:00:00,9.14,9.2,9.12,9.18
2023-09-30 08:00:00,9.17,9.21,9.15,9.16
2023-09-30 12:00:00,9.16,9.29,9.14,9.25
2023-09-30 16:00:00,9.24,9.3,9.22,9.25
2023-09-30 20:00:00,9.26,9.27,9.21,9.24
2023-10-01 00:00:00,9.23,9.35,9.21,9.34
2023-10-01 04:00:00,9.34,9.49,9.31,9.46
2023-10-01 08:00:00,9.46,9.7,9.43,9.63
2023-10-01 12:00:00,9.64,9.67,9.56,9.6
2023-10-01 16:00:00,9.6,9.61,9.46,9.51
2023-10-01 20:00:00,9.51,9.83,9.47,9.75
2023-10-02 00:00:00,9.75,9.84,9.69,9.79
2023-10-02 04:00:00,9.79,9.84,9.65,9.77
2023-10-02 08:00:00,9.78,9.82,9.67,9.69
2023-10-02 12:00:00,9.69,9.73,9.46,9.5
2023-10-02 16:00:00,9.51,9.59,9.26,9.39
2023-10-02 20:00:00,9.39,9.39,9.15,9.31
2023-10-03 00:00:00,9.32,9.34,9.27,9.3
2023-10-03 04:00:00,9.3,9.36,9.26,9.34
2023-10-03 08:00:00,9.34,9.44,9.33,9.4
2023-10-03 12:00:00,9.39,9.42,9.23,9.25
2023-10-03 16:00:00,9.25,9.36,9.23,9.33
2023-10-03 20:00:00,9.33,9.48,9.28,9.42
2023-10-04 00:00:00,9.42,9.44,9.11,9.3
2023-10-04 04:00:00,9.3,9.77,9.27,9.62
2023-10-04 08:00:00,9.62,9.84,9.6,9.72
2023-10-04 12:00:00,9.72,9.79,9.58,9.74
2023-10-04 16:00:00,9.74,10.16,9.73,10.01
2023-10-04 20:00:00,10.02,10.3,9.96,10.1
2023-10-05 00:00:00,10.1,10.27,10.03,10.04
2023-10-05 04:00:00,10.04,10.06,9.94,10.02
2023-10-05 08:00:00,10.01,10.35,9.98,10.19
2023-10-05 12:00:00,10.18,10.24,9.83,9.93
2023-10-05 16:00:00,9.93,10.2,9.81,10.18
2023-10-05 20:00:00,10.18,10.22,10.1,10.14
2023-10-06 00:00:00,10.14,10.49,10.12,10.41
2023-10-06 04:00:00,10.42,10.64,10.29,10.61
2023-10-06 08:00:00,10.61,10.78,10.55,10.64
2023-10-06 12:00:00,10.63,10.83,10.5,10.73
2023-10-06 16:00:00,10.74,10.81,10.64,10.64
2023-10-06 20:00:00,10.64,10.74,10.62,10.66
2023-10-07 00:00:00,10.66,11,10.65,10.94
2023-10-07 04:00:00,10.94,11.88,10.67,10.78
2023-10-07 08:00:00,10.78,10.83,10.54,10.57
2023-10-07 12:00:00,10.57,10.74,10.26,10.51
2023-10-07 16:00:00,10.51,10.51,10.24,10.29
2023-10-07 20:00:00,10.28,10.4,10.27,10.35
2023-10-08 00:00:00,10.34,10.54,10.3,10.48
2023-10-08 04:00:00,10.48,10.49,10.16,10.23
2023-10-08 08:00:00,10.22,10.25,10,10.04
2023-10-08 12:00:00,10.04,10.14,9.97,10.05
2023-10-08 16:00:00,10.05,10.11,9.95,10.1
2023-10-08 20:00:00,10.09,10.2,10.08,10.09
2023-10-09 00:00:00,10.08,10.09,9.9,9.96
2023-10-09 04:00:00,9.95,10.01,9.87,9.89
2023-10-09 08:00:00,9.89,9.96,9.61,9.65
2023-10-09 12:00:00,9.64,9.73,9.51,9.54
2023-10-09 16:00:00,9.53,9.57,9.28,9.5
2023-10-09 20:00:00,9.5,9.55,9.41,9.54
2023-10-10 00:00:00,9.54,9.59,9.48,9.57
2023-10-10 04:00:00,9.57,9.77,9.55,9.75
2023-10-10 08:00:00,9.76,9.86,9.66,9.67
2023-10-10 12:00:00,9.67,9.83,9.59,9.6
2023-10-10 16:00:00,9.61,9.64,9.47,9.5
2023-10-10 20:00:00,9.51,9.59,9.42,9.53
2023-10-11 00:00:00,9.52,9.57,9.29,9.33
2023-10-11 04:00:00,9.33,9.39,9.26,9.28
2023-10-11 08:00:00,9.27,9.45,9.27,9.38
2023-10-11 12:00:00,9.38,9.51,9.27,9.32
2023-10-11 16:00:00,9.32,9.39,9.2,9.36
2023-10-11 20:00:00,9.35,9.36,9.25,9.3
2023-10-12 00:00:00,9.31,9.32,9.13,9.14
2023-10-12 04:00:00,9.13,9.22,9.13,9.16
2023-10-12 08:00:00,9.16,9.17,8.93,9.04
2023-10-12 12:00:00,9.05,9.07,8.88,8.96
2023-10-12 16:00:00,8.96,9.1,8.88,9.06
2023-10-12 20:00:00,9.06,9.22,9.04,9.12
2023-10-13 00:00:00,9.11,9.2,9.1,9.12
2023-10-13 04:00:00,9.12,9.19,9.11,9.16
2023-10-13 08:00:00,9.15,9.17,9.1,9.13
2023-10-13 12:00:00,9.13,9.2,9,9.03
2023-10-13 16:00:00,9.03,9.19,9.02,9.15
2023-10-13 20:00:00,9.15,9.35,9.12,9.15
2023-10-14 00:00:00,9.15,9.23,9.13,9.22
2023-10-14 04:00:00,9.22,9.25,9.14,9.19
2023-10-14 08:00:00,9.19,9.23,9.18,9.19
2023-10-14 12:00:00,9.19,9.21,9.15,9.19
2023-10-14 16:00:00,9.2,9.25,9.15,9.16
2023-10-14 20:00:00,9.17,9.21,9.11,9.15
2023-10-15 00:00:00,9.15,9.27,9.12,9.18
2023-10-15 04:00:00,9.18,9.19,9.13,9.17
2023-10-15 08:00:00,9.16,9.24,9.1,9.12
2023-10-15 12:00:00,9.12,9.16,9.07,9.13
2023-10-15 16:00:00,9.13,9.2,9.09,9.16
2023-10-15 20:00:00,9.16,9.22,9.13,9.17
2023-10-16 00:00:00,9.18,9.39,9.17,9.38
2023-10-16 04:00:00,9.38,9.56,9.35,9.47
2023-10-16 08:00:00,9.48,9.53,9.42,9.48
2023-10-16 12:00:00,9.47,9.83,9.27,9.32
2023-10-16 16:00:00,9.31,9.47,9.3,9.41
2023-10-16 20:00:00,9.41,9.46,9.35,9.4
2023-10-17 00:00:00,9.4,9.41,9.28,9.32
2023-10-17 04:00:00,9.31,9.35,9.27,9.34
2023-10-17 08:00:00,9.34,9.42,9.28,9.29
2023-10-17 12:00:00,9.29,9.3,9.01,9.14
2023-10-17 16:00:00,9.14,9.17,9.03,9.13
2023-10-17 20:00:00,9.13,9.15,9.08,9.1
2023-10-18 00:00:00,9.11,9.12,9.03,9.11
2023-10-18 04:00:00,9.1,9.21,9.08,9.13
2023-10-18 08:00:00,9.14,9.19,9.09,9.14
2023-10-18 12:00:00,9.14,9.15,8.98,9.01
2023-10-18 16:00:00,9.01,9.08,8.9,8.93
2023-10-18 20:00:00,8.94,8.94,8.84,8.91
2023-10-19 00:00:00,8.9,8.91,8.65,8.81
2023-10-19 04:00:00,8.81,8.94,8.78,8.92
2023-10-19 08:00:00,8.92,8.94,8.87,8.92
2023-10-19 12:00:00,8.91,9.04,8.88,9.01
2023-10-19 16:00:00,9.02,9.12,8.93,9.07
2023-10-19 20:00:00,9.07,9.11,9,9.06
2023-10-20 00:00:00,9.06,9.28,9.02,9.23
2023-10-20 04:00:00,9.23,9.27,9.16,9.21
2023-10-20 08:00:00,9.22,9.39,9.22,9.25
2023-10-20 12:00:00,9.25,9.28,9.15,9.18
2023-10-20 16:00:00,9.17,9.24,9.04,9.23
2023-10-20 20:00:00,9.23,9.26,9.19,9.22
2023-10-21 00:00:00,9.22,9.32,9.17,9.23
2023-10-21 04:00:00,9.22,9.48,9.2,9.45
2023-10-21 08:00:00,9.45,9.57,9.37,9.56
2023-10-21 12:00:00,9.56,9.76,9.49,9.74
2023-10-21 16:00:00,9.73,9.81,9.61,9.67
2023-10-21 20:00:00,9.66,9.69,9.59,9.63
2023-10-22 00:00:00,9.64,9.74,9.53,9.59
2023-10-22 04:00:00,9.6,10.07,9.57,9.87
2023-10-22 08:00:00,9.88,9.98,9.67,9.71
2023-10-22 12:00:00,9.71,9.86,9.7,9.76
2023-10-22 16:00:00,9.76,9.95,9.75,9.88
2023-10-22 20:00:00,9.88,10.09,9.85,10.09
2023-10-23 00:00:00,10.09,10.32,9.99,10.23
2023-10-23 04:00:00,10.23,10.4,10.09,10.15
2023-10-23 08:00:00,10.16,10.19,9.87,10.01
2023-10-23 12:00:00,10.02,10.06,9.86,9.97
2023-10-23 16:00:00,9.97,10.23,9.9,10.21
2023-10-23 20:00:00,10.2,10.68,10.1,10.58
2023-10-24 00:00:00,10.59,10.75,10.43,10.44
2023-10-24 04:00:00,10.44,10.61,10.28,10.45
2023-10-24 08:00:00,10.46,10.66,10.41,10.65
2023-10-24 12:00:00,10.65,10.8,10.06,10.22
2023-10-24 16:00:00,10.22,10.36,10.1,10.29
2023-10-24 20:00:00,10.29,10.41,10.16,10.32
2023-10-25 00:00:00,10.33,10.56,10.19,10.39
2023-10-25 04:00:00,10.39,10.57,10.17,10.25
2023-10-25 08:00:00,10.25,10.42,10.17,10.32
2023-10-25 12:00:00,10.32,10.6,10.32,10.55
2023-10-25 16:00:00,10.54,10.64,10.28,10.46
2023-10-25 20:00:00,10.47,10.53,10.34,10.52
2023-10-26 00:00:00,10.52,10.95,10.47,10.92
2023-10-26 04:00:00,10.92,11.47,10.81,11.37
2023-10-26 08:00:00,11.36,11.45,10.9,10.98
2023-10-26 12:00:00,10.98,11.22,10.37,10.54
2023-10-26 16:00:00,10.53,10.8,10.43,10.78
2023-10-26 20:00:00,10.78,11.17,10.75,11.05
2023-10-27 00:00:00,11.05,11.07,10.59,10.74
2023-10-27 04:00:00,10.75,10.79,10.6,10.61
2023-10-27 08:00:00,10.62,10.88,10.6,10.71
2023-10-27 12:00:00,10.7,10.87,10.57,10.72
2023-10-27 16:00:00,10.72,10.75,10.38,10.57
2023-10-27 20:00:00,10.57,10.64,10.49,10.59
2023-10-28 00:00:00,10.6,10.75,10.55,10.75
2023-10-28 04:00:00,10.75,11.09,10.7,10.86
2023-10-28 08:00:00,10.87,11.01,10.84,10.89
2023-10-28 12:00:00,10.89,10.91,10.69,10.84
2023-10-28 16:00:00,10.83,11,10.76,10.91
2023-10-28 20:00:00,10.91,11.03,10.9,10.97
2023-10-29 00:00:00,10.97,11.13,10.79,10.84
2023-10-29 04:00:00,10.84,11.03,10.77,11.01
2023-10-29 08:00:00,11.01,11.04,10.89,10.93
2023-10-29 12:00:00,10.93,11.32,10.9,11.17
2023-10-29 16:00:00,11.17,11.44,11.12,11.26
2023-10-29 20:00:00,11.26,11.4,11.22,11.37
2023-10-30 00:00:00,11.38,11.45,11.17,11.21
2023-10-30 04:00:00,11.21,11.31,11.06,11.19
2023-10-30 08:00:00,11.2,11.63,11.15,11.52
2023-10-30 12:00:00,11.53,11.69,11.45,11.62
2023-10-30 16:00:00,11.62,11.64,11.33,11.53
2023-10-30 20:00:00,11.53,11.53,11.41,11.46
2023-10-31 00:00:00,11.46,11.67,11.4,11.43
2023-10-31 04:00:00,11.43,11.76,11.38,11.45
2023-10-31 08:00:00,11.46,11.73,11.3,11.63
2023-10-31 12:00:00,11.64,11.69,11,11.22
2023-10-31 16:00:00,11.23,11.42,11.17,11.23
2023-10-31 20:00:00,11.23,11.33,11.12,11.33
2023-11-01 00:00:00,11.32,11.38,11.2,11.22
2023-11-01 04:00:00,11.22,11.23,10.92,11.07
2023-11-01 08:00:00,11.06,11.24,10.98,11.05
2023-11-01 12:00:00,11.05,11.29,10.88,11.05
2023-11-01 16:00:00,11.04,12.25,11.02,11.97
2023-11-01 20:00:00,11.98,12.33,11.97,12.23
2023-11-02 00:00:00,12.23,12.55,12.12,12.41
2023-11-02 04:00:00,12.41,12.43,11.92,12.01
2023-11-02 08:00:00,12.01,12.09,11.83,12.08
2023-11-02 12:00:00,12.07,12.12,11.52,11.52
2023-11-02 16:00:00,11.53,11.89,11.43,11.88
2023-11-02 20:00:00,11.89,11.97,11.73,11.88
2023-11-03 00:00:00,11.88,11.88,11.43,11.72
2023-11-03 04:00:00,11.73,11.92,11.52,11.79
2023-11-03 08:00:00,11.8,11.88,11.55,11.69
2023-11-03 12:00:00,11.68,12.09,11.62,12.02
2023-11-03 16:00:00,12.02,12.15,11.86,12.04
2023-11-03 20:00:00,12.04,12.19,12,12.11
2023-11-04 00:00:00,12.12,12.23,11.98,12.14
2023-11-04 04:00:00,12.15,12.19,11.99,12.02
2023-11-04 08:00:00,12.01,12.16,11.96,12.01
2023-11-04 12:00:00,12.01,12.14,11.92,12.07
2023-11-04 16:00:00,12.07,12.13,12.03,12.06
2023-11-04 20:00:00,12.05,12.33,12.03,12.22
2023-11-05 00:00:00,12.21,12.36,12.1,12.34
2023-11-05 04:00:00,12.35,12.4,12.22,12.39
2023-11-05 08:00:00,12.39,12.64,12.28,12.56
2023-11-05 12:00:00,12.56,12.67,12.2,12.27
2023-11-05 16:00:00,12.27,12.48,12.23,12.35
2023-11-05 20:00:00,12.36,12.45,12.1,12.35
2023-11-06 00:00:00,12.34,12.66,12.3,12.56
2023-11-06 04:00:00,12.56,12.7,12.24,12.62
2023-11-06 08:00:00,12.61,13.14,12.55,13.03
2023-11-06 12:00:00,13.03,13.17,12.86,12.98
2023-11-06 16:00:00,12.99,13.04,12.78,13.01
2023-11-06 20:00:00,13.02,13.1,12.85,13.08
2023-11-07 00:00:00,13.07,13.1,12.7,12.88
2023-11-07 04:00:00,12.88,13.07,12.8,13.03
2023-11-07 08:00:00,13.04,13.05,12.6,12.67
2023-11-07 12:00:00,12.67,12.75,12.34,12.51
2023-11-07 16:00:00,12.5,12.88,12.29,12.83
2023-11-07 20:00:00,12.82,12.99,12.73,12.81
2023-11-08 00:00:00,12.8,12.84,12.66,12.76
2023-11-08 04:00:00,12.76,12.9,12.69,12.81
2023-11-08 08:00:00,12.8,12.9,12.76,12.79
2023-11-08 12:00:00,12.8,12.87,12.69,12.77
2023-11-08 16:00:00,12.76,13.1,12.73,12.99
2023-11-08 20:00:00,13,13.15,12.92,12.99
2023-11-09 00:00:00,12.98,13.31,12.9,13.22
2023-11-09 04:00:00,13.22,13.48,13.2,13.3
2023-11-09 08:00:00,13.29,13.75,13.29,13.7
2023-11-09 12:00:00,13.71,13.96,13.5,13.72
2023-11-09 16:00:00,13.72,13.82,11.9,12.72
2023-11-09 20:00:00,12.73,13.01,12.31,12.96
2023-11-10 00:00:00,12.97,13.59,12.89,13.43
2023-11-10 04:00:00,13.43,13.48,13.16,13.33
2023-11-10 08:00:00,13.32,13.42,13.02,13.38
2023-11-10 12:00:00,13.39,13.51,12.88,13.31
2023-11-10 16:00:00,13.31,14.85,13.29,14.51
2023-11-10 20:00:00,14.5,14.85,14.4,14.74
2023-11-11 00:00:00,14.75,14.83,14.14,14.15
2023-11-11 04:00:00,14.15,14.38,13.99,14.25
2023-11-11 08:00:00,14.25,14.33,14.09,14.21
2023-11-11 12:00:00,14.21,15.5,14.13,15.15
2023-11-11 16:00:00,15.15,16.85,15.13,16.74
2023-11-11 20:00:00,16.74,17,16.24,16.79
2023-11-12 00:00:00,16.8,17.01,15.87,16.53
2023-11-12 04:00:00,16.53,18.51,16.3,18.4
2023-11-12 08:00:00,18.41,19.07,18.04,18.54
2023-11-12 12:00:00,18.54,18.66,17.67,18.07
2023-11-12 16:00:00,18.08,18.51,17.72,18.39
2023-11-12 20:00:00,18.4,19.73,18.26,18.98
2023-11-13 00:00:00,18.98,19.75,18.11,18.2
2023-11-13 04:00:00,18.19,18.5,17.85,18.09
2023-11-13 08:00:00,18.09,18.4,17.7,17.92
2023-11-13 12:00:00,17.92,18,17.05,17.6
2023-11-13 16:00:00,17.6,17.73,17.05,17.26
2023-11-13 20:00:00,17.25,17.32,16.1,16.12
2023-11-14 00:00:00,16.12,16.8,15.56,16.72
2023-11-14 04:00:00,16.72,17.33,16.61,17.27
2023-11-14 08:00:00,17.27,17.68,16.52,16.76
2023-11-14 12:00:00,16.76,18.1,16.43,17.3
2023-11-14 16:00:00,17.3,17.89,16.21,16.73
2023-11-14 20:00:00,16.72,17.27,16.65,17.05
2023-11-15 00:00:00,17.05,17.58,17.01,17.39
2023-11-15 04:00:00,17.39,19.12,17.37,18.6
2023-11-15 08:00:00,18.6,19.86,18.49,19.64
2023-11-15 12:00:00,19.64,20.58,19.18,20.44
2023-11-15 16:00:00,20.44,20.95,19.92,20.72
2023-11-15 20:00:00,20.72,20.95,20.14,20.7
2023-11-16 00:00:00,20.69,22.65,20.23,22.44
2023-11-16 04:00:00,22.44,24.05,21.97,23.4
2023-11-16 08:00:00,23.4,24.07,22.72,23.16
2023-11-16 12:00:00,23.15,23.6,22.28,22.79
2023-11-16 16:00:00,22.79,23.05,20.77,22.01
2023-11-16 20:00:00,22.01,22.35,21.02,21.71
2023-11-17 00:00:00,21.71,24.69,21.7,23.54
2023-11-17 04:00:00,23.53,23.95,22.59,22.7
2023-11-17 08:00:00,22.7,22.92,21.36,21.78
2023-11-17 12:00:00,21.79,22.31,20,20.16
2023-11-17 16:00:00,20.16,21.74,20.13,21.19
2023-11-17 20:00:00,21.18,22.75,21.18,21.94
2023-11-18 00:00:00,21.94,21.98,20.75,20.81
2023-11-18 04:00:00,20.81,21.26,20.17,21.05
2023-11-18 08:00:00,21.06,21.39,20.8,21.05
2023-11-18 12:00:00,21.05,22.5,20.64,22.21
2023-11-18 16:00:00,22.22,22.69,21.71,22.28
2023-11-18 20:00:00,22.29,22.43,21.79,21.99
2023-11-19 00:00:00,22,22,20.75,21.11
2023-11-19 04:00:00,21.12,21.88,20.95,21.74
2023-11-19 08:00:00,21.74,22.17,21.17,21.33
2023-11-19 12:00:00,21.32,21.61,21.04,21.52
2023-11-19 16:00:00,21.53,22.31,21.37,22.27
2023-11-19 20:00:00,22.27,23.04,21.63,22.85
2023-11-20 00:00:00,22.84,23.25,22.34,22.56
2023-11-20 04:00:00,22.57,22.76,22.1,22.35
2023-11-20 08:00:00,22.35,22.54,21.84,21.95
2023-11-20 12:00:00,21.94,22.15,21.46,21.9
2023-11-20 16:00:00,21.9,22.03,21.11,21.26
2023-11-20 20:00:00,21.26,21.45,20.71,20.85
2023-11-21 00:00:00,20.86,21.1,20.41,20.81
2023-11-21 04:00:00,20.8,21.03,20.59,20.62
2023-11-21 08:00:00,20.62,21.7,20.6,21.43
2023-11-21 12:00:00,21.44,21.92,20.52,21.49
2023-11-21 16:00:00,21.49,22.29,20.03,20.82
2023-11-21 20:00:00,20.81,21.06,18.9,19.02
2023-11-22 00:00:00,19.02,19.9,18.96,19.89
2023-11-22 04:00:00,19.89,20.48,19.68,20.17
2023-11-22 08:00:00,20.17,20.4,19.87,19.96
2023-11-22 12:00:00,19.97,20.41,19.81,19.99
2023-11-22 16:00:00,19.99,21.25,19.73,20.92
2023-11-22 20:00:00,20.92,21.17,20.71,20.78
2023-11-23 00:00:00,20.79,21.25,20.61,20.82
2023-11-23 04:00:00,20.82,21.49,20.77,21.08
2023-11-23 08:00:00,21.08,21.27,20.67,20.83
2023-11-23 12:00:00,20.82,21.17,20.51,20.61
2023-11-23 16:00:00,20.6,20.91,20.42,20.5
2023-11-23 20:00:00,20.5,20.88,20.47,20.64
2023-11-24 00:00:00,20.64,20.85,20.45,20.75
2023-11-24 04:00:00,20.76,20.99,20.5,20.7
2023-11-24 08:00:00,20.71,21.47,20.58,21.08
2023-11-24 12:00:00,21.08,21.7,21.03,21.58
2023-11-24 16:00:00,21.57,21.88,20.94,21.02
2023-11-24 20:00:00,21.01,21.22,20.7,20.89
2023-11-25 00:00:00,20.89,21.48,20.72,21.36
2023-11-25 04:00:00,21.35,21.36,21.08,21.17
2023-11-25 08:00:00,21.17,21.27,20.63,20.75
2023-11-25 12:00:00,20.75,20.98,20.71,20.97
2023-11-25 16:00:00,20.97,21.24,20.96,21.14
2023-11-25 20:00:00,21.14,21.37,21.1,21.36
2023-11-26 00:00:00,21.36,21.42,20.96,21.03
2023-11-26 04:00:00,21.03,21.52,20.95,21.25
2023-11-26 08:00:00,21.26,21.4,21.01,21.04
2023-11-26 12:00:00,21.05,21.2,20.66,20.69
2023-11-26 16:00:00,20.7,20.85,20.1,20.84
2023-11-26 20:00:00,20.84,21.44,20.8,21.06
2023-11-27 00:00:00,21.07,21.3,1.171,20.64
2023-11-27 04:00:00,20.64,20.92,20.27,20.51
2023-11-27 08:00:00,20.5,20.7,20.24,20.51
2023-11-27 12:00:00,20.52,20.72,20.07,20.12
2023-11-27 16:00:00,20.12,20.56,19.82,20
2023-11-27 20:00:00,20,20.41,19.85,20.35
2023-11-28 00:00:00,20.36,20.45,20.14,20.21
2023-11-28 04:00:00,20.22,20.29,19.47,19.73
2023-11-28 08:00:00,19.73,20.2,19.57,20.18
2023-11-28 12:00:00,20.18,20.46,20.02,20.35
2023-11-28 16:00:00,20.36,20.86,20.26,20.68
2023-11-28 20:00:00,20.69,20.77,20.5,20.68
2023-11-29 00:00:00,20.69,20.97,20.55,20.85
2023-11-29 04:00:00,20.86,21.4,20.74,21.15
2023-11-29 08:00:00,21.15,21.56,20.83,21.18
2023-11-29 12:00:00,21.18,21.29,20.76,21.27
2023-11-29 16:00:00,21.27,21.35,20.8,21.08
2023-11-29 20:00:00,21.08,21.29,20.81,21.12
2023-11-30 00:00:00,21.12,21.45,20.83,21.36
2023-11-30 04:00:00,21.36,21.47,21,21.04
2023-11-30 08:00:00,21.05,21.1,20.9,21.08
2023-11-30 12:00:00,21.09,21.19,20.81,21.08
2023-11-30 16:00:00,21.08,21.13,20.92,21.07
2023-11-30 20:00:00,21.08,21.5,21.05,21.39
2023-12-01 00:00:00,21.4,22.38,21.1,22.37
2023-12-01 04:00:00,22.38,22.64,22.07,22.27
2023-12-01 08:00:00,22.27,22.58,22.21,22.34
2023-12-01 12:00:00,22.34,22.44,22.17,22.22
2023-12-01 16:00:00,22.22,22.38,21.82,21.83
2023-12-01 20:00:00,21.83,21.97,21.74,21.87
2023-12-02 00:00:00,21.86,22.1,21.75,22.04
2023-12-02 04:00:00,22.04,22.26,21.86,22.09
2023-12-02 08:00:00,22.1,22.15,21.96,21.99
2023-12-02 12:00:00,22,22.08,21.77,21.96
2023-12-02 16:00:00,21.95,22.45,21.9,22.3
2023-12-02 20:00:00,22.29,22.38,22.06,22.24
2023-12-03 00:00:00,22.24,22.74,22.16,22.3
2023-12-03 04:00:00,22.31,22.34,22.01,22.18
2023-12-03 08:00:00,22.18,22.19,21.9,22.02
2023-12-03 12:00:00,22.01,22.03,21.59,21.84
2023-12-03 16:00:00,21.83,21.87,21.61,21.73
2023-12-03 20:00:00,21.73,22.28,21.72,21.94
2023-12-04 00:00:00,21.94,22.45,21.9,22.14
2023-12-04 04:00:00,22.14,22.73,22.14,22.45
2023-12-04 08:00:00,22.46,23.2,20.56,22.01
2023-12-04 12:00:00,22.01,22.09,21.15,21.4
2023-12-04 16:00:00,21.4,21.87,21.38,21.76
2023-12-04 20:00:00,21.76,22.72,21.73,22.68
2023-12-05 00:00:00,22.67,23.26,22.34,22.72
2023-12-05 04:00:00,22.72,22.88,22.01,22.18
2023-12-05 08:00:00,22.17,22.27,21.87,22
2023-12-05 12:00:00,22,22.41,21.81,22.34
2023-12-05 16:00:00,22.36,24.27,22.2,23.54
2023-12-05 20:00:00,23.53,24.83,23.39,24.54
2023-12-06 00:00:00,24.54,26.96,24.45,26.7
2023-12-06 04:00:00,26.7,26.76,25.31,25.9
2023-12-06 08:00:00,25.89,26.37,25.16,25.58
2023-12-06 12:00:00,25.58,26.69,25.45,25.8
2023-12-06 16:00:00,25.8,27.67,25.63,27.39
2023-12-06 20:00:00,27.39,27.46,26.04,26.2
2023-12-07 00:00:00,26.2,26.46,25.71,26.37
2023-12-07 04:00:00,26.37,27.1,26.29,26.62
2023-12-07 08:00:00,26.62,27.9,26.08,26.52
2023-12-07 12:00:00,26.52,26.95,25.89,26.89
2023-12-07 16:00:00,26.89,27.21,26.35,26.44
2023-12-07 20:00:00,26.43,26.83,26.13,26.27000
2023-12-08 00:00:00,26.31000,26.85,26.03,26.68
2023-12-08 04:00:00,26.69,27.48,26.5,26.88
2023-12-08 08:00:00,26.89,27.76,26.77,27.52
2023-12-08 12:00:00,27.53,28.55,27,27.71
2023-12-08 16:00:00,27.71,29.49,27.7,29.42
2023-12-08 20:00:00,29.43,30.8,29.11,30.44
2023-12-09 00:00:00,30.44,32.21,30.44,31.79
2023-12-09 04:00:00,31.79,32.97,31.43,32.85
2023-12-09 08:00:00,32.86,34.26,32.06,33.58
2023-12-09 12:00:00,33.57,33.98,32.57,32.96
2023-12-09 16:00:00,32.95,32.98,31.27,32.21
2023-12-09 20:00:00,32.21,32.47,31.34,31.91
2023-12-10 00:00:00,31.91,33.42,31.91,32.92
2023-12-10 04:00:00,32.93,34.25,32.26,32.64
2023-12-10 08:00:00,32.63,32.73,31.52,32.28
2023-12-10 12:00:00,32.29,33.32,32.19,33.16
2023-12-10 16:00:00,33.15,35.81,32.62,35.57
2023-12-10 20:00:00,35.57,37.99,35.3,37.14
2023-12-11 00:00:00,37.14,37.5,31.6,36.41
2023-12-11 04:00:00,36.41,37.23,34.52,35.29
2023-12-11 08:00:00,35.28,36.88,34.25,36.39
2023-12-11 12:00:00,36.38,36.72,34.68,35.46
2023-12-11 16:00:00,35.45,37.55,34.9,36.83
2023-12-11 20:00:00,36.83,39.39,35.69,38.04
2023-12-12 00:00:00,38.04,42.89,38.03,41.94
2023-12-12 04:00:00,41.94,42.6,40.73,40.96
2023-12-12 08:00:00,40.96,41.37,40,40.04
2023-12-12 12:00:00,40.04,40.72,37.01,37.64
2023-12-12 16:00:00,37.64,38.36,36,37.68
2023-12-12 20:00:00,37.69,38.03,36.28,37.49
2023-12-13 00:00:00,37.49,37.57,34.64,34.97
2023-12-13 04:00:00,34.97,35.57,34.02,35.26
2023-12-13 08:00:00,35.20000,36.76,35.2,35.86
2023-12-13 12:00:00,35.87,40.47,35.81,39.01
2023-12-13 16:00:00,39.02,41.47,38,41.04
2023-12-13 20:00:00,41.05,41.35,38.73,38.99
2023-12-14 00:00:00,38.98,39.38,38.15,38.73
2023-12-14 04:00:00,38.74,39.14,38.08,38.72
2023-12-14 08:00:00,38.72,39.65,37.71,39.61
2023-12-14 12:00:00,39.61,39.62,36.51,38.24
2023-12-14 16:00:00,38.23,39.56,38.23,38.85
2023-12-14 20:00:00,38.83,40.34,38.5,39.3
2023-12-15 00:00:00,39.29,39.68,38.52,39.49
2023-12-15 04:00:00,39.5,40.43,38.93,39.35
2023-12-15 08:00:00,39.34,41.42,39.05,40.95
2023-12-15 12:00:00,40.95,41.76,39.53,40.38
2023-12-15 16:00:00,40.38,42.19,39.05,41.26
2023-12-15 20:00:00,41.26,42.27,39.62,39.71
2023-12-16 00:00:00,39.72,41.31,38.5,41.15
2023-12-16 04:00:00,41.14,42.3,40.83,41.85
2023-12-16 08:00:00,41.85,43.75,41.58,43.64
2023-12-16 12:00:00,43.72000,45,42.72,44.89
2023-12-16 16:00:00,44.9,45.33,42.45,42.49
2023-12-16 20:00:00,42.49,43.25,41.77,42.22
2023-12-17 00:00:00,42.23,43.55,42.01,43.35
2023-12-17 04:00:00,43.35,44.06,41.3,41.47
2023-12-17 08:00:00,41.47,42.65,41.31,42.28
2023-12-17 12:00:00,42.29,42.43,40.75,42.08
2023-12-17 16:00:00,42.08,42.89,41.46,41.85
2023-12-17 20:00:00,41.85,42.08,40.28,40.62
2023-12-18 00:00:00,40.62,41.44,39,39.54
2023-12-18 04:00:00,39.54,40.11000,38.72,38.83
2023-12-18 08:00:00,38.91000,39.3,36.5,38.17
2023-12-18 12:00:00,38.18,40,37.6,39.13
2023-12-18 16:00:00,39.14,40.55,38.82,39.82
2023-12-18 20:00:00,39.82,41.39,39.31,41.16
2023-12-19 00:00:00,41.15,42.17,40.68,40.73
2023-12-19 04:00:00,40.74,41.16,40.34,40.81
2023-12-19 08:00:00,40.82,41.51,40.37,41.01
2023-12-19 12:00:00,41.01,41.65,39.4,39.79
2023-12-19 16:00:00,39.79,41.02,38.73,40.51
2023-12-19 20:00:00,40.52,41.01,39.45,39.74
2023-12-20 00:00:00,39.73,40.34,39.08,40.27
2023-12-20 04:00:00,40.27,41.88,40,41.47
2023-12-20 08:00:00,41.47,42.99,41.25,42.54
2023-12-20 12:00:00,42.53,43.90000,42.12,43.64000
2023-12-20 16:00:00,43.77000,44.49,42.48,42.94
2023-12-20 20:00:00,42.95,43.5,42.17,43.46
2023-12-21 00:00:00,43.46,44.95,43.06,44.18
2023-12-21 04:00:00,44.18,45.44,44.08,44.82
2023-12-21 08:00:00,44.82,46.4,44.6,45.4
2023-12-21 12:00:00,45.4,45.69,44.37,44.7
2023-12-21 16:00:00,44.7,47.38,44.67,45.67
2023-12-21 20:00:00,45.68,46.36,45.24,45.97
2023-12-22 00:00:00,45.96,48.88,45.96,47.73
2023-12-22 04:00:00,47.73,48.55,44.92,45.85
2023-12-22 08:00:00,45.84,46.14,43.66,44.59
2023-12-22 12:00:00,44.59,45.23,43.77,45.12
2023-12-22 16:00:00,45.12,46.12,44.34,45.06
2023-12-22 20:00:00,45.06,45.63,44.53,45.35
2023-12-23 00:00:00,45.35,45.35,43.34,43.89
2023-12-23 04:00:00,43.88,45.68,43.69,45.12
2023-12-23 08:00:00,45.12,46.03,44.81,45.02
2023-12-23 12:00:00,45.01,45.55,44.79,45.07
2023-12-23 16:00:00,45.06,45.9,44.24,45.26
2023-12-23 20:00:00,45.26,48.27,45.26,48.05
2023-12-24 00:00:00,48.04,48.59,46.45,48.51
2023-12-24 04:00:00,48.51,49.96,46.32,48.2
2023-12-24 08:00:00,48.21,48.39,46.46,47.49
2023-12-24 12:00:00,47.49,48,47.05,47.85
2023-12-24 16:00:00,47.87,49.45,47.62,49.4
2023-12-24 20:00:00,49.4,49.42,46.38,47.68
2023-12-25 00:00:00,47.68,48.4,46.54,47.39
2023-12-25 04:00:00,47.4,47.87,46.9,47.01
2023-12-25 08:00:00,47,47.28,45.94,46.47
2023-12-25 12:00:00,46.46,48.86,46.15,48.67
2023-12-25 16:00:00,48.66,48.9,47.47,47.69
2023-12-25 20:00:00,47.68,48.48,46.89,48.18
2023-12-26 00:00:00,48.18,48.35,46.95,47.37
2023-12-26 04:00:00,47.38,47.58,45.19,46.05
2023-12-26 08:00:00,46.04,46.72,45.66,46.59
2023-12-26 12:00:00,46.58,46.7,44.8,44.85
2023-12-26 16:00:00,44.86,45.54,40.53,43
2023-12-26 20:00:00,42.99,44.57,42.96,44.41
2023-12-27 00:00:00,44.41,44.85,42.48,42.74
2023-12-27 04:00:00,42.74,43.84,42.73,43.27
2023-12-27 08:00:00,43.26,44.95,43.01,44.49
2023-12-27 12:00:00,44.48,44.55,43,43.24
2023-12-27 16:00:00,43.25,43.29,41.87,42.88
2023-12-27 20:00:00,42.88,43.47,42.05,42.39
2023-12-28 00:00:00,42.4,43.39,41.52,42.17
2023-12-28 04:00:00,42.17,42.65,40.96,41.48
2023-12-28 08:00:00,41.49,42.34,41.2,42.14
2023-12-28 12:00:00,42.13,42.24,39.26,40.09
2023-12-28 16:00:00,40.08,40.32,39.23,39.92
2023-12-28 20:00:00,39.92,40.48,39.39,39.8
2023-12-29 00:00:00,39.8,41.16,38.5,41.04
2023-12-29 04:00:00,41.05,41.75,40.5,40.59
2023-12-29 08:00:00,40.6,42.15,40.55,41.84
2023-12-29 12:00:00,41.83,42.02,39.46,39.83
2023-12-29 16:00:00,39.84,40.5,39.14,40.37
2023-12-29 20:00:00,40.38,40.49,39.36,40.18
2023-12-30 00:00:00,40.18,40.36,39.51,39.74
2023-12-30 04:00:00,39.73,40.04,39.03,39.11
2023-12-30 08:00:00,39.11,39.18,38.15,39.16
2023-12-30 12:00:00,39.15,39.88,38.95,39.82
2023-12-30 16:00:00,39.82,40.12,39.47,39.96
2023-12-30 20:00:00,39.96,40.09,39.12,39.33
2023-12-31 00:00:00,39.33,39.57,38.58,38.91
2023-12-31 04:00:00,38.9,40.36,38.81,40.31
2023-12-31 08:00:00,40.32,40.55,39.84,39.97
2023-12-31 12:00:00,39.98,40.27,39.18,39.22
2023-12-31 16:00:00,39.22,39.94,39.19,39.33
2023-12-31 20:00:00,39.33,39.69,37.51,38.55
2024-01-01 00:00:00,38.57,39.65,38.4,38.51
2024-01-01 04:00:00,38.51,38.68,38,38.53
2024-01-01 08:00:00,38.54,39.89,38.46,39.52
2024-01-01 12:00:00,39.53,40.28,39.3,40.15
2024-01-01 16:00:00,40.14,41.08,39.88,41.05
2024-01-01 20:00:00,41.06,42,40.75,41.94
2024-01-02 00:00:00,41.95,42.83,41.59,42.08
2024-01-02 04:00:00,42.08,43.33,41.9,43.21
2024-01-02 08:00:00,43.2,43.44,41.98,42.28
2024-01-02 12:00:00,42.29,42.5,40.51,41.15
2024-01-02 16:00:00,41.16,41.46,40.52,40.78
2024-01-02 20:00:00,40.78,41.05,40.31,40.61
2024-01-03 00:00:00,40.61,41,40.38,40.73
2024-01-03 04:00:00,40.73,41.29,40.57,40.68
2024-01-03 08:00:00,40.69,41.43,39,39.32
2024-01-03 12:00:00,39.33,39.35,33.06,37.14
2024-01-03 16:00:00,37.15,37.28,35.5,36.22
2024-01-03 20:00:00,36.21,37.46,36.16,36.8
2024-01-04 00:00:00,36.79,37.2,36.2,36.99
2024-01-04 04:00:00,36.99,37.38,36.58,36.59
2024-01-04 08:00:00,36.6,37.15,36.07,37.03
2024-01-04 12:00:00,37.04,39.45,36.78,39.3
2024-01-04 16:00:00,39.3,39.38,38.02,38.78
2024-01-04 20:00:00,38.78,39.41,38.31,38.72
2024-01-05 00:00:00,38.72,38.91,36.5,36.95
2024-01-05 04:00:00,36.95,37.31,36.67,37.05
2024-01-05 08:00:00,37.05,37.74,36.33,36.41
2024-01-05 12:00:00,36.41,36.98,35.58,36.1
2024-01-05 16:00:00,36.09,36.29,35,35.8
2024-01-05 20:00:00,35.81,36.58,35.73,36.46
2024-01-06 00:00:00,36.46,36.51,35.36,35.44
2024-01-06 04:00:00,35.45,35.8,33.42,34.47
2024-01-06 08:00:00,34.46,35.03,34.13,34.75
2024-01-06 12:00:00,34.76,35.18,34.38,34.94
2024-01-06 16:00:00,34.94,35.41,34.52,34.74
2024-01-06 20:00:00,34.73,34.91,33.65,34.61
2024-01-07 00:00:00,34.62,35.46,34.23,34.52
2024-01-07 04:00:00,34.52,35.78,34.5,35.07
2024-01-07 08:00:00,35.07,35.33,34.32,34.9
2024-01-07 12:00:00,34.9,35.75,34.46,34.68
2024-01-07 16:00:00,34.69,35.5,34.25,34.94
2024-01-07 20:00:00,34.94,35.02,33.08,33.64
2024-01-08 00:00:00,33.65,33.97,31.12,31.91
2024-01-08 04:00:00,31.91,33.23,31.62,32.61
2024-01-08 08:00:00,32.61,33.79,32.32,33.72
2024-01-08 12:00:00,33.72,34.53,33.58,34.22
2024-01-08 16:00:00,34.24,36.46,33.92,36.21
2024-01-08 20:00:00,36.21,36.3,35.49,36.08
2024-01-09 00:00:00,36.08,36.54,35.03,35.95
2024-01-09 04:00:00,35.94,37.6,35.88,37.04
2024-01-09 08:00:00,37.03,37.49,36.19,36.43
2024-01-09 12:00:00,36.44,36.57,34.46,35.6
2024-01-09 16:00:00,35.6,35.75,34.66,35.07
2024-01-09 20:00:00,35.08,35.8,33.78,34.65
2024-01-10 00:00:00,34.64,34.9,34.16,34.48
2024-01-10 04:00:00,34.47,34.72,34.13000,34.15000
2024-01-10 08:00:00,34.15,35.23000,33.70000,34.94
2024-01-10 12:00:00,34.95,35.02,33.32,34.72
2024-01-10 16:00:00,34.71,35.99,34.5,35.36
2024-01-10 20:00:00,35.37,39.55,34.35,38.53
2024-01-11 00:00:00,38.54,38.84,38,38.76
2024-01-11 04:00:00,38.75,39.35,37.54,38.41
2024-01-11 08:00:00,38.42,39.77,38.36,39.72
2024-01-11 12:00:00,39.72,41.85,38.99,39.49
2024-01-11 16:00:00,39.49,39.96,38.34,39.94
2024-01-11 20:00:00,39.94,40.39,39.1,39.29
2024-01-12 00:00:00,39.29,39.59,38.34,38.8
2024-01-12 04:00:00,38.8,39.36,38.47,38.71
2024-01-12 08:00:00,38.71,39.02,38.2,38.61
2024-01-12 12:00:00,38.61,38.97,37.1,37.39
2024-01-12 16:00:00,37.38,37.76,35.9,36.59
2024-01-12 20:00:00,36.59,37.22,34.34,35.93
2024-01-13 00:00:00,35.93,36.15,34.7,35.47
2024-01-13 04:00:00,35.47,36.1,35.38,35.86
2024-01-13 08:00:00,35.87,36.12,35.55,35.9
2024-01-13 12:00:00,35.9,36.29,35.63,36.11
2024-01-13 16:00:00,36.11,36.45,35.86,36.25
2024-01-13 20:00:00,36.26,36.63,36.14,36.49
2024-01-14 00:00:00,36.48,36.59,35.83,36.03
2024-01-14 04:00:00,36.02,37.23,35.8,36.42
2024-01-14 08:00:00,36.42,36.96,36.23,36.41
2024-01-14 12:00:00,36.4,37.26,36.17,37.18
2024-01-14 16:00:00,37.18,37.86,36.03,36.12
2024-01-14 20:00:00,36.12,36.55,35.28,35.29
2024-01-15 00:00:00,35.28,36.47,35.22,36.01
2024-01-15 04:00:00,36.02,36.43,35.77,35.98
2024-01-15 08:00:00,35.99,36.52,35.87,36.34
2024-01-15 12:00:00,36.34,36.5,35.16,35.28
2024-01-15 16:00:00,35.27,36.81,35.19,36.4
2024-01-15 20:00:00,36.41,36.52,35.36,35.61
2024-01-16 00:00:00,35.6,36.26,35.6,36.25
2024-01-16 04:00:00,36.25,36.27,35.5,35.81
2024-01-16 08:00:00,35.82,36.54,35.62,35.77
2024-01-16 12:00:00,35.77,36.25,34.74,35.68
2024-01-16 16:00:00,35.68,35.88,35.35,35.5
2024-01-16 20:00:00,35.49,36.22,35.49,35.57
2024-01-17 00:00:00,35.58,36.41,35.5,36.2
2024-01-17 04:00:00,36.21,36.25,35.39,35.43
2024-01-17 08:00:00,35.43,36.51,35.31,36.27
2024-01-17 12:00:00,36.27,36.5,35.75,35.79
2024-01-17 16:00:00,35.8,36.11,35.25,35.91
2024-01-17 20:00:00,35.91,36.44,35.75,36.06
2024-01-18 00:00:00,36.07,36.19,35.5,35.71
2024-01-18 04:00:00,35.7,35.97,35.44,35.87
2024-01-18 08:00:00,35.88,35.91,35.05,35.26
2024-01-18 12:00:00,35.25,35.38,34.82,35.22
2024-01-18 16:00:00,35.21,35.22,32.72,32.97
2024-01-18 20:00:00,32.96,33.91,32.91,33.59
2024-01-19 00:00:00,33.59,33.7,32.59,33.13
2024-01-19 04:00:00,33.13,33.74,33.03,33.44
2024-01-19 08:00:00,33.44,33.75,33.29,33.7
2024-01-19 12:00:00,33.69,33.69,32.49,32.65
2024-01-19 16:00:00,32.65,32.89,31.18,32.75
2024-01-19 20:00:00,32.75,33.14,32.41,32.73
2024-01-20 00:00:00,32.74,32.99,32.44,32.76
2024-01-20 04:00:00,32.76,32.94,32.57,32.59
2024-01-20 08:00:00,32.59,32.74,32.03,32.4
2024-01-20 12:00:00,32.39,32.7,32.25,32.47
2024-01-20 16:00:00,32.45,32.61,32.18,32.35
2024-01-20 20:00:00,32.34,32.97,32.28,32.89
2024-01-21 00:00:00,32.87,33.13,32.46,33.02
2024-01-21 04:00:00,33.02,33.24,32.77,33.1
2024-01-21 08:00:00,33.1,33.44,32.96,33.31
2024-01-21 12:00:00,33.32,33.5,32.86,32.97
2024-01-21 16:00:00,32.97,33.27,32.68,33.11
2024-01-21 20:00:00,33.11,33.15,32.45,32.54
2024-01-22 00:00:00,32.54,32.74,31.96,32.24
2024-01-22 04:00:00,32.23,32.4,31.6,31.98
2024-01-22 08:00:00,31.99,31.99,30.67,31.2
2024-01-22 12:00:00,31.19,31.65,30.18,30.62
2024-01-22 16:00:00,30.64,30.8,29.32,29.87
2024-01-22 20:00:00,29.87,30.61,29.41,29.53
2024-01-23 00:00:00,29.53,30.22,29.31,29.95
2024-01-23 04:00:00,29.96,30.23,29.16,29.34
2024-01-23 08:00:00,29.34,29.51,27.43,27.92
2024-01-23 12:00:00,27.93,29.32,27.24,29.1
2024-01-23 16:00:00,29.1,29.46,28.69,28.87
2024-01-23 20:00:00,28.88,30.88,28.78,30.63
2024-01-24 00:00:00,30.64,30.7,29.54,29.61
2024-01-24 04:00:00,29.61,30.77,29.49,30.57
2024-01-24 08:00:00,30.59,31.81,30.5,31.24
2024-01-24 12:00:00,31.24,31.91,30.52,30.98
2024-01-24 16:00:00,30.99,31.63,30.49,30.65
2024-01-24 20:00:00,30.65,31.29,30.04,31.2
2024-01-25 00:00:00,31.19,31.36,30.57,30.76
2024-01-25 04:00:00,30.75,30.79,30.21,30.58
2024-01-25 08:00:00,30.58,30.67,30.05,30.34
2024-01-25 12:00:00,30.35,30.47,29.61,29.8
2024-01-25 16:00:00,29.79,31.06,29.66,30.54
2024-01-25 20:00:00,30.54,30.74,30.27,30.51
2024-01-26 00:00:00,30.51,30.94,30.12,30.74
2024-01-26 04:00:00,30.73,30.94,30.46,30.61
2024-01-26 08:00:00,30.62,32.35,30.61,32.26
2024-01-26 12:00:00,32.28,32.4,31.51,32.15
2024-01-26 16:00:00,32.15,33.11,32.11,32.71
2024-01-26 20:00:00,32.7,32.96,32.13,32.26
2024-01-27 00:00:00,32.26,32.83,32.14,32.71
2024-01-27 04:00:00,32.7,32.89,32,32.09
2024-01-27 08:00:00,32.08,32.46,31.85,32.32
2024-01-27 12:00:00,32.32,32.79,32.25,32.65
2024-01-27 16:00:00,32.66,32.87,32.31,32.74
2024-01-27 20:00:00,32.74,33.32,32.7,33.28
2024-01-28 00:00:00,33.29,36.11,33.19,35.87
2024-01-28 04:00:00,35.88,36.39,35.33,35.68
2024-01-28 08:00:00,35.69,36.72,35.6,36.17
2024-01-28 12:00:00,36.17,36.34,35.32,35.63
2024-01-28 16:00:00,35.63,36,34.43,34.64
2024-01-28 20:00:00,34.63,35.13,34.37,34.82
2024-01-29 00:00:00,34.83,35.77,34.55,35.4
2024-01-29 04:00:00,35.41,35.58,34.81,34.89
2024-01-29 08:00:00,34.88,35.35,34.71,34.94
2024-01-29 12:00:00,34.94,35.86,34.34,35.81
2024-01-29 16:00:00,35.8,36.55,35.45,35.94
2024-01-29 20:00:00,35.94,36.27,35.82,36.06
2024-01-30 00:00:00,36.07,36.46,35.64,35.76
2024-01-30 04:00:00,35.75,36.07,35.5,35.74
2024-01-30 08:00:00,35.74,37.15,35.53,37
2024-01-30 12:00:00,37,37.02,35.61,36.15
2024-01-30 16:00:00,36.15,36.52,35.8,36.2
2024-01-30 20:00:00,36.2,36.36,35,35.22
2024-01-31 00:00:00,35.23,35.32,34.66,34.95
2024-01-31 04:00:00,34.94,35.18,34.62,34.98
2024-01-31 08:00:00,34.98,35.06,34.01,34.73
2024-01-31 12:00:00,34.72,35.49,34.3,35.23
2024-01-31 16:00:00,35.23,35.5,34.7,35.18
2024-01-31 20:00:00,35.18,35.25,33.13,33.17
2024-02-01 00:00:00,33.18,33.32,32.3,32.9
2024-02-01 04:00:00,32.89,33.49,32.76,33.36
2024-02-01 08:00:00,33.36,33.55,33.02,33.05
2024-02-01 12:00:00,33.05,33.95,32.83,33.37
2024-02-01 16:00:00,33.37,33.85,32.93,33.72
2024-02-01 20:00:00,33.72,33.97,33.53,33.85
2024-02-02 00:00:00,33.87,34.5,33.76,34.39
2024-02-02 04:00:00,34.38,34.92,34.05,34.89
2024-02-02 08:00:00,34.9,36.31,34.69,36.24
2024-02-02 12:00:00,36.24,36.83,35.38,36.58
2024-02-02 16:00:00,36.58,36.94,35.82,36.23
2024-02-02 20:00:00,36.23,36.8,36.1,36.76
2024-02-03 00:00:00,36.76,37.6,36.01,36.04
2024-02-03 04:00:00,36.04,36.42,35.87,35.97
2024-02-03 08:00:00,35.97,36.13,35.56,35.74
2024-02-03 12:00:00,35.74,35.92,35.4,35.78
2024-02-03 16:00:00,35.79,36.8,35.73,36.28
2024-02-03 20:00:00,36.28,36.3,35.86,35.95
2024-02-04 00:00:00,35.96,36.53,35.73,36.21
2024-02-04 04:00:00,36.21,36.22,35.49,35.72
2024-02-04 08:00:00,35.71,36.13,35.41,35.98
2024-02-04 12:00:00,35.98,36.29,35.57,35.76
2024-02-04 16:00:00,35.77,35.88,35.33,35.48
2024-02-04 20:00:00,35.48,35.6,34.68,34.87
2024-02-05 00:00:00,34.86,35.07,34.32,34.93
2024-02-05 04:00:00,34.93,35.73,34.69,35.57
2024-02-05 08:00:00,35.57,35.77,35.29,35.64
2024-02-05 12:00:00,35.65,35.92,34.57,34.65
2024-02-05 16:00:00,34.64,34.87,34.43,34.58
2024-02-05 20:00:00,34.59,34.6,34.11,34.55
2024-02-06 00:00:00,34.55,34.75,34.32,34.47
2024-02-06 04:00:00,34.47,34.55,34.04,34.29
2024-02-06 08:00:00,34.29,34.55,33.72,34
2024-02-06 12:00:00,34,34.26,33.76,34.25
2024-02-06 16:00:00,34.26,34.43,33.99,34.25
2024-02-06 20:00:00,34.25,34.46,34.08,34.16
2024-02-07 00:00:00,34.16,34.4,33.88,33.91
2024-02-07 04:00:00,33.9,34.28,33.65,34.04
2024-02-07 08:00:00,34.04,34.46,33.94,34.17
2024-02-07 12:00:00,34.16,34.67,34.14,34.42
2024-02-07 16:00:00,34.43,35.48,34.37,35.07
2024-02-07 20:00:00,35.07,35.5,35.05,35.28
2024-02-08 00:00:00,35.28,35.59,35.25,35.5
2024-02-08 04:00:00,35.49,35.75,35.08,35.21
2024-02-08 08:00:00,35.22,35.65,35.2,35.33
2024-02-08 12:00:00,35.34,36.15,35.17,36.04
2024-02-08 16:00:00,36.04,36.1,35.23,35.51
2024-02-08 20:00:00,35.51,35.77,35.31,35.42
2024-02-09 00:00:00,35.43,36.28,35.41,35.91
2024-02-09 04:00:00,35.92,36.14,35.72,36.09
2024-02-09 08:00:00,36.1,36.45,36.03,36.45
2024-02-09 12:00:00,36.46,37.83,36.42,37.58
2024-02-09 16:00:00,37.58,38.15,37.13,38.1
2024-02-09 20:00:00,38.11,38.61,37.96,38
2024-02-10 00:00:00,38,39.48,38,39.43
2024-02-10 04:00:00,39.43,39.8,39,39.07
2024-02-10 08:00:00,39.06,39.34,38.17,38.79
2024-02-10 12:00:00,38.79,39.58,38.26,39.36
2024-02-10 16:00:00,39.35,39.67,38.96,39.39
2024-02-10 20:00:00,39.38,41.24,39.16,40.2
2024-02-11 00:00:00,40.2,40.65,40.1,40.39
2024-02-11 04:00:00,40.4,40.86,40.18,40.84
2024-02-11 08:00:00,40.83,41.2,40.22,40.54
2024-02-11 12:00:00,40.54,40.72,39.59,39.87
2024-02-11 16:00:00,39.88,40.15,39.55,39.79
2024-02-11 20:00:00,39.79,40.07,39.33,39.72
2024-02-12 00:00:00,39.73,40.12,38.6,38.75
2024-02-12 04:00:00,38.74,39.03,38.38,38.87
2024-02-12 08:00:00,38.87,39.12,38.39,38.62
2024-02-12 12:00:00,38.61,40.24,38.51,40.2
2024-02-12 16:00:00,40.2,41.13,39.84,40.29
2024-02-12 20:00:00,40.3,41.18,40.04,40.97
2024-02-13 00:00:00,40.96,41.7,40.52,40.54
2024-02-13 04:00:00,40.53,41.21,40.53,41.09
2024-02-13 08:00:00,41.08,41.55,40.71,41.02
2024-02-13 12:00:00,41.02,41.04,38.89,39.43
2024-02-13 16:00:00,39.44,39.94,38.88,39.56
2024-02-13 20:00:00,39.56,40.12,39.41,39.74
2024-02-14 00:00:00,39.73,39.74,39.1,39.5
2024-02-14 04:00:00,39.5,39.95,39.28,39.9
2024-02-14 08:00:00,39.91,41.89,39.76,41.48
2024-02-14 12:00:00,41.49,42.29,41.07,41.68
2024-02-14 16:00:00,41.68,41.87,40.96,41.83
2024-02-14 20:00:00,41.84,42.42,41.67,42.22
2024-02-15 00:00:00,42.23,42.73,41.83,42.38
2024-02-15 04:00:00,42.37,42.93,41.4,42.9
2024-02-15 08:00:00,42.9,43.6,42.26,42.87
2024-02-15 12:00:00,42.87,43.2,41.49,41.88
2024-02-15 16:00:00,41.88,42.27,41.28,41.69
2024-02-15 20:00:00,41.68,41.88,40.84,41.55
2024-02-16 00:00:00,41.54,41.79,41.15,41.71
2024-02-16 04:00:00,41.71,41.81,40.67,40.76
2024-02-16 08:00:00,40.75,41.21,39.97,41
2024-02-16 12:00:00,41,41.35,39.41,40.08
2024-02-16 16:00:00,40.08,40.49,39.76,39.82
2024-02-16 20:00:00,39.82,40.41,39.75,40.26
2024-02-17 00:00:00,40.25,40.36,39.56,40.21
2024-02-17 04:00:00,40.21,40.47,40.04,40.23
2024-02-17 08:00:00,40.23,40.23,39.27,39.71
2024-02-17 12:00:00,39.71,39.84,38.38,39.1
2024-02-17 16:00:00,39.1,39.7,38.84,39.61
2024-02-17 20:00:00,39.62,40.05,39.52,39.76
2024-02-18 00:00:00,39.75,39.96,38.97,39.34
2024-02-18 04:00:00,39.34,40.26,39.34,40
2024-02-18 08:00:00,39.99,40.63,39.81,40.34
2024-02-18 12:00:00,40.34,40.49,39.87,40.25
2024-02-18 16:00:00,40.24,40.6,40,40.15
2024-02-18 20:00:00,40.14,40.75,39.88,40.29
2024-02-19 00:00:00,40.29,40.64,39.91,40.07
2024-02-19 04:00:00,40.06,40.57,39.7,40.5
2024-02-19 08:00:00,40.5,40.55,39.58,39.99
2024-02-19 12:00:00,39.99,40.35,39.43,39.61
2024-02-19 16:00:00,39.6,39.78,39.11,39.38
2024-02-19 20:00:00,39.37,39.9,39.25,39.51
2024-02-20 00:00:00,39.51,39.63,38.58,38.93
2024-02-20 04:00:00,38.93,39.58,38.8,39.28
2024-02-20 08:00:00,39.27,39.33,38.07,39.22
2024-02-20 12:00:00,39.23,39.72,36.84,37.7
2024-02-20 16:00:00,37.71,38.4,36.92,38.33
2024-02-20 20:00:00,38.34,38.79,38.11,38.49
2024-02-21 00:00:00,38.5,38.55,37.91,38.01
2024-02-21 04:00:00,38.01,38.1,37.12,37.35
2024-02-21 08:00:00,37.35,37.55,36.41,36.74
2024-02-21 12:00:00,36.74,37.3,36.24,36.69
2024-02-21 16:00:00,36.69,36.92,35.9,36.79
2024-02-21 20:00:00,36.78,37.72,36.62,37.61
2024-02-22 00:00:00,37.6,37.67,36.6,36.97
2024-02-22 04:00:00,36.96,37.78,36.7,37.74
2024-02-22 08:00:00,37.73,38.22,37.38,37.5
2024-02-22 12:00:00,37.5,37.64,36.52,37.5
2024-02-22 16:00:00,37.5,37.66,36.93,37.29
2024-02-22 20:00:00,37.28,37.76,36.62,36.78
2024-02-23 00:00:00,36.77,36.96,36.04,36.52
2024-02-23 04:00:00,36.51,36.75,36.27,36.42
2024-02-23 08:00:00,36.41,36.86,36.1,36.78
2024-02-23 12:00:00,36.78,36.79,35.55,35.74
2024-02-23 16:00:00,35.74,36.45,35.14,36.4
2024-02-23 20:00:00,36.39,36.52,35.42,35.92
2024-02-24 00:00:00,35.91,36.14,35.2,35.84
2024-02-24 04:00:00,35.85,36.43,35.78,36.36
2024-02-24 08:00:00,36.37,36.69,36.1,36.63
2024-02-24 12:00:00,36.62,36.77,36.25,36.36
2024-02-24 16:00:00,36.35,36.95,36.33,36.75
2024-02-24 20:00:00,36.75,36.87,36.55,36.76
2024-02-25 00:00:00,36.76,37.04,36.42,36.81
2024-02-25 04:00:00,36.81,37.24,36.48,36.91
2024-02-25 08:00:00,36.9,36.91,36.56,36.79
2024-02-25 12:00:00,36.8,37.25,36.68,36.84
2024-02-25 16:00:00,36.84,37.12,36.63,37.05
2024-02-25 20:00:00,37.05,37.49,36.91,37.46
2024-02-26 00:00:00,37.46,37.55,36.82,37
2024-02-26 04:00:00,36.99,37.33,36.77,36.83
2024-02-26 08:00:00,36.82,37.06,36.28,36.69
2024-02-26 12:00:00,36.7,38.5,36.48,38.27
2024-02-26 16:00:00,38.27,39.21,38.2,39
2024-02-26 20:00:00,38.99,39.35,38.8,39.29
2024-02-27 00:00:00,39.29,39.94,38.96,39.17
2024-02-27 04:00:00,39.18,39.57,39.04,39.09
2024-02-27 08:00:00,39.09,39.61,39.08,39.55
2024-02-27 12:00:00,39.55,39.84,38.43,38.64
2024-02-27 16:00:00,38.64,39.27,38.31,39.07
2024-02-27 20:00:00,39.08,39.41,38.9,39.26
2024-02-28 00:00:00,39.25,39.55,39.02,39.16
2024-02-28 04:00:00,39.15,39.75,39.13,39.75
2024-02-28 08:00:00,39.75,40.61,39.15,39.57
2024-02-28 12:00:00,39.57,40.37,39.16,39.86
2024-02-28 16:00:00,39.84,41.3,36.2,38.51
2024-02-28 20:00:00,38.51,40.74,38.14,40.33
2024-02-29 00:00:00,40.33,41.8,40.15,41.33
2024-02-29 04:00:00,41.33,41.82,41,41.61
2024-02-29 08:00:00,41.61,44.65,41.51,42.99000
2024-02-29 12:00:00,42.99000,43.70000,42.38,43.52000
2024-02-29 16:00:00,43.60000,43.6,41.63,42.44
2024-02-29 20:00:00,42.45,42.47,39.59,40.97
2024-03-01 00:00:00,40.98,42.9,40.98,42.64
2024-03-01 04:00:00,42.65,43.37,41.81,41.85
2024-03-01 08:00:00,41.84,42.89,41.77,42.52
2024-03-01 12:00:00,42.52,42.68,41.39,41.56
2024-03-01 16:00:00,41.57,42.07,41.34,42.01
2024-03-01 20:00:00,42.01,42.86,41.82,42.67
2024-03-02 00:00:00,42.68,43.53,41.95,43.37
2024-03-02 04:00:00,43.37,43.71,42.36,42.57
2024-03-02 08:00:00,42.57,42.96,41.97,42.28
2024-03-02 12:00:00,42.28,43.14,42.08,42.19
2024-03-02 16:00:00,42.2,43.04,42.18,43.03
2024-03-02 20:00:00,43.02,44.58,42.51,44.35
2024-03-03 00:00:00,44.35,44.89,43.24,43.85
2024-03-03 04:00:00,43.85,44.01,40.35,41.85
2024-03-03 08:00:00,41.85,42.92,41.32,42.6
2024-03-03 12:00:00,42.61,43,42.52,42.57
2024-03-03 16:00:00,42.57,42.99,42.37,42.57
2024-03-03 20:00:00,42.58,42.88,42.4,42.58
2024-03-04 00:00:00,42.59,43.43,42,42.26
2024-03-04 04:00:00,42.25,43.08,42,42.96
2024-03-04 08:00:00,42.97,43.99,42.71,43.59
2024-03-04 12:00:00,43.59,43.92,42.46,43.51
2024-03-04 16:00:00,43.5,43.63,41.42,42.55
2024-03-04 20:00:00,42.56,43.09,41.87,43.08
2024-03-05 00:00:00,43.09,43.14,41.73,42.04
2024-03-05 04:00:00,42.04,43.34,41.2,42.5
2024-03-05 08:00:00,42.5,43.39,42.06,42.74
2024-03-05 12:00:00,42.75,45.18,41.91,44.12
2024-03-05 16:00:00,44.11,44.5,34.83,37.58
2024-03-05 20:00:00,37.62,39.71,36.54,39.43
2024-03-06 00:00:00,39.42,39.55,37.9,38.58
2024-03-06 04:00:00,38.59,41.2,38.59,41.19
2024-03-06 08:00:00,41.18,41.7,40.51,40.91
2024-03-06 12:00:00,40.9,41.01,38.77,39.8
2024-03-06 16:00:00,39.8,41.11,39.74,40.8
2024-03-06 20:00:00,40.81,42.14,40.71,41.56
2024-03-07 00:00:00,41.56,43.88,41.55,42.91
2024-03-07 04:00:00,42.91,43.07,41.64,42.69
2024-03-07 08:00:00,42.68,43.48,42.41,42.85
2024-03-07 12:00:00,42.85,44.5,42.48,43.77
2024-03-07 16:00:00,43.78,44.27,43.5,43.84
2024-03-07 20:00:00,43.83,44.08,43.18,43.2
2024-03-08 00:00:00,43.2,43.86,42.86,42.94
2024-03-08 04:00:00,42.95,43.44,42.67,43.1
2024-03-08 08:00:00,43.1,43.62,43.05,43.54
2024-03-08 12:00:00,43.54,43.96,41.42,42.37
2024-03-08 16:00:00,42.37,43.03,41.09,42.55
2024-03-08 20:00:00,42.55,42.83,42.15,42.61
2024-03-09 00:00:00,42.62,42.93,42.33,42.58
2024-03-09 04:00:00,42.58,43.17,42.56,43.03
2024-03-09 08:00:00,43.04,43.17,42.43,43.07
2024-03-09 12:00:00,43.07,43.35,42.91,43.1
2024-03-09 16:00:00,43.1,43.54,42.53,42.89
2024-03-09 20:00:00,42.9,43.26,42.76,42.92
2024-03-10 00:00:00,42.92,43.32,42.71,42.93
2024-03-10 04:00:00,42.93,43.91,42.86,43.79
2024-03-10 08:00:00,43.8,43.93,42.52,42.68
2024-03-10 12:00:00,42.67,42.89,41.3,41.77
2024-03-10 16:00:00,41.76,42.61,41.7,42.2
2024-03-10 20:00:00,42.21,42.25,40.89,42.05
2024-03-11 00:00:00,42.04,42.19,40.01,41.56
2024-03-11 04:00:00,41.56,42.99,41.3,42.81
2024-03-11 08:00:00,42.82,47.06,42.82,46.16
2024-03-11 12:00:00,46.16,48.8,46.07,46.67
2024-03-11 16:00:00,46.67,48.2,46.21,47.49
2024-03-11 20:00:00,47.49,49.56,47.38,49.09
2024-03-12 00:00:00,49.09,50.93,47.91,47.99
2024-03-12 04:00:00,47.99,48.98,47.3,47.65
2024-03-12 08:00:00,47.65,48.17,46.34,47.78
2024-03-12 12:00:00,47.79,54.09,47.1,53.74
2024-03-12 16:00:00,53.73,57.36,51.15,56.76
2024-03-12 20:00:00,56.77,56.98,54.65,55.48
2024-03-13 00:00:00,55.48,55.52,53.21,53.28
2024-03-13 04:00:00,53.28,54.53,52.53,53.87
2024-03-13 08:00:00,53.88,54.63,53.2,53.84
2024-03-13 12:00:00,53.85,54.96,52.2,53.53
2024-03-13 16:00:00,53.54,54.83,52.91,54.13
2024-03-13 20:00:00,54.13,55.5,53.25,54.79
2024-03-14 00:00:00,54.79,59.28,54.48,57.68
2024-03-14 04:00:00,57.69,57.72,55.33,55.89
2024-03-14 08:00:00,55.89,58.47,55.72,56.48
2024-03-14 12:00:00,56.49,56.78,52.69,53.13
2024-03-14 16:00:00,53.13,54.4,50.46,51.61
2024-03-14 20:00:00,51.62,54.5,51.5,53.95
2024-03-15 00:00:00,53.95,57.02,50.55,54.17
2024-03-15 04:00:00,54.16,54.5,51.35,53.73
2024-03-15 08:00:00,53.75,53.94,48.3,51.53
2024-03-15 12:00:00,51.52,57.21,50.58,55.43
2024-03-15 16:00:00,55.43,59,54.37,56.25
2024-03-15 20:00:00,56.26,58.68,54.61,58.36
2024-03-16 00:00:00,58.36,58.67,56.27,56.95
2024-03-16 04:00:00,56.95,61.19,55.17,60.65
2024-03-16 08:00:00,60.65,61.46,58.72,59.17
2024-03-16 12:00:00,59.17,59.24,56.16,58.02
2024-03-16 16:00:00,58.03,58.04,52.38,52.78
2024-03-16 20:00:00,52.77,54.42,52,53.44
2024-03-17 00:00:00,53.44,54.66,52.39,53.54
2024-03-17 04:00:00,53.54,53.59,50.05,51.47
2024-03-17 08:00:00,51.47,56.4,51.24,55.6
2024-03-17 12:00:00,55.61,56.83,54.09,55.63
2024-03-17 16:00:00,55.63,58.5,54.89,57.81
2024-03-17 20:00:00,57.82,58.45,56.01,58.45
2024-03-18 00:00:00,58.44,61.69,55.26,60.51
2024-03-18 04:00:00,60.51,62.38,59.41,61.28
2024-03-18 08:00:00,61.29,64.54,59.36,63.81
2024-03-18 12:00:00,63.81,64.49,59.82,61.75
2024-03-18 16:00:00,61.74,65.39,61.34,62.36
2024-03-18 20:00:00,62.37,64.68,60.14,60.65
2024-03-19 00:00:00,60.64,61.95,56.89,59.13
2024-03-19 04:00:00,59.13,60.37,55.12,60.19
2024-03-19 08:00:00,60.2,60.21,55.11,58.03
2024-03-19 12:00:00,58.03,61.26,56.53,59.82
2024-03-19 16:00:00,59.83,61.86,58.49,58.56
2024-03-19 20:00:00,58.57,58.7,53.16,53.63
2024-03-20 00:00:00,53.62,54.61,51.22,51.48
2024-03-20 04:00:00,51.5,54.22,50.42,53.85
2024-03-20 08:00:00,53.85,54.19,52.54,53.43
2024-03-20 12:00:00,53.42,54.8,52.25,52.62
2024-03-20 16:00:00,52.62,56,50.52,55.38
2024-03-20 20:00:00,55.38,58.15,54.9,57.06
2024-03-21 00:00:00,57.05,57.87,55.61,55.8
2024-03-21 04:00:00,55.8,56.24,53.74,54.43
2024-03-21 08:00:00,54.43,55.33,54.22,54.96
2024-03-21 12:00:00,54.95,55.77,54,54.64
2024-03-21 16:00:00,54.64,56.4,52.76,53.72
2024-03-21 20:00:00,53.71,54.81,53.1,53.82
2024-03-22 00:00:00,53.83,55.31,52.68,55.16
2024-03-22 04:00:00,55.16,56.4,54.92,55.83
2024-03-22 08:00:00,55.83,56.59,54.38,54.75
2024-03-22 12:00:00,54.75,57.8,52.91,53.63
2024-03-22 16:00:00,53.64,54.12,52.42,53.84
2024-03-22 20:00:00,53.84,53.92,51.63,53.44
2024-03-23 00:00:00,53.44,54.45,52.6,53.33
2024-03-23 04:00:00,53.33,55.22,52.64,55.02
2024-03-23 08:00:00,55.02,55.31,54.09,54.63
2024-03-23 12:00:00,54.63,55.98,54.42,54.82
2024-03-23 16:00:00,54.82,55.33,54.37,54.73
2024-03-23 20:00:00,54.74,54.81,53.27,53.45
2024-03-24 00:00:00,53.45,54.34,53.21,53.22
2024-03-24 04:00:00,53.22,53.56,52.86,53.42
2024-03-24 08:00:00,53.41,54.13,53.25,53.81
2024-03-24 12:00:00,53.82,54.22,53.14,53.59
2024-03-24 16:00:00,53.58,54,52.43,53.84
2024-03-24 20:00:00,53.85,55.82,53.64,55.68
2024-03-25 00:00:00,55.69,56.58,54.94,56.44
2024-03-25 04:00:00,56.44,57,55.91,56.11
2024-03-25 08:00:00,56.12,58.29,55.95,57.08
2024-03-25 12:00:00,57.07,59.19,57.07,58.37
2024-03-25 16:00:00,58.38,58.57,57.56,58.13
2024-03-25 20:00:00,58.14,58.5,57.31,57.76
2024-03-26 00:00:00,57.75,58.9,57.59,58.28
2024-03-26 04:00:00,58.28,60,58.15,58.26
2024-03-26 08:00:00,58.27,58.65,57.84,57.89
2024-03-26 12:00:00,57.89,58.68,56.02,56.67
2024-03-26 16:00:00,56.68,57.03,55.33,55.61
2024-03-26 20:00:00,55.6,56.25,55.37,55.78
2024-03-27 00:00:00,55.79,56.72,55.54,56.16
2024-03-27 04:00:00,56.16,56.36,54.83,54.96
2024-03-27 08:00:00,54.97,55.46,54.05,54.98
2024-03-27 12:00:00,54.99,55.44,52.5,53.33
2024-03-27 16:00:00,53.33,54.1,53.14,53.87
2024-03-27 20:00:00,53.86,54.5,53.83,54.1
2024-03-28 00:00:00,54.1,54.5,53.18,53.71
2024-03-28 04:00:00,53.71,54.93,53.65,54.92
2024-03-28 08:00:00,54.92,55.05,54.04,54.33
2024-03-28 12:00:00,54.34,54.95,53.73,54.68
2024-03-28 16:00:00,54.69,54.86,54.25,54.61
2024-03-28 20:00:00,54.6,55,54.13,54.63
2024-03-29 00:00:00,54.62,54.65,53.76,54.29
2024-03-29 04:00:00,54.29,54.5,53,53.11
2024-03-29 08:00:00,53.12,54.03,53.06,53.83
2024-03-29 12:00:00,53.82,54.12,52.6,53.07
2024-03-29 16:00:00,53.07,53.58,52.79,53.07
2024-03-29 20:00:00,53.08,53.58,52.52,53.33
2024-03-30 00:00:00,53.32,53.86,53.19,53.28
2024-03-30 04:00:00,53.29,54.63,53.2,53.86
2024-03-30 08:00:00,53.86,54.36,53.47,54.32
2024-03-30 12:00:00,54.32,54.37,53.55,53.72
2024-03-30 16:00:00,53.71,54,53,53.43
2024-03-30 20:00:00,53.42,53.59,52.76,52.93
2024-03-31 00:00:00,52.92,53.55,52.87,53.16
2024-03-31 04:00:00,53.16,54.17,53.06,54.03
2024-03-31 08:00:00,54.03,54.27,53.61,53.69
2024-03-31 12:00:00,53.69,53.86,53.15,53.19
2024-03-31 16:00:00,53.2,54.16,53.16,54.12
2024-03-31 20:00:00,54.13,54.28,53.51,54.06
2024-04-01 00:00:00,54.06,54.14,53.28,53.8
2024-04-01 04:00:00,53.8,54.04,50.66,52.21
2024-04-01 08:00:00,52.21,53.02,51.33,52.42
2024-04-01 12:00:00,52.43,53.35,50.82,51.28
2024-04-01 16:00:00,51.28,51.64,50.26,51.45
2024-04-01 20:00:00,51.45,51.76,51.25,51.38
2024-04-02 00:00:00,51.38,51.38,47,47.93
2024-04-02 04:00:00,47.93,48.74,47.42,48.07
2024-04-02 08:00:00,48.07,48.24,46.4,47.12
2024-04-02 12:00:00,47.11,48.08,46.29,46.83
2024-04-02 16:00:00,46.82,47.65,46.6,47.46
2024-04-02 20:00:00,47.46,47.67,46.66,46.86
2024-04-03 00:00:00,46.87,47.78,45.14,47.68
2024-04-03 04:00:00,47.67,48.17,47.16,47.82
2024-04-03 08:00:00,47.82,48.32,47.07,47.28
2024-04-03 12:00:00,47.28,47.49,46.13,46.27
2024-04-03 16:00:00,46.26,47.08,45.34,45.81
2024-04-03 20:00:00,45.82,46.22,44.97,45.89
2024-04-04 00:00:00,45.89,46.98,45.69,46.07
2024-04-04 04:00:00,46.07,47.16,45.42,46.9
2024-04-04 08:00:00,46.9,47.27,46.72,46.99
2024-04-04 12:00:00,46.99,47.89,46.94,47.43
2024-04-04 16:00:00,47.44,48.16,46.99,47.07
2024-04-04 20:00:00,47.07,47.12,46.01,46.5
2024-04-05 00:00:00,46.5,46.59,45.1,46.01
2024-04-05 04:00:00,46.01,46.07,44.62,45.39
2024-04-05 08:00:00,45.39,45.94,44.17,44.26
2024-04-05 12:00:00,44.26,45.68,43.77,45.53
2024-04-05 16:00:00,45.52,45.77,44.97,45.33
2024-04-05 20:00:00,45.32,45.62,45.15,45.3
2024-04-06 00:00:00,45.3,46.66,45.05,46.66
2024-04-06 04:00:00,46.66,47.45,46.22,47.09
2024-04-06 08:00:00,47.1,47.6,46.68,46.92
2024-04-06 12:00:00,46.92,48.38,46.54,48.13
2024-04-06 16:00:00,48.13,48.44,47.69,47.98
2024-04-06 20:00:00,47.98,48.98,47.88,48.19
2024-04-07 00:00:00,48.19,49.08,48.11,48.76
2024-04-07 04:00:00,48.75,49.02,48.3,48.44
2024-04-07 08:00:00,48.45,48.72,48.27,48.58
2024-04-07 12:00:00,48.58,48.88,48.18,48.25
2024-04-07 16:00:00,48.26,49.04,48,48.12
2024-04-07 20:00:00,48.12,49.51,47.89,49.32
2024-04-08 00:00:00,49.33,49.34,48.25,48.71
2024-04-08 04:00:00,48.71,49.68,48.31,49.46
2024-04-08 08:00:00,49.47,50.81,49.39,50.38
2024-04-08 12:00:00,50.43,50.62,49.36,49.62
2024-04-08 16:00:00,49.62,50.16,49.55,49.97
2024-04-08 20:00:00,49.98,50.25,49.81,49.86
2024-04-09 00:00:00,49.87,49.96,48.84,49.04
2024-04-09 04:00:00,49.04,49.36,48.33,48.45
2024-04-09 08:00:00,48.44,48.64,47.57,48.6
2024-04-09 12:00:00,48.6,48.66,46.68,47.55
2024-04-09 16:00:00,47.55,47.55,46.71,47.27
2024-04-09 20:00:00,47.26,47.49,46.35,46.47
2024-04-10 00:00:00,46.47,47.03,45.71,46.63
2024-04-10 04:00:00,46.63,47.9,46.51,47.48
2024-04-10 08:00:00,47.49,47.62,46.66,47.43
2024-04-10 12:00:00,47.43,47.64,45.07,46.62
2024-04-10 16:00:00,46.62,47.84,46.47,47.41
2024-04-10 20:00:00,47.42,48.01,46.9,47.3
2024-04-11 00:00:00,47.3,47.3,46.6,46.86
2024-04-11 04:00:00,46.85,47.5,46.44,47.21
2024-04-11 08:00:00,47.21,47.46,45.88,46.01
2024-04-11 12:00:00,46.01,46.72,45.73,46.09
2024-04-11 16:00:00,46.09,46.42,45.59,46.18
2024-04-11 20:00:00,46.18,46.55,45.82,46.01
2024-04-12 00:00:00,46.02,46.76,45.98,46.68
2024-04-12 04:00:00,46.68,46.88,46.16,46.34
2024-04-12 08:00:00,46.34,46.51,46.04,46.14
2024-04-12 12:00:00,46.15,46.15,44.09,44.17
2024-04-12 16:00:00,44.18,44.36,36,38.48
2024-04-12 20:00:00,38.48,39.59,38.33,39.34
2024-04-13 00:00:00,39.34,39.35,37.42,38.19
2024-04-13 04:00:00,38.19,38.98,37.96,38.14
2024-04-13 08:00:00,38.13,38.98,37.66,38.47
2024-04-13 12:00:00,38.47,39.07,38.08,38.23
2024-04-13 16:00:00,38.23,38.38,32,33.31
2024-04-13 20:00:00,33.32,34.73,29.24,33.89
2024-04-14 00:00:00,33.9,34.22,32.64,33.68
2024-04-14 04:00:00,33.69,36.32,33.5,36.28
2024-04-14 08:00:00,36.28,37.23,35.78,36.02
2024-04-14 12:00:00,36.01,36.41,34.98,35.45
2024-04-14 16:00:00,35.44,36.46,34.22,35.69
2024-04-14 20:00:00,35.68,37.91,35.08,37.27
2024-04-15 00:00:00,37.27,37.29,35.74,35.89
2024-04-15 04:00:00,35.89,38.52,35.51,37.77
2024-04-15 08:00:00,37.76,38.22,37.41,37.47
2024-04-15 12:00:00,37.47,38.61,36.22,36.87
2024-04-15 16:00:00,36.87,37.07,34.09,35.35
2024-04-15 20:00:00,35.36,35.66,34.58,35.16
2024-04-16 00:00:00,35.16,35.49,34.32,34.65
2024-04-16 04:00:00,34.64,35.91,33.66,35.69
2024-04-16 08:00:00,35.69,35.69,33.78,35.14
2024-04-16 12:00:00,35.13,35.14,32.94,32.94
2024-04-16 16:00:00,32.94,34.62,32.7,33.98
2024-04-16 20:00:00,33.97,35.12,33.93,34.76
2024-04-17 00:00:00,34.75,35.06,34.12,34.72
2024-04-17 04:00:00,34.72,35.36,34.48,34.94
2024-04-17 08:00:00,34.94,35.21,33.85,33.87
2024-04-17 12:00:00,33.88,34.19,32.47,32.64
2024-04-17 16:00:00,32.64,35.21,32.23,34.19
2024-04-17 20:00:00,34.2,34.59,33.45,33.58
2024-04-18 00:00:00,33.58,34.67,32.8,34.33
2024-04-18 04:00:00,34.32,34.78,33.15,33.33
2024-04-18 08:00:00,33.34,35.46,32.95,34.95
2024-04-18 12:00:00,34.94,35.61,33.81,35.03
2024-04-18 16:00:00,35.04,35.25,34.1,34.89
2024-04-18 20:00:00,34.89,35.17,34.69,34.85
2024-04-19 00:00:00,34.84,34.84,31.92,33.6
2024-04-19 04:00:00,33.6,36.14,33.55,35.18
2024-04-19 08:00:00,35.19,35.75,35.04,35.42
2024-04-19 12:00:00,35.42,35.64,34.78,35.36
2024-04-19 16:00:00,35.36,35.46,34.79,35.32
2024-04-19 20:00:00,35.31,35.4,34.14,34.67
2024-04-20 00:00:00,34.66,35.33,34.12,35.18
2024-04-20 04:00:00,35.19,35.98,35.08,35.85
2024-04-20 08:00:00,35.85,35.89,34.96,35.03
2024-04-20 12:00:00,35.04,36.65,34.89,36.61
2024-04-20 16:00:00,36.61,37.95,36.33,37.52
2024-04-20 20:00:00,37.54,38.49,37.54,38.31
2024-04-21 00:00:00,38.31,38.77,37.65,38.21
2024-04-21 04:00:00,38.21,38.35,37.79,38.03
2024-04-21 08:00:00,38.02,38.13,37.36,37.48
2024-04-21 12:00:00,37.48,37.55,36.82,37.21
2024-04-21 16:00:00,37.21,37.26,36.35,36.93
2024-04-21 20:00:00,36.92,37.65,36.81,37.15
2024-04-22 00:00:00,37.14,38.24,36.75,38.07
2024-04-22 04:00:00,38.07,39.19,37.97,38.48
2024-04-22 08:00:00,38.48,39.68,38.19,38.95
2024-04-22 12:00:00,38.95,39.37,38.39,39
2024-04-22 16:00:00,39,39.4,38.66,39.26
2024-04-22 20:00:00,39.26,39.72,39.12,39.19
2024-04-23 00:00:00,39.18,39.92,38.75,38.87
2024-04-23 04:00:00,38.86,39.01,38.12,38.25
2024-04-23 08:00:00,38.26,38.52,37.98,38.08
2024-04-23 12:00:00,38.09,39.33,37.99,38.96
2024-04-23 16:00:00,38.97,39.32,38.61,38.71
2024-04-23 20:00:00,38.72,38.76,38.01,38.3
2024-04-24 00:00:00,38.3,39.45,38.27,38.98
2024-04-24 04:00:00,38.99,39.84,38.92,39.13
2024-04-24 08:00:00,39.13,39.35,38.83,39.16
2024-04-24 12:00:00,39.15,39.33,36.71,36.87
2024-04-24 16:00:00,36.86,37.54,36.5,37.02
2024-04-24 20:00:00,37.01,37.13,36.02,36.37
2024-04-25 00:00:00,36.37,36.75,35.67,35.88
2024-04-25 04:00:00,35.86,36.25,35.06,35.43
2024-04-25 08:00:00,35.44,35.57,34.76,35.15
2024-04-25 12:00:00,35.15,35.72,34.7,35.65
2024-04-25 16:00:00,35.65,36.03,35.4,35.89
2024-04-25 20:00:00,35.88,36.4,35.43,35.59
2024-04-26 00:00:00,35.59,35.79,34.68,35.48
2024-04-26 04:00:00,35.48,35.77,35.22,35.36
2024-04-26 08:00:00,35.36,35.68,35,35.21
2024-04-26 12:00:00,35.2,35.88,34.7,35.15
2024-04-26 16:00:00,35.15,35.31,34.84,34.89
2024-04-26 20:00:00,34.89,35.17,34.27,34.42
2024-04-27 00:00:00,34.43,34.64,33.08,34.13
2024-04-27 04:00:00,34.12,34.5,34.05,34.07
2024-04-27 08:00:00,34.07,34.35,33.59,33.92
2024-04-27 12:00:00,33.91,34.52,33.85,34.08
2024-04-27 16:00:00,34.08,35.13,33.95,34.51
2024-04-27 20:00:00,34.51,34.7,34.17,34.47
2024-04-28 00:00:00,34.47,35.27,34.38,34.98
2024-04-28 04:00:00,34.99,35.24,34.79,35.01
2024-04-28 08:00:00,35.01,35.11,34.34,34.41
2024-04-28 12:00:00,34.4,34.97,34.36,34.66
2024-04-28 16:00:00,34.67,35.39,34.63,35.01
2024-04-28 20:00:00,35.01,35.07,33.8,33.95
2024-04-29 00:00:00,33.95,34.32,33.28,33.32
2024-04-29 04:00:00,33.33,33.72,32.93,33.2
2024-04-29 08:00:00,33.21,33.66,32.84,33.21
2024-04-29 12:00:00,33.21,35.13,33.03,34.95
2024-04-29 16:00:00,34.95,35.11,34.4,34.63
2024-04-29 20:00:00,34.64,35.88,34.13,35.28
2024-04-30 00:00:00,35.29,35.73,34.37,34.87
2024-04-30 04:00:00,34.87,35.02,34.39,34.72
2024-04-30 08:00:00,34.71,34.8,33.12,33.27
2024-04-30 12:00:00,33.26,33.36,32.52,32.81
2024-04-30 16:00:00,32.82,32.82,31.92,31.99
2024-04-30 20:00:00,31.99,33.07,31.99,32.71
2024-05-01 00:00:00,32.71,32.84,32.22,32.64
2024-05-01 04:00:00,32.64,32.77,30.26,31.27
2024-05-01 08:00:00,31.27,31.92,30.6,31.91
2024-05-01 12:00:00,31.9,33.01,31.77,32.48
2024-05-01 16:00:00,32.47,34,31.8,32.42
2024-05-01 20:00:00,32.43,33.42,32.16,33.33
2024-05-02 00:00:00,33.33,33.74,32.36,32.78
2024-05-02 04:00:00,32.78,32.97,32.3,32.67
2024-05-02 08:00:00,32.66,33.8,32.6,33.77
2024-05-02 12:00:00,33.77,34.13,33.16,33.81
2024-05-02 16:00:00,33.81,33.97,33.52,33.77
2024-05-02 20:00:00,33.77,33.97,33.32,33.58
2024-05-03 00:00:00,33.57,34.36,33.43,34.15
2024-05-03 04:00:00,34.16,34.2,33.5,33.55
2024-05-03 08:00:00,33.55,33.9,33.3,33.56
2024-05-03 12:00:00,33.56,35.18,33.52,35.08
2024-05-03 16:00:00,35.08,35.46,35.05,35.28
2024-05-03 20:00:00,35.27,36.13,35.22,35.54
2024-05-04 00:00:00,35.55,35.79,35.18,35.53
2024-05-04 04:00:00,35.52,35.82,35.4,35.42
2024-05-04 08:00:00,35.41,36.5,35.25,35.81
2024-05-04 12:00:00,35.81,36.27,35.61,36.22
2024-05-04 16:00:00,36.22,37.5,36.05,37.33
2024-05-04 20:00:00,37.33,37.68,36.88,37.36
2024-05-05 00:00:00,37.36,38.01,36.81,37.57
2024-05-05 04:00:00,37.57,37.64,36.77,36.97
2024-05-05 08:00:00,36.97,37.25,36.6,37.02
2024-05-05 12:00:00,37.01,37.54,36.67,37.41
2024-05-05 16:00:00,37.42,37.68,37.08,37.23
2024-05-05 20:00:00,37.23,37.5,36.98,37.35
2024-05-06 00:00:00,37.35,37.65,36.99,37.22
2024-05-06 04:00:00,37.22,38.35,37.06,38.26
2024-05-06 08:00:00,38.26,39.87,38.24,38.56
2024-05-06 12:00:00,38.57,38.67,37.09,37.79
2024-05-06 16:00:00,37.79,38.09,36.78,37.2
2024-05-06 20:00:00,37.2,37.76,37.11,37.11
2024-05-07 00:00:00,37.12,37.6,36.35,36.8
2024-05-07 04:00:00,36.81,37.1,36.5,36.61
2024-05-07 08:00:00,36.6,37.49,36.43,36.44
2024-05-07 12:00:00,36.44,37.32,36.29,36.91
2024-05-07 16:00:00,36.9,37.08,36.06,36.18
2024-05-07 20:00:00,36.17,36.36,35.27,35.31
2024-05-08 00:00:00,35.31,35.5,34.92,35.3
2024-05-08 04:00:00,35.3,35.41,34.46,34.55
2024-05-08 08:00:00,34.55,34.75,34.3,34.41
2024-05-08 12:00:00,34.41,35,34.09,34.48
2024-05-08 16:00:00,34.49,35.1,34.23,34.41
2024-05-08 20:00:00,34.4,34.53,33.62,34.02
2024-05-09 00:00:00,34.02,34.44,33.97,34.31
2024-05-09 04:00:00,34.33,34.67,34.12,34.27
2024-05-09 08:00:00,34.26,34.38,33.73,34.06
2024-05-09 12:00:00,34.07,34.56,33.74,34.35
2024-05-09 16:00:00,34.35,34.71,34.06,34.68
2024-05-09 20:00:00,34.68,35.38,34.44,35.07
2024-05-10 00:00:00,35.07,35.62,34.89,35.55
2024-05-10 04:00:00,35.55,36.12,35.45,36.03
2024-05-10 08:00:00,36.03,36.09,35.43,35.8
2024-05-10 12:00:00,35.81,35.89,34.05,34.62
2024-05-10 16:00:00,34.61,34.74,33.87,33.92
2024-05-10 20:00:00,33.92,34.18,33.23,33.71
2024-05-11 00:00:00,33.71,34.04,33.42,33.53
2024-05-11 04:00:00,33.53,33.74,33.23,33.65
2024-05-11 08:00:00,33.65,33.67,33.06,33.39
2024-05-11 12:00:00,33.38,33.99,33.24,33.8
2024-05-11 16:00:00,33.81,33.92,33.62,33.8
2024-05-11 20:00:00,33.8,33.81,33.43,33.49
2024-05-12 00:00:00,33.49,33.71,33.46,33.55
2024-05-12 04:00:00,33.56,33.77,33.19,33.25
2024-05-12 08:00:00,33.25,34,33.21,33.79
2024-05-12 12:00:00,33.79,33.88,33.49,33.7
2024-05-12 16:00:00,33.7,33.91,33.33,33.46
2024-05-12 20:00:00,33.46,33.49,32.78,33.14
2024-05-13 00:00:00,33.14,33.43,31.93,32.33
2024-05-13 04:00:00,32.33,33.49,32.07,33.49
2024-05-13 08:00:00,33.48,33.82,33.27,33.41
2024-05-13 12:00:00,33.4,33.49,32.92,33.29
2024-05-13 16:00:00,33.3,33.45,32.45,32.85
2024-05-13 20:00:00,32.84,32.9,32.35,32.46
2024-05-14 00:00:00,32.46,32.62,31.94,32.18
2024-05-14 04:00:00,32.18,32.67,31.6,32.66
2024-05-14 08:00:00,32.66,33.34,32.52,32.74
2024-05-14 12:00:00,32.73,33.02,31.75,32.09
2024-05-14 16:00:00,32.09,32.14,31.65,31.93
2024-05-14 20:00:00,31.93,31.96,31.48,31.58
2024-05-15 00:00:00,31.58,32.46,31.35,32.32
2024-05-15 04:00:00,32.33,32.72,32.08,32.67
2024-05-15 08:00:00,32.68,33.27,32.35,32.73
2024-05-15 12:00:00,32.73,34.48,32.63,34.08
2024-05-15 16:00:00,34.08,34.35,33.77,34.33
2024-05-15 20:00:00,34.32,34.79,34.25,34.66
2024-05-16 00:00:00,34.66,35.01,34.45,34.97
2024-05-16 04:00:00,34.96,35.01,34.55,34.76
2024-05-16 08:00:00,34.76,34.98,34.43,34.62
2024-05-16 12:00:00,34.62,34.9,33.83,34.21
2024-05-16 16:00:00,34.21,34.45,33.75,34.36
2024-05-16 20:00:00,34.36,34.6,34.11,34.46
2024-05-17 00:00:00,34.45,34.94,34.26,34.79
2024-05-17 04:00:00,34.79,37.32,34.68,37.29
2024-05-17 08:00:00,37.28,37.59,36.24,36.56
2024-05-17 12:00:00,36.56,37.25,36.4,37.12
2024-05-17 16:00:00,37.12,37.19,36.23,36.57
2024-05-17 20:00:00,36.56,36.56,36.31,36.43
2024-05-18 00:00:00,36.43,37.66,36.34,37.61
2024-05-18 04:00:00,37.6,37.63,37.11,37.19
2024-05-18 08:00:00,37.19,37.56,37.16,37.48
2024-05-18 12:00:00,37.48,37.54,36.86,37.34
2024-05-18 16:00:00,37.34,37.35,36.91,37.06
2024-05-18 20:00:00,37.07,37.29,36.95,37.24
2024-05-19 00:00:00,37.23,37.76,37.13,37.47
2024-05-19 04:00:00,37.48,37.49,36.67,36.9
2024-05-19 08:00:00,36.89,36.92,36.36,36.64
2024-05-19 12:00:00,36.63,36.71,35.79,35.96
2024-05-19 16:00:00,35.97,35.97,35.37,35.57
2024-05-19 20:00:00,35.56,35.97,35.44,35.6
2024-05-20 00:00:00,35.6,36.16,35.15,35.67
2024-05-20 04:00:00,35.66,36.64,35.38,36.05
2024-05-20 08:00:00,36.06,36.31,35.89,36.01
2024-05-20 12:00:00,36.01,36.68,35.68,36.66
2024-05-20 16:00:00,36.66,38.78,36.5,38.67
2024-05-20 20:00:00,38.67,40.35,38.06,40.13
2024-05-21 00:00:00,40.13,41.01,39.66,39.76
2024-05-21 04:00:00,39.76,41.19,39.76,40.71
2024-05-21 08:00:00,40.68,40.8,40.27000,40.4
2024-05-21 12:00:00,40.39,41.42,40.01,40.15
2024-05-21 16:00:00,40.15,41.34,40.01,40.4
2024-05-21 20:00:00,40.41,41.32,40.4,41.2
2024-05-22 00:00:00,41.19,41.45,40.57,40.76
2024-05-22 04:00:00,40.76,41.8,40.19,41.01
2024-05-22 08:00:00,41,41.4,40.31,40.31
2024-05-22 12:00:00,40.32,40.83,39.19,40.39
2024-05-22 16:00:00,40.39,40.49,39.43,39.99
2024-05-22 20:00:00,40,40.38,39.54,40
2024-05-23 00:00:00,40.01,40.34,39.67,40.1
2024-05-23 04:00:00,40.09,40.21,39.52,39.99
2024-05-23 08:00:00,39.98,40.37,39.54,40.2
2024-05-23 12:00:00,40.2,40.47,37.74,38.37
2024-05-23 16:00:00,38.36,38.41,37.29,37.53
2024-05-23 20:00:00,37.53,38.81,36.37,38.52
2024-05-24 00:00:00,38.52,39,38.32,38.91
2024-05-24 04:00:00,38.91,38.99,37,37.66
2024-05-24 08:00:00,37.66,37.94,36.91,37.88
2024-05-24 12:00:00,37.87,38.58,37.53,38.18
2024-05-24 16:00:00,38.17,38.73,37.68,38.39
2024-05-24 20:00:00,38.38,38.52,37.88,38.01
2024-05-25 00:00:00,38.01,38.26,37.79,38.25
2024-05-25 04:00:00,38.25,38.59,38.11,38.37
2024-05-25 08:00:00,38.37,38.72,38.19,38.35
2024-05-25 12:00:00,38.35,38.35,37.71,38.06
2024-05-25 16:00:00,38.05,38.14,37.77,38.05
2024-05-25 20:00:00,38.04,38.31,37.84,38.28
2024-05-26 00:00:00,38.28,38.31,37.6,37.87
2024-05-26 04:00:00,37.86,37.91,37.55,37.64
2024-05-26 08:00:00,37.64,37.67,37.08,37.35
2024-05-26 12:00:00,37.35,37.42,36.71,36.88
2024-05-26 16:00:00,36.87,37.04,36.7,36.97
2024-05-26 20:00:00,36.97,37.03,36.46,36.76
2024-05-27 00:00:00,36.76,37.35,36.67,37.24
2024-05-27 04:00:00,37.24,37.43,36.65,37
2024-05-27 08:00:00,36.99,37.54,36.98,37.41
2024-05-27 12:00:00,37.4,38.48,37.3,38.44
2024-05-27 16:00:00,38.43,38.95,37.69,37.96
2024-05-27 20:00:00,37.95,38.42,37.93,38.26
2024-05-28 00:00:00,38.27,38.4,37.05,37.19
2024-05-28 04:00:00,37.19,37.22,36.53,36.8
2024-05-28 08:00:00,36.8,37.47,36.7,37.27
2024-05-28 12:00:00,37.28,37.41,36.59,37.09
2024-05-28 16:00:00,37.09,37.24,36.55,37.2
2024-05-28 20:00:00,37.2,37.29,36.93,37.02
2024-05-29 00:00:00,37.02,37.39,36.68,37.26
2024-05-29 04:00:00,37.26,37.5,36.8,36.84
2024-05-29 08:00:00,36.84000,37.2,36.38,36.94
2024-05-29 12:00:00,36.94,37.24,36.58,36.63
2024-05-29 16:00:00,36.62,36.91,36.24,36.38
2024-05-29 20:00:00,36.39,36.68,36.14,36.2
2024-05-30 00:00:00,36.2,36.84,35.99,36.81
2024-05-30 04:00:00,36.81,37.05,35.41,35.57
2024-05-30 08:00:00,35.56,36.74,35.3,36.55
2024-05-30 12:00:00,36.56,37.03,36.34,36.73
2024-05-30 16:00:00,36.72,37.09,36.47,36.6
2024-05-30 20:00:00,36.59,36.59,35.94,35.98
2024-05-31 00:00:00,35.98,36.33,35.78,36.12
2024-05-31 04:00:00,36.12,36.3,35.68,36.17
2024-05-31 08:00:00,36.17,36.32,35.81,36.32
2024-05-31 12:00:00,36.32,36.79,35.52000,35.52000
2024-05-31 16:00:00,35.64000,36.19000,35.23000,36.080002
2024-05-31 20:00:00,36.17000,36.48000,35.98000,36.020000
2024-06-01 00:00:00,36.070000,36.15000,35.92000,35.99000
2024-06-01 04:00:00,36,36.12000,35.91000,36.029999
2024-06-01 08:00:00,36.040001,36.17000,35.93000,36.049999
2024-06-01 12:00:00,36.020000,36.22000,35.96000,35.97000
2024-06-01 16:00:00,35.96000,36.029999,35.79000,35.99000
2024-06-01 20:00:00,35.99000,36.099998,35.70000,35.77000
2024-06-02 00:00:00,35.75,36.11000,35.70000,36.020000
2024-06-02 04:00:00,36.049999,36.16000,35.72000,35.72000
2024-06-02 08:00:00,35.72000,35.98000,35.38000,35.95000
2024-06-02 12:00:00,35.99000,36.070000,35.58000,35.87000
2024-06-02 16:00:00,35.82000,35.83000,34.86000,35.099998
2024-06-02 20:00:00,35.070000,35.16000,34.78000,34.92000
2024-06-03 00:00:00,34.90000,35.37000,34.61000,35.090000
2024-06-03 04:00:00,35.080002,36.20000,34.90000,35.87000
2024-06-03 08:00:00,35.91000,36.26000,35.78000,35.84000
2024-06-03 12:00:00,35.90000,36.20000,35.20000,35.62000
2024-06-03 16:00:00,35.63000,35.74000,35.25,35.74000
2024-06-03 20:00:00,35.83000,36.0099983,34.96000,35.029999
2024-06-04 00:00:00,34.97000,35.12000,34.77000,34.97000
2024-06-04 04:00:00,34.94000,35.17000,34.66000,34.78000
2024-06-04 08:00:00,34.81000,34.95000,34.52000,34.87000
2024-06-04 12:00:00,34.88000,35.83000,34.79000,35.80000
2024-06-04 16:00:00,35.83000,36.24000,35.47000,35.75
2024-06-04 20:00:00,35.69000,36.099998,35.57000,36.060001
2024-06-05 00:00:00,36.11000,36.52000,36.0099983,36.31000
2024-06-05 04:00:00,36.34000,36.55000,36.060001,36.32000
2024-06-05 08:00:00,36.33000,36.5,36.19000,36.36000
2024-06-05 12:00:00,36.36000,36.53000,35.93000,36.44000
2024-06-05 16:00:00,36.45000,36.89000,36.44000,36.73000
2024-06-05 20:00:00,36.73000,36.79000,36.34000,36.57000
2024-06-06 00:00:00,36.57000,36.64000,36.34000,36.36000
2024-06-06 04:00:00,36.40000,36.40000,36.060001,36.35000
2024-06-06 08:00:00,36.34000,36.94000,36.25,36.79000
2024-06-06 12:00:00,36.80000,37.17000,36.58000,36.88000
2024-06-06 16:00:00,36.88000,36.94000,36,36.049999
2024-06-06 20:00:00,36.020000,36.22000,35.78000,35.89000
2024-06-07 00:00:00,35.88000,36.0099983,35.59000,35.86000
2024-06-07 04:00:00,35.68000,36.099998,35.68000,36
2024-06-07 08:00:00,35.99000,36.35000,35.81000,36.31000
2024-06-07 12:00:00,36.38000,36.86000,35.79000,36.29000
2024-06-07 16:00:00,36.27000,36.35000,31.67000,33.49000
2024-06-07 20:00:00,33.36000,33.72000,33.13000,33.52000
2024-06-08 00:00:00,33.5,33.72000,33.32000,33.60000
2024-06-08 04:00:00,33.59000,33.71000,33.48000,33.62000
2024-06-08 08:00:00,33.61000,33.61000,32.63000,32.69000
2024-06-08 12:00:00,32.61000,32.76000,32.18000,32.48000
2024-06-08 16:00:00,32.45000,32.67000,32.16000,32.27000
2024-06-08 20:00:00,32.29000,32.35000,31.97000,32.27000
2024-06-09 00:00:00,32.27000,32.51000,32.060001,32.26000
2024-06-09 04:00:00,32.28000,32.5,32.11000,32.45000
2024-06-09 08:00:00,32.44000,32.57000,32.29000,32.31000
2024-06-09 12:00:00,32.30000,32.64000,32.21000,32.46000
2024-06-09 16:00:00,32.49000,33.020000,32.45000,32.92000
2024-06-09 20:00:00,32.93000,32.99000,32.76000,32.98000
2024-06-10 00:00:00,32.99000,33.45000,32.80000,32.98000
2024-06-10 04:00:00,32.98000,33.0099983,32.090000,32.099998
2024-06-10 08:00:00,32.15000,32.89000,32.060001,32.68000
2024-06-10 12:00:00,32.70000,33.099998,32.33000,32.97000
2024-06-10 16:00:00,33.020000,33.020000,32.55000,32.60000
2024-06-10 20:00:00,32.59000,32.59000,32.18000,32.28000
2024-06-11 00:00:00,32.28000,32.35000,31.58000,32.20000
2024-06-11 04:00:00,32.21000,32.34000,31.89000,32.22000
2024-06-11 08:00:00,32.17000,32.38000,31.83000,31.97000
2024-06-11 12:00:00,31.96000,32.060001,30.80000,31.13000
2024-06-11 16:00:00,31.16000,31.61000,30.64000,31.60000
2024-06-11 20:00:00,31.57000,31.72000,31.38000,31.56000
2024-06-12 00:00:00,31.55000,31.79000,30.82000,31.79000
2024-06-12 04:00:00,31.81000,32.21000,31.71000,32.20000
2024-06-12 08:00:00,32.20000,32.40000,31.90000,31.92000
2024-06-12 12:00:00,31.91000,33.62000,31.89000,33.49000
2024-06-12 16:00:00,33.53000,33.98000,32.48000,32.66000
2024-06-12 20:00:00,32.64000,33.34000,32.54000,33.27000
2024-06-13 00:00:00,33.25,33.42000,32.21000,32.5
2024-06-13 04:00:00,32.47000,32.88000,32.15000,32.42000
2024-06-13 08:00:00,32.32000,32.33000,31.79000,31.83000
2024-06-13 12:00:00,31.80000,32.32000,31.27000,31.31000
2024-06-13 16:00:00,31.33000,31.91000,31.19000,31.54000
2024-06-13 20:00:00,31.48000,31.56000,30.96000,31
2024-06-14 00:00:00,31.020000,31.36000,30.89000,31.14000
2024-06-14 04:00:00,31.16000,31.84000,31.16000,31.60000
2024-06-14 08:00:00,31.60000,32.13000,31.56000,31.84000
2024-06-14 12:00:00,31.88000,31.93000,30.62000,30.67000
2024-06-14 16:00:00,30.69000,30.69000,29.32000,29.38000
2024-06-14 20:00:00,29.38000,30.51000,29.38000,30.29000
2024-06-15 00:00:00,30.29000,30.48000,30.11000,30.39000
2024-06-15 04:00:00,30.35000,30.64000,30.26000,30.38000
2024-06-15 08:00:00,30.42000,30.45000,29.98000,30.28000
2024-06-15 12:00:00,30.21000,30.48000,30.049999,30.30000
2024-06-15 16:00:00,30.31000,30.38000,29.97000,30.12000
2024-06-15 20:00:00,30.10000,30.15000,29.93000,30
2024-06-16 00:00:00,30.19000,30.27000,29.89000,29.97000
2024-06-16 04:00:00,29.96000,30.48000,29.85000,30.35000
2024-06-16 08:00:00,30.34000,30.37000,29.91000,30.010000
2024-06-16 12:00:00,29.99000,30.21000,29.92000,30.21000
2024-06-16 16:00:00,30.18000,30.18000,29.68000,29.85000
2024-06-16 20:00:00,29.86000,30.17000,29.76000,30.070000
2024-06-17 00:00:00,30.059999,30.34000,29.37000,29.44000
2024-06-17 04:00:00,29.42000,29.71000,29.010000,29.29000
2024-06-17 08:00:00,29.18000,29.21000,28.46000,28.68000
2024-06-17 12:00:00,28.65000,28.81000,28.030001,28.030001
2024-06-17 16:00:00,28.010000,29.40000,27.44000,28.99000
2024-06-17 20:00:00,29.010000,29.010000,28.42000,28.47000
2024-06-18 00:00:00,28.47000,28.54000,25.27000,26.5
2024-06-18 04:00:00,26.48000,26.75,26.40000,26.65000
2024-06-18 08:00:00,26.62000,26.67000,25.66000,26
2024-06-18 12:00:00,26.020000,26.54000,25.59000,26.25
2024-06-18 16:00:00,26.26000,26.26000,25.60000,26.22000
2024-06-18 20:00:00,26.24000,26.66000,26.12000,26.60000
2024-06-19 00:00:00,26.59000,27.16000,26.39000,27.010000
2024-06-19 04:00:00,27.020000,27.41000,26.97000,27.34000
2024-06-19 08:00:00,27.35000,27.49000,27,27.18000
2024-06-19 12:00:00,27.16000,27.47000,26.97000,27.13000
2024-06-19 16:00:00,27.13000,27.66000,26.99000,27.12000
2024-06-19 20:00:00,27.14000,27.23000,26.81000,26.95000
2024-06-20 00:00:00,26.95000,27.47000,26.70000,26.91000
2024-06-20 04:00:00,26.89000,28.22000,26.74000,28.13000
2024-06-20 08:00:00,28.21000,28.87000,27.94000,28.39000
2024-06-20 12:00:00,28.38000,28.40000,26.92000,27.32000
2024-06-20 16:00:00,27.30000,27.84000,26.99000,27.73000
2024-06-20 20:00:00,27.81000,27.87000,27.53000,27.58000
2024-06-21 00:00:00,27.58000,27.84000,27.28000,27.77000
2024-06-21 04:00:00,27.74000,28.020000,27.51000,27.62000
2024-06-21 08:00:00,27.63000,27.94000,27.26000,27.83000
2024-06-21 12:00:00,27.81000,27.88000,27.010000,27.41000
2024-06-21 16:00:00,27.38000,27.73000,26.95000,27.55000
2024-06-21 20:00:00,27.66000,27.77000,27.35000,27.48000
2024-06-22 00:00:00,27.46000,27.49000,26.030001,26.38000
2024-06-22 04:00:00,26.37000,26.49000,24.68000,25.31000
2024-06-22 08:00:00,25.23000,25.52000,24.86000,25.52000
2024-06-22 12:00:00,25.5,26.30000,25.45000,26.11000
2024-06-22 16:00:00,26.12000,26.12000,25.70000,25.79000
2024-06-22 20:00:00,25.81000,25.82000,25.56000,25.62000
2024-06-23 00:00:00,25.61000,26.010000,25.56000,25.98000
2024-06-23 04:00:00,25.98000,25.98000,25.69000,25.82000
2024-06-23 08:00:00,25.81000,25.88000,25.26000,25.40000
2024-06-23 12:00:00,25.39000,25.39000,24.18000,24.39000
2024-06-23 16:00:00,24.37000,25.28000,24.16000,25.20000
2024-06-23 20:00:00,25.18000,25.54000,24.75,25.090000
2024-06-24 00:00:00,25.090000,25.20000,24.59000,24.89000
2024-06-24 04:00:00,24.88000,24.92000,24.17000,24.26000
2024-06-24 08:00:00,24.27000,24.90000,23.98000,24.49000
2024-06-24 12:00:00,24.47000,25.010000,23.78000,23.88000
2024-06-24 16:00:00,23.87000,24.47000,23.78000,23.84000
2024-06-24 20:00:00,24.020000,24.93000,23.58000,24.80000
2024-06-25 00:00:00,24.77000,25.41000,24.63000,25.17000
2024-06-25 04:00:00,25.20000,25.35000,25.030001,25.11000
2024-06-25 08:00:00,25.13000,25.34000,24.86000,25.23000
2024-06-25 12:00:00,25.23000,25.74000,25.10000,25.66000
2024-06-25 16:00:00,25.65000,25.65000,25.25,25.54000
2024-06-25 20:00:00,25.56000,25.58000,25.32000,25.39000
2024-06-26 00:00:00,25.39000,25.83000,25.29000,25.45000
2024-06-26 04:00:00,25.46000,26.020000,25.32000,26.020000
2024-06-26 08:00:00,26.030001,26.21000,25.64000,26.059999
2024-06-26 12:00:00,26.049999,26.21000,25.80000,25.98000
2024-06-26 16:00:00,25.98000,26.57000,25.61000,26.53000
2024-06-26 20:00:00,26.54000,26.62000,25.80000,25.82000
2024-06-27 00:00:00,25.80000,25.86000,25.36000,25.64000
2024-06-27 04:00:00,25.64000,26.12000,25.51000,26.070000
2024-06-27 08:00:00,26.080000,26.83000,25.92000,26.60000
2024-06-27 12:00:00,26.60000,27.91000,26.57000,27.80000
2024-06-27 16:00:00,27.85000,28.34000,27.78000,28.070000
2024-06-27 20:00:00,28.10000,28.15000,27.85000,27.92000
2024-06-28 00:00:00,27.91000,28.14000,27.66000,27.98000
2024-06-28 04:00:00,28,28.24000,27.87000,28.14000
2024-06-28 08:00:00,28.12000,28.66000,27.91000,28.62000
2024-06-28 12:00:00,28.63000,29.010000,28.16000,28.34000
2024-06-28 16:00:00,28.43000,28.55000,27.96000,28.080000
2024-06-28 20:00:00,28.15000,28.32000,27.86000,27.95000
2024-06-29 00:00:00,28.040001,28.47000,28.020000,28.37000
2024-06-29 04:00:00,28.40000,28.65000,28.28000,28.42000
2024-06-29 08:00:00,28.41000,28.42000,28.030001,28.11000
2024-06-29 12:00:00,28.12000,28.13000,27.60000,27.77000
2024-06-29 16:00:00,27.76000,27.94000,27.74000,27.90000
2024-06-29 20:00:00,27.91000,27.97000,27.71000,27.77000
2024-06-30 00:00:00,27.76000,27.91000,27.43000,27.71000
2024-06-30 04:00:00,27.71000,28.77000,27.64000,28.29000
2024-06-30 08:00:00,28.32000,28.55000,28.11000,28.40000
2024-06-30 12:00:00,28.43000,28.43000,27.90000,28.049999
2024-06-30 16:00:00,28.059999,28.52000,27.92000,28.49000
2024-06-30 20:00:00,28.62000,29.52000,28.32000,29.37000
2024-07-01 00:00:00,29.40000,29.97000,29.22000,29.94000
2024-07-01 04:00:00,29.97000,29.98000,29.60000,29.75
2024-07-01 08:00:00,29.71000,30.090000,29.64000,29.64000
2024-07-01 12:00:00,29.68000,30.010000,29.40000,29.82000
2024-07-01 16:00:00,29.82000,29.95000,29.42000,29.56000
2024-07-01 20:00:00,29.53000,29.57000,28.83000,28.83000
2024-07-02 00:00:00,28.80000,28.89000,28.49000,28.61000
2024-07-02 04:00:00,28.63000,28.70000,28.11000,28.19000
2024-07-02 08:00:00,28.17000,28.44000,28.13000,28.28000
2024-07-02 12:00:00,28.26000,28.52000,28.16000,28.31000
2024-07-02 16:00:00,28.29000,28.82000,28.11000,28.70000
2024-07-02 20:00:00,28.73000,28.81000,28.33000,28.70000
2024-07-03 00:00:00,28.71000,28.96000,28.040001,28.13000
2024-07-03 04:00:00,28.14000,28.20000,27.88000,27.90000
2024-07-03 08:00:00,27.84000,27.90000,27.14000,27.35000
2024-07-03 12:00:00,27.32000,27.32000,26.62000,26.91000
2024-07-03 16:00:00,26.90000,27.059999,26.49000,26.5
2024-07-03 20:00:00,26.54000,26.84000,26.46000,26.51000
2024-07-04 00:00:00,26.49000,26.70000,25.55000,26.21000
2024-07-04 04:00:00,26.13000,26.13000,25.52000,25.55000
2024-07-04 08:00:00,25.56000,26.080000,25.56000,25.90000
2024-07-04 12:00:00,25.86000,25.90000,24.88000,25.60000
2024-07-04 16:00:00,25.61000,25.68000,25.33000,25.45000
2024-07-04 20:00:00,25.45000,25.58000,24.31000,24.46000
2024-07-05 00:00:00,24.42000,24.42000,22.080000,22.29000
2024-07-05 04:00:00,22.27000,23.35000,21.98000,23.22000
2024-07-05 08:00:00,23.21000,24.39000,22.65000,24.36000
2024-07-05 12:00:00,24.33000,25.10000,24.17000,24.97000
2024-07-05 16:00:00,24.90000,25.17000,24.64000,25.040001
2024-07-05 20:00:00,25.010000,25.44000,24.98000,25.11000
2024-07-06 00:00:00,25.080000,25.72000,24.94000,25.080000
2024-07-06 04:00:00,25.090000,25.92000,25.090000,25.55000
2024-07-06 08:00:00,25.57000,25.90000,25.33000,25.74000
2024-07-06 12:00:00,25.74000,26.30000,25.60000,26
2024-07-06 16:00:00,26.010000,27.13000,25.90000,27.059999
2024-07-06 20:00:00,27.070000,27.58000,27.070000,27.43000
2024-07-07 00:00:00,27.44000,27.46000,26.58000,26.77000
2024-07-07 04:00:00,26.78000,26.88000,26.25,26.41000
2024-07-07 08:00:00,26.39000,26.72000,26.29000,26.35000
2024-07-07 12:00:00,26.33000,26.43000,25.51000,25.88000
2024-07-07 16:00:00,25.85000,26.40000,25.82000,26.11000
2024-07-07 20:00:00,26.090000,26.18000,25.51000,25.71000
2024-07-08 00:00:00,25.75,25.88000,24.60000,25.19000
2024-07-08 04:00:00,25.21000,25.98000,25.11000,25.64000
2024-07-08 08:00:00,25.58000,27.19000,25.58000,26.95000
2024-07-08 12:00:00,26.97000,26.98000,25.67000,25.89000
2024-07-08 16:00:00,25.91000,26.059999,25.38000,25.39000
2024-07-08 20:00:00,25.39000,25.52000,25.20000,25.23000
2024-07-09 00:00:00,25.21000,25.47000,24.73000,25.23000
2024-07-09 04:00:00,25.23000,26.070000,25.19000,25.64000
2024-07-09 08:00:00,25.64000,25.97000,25.44000,25.67000
2024-07-09 12:00:00,25.65000,25.95000,25.19000,25.53000
2024-07-09 16:00:00,25.51000,26.11000,25.46000,26.11000
2024-07-09 20:00:00,26.13000,26.5,26.059999,26.42000
2024-07-10 00:00:00,26.41000,26.87000,26.040001,26.87000
2024-07-10 04:00:00,26.89000,27.39000,26.79000,26.85000
2024-07-10 08:00:00,26.88000,26.97000,26.59000,26.89000
2024-07-10 12:00:00,26.91000,26.93000,26.080000,26.32000
2024-07-10 16:00:00,26.33000,26.62000,26.070000,26.13000
2024-07-10 20:00:00,26.14000,26.16000,25.63000,25.77000
2024-07-11 00:00:00,25.75,25.87000,25.19000,25.34000
2024-07-11 04:00:00,25.30000,25.86000,25.29000,25.84000
2024-07-11 08:00:00,25.85000,25.95000,25.58000,25.87000
2024-07-11 12:00:00,25.82000,26.34000,25.059999,25.080000
2024-07-11 16:00:00,25.12000,25.68000,25.070000,25.29000
2024-07-11 20:00:00,25.26000,25.38000,25.11000,25.21000
2024-07-12 00:00:00,25.21000,25.62000,24.85000,25.43000
2024-07-12 04:00:00,25.42000,25.47000,25.080000,25.22000
2024-07-12 08:00:00,25.19000,25.27000,24.86000,25.040001
2024-07-12 12:00:00,25.040001,25.67000,25.030001,25.64000
2024-07-12 16:00:00,25.64000,25.92000,25.43000,25.43000
2024-07-12 20:00:00,25.43000,26.090000,25.15000,25.95000
2024-07-13 00:00:00,25.98000,26,25.75,25.89000
2024-07-13 04:00:00,25.92000,25.92000,25.59000,25.80000
2024-07-13 08:00:00,25.99000,26.33000,25.69000,25.79000
2024-07-13 12:00:00,25.79000,26.30000,25.70000,26.21000
2024-07-13 16:00:00,26.21000,26.29000,25.71000,25.83000
2024-07-13 20:00:00,25.83000,26.16000,25.55000,25.85000
2024-07-14 00:00:00,25.85000,26.16000,25.68000,25.92000
2024-07-14 04:00:00,25.91000,26.25,25.90000,26.040001
2024-07-14 08:00:00,26.049999,26.41000,25.88000,25.89000
2024-07-14 12:00:00,25.89000,26.030001,25.62000,25.94000
2024-07-14 16:00:00,25.91000,25.94000,25.68000,25.71000
2024-07-14 20:00:00,25.72000,26.65000,25.68000,26.34000
2024-07-15 00:00:00,26.36000,27.10000,26.27000,26.99000
2024-07-15 04:00:00,27,27.20000,26.69000,27.13000
2024-07-15 08:00:00,27.17000,27.32000,26.62000,26.77000
2024-07-15 12:00:00,26.78000,27.24000,26.76000,26.94000
2024-07-15 16:00:00,26.93000,27.34000,26.84000,27.070000
2024-07-15 20:00:00,27.049999,27.87000,27.049999,27.83000
2024-07-16 00:00:00,27.82000,28.080000,27.60000,28.049999
2024-07-16 04:00:00,28.059999,28.10000,26.69000,26.83000
2024-07-16 08:00:00,26.88000,27.31000,26.5,27.26000
2024-07-16 12:00:00,27.27000,28.5,27.040001,28.47000
2024-07-16 16:00:00,28.47000,29.21000,28.10000,28.23000
2024-07-16 20:00:00,28.21000,28.35000,27.86000,28.010000
2024-07-17 00:00:00,28,28.88000,27.96000,28.81000
2024-07-17 04:00:00,28.80000,28.99000,28.60000,28.68000
2024-07-17 08:00:00,28.67000,28.93000,28.090000,28.14000
2024-07-17 12:00:00,28.10000,28.62000,28.020000,28.059999
2024-07-17 16:00:00,28.010000,28.020000,27.45000,27.89000
2024-07-17 20:00:00,27.87000,27.95000,27.22000,27.22000
2024-07-18 00:00:00,27.24000,27.77000,27.24000,27.77000
2024-07-18 04:00:00,27.77000,27.92000,27.45000,27.56000
2024-07-18 08:00:00,27.58000,27.77000,27.35000,27.54000
2024-07-18 12:00:00,27.54000,27.76000,26.86000,26.89000
2024-07-18 16:00:00,26.89000,27.21000,26.63000,26.87000
2024-07-18 20:00:00,26.83000,27.31000,26.80000,27.13000
2024-07-19 00:00:00,27.13000,27.35000,26.70000,27.29000
2024-07-19 04:00:00,27.29000,27.49000,26.79000,26.90000
2024-07-19 08:00:00,26.90000,27.059999,26.67000,26.85000
2024-07-19 12:00:00,26.87000,27.69000,26.77000,27.63000
2024-07-19 16:00:00,27.66000,28.37000,27.66000,28.32000
2024-07-19 20:00:00,28.37000,28.39000,28.080000,28.17000
2024-07-20 00:00:00,28.18000,28.31000,27.97000,28.25
2024-07-20 04:00:00,28.24000,28.48000,28.16000,28.16000
2024-07-20 08:00:00,28.17000,28.24000,28,28
2024-07-20 12:00:00,28,28.39000,27.80000,28.39000
2024-07-20 16:00:00,28.40000,28.99000,28.18000,28.66000
2024-07-20 20:00:00,28.66000,29.17000,28.66000,29.11000
2024-07-21 00:00:00,29.14000,29.43000,28.91000,29.20000
2024-07-21 04:00:00,29.17000,29.21000,28.59000,28.75
2024-07-21 08:00:00,28.77000,29.51000,28.77000,29.28000
2024-07-21 12:00:00,29.30000,30.98000,29.070000,30.98000
2024-07-21 16:00:00,31.090000,31.86000,29.87000,31.81000
2024-07-21 20:00:00,31.76000,32.97000,31.72000,32.65000
2024-07-22 00:00:00,32.68000,32.92000,32.17000,32.23000
2024-07-22 04:00:00,32.24000,32.82000,31.85000,31.94000
2024-07-22 08:00:00,31.89000,32.59000,31.70000,32.22000
2024-07-22 12:00:00,32.18000,32.5,31.34000,31.93000
2024-07-22 16:00:00,32,32.33000,31.80000,32.33000
2024-07-22 20:00:00,32.38000,32.42000,31.60000,31.89000
2024-07-23 00:00:00,31.86000,32.62000,31.85000,32.11000
2024-07-23 04:00:00,32.099998,32.16000,30.37000,30.37000
2024-07-23 08:00:00,30.38000,30.81000,30.17000,30.60000
2024-07-23 12:00:00,30.62000,30.76000,29.91000,30.31000
2024-07-23 16:00:00,30.32000,30.37000,29.48000,29.88000
2024-07-23 20:00:00,29.92000,30.26000,29.69000,29.83000
2024-07-24 00:00:00,29.81000,29.94000,28.64000,29.010000
2024-07-24 04:00:00,28.98000,29.30000,28.40000,29.30000
2024-07-24 08:00:00,29.28000,30.49000,29.28000,30.16000
2024-07-24 12:00:00,30.17000,30.26000,29.21000,29.21000
2024-07-24 16:00:00,29.19000,29.48000,28.70000,28.84000
2024-07-24 20:00:00,28.83000,29.010000,28.28000,28.37000
2024-07-25 00:00:00,28.34000,28.59000,27.15000,27.39000
2024-07-25 04:00:00,27.35000,27.72000,27.24000,27.31000
2024-07-25 08:00:00,27.28000,27.52000,27.10000,27.34000
2024-07-25 12:00:00,27.33000,27.43000,26.68000,27.020000
2024-07-25 16:00:00,27.010000,27.29000,26.30000,26.75
2024-07-25 20:00:00,26.76000,27.61000,26.37000,27.24000
2024-07-26 00:00:00,27.21000,28.049999,27.18000,27.73000
2024-07-26 04:00:00,27.74000,28.27000,27.71000,28
2024-07-26 08:00:00,28,28.37000,27.82000,27.96000
2024-07-26 12:00:00,27.97000,28.56000,27.64000,28.56000
2024-07-26 16:00:00,28.61000,28.81000,28.36000,28.58000
2024-07-26 20:00:00,28.61000,28.87000,28.32000,28.74000
2024-07-27 00:00:00,28.73000,28.85000,28.51000,28.61000
2024-07-27 04:00:00,28.61000,28.84000,28.45000,28.65000
2024-07-27 08:00:00,28.66000,28.75,28.47000,28.72000
2024-07-27 12:00:00,28.73000,29.5,28.72000,28.83000
2024-07-27 16:00:00,28.86000,28.97000,28.040001,28.23000
2024-07-27 20:00:00,28.19000,28.61000,27.66000,28.030001
2024-07-28 00:00:00,28.020000,28.17000,27.76000,27.76000
2024-07-28 04:00:00,27.76000,27.80000,27.29000,27.78000
2024-07-28 08:00:00,27.79000,27.81000,27.51000,27.65000
2024-07-28 12:00:00,27.55000,27.64000,27.24000,27.26000
2024-07-28 16:00:00,27.25,27.69000,27.25,27.54000
2024-07-28 20:00:00,27.53000,27.55000,27.14000,27.40000
2024-07-29 00:00:00,27.37000,28.43000,27.32000,28.22000
2024-07-29 04:00:00,28.26000,28.82000,28.11000,28.70000
2024-07-29 08:00:00,28.69000,28.83000,28.57000,28.57000
2024-07-29 12:00:00,28.58000,28.74000,27.38000,27.56000
2024-07-29 16:00:00,27.54000,27.56000,27.16000,27.46000
2024-07-29 20:00:00,27.44000,27.51000,26.99000,26.99000
2024-07-30 00:00:00,27.049999,27.30000,26.76000,27.17000
2024-07-30 04:00:00,27.14000,27.30000,27.059999,27.23000
2024-07-30 08:00:00,27.20000,27.28000,26.84000,27.010000
2024-07-30 12:00:00,27,27.040001,26.44000,26.71000
2024-07-30 16:00:00,26.68000,26.90000,26.30000,26.43000
2024-07-30 20:00:00,26.42000,26.55000,26.080000,26.33000
2024-07-31 00:00:00,26.33000,26.62000,26.20000,26.54000
2024-07-31 04:00:00,26.54000,26.55000,25.83000,26.31000
2024-07-31 08:00:00,26.30000,26.31000,26.059999,26.21000
2024-07-31 12:00:00,26.23000,26.85000,26.22000,26.58000
2024-07-31 16:00:00,26.58000,26.84000,25.88000,26.010000
2024-07-31 20:00:00,25.95000,26.040001,25.45000,25.72000
2024-08-01 00:00:00,25.73000,25.90000,25.35000,25.41000
2024-08-01 04:00:00,25.41000,25.49000,24.96000,25.34000
2024-08-01 08:00:00,25.32000,25.51000,25.23000,25.39000
2024-08-01 12:00:00,25.39000,25.70000,24.51000,24.64000
2024-08-01 16:00:00,24.61000,24.88000,24.10000,24.82000
2024-08-01 20:00:00,24.79000,25.78000,24.70000,25.72000
2024-08-02 00:00:00,25.76000,25.89000,25.090000,25.35000
2024-08-02 04:00:00,25.37000,25.41000,24.63000,25.030001
2024-08-02 08:00:00,25,25.26000,24.78000,24.99000
2024-08-02 12:00:00,24.97000,25.30000,23.53000,24.16000
2024-08-02 16:00:00,24.13000,24.27000,23.74000,23.84000
2024-08-02 20:00:00,23.82000,23.99000,23.39000,23.62000
2024-08-03 00:00:00,23.61000,23.74000,23.030001,23.71000
2024-08-03 04:00:00,23.72000,23.84000,23.62000,23.73000
2024-08-03 08:00:00,23.70000,23.99000,23.5,23.92000
2024-08-03 12:00:00,23.94000,24.10000,23.35000,23.37000
2024-08-03 16:00:00,23.37000,23.37000,22.43000,22.51000
2024-08-03 20:00:00,22.46000,22.81000,22.20000,22.67000
2024-08-04 00:00:00,22.67000,22.94000,22.49000,22.82000
2024-08-04 04:00:00,22.83000,22.90000,22.58000,22.59000
2024-08-04 08:00:00,22.49000,22.74000,22.34000,22.54000
2024-08-04 12:00:00,22.53000,22.63000,21.59000,21.59000
2024-08-04 16:00:00,21.62000,21.99000,20.66000,21.83000
2024-08-04 20:00:00,21.85000,22.070000,21.21000,21.25
2024-08-05 00:00:00,21.27000,21.34000,18.57000,18.67000
2024-08-05 04:00:00,18.65000,19.28000,17.31000,19.049999
2024-08-05 08:00:00,18.98000,19.070000,17.57000,18.25
2024-08-05 12:00:00,18.21000,19.77000,17.48000,19.72000
2024-08-05 16:00:00,19.70000,20.21000,19.17000,19.38000
2024-08-05 20:00:00,19.40000,19.98000,19.40000,19.52000
2024-08-06 00:00:00,19.53000,20.84000,19.53000,20.42000
2024-08-06 04:00:00,20.42000,21.049999,20.29000,21.030001
2024-08-06 08:00:00,21.020000,21.040001,20.30000,20.48000
2024-08-06 12:00:00,20.44000,21.22000,20.070000,21.13000
2024-08-06 16:00:00,21.18000,21.44000,21.040001,21.16000
2024-08-06 20:00:00,21.17000,21.36000,20.79000,20.89000
2024-08-07 00:00:00,20.87000,21.43000,20.60000,21.22000
2024-08-07 04:00:00,21.21000,21.69000,21.090000,21.24000
2024-08-07 08:00:00,21.23000,21.52000,20.92000,20.94000
2024-08-07 12:00:00,20.95000,21.13000,20.11000,20.40000
2024-08-07 16:00:00,20.38000,20.45000,19.85000,20.010000
2024-08-07 20:00:00,19.96000,20.13000,19.73000,19.81000
2024-08-08 00:00:00,19.86000,20.92000,19.54000,20.67000
2024-08-08 04:00:00,20.68000,20.85000,20.59000,20.59000
2024-08-08 08:00:00,20.57000,20.70000,20.49000,20.57000
2024-08-08 12:00:00,20.55000,21.93000,20.48000,21.93000
2024-08-08 16:00:00,21.95000,22.20000,21.63000,21.63000
2024-08-08 20:00:00,21.69000,22.79000,21.67000,22.73000
2024-08-09 00:00:00,22.73000,22.77000,22.20000,22.20000
2024-08-09 04:00:00,22.18000,22.18000,21.64000,21.82000
2024-08-09 08:00:00,21.83000,21.93000,21.51000,21.74000
2024-08-09 12:00:00,21.74000,21.95000,21.31000,21.36000
2024-08-09 16:00:00,21.39000,21.67000,21.37000,21.49000
2024-08-09 20:00:00,21.49000,21.81000,21.41000,21.76000
2024-08-10 00:00:00,21.75,21.97000,21.51000,21.59000
2024-08-10 04:00:00,21.58000,21.68000,21.41000,21.67000
2024-08-10 08:00:00,21.68000,21.80000,21.56000,21.79000
2024-08-10 12:00:00,21.79000,21.88000,21.56000,21.73000
2024-08-10 16:00:00,21.69000,21.81000,21.61000,21.63000
2024-08-10 20:00:00,21.63000,21.76000,21.53000,21.60000
2024-08-11 00:00:00,21.58000,22.16000,21.55000,21.99000
2024-08-11 04:00:00,22.059999,22.14000,21.84000,22.080000
2024-08-11 08:00:00,22.070000,22.32000,21.71000,21.79000
2024-08-11 12:00:00,21.78000,21.78000,21.20000,21.30000
2024-08-11 16:00:00,21.10000,21.29000,20.85000,20.85000
2024-08-11 20:00:00,20.84000,20.84000,20.40000,20.40000
2024-08-12 00:00:00,20.40000,20.76000,20.32000,20.69000
2024-08-12 04:00:00,20.69000,21.11000,20.48000,21.049999
2024-08-12 08:00:00,21.10000,21.56000,20.92000,21.54000
2024-08-12 12:00:00,21.54000,21.68000,20.64000,21.35000
2024-08-12 16:00:00,21.33000,21.38000,20.82000,21.040001
2024-08-12 20:00:00,21.049999,21.35000,20.71000,21.26000
2024-08-13 00:00:00,21.22000,21.34000,20.80000,20.85000
2024-08-13 04:00:00,20.83000,21.10000,20.73000,20.98000
2024-08-13 08:00:00,20.97000,21.010000,20.61000,20.83000
2024-08-13 12:00:00,20.86000,21.090000,20.77000,21.040001
2024-08-13 16:00:00,21.040001,21.61000,21.030001,21.36000
2024-08-13 20:00:00,21.35000,21.53000,21.22000,21.39000
2024-08-14 00:00:00,21.37000,21.48000,21.20000,21.35000
2024-08-14 04:00:00,21.30000,21.46000,21.17000,21.29000
2024-08-14 08:00:00,21.29000,21.68000,21.20000,21.57000
2024-08-14 12:00:00,21.57000,21.86000,20.86000,21.30000
2024-08-14 16:00:00,21.27000,21.41000,20.99000,21.11000
2024-08-14 20:00:00,21.090000,21.14000,20.83000,20.96000
2024-08-15 00:00:00,20.96000,21.15000,20.77000,20.94000
2024-08-15 04:00:00,20.95000,20.98000,20.54000,20.95000
2024-08-15 08:00:00,20.95000,21.13000,20.79000,21.080000
2024-08-15 12:00:00,21.080000,21.14000,20.78000,20.92000
2024-08-15 16:00:00,20.93000,20.97000,19.88000,20.080000
2024-08-15 20:00:00,20.049999,20.24000,19.91000,20.12000
2024-08-16 00:00:00,20.12000,20.46000,20.020000,20.19000
2024-08-16 04:00:00,20.20000,20.60000,20.17000,20.54000
2024-08-16 08:00:00,20.56000,20.58000,20.28000,20.32000
2024-08-16 12:00:00,20.33000,20.40000,19.83000,19.96000
2024-08-16 16:00:00,20.16000,20.46000,19.99000,20.41000
2024-08-16 20:00:00,20.43000,20.68000,20.36000,20.37000
2024-08-17 00:00:00,20.32000,20.52000,20.24000,20.42000
2024-08-17 04:00:00,20.42000,20.60000,20.39000,20.57000
2024-08-17 08:00:00,20.57000,20.59000,20.39000,20.48000
2024-08-17 12:00:00,20.46000,20.63000,20.39000,20.47000
2024-08-17 16:00:00,20.47000,20.68000,20.47000,20.57000
2024-08-17 20:00:00,20.57000,20.71000,20.5,20.71000
2024-08-18 00:00:00,20.71000,20.87000,20.55000,20.62000
2024-08-18 04:00:00,20.59000,20.92000,20.59000,20.75
2024-08-18 08:00:00,20.74000,21.030001,20.69000,21.020000
2024-08-18 12:00:00,21.010000,21.38000,20.97000,21.23000
2024-08-18 16:00:00,21.24000,21.34000,21.040001,21.34000
2024-08-18 20:00:00,21.37000,21.5,20.78000,20.81000
2024-08-19 00:00:00,20.81000,20.94000,20.67000,20.91000
2024-08-19 04:00:00,20.88000,20.90000,20.57000,20.69000
2024-08-19 08:00:00,20.69000,20.85000,20.52000,20.69000
2024-08-19 12:00:00,20.71000,20.83000,20.40000,20.58000
2024-08-19 16:00:00,20.56000,21,20.45000,20.87000
2024-08-19 20:00:00,20.83000,21.23000,20.79000,21.21000
2024-08-20 00:00:00,21.22000,21.79000,21.18000,21.78000
2024-08-20 04:00:00,21.82000,22.080000,21.72000,22.070000
2024-08-20 08:00:00,22.080000,22.16000,21.89000,21.99000
2024-08-20 12:00:00,21.99000,22.22000,21.49000,21.77000
2024-08-20 16:00:00,21.76000,22.65000,21.76000,22.57000
2024-08-20 20:00:00,22.57000,22.77000,22.25,22.26000
2024-08-21 00:00:00,22.25,23.18000,22.25,23.18000
2024-08-21 04:00:00,23.17000,23.55000,22.95000,23.30000
2024-08-21 08:00:00,23.29000,23.39000,22.85000,22.92000
2024-08-21 12:00:00,22.88000,23.43000,22.81000,23.10000
2024-08-21 16:00:00,23.11000,23.65000,22.99000,23.63000
2024-08-21 20:00:00,23.63000,23.78000,23.43000,23.52000
2024-08-22 00:00:00,23.54000,23.63000,23.090000,23.23000
2024-08-22 04:00:00,23.23000,23.47000,23.16000,23.26000
2024-08-22 08:00:00,23.26000,23.56000,23.20000,23.53000
2024-08-22 12:00:00,23.54000,25.18000,23.53000,24.61000
2024-08-22 16:00:00,24.58000,24.63000,24.16000,24.47000
2024-08-22 20:00:00,24.5,25.29000,24.5,25.22000
2024-08-23 00:00:00,25.23000,26.61000,25.23000,26.47000
2024-08-23 04:00:00,26.49000,26.5,25.65000,25.77000
2024-08-23 08:00:00,25.89000,26.31000,25.80000,26.080000
2024-08-23 12:00:00,26.15000,26.82000,25.90000,26.13000
2024-08-23 16:00:00,26.12000,26.81000,26.059999,26.72000
2024-08-23 20:00:00,26.68000,26.92000,26.48000,26.52000
2024-08-24 00:00:00,26.51000,26.57000,26.21000,26.24000
2024-08-24 04:00:00,26.24000,26.67000,26.23000,26.64000
2024-08-24 08:00:00,26.58000,27.66000,26.48000,27.49000
2024-08-24 12:00:00,27.47000,27.81000,27.21000,27.66000
2024-08-24 16:00:00,27.75,27.98000,27.43000,27.45000
2024-08-24 20:00:00,27.45000,27.54000,26.78000,27.13000
2024-08-25 00:00:00,27.12000,27.13000,26.55000,26.90000
2024-08-25 04:00:00,26.94000,27.090000,26.18000,26.29000
2024-08-25 08:00:00,26.26000,26.64000,26.17000,26.62000
2024-08-25 12:00:00,26.60000,27.17000,26.5,27.030001
2024-08-25 16:00:00,27.030001,27.24000,26.83000,26.96000
2024-08-25 20:00:00,26.95000,27.66000,26.87000,26.97000
2024-08-26 00:00:00,26.97000,27.20000,26.40000,26.85000
2024-08-26 04:00:00,26.85000,27.12000,26.64000,26.81000
2024-08-26 08:00:00,26.79000,27.080000,26.58000,26.86000
2024-08-26 12:00:00,26.88000,26.91000,26.28000,26.54000
2024-08-26 16:00:00,26.5,26.73000,26.18000,26.23000
2024-08-26 20:00:00,26.28000,26.46000,25.90000,25.94000
2024-08-27 00:00:00,25.97000,26.38000,25.97000,26.30000
2024-08-27 04:00:00,26.30000,26.80000,26.18000,26.55000
2024-08-27 08:00:00,26.57000,26.65000,25.54000,25.76000
2024-08-27 12:00:00,25.73000,25.79000,25.30000,25.32000
2024-08-27 16:00:00,25.29000,25.81000,25.21000,25.5
2024-08-27 20:00:00,25.54000,25.57000,23.68000,24.11000
2024-08-28 00:00:00,24.020000,24.24000,23.60000,24.22000
2024-08-28 04:00:00,24.18000,24.24000,23.65000,23.65000
2024-08-28 08:00:00,23.62000,24.82000,23.49000,24.68000
2024-08-28 12:00:00,24.68000,24.81000,23.64000,23.87000
2024-08-28 16:00:00,23.86000,24.25,23.22000,23.77000
2024-08-28 20:00:00,23.84000,24.070000,23.23000,23.44000
2024-08-29 00:00:00,23.44000,23.64000,23.30000,23.47000
2024-08-29 04:00:00,23.47000,23.93000,23.34000,23.85000
2024-08-29 08:00:00,23.83000,23.91000,23.46000,23.63000
2024-08-29 12:00:00,23.59000,24.65000,23.55000,24.34000
2024-08-29 16:00:00,24.32000,24.54000,22.98000,23.20000
2024-08-29 20:00:00,23.16000,23.25,22.80000,22.91000
2024-08-30 00:00:00,22.84000,23.15000,22.78000,23
2024-08-30 04:00:00,22.98000,23.56000,22.90000,23.38000
2024-08-30 08:00:00,23.38000,23.63000,23.20000,23.21000
2024-08-30 12:00:00,23.19000,23.45000,22.22000,22.36000
2024-08-30 16:00:00,22.35000,23.25,22.27000,23
2024-08-30 20:00:00,23,23.31000,23,23.29000
2024-08-31 00:00:00,23.28000,23.40000,23.14000,23.19000
2024-08-31 04:00:00,23.19000,23.34000,22.99000,23.020000
2024-08-31 08:00:00,23.020000,23.11000,22.80000,23.030001
2024-08-31 12:00:00,23.020000,23.13000,22.89000,23.040001
2024-08-31 16:00:00,23.030001,23.030001,22.48000,22.69000
2024-08-31 20:00:00,22.70000,22.87000,22.62000,22.80000
2024-09-01 00:00:00,22.79000,22.82000,22.26000,22.48000
2024-09-01 04:00:00,22.48000,22.5,21.93000,22.24000
2024-09-01 08:00:00,22.27000,22.48000,22.040001,22.34000
2024-09-01 12:00:00,22.35000,22.51000,21.96000,22.41000
2024-09-01 16:00:00,22.42000,22.48000,21.78000,22.14000
2024-09-01 20:00:00,22.15000,22.29000,21.23000,21.44000
2024-09-02 00:00:00,21.41000,21.91000,21.38000,21.82000
2024-09-02 04:00:00,21.83000,22.030001,21.54000,21.57000
2024-09-02 08:00:00,21.61000,22.35000,21.60000,22.19000
2024-09-02 12:00:00,22.18000,22.24000,21.86000,22.070000
2024-09-02 16:00:00,22.070000,22.21000,21.96000,22.10000
2024-09-02 20:00:00,22.10000,22.53000,22.10000,22.37000
2024-09-03 00:00:00,22.35000,22.70000,22.30000,22.5
2024-09-03 04:00:00,22.52000,22.54000,22.29000,22.52000
2024-09-03 08:00:00,22.53000,22.53000,22.16000,22.40000
2024-09-03 12:00:00,22.39000,22.5,21.56000,21.58000
2024-09-03 16:00:00,21.60000,21.86000,21.52000,21.81000
2024-09-03 20:00:00,21.82000,21.82000,21.36000,21.38000
2024-09-04 00:00:00,21.40000,21.59000,20.54000,21.46000
2024-09-04 04:00:00,21.45000,21.75,21.20000,21.68000
2024-09-04 08:00:00,21.68000,21.78000,21.41000,21.49000
2024-09-04 12:00:00,21.5,22.049999,21.34000,22.049999
2024-09-04 16:00:00,22.040001,22.28000,21.80000,21.91000
2024-09-04 20:00:00,21.92000,22.10000,21.78000,21.90000
2024-09-05 00:00:00,21.90000,22.17000,21.66000,21.70000
2024-09-05 04:00:00,21.67000,21.94000,21.56000,21.79000
2024-09-05 08:00:00,21.79000,21.86000,21.57000,21.71000
2024-09-05 12:00:00,21.72000,22.010000,21.26000,21.38000
2024-09-05 16:00:00,21.41000,21.75,21.23000,21.30000
2024-09-05 20:00:00,21.32000,21.49000,21.27000,21.37000
2024-09-06 00:00:00,21.37000,21.74000,21.27000,21.62000
2024-09-06 04:00:00,21.62000,21.81000,21.42000,21.52000
2024-09-06 08:00:00,21.51000,21.70000,21.35000,21.53000
2024-09-06 12:00:00,21.52000,22.14000,21.18000,21.37000
2024-09-06 16:00:00,21.31000,21.41000,20.76000,21
2024-09-06 20:00:00,20.96000,21.17000,20.52000,21.17000
2024-09-07 00:00:00,21.17000,21.28000,21.059999,21.24000
2024-09-07 04:00:00,21.25,21.69000,21.22000,21.69000
2024-09-07 08:00:00,21.69000,21.70000,21.47000,21.61000
2024-09-07 12:00:00,21.62000,21.99000,21.60000,21.84000
2024-09-07 16:00:00,21.85000,21.89000,21.61000,21.86000
2024-09-07 20:00:00,21.84000,21.85000,21.61000,21.79000
2024-09-08 00:00:00,21.81000,22.36000,21.72000,22.36000
2024-09-08 04:00:00,22.40000,23.22000,22.37000,23.090000
2024-09-08 08:00:00,23.13000,23.16000,22.84000,23.059999
2024-09-08 12:00:00,23.049999,23.10000,22.44000,22.44000
2024-09-08 16:00:00,22.51000,23.059999,22.40000,22.97000
2024-09-08 20:00:00,22.96000,23.49000,22.88000,23.25
2024-09-09 00:00:00,23.26000,23.54000,23.17000,23.49000
2024-09-09 04:00:00,23.54000,23.69000,23.19000,23.69000
2024-09-09 08:00:00,23.69000,24.31000,23.69000,23.71000
2024-09-09 12:00:00,23.71000,23.86000,23.33000,23.64000
2024-09-09 16:00:00,23.61000,24.29000,23.60000,24.18000
2024-09-09 20:00:00,24.21000,24.36000,23.84000,23.85000
2024-09-10 00:00:00,23.85000,23.85000,23.60000,23.62000
2024-09-10 04:00:00,23.61000,23.84000,23.58000,23.79000
2024-09-10 08:00:00,23.79000,24.11000,23.62000,24.080000
2024-09-10 12:00:00,24.080000,24.12000,23.74000,23.76000
2024-09-10 16:00:00,23.78000,24.5,23.77000,24.43000
2024-09-10 20:00:00,24.41000,24.57000,24.27000,24.36000
2024-09-11 00:00:00,24.35000,24.51000,23.78000,23.85000
2024-09-11 04:00:00,23.83000,23.84000,23.28000,23.64000
2024-09-11 08:00:00,23.61000,23.65000,23.37000,23.63000
2024-09-11 12:00:00,23.59000,23.76000,22.91000,23.32000
2024-09-11 16:00:00,23.30000,23.67000,23.30000,23.45000
2024-09-11 20:00:00,23.44000,23.53000,23.27000,23.28000
2024-09-12 00:00:00,23.27000,24.020000,23.27000,23.71000
2024-09-12 04:00:00,23.70000,23.81000,23.46000,23.52000
2024-09-12 08:00:00,23.5,23.77000,23.49000,23.59000
2024-09-12 12:00:00,23.60000,23.91000,23.44000,23.47000
2024-09-12 16:00:00,23.47000,24.020000,23.47000,23.84000
2024-09-12 20:00:00,23.86000,24.040001,23.73000,24.010000
2024-09-13 00:00:00,24.059999,24.090000,23.68000,23.68000
2024-09-13 04:00:00,23.72000,23.86000,23.68000,23.84000
2024-09-13 08:00:00,23.82000,24.24000,23.68000,23.84000
2024-09-13 12:00:00,23.88000,24.72000,23.69000,24.70000
2024-09-13 16:00:00,24.74000,24.80000,24.52000,24.70000
2024-09-13 20:00:00,24.69000,25.090000,24.69000,24.92000
2024-09-14 00:00:00,24.91000,25.080000,24.87000,25.049999
2024-09-14 04:00:00,25.049999,25.049999,24.84000,24.95000
2024-09-14 08:00:00,24.93000,24.99000,24.63000,24.66000
2024-09-14 12:00:00,24.65000,25.59000,24.62000,25.49000
2024-09-14 16:00:00,25.5,25.66000,25.19000,25.27000
2024-09-14 20:00:00,25.27000,25.47000,25.12000,25.33000
2024-09-15 00:00:00,25.31000,25.38000,25.030001,25.070000
2024-09-15 04:00:00,25.070000,25.080000,24.77000,24.89000
2024-09-15 08:00:00,24.85000,24.86000,24.56000,24.63000
2024-09-15 12:00:00,24.60000,24.88000,24.59000,24.75
2024-09-15 16:00:00,24.74000,24.75,24.35000,24.36000
2024-09-15 20:00:00,24.36000,24.40000,23.76000,23.80000
2024-09-16 00:00:00,23.78000,23.85000,23.34000,23.66000
2024-09-16 04:00:00,23.66000,24.13000,23.55000,24.070000
2024-09-16 08:00:00,24.070000,24.24000,23.85000,23.87000
2024-09-16 12:00:00,23.85000,23.89000,23.32000,23.5
2024-09-16 16:00:00,23.51000,23.58000,23.23000,23.47000
2024-09-16 20:00:00,23.45000,23.58000,23.31000,23.51000
2024-09-17 00:00:00,23.51000,23.55000,23.16000,23.49000
2024-09-17 04:00:00,23.47000,24.010000,23.47000,23.80000
2024-09-17 08:00:00,23.80000,24.020000,23.68000,23.85000
2024-09-17 12:00:00,23.84000,24.47000,23.64000,24.40000
2024-09-17 16:00:00,24.45000,24.46000,23.72000,23.86000
2024-09-17 20:00:00,23.84000,23.96000,23.70000,23.77000
2024-09-18 00:00:00,23.76000,23.90000,23.51000,23.85000
2024-09-18 04:00:00,23.86000,23.86000,23.58000,23.61000
2024-09-18 08:00:00,23.61000,23.62000,23.090000,23.25
2024-09-18 12:00:00,23.24000,23.36000,22.87000,22.94000
2024-09-18 16:00:00,22.91000,23.74000,22.83000,23.39000
2024-09-18 20:00:00,23.37000,24.69000,23.21000,24.69000
2024-09-19 00:00:00,24.77000,26.11000,24.77000,25.62000
2024-09-19 04:00:00,25.69000,25.92000,25.59000,25.92000
2024-09-19 08:00:00,25.91000,26.35000,25.88000,26.25
2024-09-19 12:00:00,26.25,26.51000,26.11000,26.39000
2024-09-19 16:00:00,26.38000,26.60000,26.28000,26.43000
2024-09-19 20:00:00,26.42000,26.77000,26.11000,26.66000
2024-09-20 00:00:00,26.72000,27.84000,26.49000,27.84000
2024-09-20 04:00:00,27.86000,28.37000,27.71000,28.21000
2024-09-20 08:00:00,28.22000,28.72000,28.12000,28.13000
2024-09-20 12:00:00,28.14000,28.25,27.16000,27.21000
2024-09-20 16:00:00,27.21000,27.35000,26.80000,27.11000
2024-09-20 20:00:00,27.14000,27.67000,27.14000,27.67000
2024-09-21 00:00:00,27.64000,27.76000,27.14000,27.19000
2024-09-21 04:00:00,27.18000,27.31000,27.020000,27.27000
2024-09-21 08:00:00,27.27000,27.60000,27.19000,27.59000
2024-09-21 12:00:00,27.58000,28.11000,27.48000,27.59000
2024-09-21 16:00:00,27.57000,27.69000,27.36000,27.37000
2024-09-21 20:00:00,27.37000,27.98000,27.34000,27.79000
2024-09-22 00:00:00,27.79000,27.79000,27.10000,27.26000
2024-09-22 04:00:00,27.26000,27.48000,27.15000,27.39000
2024-09-22 08:00:00,27.39000,27.43000,26.83000,26.91000
2024-09-22 12:00:00,26.91000,27.059999,26.65000,26.87000
2024-09-22 16:00:00,26.84000,27.16000,26.65000,27.090000
2024-09-22 20:00:00,27.12000,27.49000,26.48000,27.32000
2024-09-23 00:00:00,27.32000,28.17000,26.59000,27.87000
2024-09-23 04:00:00,27.87000,27.95000,27.42000,27.66000
2024-09-23 08:00:00,27.65000,27.68000,27.25,27.31000
2024-09-23 12:00:00,27.38000,27.69000,27.29000,27.55000
2024-09-23 16:00:00,27.56000,27.71000,27.20000,27.37000
2024-09-23 20:00:00,27.36000,27.47000,27.11000,27.39000
2024-09-24 00:00:00,27.36000,27.40000,26.86000,27.29000
2024-09-24 04:00:00,27.29000,27.44000,27.049999,27.40000
2024-09-24 08:00:00,27.41000,27.77000,27.41000,27.68000
2024-09-24 12:00:00,27.72000,27.79000,26.96000,27.14000
2024-09-24 16:00:00,27.21000,27.72000,27.12000,27.72000
2024-09-24 20:00:00,27.71000,28.52000,27.51000,28.44000
2024-09-25 00:00:00,28.49000,28.49000,27.73000,27.98000
2024-09-25 04:00:00,27.98000,27.98000,27.36000,27.61000
2024-09-25 08:00:00,27.60000,27.84000,27.55000,27.84000
2024-09-25 12:00:00,27.83000,28.070000,27.55000,27.68000
2024-09-25 16:00:00,27.63000,27.70000,27.28000,27.5
2024-09-25 20:00:00,27.54000,27.65000,27.17000,27.28000
2024-09-26 00:00:00,27.26000,27.57000,26.98000,27.52000
2024-09-26 04:00:00,27.53000,28.020000,27.45000,28
2024-09-26 08:00:00,28.049999,28.24000,27.74000,28.24000
2024-09-26 12:00:00,28.44000,29.31000,28.31000,29.17000
2024-09-26 16:00:00,29.23000,29.40000,28.86000,28.92000
2024-09-26 20:00:00,28.95000,29.32000,28.77000,29.15000
2024-09-27 00:00:00,29.18000,29.42000,28.94000,29.42000
2024-09-27 04:00:00,29.42000,29.74000,29.28000,29.64000
2024-09-27 08:00:00,29.62000,30.080000,29.61000,29.88000
2024-09-27 12:00:00,29.90000,30.83000,29.72000,30.17000
2024-09-27 16:00:00,30.18000,30.60000,30.030001,30.20000
2024-09-27 20:00:00,30.21000,30.56000,30.049999,30.43000
2024-09-28 00:00:00,30.45000,30.74000,30.14000,30.20000
2024-09-28 04:00:00,30.18000,30.22000,29.40000,29.48000
2024-09-28 08:00:00,29.46000,29.72000,29.059999,29.5
2024-09-28 12:00:00,29.48000,29.63000,29.13000,29.46000
2024-09-28 16:00:00,29.33000,29.48000,29.19000,29.38000
2024-09-28 20:00:00,29.37000,29.41000,29.14000,29.29000
2024-09-29 00:00:00,29.28000,29.46000,29.059999,29.12000
2024-09-29 04:00:00,29.11000,29.17000,28.58000,28.62000
2024-09-29 08:00:00,28.59000,28.84000,28.55000,28.69000
2024-09-29 12:00:00,28.67000,28.84000,28.28000,28.83000
2024-09-29 16:00:00,28.85000,29.25,28.66000,29.25
2024-09-29 20:00:00,29.25,29.41000,28.91000,29.049999
2024-09-30 00:00:00,29.049999,29.11000,28.15000,28.58000
2024-09-30 04:00:00,28.58000,28.96000,28.35000,28.96000
2024-09-30 08:00:00,28.99000,28.99000,27.99000,28.30000
2024-09-30 12:00:00,28.32000,28.58000,27.95000,27.95000
2024-09-30 16:00:00,27.97000,28.29000,27.97000,27.97000
2024-09-30 20:00:00,27.95000,28.31000,27.58000,27.74000
2024-10-01 00:00:00,27.70000,28.41000,27.65000,28.39000
2024-10-01 04:00:00,28.38000,28.72000,28.32000,28.59000
2024-10-01 08:00:00,28.58000,28.88000,28.58000,28.65000
2024-10-01 12:00:00,28.64000,28.74000,26.090000,26.71000
2024-10-01 16:00:00,26.61000,26.86000,25.059999,25.91000
2024-10-01 20:00:00,25.92000,26.23000,25.52000,25.84000
2024-10-02 00:00:00,25.79000,26.48000,25.63000,26.38000
2024-10-02 04:00:00,26.38000,26.77000,26.049999,26.60000
2024-10-02 08:00:00,26.60000,26.73000,25.72000,25.99000
2024-10-02 12:00:00,25.96000,26.24000,25.47000,26.22000
2024-10-02 16:00:00,26.22000,26.46000,25.040001,25.24000
2024-10-02 20:00:00,25.25,25.58000,25.12000,25.34000
2024-10-03 00:00:00,25.32000,25.60000,25.15000,25.58000
2024-10-03 04:00:00,25.56000,25.65000,24.89000,24.89000
2024-10-03 08:00:00,24.89000,25.040001,24.22000,24.69000
2024-10-03 12:00:00,24.71000,24.73000,23.94000,24.36000
2024-10-03 16:00:00,24.37000,24.78000,23.96000,24.75
2024-10-03 20:00:00,24.75,24.83000,24.44000,24.65000
2024-10-04 00:00:00,24.60000,25.11000,24.44000,24.91000
2024-10-04 04:00:00,24.90000,25.32000,24.90000,25.30000
2024-10-04 08:00:00,25.29000,25.70000,25.28000,25.70000
2024-10-04 12:00:00,25.72000,26.13000,25.35000,26.13000
2024-10-04 16:00:00,26.17000,26.5,26.020000,26.32000
2024-10-04 20:00:00,26.28000,26.40000,26.13000,26.27000
2024-10-05 00:00:00,26.28000,26.41000,25.77000,25.84000
2024-10-05 04:00:00,25.85000,26.31000,25.81000,26.040001
2024-10-05 08:00:00,26.020000,26.12000,25.83000,25.85000
2024-10-05 12:00:00,25.85000,25.96000,25.58000,25.74000
2024-10-05 16:00:00,25.73000,25.75,25.42000,25.46000
2024-10-05 20:00:00,25.46000,25.74000,25.11000,25.66000
2024-10-06 00:00:00,25.66000,25.87000,25.5,25.63000
2024-10-06 04:00:00,25.66000,26.27000,25.64000,26.21000
2024-10-06 08:00:00,26.26000,26.34000,26.049999,26.34000
2024-10-06 12:00:00,26.35000,26.96000,26.35000,26.93000
2024-10-06 16:00:00,26.93000,27.080000,26.75,26.84000
2024-10-06 20:00:00,26.85000,27,26.62000,26.93000
2024-10-07 00:00:00,26.94000,27.52000,26.85000,27.30000
2024-10-07 04:00:00,27.31000,27.54000,27.21000,27.23000
2024-10-07 08:00:00,27.25,27.36000,26.66000,26.99000
2024-10-07 12:00:00,26.99000,27.72000,26.90000,27.14000
2024-10-07 16:00:00,27.14000,27.43000,26.85000,27.15000
2024-10-07 20:00:00,27.15000,27.17000,26.54000,26.55000
2024-10-08 00:00:00,26.59000,27.18000,26.55000,27.080000
2024-10-08 04:00:00,27.090000,27.13000,26.26000,26.52000
2024-10-08 08:00:00,26.46000,26.75,26.38000,26.71000
2024-10-08 12:00:00,26.72000,26.83000,26.040001,26.33000
2024-10-08 16:00:00,26.30000,26.57000,26.20000,26.39000
2024-10-08 20:00:00,26.40000,26.70000,26.23,26.34
2024-10-09 00:00:00,26.34,26.7,26.18,26.33
2024-10-09 04:00:00,26.33,26.61,26.22,26.46
2024-10-09 08:00:00,26.46,26.59,26.29,26.45
2024-10-09 12:00:00,26.45,26.48,25.68,26.21
2024-10-09 16:00:00,26.2,26.3,25.77,26.1
2024-10-09 20:00:00,26.09,26.18,25.73,25.76
2024-10-10 00:00:00,25.76,26.04,25.54,25.95
2024-10-10 04:00:00,25.95,26.37,25.89,26.11
2024-10-10 08:00:00,26.12,26.24,25.67,26.15
2024-10-10 12:00:00,26.15,26.27,25.52,25.85
2024-10-10 16:00:00,25.86,25.93,25.06,25.52
2024-10-10 20:00:00,25.51,25.93,25.42,25.86
2024-10-11 00:00:00,25.85,26.15,25.75,26.04
2024-10-11 04:00:00,26.06,26.2,25.97,26.14
2024-10-11 08:00:00,26.14,26.61,26.14,26.43
2024-10-11 12:00:00,26.43,26.82,26.33,26.78
2024-10-11 16:00:00,26.78,27.33,26.68,27.32
2024-10-11 20:00:00,27.31,27.6,27.23,27.45
2024-10-12 00:00:00,27.46,29,27.39,28.31
2024-10-12 04:00:00,28.32,28.55,28.13,28.17
2024-10-12 08:00:00,28.17,28.59,28.1,28.56
2024-10-12 12:00:00,28.56,29.37,28.5,29.09
2024-10-12 16:00:00,29.09,29.26,28.86,28.97
2024-10-12 20:00:00,28.97,28.99,28.53,28.64
2024-10-13 00:00:00,28.63,29.03,28.42,28.8
2024-10-13 04:00:00,28.8,29.13,28.8,29.04
2024-10-13 08:00:00,29.04,29.36,28.9,29
2024-10-13 12:00:00,29,29.26,28.39,28.47
2024-10-13 16:00:00,28.46,28.84,28.3,28.62
2024-10-13 20:00:00,28.63,29.27,28.42,29.06
2024-10-14 00:00:00,29.05,29.8,28.65,29.74
2024-10-14 04:00:00,29.73,29.87,29.29,29.5
2024-10-14 08:00:00,29.5,29.57,29.04,29.36
2024-10-14 12:00:00,29.36,29.75,29.07,29.55
2024-10-14 16:00:00,29.56,29.61,29,29.12
2024-10-14 20:00:00,29.12,29.43,28.95,29.07
2024-10-15 00:00:00,29.07,29.11,28.66,28.72
2024-10-15 04:00:00,28.72,28.92,28.45,28.78
2024-10-15 08:00:00,28.78,29.46,28.33,28.49
2024-10-15 12:00:00,28.49,29.62,27.45,28.11
2024-10-15 16:00:00,28.13,28.62,28.03,28.22
2024-10-15 20:00:00,28.22,28.42,27.74,28.21
2024-10-16 00:00:00,28.21,28.22,27.65,27.66
2024-10-16 04:00:00,27.67,27.84,27.25,27.34
2024-10-16 08:00:00,27.33,28.03,27.28,27.88
2024-10-16 12:00:00,27.88,28.17,27.4,27.48
2024-10-16 16:00:00,27.48,27.82,27.32,27.62
2024-10-16 20:00:00,27.62,28.19,27.6,28.02
2024-10-17 00:00:00,28.03,28.27,27.94,28.06
2024-10-17 04:00:00,28.06,28.07,27.38,27.57
2024-10-17 08:00:00,27.57,27.84,27.18,27.27
2024-10-17 12:00:00,27.27,27.88,27.19,27.75
2024-10-17 16:00:00,27.75,27.78,26.82,27.16
2024-10-17 20:00:00,27.16,27.4,27.06,27.31
2024-10-18 00:00:00,27.31,27.76,27.1,27.42
2024-10-18 04:00:00,27.43,27.8,27.37,27.7
2024-10-18 08:00:00,27.69,27.73,27.43,27.46
2024-10-18 12:00:00,27.46,27.87,27.33,27.8
2024-10-18 16:00:00,27.8,28.17,27.61,27.87
2024-10-18 20:00:00,27.87,28.12,27.79,28.1
2024-10-19 00:00:00,28.1,28.46,28.03,28.26
2024-10-19 04:00:00,28.27,28.33,28.04,28.06
2024-10-19 08:00:00,28.06,28.18,27.72,27.72
2024-10-19 12:00:00,27.72,28.25,27.71,28.12
2024-10-19 16:00:00,28.12,28.14,27.88,27.91
2024-10-19 20:00:00,27.92,28.2,27.9,28.1
2024-10-20 00:00:00,28.1,28.22,27.77,27.82
2024-10-20 04:00:00,27.82,28.05,27.76,27.93
2024-10-20 08:00:00,27.94,28.18,27.87,28.13
2024-10-20 12:00:00,28.13,28.46,27.83,28.38
2024-10-20 16:00:00,28.39,28.44,28.14,28.3
2024-10-20 20:00:00,28.31,29,28.21,28.96
2024-10-21 00:00:00,28.97,29.32,28.6,28.69
2024-10-21 04:00:00,28.68,29.08,28.59,28.62
2024-10-21 08:00:00,28.63,28.8,28.24,28.25
2024-10-21 12:00:00,28.26,28.35,27.6,27.76
2024-10-21 16:00:00,27.75,28.01,27.38,27.99
2024-10-21 20:00:00,27.99,28.05,27.74,27.75
2024-10-22 00:00:00,27.75,28.15,27.41,28.03
2024-10-22 04:00:00,28.03,28.23,27.89,27.99
2024-10-22 08:00:00,27.98,28.02,27.24,27.77
2024-10-22 12:00:00,27.76,27.99,27.42,27.81
2024-10-22 16:00:00,27.81,27.82,27.38,27.66
2024-10-22 20:00:00,27.67,27.8,27.57,27.64
2024-10-23 00:00:00,27.65,27.71,27.14,27.34
2024-10-23 04:00:00,27.35,27.47,27.04,27.07
2024-10-23 08:00:00,27.08,27.22,26.56,26.64
2024-10-23 12:00:00,26.64,26.91,26.34,26.51
2024-10-23 16:00:00,26.51,26.59,25.89,26.58
2024-10-23 20:00:00,26.59,26.81,26.49,26.75
2024-10-24 00:00:00,26.75,27.23,26.6,27
2024-10-24 04:00:00,26.99,27.19,26.84,26.84
2024-10-24 08:00:00,26.84,26.93,26.38,26.59
2024-10-24 12:00:00,26.59,26.93,26.54,26.8
2024-10-24 16:00:00,26.81,27.06,26.67,27.05
2024-10-24 20:00:00,27.05,27.24,26.79,26.83
2024-10-25 00:00:00,26.84,26.89,26.39,26.56
2024-10-25 04:00:00,26.57,26.6,26.05,26.24
2024-10-25 08:00:00,26.25,26.59,26.05,26.56
2024-10-25 12:00:00,26.55,26.77,26.07,26.15
2024-10-25 16:00:00,26.15,26.27,25.44,25.9
2024-10-25 20:00:00,25.9,26.09,24.01,24.93
2024-10-26 00:00:00,24.94,25.37,24.56,25.29
2024-10-26 04:00:00,25.28,25.6,25.22,25.43
2024-10-26 08:00:00,25.42,25.67,25.4,25.62
2024-10-26 12:00:00,25.61,25.68,24.9,25.08
2024-10-26 16:00:00,25.09,25.48,24.98,25.44
2024-10-26 20:00:00,25.44,25.62,25.29,25.41
2024-10-27 00:00:00,25.41,25.6,25.25,25.59
2024-10-27 04:00:00,25.59,25.61,25.43,25.45
2024-10-27 08:00:00,25.45,25.55,25.3,25.37
2024-10-27 12:00:00,25.36,25.83,25.36,25.79
2024-10-27 16:00:00,25.8,25.94,25.58,25.69
2024-10-27 20:00:00,25.68,25.91,25.59,25.77
2024-10-28 00:00:00,25.77,25.88,25.16,25.2
2024-10-28 04:00:00,25.21,25.87,25.05,25.74
2024-10-28 08:00:00,25.75,26.29,25.74,26.21
2024-10-28 12:00:00,26.21,26.32,25.57,25.58
2024-10-28 16:00:00,25.57,26.04,25.36,25.87
2024-10-28 20:00:00,25.87,26.54,25.84,26.25
2024-10-29 00:00:00,26.26,26.97,26.17,26.81
2024-10-29 04:00:00,26.81,26.89,26.48,26.54
2024-10-29 08:00:00,26.54,26.83,26.5,26.77
2024-10-29 12:00:00,26.76,26.86,26.4,26.74
2024-10-29 16:00:00,26.74,27.16,26.55,26.6
2024-10-29 20:00:00,26.6,26.92,26.3,26.88
2024-10-30 00:00:00,26.88,26.91,26.4,26.6
2024-10-30 04:00:00,26.6,26.76,26.48,26.61
2024-10-30 08:00:00,26.61,26.68,26.12,26.14
2024-10-30 12:00:00,26.15,26.49,26.01,26.13
2024-10-30 16:00:00,26.14,26.32,26.07,26.16
2024-10-30 20:00:00,26.16,26.49,26.05,26.18
2024-10-31 00:00:00,26.17,26.23,25.94,26.07
2024-10-31 04:00:00,26.08,26.09,25.76,25.94
2024-10-31 08:00:00,25.94,25.95,25.67,25.75
2024-10-31 12:00:00,25.75,25.8,25.1,25.27
2024-10-31 16:00:00,25.27,25.27,24.68,24.71
2024-10-31 20:00:00,24.72,25.25,24.69,25.03
2024-11-01 00:00:00,25.03,25.08,24.56,24.87
2024-11-01 04:00:00,24.88,25.01,24.4,24.67
2024-11-01 08:00:00,24.67,25.2,24.65,25.13
2024-11-01 12:00:00,25.13,25.71,24.59,24.9
2024-11-01 16:00:00,24.89,25.21,24.68,24.78
2024-11-01 20:00:00,24.79,24.94,24.49,24.78
2024-11-02 00:00:00,24.79,25.02,24.76,24.83
2024-11-02 04:00:00,24.84,24.97,24.76,24.87
2024-11-02 08:00:00,24.88,24.91,24.63,24.66
2024-11-02 12:00:00,24.66,24.72,24.06,24.24
2024-11-02 16:00:00,24.24,24.38,23.96,24.18
2024-11-02 20:00:00,24.18,24.27,24,24.12
2024-11-03 00:00:00,24.13,24.2,23.2,23.59
2024-11-03 04:00:00,23.59,23.79,23.53,23.61
2024-11-03 08:00:00,23.61,23.65,23.2,23.24
2024-11-03 12:00:00,23.23,23.31,22.6,23.05
2024-11-03 16:00:00,23.04,23.32,22.85,23.31
2024-11-03 20:00:00,23.3,23.73,23.25,23.54
2024-11-04 00:00:00,23.53,23.94,23.34,23.71
2024-11-04 04:00:00,23.71,23.85,23.46,23.48
2024-11-04 08:00:00,23.48,23.71,23.23,23.61
2024-11-04 12:00:00,23.61,23.8,23.14,23.21
2024-11-04 16:00:00,23.22,23.24,22.87,22.91
2024-11-04 20:00:00,22.9,23.51,22.35,22.72
2024-11-05 00:00:00,22.72,22.92,22.59,22.85
2024-11-05 04:00:00,22.85,23.23,22.85,23.18
2024-11-05 08:00:00,23.19,23.41,23.13,23.3
2024-11-05 12:00:00,23.31,24.22,23.26,23.97
2024-11-05 16:00:00,23.98,24.51,23.63,23.71
2024-11-05 20:00:00,23.71,24.13,23.6,23.99
2024-11-06 00:00:00,24,26.45,24,26.21
2024-11-06 04:00:00,26.22,26.54,25.76,25.87
2024-11-06 08:00:00,25.88,26.35,25.47,26.34
2024-11-06 12:00:00,26.34,26.58,26,26.15
2024-11-06 16:00:00,26.16,26.69,26.03,26.61
2024-11-06 20:00:00,26.62,27.3,26.46,27.01
2024-11-07 00:00:00,27.01,28,26.95,27.69
2024-11-07 04:00:00,27.69,27.74,26.73,26.93
2024-11-07 08:00:00,26.93,27.11,26.64,26.65
2024-11-07 12:00:00,26.65,27.29,26.51,27.28
2024-11-07 16:00:00,27.28,27.69,27.14,27.61
2024-11-07 20:00:00,27.61,27.76,27.1,27.38
2024-11-08 00:00:00,27.39,28,27.1,27.4
2024-11-08 04:00:00,27.39,27.69,27.17,27.59
2024-11-08 08:00:00,27.59,28.24,27.35,28.15
2024-11-08 12:00:00,28.14,28.58,27.82,28.09
2024-11-08 16:00:00,28.09,28.5,27.51,28.34
2024-11-08 20:00:00,28.33,28.79,28.08,28.78
2024-11-09 00:00:00,28.78,29.65,28.58,28.67
2024-11-09 04:00:00,28.68,29.68,28.68,29.26
2024-11-09 08:00:00,29.27,29.79,29.23,29.5
2024-11-09 12:00:00,29.5,29.59,28.62,28.82
2024-11-09 16:00:00,28.83,29.16,28.49,29
2024-11-09 20:00:00,29,30.48,28.96,30.36
2024-11-10 00:00:00,30.37,30.67,29.69,30.47
2024-11-10 04:00:00,30.48,32,30.46,31.52
2024-11-10 08:00:00,31.53,32.15,31.3,31.99
2024-11-10 12:00:00,31.99,32.82,31.6,32.34
2024-11-10 16:00:00,32.34,33.29,31.71,32.03
2024-11-10 20:00:00,32.03,32.4,30.01,31.89
2024-11-11 00:00:00,31.89,32.61,31.73,32.24
2024-11-11 04:00:00,32.25,32.27,30.7,31.34
2024-11-11 08:00:00,31.33,32.25,31.18,32.15
2024-11-11 12:00:00,32.14,32.91,31.69,32.48
2024-11-11 16:00:00,32.47,34.59,32.43,33.96
2024-11-11 20:00:00,33.97,35.79,33.86,35.71
2024-11-12 00:00:00,35.72,36.33,34.15,35.97
2024-11-12 04:00:00,35.96,37.42,34.93,36.42
2024-11-12 08:00:00,36.41,37.67,32.96,34.43
2024-11-12 12:00:00,34.43,35.17,32.66,33.89
2024-11-12 16:00:00,33.9,34.65,33.18,34.24
2024-11-12 20:00:00,34.25,35.13,33.63,33.96
2024-11-13 00:00:00,33.96,34.8,32.34,32.36
2024-11-13 04:00:00,32.35,33,31.2,32.05
2024-11-13 08:00:00,32.05,32.58,31.7,32.23
2024-11-13 12:00:00,32.23,34.89,31.84,34.74
2024-11-13 16:00:00,34.74,35.05,32.35,32.47
2024-11-13 20:00:00,32.46,33.23,31.64,33.12
2024-11-14 00:00:00,33.11,33.4,32.23,33.34
2024-11-14 04:00:00,33.34,34.72,32.94,33.75
2024-11-14 08:00:00,33.75,33.81,32.1,32.48
2024-11-14 12:00:00,32.48,32.87,31.32,31.77
2024-11-14 16:00:00,31.77,32.75,31.59,32.3
2024-11-14 20:00:00,32.3,32.3,30.68,31.21
2024-11-15 00:00:00,31.21,31.76,30.98,31.59
2024-11-15 04:00:00,31.6,32,30.59,31.6
2024-11-15 08:00:00,31.61,32.48,31.33,32.43
2024-11-15 12:00:00,32.42,32.79,31.15,31.41
2024-11-15 16:00:00,31.41,32.72,31.24,32.45
2024-11-15 20:00:00,32.46,33.3,32.44,33.13
2024-11-16 00:00:00,33.13,34.37,32.79,34.36
2024-11-16 04:00:00,34.36,35.56,34.24,34.27
2024-11-16 08:00:00,34.26,35.33,34.25,35.32
2024-11-16 12:00:00,35.33,35.74,34.32,34.57
2024-11-16 16:00:00,34.57,35.41,34.31,35.21
2024-11-16 20:00:00,35.22,35.41,34.72,35.14
2024-11-17 00:00:00,35.15,35.72,33.08,34.42
2024-11-17 04:00:00,34.41,36.84,34.24,36.5
2024-11-17 08:00:00,36.51,37.27,36.26,36.34
2024-11-17 12:00:00,36.33,37.05,36.08,36.56
2024-11-17 16:00:00,36.56,36.69,34.73,35.27
2024-11-17 20:00:00,35.26,35.56,34.28,34.71
2024-11-18 00:00:00,34.72,35.63,34.54,35.61
2024-11-18 04:00:00,35.61,36.16,35.12,35.92
2024-11-18 08:00:00,35.93,36.01,34.6,34.76
2024-11-18 12:00:00,34.77,35.74,34.06,35.53
2024-11-18 16:00:00,35.53,36.11,34.42,34.84
2024-11-18 20:00:00,34.83,35.69,34.68,35.48
2024-11-19 00:00:00,35.48,35.48,34.73,35.22
2024-11-19 04:00:00,35.22,35.63,34.71,35.05
2024-11-19 08:00:00,35.05,35.18,34.28,34.86
2024-11-19 12:00:00,34.86,35.42,33.63,34.41
2024-11-19 16:00:00,34.41,35.17,34.25,34.75
2024-11-19 20:00:00,34.75,34.91,33.52,34.2
2024-11-20 00:00:00,34.2,34.21,33.03,33.53
2024-11-20 04:00:00,34.01,34.05,33.71,33.99
2024-11-20 08:00:00,33.99,35.75,33.98,34.8
2024-11-20 12:00:00,34.81,35.57,34.29,34.87
2024-11-20 16:00:00,34.86,35,32.77,33.19
2024-11-20 20:00:00,33.2,34.41,33.06,33.59
2024-11-21 00:00:00,33.6,33.91,32.31,33.09
2024-11-21 04:00:00,33.09,34.48,33.03,34.3
2024-11-21 08:00:00,34.3,34.39,33.42,34.07
2024-11-21 12:00:00,34.07,35.99,34.06,34.98
2024-11-21 16:00:00,34.98,36.16,34.86,35.71
2024-11-21 20:00:00,35.71,36.2,35.54,35.84
2024-11-22 00:00:00,35.84,36.83,35.18,36.17
2024-11-22 04:00:00,36.17,36.68,35.71,35.74
2024-11-22 08:00:00,35.74,38.15,35.74,38.09
2024-11-22 12:00:00,38.1,39.54,37.27,39.51
2024-11-22 16:00:00,39.5,39.99,38.71,39.5
2024-11-22 20:00:00,39.5,43.52,39.27,43.17
2024-11-23 00:00:00,43.18,45.27,42.41,43.99
2024-11-23 04:00:00,43.99,45,42.78,42.93
2024-11-23 08:00:00,42.93,43.21,41.89,42.32
2024-11-23 12:00:00,42.31,43.79,42.19,43.18
2024-11-23 16:00:00,43.17,43.7,41.06,41.94
2024-11-23 20:00:00,41.95,42.28,40.69,41.44
2024-11-24 00:00:00,41.44,42.98,41.25,42.42
2024-11-24 04:00:00,42.41,43.14,41.72,42.31
2024-11-24 08:00:00,42.3,42.36,39.98,40.06
2024-11-24 12:00:00,40.05,40.51,38.31,38.78
2024-11-24 16:00:00,38.77,40.36,38.61,40.19
2024-11-24 20:00:00,40.18,42.19,40.01,42.06
2024-11-25 00:00:00,42.05,42.12,40.02,41.31
2024-11-25 04:00:00,41.31,45,41.26,44.98
2024-11-25 08:00:00,44.98,47.93,44.43,45.53
2024-11-25 12:00:00,45.53,45.9,41.97,43.19
2024-11-25 16:00:00,43.2,43.92,41.16,42.05
2024-11-25 20:00:00,42.06,43.29,40.67,41.31
2024-11-26 00:00:00,41.31,42.98,41.1,41.7
2024-11-26 04:00:00,41.69,42.38,40.88,41.16
2024-11-26 08:00:00,41.17,41.21,38.5,39.99
2024-11-26 12:00:00,39.99,42.49,39.87,41.02
2024-11-26 16:00:00,41.03,42.64,40.68,41.46
2024-11-26 20:00:00,41.46,43.35,41.26,42.72
2024-11-27 00:00:00,42.73,43.68,41.95,42.51
2024-11-27 04:00:00,42.51,43.68,42.19,43.27
2024-11-27 08:00:00,43.28,44.47,42.84,43.48
2024-11-27 12:00:00,43.46,44.14,42.36,43.75
2024-11-27 16:00:00,43.74,43.84,42.56,43.16
2024-11-27 20:00:00,43.16,44.25,42.99,43.78
2024-11-28 00:00:00,43.78,44.24,42.61,43.17
2024-11-28 04:00:00,43.16,43.82,42.49,42.65
2024-11-28 08:00:00,42.65,42.99,41.73,42.25
2024-11-28 12:00:00,42.24,42.86,41.51,41.66
2024-11-28 16:00:00,41.66,42.67,41.64,42.46
2024-11-28 20:00:00,42.47,43.19,42.02,42.77
2024-11-29 00:00:00,42.78,43.81,42.54,43.31
2024-11-29 04:00:00,43.31,43.59,42.63,42.64
2024-11-29 08:00:00,42.64,44.05,42.64,43.79
2024-11-29 12:00:00,43.8,44.6,43.37,44.33
2024-11-29 16:00:00,44.33,44.77,43.84,44.42
2024-11-29 20:00:00,44.43,45.07,44,44.86
2024-11-30 00:00:00,44.86,44.88,43.65,44.4
2024-11-30 04:00:00,44.39,45.65,44.12,45.41
2024-11-30 08:00:00,45.41,45.99,44.33,44.72
2024-11-30 12:00:00,44.72,46.26,44.71,45.57
2024-11-30 16:00:00,45.56,45.93,45.08,45.52
2024-11-30 20:00:00,45.51,45.8,44.79,44.81
2024-12-01 00:00:00,44.81,45.68,43.79,44.32
2024-12-01 04:00:00,44.31,44.56,43.94,44.16
2024-12-01 08:00:00,44.16,44.51,43.65,44.14
2024-12-01 12:00:00,44.14,45.76,43.82,45.26
2024-12-01 16:00:00,45.26,45.53,44.54,45.24
2024-12-01 20:00:00,45.23,45.78,44.1,45.09
2024-12-02 00:00:00,45.09,49.15,45,47.14
2024-12-02 04:00:00,47.13,48.75,46.36,48.46
2024-12-02 08:00:00,48.46,49.1,45.1,46.22
2024-12-02 12:00:00,46.22,50,46,49.05
2024-12-02 16:00:00,49.06,49.67,46.81,48.49
2024-12-02 20:00:00,48.49,52.49,48.02,52.27
2024-12-03 00:00:00,52.27,52.87,50.69,52.01
2024-12-03 04:00:00,52.01,52.33,50.32,50.79
2024-12-03 08:00:00,50.79,52.06,50.55,51.75
2024-12-03 12:00:00,51.75,53.95,47.8,50.14
2024-12-03 16:00:00,50.15,50.94,49.23,50.3
2024-12-03 20:00:00,50.3,51.75,50.22,50.9
2024-12-04 00:00:00,50.9,52.44,50.83,51.88
2024-12-04 04:00:00,51.88,54.92,51.87,54.49
2024-12-04 08:00:00,54.49,55,53.66,53.93
2024-12-04 12:00:00,53.93,55.77,53.03,55.64
2024-12-04 16:00:00,55.64,55.79,52.62,54.43
2024-12-04 20:00:00,54.44,55.36,52.04,52.76
2024-12-05 00:00:00,52.76,52.8,49.73,50.95
2024-12-05 04:00:00,50.94,52.35,50.87,51.97
2024-12-05 08:00:00,51.96,52.77,51.85,52.73
2024-12-05 12:00:00,52.73,53.28,51.66,52.25
2024-12-05 16:00:00,52.25,53.62,51.6,51.72
2024-12-05 20:00:00,51.72,51.99,48.76,50.3
2024-12-06 00:00:00,50.29,51.96,50.12,51.61
2024-12-06 04:00:00,51.6,53.55,51.55,52.76
2024-12-06 08:00:00,52.76,52.92,50.67,50.96
2024-12-06 12:00:00,50.96,52.04,49.62,51.65
2024-12-06 16:00:00,51.65,52.99,51.45,52.63
2024-12-06 20:00:00,52.63,53,52.07,52.47
2024-12-07 00:00:00,52.48,52.62,51.61,51.84
2024-12-07 04:00:00,51.84,52.26,51.2,51.49
2024-12-07 08:00:00,51.49,52.38,51.26,52.25
2024-12-07 12:00:00,52.26,52.73,51.56,52.51
2024-12-07 16:00:00,52.52,53.08,51.69,52.21
2024-12-07 20:00:00,52.21,52.63,51.54,51.6
2024-12-08 00:00:00,51.6,52,51.37,51.85
2024-12-08 04:00:00,51.85,52.13,50.67,51.56
2024-12-08 08:00:00,51.56,51.65,50.35,51.46
2024-12-08 12:00:00,51.47,52.84,51.01,52.22
2024-12-08 16:00:00,52.23,53.2,51.92,52.81
2024-12-08 20:00:00,52.81,54.39,52.77,53.98
2024-12-09 00:00:00,53.99,54.2,51.13,51.72
2024-12-09 04:00:00,51.72,52.48,50.45,51.41
2024-12-09 08:00:00,51.41,51.42,49.08,49.25
2024-12-09 12:00:00,49.24,50.98,48.79,49.02
2024-12-09 16:00:00,49.01,49.79,48.73,48.77
2024-12-09 20:00:00,48.78,48.92,40.4,45.02
2024-12-10 00:00:00,45.02,46.11,42.26,44.08
2024-12-10 04:00:00,44.09,45.77,43.02,45.29
2024-12-10 08:00:00,45.29,46.49,44.72,45.81
2024-12-10 12:00:00,45.81,45.98,42.36,42.39
2024-12-10 16:00:00,42.39,43.67,41.32,43.58
2024-12-10 20:00:00,43.58,45.36,43.31,44.6
2024-12-11 00:00:00,44.6,44.74,42.78,44.27
2024-12-11 04:00:00,44.27,44.63,43.94,43.99
2024-12-11 08:00:00,44.01,45.6,43.95,45.39
2024-12-11 12:00:00,45.39,48.39,45.28,47.92
2024-12-11 16:00:00,47.92,48.35,47.19,47.76
2024-12-11 20:00:00,47.77,48.48,47.64,48.47
2024-12-12 00:00:00,48.46,50.35,48.21,49.74
2024-12-12 04:00:00,49.74,51.04,49.52,50.11
2024-12-12 08:00:00,50.12,51.27,49.59,49.78
2024-12-12 12:00:00,49.79,52.97,49.57,52.3
2024-12-12 16:00:00,52.3,55.41,51.83,52.12
2024-12-12 20:00:00,52.12,53.57,51.84,53.14
2024-12-13 00:00:00,53.14,54.03,51.97,52.56
2024-12-13 04:00:00,52.56,53.35,51.16,51.77
2024-12-13 08:00:00,51.77,52.4,51.32,51.83
2024-12-13 12:00:00,51.83,52.85,51.11,51.17
2024-12-13 16:00:00,51.17,52.11,50.72,51.4
2024-12-13 20:00:00,51.39,52.8,51.36,52.78
2024-12-14 00:00:00,52.79,53.84,52.49,52.63
2024-12-14 04:00:00,52.63,52.75,52,52.59
2024-12-14 08:00:00,52.59,53.62,52.51,52.98
2024-12-14 12:00:00,52.97,53.12,50.8,51.35
2024-12-14 16:00:00,51.35,51.41,49.53,50.04
2024-12-14 20:00:00,50.04,50.27,49.38,49.85
2024-12-15 00:00:00,49.85,51.56,49.33,49.55
2024-12-15 04:00:00,49.55,50.15,48.13,48.45
2024-12-15 08:00:00,48.44,49.69,48.29,49.48
2024-12-15 12:00:00,49.49,51.09,49.4,50.46
2024-12-15 16:00:00,50.46,50.65,49.8,50.34
2024-12-15 20:00:00,50.33,51.38,48.1,50.76
2024-12-16 00:00:00,50.77,52.05,49.61,49.96
2024-12-16 04:00:00,49.96,50.69,49.73,49.86
2024-12-16 08:00:00,49.85,49.95,48.44,48.59
2024-12-16 12:00:00,48.59,49.68,48.34,48.99
2024-12-16 16:00:00,49,50.86,48.95,50.04
2024-12-16 20:00:00,50.05,50.23,48.85,48.98
2024-12-17 00:00:00,48.99,49.52,48.32,49.25
2024-12-17 04:00:00,49.25,49.26,48.39,48.81
2024-12-17 08:00:00,48.82,50.79,48.81,50.21
2024-12-17 12:00:00,50.22,50.84,48.45,48.8
2024-12-17 16:00:00,48.8,49.89,48.47,48.85
2024-12-17 20:00:00,48.84,49.38,47.52,47.92
2024-12-18 00:00:00,47.92,48.2,46.96,46.97
2024-12-18 04:00:00,46.97,47.03,46.03,46.45
2024-12-18 08:00:00,46.44,47.35,45.97,47.23
2024-12-18 12:00:00,47.23,47.34,45.62,46.28
2024-12-18 16:00:00,46.29,47.56,45.26,45.26
2024-12-18 20:00:00,45.25,45.6,42.63,42.78
2024-12-19 00:00:00,42.78,43.33,40.2,42.98
2024-12-19 04:00:00,42.97,43.11,42.34,43.03
2024-12-19 08:00:00,43.04,43.61,42.18,43.24
2024-12-19 12:00:00,43.24,43.34,40.91,41.57
2024-12-19 16:00:00,41.56,42.45,37.84,38.63
2024-12-19 20:00:00,38.64,39.81,37.46,38.83
2024-12-20 00:00:00,38.84,40.39,38.2,39.53
2024-12-20 04:00:00,39.54,39.83,38.12,39.14
2024-12-20 08:00:00,39.14,39.19,33.61,33.68
2024-12-20 12:00:00,33.69,38.47,33.6,38.02
2024-12-20 16:00:00,38.02,39.56,37.75,39.12
2024-12-20 20:00:00,39.11,40.04,37.93,39.86
2024-12-21 00:00:00,39.85,40.12,39.39,39.84
2024-12-21 04:00:00,39.85,42.36,39.8,41.85
2024-12-21 08:00:00,41.86,42.01,40.13,40.61
2024-12-21 12:00:00,40.61,40.65,37.82,38.62
2024-12-21 16:00:00,38.62,38.73,37.03,37.74
2024-12-21 20:00:00,37.74,38.16,36.93,37.42
2024-12-22 00:00:00,37.42,37.85,36.97,37.54
2024-12-22 04:00:00,37.53,37.73,36.17,37.62
2024-12-22 08:00:00,37.61,38.54,37.59,38.04
2024-12-22 12:00:00,38.03,38.37,36.64,37.02
2024-12-22 16:00:00,37.02,37.64,36.03,36.16
2024-12-22 20:00:00,36.15,37.07,35.52,36.57
2024-12-23 00:00:00,36.57,37.91,35.62,37.79
2024-12-23 04:00:00,37.79,38,35.85,36.32
2024-12-23 08:00:00,36.32,37.48,36.22,36.87
2024-12-23 12:00:00,36.88,37.26,35.7,35.77
2024-12-23 16:00:00,35.76,37.5,35.75,36.94
2024-12-23 20:00:00,36.94,39.74,36.92,39.11
2024-12-24 00:00:00,39.1,39.31,37.7,38.57
2024-12-24 04:00:00,38.57,39.12,38.28,38.55
2024-12-24 08:00:00,38.56,39.69,38.38,39.63
2024-12-24 12:00:00,39.62,41.02,39.03,40.9
2024-12-24 16:00:00,40.9,42.06,40.8,40.89
2024-12-24 20:00:00,40.89,41.48,40.3,41.25
2024-12-25 00:00:00,41.25,41.49,40.61,41.13
2024-12-25 04:00:00,41.14,41.58,40.83,40.88
2024-12-25 08:00:00,40.88,41.9,40.37,40.46
2024-12-25 12:00:00,40.47,41.04,40.31,40.56
2024-12-25 16:00:00,40.56,40.66,40.02,40.56
2024-12-25 20:00:00,40.57,40.81,39.83,40.25
2024-12-26 00:00:00,40.26,40.74,39.39,39.58
2024-12-26 04:00:00,39.58,39.58,38.64,38.71
2024-12-26 08:00:00,38.72,38.77,37.6,37.98
2024-12-26 12:00:00,37.99,38.1,37.4,37.68
2024-12-26 16:00:00,37.68,37.95,37.09,37.62
2024-12-26 20:00:00,37.62,37.71,36.97,37.33
2024-12-27 00:00:00,37.33,37.86,37.05,37.58
2024-12-27 04:00:00,37.58,38.11,36.84,37.2
2024-12-27 08:00:00,37.2,39.05,37.2,38.52
2024-12-27 12:00:00,38.52,38.59,36.55,36.68
2024-12-27 16:00:00,36.68,37.56,36.31,37.19
2024-12-27 20:00:00,37.19,37.23,36.33,36.56
2024-12-28 00:00:00,36.57,36.8,36.28,36.68
2024-12-28 04:00:00,36.68,37,36.33,36.41
2024-12-28 08:00:00,36.41,36.9,36.4,36.78
2024-12-28 12:00:00,36.79,37.54,36.44,37.07
2024-12-28 16:00:00,37.06,37.91,36.97,37.62
2024-12-28 20:00:00,37.63,38.14,37.45,37.74
2024-12-29 00:00:00,37.75,37.81,37.13,37.47
2024-12-29 04:00:00,37.48,37.68,37.11,37.67
2024-12-29 08:00:00,37.68,37.73,37.07,37.09
2024-12-29 12:00:00,37.09,37.32,36.43,36.58
2024-12-29 16:00:00,36.58,36.61,36.08,36.21
2024-12-29 20:00:00,36.2,36.23,35.53,35.84
2024-12-30 00:00:00,35.85,37.06,35.72,36.42
2024-12-30 04:00:00,36.41,37,36.08,36.78
2024-12-30 08:00:00,36.78,37.07,36.41,36.73
2024-12-30 12:00:00,36.72,37.18,34.87,35.15
2024-12-30 16:00:00,35.14,37,34.94,36.94
2024-12-30 20:00:00,36.94,37.19,35.72,35.97
2024-12-31 00:00:00,35.98,35.98,35.13,35.22
2024-12-31 04:00:00,35.23,35.46,34.94,35.3
2024-12-31 08:00:00,35.31,36.44,35.26,36.2
2024-12-31 12:00:00,36.21,37.29,36.05,36.79
2024-12-31 16:00:00,36.79,36.85,35.57,36
2024-12-31 20:00:00,35.99,36.13,35.57,35.71
2025-01-01 00:00:00,35.7,36.22,35.58,35.62
2025-01-01 04:00:00,35.61,35.77,35.34,35.61
2025-01-01 08:00:00,35.62,35.71,34.95,35.53
2025-01-01 12:00:00,35.54,36.52,35.5,36.48
2025-01-01 16:00:00,36.49,37.36,36.03,37.1
2025-01-01 20:00:00,37.1,37.99,37.1,37.78
2025-01-02 00:00:00,37.77,38.7,37.77,38.47
2025-01-02 04:00:00,38.48,39.26,38.46,38.87
2025-01-02 08:00:00,38.87,40.55,38.85,40.41
2025-01-02 12:00:00,40.42,40.6,39.29,39.41
2025-01-02 16:00:00,39.42,39.88,38.96,39
2025-01-02 20:00:00,39,39.38,38.8,39.28
2025-01-03 00:00:00,39.28,39.98,38.89,39.88
2025-01-03 04:00:00,39.88,40.27,39.34,39.42
2025-01-03 08:00:00,39.43,41.34,39.39,41.31
2025-01-03 12:00:00,41.32,42.09,40.97,41.92
2025-01-03 16:00:00,41.92,42.19,41.66,41.99
2025-01-03 20:00:00,41.98,42.1,41.45,41.94
2025-01-04 00:00:00,41.93,42.38,41.46,41.9
2025-01-04 04:00:00,41.9,42.06,41.53,42.01
2025-01-04 08:00:00,42.01,42.02,41.21,41.45
2025-01-04 12:00:00,41.44,42.12,40.89,41.07
2025-01-04 16:00:00,41.06,41.98,40.99,41.95
2025-01-04 20:00:00,41.95,42.85,41.9,42.63
2025-01-05 00:00:00,42.63,42.86,41.86,42.28
2025-01-05 04:00:00,42.29,42.82,42.19,42.28
2025-01-05 08:00:00,42.29,42.33,41.43,41.77
2025-01-05 12:00:00,41.76,42.03,41.24,41.78
2025-01-05 16:00:00,41.78,42.5,41.69,42.41
2025-01-05 20:00:00,42.41,43.2,42.25,43.11
2025-01-06 00:00:00,43.11,43.67,42.03,43.67
2025-01-06 04:00:00,43.68,43.98,43.18,43.19
2025-01-06 08:00:00,43.19,44.58,43.19,44.27
2025-01-06 12:00:00,44.27,44.89,43.4,44.74
2025-01-06 16:00:00,44.75,45.05,43.63,44.32
2025-01-06 20:00:00,44.31,44.44,43.71,44.05
2025-01-07 00:00:00,44.04,44.57,43.6,43.88
2025-01-07 04:00:00,43.89,44.19,43.47,43.79
2025-01-07 08:00:00,43.8,44.04,42.86,43.13
2025-01-07 12:00:00,43.13,43.23,40.3,40.89
2025-01-07 16:00:00,40.89,41.3,39.75,39.85
2025-01-07 20:00:00,39.86,40.34,39.13,39.21
2025-01-08 00:00:00,39.2,39.93,38.67,38.9
2025-01-08 04:00:00,38.9,39.09,37.57,38.36
2025-01-08 08:00:00,38.36,39.37,37.91,38.14
2025-01-08 12:00:00,38.15,38.64,37.75,38.18
2025-01-08 16:00:00,38.19,38.21,36.19,37.21
2025-01-08 20:00:00,37.21,37.83,36.69,37.43
2025-01-09 00:00:00,37.42,37.94,36.88,37.07
2025-01-09 04:00:00,37.07,37.24,36.16,36.3
2025-01-09 08:00:00,36.31,37.05,36.22,36.71
2025-01-09 12:00:00,36.71,37.46,35.56,37.27
2025-01-09 16:00:00,37.26,37.44,35.87,35.97
2025-01-09 20:00:00,35.97,36.51,35.5,36.2
2025-01-10 00:00:00,36.21,36.93,36.19,36.87
2025-01-10 04:00:00,36.88,37.93,36.74,37.67
2025-01-10 08:00:00,37.66,37.88,37.34,37.56
2025-01-10 12:00:00,37.56,37.75,36.09,36.59
2025-01-10 16:00:00,36.6,37.45,35.95,36.9
2025-01-10 20:00:00,36.91,36.94,36.41,36.67
2025-01-11 00:00:00,36.67,36.8,36.09,36.15
2025-01-11 04:00:00,36.15,36.7,36.02,36.45
2025-01-11 08:00:00,36.45,36.95,36.17,36.83
2025-01-11 12:00:00,36.83,36.89,36.28,36.43
2025-01-11 16:00:00,36.42,36.64,36.29,36.5
2025-01-11 20:00:00,36.51,37.78,36.41,37.13
2025-01-12 00:00:00,37.14,37.35,36.78,37.11
2025-01-12 04:00:00,37.12,37.21,36.54,36.83
2025-01-12 08:00:00,36.84,36.95,36.37,36.77
2025-01-12 12:00:00,36.78,37.54,36.61,37.49
2025-01-12 16:00:00,37.5,37.63,36.77,36.81
2025-01-12 20:00:00,36.81,36.97,36.11,36.56
2025-01-13 00:00:00,36.57,37.36,35.2,35.37
2025-01-13 04:00:00,35.36,35.93,34.67,35.09
2025-01-13 08:00:00,35.08,35.11,33.37,33.4
2025-01-13 12:00:00,33.39,34.78,32.79,34.41
2025-01-13 16:00:00,34.42,34.55,33.13,33.83
2025-01-13 20:00:00,33.82,35.43,33.57,35.29
2025-01-14 00:00:00,35.3,35.52,35.01,35.18
2025-01-14 04:00:00,35.18,35.72,35.18,35.21
2025-01-14 08:00:00,35.22,36.39,35.22,35.92
2025-01-14 12:00:00,35.92,36.55,35.65,36.19
2025-01-14 16:00:00,36.19,36.72,35.84,36.42
2025-01-14 20:00:00,36.42,36.68,36.19,36.57
2025-01-15 00:00:00,36.57,36.9,36.39,36.87
2025-01-15 04:00:00,36.88,37.37,36.54,37.25
2025-01-15 08:00:00,37.25,37.43,36.2,37.02
2025-01-15 12:00:00,37.01,39.73,36.73,39.32
2025-01-15 16:00:00,39.33,39.66,38.62,39.48
2025-01-15 20:00:00,39.48,40.02,39.02,39.82
2025-01-16 00:00:00,39.83,40.08,38.94,39.01
2025-01-16 04:00:00,39,39.48,39,39.32
2025-01-16 08:00:00,39.31,39.53,38.34,39.5
2025-01-16 12:00:00,39.5,40.53,38.5,39.74
2025-01-16 16:00:00,39.75,40.28,39.64,40.23
2025-01-16 20:00:00,40.24,40.35,39.57,40.06
2025-01-17 00:00:00,40.07,41.05,40.07,40.47
2025-01-17 04:00:00,40.47,41.63,40.3,41.35
2025-01-17 08:00:00,41.35,41.51,40.8,41.09
2025-01-17 12:00:00,41.1,41.63,40.74,40.98
2025-01-17 16:00:00,40.99,41.35,40.59,40.9
2025-01-17 20:00:00,40.9,41.82,40.86,41.38
2025-01-18 00:00:00,41.37,41.68,40.42,40.61
2025-01-18 04:00:00,40.6,41.02,39.14,39.35
2025-01-18 08:00:00,39.36,39.6,38.77,39.45
2025-01-18 12:00:00,39.45,39.67,38.82,39.1
2025-01-18 16:00:00,39.1,39.26,38.3,39.01
2025-01-18 20:00:00,39.02,39.46,38.57,39.25
2025-01-19 00:00:00,39.25,40.57,39.05,39.4
2025-01-19 04:00:00,39.4,39.63,38.52,38.53
2025-01-19 08:00:00,38.52,38.52,36.44,36.64
2025-01-19 12:00:00,36.65,38.92,36.59,38.47
2025-01-19 16:00:00,38.47,39.12,38.28,38.78
2025-01-19 20:00:00,38.78,39.01,34.86,35.68
2025-01-20 00:00:00,35.68,35.89,34.49,35.59
2025-01-20 04:00:00,35.6,40.24,35.32,38.64
2025-01-20 08:00:00,38.65,39.19,37.81,38.23
2025-01-20 12:00:00,38.22,38.34,36.76,37.3
2025-01-20 16:00:00,37.3,37.73,35.04,36.56
2025-01-20 20:00:00,36.57,37.87,35.54,36.03
2025-01-21 00:00:00,36.04,36.04,34.86,35.26
2025-01-21 04:00:00,35.27,35.52,34.52,35.34
2025-01-21 08:00:00,35.34,36.57,35.01,36.41
2025-01-21 12:00:00,36.41,36.93,35.71,36.18
2025-01-21 16:00:00,36.18,37.59,36.06,37.08
2025-01-21 20:00:00,37.09,37.37,36.64,36.95
2025-01-22 00:00:00,36.96,37.32,36.69,37.16
2025-01-22 04:00:00,37.17,37.39,36.75,36.85
2025-01-22 08:00:00,36.86,37.62,36.5,37.55
2025-01-22 12:00:00,37.56,37.77,36.55,36.9
2025-01-22 16:00:00,36.9,37.49,36.55,37.21
2025-01-22 20:00:00,37.22,37.46,36.58,36.8
2025-01-23 00:00:00,36.8,36.96,35.75,36.07
2025-01-23 04:00:00,36.07,36.15,35.27,35.68
2025-01-23 08:00:00,35.69,35.69,34.92,35.23
2025-01-23 12:00:00,35.23,36.31,34.78,35.93
2025-01-23 16:00:00,35.94,36.61,34.72,34.89
2025-01-23 20:00:00,34.89,35.85,34.64,35.56
2025-01-24 00:00:00,35.56,35.72,34.56,35.02
2025-01-24 04:00:00,35.01,36.35,34.81,35.79
2025-01-24 08:00:00,35.79,36.4,35.69,36.2
2025-01-24 12:00:00,36.2,36.67,35.96,36.25
2025-01-24 16:00:00,36.26,36.79,36.03,36.27
2025-01-24 20:00:00,36.27,36.46,35.17,35.34
2025-01-25 00:00:00,35.35,36,34.9,35.93
2025-01-25 04:00:00,35.92,35.96,35.22,35.32
2025-01-25 08:00:00,35.32,35.54,35.04,35.49
2025-01-25 12:00:00,35.49,36.49,35.16,36.45
2025-01-25 16:00:00,36.44,37.03,36.29,36.95
2025-01-25 20:00:00,36.94,37.26,36.57,36.61
2025-01-26 00:00:00,36.61,37.51,36.52,37.46
2025-01-26 04:00:00,37.47,38.03,37.43,37.64
2025-01-26 08:00:00,37.64,37.75,37.19,37.59
2025-01-26 12:00:00,37.58,37.91,37.32,37.42
2025-01-26 16:00:00,37.41,38.16,37.31,37.84
2025-01-26 20:00:00,37.84,37.9,35.71,35.75
2025-01-27 00:00:00,35.74,36.06,34.81,35.25
2025-01-27 04:00:00,35.25,35.25,32.94,33.82
2025-01-27 08:00:00,33.81,33.93,32.95,33.1
2025-01-27 12:00:00,33.1,34.21,32.87,33.68
2025-01-27 16:00:00,33.68,34.11,32.92,33.28
2025-01-27 20:00:00,33.28,34.67,33.28,34.2
2025-01-28 00:00:00,34.2,34.52,33.63,34.12
2025-01-28 04:00:00,34.11,34.5,33.94,34.23
2025-01-28 08:00:00,34.23,34.26,33.78,34
2025-01-28 12:00:00,34.01,34.19,33.5,33.78
2025-01-28 16:00:00,33.78,33.81,33.04,33.21
2025-01-28 20:00:00,33.21,33.27,31.84,32.08
2025-01-29 00:00:00,32.08,32.86,31.99,32.73
2025-01-29 04:00:00,32.73,33.65,32.64,33.44
2025-01-29 08:00:00,33.45,33.56,33.07,33.25
2025-01-29 12:00:00,33.26,33.29,32.23,32.61
2025-01-29 16:00:00,32.61,33.42,31.89,32.95
2025-01-29 20:00:00,32.95,33.84,32.59,32.8
2025-01-30 00:00:00,32.8,33.86,32.44,33.84
2025-01-30 04:00:00,33.84,33.98,33.54,33.69
2025-01-30 08:00:00,33.7,34.1,33.47,33.97
2025-01-30 12:00:00,33.98,34.66,33.76,34.39
2025-01-30 16:00:00,34.4,34.7,34.15,34.58
2025-01-30 20:00:00,34.59,34.67,34.24,34.29
2025-01-31 00:00:00,34.29,34.55,33.84,33.97
2025-01-31 04:00:00,33.96,35.21,33.8,34.69
2025-01-31 08:00:00,34.69,35.18,34.36,35.13
2025-01-31 12:00:00,35.13,35.97,35.04,35.95
2025-01-31 16:00:00,35.94,36.17,34.43,34.67
2025-01-31 20:00:00,34.66,34.66,34.02,34.42
2025-02-01 00:00:00,34.42,35.1,34.24,34.59
2025-02-01 04:00:00,34.59,34.76,34.37,34.42
2025-02-01 08:00:00,34.42,34.47,33.61,33.93
2025-02-01 12:00:00,33.92,34.06,33.36,33.7
2025-02-01 16:00:00,33.69,33.81,32.78,32.91
2025-02-01 20:00:00,32.92,32.93,31.87,32.11
2025-02-02 00:00:00,32.11,32.59,30.73,30.81
2025-02-02 04:00:00,30.81,31.66,30.7,31.25
2025-02-02 08:00:00,31.24,31.65,30.46,30.54
2025-02-02 12:00:00,30.55,31.09,30.36,30.71
2025-02-02 16:00:00,30.71,30.72,27.63,28.66
2025-02-02 20:00:00,28.65,28.93,25.91,27.63
2025-02-03 00:00:00,27.63,27.64,21.2,23.91
2025-02-03 04:00:00,23.92,25.6,22.87,25.56
2025-02-03 08:00:00,25.55,25.63,24.51,25.32
2025-02-03 12:00:00,25.33,27.41,24.33,27.33
2025-02-03 16:00:00,27.33,28.2,26.89,28.19
2025-02-03 20:00:00,28.19,28.78,27.19,28.39
2025-02-04 00:00:00,28.4,28.64,27.39,27.6
2025-02-04 04:00:00,27.61,27.78,25.58,25.65
2025-02-04 08:00:00,25.65,26.75,25.54,26.4
2025-02-04 12:00:00,26.41,27.34,26.41,26.9
2025-02-04 16:00:00,26.9,27.96,26.75,26.82
2025-02-04 20:00:00,26.82,27.07,25.73,26.46
2025-02-05 00:00:00,26.47,27.12,26.25,26.68
2025-02-05 04:00:00,26.69,27.11,26.46,26.84
2025-02-05 08:00:00,26.84,27.41,26.64,27.3
2025-02-05 12:00:00,27.31,27.41,26.35,26.57
2025-02-05 16:00:00,26.56,26.63,25.64,26.17
2025-02-05 20:00:00,26.18,26.26,25.62,25.84
2025-02-06 00:00:00,25.85,26.34,25.73,26.16
2025-02-06 04:00:00,26.16,26.82,26.09,26.53
2025-02-06 08:00:00,26.53,26.82,26.17,26.45
2025-02-06 12:00:00,26.45,26.48,24.8,24.99
2025-02-06 16:00:00,24.99,25.21,24.45,24.65
2025-02-06 20:00:00,24.65,25.05,24.28,24.5
2025-02-07 00:00:00,24.5,25.23,24.46,24.96
2025-02-07 04:00:00,24.97,25.17,24.44,24.82
2025-02-07 08:00:00,24.83,25.57,24.71,25.5
2025-02-07 12:00:00,25.5,26.22,25.14,25.44
2025-02-07 16:00:00,25.44,25.52,24.72,24.86
2025-02-07 20:00:00,24.86,24.87,23.71,24.46
2025-02-08 00:00:00,24.46,24.82,24.21,24.28
2025-02-08 04:00:00,24.27,24.46,23.93,24.35
2025-02-08 08:00:00,24.36,24.42,23.91,24.13
2025-02-08 12:00:00,24.14,24.47,23.95,24.23
2025-02-08 16:00:00,24.23,24.72,24.07,24.58
2025-02-08 20:00:00,24.58,24.69,24.3,24.58
2025-02-09 00:00:00,24.59,25.3,24.51,25.25
2025-02-09 04:00:00,25.25,25.39,24.92,25.34
2025-02-09 08:00:00,25.34,25.52,24.95,24.96
2025-02-09 12:00:00,24.96,25.25,24.5,25.11
2025-02-09 16:00:00,25.11,25.26,24.61,24.68
2025-02-09 20:00:00,24.68,25.04,23.74,24.87
2025-02-10 00:00:00,24.87,25.4,23.86,24.84
2025-02-10 04:00:00,24.84,25.47,24.73,25.4
2025-02-10 08:00:00,25.4,25.9,25.29,25.43
2025-02-10 12:00:00,25.44,25.99,25.19,25.42
2025-02-10 16:00:00,25.43,25.69,25.32,25.45
2025-02-10 20:00:00,25.45,25.68,25.37,25.67
2025-02-11 00:00:00,25.66,26.34,25.64,26.31
2025-02-11 04:00:00,26.31,26.81,26.09,26.7
2025-02-11 08:00:00,26.7,27.02,26.28,26.51
2025-02-11 12:00:00,26.52,26.67,25.82,26.15
2025-02-11 16:00:00,26.14,26.19,24.88,25.06
2025-02-11 20:00:00,25.06,25.61,24.99,25.39
2025-02-12 00:00:00,25.39,25.62,24.98,25.2
2025-02-12 04:00:00,25.21,25.34,24.91,25.13
2025-02-12 08:00:00,25.14,25.39,24.83,25.25
2025-02-12 12:00:00,25.26,25.68,24.29,25.02
2025-02-12 16:00:00,25.02,26.11,24.68,26.01
2025-02-12 20:00:00,26.01,27.09,25.98,26.49
2025-02-13 00:00:00,26.5,26.62,26.12,26.41
2025-02-13 04:00:00,26.4,26.43,25.47,25.52
2025-02-13 08:00:00,25.53,25.87,25.35,25.62
2025-02-13 12:00:00,25.62,25.75,25.11,25.49
2025-02-13 16:00:00,25.49,25.86,25.09,25.51
2025-02-13 20:00:00,25.51,25.59,25.25,25.39
2025-02-14 00:00:00,25.4,26.02,25.3,25.97
2025-02-14 04:00:00,25.96,25.99,25.55,25.7
2025-02-14 08:00:00,25.71,26.39,25.71,26.06
2025-02-14 12:00:00,26.07,26.73,25.8,26.57
2025-02-14 16:00:00,26.58,27.23,26.31,26.59
2025-02-14 20:00:00,26.59,26.63,25.96,26.39
2025-02-15 00:00:00,26.38,26.97,26.22,26.7
2025-02-15 04:00:00,26.71,26.86,26.26,26.4
2025-02-15 08:00:00,26.4,26.53,25.94,26.09
2025-02-15 12:00:00,26.09,26.25,25.49,25.68
2025-02-15 16:00:00,25.68,25.86,25.55,25.57
2025-02-15 20:00:00,25.57,25.75,25.38,25.48
2025-02-16 00:00:00,25.49,25.59,25.15,25.44
2025-02-16 04:00:00,25.45,25.58,25.14,25.22
2025-02-16 08:00:00,25.22,25.48,25.13,25.46
2025-02-16 12:00:00,25.46,25.48,24.89,25.14
2025-02-16 16:00:00,25.14,25.23,24.74,24.96
2025-02-16 20:00:00,24.95,25.11,24.75,24.85
2025-02-17 00:00:00,24.86,25.22,24.83,25.02
2025-02-17 04:00:00,25.01,25.18,24.54,24.93
2025-02-17 08:00:00,24.93,25.54,24.83,25.41
2025-02-17 12:00:00,25.4,25.95,25.08,25.14
2025-02-17 16:00:00,25.14,25.29,24.43,24.81
2025-02-17 20:00:00,24.8,25.45,24.72,25.03
2025-02-18 00:00:00,25.04,25.12,24.68,24.76
2025-02-18 04:00:00,24.76,24.85,23.76,23.98
2025-02-18 08:00:00,23.99,24.27,23.64,23.97
2025-02-18 12:00:00,23.96,24.32,23.29,23.44
2025-02-18 16:00:00,23.44,23.65,22.93,23.16
2025-02-18 20:00:00,23.16,23.55,22.95,23.52
2025-02-19 00:00:00,23.53,23.6,23.12,23.54
2025-02-19 04:00:00,23.54,23.86,22.98,23.73
2025-02-19 08:00:00,23.73,24.01,23.63,24.01
2025-02-19 12:00:00,24.01,24.02,23.38,23.51
2025-02-19 16:00:00,23.51,23.92,23.45,23.67
2025-02-19 20:00:00,23.67,23.89,23.36,23.74
2025-02-20 00:00:00,23.73,24.26,23.72,24.24
2025-02-20 04:00:00,24.23,24.47,23.87,23.98
2025-02-20 08:00:00,23.98,24.62,23.97,24.55
2025-02-20 12:00:00,24.55,25,24.22,24.26
2025-02-20 16:00:00,24.26,25.27,24.2,25.19
2025-02-20 20:00:00,25.2,25.35,24.86,25.15
2025-02-21 00:00:00,25.15,25.26,24.78,24.85
2025-02-21 04:00:00,24.86,25.35,24.85,25.16
2025-02-21 08:00:00,25.16,25.92,25.15,25.66
2025-02-21 12:00:00,25.65,26.54,24.96,25.48
2025-02-21 16:00:00,25.48,25.84,23.77,23.91
2025-02-21 20:00:00,23.91,24.72,23.82,24.54
2025-02-22 00:00:00,24.54,25.28,24.44,25.12
2025-02-22 04:00:00,25.11,25.39,24.82,24.91
2025-02-22 08:00:00,24.92,25.4,24.85,25.27
2025-02-22 12:00:00,25.27,25.86,25.27,25.83
2025-02-22 16:00:00,25.82,26.37,25.68,26.03
2025-02-22 20:00:00,26.04,26.06,25.76,25.83
2025-02-23 00:00:00,25.84,25.98,25.57,25.69
2025-02-23 04:00:00,25.69,25.88,25.42,25.84
2025-02-23 08:00:00,25.84,25.85,25.1,25.13
2025-02-23 12:00:00,25.12,25.17,24.54,24.55
2025-02-23 16:00:00,24.55,24.7,24.4,24.5
2025-02-23 20:00:00,24.5,24.97,24.42,24.85
2025-02-24 00:00:00,24.85,25.18,23.89,24.01
2025-02-24 04:00:00,24.01,24.23,23.67,23.97
2025-02-24 08:00:00,23.98,24.05,23.43,23.84
2025-02-24 12:00:00,23.83,23.9,22.88,23.15
2025-02-24 16:00:00,23.15,23.52,22.67,22.91
2025-02-24 20:00:00,22.92,23.27,21.47,21.88
2025-02-25 00:00:00,21.88,22.11,21.3,21.65
2025-02-25 04:00:00,21.66,21.99,20.3,20.87
2025-02-25 08:00:00,20.87,21.53,20.33,21.43
2025-02-25 12:00:00,21.42,21.67,20.55,20.98
2025-02-25 16:00:00,20.99,21.81,20.78,21.8
2025-02-25 20:00:00,21.79,22.34,21.63,21.94
2025-02-26 00:00:00,21.94,22.35,21.64,22.22
2025-02-26 04:00:00,22.22,22.42,21.93,22.17
2025-02-26 08:00:00,22.17,22.59,21.88,22.18
2025-02-26 12:00:00,22.18,22.42,21.46,22.26
2025-02-26 16:00:00,22.26,22.45,21.05,21.23
2025-02-26 20:00:00,21.23,22.28,21,21.87
2025-02-27 00:00:00,21.88,22.42,21.65,22.34
2025-02-27 04:00:00,22.33,23.17,22.16,23.01
2025-02-27 08:00:00,23,23.39,22.85,23.03
2025-02-27 12:00:00,23.03,23.32,22.54,22.79
2025-02-27 16:00:00,22.78,22.94,22.18,22.33
2025-02-27 20:00:00,22.34,22.61,22,22.52
2025-02-28 00:00:00,22.53,22.61,20.55,20.59
2025-02-28 04:00:00,20.59,20.77,20.23,20.63
2025-02-28 08:00:00,20.62,21.46,20.39,20.96
2025-02-28 12:00:00,20.96,22,20.74,21.74
2025-02-28 16:00:00,21.75,22.25,21.53,22.12
2025-02-28 20:00:00,22.11,22.41,21.8,22.37
2025-03-01 00:00:00,22.38,22.5,22.01,22.22
2025-03-01 04:00:00,22.22,22.46,21.84,21.89
2025-03-01 08:00:00,21.9,22.08,21.43,21.48
2025-03-01 12:00:00,21.48,21.56,21.05,21.3
2025-03-01 16:00:00,21.31,21.74,21.24,21.69
2025-03-01 20:00:00,21.7,22.17,21.53,21.86
2025-03-02 00:00:00,21.87,21.99,21.7,21.84
2025-03-02 04:00:00,21.85,22.1,21.75,21.9
2025-03-02 08:00:00,21.9,22.2,21.77,22.07
2025-03-02 12:00:00,22.07,23.06,21.56,22.52
2025-03-02 16:00:00,22.52,24.8,22.52,24.68
2025-03-02 20:00:00,24.68,24.99,24.47,24.95
2025-03-03 00:00:00,24.95,25.12,23.93,24.55
2025-03-03 04:00:00,24.54,24.69,23.36,23.83
2025-03-03 08:00:00,23.83,23.84,23.02,23.5
2025-03-03 12:00:00,23.5,24,22.96,23.24
2025-03-03 16:00:00,23.25,23.42,20.91,20.96
2025-03-03 20:00:00,20.95,21.34,20.58,20.95
2025-03-04 00:00:00,20.96,21.11,19.64,19.83
2025-03-04 04:00:00,19.84,20.31,19.7,20.05
2025-03-04 08:00:00,20.05,20.28,19.69,19.9
2025-03-04 12:00:00,19.91,20.61,19.35,19.94
2025-03-04 16:00:00,19.93,20.41,18.84,20.33
2025-03-04 20:00:00,20.33,20.51,19.84,20
2025-03-05 00:00:00,19.99,20.29,19.69,19.77
2025-03-05 04:00:00,19.77,20.2,19.74,20.15
2025-03-05 08:00:00,20.15,21.37,20.14,20.99
2025-03-05 12:00:00,21,21.22,20.25,20.39
2025-03-05 16:00:00,20.39,21.27,20.08,21.24
2025-03-05 20:00:00,21.25,22.48,21.25,21.73
2025-03-06 00:00:00,21.73,22.42,21.44,22.37
2025-03-06 04:00:00,22.38,22.57,21.64,21.69
2025-03-06 08:00:00,21.69,22.28,21.62,21.96
2025-03-06 12:00:00,21.96,22.1,21.2,21.97
2025-03-06 16:00:00,21.97,22.1,20.89,21.06
2025-03-06 20:00:00,21.07,21.5,20.99,20.99
2025-03-07 00:00:00,21,21.32,19.68,20.25
2025-03-07 04:00:00,20.26,20.8,20.21,20.74
2025-03-07 08:00:00,20.73,20.91,20.45,20.79
2025-03-07 12:00:00,20.8,21.14,20.44,20.72
2025-03-07 16:00:00,20.71,21.2,20.01,20.83
2025-03-07 20:00:00,20.82,20.96,19.94,20.14
2025-03-08 00:00:00,20.14,20.24,19.62,19.87
2025-03-08 04:00:00,19.86,20.07,19.73,19.8
2025-03-08 08:00:00,19.8,19.85,19.42,19.53
2025-03-08 12:00:00,19.54,21.1,19.46,20.47
2025-03-08 16:00:00,20.48,20.87,20.27,20.83
2025-03-08 20:00:00,20.83,20.97,20.35,20.49
2025-03-09 00:00:00,20.5,20.69,20.22,20.27
2025-03-09 04:00:00,20.27,20.37,20.04,20.15
2025-03-09 08:00:00,20.15,20.16,19.61,19.72
2025-03-09 12:00:00,19.72,19.72,19.09,19.17
2025-03-09 16:00:00,19.18,19.36,17.76,18.25
2025-03-09 20:00:00,18.25,18.44,17.76,17.97
2025-03-10 00:00:00,17.98,18.49,17.64,18.17
2025-03-10 04:00:00,18.18,18.48,18.16,18.41
2025-03-10 08:00:00,18.41,19.06,18,18.85
2025-03-10 12:00:00,18.85,18.99,17.4,17.8
2025-03-10 16:00:00,17.79,17.87,16.14,16.91
2025-03-10 20:00:00,16.91,16.97,16.23,16.26
2025-03-11 00:00:00,16.26,17.06,15.27,16.58
2025-03-11 04:00:00,16.59,17.1,16.53,16.97
2025-03-11 08:00:00,16.96,17.46,16.88,17.36
2025-03-11 12:00:00,17.36,17.49,16.5,17.36
2025-03-11 16:00:00,17.37,17.91,16.95,17.77
2025-03-11 20:00:00,17.77,17.89,17.45,17.51
2025-03-12 00:00:00,17.51,17.83,17.06,17.08
2025-03-12 04:00:00,17.09,17.59,16.95,17.56
2025-03-12 08:00:00,17.55,18.25,17.47,18.23
2025-03-12 12:00:00,18.23,18.85,17.52,17.98
2025-03-12 16:00:00,17.98,18.6,17.95,18.41
2025-03-12 20:00:00,18.41,18.98,18.35,18.91
2025-03-13 00:00:00,18.92,19.19,18.73,18.86
2025-03-13 04:00:00,18.86,19.14,18.56,18.79
2025-03-13 08:00:00,18.8,19.33,18.62,19.02
2025-03-13 12:00:00,19.02,19.2,18.3,18.38
2025-03-13 16:00:00,18.39,18.46,17.92,18.17
2025-03-13 20:00:00,18.17,18.91,17.73,18.5
2025-03-14 00:00:00,18.51,18.9,18.46,18.76
2025-03-14 04:00:00,18.76,18.88,18.49,18.66
2025-03-14 08:00:00,18.66,19.13,18.58,18.77
2025-03-14 12:00:00,18.77,19.3,18.51,19.01
2025-03-14 16:00:00,19,19.31,18.77,18.99
2025-03-14 20:00:00,18.99,19.11,18.52,18.58
2025-03-15 00:00:00,18.58,18.67,18.37,18.63
2025-03-15 04:00:00,18.62,18.9,18.5,18.61
2025-03-15 08:00:00,18.61,18.66,18.43,18.56
2025-03-15 12:00:00,18.55,18.73,18.42,18.56
2025-03-15 16:00:00,18.55,18.76,18.47,18.62
2025-03-15 20:00:00,18.62,19.47,18.62,19.4
2025-03-16 00:00:00,19.39,19.73,18.96,19.7
2025-03-16 04:00:00,19.69,19.85,19.28,19.35
2025-03-16 08:00:00,19.36,19.41,18.33,18.42
2025-03-16 12:00:00,18.41,18.71,18.18,18.5
2025-03-16 16:00:00,18.5,19.07,18.22,18.33
2025-03-16 20:00:00,18.34,18.47,18.12,18.25
2025-03-17 00:00:00,18.26,18.73,18.22,18.62
2025-03-17 04:00:00,18.63,18.74,18.25,18.62
2025-03-17 08:00:00,18.61,18.74,18.41,18.62
2025-03-17 12:00:00,18.62,18.83,18.2,18.47
2025-03-17 16:00:00,18.46,19.09,18.39,18.94
2025-03-17 20:00:00,18.95,18.98,18.7,18.82
2025-03-18 00:00:00,18.83,18.95,18.4,18.57
2025-03-18 04:00:00,18.58,19.04,18.44,18.83
2025-03-18 08:00:00,18.82,19.28,18.71,18.79
2025-03-18 12:00:00,18.79,18.91,18.37,18.45
2025-03-18 16:00:00,18.45,18.72,18.32,18.66
2025-03-18 20:00:00,18.66,19.08,18.46,18.97
2025-03-19 00:00:00,18.97,19.23,18.84,19.19
2025-03-19 04:00:00,19.2,19.33,18.9,18.91
2025-03-19 08:00:00,18.91,19.67,18.89,19.54
2025-03-19 12:00:00,19.55,19.96,19.3,19.86
2025-03-19 16:00:00,19.85,20.1,19.44,19.59
2025-03-19 20:00:00,19.59,19.79,19.38,19.74
2025-03-20 00:00:00,19.74,19.86,19.26,19.28
2025-03-20 04:00:00,19.28,19.3,19.08,19.14
2025-03-20 08:00:00,19.13,19.33,18.74,18.85
2025-03-20 12:00:00,18.84,19.2,18.75,18.78
2025-03-20 16:00:00,18.77,18.88,18.41,18.71
2025-03-20 20:00:00,18.71,18.8,18.62,18.74
2025-03-21 00:00:00,18.75,19.12,18.73,18.8
2025-03-21 04:00:00,18.81,19.01,18.68,18.76
2025-03-21 08:00:00,18.75,18.88,18.43,18.52
2025-03-21 12:00:00,18.52,18.64,18.36,18.49
2025-03-21 16:00:00,18.49,18.9,18.4,18.89
2025-03-21 20:00:00,18.89,19.49,18.86,19.18
2025-03-22 00:00:00,19.19,19.41,19.08,19.31
2025-03-22 04:00:00,19.3,19.49,19.3,19.37
2025-03-22 08:00:00,19.37,19.65,19.33,19.46
2025-03-22 12:00:00,19.45,19.58,19.27,19.55
2025-03-22 16:00:00,19.54,19.71,19.48,19.64
2025-03-22 20:00:00,19.65,19.74,19.34,19.43
2025-03-23 00:00:00,19.43,19.72,19.33,19.71
2025-03-23 04:00:00,19.72,19.72,19.46,19.58
2025-03-23 08:00:00,19.59,19.78,19.48,19.63
2025-03-23 12:00:00,19.63,19.7,19.44,19.48
2025-03-23 16:00:00,19.49,19.64,19.31,19.49
2025-03-23 20:00:00,19.5,19.85,19.34,19.82
2025-03-24 00:00:00,19.82,21.17,19.78,21.14
2025-03-24 04:00:00,21.15,21.84,21.14,21.52
2025-03-24 08:00:00,21.52,21.94,21.51,21.68
2025-03-24 12:00:00,21.69,22.14,21.42,21.54
2025-03-24 16:00:00,21.53,21.58,21.24,21.38
2025-03-24 20:00:00,21.39,21.51,21.24,21.48
2025-03-25 00:00:00,21.49,21.68,21.33,21.36
2025-03-25 04:00:00,21.35,21.94,21.29,21.85
2025-03-25 08:00:00,21.85,22.41,21.84,22.33
2025-03-25 12:00:00,22.34,22.81,22.13,22.48
2025-03-25 16:00:00,22.49,23.23,22.43,23.04
2025-03-25 20:00:00,23.05,23.46,22.77,22.9
2025-03-26 00:00:00,22.91,23.25,22.54,22.59
2025-03-26 04:00:00,22.6,22.88,22.54,22.85
2025-03-26 08:00:00,22.84,22.98,22.64,22.86
2025-03-26 12:00:00,22.85,22.88,21.96,22.17
2025-03-26 16:00:00,22.17,22.48,21.83,22.07
2025-03-26 20:00:00,22.06,22.29,21.85,22.04
2025-03-27 00:00:00,22.05,22.38,21.99,22.17
2025-03-27 04:00:00,22.18,22.19,21.92,22.08
2025-03-27 08:00:00,22.08,22.2,21.82,21.87
2025-03-27 12:00:00,21.88,22.29,21.63,21.92
2025-03-27 16:00:00,21.93,22.13,21.81,22
2025-03-27 20:00:00,22.01,22.24,21.91,22.02
2025-03-28 00:00:00,22.03,22.19,21.65,21.77
2025-03-28 04:00:00,21.78,21.82,20.67,20.71
2025-03-28 08:00:00,20.71,20.8,20.18,20.57
2025-03-28 12:00:00,20.56,20.64,19.97,19.98
2025-03-28 16:00:00,19.97,20.03,19.77,19.81
2025-03-28 20:00:00,19.81,20.61,19.78,20.36
2025-03-29 00:00:00,20.37,20.54,20.08,20.43
2025-03-29 04:00:00,20.44,20.53,19.81,19.87
2025-03-29 08:00:00,19.87,20.18,19.65,19.86
2025-03-29 12:00:00,19.87,20.32,19.82,20
2025-03-29 16:00:00,20,20.07,19.67,19.87
2025-03-29 20:00:00,19.87,19.91,19.46,19.6
2025-03-30 00:00:00,19.6,19.91,19.37,19.66
2025-03-30 04:00:00,19.67,19.75,19.35,19.45
2025-03-30 08:00:00,19.45,19.71,19.18,19.35
2025-03-30 12:00:00,19.36,19.48,19.05,19.31
2025-03-30 16:00:00,19.31,19.4,18.99,19.24
2025-03-30 20:00:00,19.1,19.17,18.69,18.86
2025-03-31 00:00:00,18.87,19.03,18.47,18.63
2025-03-31 04:00:00,18.64,18.95,18.44,18.57
2025-03-31 08:00:00,18.56,18.73,18.18,18.64
2025-03-31 12:00:00,18.64,19.12,18.42,18.97
2025-03-31 16:00:00,18.98,19.06,18.62,18.65
2025-03-31 20:00:00,18.65,18.86,18.6,18.77
2025-04-01 00:00:00,18.78,19.18,18.72,19.03
2025-04-01 04:00:00,19.04,19.54,18.96,19.21
2025-04-01 08:00:00,19.21,19.74,19,19.4
2025-04-01 12:00:00,19.4,19.95,18.97,19.85
2025-04-01 16:00:00,19.85,19.95,19.34,19.45
2025-04-01 20:00:00,19.45,19.93,19.32,19.82
2025-04-02 00:00:00,19.83,19.84,19.13,19.22
2025-04-02 04:00:00,19.22,19.72,18.8,19.06
2025-04-02 08:00:00,19.06,19.58,18.92,19.21
2025-04-02 12:00:00,19.21,19.84,18.93,19.62
2025-04-02 16:00:00,19.62,19.85,19.19,19.43
2025-04-02 20:00:00,19.43,19.9,17.76,17.99
2025-04-03 00:00:00,17.98,18.86,17.88,18.76
2025-04-03 04:00:00,18.77,18.99,18.2,18.38
2025-04-03 08:00:00,18.37,18.51,17.98,18.09
2025-04-03 12:00:00,18.09,18.2,17.58,17.96
2025-04-03 16:00:00,17.96,18.27,17.83,18
2025-04-03 20:00:00,18.01,18.27,17.86,18.15
2025-04-04 00:00:00,18.16,18.28,17.91,18.03
2025-04-04 04:00:00,18.03,18.61,17.96,18.6
2025-04-04 08:00:00,18.6,18.77,17.61,17.89
2025-04-04 12:00:00,17.89,18.47,17.81,18
2025-04-04 16:00:00,18,18.36,17.73,18.11
2025-04-04 20:00:00,18.11,18.36,18.02,18.19
2025-04-05 00:00:00,18.18,18.37,18.09,18.11
2025-04-05 04:00:00,18.12,18.24,18.05,18.21
2025-04-05 08:00:00,18.2,18.35,18.13,18.24
2025-04-05 12:00:00,18.24,18.3,17.77,17.85
2025-04-05 16:00:00,17.84,18,17.82,17.86
2025-04-05 20:00:00,17.87,17.93,17.69,17.87
2025-04-06 00:00:00,17.88,17.92,17.32,17.39
2025-04-06 04:00:00,17.4,17.51,17.18,17.2
2025-04-06 08:00:00,17.2,17.36,17.11,17.19
2025-04-06 12:00:00,17.19,17.32,16.84,17.31
2025-04-06 16:00:00,17.31,17.33,16.14,16.4
2025-04-06 20:00:00,16.39,16.47,15.62,16.04
2025-04-07 00:00:00,16.05,16.45,15.45,15.74
2025-04-07 04:00:00,15.75,16.11,14.66,14.83
2025-04-07 08:00:00,14.83,15.79,14.72,15.44
2025-04-07 12:00:00,15.45,17.2,15.36,16.44
2025-04-07 16:00:00,16.43,17.23,16.14,16.64
2025-04-07 20:00:00,16.65,16.98,16.62,16.68
2025-04-08 00:00:00,16.69,17.34,16.68,17.17
2025-04-08 04:00:00,17.17,17.45,16.95,17.05
2025-04-08 08:00:00,17.04,17.52,16.84,17.49
2025-04-08 12:00:00,17.49,17.74,17.08,17.14
2025-04-08 16:00:00,17.14,17.19,15.99,16.04
2025-04-08 20:00:00,16.04,16.29,15.94,16.15
2025-04-09 00:00:00,16.16,16.4,15.59,16.06
2025-04-09 04:00:00,16.05,16.87,16,16.72
2025-04-09 08:00:00,16.72,16.79,16.1,16.19
2025-04-09 12:00:00,16.2,16.91,15.96,16.81
2025-04-09 16:00:00,16.82,18.91,16.74,18.54
2025-04-09 20:00:00,18.54,18.7,18.41,18.44
2025-04-10 00:00:00,18.44,18.45,17.8,18.03
2025-04-10 04:00:00,18.03,18.36,17.94,18.04
2025-04-10 08:00:00,18.05,18.16,17.9,18.02
2025-04-10 12:00:00,18.02,18.39,17.55,17.67
2025-04-10 16:00:00,17.67,18.26,17.59,18.11
2025-04-10 20:00:00,18.1,18.43,18.1,18.31
2025-04-11 00:00:00,18.31,18.67,18.31,18.55
2025-04-11 04:00:00,18.55,18.66,18.44,18.55
2025-04-11 08:00:00,18.55,18.99,18.4,18.85
2025-04-11 12:00:00,18.85,19.56,18.77,19.2
2025-04-11 16:00:00,19.2,19.57,19.11,19.22
2025-04-11 20:00:00,19.22,19.37,19.04,19.12
2025-04-12 00:00:00,19.13,19.17,18.84,18.91
2025-04-12 04:00:00,18.92,19.31,18.86,19.1
2025-04-12 08:00:00,19.11,19.26,18.95,19.14
2025-04-12 12:00:00,19.13,21.03,19.1,20.51
2025-04-12 16:00:00,20.51,20.84,20.1,20.19
2025-04-12 20:00:00,20.19,20.67,20.16,20.49
2025-04-13 00:00:00,20.5,20.68,20.19,20.25
2025-04-13 04:00:00,20.24,20.28,19.88,19.92
2025-04-13 08:00:00,19.92,20.28,19.9,20
2025-04-13 12:00:00,20,20.03,19.51,19.75
2025-04-13 16:00:00,19.75,20.52,19.43,19.73
2025-04-13 20:00:00,19.74,19.97,19.27,19.59
2025-04-14 00:00:00,19.6,20.6,19.55,19.97
2025-04-14 04:00:00,19.97,20.29,19.8,20.12
2025-04-14 08:00:00,20.13,20.53,19.96,20.51
2025-04-14 12:00:00,20.51,20.68,19.76,19.83
2025-04-14 16:00:00,19.83,20.52,19.72,20.3
2025-04-14 20:00:00,20.3,20.38,20.05,20.11
2025-04-15 00:00:00,20.12,20.25,19.85,20.24
2025-04-15 04:00:00,20.23,20.28,19.81,19.98
2025-04-15 08:00:00,19.98,20.16,19.8,19.9
2025-04-15 12:00:00,19.91,20.26,19.46,19.54
2025-04-15 16:00:00,19.54,19.64,19.23,19.31
2025-04-15 20:00:00,19.31,19.44,18.96,19.01
2025-04-16 00:00:00,19.01,19.03,18.67,18.93
2025-04-16 04:00:00,18.93,18.96,18.61,18.64
2025-04-16 08:00:00,18.65,19,18.56,18.91
2025-04-16 12:00:00,18.91,19.29,18.72,19.05
2025-04-16 16:00:00,19.05,19.3,18.5,19
2025-04-16 20:00:00,19,19.1,18.7,18.76
2025-04-17 00:00:00,18.75,19,18.69,18.98
2025-04-17 04:00:00,18.97,19.56,18.94,19.39
2025-04-17 08:00:00,19.39,19.48,19.14,19.24
2025-04-17 12:00:00,19.23,19.42,18.81,19.13
2025-04-17 16:00:00,19.13,19.54,18.97,19.08
2025-04-17 20:00:00,19.08,19.21,18.92,19.05
2025-04-18 00:00:00,19.06,19.13,18.9,19.05
2025-04-18 04:00:00,19.06,19.19,18.95,19.18
2025-04-18 08:00:00,19.18,19.34,18.99,19.11
2025-04-18 12:00:00,19.1,19.17,18.85,18.91
2025-04-18 16:00:00,18.9,19.17,18.88,19.16
2025-04-18 20:00:00,19.16,19.25,19.06,19.07
2025-04-19 00:00:00,19.07,19.32,19.03,19.25
2025-04-19 04:00:00,19.26,19.55,19.17,19.47
2025-04-19 08:00:00,19.48,19.73,19.44,19.5
2025-04-19 12:00:00,19.5,19.82,19.49,19.69
2025-04-19 16:00:00,19.69,20.11,19.63,20.03
2025-04-19 20:00:00,20.03,20.36,19.87,19.89
2025-04-20 00:00:00,19.89,20.04,19.81,19.88
2025-04-20 04:00:00,19.88,20,19.56,19.65
2025-04-20 08:00:00,19.64,19.71,19.23,19.31
2025-04-20 12:00:00,19.31,19.55,19.27,19.38
2025-04-20 16:00:00,19.39,19.56,19.31,19.56
2025-04-20 20:00:00,19.56,19.74,19.31,19.51
2025-04-21 00:00:00,19.51,20.15,19.51,19.99
2025-04-21 04:00:00,20,20.65,19.85,20.61
2025-04-21 08:00:00,20.62,20.95,20.4,20.53
2025-04-21 12:00:00,20.53,20.68,20.25,20.54
2025-04-21 16:00:00,20.54,20.68,19.8,20.09
2025-04-21 20:00:00,20.08,20.11,19.7,19.92
2025-04-22 00:00:00,19.92,20.21,19.44,19.9
2025-04-22 04:00:00,19.91,20.3,19.59,20.29
2025-04-22 08:00:00,20.28,20.45,20.02,20.39
2025-04-22 12:00:00,20.4,22,20.35,21.62
2025-04-22 16:00:00,21.63,21.8,21.33,21.56
2025-04-22 20:00:00,21.56,22.3,21.53,22.11
2025-04-23 00:00:00,22.11,22.59,21.89,22.46
2025-04-23 04:00:00,22.46,22.89,22.37,22.88
2025-04-23 08:00:00,22.88,23.08,22.55,22.7
2025-04-23 12:00:00,22.7,23.05,21.88,22.27
2025-04-23 16:00:00,22.27,22.64,22.05,22.23
2025-04-23 20:00:00,22.23,22.57,22.22,22.33
2025-04-24 00:00:00,22.34,22.46,21.83,21.86
2025-04-24 04:00:00,21.86,22.19,21.79,21.89
2025-04-24 08:00:00,21.89,22.06,21.61,22.05
2025-04-24 12:00:00,22.06,22.64,21.9,22.34
2025-04-24 16:00:00,22.33,22.5,21.95,22.24
2025-04-24 20:00:00,22.24,22.44,22.03,22.37
2025-04-25 00:00:00,22.38,22.55,21.77,22.08
2025-04-25 04:00:00,22.09,22.54,21.96,22.34
2025-04-25 08:00:00,22.33,22.6,22.19,22.56
2025-04-25 12:00:00,22.56,22.87,22.11,22.58
2025-04-25 16:00:00,22.58,22.78,22.2,22.31
2025-04-25 20:00:00,22.31,22.51,22.14,22.17
2025-04-26 00:00:00,22.17,22.99,22.17,22.64
2025-04-26 04:00:00,22.64,22.7,22.3,22.45
2025-04-26 08:00:00,22.45,22.78,21.86,21.95
2025-04-26 12:00:00,21.95,22.09,21.72,22.03
2025-04-26 16:00:00,22.02,22.14,21.83,22.13
2025-04-26 20:00:00,22.13,22.44,22.08,22.42
2025-04-27 00:00:00,22.41,22.8,22.05,22.37
2025-04-27 04:00:00,22.38,22.55,22.02,22.27
2025-04-27 08:00:00,22.28,22.48,22.06,22.06
2025-04-27 12:00:00,22.07,22.32,21.79,21.89
2025-04-27 16:00:00,21.88,22.15,21.65,22.12
2025-04-27 20:00:00,22.13,22.15,21.71,21.71
2025-04-28 00:00:00,21.72,21.83,21.02,21.73
2025-04-28 04:00:00,21.74,22.36,21.74,22.3
2025-04-28 08:00:00,22.31,22.43,21.96,22.27
2025-04-28 12:00:00,22.28,22.31,21.27,21.45
2025-04-28 16:00:00,21.44,22.09,21.28,22
2025-04-28 20:00:00,21.99,22.02,21.71,21.84
2025-04-29 00:00:00,21.84,22.09,21.65,21.85
2025-04-29 04:00:00,21.86,22.21,21.64,22.18
2025-04-29 08:00:00,22.18,22.3,21.95,22.13
2025-04-29 12:00:00,22.13,22.22,21.83,22
2025-04-29 16:00:00,22,22.24,21.84,21.86
2025-04-29 20:00:00,21.86,21.92,21.27,21.57
2025-04-30 00:00:00,21.56,21.94,21.48,21.86
2025-04-30 04:00:00,21.86,21.89,21.46,21.58
2025-04-30 08:00:00,21.58,21.73,21.45,21.64
2025-04-30 12:00:00,21.64,21.66,20.36,20.92
2025-04-30 16:00:00,20.93,21.21,20.7,20.94
2025-04-30 20:00:00,20.94,21.22,20.82,20.92
2025-05-01 00:00:00,20.91,21.31,20.88,20.95
2025-05-01 04:00:00,20.95,21.26,20.81,21.22
2025-05-01 08:00:00,21.22,21.59,21.2,21.47
2025-05-01 12:00:00,21.48,21.54,21.12,21.35
2025-05-01 16:00:00,21.35,21.87,21.24,21.76
2025-05-01 20:00:00,21.77,21.84,21.52,21.64
2025-05-02 00:00:00,21.64,22.19,21.61,21.98
2025-05-02 04:00:00,21.98,22.09,21.27,21.27
2025-05-02 08:00:00,21.28,21.46,21.14,21.31
2025-05-02 12:00:00,21.3,21.67,21.13,21.42
2025-05-02 16:00:00,21.42,21.67,20.97,21.04
2025-05-02 20:00:00,21.04,21.42,20.97,21.25
2025-05-03 00:00:00,21.26,21.28,21.05,21.09
2025-05-03 04:00:00,21.09,21.19,20.87,20.93
2025-05-03 08:00:00,20.92,21.13,20.61,20.7
2025-05-03 12:00:00,20.7,21,20.67,20.87
2025-05-03 16:00:00,20.87,20.89,20.49,20.84
2025-05-03 20:00:00,20.85,20.88,20.51,20.52
2025-05-04 00:00:00,20.53,20.63,20.22,20.25
2025-05-04 04:00:00,20.25,20.44,20.12,20.22
2025-05-04 08:00:00,20.23,20.23,20.01,20.08
2025-05-04 12:00:00,20.08,20.21,19.79,20
2025-05-04 16:00:00,20.01,20.08,19.88,20.01
2025-05-04 20:00:00,20.01,20.2,19.76,19.91
2025-05-05 00:00:00,19.91,20.24,19.67,19.95
2025-05-05 04:00:00,19.95,20.24,19.87,20.03
2025-05-05 08:00:00,20.04,20.07,19.46,19.48
2025-05-05 12:00:00,19.47,19.68,19.3,19.37
2025-05-05 16:00:00,19.37,19.85,19.35,19.62
2025-05-05 20:00:00,19.62,19.87,19.39,19.69
2025-05-06 00:00:00,19.69,19.77,19.43,19.76
2025-05-06 04:00:00,19.76,19.88,19.69,19.78
2025-05-06 08:00:00,19.78,19.79,19.27,19.41
2025-05-06 12:00:00,19.41,19.8,19.3,19.65
2025-05-06 16:00:00,19.66,19.95,19.5,19.82
2025-05-06 20:00:00,19.83,20.13,19.38,20.01
2025-05-07 00:00:00,20.01,20.25,19.75,19.94
2025-05-07 04:00:00,19.94,20.01,19.65,19.93
2025-05-07 08:00:00,19.93,20.01,19.71,19.78
2025-05-07 12:00:00,19.77,19.8,19.26,19.32
2025-05-07 16:00:00,19.32,19.46,19.09,19.25
2025-05-07 20:00:00,19.25,19.71,19.19,19.55
2025-05-08 00:00:00,19.55,20.35,19.49,20.34
2025-05-08 04:00:00,20.35,20.9,20.35,20.85
2025-05-08 08:00:00,20.86,21.17,20.85,20.92
2025-05-08 12:00:00,20.92,21.48,20.64,21.19
2025-05-08 16:00:00,21.19,21.49,21.16,21.43
2025-05-08 20:00:00,21.43,22.17,21.33,22.16
2025-05-09 00:00:00,22.16,22.47,22.02,22.06
2025-05-09 04:00:00,22.07,23.12,21.96,23.01
2025-05-09 08:00:00,23.01,24.01,22.79,23.53
2025-05-09 12:00:00,23.53,23.68,22.91,23.14
2025-05-09 16:00:00,23.15,23.46,22.79,23.1
2025-05-09 20:00:00,23.09,23.29,22.96,23.27
2025-05-10 00:00:00,23.27,23.67,23.01,23.49
2025-05-10 04:00:00,23.49,24.25,23.26,24.17
2025-05-10 08:00:00,24.18,24.81,23.92,24.06
2025-05-10 12:00:00,24.06,24.77,24.06,24.37
2025-05-10 16:00:00,24.38,24.86,24.31,24.52
2025-05-10 20:00:00,24.52,25.97,24.33,25.82
2025-05-11 00:00:00,25.81,26.02,24.93,25.3
2025-05-11 04:00:00,25.3,25.46,24.29,24.53
2025-05-11 08:00:00,24.53,24.93,24.42,24.88
2025-05-11 12:00:00,24.88,24.93,24.19,24.39
2025-05-11 16:00:00,24.39,24.94,24.16,24.75
2025-05-11 20:00:00,24.75,24.97,24.49,24.78
2025-05-12 00:00:00,24.79,25.23,24.44,25.16
2025-05-12 04:00:00,25.15,26.84,24.86,26.04
2025-05-12 08:00:00,26.04,26.04,24.89,24.98
2025-05-12 12:00:00,24.98,25.7,24.57,24.73
2025-05-12 16:00:00,24.73,25.17,23.73,24.47
2025-05-12 20:00:00,24.47,25.06,24.36,24.83
2025-05-13 00:00:00,24.83,24.84,23.48,23.51
2025-05-13 04:00:00,23.51,24.53,23.45,24.3
2025-05-13 08:00:00,24.31,24.71,24.26,24.52
2025-05-13 12:00:00,24.52,24.92,24.3,24.9
2025-05-13 16:00:00,24.91,26.25,24.86,25.81
2025-05-13 20:00:00,25.81,25.99,25.49,25.72
2025-05-14 00:00:00,25.72,26.28,25.5,26.1
2025-05-14 04:00:00,26.1,26.54,25.89,26.03
2025-05-14 08:00:00,26.02,26.16,25.39,25.93
2025-05-14 12:00:00,25.93,25.97,25.13,25.41
2025-05-14 16:00:00,25.41,25.47,24.97,25.26
2025-05-14 20:00:00,25.27,25.32,24.74,24.96
2025-05-15 00:00:00,24.95,25.13,24.37,24.4
2025-05-15 04:00:00,24.41,24.64,23.53,23.56
2025-05-15 08:00:00,23.56,24.19,23.52,23.97
2025-05-15 12:00:00,23.96,24.1,23,23.8
2025-05-15 16:00:00,23.8,24.21,23.26,23.51
2025-05-15 20:00:00,23.52,23.74,22.94,23.5
2025-05-16 00:00:00,23.51,23.95,23.33,23.91
2025-05-16 04:00:00,23.92,24.05,23.65,23.79
2025-05-16 08:00:00,23.79,23.99,23.25,23.82
2025-05-16 12:00:00,23.83,23.97,23.44,23.74
2025-05-16 16:00:00,23.75,23.87,23.35,23.57
2025-05-16 20:00:00,23.57,23.58,22.67,23.06
2025-05-17 00:00:00,23.06,23.12,22.26,22.76
2025-05-17 04:00:00,22.76,23.14,22.7,22.82
2025-05-17 08:00:00,22.82,22.92,22.57,22.77
2025-05-17 12:00:00,22.78,22.84,22.32,22.46
2025-05-17 16:00:00,22.45,22.59,22.11,22.18
2025-05-17 20:00:00,22.17,22.57,21.97,22.17
2025-05-18 00:00:00,22.18,22.39,22.01,22.19
2025-05-18 04:00:00,22.2,23.19,22.19,23.13
2025-05-18 08:00:00,23.14,23.33,22.91,22.92
2025-05-18 12:00:00,22.92,23.86,22.78,23.76
2025-05-18 16:00:00,23.77,23.82,22.03,22.03
2025-05-18 20:00:00,22.03,23.16,21.56,23.06
2025-05-19 00:00:00,23.06,23.2,21.88,21.89
2025-05-19 04:00:00,21.9,22.05,21.26,21.68
2025-05-19 08:00:00,21.69,21.82,21.48,21.68
2025-05-19 12:00:00,21.68,22.17,21.41,22.09
2025-05-19 16:00:00,22.09,22.62,21.9,22.29
2025-05-19 20:00:00,22.29,22.36,21.98,22.25
2025-05-20 00:00:00,22.25,22.82,22.1,22.41
2025-05-20 04:00:00,22.42,22.62,22.19,22.24
2025-05-20 08:00:00,22.24,22.36,21.94,22.12
2025-05-20 12:00:00,22.12,22.21,21.85,22.14
2025-05-20 16:00:00,22.14,22.48,21.75,22.41
2025-05-20 20:00:00,22.41,22.78,22.29,22.6
2025-05-21 00:00:00,22.61,22.73,22.15,22.54
2025-05-21 04:00:00,22.54,23,22.42,22.55
2025-05-21 08:00:00,22.56,22.85,22.37,22.75
2025-05-21 12:00:00,22.75,23.29,22.54,23.22
2025-05-21 16:00:00,23.22,23.81,22.4,22.87
2025-05-21 20:00:00,22.86,23.46,22.59,23.17
2025-05-22 00:00:00,23.18,23.86,23.13,23.78
2025-05-22 04:00:00,23.79,24.15,23.71,24.14
2025-05-22 08:00:00,24.14,25.42,24.08,25.09
2025-05-22 12:00:00,25.1,25.43,24.75,25.04
2025-05-22 16:00:00,25.05,25.4,25.03,25.08
2025-05-22 20:00:00,25.09,25.34,24.71,25.26
2025-05-23 00:00:00,25.26,25.85,25.05,25.73
2025-05-23 04:00:00,25.73,25.83,24.92,25.1
2025-05-23 08:00:00,25.1,25.98,24.29,24.45
2025-05-23 12:00:00,24.46,25,23.66,24.47
2025-05-23 16:00:00,24.47,24.65,24,24.02
2025-05-23 20:00:00,24.02,24.03,22.92,23.07
2025-05-24 00:00:00,23.08,23.48,22.94,23.28
2025-05-24 04:00:00,23.29,23.43,22.99,23.14
2025-05-24 08:00:00,23.14,23.45,22.87,23.22
2025-05-24 12:00:00,23.23,23.28,22.98,23.14
2025-05-24 16:00:00,23.14,23.19,22.8,23.03
2025-05-24 20:00:00,23.03,23.12,22.75,22.96
2025-05-25 00:00:00,22.96,23.14,22.48,22.9
2025-05-25 04:00:00,22.9,22.93,22.43,22.48
2025-05-25 08:00:00,22.48,22.48,22.1,22.38
2025-05-25 12:00:00,22.38,22.58,22.03,22.26
2025-05-25 16:00:00,22.26,22.56,22.09,22.49
2025-05-25 20:00:00,22.48,23.47,22.29,23.45
2025-05-26 00:00:00,23.45,23.81,23.22,23.37
2025-05-26 04:00:00,23.36,23.94,23.31,23.9
2025-05-26 08:00:00,23.91,24,23.52,23.7
2025-05-26 12:00:00,23.7,23.88,23.18,23.49
2025-05-26 16:00:00,23.49,23.55,22.87,22.99
2025-05-26 20:00:00,22.99,23.27,22.89,23.07
2025-05-27 00:00:00,23.06,23.2,22.51,23.02
2025-05-27 04:00:00,23.03,23.87,23.01,23.5
2025-05-27 08:00:00,23.51,23.76,23.4,23.62
2025-05-27 12:00:00,23.62,23.88,23.12,23.45
2025-05-27 16:00:00,23.45,23.85,23.3,23.41
2025-05-27 20:00:00,23.41,23.58,23.18,23.38
2025-05-28 00:00:00,23.38,23.72,23.3,23.57
2025-05-28 04:00:00,23.57,23.62,23.15,23.28
2025-05-28 08:00:00,23.29,23.58,23.07,23.56
2025-05-28 12:00:00,23.56,23.77,22.83,22.86
2025-05-28 16:00:00,22.87,23.41,22.79,22.82
2025-05-28 20:00:00,22.82,23.6,22.77,23.6
2025-05-29 00:00:00,23.61,24.35,23.44,24.19
2025-05-29 04:00:00,24.19,24.31,23.5,23.72
2025-05-29 08:00:00,23.72,23.82,23.35,23.43
2025-05-29 12:00:00,23.42,23.42,22.68,22.79
2025-05-29 16:00:00,22.79,23.03,22.45,22.62
2025-05-29 20:00:00,22.62,22.78,22.17,22.25
2025-05-30 00:00:00,22.25,22.35,21.09,21.83
2025-05-30 04:00:00,21.83,21.87,21.3,21.44
2025-05-30 08:00:00,21.44,21.88,21.28,21.8
2025-05-30 12:00:00,21.8,21.88,21.42,21.48
2025-05-30 16:00:00,21.48,21.58,20.75,21.27
2025-05-30 20:00:00,21.27,21.34,20.4,20.56
2025-05-31 00:00:00,20.55,20.6,19.77,20.07
2025-05-31 04:00:00,20.08,20.26,19.83,20.15
2025-05-31 08:00:00,20.15,20.35,20.06,20.2
2025-05-31 12:00:00,20.2,20.85,20.17,20.68
2025-05-31 16:00:00,20.67,21.01,20.62,20.89
2025-05-31 20:00:00,20.89,21.12,20.77,20.8
2025-06-01 00:00:00,20.81,20.85,20.51,20.68
2025-06-01 04:00:00,20.68,20.94,20.6,20.66
2025-06-01 08:00:00,20.67,20.7,20.26,20.4
2025-06-01 12:00:00,20.41,20.79,20.17,20.71
2025-06-01 16:00:00,20.71,20.95,20.39,20.66
2025-06-01 20:00:00,20.67,20.97,20.56,20.88
2025-06-02 00:00:00,20.88,21,20.46,20.57
2025-06-02 04:00:00,20.57,20.81,20.48,20.68
2025-06-02 08:00:00,20.68,20.81,20.22,20.32
2025-06-02 12:00:00,20.32,20.7,20.26,20.57
2025-06-02 16:00:00,20.57,20.78,20.41,20.54
2025-06-02 20:00:00,20.55,21.32,20.55,21.15
2025-06-03 00:00:00,21.16,21.7,21.14,21.27
2025-06-03 04:00:00,21.28,21.47,21.12,21.29
2025-06-03 08:00:00,21.29,21.37,21.13,21.23
2025-06-03 12:00:00,21.23,21.58,21.14,21.37
2025-06-03 16:00:00,21.37,21.6,21.26,21.54
2025-06-03 20:00:00,21.54,21.57,20.89,21.14
2025-06-04 00:00:00,21.14,21.64,21.05,21.49
2025-06-04 04:00:00,21.48,21.59,21.26,21.42
2025-06-04 08:00:00,21.42,21.55,21.04,21.04
2025-06-04 12:00:00,21.05,21.16,20.72,21.1
2025-06-04 16:00:00,21.1,21.1,20.65,20.66
2025-06-04 20:00:00,20.65,20.66,20.06,20.09
2025-06-05 00:00:00,20.08,20.28,19.95,20.22
2025-06-05 04:00:00,20.22,20.36,20.05,20.22
2025-06-05 08:00:00,20.22,20.36,20.01,20.18
2025-06-05 12:00:00,20.18,20.54,19.79,19.99
2025-06-05 16:00:00,19.99,20.02,19.1,19.28
2025-06-05 20:00:00,19.27,19.36,18.43,18.75
2025-06-06 00:00:00,18.75,19.18,18.63,19.17
2025-06-06 04:00:00,19.16,19.5,19.14,19.36
2025-06-06 08:00:00,19.36,19.49,19.29,19.37
2025-06-06 12:00:00,19.37,19.95,19.33,19.71
2025-06-06 16:00:00,19.72,19.81,19.37,19.4
2025-06-06 20:00:00,19.41,19.92,19.36,19.64
2025-06-07 00:00:00,19.64,20.14,19.56,20.1
2025-06-07 04:00:00,20.1,20.71,20.04,20.65
2025-06-07 08:00:00,20.65,21.13,20.61,21.04
2025-06-07 12:00:00,21.04,21.06,20.77,20.9
2025-06-07 16:00:00,20.9,20.99,20.67,20.83
2025-06-07 20:00:00,20.83,20.92,20.64,20.65
2025-06-08 00:00:00,20.66,20.67,20.34,20.35
2025-06-08 04:00:00,20.35,20.4,20.25,20.28
2025-06-08 08:00:00,20.27,20.67,20.14,20.49
2025-06-08 12:00:00,20.5,20.84,20.35,20.68
2025-06-08 16:00:00,20.69,21.35,20.65,21.34
2025-06-08 20:00:00,21.35,21.49,21.01,21.04
2025-06-09 00:00:00,21.04,21.14,20.6,20.74
2025-06-09 04:00:00,20.74,20.74,20.24,20.34
2025-06-09 08:00:00,20.34,20.93,20.22,20.81
2025-06-09 12:00:00,20.82,21.13,20.59,21.02
2025-06-09 16:00:00,21.03,21.45,21.02,21.37
2025-06-09 20:00:00,21.37,22.04,21.2,21.95
2025-06-10 00:00:00,21.94,22.21,21.76,21.82
2025-06-10 04:00:00,21.82,21.88,21.51,21.69
2025-06-10 08:00:00,21.68,22.32,21.51,22.22
2025-06-10 12:00:00,22.22,22.48,21.56,21.93
2025-06-10 16:00:00,21.93,22.48,21.76,22.22
2025-06-10 20:00:00,22.22,22.59,22.02,22.57
2025-06-11 00:00:00,22.57,22.66,22.03,22.31
2025-06-11 04:00:00,22.31,22.48,22.13,22.37
2025-06-11 08:00:00,22.38,22.43,21.87,21.99
2025-06-11 12:00:00,22,22.77,21.89,22.57
2025-06-11 16:00:00,22.58,22.61,21.65,21.72
2025-06-11 20:00:00,21.71,21.94,21.32,21.57
2025-06-12 00:00:00,21.56,21.62,21.14,21.21
2025-06-12 04:00:00,21.22,21.27,20.96,21.03
2025-06-12 08:00:00,21.02,21.13,20.77,20.8
2025-06-12 12:00:00,20.81,21.31,20.74,20.87
2025-06-12 16:00:00,20.86,21.25,20.49,20.59
2025-06-12 20:00:00,20.58,20.68,20.15,20.28
2025-06-13 00:00:00,20.28,20.3,18.46,19.11
2025-06-13 04:00:00,19.1,19.18,18.79,19.14
2025-06-13 08:00:00,19.15,19.41,19.02,19.25
2025-06-13 12:00:00,19.25,19.43,18.87,19.3
2025-06-13 16:00:00,19.31,19.55,18.91,19.03
2025-06-13 20:00:00,19.03,19.44,18.97,19.41
2025-06-14 00:00:00,19.42,19.43,19.16,19.25
2025-06-14 04:00:00,19.25,19.42,19.07,19.24
2025-06-14 08:00:00,19.23,19.24,19,19.13
2025-06-14 12:00:00,19.13,19.21,18.85,18.97
2025-06-14 16:00:00,18.96,19.07,18.71,18.89
2025-06-14 20:00:00,18.89,19.1,18.75,18.93
2025-06-15 00:00:00,18.94,19.06,18.9,18.97
2025-06-15 04:00:00,18.98,19.28,18.93,18.97
2025-06-15 08:00:00,18.97,19.03,18.77,18.98
2025-06-15 12:00:00,18.98,19.26,18.88,19.07
2025-06-15 16:00:00,19.08,19.2,19,19.08
2025-06-15 20:00:00,19.08,19.19,18.73,19.1
2025-06-16 00:00:00,19.11,19.48,18.9,19.27
2025-06-16 04:00:00,19.27,19.86,19.24,19.79
2025-06-16 08:00:00,19.8,19.84,19.42,19.63
2025-06-16 12:00:00,19.64,19.93,19.47,19.72
2025-06-16 16:00:00,19.72,19.93,19.65,19.78
2025-06-16 20:00:00,19.77,20,19,19.06
2025-06-17 00:00:00,19.06,19.49,18.7,19.31
2025-06-17 04:00:00,19.3,19.33,19.04,19.14
2025-06-17 08:00:00,19.14,19.16,18.85,18.93
2025-06-17 12:00:00,18.93,19.06,18.52,18.67
2025-06-17 16:00:00,18.67,18.94,18.13,18.79
2025-06-17 20:00:00,18.79,18.86,18.34,18.58
2025-06-18 00:00:00,18.59,18.85,18.53,18.7
2025-06-18 04:00:00,18.71,18.9,18.64,18.73
2025-06-18 08:00:00,18.74,18.83,18.23,18.52
2025-06-18 12:00:00,18.52,18.59,18.07,18.35
2025-06-18 16:00:00,18.34,18.5,18.08,18.22
2025-06-18 20:00:00,18.22,18.64,18.09,18.16
2025-06-19 00:00:00,18.17,18.39,17.92,18.06
2025-06-19 04:00:00,18.06,18.07,17.8,17.92
2025-06-19 08:00:00,17.91,18.1,17.87,17.91
2025-06-19 12:00:00,17.91,18.04,17.66,17.74
2025-06-19 16:00:00,17.74,18.09,17.64,17.94
2025-06-19 20:00:00,17.94,18.19,17.92,18.06
2025-06-20 00:00:00,18.06,18.18,17.98,17.99
2025-06-20 04:00:00,17.99,18.41,17.82,18.33
2025-06-20 08:00:00,18.33,18.41,18.15,18.25
2025-06-20 12:00:00,18.26,18.37,17.73,17.82
2025-06-20 16:00:00,17.82,17.83,16.94,17.44
2025-06-20 20:00:00,17.44,17.68,17.2,17.37
2025-06-21 00:00:00,17.38,17.64,17.37,17.6
2025-06-21 04:00:00,17.59,17.62,17.49,17.55
2025-06-21 08:00:00,17.55,17.64,17.49,17.6
2025-06-21 12:00:00,17.61,17.63,17,17.15
2025-06-21 16:00:00,17.15,17.2,16.76,16.78
2025-06-21 20:00:00,16.79,17.12,16.32,16.82
2025-06-22 00:00:00,16.82,17.11,16.59,16.7
2025-06-22 04:00:00,16.7,17.01,16.66,16.84
2025-06-22 08:00:00,16.84,16.93,16.53,16.67
2025-06-22 12:00:00,16.66,16.74,15.95,16.04
2025-06-22 16:00:00,16.03,16.35,15.9,15.94
2025-06-22 20:00:00,15.95,16.53,15.61,16.53
2025-06-23 00:00:00,16.53,16.76,16.49,16.52
2025-06-23 04:00:00,16.53,17.06,16.52,16.91
2025-06-23 08:00:00,16.92,17.15,16.79,16.87
2025-06-23 12:00:00,16.88,17.29,16.72,16.76
2025-06-23 16:00:00,16.75,17.32,16.26,17.3
2025-06-23 20:00:00,17.31,18.19,17.26,18.06
2025-06-24 00:00:00,18.06,18.24,17.95,18.06
2025-06-24 04:00:00,18.05,18.49,17.97,18.06
2025-06-24 08:00:00,18.05,18.29,17.88,18.13
2025-06-24 12:00:00,18.12,18.29,17.99,18.17
2025-06-24 16:00:00,18.17,18.43,17.93,18.03
2025-06-24 20:00:00,18.02,18.24,17.96,18.23
2025-06-25 00:00:00,18.24,18.37,18.1,18.12
2025-06-25 04:00:00,18.13,18.18,17.98,18.03
2025-06-25 08:00:00,18.04,18.05,17.73,18
2025-06-25 12:00:00,18,18.13,17.56,17.59
2025-06-25 16:00:00,17.6,17.8,17.54,17.73
2025-06-25 20:00:00,17.73,17.83,17.42,17.57
2025-06-26 00:00:00,17.57,18.02,17.45,17.76
2025-06-26 04:00:00,17.77,17.82,17.53,17.74
2025-06-26 08:00:00,17.73,17.79,17.39,17.41
2025-06-26 12:00:00,17.42,17.44,17.09,17.25
2025-06-26 16:00:00,17.25,17.38,17.15,17.33
2025-06-26 20:00:00,17.33,17.64,17.17,17.23
2025-06-27 00:00:00,17.24,17.54,17.02,17.49
2025-06-27 04:00:00,17.49,17.61,17.34,17.41
2025-06-27 08:00:00,17.4,17.62,17.39,17.47
2025-06-27 12:00:00,17.48,17.59,17.29,17.54
2025-06-27 16:00:00,17.55,17.79,17.13,17.34
2025-06-27 20:00:00,17.33,17.61,17.31,17.58
2025-06-28 00:00:00,17.58,17.67,17.48,17.59
2025-06-28 04:00:00,17.6,17.69,17.5,17.68
2025-06-28 08:00:00,17.68,17.74,17.6,17.67
2025-06-28 12:00:00,17.68,17.78,17.54,17.75
2025-06-28 16:00:00,17.76,18.08,17.76,17.95
2025-06-28 20:00:00,17.95,18.07,17.87,17.97
2025-06-29 00:00:00,17.98,18.01,17.8,17.81
2025-06-29 04:00:00,17.82,18.04,17.8,18.04
2025-06-29 08:00:00,18.03,18.17,17.99,18.06
2025-06-29 12:00:00,18.07,18.08,17.81,17.84
2025-06-29 16:00:00,17.84,18.09,17.82,18.05
2025-06-29 20:00:00,18.04,18.9,17.93,18.73
2025-06-30 00:00:00,18.73,18.88,18.27,18.3
2025-06-30 04:00:00,18.29,18.31,17.99,18.25
2025-06-30 08:00:00,18.24,18.28,18.02,18.07
2025-06-30 12:00:00,18.08,18.14,17.71,18.02
2025-06-30 16:00:00,18.03,18.24,17.87,18.21
2025-06-30 20:00:00,18.2,18.26,17.89,17.96
2025-07-01 00:00:00,17.97,18.06,17.74,17.82
2025-07-01 04:00:00,17.81,17.82,17.43,17.64
2025-07-01 08:00:00,17.64,17.66,17.44,17.48
2025-07-01 12:00:00,17.48,17.5,17.2,17.25
2025-07-01 16:00:00,17.25,17.34,17.04,17.08
2025-07-01 20:00:00,17.09,17.14,16.94,17.1
2025-07-02 00:00:00,17.11,17.31,16.97,17.27
2025-07-02 04:00:00,17.28,17.65,17.25,17.58
2025-07-02 08:00:00,17.59,17.69,17.51,17.56
2025-07-02 12:00:00,17.57,18.02,17.42,18.02
2025-07-02 16:00:00,18.02,18.83,18.01,18.68
2025-07-02 20:00:00,18.68,18.81,18.48,18.51
2025-07-03 00:00:00,18.51,18.67,18.43,18.55
2025-07-03 04:00:00,18.55,19.17,18.53,19.08
2025-07-03 08:00:00,19.09,19.11,18.68,18.78
2025-07-03 12:00:00,18.77,18.99,18.34,18.37
2025-07-03 16:00:00,18.37,18.61,18.35,18.56
2025-07-03 20:00:00,18.56,18.67,18.5,18.54
2025-07-04 00:00:00,18.55,18.82,18.5,18.77
2025-07-04 04:00:00,18.77,18.88,18.1,18.11
2025-07-04 08:00:00,18.11,18.22,17.96,18.09
2025-07-04 12:00:00,18.09,18.19,17.69,17.72
2025-07-04 16:00:00,17.71,17.75,17.5,17.69
2025-07-04 20:00:00,17.68,17.89,17.62,17.8
2025-07-05 00:00:00,17.8,17.87,17.66,17.85
2025-07-05 04:00:00,17.84,17.94,17.72,17.82
2025-07-05 08:00:00,17.81,17.95,17.68,17.89
2025-07-05 12:00:00,17.89,17.94,17.77,17.83
2025-07-05 16:00:00,17.83,17.9,17.62,17.79
2025-07-05 20:00:00,17.78,17.99,17.75,17.92
2025-07-06 00:00:00,17.92,17.92,17.77,17.83
2025-07-06 04:00:00,17.82,17.93,17.78,17.85
2025-07-06 08:00:00,17.84,17.89,17.74,17.88
2025-07-06 12:00:00,17.88,18.31,17.86,18.16
2025-07-06 16:00:00,18.16,18.3,17.99,18.17
2025-07-06 20:00:00,18.17,18.62,18.16,18.29
2025-07-07 00:00:00,18.3,18.59,18.19,18.42
2025-07-07 04:00:00,18.42,18.46,18.1,18.3
2025-07-07 08:00:00,18.29,18.35,18.11,18.17
2025-07-07 12:00:00,18.17,18.29,17.96,18.03
2025-07-07 16:00:00,18.03,18.11,17.82,18
2025-07-07 20:00:00,18,18.01,17.8,17.99
2025-07-08 00:00:00,18,18.09,17.74,17.78
2025-07-08 04:00:00,17.79,17.91,17.69,17.91
2025-07-08 08:00:00,17.91,18.27,17.84,18.14
2025-07-08 12:00:00,18.13,18.25,17.97,18.01
2025-07-08 16:00:00,18.02,18.48,17.91,18.37
2025-07-08 20:00:00,18.38,18.46,18.23,18.36
2025-07-09 00:00:00,18.37,18.39,18.1,18.12
2025-07-09 04:00:00,18.12,18.56,18.09,18.41
2025-07-09 08:00:00,18.41,18.55,18.31,18.52
2025-07-09 12:00:00,18.53,18.73,18.39,18.53
2025-07-09 16:00:00,18.53,19.19,18.48,19.11
2025-07-09 20:00:00,19.11,19.63,18.97,19.5
2025-07-10 00:00:00,19.5,19.63,19.36,19.49
2025-07-10 04:00:00,19.5,19.61,19.34,19.5
2025-07-10 08:00:00,19.5,19.6,19.44,19.58
2025-07-10 12:00:00,19.57,19.71,19.38,19.45
2025-07-10 16:00:00,19.46,19.95,19.41,19.77
2025-07-10 20:00:00,19.77,20.79,19.76,20.7
2025-07-11 00:00:00,20.7,20.93,20.44,20.86
2025-07-11 04:00:00,20.86,21.22,20.72,20.74
2025-07-11 08:00:00,20.75,21.2,20.75,20.99
2025-07-11 12:00:00,20.98,21.53,20.87,20.95
2025-07-11 16:00:00,20.95,21.41,20.81,21.31
2025-07-11 20:00:00,21.31,21.32,20.32,20.68
2025-07-12 00:00:00,20.67,21.05,20.38,20.85
2025-07-12 04:00:00,20.86,20.91,20.53,20.89
2025-07-12 08:00:00,20.88,21.08,20.71,20.97
2025-07-12 12:00:00,20.98,21.03,20.18,20.33
2025-07-12 16:00:00,20.33,20.85,20.24,20.74
2025-07-12 20:00:00,20.73,20.77,20.39,20.69
2025-07-13 00:00:00,20.68,21.18,20.66,21.1
2025-07-13 04:00:00,21.1,21.33,20.96,21.32
2025-07-13 08:00:00,21.31,21.39,21.06,21.27
2025-07-13 12:00:00,21.26,21.64,21.14,21.29
2025-07-13 16:00:00,21.3,21.8,21.1,21.53
2025-07-13 20:00:00,21.54,21.61,20.99,21.2
2025-07-14 00:00:00,21.21,22.06,21.15,21.78
2025-07-14 04:00:00,21.79,22.08,21.53,21.84
2025-07-14 08:00:00,21.84,21.94,21.6,21.7
2025-07-14 12:00:00,21.7,22,21.3,21.46
2025-07-14 16:00:00,21.45,21.64,21.13,21.26
2025-07-14 20:00:00,21.26,21.43,21.02,21.26
2025-07-15 00:00:00,21.27,21.37,20.45,20.59
2025-07-15 04:00:00,20.59,20.93,20.39,20.75
2025-07-15 08:00:00,20.75,21.51,20.61,21.11
2025-07-15 12:00:00,21.11,21.31,20.69,21.17
2025-07-15 16:00:00,21.17,21.88,21.16,21.21
2025-07-15 20:00:00,21.22,22.58,21.16,22.51
2025-07-16 00:00:00,22.52,22.57,21.7,21.71
2025-07-16 04:00:00,21.71,22.09,21.61,21.98
2025-07-16 08:00:00,21.98,22.14,21.87,22.01
2025-07-16 12:00:00,22.01,22.38,21.87,22.11
2025-07-16 16:00:00,22.1,22.83,22.06,22.6
2025-07-16 20:00:00,22.61,23.02,22.46,22.66
2025-07-17 00:00:00,22.65,22.94,22.02,22.17
2025-07-17 04:00:00,22.16,22.8,22.09,22.69
2025-07-17 08:00:00,22.69,23.24,22.61,22.89
2025-07-17 12:00:00,22.89,23.07,22.43,22.72
2025-07-17 16:00:00,22.72,22.95,22.31,22.42
2025-07-17 20:00:00,22.42,24.34,22.19,23.91
2025-07-18 00:00:00,23.91,24.58,23.69,24.33
2025-07-18 04:00:00,24.33,25.03,24.23,24.33
2025-07-18 08:00:00,24.32,24.63,23.94,24.13
2025-07-18 12:00:00,24.12,24.55,23.55,23.77
2025-07-18 16:00:00,23.77,24.09,23.43,23.61
2025-07-18 20:00:00,23.62,23.71,23.06,23.51
2025-07-19 00:00:00,23.51,23.82,23.01,23.81
2025-07-19 04:00:00,23.82,24.02,23.69,23.7
2025-07-19 08:00:00,23.71,23.72,23.41,23.59
2025-07-19 12:00:00,23.6,23.87,23.31,23.65
2025-07-19 16:00:00,23.64,25.18,23.54,24.95
2025-07-19 20:00:00,24.95,25.23,24.17,24.5
2025-07-20 00:00:00,24.51,24.78,24.31,24.58
2025-07-20 04:00:00,24.57,24.85,24.42,24.71
2025-07-20 08:00:00,24.71,25.27,24.71,25.13
2025-07-20 12:00:00,25.13,25.44,24.86,25.4
2025-07-20 16:00:00,25.4,25.55,24.94,25.27
2025-07-20 20:00:00,25.27,25.33,24.52,25.04
2025-07-21 00:00:00,25.05,25.45,24.64,25.44
2025-07-21 04:00:00,25.43,25.87,25.28,25.83
2025-07-21 08:00:00,25.83,26.53,25.57,26.04
2025-07-21 12:00:00,26.05,26.36,25.64,25.89
2025-07-21 16:00:00,25.89,25.92,25.07,25.18
2025-07-21 20:00:00,25.18,25.59,25.1,25.43
2025-07-22 00:00:00,25.43,26.02,24.83,25.89
2025-07-22 04:00:00,25.88,26.09,25.1,25.65
2025-07-22 08:00:00,25.65,25.65,24.77,25.5
2025-07-22 12:00:00,25.5,25.67,24.77,24.97
2025-07-22 16:00:00,24.98,25.38,24.71,24.87
2025-07-22 20:00:00,24.86,25.89,24.82,25.88
2025-07-23 00:00:00,25.88,26.1,25.48,25.52
2025-07-23 04:00:00,25.53,25.82,25.22,25.35
2025-07-23 08:00:00,25.35,25.57,24.83,25.02
2025-07-23 12:00:00,25.01,25.08,23.58,24.36
2025-07-23 16:00:00,24.36,24.36,23.39,23.85
2025-07-23 20:00:00,23.86,24.12,23.15,23.95
2025-07-24 00:00:00,23.96,24.2,23.81,23.95
2025-07-24 04:00:00,23.95,24.03,22.53,23.27
2025-07-24 08:00:00,23.26,23.9,23.14,23.82
2025-07-24 12:00:00,23.82,24.44,23.47,24.19
2025-07-24 16:00:00,24.19,24.31,23.7,24
2025-07-24 20:00:00,24,24.23,23.6,23.67
2025-07-25 00:00:00,23.67,23.7,22.89,23.11
2025-07-25 04:00:00,23.1,23.39,22.86,23.1
2025-07-25 08:00:00,23.1,23.91,23.07,23.7
2025-07-25 12:00:00,23.71,23.88,22.96,23.21
2025-07-25 16:00:00,23.2,23.55,23.08,23.42
2025-07-25 20:00:00,23.41,24.04,23.4,24.01
2025-07-26 00:00:00,24.01,24.15,23.84,24.06
2025-07-26 04:00:00,24.06,24.19,24.03,24.09
2025-07-26 08:00:00,24.09,24.42,24.08,24.32
2025-07-26 12:00:00,24.32,24.94,24.2,24.83
2025-07-26 16:00:00,24.83,25.77,24.52,25.43
2025-07-26 20:00:00,25.44,25.48,24.88,24.94
2025-07-27 00:00:00,24.94,25.1,24.85,24.94
2025-07-27 04:00:00,24.93,25.26,24.92,25.01
2025-07-27 08:00:00,25.02,25.15,24.74,24.93
2025-07-27 12:00:00,24.93,25.12,24.82,25.03
2025-07-27 16:00:00,25.03,25.55,25.03,25.42
2025-07-27 20:00:00,25.43,26.46,25.39,26.06
2025-07-28 00:00:00,26.06,26.32,25.76,26.13
2025-07-28 04:00:00,26.14,26.78,26.12,26.54
2025-07-28 08:00:00,26.54,27.34,26.48,27.28
2025-07-28 12:00:00,27.28,27.38,25.9,26.05
2025-07-28 16:00:00,26.05,26.19,25.36,25.53
2025-07-28 20:00:00,25.53,25.57,24.99,25.21
2025-07-29 00:00:00,25.21,25.42,24.43,25.03
2025-07-29 04:00:00,25.04,25.5,24.84,25.46
2025-07-29 08:00:00,25.46,25.51,24.52,24.72
2025-07-29 12:00:00,24.73,25.19,24.19,24.31
2025-07-29 16:00:00,24.31,24.56,24.02,24.08
2025-07-29 20:00:00,24.08,24.46,23.88,24.37
2025-07-30 00:00:00,24.38,24.51,24.01,24.29
2025-07-30 04:00:00,24.28,24.37,23.93,24
2025-07-30 08:00:00,24,24.18,23.34,23.43
2025-07-30 12:00:00,23.43,23.65,23.1,23.23
2025-07-30 16:00:00,23.23,23.67,22.4,23.23
2025-07-30 20:00:00,23.23,23.46,23,23.31
2025-07-31 00:00:00,23.3,23.73,23.22,23.69
2025-07-31 04:00:00,23.69,24.08,23.64,23.88
2025-07-31 08:00:00,23.89,24.12,23.58,23.67
2025-07-31 12:00:00,23.67,23.7,22.79,23.11
2025-07-31 16:00:00,23.1,23.53,22.77,22.83
2025-07-31 20:00:00,22.82,22.99,22.4,22.47
2025-08-01 00:00:00,22.47,22.58,21.8,22.43
2025-08-01 04:00:00,22.42,22.42,21.75,22.16
2025-08-01 08:00:00,22.15,22.16,21.63,22.13
2025-08-01 12:00:00,22.13,22.39,21.58,22.09
2025-08-01 16:00:00,22.08,22.24,21.49,21.9
2025-08-01 20:00:00,21.9,21.99,21.02,21.51
2025-08-02 00:00:00,21.52,21.78,21.47,21.7
2025-08-02 04:00:00,21.71,21.82,21.18,21.66
2025-08-02 08:00:00,21.67,21.73,21.25,21.49
2025-08-02 12:00:00,21.5,21.66,21.14,21.22
2025-08-02 16:00:00,21.23,21.32,20.66,20.88
2025-08-02 20:00:00,20.87,21.14,20.7,20.86
2025-08-03 00:00:00,20.87,21.21,20.57,21.14
2025-08-03 04:00:00,21.13,21.25,21.07,21.17
2025-08-03 08:00:00,21.18,21.49,21.15,21.37
2025-08-03 12:00:00,21.38,21.49,21.24,21.42
2025-08-03 16:00:00,21.42,21.54,21.31,21.41
2025-08-03 20:00:00,21.4,21.53,21.27,21.37
2025-08-04 00:00:00,21.38,21.93,21.34,21.77
2025-08-04 04:00:00,21.77,22,21.72,21.93
2025-08-04 08:00:00,21.94,22.04,21.72,21.84
2025-08-04 12:00:00,21.84,22.61,21.77,22.36
2025-08-04 16:00:00,22.36,22.85,22.26,22.3
2025-08-04 20:00:00,22.31,23.13,22.27,23.11
2025-08-05 00:00:00,23.12,23.14,22.66,22.73
2025-08-05 04:00:00,22.73,22.85,22.15,22.23
2025-08-05 08:00:00,22.22,22.83,22.18,22.66
2025-08-05 12:00:00,22.65,22.7,21.63,21.73
2025-08-05 16:00:00,21.72,21.94,21.63,21.69
2025-08-05 20:00:00,21.69,21.95,21.44,21.92
2025-08-06 00:00:00,21.92,21.96,21.59,21.66
2025-08-06 04:00:00,21.67,22.31,21.57,22.24
2025-08-06 08:00:00,22.24,22.29,21.91,21.94
2025-08-06 12:00:00,21.95,22.38,21.77,22.34
2025-08-06 16:00:00,22.34,22.4,22.01,22.26
2025-08-06 20:00:00,22.26,22.31,22.1,22.23
2025-08-07 00:00:00,22.24,22.35,21.98,22.01
2025-08-07 04:00:00,22,22.32,21.95,22.21
2025-08-07 08:00:00,22.21,22.9,22.2,22.78
2025-08-07 12:00:00,22.78,22.82,22.5,22.65
2025-08-07 16:00:00,22.66,22.89,22.19,22.87
2025-08-07 20:00:00,22.87,23.36,22.84,23.36
2025-08-08 00:00:00,23.35,23.7,23,23.28
2025-08-08 04:00:00,23.28,23.57,23.03,23.49
2025-08-08 08:00:00,23.49,23.61,23.31,23.51
2025-08-08 12:00:00,23.51,23.8,23.04,23.19
2025-08-08 16:00:00,23.18,23.85,23.16,23.8
2025-08-08 20:00:00,23.8,23.87,23.67,23.79
2025-08-09 00:00:00,23.8,24.19,23.73,24
2025-08-09 04:00:00,24,24.68,23.93,24.42
2025-08-09 08:00:00,24.41,24.76,24.36,24.59
2025-08-09 12:00:00,24.59,24.8,24.02,24.16
2025-08-09 16:00:00,24.16,24.58,24.16,24.48
2025-08-09 20:00:00,24.48,24.82,24.14,24.23
2025-08-10 00:00:00,24.24,24.49,24.05,24.4
2025-08-10 04:00:00,24.4,24.55,23.45,23.48
2025-08-10 08:00:00,23.48,23.72,23.26,23.53
2025-08-10 12:00:00,23.53,24.05,23.45,23.96
2025-08-10 16:00:00,23.95,24.03,23.74,23.9
2025-08-10 20:00:00,23.91,23.92,23.54,23.83
2025-08-11 00:00:00,23.84,24.47,23.67,24.41
2025-08-11 04:00:00,24.41,24.63,24.04,24.11
2025-08-11 08:00:00,24.11,24.37,23.29,23.39
2025-08-11 12:00:00,23.38,23.75,23.08,23.75
2025-08-11 16:00:00,23.74,24.05,23.11,23.25
2025-08-11 20:00:00,23.24,23.27,22.65,22.79
2025-08-12 00:00:00,22.79,23.27,22.74,23
2025-08-12 04:00:00,23,23.21,22.81,23.13
2025-08-12 08:00:00,23.13,23.23,22.76,22.97
2025-08-12 12:00:00,22.98,24.24,22.88,24.2
2025-08-12 16:00:00,24.2,24.61,24.14,24.6
2025-08-12 20:00:00,24.6,24.9,24.54,24.67
2025-08-13 00:00:00,24.67,25.04,24.37,24.98
2025-08-13 04:00:00,24.97,25.14,24.42,24.75
2025-08-13 08:00:00,24.75,25.44,24.74,25.04
2025-08-13 12:00:00,25.04,25.42,24.75,24.99
2025-08-13 16:00:00,25,25.38,24.96,25.36
2025-08-13 20:00:00,25.36,25.68,25.22,25.47
2025-08-14 00:00:00,25.47,25.99,25.24,25.92
2025-08-14 04:00:00,25.93,25.96,25.09,25.29
2025-08-14 08:00:00,25.29,25.31,24.74,25.03
2025-08-14 12:00:00,25.03,25.12,23.28,23.88
2025-08-14 16:00:00,23.88,23.92,23.37,23.61
2025-08-14 20:00:00,23.6,23.73,23.18,23.67
2025-08-15 00:00:00,23.66,24.9,23.63,24.88
2025-08-15 04:00:00,24.87,25.66,24.62,25.43
2025-08-15 08:00:00,25.43,25.47,24.57,24.57
2025-08-15 12:00:00,24.58,24.76,23.58,23.71
2025-08-15 16:00:00,23.7,24.24,23.46,23.54
2025-08-15 20:00:00,23.54,24.15,23.46,23.77
2025-08-16 00:00:00,23.76,24.15,23.7,23.89
2025-08-16 04:00:00,23.89,24,23.63,24
2025-08-16 08:00:00,23.99,24.09,23.57,23.61
2025-08-16 12:00:00,23.61,24.27,23.57,24.21
2025-08-16 16:00:00,24.21,24.29,23.9,24.16
2025-08-16 20:00:00,24.16,24.37,24.13,24.3
2025-08-17 00:00:00,24.3,24.47,24.02,24.43
2025-08-17 04:00:00,24.43,24.76,24.41,24.56
2025-08-17 08:00:00,24.56,24.94,24.49,24.83
2025-08-17 12:00:00,24.84,25.45,24.58,25.42
2025-08-17 16:00:00,25.43,25.68,24.92,25.07
2025-08-17 20:00:00,25.07,25.3,25,25.06
2025-08-18 00:00:00,25.07,25.33,23.71,23.96
2025-08-18 04:00:00,23.95,24.15,23.43,23.53
2025-08-18 08:00:00,23.53,23.9,23.36,23.68
2025-08-18 12:00:00,23.68,24.18,23.38,23.77
2025-08-18 16:00:00,23.78,24.01,23.42,23.83
2025-08-18 20:00:00,23.84,24.14,23.57,23.7
2025-08-19 00:00:00,23.7,24.06,23.06,23.11
2025-08-19 04:00:00,23.11,23.31,22.93,23.04
2025-08-19 08:00:00,23.03,23.41,22.86,23.35
2025-08-19 12:00:00,23.34,23.48,22.67,22.78
2025-08-19 16:00:00,22.78,22.86,22.35,22.51
2025-08-19 20:00:00,22.51,22.75,22.31,22.37
2025-08-20 00:00:00,22.36,22.81,22.23,22.7
2025-08-20 04:00:00,22.7,22.99,22.7,22.77
2025-08-20 08:00:00,22.78,23.04,22.55,22.82
2025-08-20 12:00:00,22.82,23.35,22.36,23.1
2025-08-20 16:00:00,23.1,23.54,22.96,23.53
2025-08-20 20:00:00,23.53,23.55,23.33,23.46
2025-08-21 00:00:00,23.45,23.62,23.16,23.4
2025-08-21 04:00:00,23.4,23.52,23.21,23.39
2025-08-21 08:00:00,23.4,23.44,23.01,23.11
2025-08-21 12:00:00,23.11,23.42,22.91,22.93
2025-08-21 16:00:00,22.94,23.11,22.72,22.84
2025-08-21 20:00:00,22.83,23.06,22.72,22.77
2025-08-22 00:00:00,22.78,23.22,22.7,22.89
2025-08-22 04:00:00,22.89,23.15,22.8,23.06
2025-08-22 08:00:00,23.06,23.22,22.58,22.59
2025-08-22 12:00:00,22.59,24.52,22.19,24.26
2025-08-22 16:00:00,24.26,25.2,24.26,25.06
2025-08-22 20:00:00,25.07,25.4,25.04,25.25
2025-08-23 00:00:00,25.26,25.32,24.47,24.95
2025-08-23 04:00:00,24.95,25.58,24.91,25.33
2025-08-23 08:00:00,25.33,26.04,25.2,25.89
2025-08-23 12:00:00,25.89,26.77,25.53,25.64
2025-08-23 16:00:00,25.63,25.99,25.22,25.99
2025-08-23 20:00:00,25.99,26.3,25.71,26.26
2025-08-24 00:00:00,26.26,26.29,25.85,25.92
2025-08-24 04:00:00,25.92,25.99,25.45,25.45
2025-08-24 08:00:00,25.45,25.59,24.92,25.06
2025-08-24 12:00:00,25.05,25.91,25.02,25.52
2025-08-24 16:00:00,25.52,26.57,25.24,25.8
2025-08-24 20:00:00,25.8,26.09,25.18,25.83
2025-08-25 00:00:00,25.83,26,25.16,25.49
2025-08-25 04:00:00,25.5,25.56,24.17,24.29
2025-08-25 08:00:00,24.28,24.45,23.98,24.27
2025-08-25 12:00:00,24.27,24.56,24.06,24.18
2025-08-25 16:00:00,24.19,24.36,23.5,23.55
2025-08-25 20:00:00,23.55,23.66,23.03,23.35
2025-08-26 00:00:00,23.35,23.67,23.09,23.32
2025-08-26 04:00:00,23.32,23.58,23.11,23.29
2025-08-26 08:00:00,23.29,23.58,23.2,23.41
2025-08-26 12:00:00,23.42,23.97,23.16,23.69
2025-08-26 16:00:00,23.69,24.3,23.63,24.22
2025-08-26 20:00:00,24.22,24.35,24.01,24.17
2025-08-27 00:00:00,24.17,24.52,23.86,24.44
2025-08-27 04:00:00,24.44,24.62,24.15,24.32
2025-08-27 08:00:00,24.32,24.58,24.23,24.51
2025-08-27 12:00:00,24.5,25.33,24.46,24.98
2025-08-27 16:00:00,24.99,25.21,24.52,24.67
2025-08-27 20:00:00,24.68,25.07,24.36,24.42
2025-08-28 00:00:00,24.42,24.76,24.24,24.68
2025-08-28 04:00:00,24.69,24.88,24.53,24.71
2025-08-28 08:00:00,24.72,24.97,24.39,24.5
2025-08-28 12:00:00,24.5,25.08,24.4,24.6
2025-08-28 16:00:00,24.6,24.71,24.15,24.16
2025-08-28 20:00:00,24.16,24.94,24.13,24.93
2025-08-29 00:00:00,24.93,25.2,24.62,25.1
2025-08-29 04:00:00,25.11,25.19,24.06,24.15
2025-08-29 08:00:00,24.15,24.23,23.5,23.76
2025-08-29 12:00:00,23.75,24.46,23.39,23.53
2025-08-29 16:00:00,23.53,23.68,23.2,23.47
2025-08-29 20:00:00,23.47,23.62,23.22,23.55
2025-08-30 00:00:00,23.54,23.72,23.1,23.53
2025-08-30 04:00:00,23.54,23.88,23.53,23.81
2025-08-30 08:00:00,23.82,23.82,23.52,23.76
2025-08-30 12:00:00,23.76,23.92,23.37,23.92
2025-08-30 16:00:00,23.92,23.94,23.61,23.74
2025-08-30 20:00:00,23.75,23.82,23.58,23.78
2025-08-31 00:00:00,23.78,24.07,23.77,24.03
2025-08-31 04:00:00,24.03,24.04,23.79,23.87
2025-08-31 08:00:00,23.87,24.2,23.82,24.03
2025-08-31 12:00:00,24.03,24.13,23.84,24.05
2025-08-31 16:00:00,24.05,24.06,23.79,23.81
2025-08-31 20:00:00,23.81,23.94,23.38,23.4
2025-09-01 00:00:00,23.4,23.51,23.05,23.17
2025-09-01 04:00:00,23.16,23.8,22.86,23.78
2025-09-01 08:00:00,23.79,24.33,23.69,23.76
2025-09-01 12:00:00,23.77,23.97,23.59,23.66
2025-09-01 16:00:00,23.67,23.85,23.38,23.56
2025-09-01 20:00:00,23.57,23.57,22.67,23.21
2025-09-02 00:00:00,23.22,23.76,23.02,23.68
2025-09-02 04:00:00,23.69,24.1,23.6,23.89
2025-09-02 08:00:00,23.89,24.28,23.82,23.99
2025-09-02 12:00:00,24,24.24,23.51,23.62
2025-09-02 16:00:00,23.61,24.01,23.6,23.84
2025-09-02 20:00:00,23.85,24.5,23.8,24.46
2025-09-03 00:00:00,24.47,24.69,24.27,24.39
2025-09-03 04:00:00,24.39,24.79,24.3,24.75
2025-09-03 08:00:00,24.74,25.78,24.74,25
2025-09-03 12:00:00,25,25.49,24.88,25.45
2025-09-03 16:00:00,25.46,25.6,25.15,25.36
2025-09-03 20:00:00,25.36,25.38,25.14,25.2
2025-09-04 00:00:00,25.21,25.28,25.03,25.14
2025-09-04 04:00:00,25.14,25.23,24.66,24.77
2025-09-04 08:00:00,24.76,24.97,24.59,24.6
2025-09-04 12:00:00,24.61,24.86,24.55,24.74
2025-09-04 16:00:00,24.73,24.79,24.18,24.23
2025-09-04 20:00:00,24.22,24.59,24.19,24.21
2025-09-05 00:00:00,24.21,24.35,23.86,24.34
2025-09-05 04:00:00,24.35,24.89,24.22,24.85
2025-09-05 08:00:00,24.85,24.89,24.59,24.76
2025-09-05 12:00:00,24.77,25.11,24.15,24.31
2025-09-05 16:00:00,24.31,24.47,24.18,24.42
2025-09-05 20:00:00,24.42,24.58,24.21,24.47
2025-09-06 00:00:00,24.48,24.54,24.3,24.41
2025-09-06 04:00:00,24.42,24.42,24.21,24.26
2025-09-06 08:00:00,24.26,24.28,24.09,24.16
2025-09-06 12:00:00,24.15,24.41,24.12,24.22
2025-09-06 16:00:00,24.22,24.62,24.19,24.33
2025-09-06 20:00:00,24.32,24.48,24.32,24.38
2025-09-07 00:00:00,24.37,24.68,24.33,24.57
2025-09-07 04:00:00,24.57,24.73,24.48,24.54
2025-09-07 08:00:00,24.55,24.72,24.38,24.49
2025-09-07 12:00:00,24.49,24.69,24.38,24.61
2025-09-07 16:00:00,24.61,24.63,24.26,24.53
2025-09-07 20:00:00,24.53,24.95,24.46,24.68
2025-09-08 00:00:00,24.69,25.02,24.53,24.86
2025-09-08 04:00:00,24.87,25.03,24.62,24.88
2025-09-08 08:00:00,24.88,25.42,24.88,25.16
2025-09-08 12:00:00,25.16,25.8,25.05,25.73
2025-09-08 16:00:00,25.72,25.78,25.33,25.36
2025-09-08 20:00:00,25.36,25.48,25.19,25.29
2025-09-09 00:00:00,25.29,25.44,24.9,25.16
2025-09-09 04:00:00,25.16,26.14,25.04,25.9
2025-09-09 08:00:00,25.9,26.25,25.85,25.98
2025-09-09 12:00:00,25.98,26.36,25.61,25.94
2025-09-09 16:00:00,25.94,26.16,25.81,25.9
2025-09-09 20:00:00,25.9,26.06,25.81,25.93
2025-09-10 00:00:00,25.94,26.3,25.75,26.23
2025-09-10 04:00:00,26.22,27.12,26.14,26.93
2025-09-10 08:00:00,26.92,26.99,26.38,26.89
2025-09-10 12:00:00,26.89,28.97,26.89,28.66
2025-09-10 16:00:00,28.67,29.17,28.39,28.53
2025-09-10 20:00:00,28.54,29.52,28.48,29.48
2025-09-11 00:00:00,29.47,29.49,28.81,29.41
2025-09-11 04:00:00,29.4,29.99,28.54,28.77
2025-09-11 08:00:00,28.78,29.16,28.71,28.96
2025-09-11 12:00:00,28.96,29.2,28.3,28.94
2025-09-11 16:00:00,28.95,29.12,28.83,28.98
2025-09-11 20:00:00,28.98,29.23,28.72,29.15
2025-09-12 00:00:00,29.14,29.4,28.72,28.79
2025-09-12 04:00:00,28.78,29.08,28.43,28.68
2025-09-12 08:00:00,28.68,28.68,28.32,28.34
2025-09-12 12:00:00,28.35,28.83,28.25,28.55
2025-09-12 16:00:00,28.55,28.68,28.42,28.63
2025-09-12 20:00:00,28.63,29,28.51,28.99
2025-09-13 00:00:00,28.98,30.32,28.74,30.24
2025-09-13 04:00:00,30.25,31.25,30.1,30.85
2025-09-13 08:00:00,30.86,31.12,29.98,30.47
2025-09-13 12:00:00,30.47,30.51,29.69,29.83
2025-09-13 16:00:00,29.83,29.95,29.27,29.62
2025-09-13 20:00:00,29.62,30.1,29.61,30.08
2025-09-14 00:00:00,30.08,30.22,29.73,29.77
2025-09-14 04:00:00,29.77,30.64,29.62,29.96
2025-09-14 08:00:00,29.96,30.37,29.62,29.67
2025-09-14 12:00:00,29.67,29.88,28.96,29.13
2025-09-14 16:00:00,29.12,29.81,29.06,29.61
2025-09-14 20:00:00,29.6,30.41,29.33,29.44
2025-09-15 00:00:00,29.44,29.79,29.22,29.63
2025-09-15 04:00:00,29.64,30.3,29.05,29.19
2025-09-15 08:00:00,29.18,29.18,28.22,28.84
2025-09-15 12:00:00,28.84,29.02,28.31,28.49
2025-09-15 16:00:00,28.49,29.25,28.29,29.12
2025-09-15 20:00:00,29.12,30.45,29.08,29.81
2025-09-16 00:00:00,29.81,29.9,29.31,29.34
2025-09-16 04:00:00,29.35,30.68,29.17,30.63
2025-09-16 08:00:00,30.62,31,30.36,30.44
2025-09-16 12:00:00,30.45,30.58,29.67,30.13
2025-09-16 16:00:00,30.13,30.45,29.9,29.98
2025-09-16 20:00:00,29.98,30.21,29.9,30.08
2025-09-17 00:00:00,30.07,30.22,29.72,29.72
2025-09-17 04:00:00,29.72,30.26,29.53,30.13
2025-09-17 08:00:00,30.12,30.16,29.82,29.91
2025-09-17 12:00:00,29.92,30.01,29.38,29.52
2025-09-17 16:00:00,29.51,30.34,29.4,30.06
2025-09-17 20:00:00,30.06,32,29.75,31.82
2025-09-18 00:00:00,31.82,33.04,31.63,32.91
2025-09-18 04:00:00,32.9,33.29,32.39,32.81
2025-09-18 08:00:00,32.8,33.15,32.66,32.78
2025-09-18 12:00:00,32.77,33.5,32.71,33.14
2025-09-18 16:00:00,33.14,34.95,33.1,34.71
2025-09-18 20:00:00,34.71,35.43,34.6,35.19
2025-09-19 00:00:00,35.19,35.81,34.7,34.77
2025-09-19 04:00:00,34.77,34.89,33.9,34.44
2025-09-19 08:00:00,34.43,34.63,33.78,33.97
2025-09-19 12:00:00,33.97,34.31,33.51,33.95
2025-09-19 16:00:00,33.95,34.4,33.76,33.8
2025-09-19 20:00:00,33.81,33.98,33.34,33.75
2025-09-20 00:00:00,33.74,34.11,33.48,33.66
2025-09-20 04:00:00,33.66,34.06,33.64,33.94
2025-09-20 08:00:00,33.93,33.95,32.86,33.09
2025-09-20 12:00:00,33.08,34.03,32.9,33.61
2025-09-20 16:00:00,33.62,33.78,33,33.27
2025-09-20 20:00:00,33.27,33.45,33.09,33.17
2025-09-21 00:00:00,33.17,33.3,32.79,33.28
2025-09-21 04:00:00,33.29,33.31,32.87,32.97
2025-09-21 08:00:00,32.96,33.61,32.58,32.86
2025-09-21 12:00:00,32.87,33.15,32.82,33.05
2025-09-21 16:00:00,33.05,33.29,32.62,33.23
2025-09-21 20:00:00,33.23,33.31,32.97,33.04
2025-09-22 00:00:00,33.05,33.13,31.28,31.8
2025-09-22 04:00:00,31.81,31.94,29.41,30.54
2025-09-22 08:00:00,30.54,31.48,30.46,31.1
2025-09-22 12:00:00,31.11,32.05,31.03,31.95
2025-09-22 16:00:00,31.96,32.17,31.35,31.36
2025-09-22 20:00:00,31.36,33.98,31.32,33.86
2025-09-23 00:00:00,33.87,35.76,32.75,34.94
2025-09-23 04:00:00,34.93,35.59,34,34.97
2025-09-23 08:00:00,34.96,35.53,34.26,34.44
2025-09-23 12:00:00,34.45,36.16,34.06,35.14
2025-09-23 16:00:00,35.15,35.26,33.65,33.79
2025-09-23 20:00:00,33.78,34,33.43,33.61
2025-09-24 00:00:00,33.6,34.81,33.21,33.25
2025-09-24 04:00:00,33.25,34.5,32.92,34.13
2025-09-24 08:00:00,34.14,34.43,34,34.15
2025-09-24 12:00:00,34.15,34.75,34.11,34.49
2025-09-24 16:00:00,34.49,34.85,34.2,34.23
2025-09-24 20:00:00,34.23,34.28,32.26,32.31
2025-09-25 00:00:00,32.31,32.8,31.7,31.84
2025-09-25 04:00:00,31.84,31.84,30.68,30.72
2025-09-25 08:00:00,30.72,31.14,30.43,30.6
2025-09-25 12:00:00,30.6,30.75,30.05,30.25
2025-09-25 16:00:00,30.26,30.27,28.83,29.48
2025-09-25 20:00:00,29.49,29.52,28.51,28.64
2025-09-26 00:00:00,28.63,29.07,27.92,28.26
2025-09-26 04:00:00,28.26,28.49,27.59,28.28
2025-09-26 08:00:00,28.28,28.58,27.41,27.57
2025-09-26 12:00:00,27.57,27.91,27.07,27.89
2025-09-26 16:00:00,27.9,29.6,27.82,28.71
2025-09-26 20:00:00,28.72,29.13,28.59,29.09
2025-09-27 00:00:00,29.1,29.11,28.65,28.76
2025-09-27 04:00:00,28.75,28.97,28.61,28.68
2025-09-27 08:00:00,28.68,28.68,28.29,28.35
2025-09-27 12:00:00,28.36,28.86,28.23,28.68
2025-09-27 16:00:00,28.69,28.79,28.4,28.77
2025-09-27 20:00:00,28.77,28.98,28.6,28.74
2025-09-28 00:00:00,28.75,28.9,28.19,28.26
2025-09-28 04:00:00,28.27,28.43,28.08,28.39
2025-09-28 08:00:00,28.38,28.78,28.04,28.12
2025-09-28 12:00:00,28.12,28.94,27.92,28.83
2025-09-28 16:00:00,28.83,29.13,28.81,29.01
2025-09-28 20:00:00,29,30.3,28.94,30.01
2025-09-29 00:00:00,30.01,30.25,29.42,29.76
2025-09-29 04:00:00,29.76,29.83,29.24,29.58
2025-09-29 08:00:00,29.58,30.04,29.13,29.69
2025-09-29 12:00:00,29.69,30.54,29.16,30.46
2025-09-29 16:00:00,30.46,30.71,30.03,30.48
2025-09-29 20:00:00,30.48,30.82,30.35,30.41
2025-09-30 00:00:00,30.41,30.72,29.84,29.88
2025-09-30 04:00:00,29.88,29.95,29.43,29.52
2025-09-30 08:00:00,29.51,29.76,29.2,29.44
2025-09-30 12:00:00,29.43,29.48,28.83,29.08
2025-09-30 16:00:00,29.07,30.09,28.86,30.01
2025-09-30 20:00:00,30.01,30.38,29.77,30.01
2025-10-01 00:00:00,30.02,30.24,29.62,29.65
2025-10-01 04:00:00,29.64,30.1,29.61,30.01
2025-10-01 08:00:00,30.01,31.1,30,30.8
2025-10-01 12:00:00,30.8,30.84,30.36,30.59
2025-10-01 16:00:00,30.58,30.73,30.46,30.61
2025-10-01 20:00:00,30.6,30.74,30.44,30.73
2025-10-02 00:00:00,30.74,31.38,30.45,30.86
2025-10-02 04:00:00,30.86,30.96,30.58,30.59
2025-10-02 08:00:00,30.59,30.66,30.42,30.52
2025-10-02 12:00:00,30.52,30.75,29.48,30.01
2025-10-02 16:00:00,30.02,31.15,29.94,31.01
2025-10-02 20:00:00,31.02,31.25,30.81,30.98
2025-10-03 00:00:00,30.97,31.02,30.46,30.76
2025-10-03 04:00:00,30.75,30.92,30.08,30.18
2025-10-03 08:00:00,30.18,30.5,29.99,30.16
2025-10-03 12:00:00,30.15,31.26,30.03,31.24
2025-10-03 16:00:00,31.24,31.57,30.49,31.18
2025-10-03 20:00:00,31.17,31.49,31.12,31.31
2025-10-04 00:00:00,31.32,31.44,31.06,31.23
2025-10-04 04:00:00,31.22,31.39,30.78,30.81
2025-10-04 08:00:00,30.81,30.82,30.25,30.33
2025-10-04 12:00:00,30.32,30.55,29.85,29.93
2025-10-04 16:00:00,29.93,30.1,29.87,30.04
2025-10-04 20:00:00,30.04,30.3,30.02,30.12
2025-10-05 00:00:00,30.12,30.69,29.82,30.48
2025-10-05 04:00:00,30.47,31.09,30.36,31.08
2025-10-05 08:00:00,31.08,31.21,30.06,30.33
2025-10-05 12:00:00,30.33,30.35,29.97,30.24
2025-10-05 16:00:00,30.24,30.31,29.67,29.71
2025-10-05 20:00:00,29.7,30.11,29.63,30.07
2025-10-06 00:00:00,30.07,30.39,29.94,30.25
2025-10-06 04:00:00,30.25,30.47,30.12,30.3
2025-10-06 08:00:00,30.3,30.8,30.3,30.5
2025-10-06 12:00:00,30.5,30.98,30.42,30.83
2025-10-06 16:00:00,30.83,31.03,30.63,30.84
2025-10-06 20:00:00,30.84,30.94,30.52,30.61
2025-10-07 00:00:00,30.61,30.73,30.3,30.34
2025-10-07 04:00:00,30.34,30.59,30.04,30.1
2025-10-07 08:00:00,30.1,30.11,29.52,30.02
2025-10-07 12:00:00,30.02,30.02,28.43,28.54
2025-10-07 16:00:00,28.54,28.77,28.08,28.1
2025-10-07 20:00:00,28.1,28.43,27.81,27.93
2025-10-08 00:00:00,27.92,28.36,27.87,27.97
2025-10-08 04:00:00,27.97,28.3,27.84,28.29
2025-10-08 08:00:00,28.3,28.49,28.16,28.3
2025-10-08 12:00:00,28.3,28.75,28.2,28.3
2025-10-08 16:00:00,28.29,29.63,28.24,29.2
2025-10-08 20:00:00,29.19,29.26,28.77,28.82
2025-10-09 00:00:00,28.82,28.9,28.1,28.4
2025-10-09 04:00:00,28.41,28.57,28.28,28.36
2025-10-09 08:00:00,28.36,28.46,27.96,28.31
2025-10-09 12:00:00,28.3,28.72,27.83,27.97
2025-10-09 16:00:00,27.97,28.19,27.58,28.08
2025-10-09 20:00:00,28.07,28.46,27.96,28.38
2025-10-10 00:00:00,28.38,28.57,28.26,28.36
2025-10-10 04:00:00,28.36,28.62,28.19,28.21
2025-10-10 08:00:00,28.21,28.41,28.03,28.26
2025-10-10 12:00:00,28.26,28.49,26.61,26.99
2025-10-10 16:00:00,26.99,27.12,26.05,26.44
2025-10-10 20:00:00,26.44,27.8,8.52,20.68
2025-10-11 00:00:00,20.67,22.87,20.27,21.94
2025-10-11 04:00:00,21.95,22.67,21.73,22.2
2025-10-11 08:00:00,22.21,23.38,22.11,22.68
2025-10-11 12:00:00,22.68,22.97,21.99,22.81
2025-10-11 16:00:00,22.82,23.15,21.78,21.9
2025-10-11 20:00:00,21.9,21.96,20.92,21.46
2025-10-12 00:00:00,21.45,21.48,20.66,21.02
2025-10-12 04:00:00,21.03,21.57,21,21.37
2025-10-12 08:00:00,21.37,21.46,20.92,21.1
2025-10-12 12:00:00,21.09,22.56,20.77,22.37
2025-10-12 16:00:00,22.36,23.13,22.3,23.02
2025-10-12 20:00:00,23.03,23.34,22.26,22.51
2025-10-13 00:00:00,22.5,22.59,21.87,22.23
2025-10-13 04:00:00,22.24,22.89,22.13,22.7
2025-10-13 08:00:00,22.71,23.05,21.68,22.19
2025-10-13 12:00:00,22.19,22.95,22.03,22.79
2025-10-13 16:00:00,22.8,24.07,22.64,23.85
2025-10-13 20:00:00,23.85,24.05,23.7,23.8
2025-10-14 00:00:00,23.8,23.9,23.18,23.34
2025-10-14 04:00:00,23.34,23.37,22,22.14
2025-10-14 08:00:00,22.14,22.76,21.95,22.42
2025-10-14 12:00:00,22.42,22.84,21.81,22.8
2025-10-14 16:00:00,22.8,23.14,22.34,22.56
2025-10-14 20:00:00,22.57,22.84,22.47,22.74
2025-10-15 00:00:00,22.73,22.91,22.37,22.47
2025-10-15 04:00:00,22.48,23,22.4,22.98
2025-10-15 08:00:00,22.97,23.29,22.41,22.56
2025-10-15 12:00:00,22.57,22.59,21.77,21.93
2025-10-15 16:00:00,21.93,22.17,21.6,21.99
2025-10-15 20:00:00,22,22.09,21.56,21.9
2025-10-16 00:00:00,21.9,22.14,21.79,21.93
2025-10-16 04:00:00,21.93,22.1,21.7,21.88
2025-10-16 08:00:00,21.87,22.32,21,22.25
2025-10-16 12:00:00,22.26,22.39,21.04,21.15
2025-10-16 16:00:00,21.14,21.52,20.58,20.78
2025-10-16 20:00:00,20.79,21.02,20.59,20.98
2025-10-17 00:00:00,20.97,21.27,20.85,20.97
2025-10-17 04:00:00,20.97,20.98,19.35,19.4
2025-10-17 08:00:00,19.4,20.03,19.03,19.82
2025-10-17 12:00:00,19.82,19.99,19.4,19.94
2025-10-17 16:00:00,19.94,20.25,19.81,19.93
2025-10-17 20:00:00,19.93,20.32,19.88,19.96
2025-10-18 00:00:00,19.95,20.21,19.89,20.04
2025-10-18 04:00:00,20.04,20.42,19.86,20.17
2025-10-18 08:00:00,20.17,20.35,20.1,20.21
2025-10-18 12:00:00,20.22,20.31,19.86,20.03
2025-10-18 16:00:00,20.03,20.19,19.82,20.17
2025-10-18 20:00:00,20.16,20.28,20.09,20.21
2025-10-19 00:00:00,20.22,20.29,19.99,20.28
2025-10-19 04:00:00,20.28,20.29,19.87,19.96
2025-10-19 08:00:00,19.95,20.61,19.75,20.4
2025-10-19 12:00:00,20.4,20.84,20.3,20.74
2025-10-19 16:00:00,20.74,20.84,20.54,20.73
2025-10-19 20:00:00,20.72,20.82,20.57,20.59
2025-10-20 00:00:00,20.59,21.08,20.17,21.02
2025-10-20 04:00:00,21.02,21.21,20.84,20.92
2025-10-20 08:00:00,20.92,20.95,20.61,20.78
2025-10-20 12:00:00,20.78,20.88,20.55,20.61
2025-10-20 16:00:00,20.61,20.61,20.24,20.53
2025-10-20 20:00:00,20.52,20.63,20.33,20.34
2025-10-21 00:00:00,20.34,20.37,19.82,19.85
2025-10-21 04:00:00,19.85,19.85,19.46,19.78
2025-10-21 08:00:00,19.78,20.03,19.6,19.99
2025-10-21 12:00:00,19.99,20.85,19.81,20.76
2025-10-21 16:00:00,20.77,20.84,20.23,20.4
2025-10-21 20:00:00,20.4,20.42,19.48,19.54
2025-10-22 00:00:00,19.54,19.66,19.34,19.46
2025-10-22 04:00:00,19.45,19.65,19.29,19.56
2025-10-22 08:00:00,19.56,19.69,19.12,19.59
2025-10-22 12:00:00,19.59,19.71,19.25,19.54
2025-10-22 16:00:00,19.53,19.59,18.84,19.08
2025-10-22 20:00:00,19.08,19.13,18.42,19.02
2025-10-23 00:00:00,19.02,19.21,18.98,19.12
2025-10-23 04:00:00,19.12,19.58,19.09,19.55
2025-10-23 08:00:00,19.55,19.62,19.39,19.42
2025-10-23 12:00:00,19.41,19.62,19.25,19.54
2025-10-23 16:00:00,19.55,19.74,19.36,19.38
2025-10-23 20:00:00,19.38,19.38,18.98,19.14
2025-10-24 00:00:00,19.13,19.28,19.02,19.23
2025-10-24 04:00:00,19.22,19.66,19.17,19.49
2025-10-24 08:00:00,19.5,19.67,19.37,19.5
2025-10-24 12:00:00,19.5,19.96,19.23,19.26
2025-10-24 16:00:00,19.27,19.57,19.12,19.51
2025-10-24 20:00:00,19.51,19.65,19.47,19.49
2025-10-25 00:00:00,19.49,19.52,19.32,19.34
2025-10-25 04:00:00,19.34,19.46,19.29,19.36
2025-10-25 08:00:00,19.36,19.45,19.24,19.33
2025-10-25 12:00:00,19.34,19.57,19.32,19.53
2025-10-25 16:00:00,19.53,19.83,19.45,19.74
2025-10-25 20:00:00,19.74,19.77,19.64,19.71
2025-10-26 00:00:00,19.72,19.81,19.34,19.39
2025-10-26 04:00:00,19.38,19.72,19.36,19.7
2025-10-26 08:00:00,19.71,20.4,19.71,20.37
2025-10-26 12:00:00,20.37,20.67,20.27,20.41
2025-10-26 16:00:00,20.41,20.42,20.21,20.31
2025-10-26 20:00:00,20.3,20.96,20.1,20.82
2025-10-27 00:00:00,20.83,21.04,20.73,20.8
2025-10-27 04:00:00,20.81,21.1,20.67,20.81
2025-10-27 08:00:00,20.81,20.9,20.43,20.57
2025-10-27 12:00:00,20.57,20.57,20.24,20.46
2025-10-27 16:00:00,20.45,20.79,20.45,20.6
2025-10-27 20:00:00,20.6,20.65,20.17,20.33
2025-10-28 00:00:00,20.33,20.48,20.16,20.22
2025-10-28 04:00:00,20.22,20.5,19.99,20.31
2025-10-28 08:00:00,20.31,20.52,20.16,20.18
2025-10-28 12:00:00,20.19,20.49,19.77,20.01
2025-10-28 16:00:00,20,20.19,19.57,19.64
2025-10-28 20:00:00,19.64,19.64,19.13,19.47
2025-10-29 00:00:00,19.47,19.56,19.36,19.47
2025-10-29 04:00:00,19.46,19.64,19.45,19.6
2025-10-29 08:00:00,19.6,19.77,19.43,19.74
2025-10-29 12:00:00,19.73,19.85,19.34,19.44
2025-10-29 16:00:00,19.44,20.2,19.31,19.94
2025-10-29 20:00:00,19.95,20.16,19.55,19.66
2025-10-30 00:00:00,19.66,19.97,19.52,19.84
2025-10-30 04:00:00,19.84,19.88,19.06,19.83
2025-10-30 08:00:00,19.84,19.89,19.21,19.24
2025-10-30 12:00:00,19.25,19.26,18.14,18.23
2025-10-30 16:00:00,18.24,18.34,17.51,17.59
2025-10-30 20:00:00,17.58,18.16,17.54,18.11
2025-10-31 00:00:00,18.12,18.41,18.05,18.26
2025-10-31 04:00:00,18.27,18.48,18.23,18.25
2025-10-31 08:00:00,18.26,18.53,18.2,18.5
2025-10-31 12:00:00,18.5,18.58,18.25,18.27
2025-10-31 16:00:00,18.26,18.38,17.78,18.28
2025-10-31 20:00:00,18.27,18.28,18.05,18.19
2025-11-01 00:00:00,18.19,18.45,18.07,18.41
2025-11-01 04:00:00,18.42,18.52,18.29,18.51
2025-11-01 08:00:00,18.51,18.71,18.45,18.66
2025-11-01 12:00:00,18.66,18.74,18.41,18.63
2025-11-01 16:00:00,18.64,18.74,18.56,18.64
2025-11-01 20:00:00,18.64,18.73,18.5,18.73
2025-11-02 00:00:00,18.72,18.81,18.62,18.69
2025-11-02 04:00:00,18.68,19.01,18.66,18.96
2025-11-02 08:00:00,18.96,18.99,18.59,18.83
2025-11-02 12:00:00,18.83,18.85,18.19,18.28
2025-11-02 16:00:00,18.27,18.33,18.1,18.16
2025-11-02 20:00:00,18.17,18.91,18.1,18.8
2025-11-03 00:00:00,18.81,18.91,17.51,17.54
2025-11-03 04:00:00,17.54,17.78,17.16,17.48
2025-11-03 08:00:00,17.48,17.64,17.2,17.48
2025-11-03 12:00:00,17.49,17.69,15.91,16.36
2025-11-03 16:00:00,16.36,17.1,16.28,16.78
2025-11-03 20:00:00,16.79,16.82,16.42,16.65
2025-11-04 00:00:00,16.66,17,16.47,16.91
2025-11-04 04:00:00,16.91,17.01,15.97,16.15
2025-11-04 08:00:00,16.15,16.81,16.08,16.72
2025-11-04 12:00:00,16.71,16.85,16.32,16.42
2025-11-04 16:00:00,16.41,16.48,15.31,15.59
2025-11-04 20:00:00,15.6,16.2,15.04,15.98
2025-11-05 00:00:00,15.98,16.48,15.29,16.44
2025-11-05 04:00:00,16.43,16.63,16.32,16.55
2025-11-05 08:00:00,16.54,16.59,16.22,16.56
2025-11-05 12:00:00,16.56,16.82,16.47,16.76
2025-11-05 16:00:00,16.77,16.99,16.58,16.78
2025-11-05 20:00:00,16.77,16.85,16.56,16.61
2025-11-06 00:00:00,16.61,16.7,16.37,16.64
2025-11-06 04:00:00,16.64,16.73,16.22,16.29
2025-11-06 08:00:00,16.28,16.44,16.2,16.29
2025-11-06 12:00:00,16.29,16.42,15.77,15.85
2025-11-06 16:00:00,15.85,16.18,15.61,16.13
2025-11-06 20:00:00,16.13,16.21,15.9,16.13
2025-11-07 00:00:00,16.13,16.52,16.05,16.46
2025-11-07 04:00:00,16.46,16.94,16.33,16.92
2025-11-07 08:00:00,16.91,17.03,16.27,16.46
2025-11-07 12:00:00,16.46,16.89,16.08,16.81
2025-11-07 16:00:00,16.82,17.96,16.74,17.82
2025-11-07 20:00:00,17.82,18.07,17.65,17.74
2025-11-08 00:00:00,17.75,18.41,17.67,17.84
2025-11-08 04:00:00,17.84,18.08,17.56,17.87
2025-11-08 08:00:00,17.86,17.99,17.66,17.79
2025-11-08 12:00:00,17.79,17.79,17.09,17.13
2025-11-08 16:00:00,17.14,17.38,17.02,17.29
2025-11-08 20:00:00,17.29,17.5,17.24,17.5
2025-11-09 00:00:00,17.5,17.52,16.81,16.89
2025-11-09 04:00:00,16.89,17.14,16.88,17.13
2025-11-09 08:00:00,17.13,17.36,16.89,17.28
2025-11-09 12:00:00,17.28,17.89,17.24,17.69
2025-11-09 16:00:00,17.7,17.9,17.45,17.89
2025-11-09 20:00:00,17.89,17.91,17.59,17.77
2025-11-10 00:00:00,17.77,18.12,17.64,17.99
2025-11-10 04:00:00,17.99,18.13,17.88,18
2025-11-10 08:00:00,18.01,18.31,17.79,18.09
2025-11-10 12:00:00,18.1,18.35,17.81,17.93
2025-11-10 16:00:00,17.94,18.14,17.7,18.01
2025-11-10 20:00:00,18,18.36,17.81,18.18
2025-11-11 00:00:00,18.19,18.61,17.98,18.36
2025-11-11 04:00:00,18.36,18.37,17.53,17.56
2025-11-11 08:00:00,17.57,17.88,17.49,17.79
2025-11-11 12:00:00,17.8,17.9,17.56,17.63
2025-11-11 16:00:00,17.63,17.73,17.24,17.27
2025-11-11 20:00:00,17.26,17.29,16.97,17
2025-11-12 00:00:00,17.01,17.16,16.91,17.12
2025-11-12 04:00:00,17.12,17.47,17.06,17.14
2025-11-12 08:00:00,17.15,17.65,17.15,17.56
2025-11-12 12:00:00,17.56,17.77,16.98,17.04
2025-11-12 16:00:00,17.04,17.08,16.64,16.79
2025-11-12 20:00:00,16.8,16.99,16.75,16.82
2025-11-13 00:00:00,16.81,17.65,16.8,17.44
2025-11-13 04:00:00,17.44,17.69,17.28,17.39
2025-11-13 08:00:00,17.4,17.53,17.22,17.27
2025-11-13 12:00:00,17.27,17.43,16.88,16.96
2025-11-13 16:00:00,16.96,17.04,15.92,15.99
2025-11-13 20:00:00,15.98,16.33,15.76,16.1
2025-11-14 00:00:00,16.1,16.18,15.88,15.93
2025-11-14 04:00:00,15.92,16.08,15.36,15.92
2025-11-14 08:00:00,15.93,15.94,15.31,15.39
2025-11-14 12:00:00,15.39,15.67,15.08,15.51
2025-11-14 16:00:00,15.52,15.73,15.32,15.66
2025-11-14 20:00:00,15.66,15.66,14.84,15.13
2025-11-15 00:00:00,15.13,15.61,15.11,15.6
2025-11-15 04:00:00,15.6,15.73,15.52,15.63
2025-11-15 08:00:00,15.64,15.64,15.33,15.46
2025-11-15 12:00:00,15.45,15.69,15.42,15.62
2025-11-15 16:00:00,15.62,15.79,15.49,15.69
2025-11-15 20:00:00,15.7,15.72,15.45,15.53
2025-11-16 00:00:00,15.52,15.72,15.27,15.7
2025-11-16 04:00:00,15.69,15.78,15.58,15.75
2025-11-16 08:00:00,15.75,15.86,15.42,15.44
2025-11-16 12:00:00,15.45,15.57,15.06,15.09
2025-11-16 16:00:00,15.08,15.2,14.62,14.95
2025-11-16 20:00:00,14.95,15.26,14.72,15.15
2025-11-17 00:00:00,15.14,15.69,14.97,15.54
2025-11-17 04:00:00,15.55,15.78,15.51,15.63
2025-11-17 08:00:00,15.64,15.72,15.59,15.61
2025-11-17 12:00:00,15.62,15.85,15.11,15.25
2025-11-17 16:00:00,15.25,15.37,14.3,14.38
2025-11-17 20:00:00,14.37,14.72,14.26,14.53
2025-11-18 00:00:00,14.53,14.57,14.03,14.48
2025-11-18 04:00:00,14.49,14.69,14.33,14.54
2025-11-18 08:00:00,14.54,14.73,14.53,14.59
2025-11-18 12:00:00,14.59,14.82,14.36,14.73
2025-11-18 16:00:00,14.74,14.93,14.68,14.74
2025-11-18 20:00:00,14.74,14.79,14.5,14.58
2025-11-19 00:00:00,14.59,14.7,14.39,14.43
2025-11-19 04:00:00,14.44,14.47,13.95,14.36
2025-11-19 08:00:00,14.36,14.6,14.25,14.45
2025-11-19 12:00:00,14.45,14.59,14.03,14.07
2025-11-19 16:00:00,14.06,14.15,13.71,13.78
2025-11-19 20:00:00,13.78,14.34,13.74,14.28
2025-11-20 00:00:00,14.28,14.4,14.22,14.34
2025-11-20 04:00:00,14.34,14.45,14.23,14.37
2025-11-20 08:00:00,14.36,14.41,14.22,14.41
2025-11-20 12:00:00,14.41,14.53,14.2,14.23
2025-11-20 16:00:00,14.23,14.24,13.5,13.77
2025-11-20 20:00:00,13.77,13.98,13.64,13.81
2025-11-21 00:00:00,13.81,13.99,13.68,13.77
2025-11-21 04:00:00,13.77,13.79,12.75,13.19
2025-11-21 08:00:00,13.19,13.43,12.86,12.92
2025-11-21 12:00:00,12.93,13.32,12.64,13
2025-11-21 16:00:00,13,13.46,12.84,13.29
2025-11-21 20:00:00,13.29,13.37,13.18,13.28
2025-11-22 00:00:00,13.29,13.32,13.25,13.28
2025-11-22 04:00:00,13.28,13.33,13.22,13.29
2025-11-22 08:00:00,13.29,13.34,13.16,13.28
2025-11-22 12:00:00,13.27,13.28,13.03,13.19
2025-11-22 16:00:00,13.18,13.28,13.17,13.23
2025-11-22 20:00:00,13.24,13.39,13.19,13.23
2025-11-23 00:00:00,13.24,13.39,13.21,13.35
2025-11-23 04:00:00,13.35,13.44,13.23,13.29
2025-11-23 08:00:00,13.3,13.38,13.23,13.3
2025-11-23 12:00:00,13.29,13.43,13.27,13.41
2025-11-23 16:00:00,13.42,13.44,13.27,13.38
2025-11-23 20:00:00,13.37,13.47,13.27,13.27
2025-11-24 00:00:00,13.28,13.5,13.16,13.45
2025-11-24 04:00:00,13.46,13.59,13.29,13.44
2025-11-24 08:00:00,13.44,13.47,13.27,13.39
2025-11-24 12:00:00,13.4,13.58,13.26,13.51
2025-11-24 16:00:00,13.51,14,13.5,13.92
2025-11-24 20:00:00,13.92,14.05,13.86,13.89
2025-11-25 00:00:00,13.89,13.95,13.84,13.9
2025-11-25 04:00:00,13.91,13.95,13.82,13.88
2025-11-25 08:00:00,13.89,13.94,13.78,13.9
2025-11-25 12:00:00,13.91,13.95,13.7,13.92
2025-11-25 16:00:00,13.91,14,13.89,14
2025-11-25 20:00:00,14,14.38,13.97,14.18
2025-11-26 00:00:00,14.18,14.34,14.02,14.04
2025-11-26 04:00:00,14.03,14.1,14,14.09
2025-11-26 08:00:00,14.09,14.09,13.97,14.01
2025-11-26 12:00:00,14.01,14.02,13.91,13.96
2025-11-26 16:00:00,13.96,14.61,13.95,14.55
2025-11-26 20:00:00,14.55,14.96,14.5,14.95
2025-11-27 00:00:00,14.96,15.01,14.89,14.93
2025-11-27 04:00:00,14.93,14.98,14.87,14.95
2025-11-27 08:00:00,14.95,14.98,14.87,14.94
2025-11-27 12:00:00,14.94,14.99,14.91,14.96
2025-11-27 16:00:00,14.97,15.17,14.94,15.04
2025-11-27 20:00:00,15.03,15.07,14.97,15.02
2025-11-28 00:00:00,15.02,15.07,15,15.05
2025-11-28 04:00:00,15.05,15.09,15,15.01
2025-11-28 08:00:00,15.01,15.13,14.78,15.02
2025-11-28 12:00:00,15.02,15.27,14.99,15.09
2025-11-28 16:00:00,15.1,15.1,14.8,14.89
2025-11-28 20:00:00,14.89,14.9,14.79,14.84
2025-11-29 00:00:00,14.85,14.89,14.82,14.85
2025-11-29 04:00:00,14.85,14.91,14.66,14.68
2025-11-29 08:00:00,14.68,14.89,14.64,14.87
2025-11-29 12:00:00,14.88,14.89,14.74,14.86
2025-11-29 16:00:00,14.85,14.86,14.37,14.45
2025-11-29 20:00:00,14.45,14.45,14.19,14.25
2025-11-30 00:00:00,14.25,14.34,14.13,14.2
2025-11-30 04:00:00,14.21,14.22,13.98,14.14
2025-11-30 08:00:00,14.15,14.22,14.04,14.07
2025-11-30 12:00:00,14.07,14.31,14.05,14.17
2025-11-30 16:00:00,14.17,14.28,13.83,14
2025-11-30 20:00:00,14,14.04,13.66,13.71
2025-12-01 00:00:00,13.72,13.74,12.94,12.96
2025-12-01 04:00:00,12.96,13.1,12.87,13.07
2025-12-01 08:00:00,13.07,13.11,12.94,12.95
2025-12-01 12:00:00,12.95,12.97,12.61,12.7
2025-12-01 16:00:00,12.7,12.78,12.54,12.62
2025-12-01 20:00:00,12.61,12.87,12.59,12.76
2025-12-02 00:00:00,12.76,13.02,12.71,12.95
2025-12-02 04:00:00,12.95,13.05,12.86,13.03
2025-12-02 08:00:00,13.03,13.13,12.86,12.91
2025-12-02 12:00:00,12.91,13.72,12.84,13.67
2025-12-02 16:00:00,13.67,13.74,13.54,13.65
2025-12-02 20:00:00,13.65,13.76,13.56,13.62
2025-12-03 00:00:00,13.63,13.85,13.58,13.82
2025-12-03 04:00:00,13.81,14.35,13.79,14.13
2025-12-03 08:00:00,14.13,14.19,14.01,14.07
2025-12-03 12:00:00,14.07,14.3,13.87,14.17
2025-12-03 16:00:00,14.17,14.5,14.07,14.5
2025-12-03 20:00:00,14.5,15.09,14.41,14.78
2025-12-04 00:00:00,14.78,14.88,14.68,14.72
2025-12-04 04:00:00,14.72,14.76,14.68,14.72
2025-12-04 08:00:00,14.72,14.79,14.7,14.75
2025-12-04 12:00:00,14.75,14.86,14.64,14.75
2025-12-04 16:00:00,14.75,14.77,14.21,14.43
2025-12-04 20:00:00,14.42,14.51,14.35,14.41
2025-12-05 00:00:00,14.4,14.52,14.39,14.45
2025-12-05 04:00:00,14.45,14.48,14.32,14.36
2025-12-05 08:00:00,14.36,14.36,13.77,13.81
2025-12-05 12:00:00,13.8,13.88,13.58,13.68
2025-12-05 16:00:00,13.68,13.68,13.2,13.42
2025-12-05 20:00:00,13.42,13.43,13.09,13.21
2025-12-06 00:00:00,13.21,13.39,13.14,13.32
2025-12-06 04:00:00,13.32,13.33,13.21,13.23
2025-12-06 08:00:00,13.23,13.32,13.16,13.23
2025-12-06 12:00:00,13.22,13.35,13.16,13.32
2025-12-06 16:00:00,13.31,13.49,13.27,13.31
2025-12-06 20:00:00,13.31,13.47,13.29,13.4
2025-12-07 00:00:00,13.41,13.55,13.4,13.49
2025-12-07 04:00:00,13.5,13.52,13.37,13.4
2025-12-07 08:00:00,13.4,13.43,13.31,13.34
2025-12-07 12:00:00,13.34,13.44,12.96,13.43
2025-12-07 16:00:00,13.42,13.85,13.3,13.76
2025-12-07 20:00:00,13.76,13.82,13.27,13.49
2025-12-08 00:00:00,13.49,13.67,13.38,13.55
2025-12-08 04:00:00,13.55,13.73,13.54,13.68
2025-12-08 08:00:00,13.69,13.91,13.66,13.74
2025-12-08 12:00:00,13.75,13.82,13.52,13.59
2025-12-08 16:00:00,13.58,13.72,13.48,13.55
2025-12-08 20:00:00,13.55,13.75,13.53,13.64
2025-12-09 00:00:00,13.64,13.74,13.53,13.72
2025-12-09 04:00:00,13.73,13.77,13.54,13.73
2025-12-09 08:00:00,13.73,13.77,13.5,13.59
2025-12-09 12:00:00,13.6,14.18,13.55,14.14
2025-12-09 16:00:00,14.63,14.73,14.52,14.62
2025-12-09 20:00:00,14.62,14.67,14.48,14.6
2025-12-10 00:00:00,14.61,14.65,14.56,14.61
2025-12-10 04:00:00,14.61,14.63,14.56,14.61
2025-12-10 08:00:00,14.61,14.68,14.17,14.26
2025-12-10 12:00:00,14.26,14.33,14.15,14.24
2025-12-10 16:00:00,14.24,14.67,14.2,14.55
2025-12-10 20:00:00,14.56,14.83,14.09,14.11
2025-12-11 00:00:00,14.11,14.11,13.27,13.31
2025-12-11 04:00:00,13.3,13.49,13.24,13.4
2025-12-11 08:00:00,13.39,13.43,13.25,13.33
2025-12-11 12:00:00,13.32,13.37,12.93,13.01
2025-12-11 16:00:00,13,13.39,12.89,13.25
2025-12-11 20:00:00,13.25,13.61,13.23,13.42
2025-12-12 00:00:00,13.42,13.74,13.32,13.61
2025-12-12 04:00:00,13.6,13.79,13.55,13.66
2025-12-12 08:00:00,13.66,13.68,13.49,13.56
2025-12-12 12:00:00,13.56,13.65,12.81,12.91
2025-12-12 16:00:00,12.9,13.21,12.81,13.07
2025-12-12 20:00:00,13.08,13.17,13.03,13.1
2025-12-13 00:00:00,13.11,13.25,13.09,13.22
2025-12-13 04:00:00,13.22,13.46,13.19,13.33
2025-12-13 08:00:00,13.34,13.47,13.34,13.38
2025-12-13 12:00:00,13.38,13.41,13.22,13.36
2025-12-13 16:00:00,13.36,13.42,13.32,13.38
2025-12-13 20:00:00,13.39,13.4,13.24,13.37
2025-12-14 00:00:00,13.37,13.4,13.29,13.31
2025-12-14 04:00:00,13.3,13.32,13.18,13.25
2025-12-14 08:00:00,13.25,13.29,12.96,13.07
2025-12-14 12:00:00,13.07,13.14,12.98,13.02
2025-12-14 16:00:00,13.02,13.12,12.92,12.98
2025-12-14 20:00:00,12.98,13.02,12.73,12.88
2025-12-15 00:00:00,12.88,13.27,12.85,13.08
2025-12-15 04:00:00,13.09,13.33,13.08,13.2
2025-12-15 08:00:00,13.19,13.35,13.17,13.22
2025-12-15 12:00:00,13.23,13.23,12.43,12.5
2025-12-15 16:00:00,12.5,12.54,12.2,12.4
2025-12-15 20:00:00,12.39,12.4,12.25,12.34
2025-12-16 00:00:00,12.35,12.36,12.17,12.27
2025-12-16 04:00:00,12.27,12.34,12.05,12.19
2025-12-16 08:00:00,12.2,12.4,12.14,12.35
2025-12-16 12:00:00,12.35,12.4,11.91,12.35
2025-12-16 16:00:00,12.35,12.38,12.14,12.28
2025-12-16 20:00:00,12.28,12.38,12.27,12.35
2025-12-17 00:00:00,12.34,12.39,12.28,12.3
2025-12-17 04:00:00,12.3,12.32,12.07,12.22
2025-12-17 08:00:00,12.22,12.22,12.05,12.18
2025-12-17 12:00:00,12.18,12.66,12.07,12.15
2025-12-17 16:00:00,12.15,12.24,11.69,11.89
2025-12-17 20:00:00,11.88,11.98,11.78,11.87
2025-12-18 00:00:00,11.86,11.89,11.69,11.74
2025-12-18 04:00:00,11.75,11.8,11.65,11.76
2025-12-18 08:00:00,11.76,11.81,11.68,11.73
2025-12-18 12:00:00,11.73,12.32,11.69,12.18
2025-12-18 16:00:00,12.19,12.2,11.28,11.31
2025-12-18 20:00:00,11.3,11.58,11.3,11.44
2025-12-19 00:00:00,11.44,11.81,11.26,11.73
2025-12-19 04:00:00,11.74,12.09,11.61,11.94
2025-12-19 08:00:00,11.94,12.03,11.88,11.98
2025-12-19 12:00:00,11.99,12.41,11.94,12.18
2025-12-19 16:00:00,12.19,12.45,12.07,12.33
2025-12-19 20:00:00,12.33,12.39,12.24,12.26
2025-12-20 00:00:00,12.25,12.3,12.19,12.26
2025-12-20 04:00:00,12.26,12.35,12.19,12.33
2025-12-20 08:00:00,12.34,12.38,12.24,12.31
2025-12-20 12:00:00,12.32,12.32,12.17,12.27
2025-12-20 16:00:00,12.27,12.31,12.23,12.27
2025-12-20 20:00:00,12.26,12.28,12.13,12.21
2025-12-21 00:00:00,12.22,12.26,12.09,12.18
2025-12-21 04:00:00,12.18,12.2,12.11,12.12
2025-12-21 08:00:00,12.13,12.34,12.1,12.24
2025-12-21 12:00:00,12.25,12.29,11.96,12.09
2025-12-21 16:00:00,12.09,12.18,12.01,12.12
2025-12-21 20:00:00,12.12,12.25,11.98,12.14
2025-12-22 00:00:00,12.15,12.41,12.01,12.2
2025-12-22 04:00:00,12.2,12.27,12.12,12.19
2025-12-22 08:00:00,12.19,12.39,12.16,12.37
2025-12-22 12:00:00,12.37,12.44,12.27,12.37
2025-12-22 16:00:00,12.37,12.41,12.12,12.15
2025-12-22 20:00:00,12.14,12.45,12.08,12.42
2025-12-23 00:00:00,12.42,12.55,12.34,12.41
2025-12-23 04:00:00,12.4,12.43,12.12,12.19
2025-12-23 08:00:00,12.19,12.33,12.16,12.29
2025-12-23 12:00:00,12.3,12.3,11.84,11.96
2025-12-23 16:00:00,11.96,12.19,11.91,12.12
2025-12-23 20:00:00,12.12,12.33,12.08,12.18
2025-12-24 00:00:00,12.18,12.23,11.96,12.07
2025-12-24 04:00:00,12.07,12.14,11.94,11.98
2025-12-24 08:00:00,11.99,12.14,11.97,12.11
2025-12-24 12:00:00,12.11,12.14,11.89,12
2025-12-24 16:00:00,12.01,12.09,11.9,12.03
2025-12-24 20:00:00,12.03,12.15,12.02,12.1
2025-12-25 00:00:00,12.11,12.22,12.05,12.16
2025-12-25 04:00:00,12.16,12.27,12.14,12.25
2025-12-25 08:00:00,12.25,12.35,12.11,12.15
2025-12-25 12:00:00,12.15,12.4,12.15,12.35
2025-12-25 16:00:00,12.35,12.55,12.34,12.47
2025-12-25 20:00:00,12.48,12.5,12.06,12.09
2025-12-26 00:00:00,12.09,12.62,12.03,12.52
2025-12-26 04:00:00,12.53,12.58,12.4,12.41
2025-12-26 08:00:00,12.41,12.5,12.4,12.45
2025-12-26 12:00:00,12.45,12.5,12.14,12.24
2025-12-26 16:00:00,12.24,12.39,12.17,12.38
2025-12-26 20:00:00,12.38,12.4,12.32,12.34
2025-12-27 00:00:00,12.34,12.42,12.33,12.42
2025-12-27 04:00:00,12.42,12.47,12.38,12.46
2025-12-27 08:00:00,12.45,12.49,12.39,12.47
2025-12-27 12:00:00,12.47,12.58,12.44,12.55
2025-12-27 16:00:00,12.56,12.61,12.5,12.53
2025-12-27 20:00:00,12.53,12.8,12.53,12.69
2025-12-28 00:00:00,12.7,12.9,12.7,12.79
2025-12-28 04:00:00,12.79,12.85,12.76,12.79
2025-12-28 08:00:00,12.79,12.86,12.67,12.69
2025-12-28 12:00:00,12.69,12.77,12.58,12.73
2025-12-28 16:00:00,12.74,12.75,12.57,12.58
2025-12-28 20:00:00,12.59,12.66,12.53,12.64
2025-12-29 00:00:00,12.64,13.12,12.62,13.08
2025-12-29 04:00:00,13.09,13.2,12.92,13.01
2025-12-29 08:00:00,13.02,13.06,12.67,12.73
2025-12-29 12:00:00,12.72,12.73,12.46,12.7
2025-12-29 16:00:00,12.7,12.72,12.49,12.5
2025-12-29 20:00:00,12.5,12.53,12.35,12.38
2025-12-30 00:00:00,12.37,12.43,12.33,12.4
2025-12-30 04:00:00,12.41,12.46,12.36,12.43
2025-12-30 08:00:00,12.43,12.56,12.43,12.51
2025-12-30 12:00:00,12.51,12.6,12.44,12.59
2025-12-30 16:00:00,12.59,12.64,12.45,12.5
2025-12-30 20:00:00,12.49,12.6,12.45,12.58
2025-12-31 00:00:00,12.58,12.72,12.5,12.59
2025-12-31 04:00:00,12.59,12.63,12.51,12.54
2025-12-31 08:00:00,12.55,12.58,12.47,12.58
2025-12-31 12:00:00,12.58,12.67,12.43,12.47
2025-12-31 16:00:00,12.47,12.47,12.21,12.32
2025-12-31 20:00:00,12.32,12.4,12.26,12.32
2026-01-01 00:00:00,12.32,12.38,12.28,12.28
2026-01-01 04:00:00,12.28,12.3,12.23,12.28
2026-01-01 08:00:00,12.28,12.38,12.27,12.37
2026-01-01 12:00:00,12.38,12.56,12.34,12.52
2026-01-01 16:00:00,12.53,13.58,12.49,13.55
2026-01-01 20:00:00,13.55,13.69,13.39,13.59
2026-01-02 00:00:00,13.59,13.86,13.51,13.73
2026-01-02 04:00:00,13.74,13.75,13.38,13.4
2026-01-02 08:00:00,13.39,13.59,13.34,13.39
2026-01-02 12:00:00,13.39,13.47,13.09,13.29
2026-01-02 16:00:00,13.3,13.67,13.28,13.65
2026-01-02 20:00:00,13.65,13.98,13.56,13.82
2026-01-03 00:00:00,13.82,14.29,13.79,14.26
2026-01-03 04:00:00,14.26,14.28,13.67,13.73
2026-01-03 08:00:00,13.72,14.01,13.71,13.99
2026-01-03 12:00:00,13.98,14.4,13.83,13.86
2026-01-03 16:00:00,13.87,13.98,13.79,13.85
2026-01-03 20:00:00,13.86,14.02,13.8,13.99
2026-01-04 00:00:00,13.98,14.09,13.9,14.01
2026-01-04 04:00:00,14.01,14.14,13.95,14.05
2026-01-04 08:00:00,14.04,14.1,13.97,14.08
2026-01-04 12:00:00,14.07,14.22,14.01,14.19
2026-01-04 16:00:00,14.19,14.3,14,14.14
2026-01-04 20:00:00,14.14,14.49,14.12,14.25
2026-01-05 00:00:00,14.25,14.53,14.21,14.39
2026-01-05 04:00:00,14.39,14.41,14.08,14.28
2026-01-05 08:00:00,14.27,14.37,14.13,14.2
2026-01-05 12:00:00,14.21,14.29,14.03,14.19
2026-01-05 16:00:00,14.18,14.36,13.91,14.27
2026-01-05 20:00:00,14.28,14.72,14.25,14.45
2026-01-06 00:00:00,14.46,14.75,14.25,14.42
2026-01-06 04:00:00,14.43,14.57,14.24,14.28
2026-01-06 08:00:00,14.28,14.53,14.25,14.53
2026-01-06 12:00:00,14.53,14.83,14.42,14.53
2026-01-06 16:00:00,14.53,14.61,14.28,14.48
2026-01-06 20:00:00,14.48,14.78,14.45,14.59
2026-01-07 00:00:00,14.6,14.6,14.4,14.48
2026-01-07 04:00:00,14.48,14.54,14.42,14.52
2026-01-07 08:00:00,14.52,14.56,14.42,14.49
2026-01-07 12:00:00,14.49,14.51,13.95,14.01
2026-01-07 16:00:00,14.01,14.16,13.88,14.11
2026-01-07 20:00:00,14.12,14.19,14,14.11
2026-01-08 00:00:00,14.12,14.25,14.01,14.03
2026-01-08 04:00:00,14.03,14.14,13.68,13.9
2026-01-08 08:00:00,13.91,13.98,13.68,13.9
2026-01-08 12:00:00,13.9,13.95,13.6,13.94
2026-01-08 16:00:00,13.94,14.04,13.82,13.86
2026-01-08 20:00:00,13.86,14,13.73,13.89
2026-01-09 00:00:00,13.89,14.05,13.85,13.98
2026-01-09 04:00:00,13.98,14.04,13.91,13.93
2026-01-09 08:00:00,13.94,13.95,13.62,13.77
2026-01-09 12:00:00,13.78,14.17,13.61,13.98
2026-01-09 16:00:00,13.98,14.22,13.69,13.75
2026-01-09 20:00:00,13.74,13.86,13.72,13.79
2026-01-10 00:00:00,13.78,13.8,13.65,13.7
2026-01-10 04:00:00,13.7,13.84,13.64,13.81
2026-01-10 08:00:00,13.82,13.87,13.75,13.87
2026-01-10 12:00:00,13.86,13.88,13.8,13.84
2026-01-10 16:00:00,13.84,13.94,13.81,13.86
2026-01-10 20:00:00,13.86,13.88,13.69,13.74
2026-01-11 00:00:00,13.73,13.75,13.68,13.73
2026-01-11 04:00:00,13.72,13.84,13.71,13.81
2026-01-11 08:00:00,13.82,13.84,13.76,13.81
2026-01-11 12:00:00,13.82,13.98,13.75,13.8
2026-01-11 16:00:00,13.8,13.99,13.79,13.84
2026-01-11 20:00:00,13.84,13.84,13.48,13.7
2026-01-12 00:00:00,13.71,14.22,13.61,13.98
2026-01-12 04:00:00,13.99,14.06,13.73,13.75
2026-01-12 08:00:00,13.74,13.81,13.51,13.65
2026-01-12 12:00:00,13.65,13.91,13.39,13.87
2026-01-12 16:00:00,13.88,14,13.62,13.72
2026-01-12 20:00:00,13.72,13.78,13.47,13.53
2026-01-13 00:00:00,13.52,13.62,13.48,13.59
2026-01-13 04:00:00,13.59,13.83,13.58,13.72
2026-01-13 08:00:00,13.72,13.86,13.71,13.76
2026-01-13 12:00:00,13.76,14.37,13.72,14.36
2026-01-13 16:00:00,14.37,14.61,14.37,14.52
2026-01-13 20:00:00,14.52,14.85,14.47,14.75
2026-01-14 00:00:00,14.76,14.8,14.7,14.76
2026-01-14 04:00:00,14.77,14.77,14.66,14.68
2026-01-14 08:00:00,14.69,14.75,14.49,14.51
2026-01-14 12:00:00,14.52,14.77,14.41,14.76
2026-01-14 16:00:00,14.76,14.95,14.41,14.64
2026-01-14 20:00:00,14.64,14.74,14.55,14.6
2026-01-15 00:00:00,14.6,14.63,14.12,14.15
2026-01-15 04:00:00,14.15,14.38,14.14,14.35
2026-01-15 08:00:00,14.35,14.48,14.3,14.31
2026-01-15 12:00:00,14.31,14.43,13.81,14.07
2026-01-15 16:00:00,14.06,14.08,13.63,13.75
2026-01-15 20:00:00,13.74,13.83,13.61,13.82
2026-01-16 00:00:00,13.82,13.86,13.71,13.75
2026-01-16 04:00:00,13.75,13.84,13.68,13.81
2026-01-16 08:00:00,13.82,13.87,13.73,13.8
2026-01-16 12:00:00,13.79,13.82,13.33,13.41
2026-01-16 16:00:00,13.4,13.46,13.19,13.4
2026-01-16 20:00:00,13.4,13.66,13.3,13.59
2026-01-17 00:00:00,13.59,13.64,13.54,13.57
2026-01-17 04:00:00,13.57,13.61,13.53,13.6
2026-01-17 08:00:00,13.61,13.71,13.6,13.64
2026-01-17 12:00:00,13.64,13.97,13.64,13.89
2026-01-17 16:00:00,13.9,13.9,13.75,13.82
2026-01-17 20:00:00,13.83,13.86,13.72,13.75
2026-01-18 00:00:00,13.75,13.83,13.64,13.68
2026-01-18 04:00:00,13.67,13.71,13.57,13.63
2026-01-18 08:00:00,13.62,13.66,13.57,13.59
2026-01-18 12:00:00,13.58,13.63,13.47,13.57
2026-01-18 16:00:00,13.57,13.74,13.54,13.66
2026-01-18 20:00:00,13.66,13.76,12.94,12.98
2026-01-19 00:00:00,12.98,12.99,12.09,12.71
2026-01-19 04:00:00,12.71,12.74,12.55,12.64
2026-01-19 08:00:00,12.64,12.84,12.62,12.71
2026-01-19 12:00:00,12.7,12.79,12.66,12.73
2026-01-19 16:00:00,12.72,12.86,12.62,12.81
2026-01-19 20:00:00,12.82,12.84,12.63,12.74
2026-01-20 00:00:00,12.73,12.75,12.63,12.71
2026-01-20 04:00:00,12.7,12.76,12.53,12.56
2026-01-20 08:00:00,12.56,12.65,12.41,12.46
2026-01-20 12:00:00,12.46,12.55,12.31,12.4
2026-01-20 16:00:00,12.4,12.44,12.06,12.19
2026-01-20 20:00:00,12.19,12.3,11.97,12.09
2026-01-21 00:00:00,12.09,12.34,12.06,12.29
2026-01-21 04:00:00,12.29,12.39,12.22,12.24
2026-01-21 08:00:00,12.24,12.28,12.1,12.11
2026-01-21 12:00:00,12.11,12.42,11.96,12.4
2026-01-21 16:00:00,12.39,12.61,11.88,12.59
2026-01-21 20:00:00,12.59,12.73,12.38,12.42
2026-01-22 00:00:00,12.42,12.62,12.42,12.49
2026-01-22 04:00:00,12.49,12.56,12.42,12.43
2026-01-22 08:00:00,12.44,12.5,12.35,12.35
2026-01-22 12:00:00,12.35,12.4,12.04,12.17
2026-01-22 16:00:00,12.17,12.26,12.08,12.16
2026-01-22 20:00:00,12.17,12.2,12.08,12.2
2026-01-23 00:00:00,12.2,12.3,12.17,12.26
2026-01-23 04:00:00,12.26,12.38,12.11,12.13
2026-01-23 08:00:00,12.13,12.21,12.04,12.2
2026-01-23 12:00:00,12.2,12.26,11.99,12.24
2026-01-23 16:00:00,12.24,12.5,12.13,12.17
2026-01-23 20:00:00,12.18,12.2,12.03,12.13
2026-01-24 00:00:00,12.13,12.18,12.1,12.15
2026-01-24 04:00:00,12.15,12.19,12.11,12.12
2026-01-24 08:00:00,12.12,12.14,12.06,12.12
2026-01-24 12:00:00,12.12,12.15,12.02,12.04
2026-01-24 16:00:00,12.03,12.08,11.97,12.04
2026-01-24 20:00:00,12.03,12.12,12.03,12.05
2026-01-25 00:00:00,12.05,12.08,11.87,11.93
2026-01-25 04:00:00,11.93,12,11.88,11.93
2026-01-25 08:00:00,11.93,12.06,11.83,11.96
2026-01-25 12:00:00,11.95,11.97,11.81,11.85
2026-01-25 16:00:00,11.85,11.86,11.23,11.3
2026-01-25 20:00:00,11.3,11.52,11.25,11.49
2026-01-26 00:00:00,11.49,11.75,11.46,11.53
2026-01-26 04:00:00,11.54,11.72,11.53,11.69
2026-01-26 08:00:00,11.69,11.78,11.61,11.67
2026-01-26 12:00:00,11.67,11.92,11.63,11.76
2026-01-26 16:00:00,11.76,11.82,11.62,11.7
2026-01-26 20:00:00,11.71,11.8,11.63,11.72
2026-01-27 00:00:00,11.72,11.85,11.69,11.79
2026-01-27 04:00:00,11.78,11.84,11.72,11.76
2026-01-27 08:00:00,11.76,11.79,11.65,11.68
2026-01-27 12:00:00,11.69,11.74,11.6,11.72
2026-01-27 16:00:00,11.72,11.96,11.58,11.86
2026-01-27 20:00:00,11.86,12.2,11.84,12.14
2026-01-28 00:00:00,12.14,12.17,12.03,12.06
2026-01-28 04:00:00,12.07,12.16,12.02,12.09
2026-01-28 08:00:00,12.08,12.25,12.02,12.24
2026-01-28 12:00:00,12.23,12.29,11.95,12.02
2026-01-28 16:00:00,12.01,12.14,11.93,12.06
2026-01-28 20:00:00,12.06,12.18,11.96,12.07
2026-01-29 00:00:00,12.08,12.1,11.75,11.79
2026-01-29 04:00:00,11.79,11.86,11.69,11.8
2026-01-29 08:00:00,11.8,11.81,11.64,11.66
2026-01-29 12:00:00,11.67,11.67,10.87,11.01
2026-01-29 16:00:00,11.01,11.17,10.8,10.99
2026-01-29 20:00:00,10.99,11.07,10.96,11.04
2026-01-30 00:00:00,11.04,11.09,10.7,10.92
2026-01-30 04:00:00,10.93,11.02,10.72,10.96
2026-01-30 08:00:00,10.95,11.05,10.8,11
2026-01-30 12:00:00,11.01,11.02,10.8,10.94
2026-01-30 16:00:00,10.94,11.05,10.63,10.99
2026-01-30 20:00:00,11,11,10.82,10.87
2026-01-31 00:00:00,10.88,10.9,10.82,10.84
2026-01-31 04:00:00,10.84,10.87,10.58,10.66
2026-01-31 08:00:00,10.66,10.69,10.42,10.6
2026-01-31 12:00:00,10.6,10.61,10,10.16
2026-01-31 16:00:00,10.17,10.29,9.16,9.84
2026-01-31 20:00:00,9.84,10.18,9.74,10.12
2026-02-01 00:00:00,10.12,10.23,10.1,10.21
2026-02-01 04:00:00,10.21,10.26,10.13,10.19
2026-02-01 08:00:00,10.19,10.22,10.02,10.13
2026-02-01 12:00:00,10.13,10.15,9.73,9.86
2026-02-01 16:00:00,9.85,10.1,9.75,9.89
2026-02-01 20:00:00,9.89,10.07,9.67,9.91
2026-02-02 00:00:00,9.91,10.13,9.53,9.86
2026-02-02 04:00:00,9.87,10,9.54,9.89
2026-02-02 08:00:00,9.88,10.07,9.86,9.99
2026-02-02 12:00:00,9.98,10.32,9.98,10.24
2026-02-02 16:00:00,10.24,10.28,10.12,10.14
2026-02-02 20:00:00,10.13,10.2,10.07,10.14
2026-02-03 00:00:00,10.14,10.16,9.95,10.14
2026-02-03 04:00:00,10.14,10.21,10.04,10.15
2026-02-03 08:00:00,10.15,10.18,9.97,10.08
2026-02-03 12:00:00,10.08,10.17,9.91,10.15
2026-02-03 16:00:00,10.16,10.16,9.54,9.97
2026-02-03 20:00:00,9.96,10.34,9.85,9.93
2026-02-04 00:00:00,9.92,10.14,9.89,10.11
2026-02-04 04:00:00,10.1,10.17,10.02,10.16
2026-02-04 08:00:00,10.15,10.17,9.93,10.02
2026-02-04 12:00:00,10.02,10.04,9.62,9.73
2026-02-04 16:00:00,9.73,9.96,9.57,9.93
2026-02-04 20:00:00,9.94,9.96,9.55,9.72
2026-02-05 00:00:00,9.71,9.85,9.59,9.62
2026-02-05 04:00:00,9.62,9.67,9.45,9.5
2026-02-05 08:00:00,9.51,9.68,9.18,9.26
2026-02-05 12:00:00,9.27,9.45,8.72,8.86
2026-02-05 16:00:00,8.86,9.09,8.67,8.69
2026-02-05 20:00:00,8.7,8.77,8.24,8.32
2026-02-06 00:00:00,8.32,8.53,7.55,8.26
2026-02-06 04:00:00,8.26,8.64,8.23,8.42
2026-02-06 08:00:00,8.42,8.74,8.33,8.71
2026-02-06 12:00:00,8.71,9.07,8.64,9.04
2026-02-06 16:00:00,9.03,9.48,9,9.24
2026-02-06 20:00:00,9.24,9.38,9.1,9.28
2026-02-07 00:00:00,9.28,9.32,9.13,9.29
2026-02-07 04:00:00,9.28,9.37,8.91,9
2026-02-07 08:00:00,8.99,9.1,8.93,8.99
2026-02-07 12:00:00,8.98,9.26,8.97,9.17
2026-02-07 16:00:00,9.18,9.4,9.14,9.26
2026-02-07 20:00:00,9.25,9.33,9.18,9.23
2026-02-08 00:00:00,9.22,9.25,9.11,9.13
2026-02-08 04:00:00,9.13,9.18,9.07,9.14
2026-02-08 08:00:00,9.15,9.3,9.1,9.27
2026-02-08 12:00:00,9.28,9.29,9.15,9.17
2026-02-08 16:00:00,9.18,9.23,9,9.2
2026-02-08 20:00:00,9.21,9.26,9.01,9.08
2026-02-09 00:00:00,9.08,9.21,9.03,9.18
2026-02-09 04:00:00,9.19,9.19,9.02,9.03
2026-02-09 08:00:00,9.03,9.05,8.72,8.78
2026-02-09 12:00:00,8.79,9,8.74,9
2026-02-09 16:00:00,9,9.19,8.91,9.11
2026-02-09 20:00:00,9.11,9.15,8.99,9.06
2026-02-10 00:00:00,9.06,9.11,8.86,8.91
2026-02-10 04:00:00,8.91,8.99,8.74,8.82
2026-02-10 08:00:00,8.83,8.91,8.78,8.78
2026-02-10 12:00:00,8.79,8.88,8.71,8.79
2026-02-10 16:00:00,8.78,8.85,8.67,8.72
2026-02-10 20:00:00,8.73,8.76,8.65,8.76
2026-02-11 00:00:00,8.76,8.97,8.73,8.88
2026-02-11 04:00:00,8.87,8.89,8.55,8.59
2026-02-11 08:00:00,8.58,8.6,8.48,8.59
2026-02-11 12:00:00,8.59,8.9,8.43,8.52
2026-02-11 16:00:00,8.51,8.76,8.49,8.71
2026-02-11 20:00:00,8.7,8.81,8.58,8.63
2026-02-12 00:00:00,8.63,8.79,8.63,8.75
2026-02-12 04:00:00,8.75,8.85,8.68,8.82
2026-02-12 08:00:00,8.81,8.97,8.78,8.91
2026-02-12 12:00:00,8.91,8.97,8.79,8.8
2026-02-12 16:00:00,8.81,8.86,8.62,8.77
2026-02-12 20:00:00,8.76,8.91,8.68,8.9
2026-02-13 00:00:00,8.9,8.94,8.82,8.86
2026-02-13 04:00:00,8.86,8.87,8.74,8.84
2026-02-13 08:00:00,8.83,8.91,8.81,8.88
2026-02-13 12:00:00,8.88,9.22,8.82,9.1
2026-02-13 16:00:00,9.1,9.26,9.1,9.18
2026-02-13 20:00:00,9.18,9.25,9.14,9.14
2026-02-14 00:00:00,9.15,9.22,9.12,9.2
2026-02-14 04:00:00,9.2,9.21,9.13,9.2
2026-02-14 08:00:00,9.19,9.39,9.19,9.38
2026-02-14 12:00:00,9.38,9.4,9.25,9.38
2026-02-14 16:00:00,9.39,9.64,9.34,9.63
2026-02-14 20:00:00,9.64,9.72,9.54,9.59
2026-02-15 00:00:00,9.6,9.64,9.47,9.6
2026-02-15 04:00:00,9.59,9.75,9.58,9.7
2026-02-15 08:00:00,9.7,9.71,9.51,9.52
2026-02-15 12:00:00,9.52,9.54,9.28,9.38
2026-02-15 16:00:00,9.38,9.39,9.14,9.18
2026-02-15 20:00:00,9.18,9.31,9.14,9.29
2026-02-16 00:00:00,9.29,9.34,9.2,9.24
2026-02-16 04:00:00,9.24,9.34,9.18,9.26
2026-02-16 08:00:00,9.26,9.35,9.17,9.27
2026-02-16 12:00:00,9.27,9.42,9.05,9.09
2026-02-16 16:00:00,9.09,9.19,9.06,9.15
2026-02-16 20:00:00,9.14,9.31,9.11,9.26
2026-02-17 00:00:00,9.26,9.3,9.18,9.22
2026-02-17 04:00:00,9.23,9.25,9.13,9.2
2026-02-17 08:00:00,9.2,9.22,9.06,9.11
2026-02-17 12:00:00,9.11,9.23,9,9.08
2026-02-17 16:00:00,9.08,9.29,9.04,9.18
2026-02-17 20:00:00,9.17,9.2,9.13,9.14
2026-02-18 00:00:00,9.13,9.17,9.06,9.11
2026-02-18 04:00:00,9.11,9.15,9.03,9.12
2026-02-18 08:00:00,9.13,9.21,9,9.05
2026-02-18 12:00:00,9.05,9.2,8.94,9.12
2026-02-18 16:00:00,9.12,9.12,8.82,8.89
2026-02-18 20:00:00,8.88,8.92,8.8,8.86
2026-02-19 00:00:00,8.86,8.93,8.83,8.91
2026-02-19 04:00:00,8.91,8.94,8.84,8.9
2026-02-19 08:00:00,8.91,8.91,8.78,8.79
2026-02-19 12:00:00,8.8,8.86,8.66,8.83
2026-02-19 16:00:00,8.83,8.94,8.74,8.89
2026-02-19 20:00:00,8.88,8.94,8.86,8.91
2026-02-20 00:00:00,8.9,8.98,8.89,8.94
2026-02-20 04:00:00,8.95,9.29,8.88,9.19
2026-02-20 08:00:00,9.19,9.36,9.1,9.12
2026-02-20 12:00:00,9.12,9.2,8.93,9.18
2026-02-20 16:00:00,9.18,9.25,9,9.14
2026-02-20 20:00:00,9.15,9.18,9.1,9.17
2026-02-21 00:00:00,9.17,9.2,9.12,9.16
2026-02-21 04:00:00,9.17,9.21,9.13,9.15
2026-02-21 08:00:00,9.15,9.3,9.14,9.27
2026-02-21 12:00:00,9.28,9.45,9.25,9.29
2026-02-21 16:00:00,9.28,9.31,9.2,9.27
2026-02-21 20:00:00,9.26,9.28,9.11,9.12
2026-02-22 00:00:00,9.12,9.12,9.01,9.05
2026-02-22 04:00:00,9.05,9.07,8.96,9.02
2026-02-22 08:00:00,9.01,9.06,8.97,9.01
2026-02-22 12:00:00,9,9.01,8.82,8.88
2026-02-22 16:00:00,8.89,8.89,8.8,8.83
2026-02-22 20:00:00,8.82,8.89,8.79,8.87
2026-02-23 00:00:00,8.87,8.9,8.33,8.41
2026-02-23 04:00:00,8.42,8.61,8.33,8.57
2026-02-23 08:00:00,8.56,8.72,8.5,8.65
2026-02-23 12:00:00,8.65,8.78,8.55,8.57
2026-02-23 16:00:00,8.57,8.62,8.34,8.37
2026-02-23 20:00:00,8.37,8.45,8.27,8.36
2026-02-24 00:00:00,8.37,8.45,8.21,8.31
2026-02-24 04:00:00,8.31,8.32,8.21,8.26
2026-02-24 08:00:00,8.26,8.34,8.23,8.32
2026-02-24 12:00:00,8.32,8.38,8.18,8.34
2026-02-24 16:00:00,8.33,8.43,8.32,8.35
2026-02-24 20:00:00,8.35,8.38,8.25,8.29
2026-02-25 00:00:00,8.28,8.71,8.26,8.51
2026-02-25 04:00:00,8.51,8.59,8.41,8.57
2026-02-25 08:00:00,8.58,8.99,8.54,8.97
2026-02-25 12:00:00,8.97,9.6,8.95,9.52
2026-02-25 16:00:00,9.53,9.82,9.53,9.74
2026-02-25 20:00:00,9.75,9.83,9.41,9.51
2026-02-26 00:00:00,9.51,9.64,9.43,9.45
2026-02-26 04:00:00,9.45,9.57,9.32,9.32
2026-02-26 08:00:00,9.32,9.41,9.24,9.24
2026-02-26 12:00:00,9.24,9.39,9.21,9.31
2026-02-26 16:00:00,9.31,9.35,9.09,9.31
2026-02-26 20:00:00,9.3,9.34,9.23,9.31
2026-02-27 00:00:00,9.31,9.43,9.25,9.41
2026-02-27 04:00:00,9.41,9.48,9.34,9.38
2026-02-27 08:00:00,9.38,9.43,8.99,9.04
2026-02-27 12:00:00,9.03,9.06,8.92,9.02
2026-02-27 16:00:00,9.01,9.02,8.85,8.9
2026-02-27 20:00:00,8.89,8.97,8.78,8.95
2026-02-28 00:00:00,8.95,8.98,8.87,8.89
2026-02-28 04:00:00,8.89,8.91,8.49,8.63
2026-02-28 08:00:00,8.62,8.63,8.42,8.47
2026-02-28 12:00:00,8.47,8.75,8.46,8.64
2026-02-28 16:00:00,8.63,8.99,8.61,8.94
2026-02-28 20:00:00,8.93,9.27,8.91,9.16
2026-03-01 00:00:00,9.17,9.43,9.05,9.26
2026-03-01 04:00:00,9.26,9.31,9.16,9.22
2026-03-01 08:00:00,9.22,9.26,9.1,9.12
2026-03-01 12:00:00,9.12,9.24,9.03,9.13
2026-03-01 16:00:00,9.13,9.17,8.94,8.96
2026-03-01 20:00:00,8.95,9.08,8.85,9.04
2026-03-02 00:00:00,9.03,9.2,9,9.12
2026-03-02 04:00:00,9.12,9.14,8.88,8.93
2026-03-02 08:00:00,8.93,9.04,8.86,8.98
2026-03-02 12:00:00,8.98,9.4,8.9,9.3
2026-03-02 16:00:00,9.31,9.48,9.19,9.23
2026-03-02 20:00:00,9.24,9.29,9.15,9.17
2026-03-03 00:00:00,9.18,9.26,9.08,9.16
2026-03-03 04:00:00,9.15,9.2,9.07,9.12
2026-03-03 08:00:00,9.11,9.13,8.94,9.01
2026-03-03 12:00:00,9.02,9.19,8.9,9.17
2026-03-03 16:00:00,9.16,9.34,9.09,9.18
2026-03-03 20:00:00,9.18,9.25,9.07,9.18
2026-03-04 00:00:00,9.18,9.25,9.1,9.18
2026-03-04 04:00:00,9.18,9.2,9,9.18
2026-03-04 08:00:00,9.18,9.5,9.16,9.3
2026-03-04 12:00:00,9.3,9.73,9.24,9.72
2026-03-04 16:00:00,9.71,9.78,9.51,9.67
2026-03-04 20:00:00,9.66,9.68,9.43,9.5
2026-03-05 00:00:00,9.49,9.54,9.41,9.45
2026-03-05 04:00:00,9.46,9.51,9.34,9.38
2026-03-05 08:00:00,9.39,9.58,9.36,9.46
2026-03-05 12:00:00,9.45,9.53,9.34,9.41
2026-03-05 16:00:00,9.41,9.46,9.26,9.39
2026-03-05 20:00:00,9.39,9.51,9.37,9.39
2026-03-06 00:00:00,9.38,9.45,9.33,9.42
2026-03-06 04:00:00,9.42,9.46,9.31,9.46
2026-03-06 08:00:00,9.46,9.46,9.24,9.26
2026-03-06 12:00:00,9.25,9.26,8.92,8.98
2026-03-06 16:00:00,8.97,9.01,8.88,8.96
2026-03-06 20:00:00,8.97,9.07,8.92,9.01
2026-03-07 00:00:00,9.01,9.08,9,9.03
2026-03-07 04:00:00,9.03,9.03,8.96,9.01
2026-03-07 08:00:00,9.01,9.06,8.98,9.02
2026-03-07 12:00:00,9.01,9.03,8.94,8.97
2026-03-07 16:00:00,8.96,9.02,8.87,8.89
2026-03-07 20:00:00,8.89,8.94,8.87,8.91
2026-03-08 00:00:00,8.91,8.92,8.81,8.85
2026-03-08 04:00:00,8.86,8.91,8.79,8.89
2026-03-08 08:00:00,8.89,9.02,8.84,8.91
2026-03-08 12:00:00,8.92,9.02,8.84,8.88
2026-03-08 16:00:00,8.87,8.98,8.82,8.96
2026-03-08 20:00:00,8.96,8.99,8.69,8.82
2026-03-09 00:00:00,8.82,9.09,8.81,8.97
2026-03-09 04:00:00,8.98,9.29,8.97,9.08
2026-03-09 08:00:00,9.08,9.18,9.02,9.09
2026-03-09 12:00:00,9.08,9.33,9.08,9.28
2026-03-09 16:00:00,9.27,9.53,9.21,9.39
2026-03-09 20:00:00,9.39,9.43,9.23,9.26
2026-03-10 00:00:00,9.26,9.51,9.25,9.33
2026-03-10 04:00:00,9.33,9.48,9.33,9.41
2026-03-10 08:00:00,9.41,9.6,9.4,9.5
2026-03-10 12:00:00,9.49,9.81,9.31,9.77
2026-03-10 16:00:00,9.77,9.96,9.55,9.6
2026-03-10 20:00:00,9.6,9.66,9.49,9.53
2026-03-11 00:00:00,9.53,9.6,9.48,9.54
2026-03-11 04:00:00,9.55,9.74,9.49,9.51
2026-03-11 08:00:00,9.51,9.62,9.49,9.55
2026-03-11 12:00:00,9.56,9.86,9.51,9.6
2026-03-11 16:00:00,9.6,9.76,9.57,9.7
2026-03-11 20:00:00,9.7,9.71,9.53,9.55
2026-03-12 00:00:00,9.56,9.57,9.43,9.49
2026-03-12 04:00:00,9.49,9.59,9.45,9.59
2026-03-12 08:00:00,9.58,9.66,9.51,9.57
2026-03-12 12:00:00,9.58,9.65,9.44,9.59
2026-03-12 16:00:00,9.59,9.62,9.52,9.61
2026-03-12 20:00:00,9.6,9.74,9.59,9.67
2026-03-13 00:00:00,9.67,10.01,9.65,9.95
2026-03-13 04:00:00,9.95,10,9.82,9.85
2026-03-13 08:00:00,9.86,10.04,9.8,10.01
2026-03-13 12:00:00,10.01,10.29,9.87,9.89
2026-03-13 16:00:00,9.89,9.93,9.73,9.77
2026-03-13 20:00:00,9.78,9.83,9.67,9.72
2026-03-14 00:00:00,9.72,9.76,9.63,9.74
2026-03-14 04:00:00,9.74,9.78,9.58,9.59
2026-03-14 08:00:00,9.59,9.62,9.52,9.58
2026-03-14 12:00:00,9.57,9.59,9.54,9.56
2026-03-14 16:00:00,9.56,9.61,9.55,9.57
2026-03-14 20:00:00,9.57,9.73,9.56,9.73
2026-03-15 00:00:00,9.73,9.81,9.65,9.71
2026-03-15 04:00:00,9.71,9.76,9.66,9.72
2026-03-15 08:00:00,9.72,9.87,9.71,9.8
2026-03-15 12:00:00,9.8,9.88,9.7,9.71
2026-03-15 16:00:00,9.71,9.8,9.67,9.77
2026-03-15 20:00:00,9.76,10.04,9.73,9.95
2026-03-16 00:00:00,9.94,10.41,9.88,10.26
2026-03-16 04:00:00,10.27,10.52,10.26,10.37
2026-03-16 08:00:00,10.37,10.45,10.18,10.22
2026-03-16 12:00:00,10.21,10.28,10.04,10.08
2026-03-16 16:00:00,10.08,10.34,10.07,10.27
2026-03-16 20:00:00,10.28,10.51,10.26,10.49
2026-03-17 00:00:00,10.48,10.55,10.28,10.35
2026-03-17 04:00:00,10.35,10.39,10.24,10.31
2026-03-17 08:00:00,10.32,10.36,10.23,10.26
2026-03-17 12:00:00,10.26,10.34,10.21,10.27
2026-03-17 16:00:00,10.27,10.33,10.24,10.25
2026-03-17 20:00:00,10.25,10.34,10.18,10.2
2026-03-18 00:00:00,10.2,10.36,10.16,10.32
2026-03-18 04:00:00,10.32,10.33,10.22,10.25
2026-03-18 08:00:00,10.25,10.29,9.93,9.98
2026-03-18 12:00:00,9.98,9.98,9.48,9.57
2026-03-18 16:00:00,9.56,9.72,9.49,9.62
2026-03-18 20:00:00,9.62,9.74,9.54,9.69
2026-03-19 00:00:00,9.68,9.75,9.61,9.67
2026-03-19 04:00:00,9.66,9.67,9.44,9.51
2026-03-19 08:00:00,9.52,9.62,9.48,9.54
2026-03-19 12:00:00,9.55,9.55,9.33,9.4
2026-03-19 16:00:00,9.41,9.58,9.33,9.51
2026-03-19 20:00:00,9.51,9.55,9.42,9.48
2026-03-20 00:00:00,9.48,9.6,9.46,9.57
2026-03-20 04:00:00,9.57,9.6,9.45,9.53
2026-03-20 08:00:00,9.53,9.61,9.49,9.52
2026-03-20 12:00:00,9.52,9.55,9.42,9.49
2026-03-20 16:00:00,9.49,9.54,9.41,9.53
2026-03-20 20:00:00,9.54,9.65,9.45,9.56
2026-03-21 00:00:00,9.57,9.62,9.53,9.59
2026-03-21 04:00:00,9.59,9.64,9.55,9.59
2026-03-21 08:00:00,9.59,9.6,9.49,9.51
2026-03-21 12:00:00,9.5,9.55,9.46,9.54
2026-03-21 16:00:00,9.54,9.57,9.47,9.5
2026-03-21 20:00:00,9.5,9.53,9.15,9.21
2026-03-22 00:00:00,9.21,9.36,9.05,9.28
2026-03-22 04:00:00,9.28,9.32,9.19,9.19
2026-03-22 08:00:00,9.19,9.19,9.06,9.07
2026-03-22 12:00:00,9.06,9.14,9.06,9.1
2026-03-22 16:00:00,9.1,9.11,8.95,8.98
2026-03-22 20:00:00,8.98,9.09,8.87,9.03
2026-03-23 00:00:00,9.03,9.19,8.99,9.1
2026-03-23 04:00:00,9.11,9.18,8.95,9.02
2026-03-23 08:00:00,9.03,9.59,8.92,9.38
2026-03-23 12:00:00,9.39,9.76,9.34,9.42
2026-03-23 16:00:00,9.42,9.58,9.36,9.47
2026-03-23 20:00:00,9.46,9.58,9.44,9.56
2026-03-24 00:00:00,9.56,9.6,9.45,9.57
2026-03-24 04:00:00,9.58,9.62,9.47,9.6
2026-03-24 08:00:00,9.61,9.64,9.51,9.55
2026-03-24 12:00:00,9.55,9.56,9.39,9.44
2026-03-24 16:00:00,9.44,9.48,9.35,9.39
2026-03-24 20:00:00,9.39,9.65,9.38,9.62
2026-03-25 00:00:00,9.63,9.66,9.56,9.62
2026-03-25 04:00:00,9.62,9.71,9.6,9.64
2026-03-25 08:00:00,9.65,9.78,9.62,9.75
2026-03-25 12:00:00,9.75,9.8,9.59,9.67
2026-03-25 16:00:00,9.67,9.76,9.63,9.68
2026-03-25 20:00:00,9.68,9.73,9.61,9.68
2026-03-26 00:00:00,9.69,9.69,9.54,9.57
2026-03-26 04:00:00,9.57,9.57,9.41,9.44
2026-03-26 08:00:00,9.45,9.45,9.23,9.23
2026-03-26 12:00:00,9.23,9.34,9.13,9.18
2026-03-26 16:00:00,9.19,9.21,8.99,9.02
2026-03-26 20:00:00,9.01,9.15,9,9.11
2026-03-27 00:00:00,9.1,9.15,9.07,9.08
2026-03-27 04:00:00,9.07,9.1,9,9.07
2026-03-27 08:00:00,9.07,9.08,8.66,8.76
2026-03-27 12:00:00,8.76,8.89,8.73,8.8
2026-03-27 16:00:00,8.81,8.82,8.66,8.77
2026-03-27 20:00:00,8.77,8.81,8.72,8.79
2026-03-28 00:00:00,8.79,8.79,8.7,8.74
2026-03-28 04:00:00,8.74,8.83,8.71,8.83
2026-03-28 08:00:00,8.84,8.85,8.77,8.82
2026-03-28 12:00:00,8.82,8.99,8.77,8.94
2026-03-28 16:00:00,8.94,8.95,8.86,8.89
2026-03-28 20:00:00,8.88,8.91,8.73,8.75
2026-03-29 00:00:00,8.76,8.82,8.73,8.8
2026-03-29 04:00:00,8.79,8.81,8.72,8.75
2026-03-29 08:00:00,8.75,8.76,8.67,8.73
2026-03-29 12:00:00,8.72,8.73,8.62,8.66
2026-03-29 16:00:00,8.66,8.68,8.57,8.61
2026-03-29 20:00:00,8.61,8.68,8.37,8.6
2026-03-30 00:00:00,8.6,8.86,8.56,8.81
2026-03-30 04:00:00,8.81,8.92,8.8,8.92
2026-03-30 08:00:00,8.92,9.08,8.89,8.99
2026-03-30 12:00:00,8.99,9.03,8.87,8.94
2026-03-30 16:00:00,8.95,8.96,8.74,8.8
2026-03-30 20:00:00,8.8,8.88,8.76,8.81
2026-03-31 00:00:00,8.81,9.07,8.79,8.97
2026-03-31 04:00:00,8.98,9,8.88,8.92
2026-03-31 08:00:00,8.92,8.92,8.69,8.77
2026-03-31 12:00:00,8.77,8.96,8.74,8.74
2026-03-31 16:00:00,8.75,8.96,8.72,8.91
2026-03-31 20:00:00,8.9,8.96,8.85,8.91
2026-04-01 00:00:00,8.91,8.99,8.87,8.96
2026-04-01 04:00:00,8.96,9.48,8.95,9.34
2026-04-01 08:00:00,9.34,9.36,9.15,9.21
2026-04-01 12:00:00,9.2,9.31,9.14,9.22
2026-04-01 16:00:00,9.22,9.31,9.12,9.16
2026-04-01 20:00:00,9.17,9.21,9.09,9.13
2026-04-02 00:00:00,9.13,9.19,8.73,8.78
2026-04-02 04:00:00,8.77,8.79,8.66,8.75
2026-04-02 08:00:00,8.74,8.74,8.63,8.69
2026-04-02 12:00:00,8.68,8.85,8.62,8.73
2026-04-02 16:00:00,8.74,8.79,8.64,8.71
2026-04-02 20:00:00,8.7,8.77,8.67,8.75
2026-04-03 00:00:00,8.75,8.82,8.73,8.81
2026-04-03 04:00:00,8.81,8.95,8.77,8.9
2026-04-03 08:00:00,8.9,8.97,8.88,8.96
2026-04-03 12:00:00,8.96,9.07,8.93,9.01
2026-04-03 16:00:00,9.01,9.15,8.93,8.96
2026-04-03 20:00:00,8.96,8.99,8.87,8.91
2026-04-04 00:00:00,8.91,8.92,8.85,8.9
2026-04-04 04:00:00,8.9,8.92,8.85,8.87
2026-04-04 08:00:00,8.88,8.91,8.84,8.89
2026-04-04 12:00:00,8.89,8.97,8.83,8.95
2026-04-04 16:00:00,8.95,9.11,8.92,9.02
2026-04-04 20:00:00,9.02,9.04,8.96,8.99
2026-04-05 00:00:00,8.99,9.03,8.94,8.95
2026-04-05 04:00:00,8.95,8.96,8.78,8.8
2026-04-05 08:00:00,8.8,8.86,8.79,8.82
2026-04-05 12:00:00,8.82,8.95,8.74,8.87
2026-04-05 16:00:00,8.88,8.89,8.81,8.85
2026-04-05 20:00:00,8.85,9.09,8.81,9.06
2026-04-06 00:00:00,9.07,9.66,9.07,9.45
2026-04-06 04:00:00,9.45,9.54,9.37,9.39
2026-04-06 08:00:00,9.39,9.51,9.38,9.44
2026-04-06 12:00:00,9.45,9.46,9.33,9.39
2026-04-06 16:00:00,9.38,9.4,9.27,9.32
2026-04-06 20:00:00,9.32,9.36,8.81,8.91
2026-04-07 00:00:00,8.9,8.93,8.63,8.69
2026-04-07 04:00:00,8.68,8.73,8.46,8.65
2026-04-07 08:00:00,8.65,8.73,8.58,8.62
2026-04-07 12:00:00,8.61,8.69,8.52,8.59
2026-04-07 16:00:00,8.59,8.81,8.56,8.79
2026-04-07 20:00:00,8.8,9.62,8.74,9.43
2026-04-08 00:00:00,9.43,9.52,9.32,9.44
2026-04-08 04:00:00,9.43,9.56,9.37,9.39
2026-04-08 08:00:00,9.4,9.41,9.28,9.3
2026-04-08 12:00:00,9.3,9.44,9.14,9.22
2026-04-08 16:00:00,9.21,9.29,9.12,9.19
2026-04-08 20:00:00,9.19,9.22,9.04,9.05
2026-04-09 00:00:00,9.05,9.06,8.92,9.03
2026-04-09 04:00:00,9.02,9.09,9,9.08
2026-04-09 08:00:00,9.08,9.17,9.04,9.08
2026-04-09 12:00:00,9.09,9.37,9.06,9.34
2026-04-09 16:00:00,9.34,9.39,9.24,9.31
2026-04-09 20:00:00,9.31,9.7,9.28,9.37
2026-04-10 00:00:00,9.37,9.42,9.27,9.31
2026-04-10 04:00:00,9.31,9.42,9.27,9.28
2026-04-10 08:00:00,9.28,9.34,9.25,9.3
2026-04-10 12:00:00,9.31,9.51,9.3,9.42
2026-04-10 16:00:00,9.42,9.56,9.35,9.53
2026-04-10 20:00:00,9.53,9.56,9.38,9.39
2026-04-11 00:00:00,9.39,9.4,9.31,9.33
2026-04-11 04:00:00,9.32,9.35,9.23,9.28
2026-04-11 08:00:00,9.29,9.32,9.25,9.28
2026-04-11 12:00:00,9.28,9.34,9.19,9.34
2026-04-11 16:00:00,9.33,9.61,9.33,9.58
2026-04-11 20:00:00,9.58,9.61,9.33,9.38
2026-04-12 00:00:00,9.37,9.39,9.03,9.09
2026-04-12 04:00:00,9.08,9.1,9,9.02
2026-04-12 08:00:00,9.02,9.05,8.98,9.03
2026-04-12 12:00:00,9.03,9.06,8.92,8.96
2026-04-12 16:00:00,8.96,9.17,8.95,9.08
2026-04-12 20:00:00,9.09,9.17,9.01,9.03
2026-04-13 00:00:00,9.04,9.17,9.02,9.07
2026-04-13 04:00:00,9.07,9.2,9.01,9.06
2026-04-13 08:00:00,9.06,9.09,8.97,9.07
2026-04-13 12:00:00,9.06,9.33,9.03,9.21
2026-04-13 16:00:00,9.21,9.42,9.15,9.4
2026-04-13 20:00:00,9.41,9.71,9.25,9.66
2026-04-14 00:00:00,9.66,9.71,9.43,9.46
2026-04-14 04:00:00,9.45,9.47,9.37,9.42
2026-04-14 08:00:00,9.42,9.46,9.38,9.39
2026-04-14 12:00:00,9.39,9.54,9.28,9.42
2026-04-14 16:00:00,9.42,9.49,9.21,9.35
2026-04-14 20:00:00,9.36,9.39,9.27,9.31
2026-04-15 00:00:00,9.3,9.39,9.28,9.35
2026-04-15 04:00:00,9.35,9.45,9.26,9.27
2026-04-15 08:00:00,9.27,9.46,9.26,9.43
2026-04-15 12:00:00,9.42,9.47,9.33,9.37
2026-04-15 16:00:00,9.36,9.57,9.36,9.53
2026-04-15 20:00:00,9.53,9.56,9.39,9.43
2026-04-16 00:00:00,9.44,9.51,9.35,9.49
2026-04-16 04:00:00,9.49,9.62,9.46,9.51
2026-04-16 08:00:00,9.51,9.52,9.35,9.46
2026-04-16 12:00:00,9.47,9.62,9.26,9.58
2026-04-16 16:00:00,9.59,9.87,9.41,9.86
2026-04-16 20:00:00,9.85,9.89,9.65,9.73
2026-04-17 00:00:00,9.72,9.75,9.54,9.55
2026-04-17 04:00:00,9.55,9.63,9.45,9.62
2026-04-17 08:00:00,9.63,9.74,9.5,9.65
2026-04-17 12:00:00,9.66,10.01,9.61,9.82
2026-04-17 16:00:00,9.81,9.95,9.74,9.79
2026-04-17 20:00:00,9.79,9.85,9.69,9.72
2026-04-18 00:00:00,9.72,9.79,9.63,9.64
2026-04-18 04:00:00,9.65,9.74,9.62,9.7
2026-04-18 08:00:00,9.7,9.71,9.35,9.4
2026-04-18 12:00:00,9.39,9.45,9.33,9.4
2026-04-18 16:00:00,9.41,9.44,9.3,9.38
2026-04-18 20:00:00,9.38,9.42,9.32,9.33
2026-04-19 00:00:00,9.33,9.34,9.21,9.3
2026-04-19 04:00:00,9.29,9.33,9.13,9.22
2026-04-19 08:00:00,9.21,9.28,9.15,9.25
2026-04-19 12:00:00,9.25,9.36,9.2,9.28
2026-04-19 16:00:00,9.29,9.29,9.13,9.2
2026-04-19 20:00:00,9.19,9.2,8.96,9
2026-04-20 00:00:00,9,9.17,8.98,9.15
2026-04-20 04:00:00,9.16,9.33,9.05,9.22
2026-04-20 08:00:00,9.23,9.28,9.16,9.22
2026-04-20 12:00:00,9.22,9.3,9.15,9.23
2026-04-20 16:00:00,9.23,9.36,9.16,9.31
2026-04-20 20:00:00,9.32,9.44,9.26,9.27
2026-04-21 00:00:00,9.27,9.37,9.25,9.29
2026-04-21 04:00:00,9.28,9.38,9.26,9.34
2026-04-21 08:00:00,9.34,9.53,9.33,9.44
2026-04-21 12:00:00,9.44,9.47,9.32,9.39
2026-04-21 16:00:00,9.39,9.44,9.17,9.2
2026-04-21 20:00:00,9.21,9.4,9.2,9.39
2026-04-22 00:00:00,9.4,9.61,9.36,9.56
2026-04-22 04:00:00,9.57,9.68,9.53,9.57
2026-04-22 08:00:00,9.58,9.64,9.53,9.58
2026-04-22 12:00:00,9.57,9.6,9.49,9.54
2026-04-22 16:00:00,9.55,9.58,9.43,9.48
2026-04-22 20:00:00,9.48,9.49,9.33,9.33
2026-04-23 00:00:00,9.33,9.36,9.21,9.27
2026-04-23 04:00:00,9.27,9.35,9.25,9.28
2026-04-23 08:00:00,9.29,9.3,9.19,9.27
2026-04-23 12:00:00,9.28,9.45,9.24,9.4
2026-04-23 16:00:00,9.4,9.41,9.16,9.28
2026-04-23 20:00:00,9.27,9.41,9.27,9.38
2026-04-24 00:00:00,9.39,9.44,9.28,9.33
2026-04-24 04:00:00,9.33,9.41,9.3,9.37
2026-04-24 08:00:00,9.37,9.47,9.32,9.44
2026-04-24 12:00:00,9.44,9.47,9.34,9.46
2026-04-24 16:00:00,9.46,9.48,9.38,9.44
2026-04-24 20:00:00,9.44,9.48,9.37,9.4
2026-04-25 00:00:00,9.4,9.46,9.38,9.44
2026-04-25 04:00:00,9.44,9.5,9.39,9.45
2026-04-25 08:00:00,9.45,9.49,9.38,9.4
2026-04-25 12:00:00,9.4,9.44,9.32,9.34
2026-04-25 16:00:00,9.34,9.37,9.28,9.3
2026-04-25 20:00:00,9.31,9.37,9.29,9.36
2026-04-26 00:00:00,9.36,9.37,9.31,9.34
2026-04-26 04:00:00,9.35,9.44,9.32,9.43
2026-04-26 08:00:00,9.43,9.53,9.41,9.48
2026-04-26 12:00:00,9.49,9.5,9.4,9.49
2026-04-26 16:00:00,9.48,9.55,9.4,9.48
2026-04-26 20:00:00,9.48,9.51,9.39,9.45
2026-04-27 00:00:00,9.46,9.57,9.42,9.51
2026-04-27 04:00:00,9.51,9.54,9.21,9.23
2026-04-27 08:00:00,9.23,9.28,9.22,9.27
2026-04-27 12:00:00,9.26,9.32,9.08,9.13
2026-04-27 16:00:00,9.13,9.21,9.1,9.18
2026-04-27 20:00:00,9.17,9.28,9.16,9.27
2026-04-28 00:00:00,9.26,9.28,9.2,9.22
2026-04-28 04:00:00,9.22,9.26,9.14,9.18
2026-04-28 08:00:00,9.17,9.23,9.12,9.15
2026-04-28 12:00:00,9.16,9.23,9.11,9.17
2026-04-28 16:00:00,9.16,9.2,9.12,9.18
2026-04-28 20:00:00,9.19,9.21,9.15,9.17
2026-04-29 00:00:00,9.17,9.26,9.14,9.26
2026-04-29 04:00:00,9.26,9.35,9.24,9.3
2026-04-29 08:00:00,9.3,9.45,9.25,9.35
2026-04-29 12:00:00,9.34,9.35,9.08,9.12
2026-04-29 16:00:00,9.12,9.19,8.92,9.06
2026-04-29 20:00:00,9.06,9.16,9.05,9.12
2026-04-30 00:00:00,9.12,9.23,9.09,9.16
2026-04-30 04:00:00,9.17,9.17,9.05,9.15
2026-04-30 08:00:00,9.16,9.23,9.11,9.14
2026-04-30 12:00:00,9.15,9.18,9.08,9.13
2026-04-30 16:00:00,9.14,9.14,9.07,9.1
2026-04-30 20:00:00,9.11,9.12,9.06,9.09
2026-05-01 00:00:00,9.1,9.21,9.09,9.15
2026-05-01 04:00:00,9.16,9.18,9.06,9.1
2026-05-01 08:00:00,9.1,9.15,9.06,9.13
2026-05-01 12:00:00,9.12,9.27,9.11,9.2
2026-05-01 16:00:00,9.2,9.22,9.13,9.16
2026-05-01 20:00:00,9.15,9.16,9.06,9.08
2026-05-02 00:00:00,9.09,9.14,9.07,9.12
2026-05-02 04:00:00,9.13,9.13,9.06,9.1
2026-05-02 08:00:00,9.09,9.13,9.07,9.08
2026-05-02 12:00:00,9.09,9.16,9.08,9.15
2026-05-02 16:00:00,9.15,9.18,9.1,9.17
2026-05-02 20:00:00,9.17,9.25,9.15,9.18
2026-05-03 00:00:00,9.19,9.2,9.02,9.05
2026-05-03 04:00:00,9.04,9.08,9,9.06
2026-05-03 08:00:00,9.05,9.11,8.97,9.08
2026-05-03 12:00:00,9.08,9.13,9.05,9.11
2026-05-03 16:00:00,9.11,9.14,9.07,9.13
2026-05-03 20:00:00,9.13,9.2,9.06,9.08
2026-05-04 00:00:00,9.08,9.34,8.99,9.29
2026-05-04 04:00:00,9.29,9.38,9.21,9.24
2026-05-04 08:00:00,9.23,9.32,9.03,9.14
2026-05-04 12:00:00,9.14,9.28,9.07,9.14
2026-05-04 16:00:00,9.14,9.3,9.09,9.23
2026-05-04 20:00:00,9.23,9.26,9.13,9.18
2026-05-05 00:00:00,9.18,9.32,9.17,9.28
2026-05-05 04:00:00,9.29,9.38,9.26,9.33
2026-05-05 08:00:00,9.33,9.43,9.31,9.39
2026-05-05 12:00:00,9.39,9.52,9.38,9.41
2026-05-05 16:00:00,9.41,9.43,9.33,9.4
2026-05-05 20:00:00,9.41,9.49,9.36,9.4
2026-05-06 00:00:00,9.4,9.58,9.37,9.56
2026-05-06 04:00:00,9.57,9.59,9.49,9.56
2026-05-06 08:00:00,9.56,9.76,9.56,9.74
2026-05-06 12:00:00,9.75,9.78,9.46,9.62
2026-05-06 16:00:00,9.62,9.67,9.56,9.61
2026-05-06 20:00:00,9.6,9.67,9.52,9.61
2026-05-07 00:00:00,9.61,9.63,9.45,9.47
2026-05-07 04:00:00,9.46,9.7,9.46,9.68
2026-05-07 08:00:00,9.69,9.69,9.52,9.57
2026-05-07 12:00:00,9.58,9.65,9.37,9.41
2026-05-07 16:00:00,9.42,9.55,9.4,9.47
2026-05-07 20:00:00,9.47,9.53,9.41,9.5
2026-05-08 00:00:00,9.51,9.54,9.43,9.49
2026-05-08 04:00:00,9.49,9.53,9.44,9.52
2026-05-08 08:00:00,9.51,9.63,9.51,9.59
2026-05-08 12:00:00,9.59,9.78,9.5,9.78
2026-05-08 16:00:00,9.78,9.96,9.7,9.91
2026-05-08 20:00:00,9.91,10.02,9.86,9.91
2026-05-09 00:00:00,9.91,10.12,9.89,9.98
2026-05-09 04:00:00,9.99,10.04,9.93,9.95
2026-05-09 08:00:00,9.95,10,9.86,9.93
2026-05-09 12:00:00,9.94,9.98,9.8,9.83
2026-05-09 16:00:00,9.84,10,9.81,10
2026-05-09 20:00:00,10,10.01,9.93,9.97
2026-05-10 00:00:00,9.96,10,9.85,9.91
2026-05-10 04:00:00,9.91,10.02,9.89,9.92
2026-05-10 08:00:00,9.92,10.07,9.91,9.98
2026-05-10 12:00:00,9.99,10.17,9.95,10.15
2026-05-10 16:00:00,10.16,10.49,10.14,10.41
2026-05-10 20:00:00,10.41,10.47,9.95,10.23
2026-05-11 00:00:00,10.23,10.26,9.97,10.03
2026-05-11 04:00:00,10.03,10.15,9.98,10.09
2026-05-11 08:00:00,10.09,10.21,10.02,10.12
2026-05-11 12:00:00,10.13,10.25,10,10.24
2026-05-11 16:00:00,10.24,10.27,10.14,10.21
2026-05-11 20:00:00,10.21,10.23,10.11,10.14
2026-05-12 00:00:00,10.14,10.17,9.98,10.02
2026-05-12 04:00:00,10.01,10.08,9.94,10.02
2026-05-12 08:00:00,10.01,10.02,9.81,9.87
2026-05-12 12:00:00,9.87,9.93,9.66,9.74
2026-05-12 16:00:00,9.73,9.89,9.68,9.87
2026-05-12 20:00:00,9.87,9.9,9.83,9.83
2026-05-13 00:00:00,9.83,10.05,9.82,10.03
2026-05-13 04:00:00,10.04,10.06,9.96,10
2026-05-13 08:00:00,10,10.16,9.94,9.95
2026-05-13 12:00:00,9.95,9.98,9.62,9.64
2026-05-13 16:00:00,9.64,9.82,9.63,9.74
2026-05-13 20:00:00,9.73,9.8,9.69,9.76
2026-05-14 00:00:00,9.76,9.82,9.63,9.65
2026-05-14 04:00:00,9.66,9.8,9.64,9.71
2026-05-14 08:00:00,9.71,9.73,9.63,9.68
2026-05-14 12:00:00,9.67,10.07,9.66,10.05
2026-05-14 16:00:00,10.06,10.14,9.93,10.02
2026-05-14 20:00:00,10.01,10.03,9.89,9.91
2026-05-15 00:00:00,9.9,9.97,9.82,9.88
2026-05-15 04:00:00,9.88,9.88,9.68,9.82
2026-05-15 08:00:00,9.82,9.83,9.73,9.79
2026-05-15 12:00:00,9.78,9.79,9.41,9.48
2026-05-15 16:00:00,9.49,9.61,9.47,9.55
2026-05-15 20:00:00,9.54,9.57,9.5,9.54
2026-05-16 00:00:00,9.53,9.58,9.51,9.53
2026-05-16 04:00:00,9.54,9.54,9.22,9.34
2026-05-16 08:00:00,9.35,9.38,9.19,9.26
2026-05-16 12:00:00,9.26,9.34,9.24,9.32
2026-05-16 16:00:00,9.32,9.38,9.31,9.31
2026-05-16 20:00:00,9.32,9.34,9.28,9.29
2026-05-17 00:00:00,9.3,9.31,9.18,9.27
2026-05-17 04:00:00,9.27,9.36,9.27,9.32
2026-05-17 08:00:00,9.32,9.42,9.29,9.36
2026-05-17 12:00:00,9.36,9.4,9.26,9.3
2026-05-17 16:00:00,9.3,9.33,9.23,9.31
2026-05-17 20:00:00,9.32,9.35,8.96,9.2
2026-05-18 00:00:00,9.19,9.24,9.11,9.2
2026-05-18 04:00:00,9.2,9.23,9.06,9.11
2026-05-18 08:00:00,9.12,9.21,9.04,9.16
2026-05-18 12:00:00,9.16,9.23,9.01,9.09
2026-05-18 16:00:00,9.09,9.2,9.01,9.18
2026-05-18 20:00:00,9.18,9.27,9.15,9.24
2026-05-19 00:00:00,9.25,9.32,9.19,9.24
2026-05-19 04:00:00,9.24,9.3,9.19,9.28
2026-05-19 08:00:00,9.28,9.28,9.08,9.1
2026-05-19 12:00:00,9.1,9.16,9.02,9.1
2026-05-19 16:00:00,9.1,9.19,9.08,9.11
2026-05-19 20:00:00,9.12,9.15,9.06,9.11
2026-05-20 00:00:00,9.1,9.14,9.06,9.12
2026-05-20 04:00:00,9.12,9.245,9.09,9.207
2026-05-20 08:00:00,9.208,9.267,9.185,9.205
2026-05-20 12:00:00,9.204,9.368,9.153,9.34
2026-05-20 16:00:00,9.341,9.4,9.271,9.318
2026-05-20 20:00:00,9.317,9.336,9.22,9.298
2026-05-21 00:00:00,9.297,9.392,9.292,9.383
2026-05-21 04:00:00,9.384,9.485,9.304,9.471
2026-05-21 08:00:00,9.472,9.517,9.284,9.296
2026-05-21 12:00:00,9.297,9.405,9.25,9.376
2026-05-21 16:00:00,9.377,9.516,9.298,9.493
2026-05-21 20:00:00,9.493,9.505,9.428,9.453
2026-05-22 00:00:00,9.453,9.507,9.384,9.503
2026-05-22 04:00:00,9.504,9.575,9.458,9.51
2026-05-22 08:00:00,9.51,9.566,9.459,9.531
2026-05-22 12:00:00,9.531,9.602,9.373,9.433
2026-05-22 16:00:00,9.433,9.466,9.148,9.22
2026-05-22 20:00:00,9.22,9.285,9.099,9.154
2026-05-23 00:00:00,9.155,9.215,9.109,9.201
2026-05-23 04:00:00,9.2,9.201,8.842,8.92
2026-05-23 08:00:00,8.92,8.93,8.834,8.9
2026-05-23 12:00:00,8.901,9.169,8.877,9.134
2026-05-23 16:00:00,9.135,9.334,9.11,9.285
2026-05-23 20:00:00,9.286,9.59,9.269,9.39
2026-05-24 00:00:00,9.391,9.429,9.32,9.33
2026-05-24 04:00:00,9.331,9.374,9.322,9.327
2026-05-24 08:00:00,9.328,9.385,9.316,9.352
2026-05-24 12:00:00,9.353,9.354,9.138,9.237
2026-05-24 16:00:00,9.236,9.272,9.21,9.235
2026-05-24 20:00:00,9.236,9.241,9.069,9.212
2026-05-25 00:00:00,9.212,9.24,9.153,9.17
2026-05-25 04:00:00,9.17,9.36,9.161,9.342
2026-05-25 08:00:00,9.343,9.422,9.325,9.377
2026-05-25 12:00:00,9.378,9.506,9.365,9.433
2026-05-25 16:00:00,9.433,9.484,9.363,9.386
2026-05-25 20:00:00,9.385,9.401,9.274,9.31
2026-05-26 00:00:00,9.31,9.313,9.168,9.225
2026-05-26 04:00:00,9.226,9.332,9.211,9.27
2026-05-26 08:00:00,9.269,9.463,9.262,9.382
2026-05-26 12:00:00,9.382,9.49,9.235,9.291
2026-05-26 16:00:00,9.291,9.291,9.12,9.173
2026-05-26 20:00:00,9.174,9.189,9.119,9.14
2026-05-27 00:00:00,9.14,9.202,9.114,9.142
2026-05-27 04:00:00,9.141,9.215,9.045,9.196
2026-05-27 08:00:00,9.195,9.227,9.126,9.153
2026-05-27 12:00:00,9.153,9.291,9.081,9.242
2026-05-27 16:00:00,9.242,9.254,9.079,9.19
2026-05-27 20:00:00,9.19,9.222,8.994,9.043
2026-05-28 00:00:00,9.042,9.071,8.86,8.88
2026-05-28 04:00:00,8.879,8.879,8.715,8.847
2026-05-28 08:00:00,8.847,8.885,8.792,8.819
2026-05-28 12:00:00,8.818,8.925,8.746,8.852
2026-05-28 16:00:00,8.851,9.074,8.815,8.916
2026-05-28 20:00:00,8.916,8.994,8.888,8.928
2026-05-29 00:00:00,8.928,8.974,8.869,8.882
2026-05-29 04:00:00,8.882,8.982,8.834,8.926
2026-05-29 08:00:00,8.926,8.977,8.836,8.874
2026-05-29 12:00:00,8.873,9.003,8.656,8.925
2026-05-29 16:00:00,8.925,8.988,8.774,8.837
2026-05-29 20:00:00,8.837,8.879,8.787,8.827
2026-05-30 00:00:00,8.827,9.049,8.812,8.973
2026-05-30 04:00:00,8.973,8.996,8.821,8.916
2026-05-30 08:00:00,8.916,8.942,8.885,8.921
2026-05-30 12:00:00,8.921,8.994,8.908,8.965
2026-05-30 16:00:00,8.964,9.009,8.942,8.991
2026-05-30 20:00:00,8.991,9.016,8.916,8.946
2026-05-31 00:00:00,8.947,9.04,8.933,9.011
2026-05-31 04:00:00,9.012,9.084,8.973,8.991
2026-05-31 08:00:00,8.99,9.038,8.957,9.016
2026-05-31 12:00:00,9.016,9.05,8.85,8.884
2026-05-31 16:00:00,8.884,8.898,8.8,8.839
2026-05-31 20:00:00,8.839,9.029,8.839,8.983
2026-06-01 00:00:00,8.983,9.074,8.868,9.02
2026-06-01 04:00:00,9.02,9.044,8.78,8.792
2026-06-01 08:00:00,8.793,8.893,8.761,8.832
2026-06-01 12:00:00,8.833,8.878,8.677,8.732
2026-06-01 16:00:00,8.731,8.969,8.686,8.959
2026-06-01 20:00:00,8.959,8.986,8.83,8.936
2026-06-02 00:00:00,8.936,8.944,8.675,8.884
2026-06-02 04:00:00,8.884,8.895,8.663,8.717
2026-06-02 08:00:00,8.718,8.744,8.66,8.683
2026-06-02 12:00:00,8.683,8.722,8.273,8.366
2026-06-02 16:00:00,8.366,8.509,8.176,8.332
2026-06-02 20:00:00,8.333,8.391,8.029,8.18
2026-06-03 00:00:00,8.181,8.266,7.993,8.052
2026-06-03 04:00:00,8.051,8.345,8.051,8.321
2026-06-03 08:00:00,8.32,8.372,8.244,8.302
2026-06-03 12:00:00,8.302,8.346,8.179,8.191
2026-06-03 16:00:00,8.192,8.198,8.029,8.044
2026-06-03 20:00:00,8.043,8.191,7.909,8.049
2026-06-04 00:00:00,8.048,8.117,7.519,8.035
2026-06-04 04:00:00,8.036,8.077,7.819,7.824
2026-06-04 08:00:00,7.825,7.85,7.543,7.663
2026-06-04 12:00:00,7.663,7.858,7.616,7.762
2026-06-04 16:00:00,7.764,7.847,7.672,7.78
2026-06-04 20:00:00,7.779,7.781,7.567,7.707
2026-06-05 00:00:00,7.706,7.724,7.313,7.317
2026-06-05 04:00:00,7.318,7.509,7.005,7.305
2026-06-05 08:00:00,7.306,7.307,7.063,7.077
2026-06-05 12:00:00,7.076,7.223,6.851,6.904
2026-06-05 16:00:00,6.903,7.109,6.584,6.7
2026-06-05 20:00:00,6.697,7.01,6.613,6.729
2026-06-06 00:00:00,6.73,6.933,6.515,6.526
2026-06-06 04:00:00,6.526,6.716,6.224,6.676
2026-06-06 08:00:00,6.677,6.838,6.571,6.683
2026-06-06 12:00:00,6.683,6.828,6.602,6.693
2026-06-06 16:00:00,6.692,6.715,6.596,6.608
2026-06-06 20:00:00,6.608,6.689,6.567,6.664
2026-06-07 00:00:00,6.665,6.841,6.652,6.757
2026-06-07 04:00:00,6.756,6.835,6.69,6.825
2026-06-07 08:00:00,6.825,6.886,6.695,6.729
2026-06-07 12:00:00,6.73,6.777,6.593,6.71
2026-06-07 16:00:00,6.71,6.743,6.508,6.541
2026-06-07 20:00:00,6.54,6.964,6.519,6.819
2026-06-08 00:00:00,6.818,6.864,6.636,6.668
2026-06-08 04:00:00,6.669,6.705,6.538,6.703
2026-06-08 08:00:00,6.703,6.824,6.621,6.785
2026-06-08 12:00:00,6.785,6.88,6.701,6.809
2026-06-08 16:00:00,6.81,6.864,6.771,6.822
2026-06-08 20:00:00,6.823,6.882,6.745,6.766
2026-06-09 00:00:00,6.767,6.777,6.593,6.67
2026-06-09 04:00:00,6.67,6.793,6.645,6.748
2026-06-09 08:00:00,6.749,6.751,6.66,6.711
2026-06-09 12:00:00,6.71,6.748,6.518,6.526
2026-06-09 16:00:00,6.526,6.68,6.445,6.658
2026-06-09 20:00:00,6.659,6.7,6.611,6.639
2026-06-10 00:00:00,6.639,6.68,6.556,6.583
2026-06-10 04:00:00,6.583,6.593,6.489,6.563
2026-06-10 08:00:00,6.564,6.564,6.419,6.462
2026-06-10 12:00:00,6.462,6.664,6.439,6.58
2026-06-10 16:00:00,6.58,6.583,6.429,6.461
2026-06-10 20:00:00,6.462,6.484,6.301,6.383
2026-06-11 00:00:00,6.382,6.64,6.381,6.597
2026-06-11 04:00:00,6.597,6.63,6.549,6.593
2026-06-11 08:00:00,6.593,6.642,6.54,6.598
2026-06-11 12:00:00,6.599,6.611,6.501,6.544
2026-06-11 16:00:00,6.545,6.707,6.476,6.667
2026-06-11 20:00:00,6.668,6.678,6.607,6.648
2026-06-12 00:00:00,6.648,6.677,6.601,6.659
2026-06-12 04:00:00,6.659,6.69,6.527,6.571
2026-06-12 08:00:00,6.572,6.668,6.568,6.638
2026-06-12 12:00:00,6.637,6.7,6.52,6.554
2026-06-12 16:00:00,6.552,6.654,6.523,6.586
2026-06-12 20:00:00,6.587,6.606,6.54,6.571
2026-06-13 00:00:00,6.57,6.635,6.557,6.597
2026-06-13 04:00:00,6.598,6.686,6.569,6.666
2026-06-13 08:00:00,6.667,6.683,6.63,6.674
2026-06-13 12:00:00,6.674,6.76,6.66,6.754
2026-06-13 16:00:00,6.754,6.769,6.679,6.715
2026-06-13 20:00:00,6.715,6.776,6.699,6.719
2026-06-14 00:00:00,6.718,6.735,6.69,6.722
2026-06-14 04:00:00,6.723,6.724,6.642,6.658
2026-06-14 08:00:00,6.657,6.683,6.624,6.646
2026-06-14 12:00:00,6.646,6.652,6.495,6.531
2026-06-14 16:00:00,6.53,6.552,6.376,6.434
2026-06-14 20:00:00,6.434,6.791,6.413,6.79
2026-06-15 00:00:00,6.789,6.805,6.7,6.764
2026-06-15 04:00:00,6.764,6.806,6.735,6.758
2026-06-15 08:00:00,6.758,6.953,6.74,6.909
2026-06-15 12:00:00,6.909,7.035,6.877,7.035
2026-06-15 16:00:00,7.036,7.079,6.883,6.897
2026-06-15 20:00:00,6.897,6.926,6.803,6.84
2026-06-16 00:00:00,6.839,6.874,6.746,6.835
2026-06-16 04:00:00,6.834,6.928,6.76,6.924
2026-06-16 08:00:00,6.923,7.05,6.915,6.951
2026-06-16 12:00:00,6.951,7.001,6.714,6.79
2026-06-16 16:00:00,6.79,6.91,6.767,6.864
2026-06-16 20:00:00,6.864,6.951,6.847,6.88
2026-06-17 00:00:00,6.881,7.022,6.871,6.954
2026-06-17 04:00:00,6.955,6.987,6.87,6.899
2026-06-17 08:00:00,6.9,6.903,6.774,6.806
2026-06-17 12:00:00,6.806,6.971,6.768,6.968
2026-06-17 16:00:00,6.968,7.018,6.703,6.737
2026-06-17 20:00:00,6.736,6.796,6.653,6.766
2026-06-18 00:00:00,6.766,6.804,6.703,6.712
2026-06-18 04:00:00,6.713,6.714,6.575,6.676
2026-06-18 08:00:00,6.677,6.698,6.607,6.62
2026-06-18 12:00:00,6.621,6.68,6.214,6.245
2026-06-18 16:00:00,6.244,6.368,6.228,6.356
2026-06-18 20:00:00,6.357,6.386,6.275,6.318
2026-06-19 00:00:00,6.317,6.324,6.111,6.15
2026-06-19 04:00:00,6.15,6.15,5.968,5.992
2026-06-19 08:00:00,5.992,6.102,5.987,6.047
2026-06-19 12:00:00,6.047,6.193,6.035,6.122
2026-06-19 16:00:00,6.123,6.157,5.681,5.879
2026-06-19 20:00:00,5.88,5.975,5.802,5.896
2026-06-20 00:00:00,5.896,5.975,5.883,5.95
2026-06-20 04:00:00,5.949,6.259,5.819,6.148
2026-06-20 08:00:00,6.149,6.221,6.098,6.162
2026-06-20 12:00:00,6.163,6.188,6.027,6.15
2026-06-20 16:00:00,6.151,6.152,6.068,6.116
2026-06-20 20:00:00,6.117,6.263,6.106,6.239
2026-06-21 00:00:00,6.24,6.292,6.216,6.263
2026-06-21 04:00:00,6.263,6.345,6.204,6.287
2026-06-21 08:00:00,6.288,6.342,6.235,6.267
2026-06-21 12:00:00,6.267,6.372,6.24,6.331
2026-06-21 16:00:00,6.331,6.335,6.228,6.263
2026-06-21 20:00:00,6.263,6.268,6.097,6.113
2026-06-22 00:00:00,6.113,6.336,6.113,6.23
2026-06-22 04:00:00,6.23,6.32,6.196,6.286
2026-06-22 08:00:00,6.286,6.379,6.22,6.365
2026-06-22 12:00:00,6.365,6.472,6.283,6.307
2026-06-22 16:00:00,6.307,6.336,6.234,6.271
2026-06-22 20:00:00,6.272,6.297,6.166,6.241
2026-06-23 00:00:00,6.241,6.313,6.214,6.313
2026-06-23 04:00:00,6.314,6.334,6.065,6.157
2026-06-23 08:00:00,6.157,6.258,6.013,6.257
2026-06-23 12:00:00,6.258,6.456,6.217,6.371
2026-06-23 16:00:00,6.372,6.408,6.271,6.34
2026-06-23 20:00:00,6.341,6.527,6.341,6.484
2026-06-24 00:00:00,6.484,6.544,6.407,6.417
2026-06-24 04:00:00,6.417,6.458,6.356,6.395
2026-06-24 08:00:00,6.394,6.496,6.371,6.447
2026-06-24 12:00:00,6.447,6.45,6.206,6.234
2026-06-24 16:00:00,6.233,6.306,5.998,6.144
2026-06-24 20:00:00,6.143,6.492,6.119,6.444
2026-06-25 00:00:00,6.444,6.483,6.39,6.414
2026-06-25 04:00:00,6.414,6.64,6.389,6.531
2026-06-25 08:00:00,6.531,6.534,6.385,6.404
2026-06-25 12:00:00,6.404,6.447,5.954,6.118
2026-06-25 16:00:00,6.119,6.26,6.046,6.109
2026-06-25 20:00:00,6.11,6.269,6.11,6.235
2026-06-26 00:00:00,6.235,6.249,5.963,6.143
2026-06-26 04:00:00,6.144,6.335,6.072,6.312
2026-06-26 08:00:00,6.312,6.322,6.105,6.136
2026-06-26 12:00:00,6.136,6.377,6.043,6.373
2026-06-26 16:00:00,6.374,6.523,6.343,6.383
2026-06-26 20:00:00,6.383,6.634,6.32,6.633
2026-06-27 00:00:00,6.633,6.671,6.499,6.549
2026-06-27 04:00:00,6.55,6.637,6.521,6.563
2026-06-27 08:00:00,6.562,6.584,6.45,6.579
2026-06-27 12:00:00,6.58,6.676,6.521,6.637
2026-06-27 16:00:00,6.638,6.653,6.4,6.431
2026-06-27 20:00:00,6.431,6.464,6.336,6.433
2026-06-28 00:00:00,6.433,6.443,6.366,6.406
2026-06-28 04:00:00,6.405,6.41,6.302,6.341
2026-06-28 08:00:00,6.341,6.395,6.307,6.358
2026-06-28 12:00:00,6.357,6.357,6.28,6.327
2026-06-28 16:00:00,6.327,6.369,6.27,6.335
2026-06-28 20:00:00,6.334,6.487,6.299,6.448
2026-06-29 00:00:00,6.45,6.663,6.364,6.617
2026-06-29 04:00:00,6.618,6.65,6.5,6.55
2026-06-29 08:00:00,6.551,6.63,6.5,6.574
2026-06-29 12:00:00,6.574,6.714,6.448,6.659
2026-06-29 16:00:00,6.66,6.822,6.626,6.725
2026-06-29 20:00:00,6.725,6.736,6.661,6.679
2026-06-30 00:00:00,6.678,6.681,6.611,6.629
2026-06-30 04:00:00,6.629,6.64,6.568,6.579
2026-06-30 08:00:00,6.579,6.655,6.525,6.535
2026-06-30 12:00:00,6.534,6.534,6.385,6.499
2026-06-30 16:00:00,6.5,6.598,6.466,6.575
2026-06-30 20:00:00,6.575,6.594,6.508,6.538
2026-07-01 00:00:00,6.539,6.727,6.427,6.704
2026-07-01 04:00:00,6.705,6.723,6.605,6.654
2026-07-01 08:00:00,6.654,6.697,6.617,6.659
2026-07-01 12:00:00,6.66,6.748,6.561,6.73
2026-07-01 16:00:00,6.73,6.758,6.667,6.695
2026-07-01 20:00:00,6.695,6.814,6.663,6.666
2026-07-02 00:00:00,6.667,6.729,6.613,6.716
2026-07-02 04:00:00,6.715,6.735,6.663,6.671
2026-07-02 08:00:00,6.672,6.814,6.666,6.782
2026-07-02 12:00:00,6.781,6.88,6.74,6.777
2026-07-02 16:00:00,6.777,6.79,6.717,6.744
2026-07-02 20:00:00,6.745,6.823,6.723,6.8
2026-07-03 00:00:00,6.801,6.88,6.783,6.85
2026-07-03 04:00:00,6.851,6.878,6.812,6.838
2026-07-03 08:00:00,6.839,6.913,6.826,6.901
2026-07-03 12:00:00,6.9,6.924,6.807,6.83
2026-07-03 16:00:00,6.83,6.937,6.792,6.915
2026-07-03 20:00:00,6.916,7.035,6.912,6.948
2026-07-04 00:00:00,6.949,6.972,6.865,6.933
2026-07-04 04:00:00,6.934,6.949,6.841,6.867
2026-07-04 08:00:00,6.868,6.877,6.817,6.858
2026-07-04 12:00:00,6.858,7.007,6.857,6.987
2026-07-04 16:00:00,6.988,7.115,6.941,7.012
2026-07-04 20:00:00,7.012,7.028,6.919,6.968
2026-07-05 00:00:00,6.967,6.971,6.786,6.806
2026-07-05 04:00:00,6.806,6.83,6.753,6.818
2026-07-05 08:00:00,6.817,6.892,6.773,6.88
2026-07-05 12:00:00,6.88,6.949,6.854,6.928
2026-07-05 16:00:00,6.929,6.977,6.903,6.918
2026-07-05 20:00:00,6.918,7.008,6.882,6.924
2026-07-06 00:00:00,6.925,6.954,6.85,6.918
2026-07-06 04:00:00,6.918,6.967,6.832,6.932
2026-07-06 08:00:00,6.931,6.94,6.818,6.818
2026-07-06 12:00:00,6.818,6.924,6.714,6.919
2026-07-06 16:00:00,6.92,6.993,6.896,6.96
2026-07-06 20:00:00,6.96,7.088,6.891,6.93
2026-07-07 00:00:00,6.929,6.949,6.782,6.804
2026-07-07 04:00:00,6.805,6.818,6.698,6.764
2026-07-07 08:00:00,6.765,6.802,6.736,6.795
2026-07-07 12:00:00,6.795,6.823,6.65,6.77
2026-07-07 16:00:00,6.77,6.809,6.695,6.758
2026-07-07 20:00:00,6.759,6.773,6.66,6.689
2026-07-08 00:00:00,6.689,6.698,6.351,6.394
2026-07-08 04:00:00,6.394,6.458,6.368,6.448
2026-07-08 08:00:00,6.448,6.455,6.317,6.441
2026-07-08 12:00:00,6.441,6.476,6.348,6.382
2026-07-08 16:00:00,6.382,6.483,6.38,6.456
2026-07-08 20:00:00,6.457,6.476,6.417,6.475
2026-07-09 00:00:00,6.474,6.547,6.428,6.465
2026-07-09 04:00:00,6.466,6.813,6.463,6.746
2026-07-09 08:00:00,6.746,6.768,6.665,6.709
2026-07-09 12:00:00,6.71,6.79,6.686,6.753
2026-07-09 16:00:00,6.753,6.778,6.696,6.725
2026-07-09 20:00:00,6.725,6.735,6.679,6.679
2026-07-10 00:00:00,6.679,6.815,6.668,6.779
2026-07-10 04:00:00,6.779,6.834,6.74,6.752
2026-07-10 08:00:00,6.753,6.815,6.737,6.752
2026-07-10 12:00:00,6.751,6.786,6.649,6.743
2026-07-10 16:00:00,6.743,6.772,6.708,6.742
2026-07-10 20:00:00,6.743,6.767,6.73,6.739
2026-07-11 00:00:00,6.74,6.756,6.707,6.725
2026-07-11 04:00:00,6.724,6.738,6.698,6.71
2026-07-11 08:00:00,6.709,6.739,6.688,6.72
2026-07-11 12:00:00,6.719,6.791,6.719,6.752
2026-07-11 16:00:00,6.751,6.787,6.729,6.752
2026-07-11 20:00:00,6.751,6.761,6.542,6.552
2026-07-12 00:00:00,6.551,6.551,6.426,6.527
2026-07-12 04:00:00,6.526,6.541,6.282,6.379
2026-07-12 08:00:00,6.379,6.449,6.371,6.433
2026-07-12 12:00:00,6.432,6.481,6.42,6.441
2026-07-12 16:00:00,6.44,6.48,6.392,6.472
2026-07-12 20:00:00,6.472,6.483,6.373,6.407
2026-07-13 00:00:00,6.407,6.562,6.403,6.49
2026-07-13 04:00:00,6.49,6.528,6.456,6.509
2026-07-13 08:00:00,6.509,6.672,6.492,6.646
2026-07-13 12:00:00,6.646,6.683,6.531,6.563
2026-07-13 16:00:00,6.563,6.585,6.422,6.476
2026-07-13 20:00:00,6.476,6.49,6.338,6.452
2026-07-14 00:00:00,6.452,6.502,6.42,6.443
2026-07-14 04:00:00,6.444,6.516,6.441,6.481
2026-07-14 08:00:00,6.48,6.537,6.439,6.44
2026-07-14 12:00:00,6.44,6.712,6.422,6.656
2026-07-14 16:00:00,6.656,6.688,6.604,6.674
2026-07-14 20:00:00,6.674,6.712,6.625,6.712
2026-07-15 00:00:00,6.713,6.757,6.606,6.658
2026-07-15 04:00:00,6.657,6.734,6.609,6.621
2026-07-15 08:00:00,6.622,6.689,6.614,6.669
2026-07-15 12:00:00,6.669,6.773,6.658,6.728
2026-07-15 16:00:00,6.728,6.749,6.647,6.696
2026-07-15 20:00:00,6.696,6.737,6.675,6.702
2026-07-16 00:00:00,6.701,6.731,6.661,6.712
2026-07-16 04:00:00,6.713,6.739,6.612,6.628
2026-07-16 08:00:00,6.628,6.631,6.546,6.578
2026-07-16 12:00:00,6.578,6.657,6.513,6.628
2026-07-16 16:00:00,6.629,6.64,6.523,6.598
2026-07-16 20:00:00,6.598,6.632,6.481,6.514
2026-07-17 00:00:00,6.514,6.553,6.437,6.528
2026-07-17 04:00:00,6.528,6.532,6.442,6.479
2026-07-17 08:00:00,6.479,6.51,6.423,6.488
2026-07-17 12:00:00,6.488,6.515,6.373,6.482
2026-07-17 16:00:00,6.482,6.651,6.464,6.574
2026-07-17 20:00:00,6.574,6.591,6.541,6.591
2026-07-18 00:00:00,6.59,6.658,6.578,6.644
2026-07-18 04:00:00,6.644,6.664,6.591,6.609
2026-07-18 08:00:00,6.608,6.62,6.528,6.546
2026-07-18 12:00:00,6.546,6.577,6.514,6.543
2026-07-18 16:00:00,6.543,6.6,6.525,6.574
2026-07-18 20:00:00,6.574,6.605,6.565,6.574
2026-07-19 00:00:00,6.573,6.637,6.573,6.585
2026-07-19 04:00:00,6.585,6.596,6.554,6.557
2026-07-19 08:00:00,6.558,6.57,6.476,6.485
2026-07-19 12:00:00,6.486,6.487,6.406,6.455
2026-07-19 16:00:00,6.456,6.497,6.392,6.437
2026-07-19 20:00:00,6.437,6.49,6.409,6.465
2026-07-20 00:00:00,6.466,6.65,6.444,6.599
2026-07-20 04:00:00,6.599,6.602,6.446,6.547
2026-07-20 08:00:00,6.547,6.635,6.492,6.63
2026-07-20 12:00:00,6.628,6.634,6.48,6.612
2026-07-20 16:00:00,6.612,6.628,6.546,6.567
2026-07-20 20:00:00,6.567,6.624,6.551,6.579
2026-07-21 00:00:00,6.579,6.666,6.567,6.642
2026-07-21 04:00:00,6.642,6.688,6.604,6.677
2026-07-21 08:00:00,6.676,6.687,6.615,6.638
2026-07-21 12:00:00,6.639,6.66,6.578,6.62
2026-07-21 16:00:00,6.619,6.641,6.581,6.614
2026-07-21 20:00:00,6.614,6.615,6.524,6.571
2026-07-22 00:00:00,6.572,6.615,6.545,6.549
2026-07-22 04:00:00,6.548,6.583,6.464,6.502
2026-07-22 08:00:00,6.503,6.531,6.485,6.516
2026-07-22 12:00:00,6.517,6.654,6.49,6.637
2026-07-22 16:00:00,6.638,6.657,6.568,6.6
2026-07-22 20:00:00,6.599,6.664,6.576,6.626
2026-07-23 00:00:00,6.626,6.655,6.524,6.531
2026-07-23 04:00:00,6.531,6.587,6.521,6.561
2026-07-23 08:00:00,6.56,6.612,6.551,6.585
2026-07-23 12:00:00,6.585,6.589,6.393,6.451
2026-07-23 16:00:00,6.451,6.451,6.197,6.285
2026-07-23 20:00:00,6.285,6.327,6.26,6.268
2026-07-24 00:00:00,6.268,6.289,6.212,6.27
2026-07-24 04:00:00,6.271,6.32,6.233,6.282
2026-07-24 08:00:00,6.283,6.287,6.225,6.259
2026-07-24 12:00:00,6.258,6.26,6.137,6.202
2026-07-24 16:00:00,6.202,6.244,6.175,6.234
2026-07-24 20:00:00,6.235,6.315,6.226,6.304
2026-07-25 00:00:00,6.304,6.317,6.239,6.247
2026-07-25 04:00:00,6.247,6.283,6.24,6.245
2026-07-25 08:00:00,6.246,6.302,6.231,6.289
2026-07-25 12:00:00,6.29,6.574,6.279,6.523
