datetime,open,high,low,close
2024-04-14 08:00:00,36.28,36.82,36.08,36.41
2024-04-14 09:00:00,36.41,37,36.4,36.81
2024-04-14 10:00:00,36.8,37.23,36.69,36.78
2024-04-14 11:00:00,36.79,36.87,35.78,36.02
2024-04-14 12:00:00,36.01,36.41,35.78,35.98
2024-04-14 13:00:00,35.98,36.34,35.38,35.41
2024-04-14 14:00:00,35.4,35.98,34.98,35.37
2024-04-14 15:00:00,35.36,36.03,35.22,35.45
2024-04-14 16:00:00,35.44,36.25,35.31,35.7
2024-04-14 17:00:00,35.7,36.04,34.22,35.09
2024-04-14 18:00:00,35.08,36.37,34.93,36.3
2024-04-14 19:00:00,36.29,36.46,35.64,35.69
2024-04-14 20:00:00,35.68,36.03,35.08,35.25
2024-04-14 21:00:00,35.25,35.56,35.11,35.5
2024-04-14 22:00:00,35.5,37.83,35.48,37.69
2024-04-14 23:00:00,37.69,37.91,37.18,37.27
2024-04-15 00:00:00,37.27,37.29,36.52,36.74
2024-04-15 01:00:00,36.74,36.77,36.3,36.64
2024-04-15 02:00:00,36.65,36.65,35.74,35.88
2024-04-15 03:00:00,35.88,36.33,35.79,35.89
2024-04-15 04:00:00,35.89,35.99,35.51,35.88
2024-04-15 05:00:00,35.89,36.7,35.83,36.68
2024-04-15 06:00:00,36.67,38.52,36.51,38.14
2024-04-15 07:00:00,38.13,38.32,37.69,37.77
2024-04-15 08:00:00,37.76,38.05,37.57,37.66
2024-04-15 09:00:00,37.66,38.2,37.41,37.89
2024-04-15 10:00:00,37.89,38.17,37.79,38.05
2024-04-15 11:00:00,38.05,38.22,37.45,37.47
2024-04-15 12:00:00,37.47,38.09,37.46,38.08
2024-04-15 13:00:00,38.09,38.61,37.8,37.89
2024-04-15 14:00:00,37.9,38.28,36.62,36.71
2024-04-15 15:00:00,36.72,37.21,36.22,36.87
2024-04-15 16:00:00,36.87,37.07,35.87,36
2024-04-15 17:00:00,35.99,36.64,35.23,35.66
2024-04-15 18:00:00,35.66,35.82,34.56,34.57
2024-04-15 19:00:00,34.58,35.59,34.09,35.35
2024-04-15 20:00:00,35.36,35.66,34.72,34.84
2024-04-15 21:00:00,34.85,35.35,34.58,35.31
2024-04-15 22:00:00,35.31,35.57,34.91,35.56
2024-04-15 23:00:00,35.57,35.57,35.06,35.16
2024-04-16 00:00:00,35.16,35.16,34.32,34.54
2024-04-16 01:00:00,34.54,35.49,34.39,34.75
2024-04-16 02:00:00,34.75,35.11,34.5,35.05
2024-04-16 03:00:00,35.05,35.24,34.34,34.65
2024-04-16 04:00:00,34.64,34.92,33.66,34.09
2024-04-16 05:00:00,34.09,34.81,33.93,34.59
2024-04-16 06:00:00,34.59,35.23,34.56,35.09
2024-04-16 07:00:00,35.08,35.91,35.06,35.69
2024-04-16 08:00:00,35.69,35.69,35.28,35.41
2024-04-16 09:00:00,35.4,35.67,35.07,35.14
2024-04-16 10:00:00,35.15,35.23,33.78,34.63
2024-04-16 11:00:00,34.63,35.25,34.44,35.14
2024-04-16 12:00:00,35.13,35.14,34.33,34.44
2024-04-16 13:00:00,34.44,34.62,33.51,34.05
2024-04-16 14:00:00,34.06,34.62,33.73,33.84
2024-04-16 15:00:00,33.85,34.05,32.94,32.94
2024-04-16 16:00:00,32.94,34.06,32.7,34.05
2024-04-16 17:00:00,34.06,34.62,33.78,33.95
2024-04-16 18:00:00,33.95,34.45,33.77,34.37
2024-04-16 19:00:00,34.38,34.51,33.85,33.98
2024-04-16 20:00:00,33.97,34.4,33.93,34.33
2024-04-16 21:00:00,34.32,35.12,34.29,34.94
2024-04-16 22:00:00,34.94,35,34.7,34.95
2024-04-16 23:00:00,34.95,35.05,34.68,34.76
2024-04-17 00:00:00,34.75,35.06,34.35,34.77
2024-04-17 01:00:00,34.78,35.02,34.12,34.77
2024-04-17 02:00:00,34.78,34.93,34.19,34.58
2024-04-17 03:00:00,34.59,34.89,34.48,34.72
2024-04-17 04:00:00,34.72,35.36,34.49,35.19
2024-04-17 05:00:00,35.19,35.34,34.64,34.72
2024-04-17 06:00:00,34.72,35.01,34.58,34.87
2024-04-17 07:00:00,34.86,35.22,34.48,34.94
2024-04-17 08:00:00,34.94,35.21,34.72,34.84
2024-04-17 09:00:00,34.84,35.13,34.72,34.81
2024-04-17 10:00:00,34.82,34.85,34.25,34.34
2024-04-17 11:00:00,34.34,34.5,33.85,33.87
2024-04-17 12:00:00,33.88,34.01,33.28,33.6
2024-04-17 13:00:00,33.6,34.19,33.59,33.85
2024-04-17 14:00:00,33.86,33.87,32.75,33.42
2024-04-17 15:00:00,33.43,33.52,32.47,32.64
2024-04-17 16:00:00,32.64,33.33,32.23,32.79
2024-04-17 17:00:00,32.78,33.87,32.74,33.81
2024-04-17 18:00:00,33.82,35.21,33.72,34.55
2024-04-17 19:00:00,34.54,34.55,33.96,34.19
2024-04-17 20:00:00,34.2,34.39,33.73,33.76
2024-04-17 21:00:00,33.77,34.59,33.77,34.14
2024-04-17 22:00:00,34.15,34.19,33.77,33.92
2024-04-17 23:00:00,33.93,34.09,33.45,33.58
2024-04-18 00:00:00,33.58,33.84,32.8,33.53
2024-04-18 01:00:00,33.53,34.11,33.46,33.97
2024-04-18 02:00:00,33.97,34.25,33.62,34.07
2024-04-18 03:00:00,34.08,34.67,34.07,34.33
2024-04-18 04:00:00,34.32,34.63,34.19,34.28
2024-04-18 05:00:00,34.28,34.78,34.15,34.21
2024-04-18 06:00:00,34.2,34.3,33.37,33.61
2024-04-18 07:00:00,33.62,33.84,33.15,33.33
2024-04-18 08:00:00,33.34,34.01,32.95,33.79
2024-04-18 09:00:00,33.79,34.17,33.69,34.13
2024-04-18 10:00:00,34.12,34.64,33.99,34.58
2024-04-18 11:00:00,34.59,35.46,34.58,34.95
2024-04-18 12:00:00,34.94,35.04,34.02,34.28
2024-04-18 13:00:00,34.28,34.5,33.81,34.36
2024-04-18 14:00:00,34.37,35.4,34.14,35.06
2024-04-18 15:00:00,35.06,35.61,34.79,35.03
2024-04-18 16:00:00,35.04,35.25,34.6,34.72
2024-04-18 17:00:00,34.71,34.74,34.35,34.4
2024-04-18 18:00:00,34.4,34.67,34.1,34.59
2024-04-18 19:00:00,34.6,34.97,34.52,34.89
2024-04-18 20:00:00,34.89,34.98,34.69,34.94
2024-04-18 21:00:00,34.95,35.17,34.84,35.01
2024-04-18 22:00:00,35,35.1,34.7,34.96
2024-04-18 23:00:00,34.95,35.07,34.74,34.85
2024-04-19 00:00:00,34.84,34.84,34.33,34.33
2024-04-19 01:00:00,34.34,34.36,32.72,32.9
2024-04-19 02:00:00,32.89,33.04,31.92,32.84
2024-04-19 03:00:00,32.85,33.83,32.76,33.6
2024-04-19 04:00:00,33.6,34.35,33.55,34.05
2024-04-19 05:00:00,34.04,34.17,33.56,33.76
2024-04-19 06:00:00,33.76,35.67,33.55,35.66
2024-04-19 07:00:00,35.65,36.14,35.04,35.18
2024-04-19 08:00:00,35.19,35.6,35.04,35.41
2024-04-19 09:00:00,35.41,35.52,35.12,35.4
2024-04-19 10:00:00,35.39,35.6,35.11,35.46
2024-04-19 11:00:00,35.47,35.75,35.3,35.42
2024-04-19 12:00:00,35.42,35.61,35.21,35.3
2024-04-19 13:00:00,35.3,35.54,35,35.37
2024-04-19 14:00:00,35.38,35.64,34.78,35.31
2024-04-19 15:00:00,35.32,35.5,35.14,35.36
2024-04-19 16:00:00,35.36,35.46,34.79,35.19
2024-04-19 17:00:00,35.19,35.45,34.99,35.34
2024-04-19 18:00:00,35.33,35.34,35.02,35.1
2024-04-19 19:00:00,35.09,35.36,35.05,35.32
2024-04-19 20:00:00,35.31,35.31,34.82,34.98
2024-04-19 21:00:00,34.98,35.24,34.97,35.23
2024-04-19 22:00:00,35.24,35.4,34.94,34.95
2024-04-19 23:00:00,34.94,34.98,34.14,34.67
2024-04-20 00:00:00,34.66,34.9,34.31,34.33
2024-04-20 01:00:00,34.33,35,34.12,34.92
2024-04-20 02:00:00,34.92,35.33,34.8,34.94
2024-04-20 03:00:00,34.95,35.19,34.78,35.18
2024-04-20 04:00:00,35.19,35.94,35.08,35.65
2024-04-20 05:00:00,35.64,35.69,35.35,35.56
2024-04-20 06:00:00,35.57,35.86,35.4,35.72
2024-04-20 07:00:00,35.73,35.98,35.7,35.85
2024-04-20 08:00:00,35.85,35.89,35.55,35.64
2024-04-20 09:00:00,35.63,35.69,35.19,35.42
2024-04-20 10:00:00,35.42,35.58,35.19,35.34
2024-04-20 11:00:00,35.34,35.42,34.96,35.03
2024-04-20 12:00:00,35.04,35.32,34.89,35.15
2024-04-20 13:00:00,35.15,35.44,35.1,35.26
2024-04-20 14:00:00,35.26,35.58,35.18,35.46
2024-04-20 15:00:00,35.47,36.65,35.24,36.61
2024-04-20 16:00:00,36.61,36.87,36.33,36.64
2024-04-20 17:00:00,36.64,37.57,36.64,37.54
2024-04-20 18:00:00,37.54,37.74,37.2,37.36
2024-04-20 19:00:00,37.35,37.95,37.11,37.52
2024-04-20 20:00:00,37.54,37.99,37.54,37.98
2024-04-20 21:00:00,37.98,38.3,37.88,38.16
2024-04-20 22:00:00,38.16,38.31,37.97,38.06
2024-04-20 23:00:00,38.06,38.49,38.06,38.31
2024-04-21 00:00:00,38.31,38.32,37.65,37.71
2024-04-21 01:00:00,37.71,38.24,37.71,37.95
2024-04-21 02:00:00,37.95,38.5,37.91,38.47
2024-04-21 03:00:00,38.47,38.77,38.02,38.21
2024-04-21 04:00:00,38.21,38.26,37.93,38.13
2024-04-21 05:00:00,38.14,38.35,37.96,38.06
2024-04-21 06:00:00,38.06,38.29,37.94,38.02
2024-04-21 07:00:00,38.03,38.13,37.79,38.03
2024-04-21 08:00:00,38.02,38.13,37.55,37.68
2024-04-21 09:00:00,37.68,37.78,37.53,37.65
2024-04-21 10:00:00,37.64,37.69,37.38,37.51
2024-04-21 11:00:00,37.51,37.8,37.36,37.48
2024-04-21 12:00:00,37.48,37.55,37.19,37.23
2024-04-21 13:00:00,37.23,37.39,36.82,36.91
2024-04-21 14:00:00,36.91,37.11,36.85,36.92
2024-04-21 15:00:00,36.91,37.33,36.91,37.21
2024-04-21 16:00:00,37.21,37.26,36.35,36.79
2024-04-21 17:00:00,36.79,37.01,36.53,36.93
2024-04-21 18:00:00,36.93,37.01,36.71,37
2024-04-21 19:00:00,36.99,37.16,36.82,36.93
2024-04-21 20:00:00,36.92,37.22,36.81,37.19
2024-04-21 21:00:00,37.19,37.65,37.04,37.07
2024-04-21 22:00:00,37.07,37.48,37.03,37.15
2024-04-21 23:00:00,37.14,37.2,36.98,37.15
2024-04-22 00:00:00,37.14,37.61,36.91,37.11
2024-04-22 01:00:00,37.1,37.72,36.92,37.01
2024-04-22 02:00:00,37.01,37.22,36.75,37.18
2024-04-22 03:00:00,37.17,38.24,37.14,38.07
2024-04-22 04:00:00,38.07,38.38,37.97,38.31
2024-04-22 05:00:00,38.31,38.8,38.25,38.79
2024-04-22 06:00:00,38.79,39.19,38.68,38.88
2024-04-22 07:00:00,38.89,39.12,38.47,38.48
2024-04-22 08:00:00,38.48,38.83,38.19,38.74
2024-04-22 09:00:00,38.75,39.19,38.71,38.95
2024-04-22 10:00:00,38.95,39.68,38.9,39.49
2024-04-22 11:00:00,39.5,39.54,38.89,38.95
2024-04-22 12:00:00,38.95,39.37,38.87,39.07
2024-04-22 13:00:00,39.08,39.32,38.63,38.96
2024-04-22 14:00:00,38.95,39.18,38.73,38.78
2024-04-22 15:00:00,38.77,39.04,38.39,39
2024-04-22 16:00:00,39,39.4,38.66,38.83
2024-04-22 17:00:00,38.83,39.4,38.79,39.14
2024-04-22 18:00:00,39.14,39.28,38.98,39.02
2024-04-22 19:00:00,39.02,39.3,38.89,39.26
2024-04-22 20:00:00,39.26,39.51,39.12,39.32
2024-04-22 21:00:00,39.32,39.41,39.16,39.3
2024-04-22 22:00:00,39.31,39.65,39.23,39.59
2024-04-22 23:00:00,39.6,39.72,39.14,39.19
2024-04-23 00:00:00,39.18,39.92,39.14,39.69
2024-04-23 01:00:00,39.69,39.8,39.27,39.28
2024-04-23 02:00:00,39.28,39.48,38.95,39.02
2024-04-23 03:00:00,39.03,39.12,38.75,38.87
2024-04-23 04:00:00,38.86,39.01,38.56,38.66
2024-04-23 05:00:00,38.66,38.97,38.57,38.96
2024-04-23 06:00:00,38.96,39.01,38.47,38.55
2024-04-23 07:00:00,38.54,38.65,38.12,38.25
2024-04-23 08:00:00,38.26,38.41,38,38.35
2024-04-23 09:00:00,38.35,38.44,38.16,38.24
2024-04-23 10:00:00,38.24,38.52,38.24,38.33
2024-04-23 11:00:00,38.34,38.37,37.98,38.08
2024-04-23 12:00:00,38.09,38.35,37.99,38.35
2024-04-23 13:00:00,38.35,38.78,38.11,38.73
2024-04-23 14:00:00,38.73,39.33,38.63,39.14
2024-04-23 15:00:00,39.14,39.33,38.86,38.96
2024-04-23 16:00:00,38.97,39.23,38.86,39.09
2024-04-23 17:00:00,39.09,39.32,38.77,39.02
2024-04-23 18:00:00,39.02,39.06,38.67,38.91
2024-04-23 19:00:00,38.91,38.93,38.61,38.71
2024-04-23 20:00:00,38.72,38.76,38.01,38.55
2024-04-23 21:00:00,38.55,38.56,38.31,38.45
2024-04-23 22:00:00,38.44,38.53,38.16,38.25
2024-04-23 23:00:00,38.24,38.32,38.04,38.3
2024-04-24 00:00:00,38.3,38.88,38.27,38.69
2024-04-24 01:00:00,38.7,39.45,38.65,39.04
2024-04-24 02:00:00,39.04,39.16,38.59,38.75
2024-04-24 03:00:00,38.76,39.23,38.69,38.98
2024-04-24 04:00:00,38.99,39.84,38.92,39.65
2024-04-24 05:00:00,39.66,39.8,39.32,39.49
2024-04-24 06:00:00,39.49,39.49,39.03,39.28
2024-04-24 07:00:00,39.28,39.41,39.07,39.13
2024-04-24 08:00:00,39.13,39.35,39,39.08
2024-04-24 09:00:00,39.07,39.13,38.83,39.08
2024-04-24 10:00:00,39.07,39.21,38.93,39.03
2024-04-24 11:00:00,39.03,39.33,38.98,39.16
2024-04-24 12:00:00,39.15,39.33,38.82,38.85
2024-04-24 13:00:00,38.85,38.85,38.12,38.19
2024-04-24 14:00:00,38.19,38.4,37.11,37.58
2024-04-24 15:00:00,37.58,37.59,36.71,36.87
2024-04-24 16:00:00,36.86,37.12,36.6,36.96
2024-04-24 17:00:00,36.95,37.54,36.89,37.22
2024-04-24 18:00:00,37.22,37.27,36.71,36.78
2024-04-24 19:00:00,36.77,37.23,36.5,37.02
2024-04-24 20:00:00,37.01,37.13,36.66,36.79
2024-04-24 21:00:00,36.79,37,36.57,36.96
2024-04-24 22:00:00,36.96,36.99,36.16,36.33
2024-04-24 23:00:00,36.34,36.45,36.02,36.37
2024-04-25 00:00:00,36.37,36.75,36.26,36.59
2024-04-25 01:00:00,36.57,36.75,35.97,35.98
2024-04-25 02:00:00,35.98,36.31,35.67,36.19
2024-04-25 03:00:00,36.19,36.32,35.72,35.88
2024-04-25 04:00:00,35.86,36.25,35.43,36.2
2024-04-25 05:00:00,36.21,36.22,35.06,35.68
2024-04-25 06:00:00,35.68,35.78,35.5,35.59
2024-04-25 07:00:00,35.6,35.73,35.23,35.43
2024-04-25 08:00:00,35.44,35.56,35.14,35.35
2024-04-25 09:00:00,35.34,35.57,35.17,35.27
2024-04-25 10:00:00,35.27,35.27,34.76,34.9
2024-04-25 11:00:00,34.9,35.28,34.84,35.15
2024-04-25 12:00:00,35.15,35.51,34.8,34.9
2024-04-25 13:00:00,34.9,35.23,34.7,35.15
2024-04-25 14:00:00,35.15,35.63,35.04,35.17
2024-04-25 15:00:00,35.17,35.72,35.11,35.65
2024-04-25 16:00:00,35.65,35.77,35.4,35.67
2024-04-25 17:00:00,35.67,35.94,35.56,35.91
2024-04-25 18:00:00,35.92,36.01,35.73,35.98
2024-04-25 19:00:00,35.99,36.03,35.72,35.89
2024-04-25 20:00:00,35.88,36.1,35.76,35.93
2024-04-25 21:00:00,35.94,36.4,35.91,36.08
2024-04-25 22:00:00,36.09,36.09,35.51,35.52
2024-04-25 23:00:00,35.51,35.66,35.43,35.59
2024-04-26 00:00:00,35.59,35.69,35.07,35.31
2024-04-26 01:00:00,35.3,35.59,34.68,35.4
2024-04-26 02:00:00,35.4,35.79,35.34,35.55
2024-04-26 03:00:00,35.56,35.72,35.39,35.48
2024-04-26 04:00:00,35.48,35.71,35.28,35.44
2024-04-26 05:00:00,35.44,35.77,35.41,35.75
2024-04-26 06:00:00,35.75,35.77,35.37,35.43
2024-04-26 07:00:00,35.43,35.6,35.22,35.36
2024-04-26 08:00:00,35.36,35.68,35.31,35.47
2024-04-26 09:00:00,35.47,35.59,35.33,35.48
2024-04-26 10:00:00,35.48,35.54,35,35.1
2024-04-26 11:00:00,35.1,35.25,35.06,35.21
2024-04-26 12:00:00,35.2,35.45,34.9,35.09
2024-04-26 13:00:00,35.09,35.7,34.7,35.56
2024-04-26 14:00:00,35.55,35.88,35.13,35.2
2024-04-26 15:00:00,35.2,35.32,34.84,35.15
2024-04-26 16:00:00,35.15,35.31,34.87,34.98
2024-04-26 17:00:00,34.99,35.15,34.9,35.08
2024-04-26 18:00:00,35.08,35.13,34.96,35.05
2024-04-26 19:00:00,35.04,35.07,34.84,34.89
2024-04-26 20:00:00,34.89,35.17,34.88,34.93
2024-04-26 21:00:00,34.93,35.03,34.83,35
2024-04-26 22:00:00,35,35.01,34.27,34.36
2024-04-26 23:00:00,34.36,34.55,34.35,34.42
2024-04-27 00:00:00,34.43,34.64,33.91,34.23
2024-04-27 01:00:00,34.24,34.26,33.08,33.42
2024-04-27 02:00:00,33.41,34.2,33.34,33.89
2024-04-27 03:00:00,33.9,34.29,33.83,34.13
2024-04-27 04:00:00,34.12,34.46,34.1,34.45
2024-04-27 05:00:00,34.45,34.5,34.05,34.14
2024-04-27 06:00:00,34.14,34.32,34.07,34.18
2024-04-27 07:00:00,34.18,34.33,34.06,34.07
2024-04-27 08:00:00,34.07,34.11,33.91,34.04
2024-04-27 09:00:00,34.05,34.35,34,34.15
2024-04-27 10:00:00,34.15,34.19,33.74,33.84
2024-04-27 11:00:00,33.83,34.04,33.59,33.92
2024-04-27 12:00:00,33.91,34.21,33.85,34.15
2024-04-27 13:00:00,34.15,34.35,34.08,34.3
2024-04-27 14:00:00,34.29,34.52,34.13,34.21
2024-04-27 15:00:00,34.21,34.33,33.99,34.08
2024-04-27 16:00:00,34.08,34.2,33.95,34.05
2024-04-27 17:00:00,34.05,34.97,33.96,34.87
2024-04-27 18:00:00,34.87,35.13,34.3,34.5
2024-04-27 19:00:00,34.51,34.53,34.24,34.51
2024-04-27 20:00:00,34.51,34.7,34.28,34.37
2024-04-27 21:00:00,34.36,34.4,34.17,34.35
2024-04-27 22:00:00,34.34,34.43,34.18,34.2
2024-04-27 23:00:00,34.21,34.54,34.19,34.47
2024-04-28 00:00:00,34.47,34.75,34.38,34.68
2024-04-28 01:00:00,34.67,34.88,34.63,34.82
2024-04-28 02:00:00,34.82,35.24,34.75,35.14
2024-04-28 03:00:00,35.15,35.27,34.97,34.98
2024-04-28 04:00:00,34.99,35.06,34.8,34.82
2024-04-28 05:00:00,34.83,35,34.81,34.93
2024-04-28 06:00:00,34.93,34.97,34.79,34.91
2024-04-28 07:00:00,34.91,35.24,34.85,35.01
2024-04-28 08:00:00,35.01,35.11,34.71,34.77
2024-04-28 09:00:00,34.78,34.89,34.56,34.68
2024-04-28 10:00:00,34.68,34.79,34.45,34.62
2024-04-28 11:00:00,34.63,34.64,34.34,34.41
2024-04-28 12:00:00,34.4,34.55,34.36,34.53
2024-04-28 13:00:00,34.52,34.86,34.45,34.71
2024-04-28 14:00:00,34.7,34.72,34.46,34.66
2024-04-28 15:00:00,34.65,34.97,34.61,34.66
2024-04-28 16:00:00,34.67,35.04,34.63,34.82
2024-04-28 17:00:00,34.81,35.09,34.8,35.09
2024-04-28 18:00:00,35.09,35.39,34.96,35.3
2024-04-28 19:00:00,35.3,35.31,35.01,35.01
2024-04-28 20:00:00,35.01,35.06,34.91,35.05
2024-04-28 21:00:00,35.05,35.07,34.77,34.81
2024-04-28 22:00:00,34.8,34.88,34.1,34.17
2024-04-28 23:00:00,34.16,34.16,33.8,33.95
2024-04-29 00:00:00,33.95,34.19,33.87,34.15
2024-04-29 01:00:00,34.15,34.32,34.02,34.19
2024-04-29 02:00:00,34.19,34.28,33.57,33.72
2024-04-29 03:00:00,33.71,33.82,33.28,33.32
2024-04-29 04:00:00,33.33,33.72,33.22,33.67
2024-04-29 05:00:00,33.68,33.68,33.44,33.66
2024-04-29 06:00:00,33.67,33.67,32.93,33.14
2024-04-29 07:00:00,33.14,33.28,33.01,33.2
2024-04-29 08:00:00,33.21,33.28,32.84,33.07
2024-04-29 09:00:00,33.08,33.4,32.95,33.3
2024-04-29 10:00:00,33.3,33.66,33.15,33.26
2024-04-29 11:00:00,33.26,33.33,33.12,33.21
2024-04-29 12:00:00,33.21,33.57,33.03,33.49
2024-04-29 13:00:00,33.51,34.1,33.45,33.86
2024-04-29 14:00:00,33.86,35.13,33.69,34.8
2024-04-29 15:00:00,34.8,35.1,34.64,34.95
2024-04-29 16:00:00,34.95,35.02,34.55,34.66
2024-04-29 17:00:00,34.66,35.09,34.63,35.06
2024-04-29 18:00:00,35.05,35.11,34.82,34.97
2024-04-29 19:00:00,34.97,35.01,34.4,34.63
2024-04-29 20:00:00,34.64,34.89,34.46,34.48
2024-04-29 21:00:00,34.48,34.49,34.13,34.31
2024-04-29 22:00:00,34.31,35.3,34.29,35.04
2024-04-29 23:00:00,35.04,35.88,35.03,35.28
2024-04-30 00:00:00,35.29,35.73,34.94,35.52
2024-04-30 01:00:00,35.53,35.66,34.71,34.75
2024-04-30 02:00:00,34.75,35.07,34.37,34.96
2024-04-30 03:00:00,34.96,35.13,34.76,34.87
2024-04-30 04:00:00,34.87,34.91,34.61,34.69
2024-04-30 05:00:00,34.69,34.77,34.39,34.66
2024-04-30 06:00:00,34.67,34.9,34.63,34.9
2024-04-30 07:00:00,34.89,35.02,34.7,34.72
2024-04-30 08:00:00,34.71,34.8,33.51,33.65
2024-04-30 09:00:00,33.65,33.96,33.53,33.66
2024-04-30 10:00:00,33.65,33.71,33.29,33.49
2024-04-30 11:00:00,33.48,33.52,33.12,33.27
2024-04-30 12:00:00,33.26,33.36,32.53,32.9
2024-04-30 13:00:00,32.89,32.97,32.52,32.61
2024-04-30 14:00:00,32.6,33.33,32.58,33.16
2024-04-30 15:00:00,33.16,33.33,32.67,32.81
2024-04-30 16:00:00,32.82,32.82,31.94,32.5
2024-04-30 17:00:00,32.49,32.63,32.35,32.46
2024-04-30 18:00:00,32.45,32.56,32.29,32.47
2024-04-30 19:00:00,32.47,32.65,31.92,31.99
2024-04-30 20:00:00,31.99,32.76,31.99,32.39
2024-04-30 21:00:00,32.39,32.59,32.37,32.48
2024-04-30 22:00:00,32.47,33.07,32.44,32.8
2024-04-30 23:00:00,32.8,32.88,32.57,32.71
2024-05-01 00:00:00,32.71,32.84,32.29,32.42
2024-05-01 01:00:00,32.42,32.76,32.23,32.65
2024-05-01 02:00:00,32.64,32.68,32.22,32.51
2024-05-01 03:00:00,32.51,32.69,32.43,32.64
2024-05-01 04:00:00,32.64,32.75,32.6,32.65
2024-05-01 05:00:00,32.65,32.77,32.41,32.46
2024-05-01 06:00:00,32.47,32.49,31.97,32.01
2024-05-01 07:00:00,32.01,32.04,30.26,31.27
2024-05-01 08:00:00,31.27,31.31,30.6,31.02
2024-05-01 09:00:00,31.01,31.39,30.96,31.26
2024-05-01 10:00:00,31.27,31.53,31.16,31.53
2024-05-01 11:00:00,31.52,31.92,31.46,31.91
2024-05-01 12:00:00,31.9,32.35,31.77,32.19
2024-05-01 13:00:00,32.19,32.67,32.06,32.39
2024-05-01 14:00:00,32.4,33.01,32.23,32.88
2024-05-01 15:00:00,32.88,32.9,32.24,32.48
2024-05-01 16:00:00,32.47,32.57,31.87,32.01
2024-05-01 17:00:00,32,32.45,31.8,32.29
2024-05-01 18:00:00,32.29,34,32.27,33.65
2024-05-01 19:00:00,33.65,33.81,32.18,32.42
2024-05-01 20:00:00,32.43,32.89,32.16,32.69
2024-05-01 21:00:00,32.69,33.18,32.65,33.05
2024-05-01 22:00:00,33.05,33.18,32.98,33.05
2024-05-01 23:00:00,33.04,33.42,32.98,33.33
2024-05-02 00:00:00,33.33,33.74,32.97,33.02
2024-05-02 01:00:00,33.01,33.11,32.36,32.76
2024-05-02 02:00:00,32.77,32.87,32.64,32.73
2024-05-02 03:00:00,32.74,32.97,32.72,32.78
2024-05-02 04:00:00,32.78,32.97,32.62,32.69
2024-05-02 05:00:00,32.7,32.73,32.3,32.64
2024-05-02 06:00:00,32.64,32.79,32.54,32.56
2024-05-02 07:00:00,32.56,32.94,32.56,32.67
2024-05-02 08:00:00,32.66,32.98,32.6,32.87
2024-05-02 09:00:00,32.88,32.99,32.72,32.9
2024-05-02 10:00:00,32.9,33.06,32.68,33.02
2024-05-02 11:00:00,33.01,33.8,32.97,33.77
2024-05-02 12:00:00,33.77,34.06,33.6,33.67
2024-05-02 13:00:00,33.67,33.84,33.22,33.32
2024-05-02 14:00:00,33.31,33.93,33.16,33.86
2024-05-02 15:00:00,33.86,34.13,33.78,33.81
2024-05-02 16:00:00,33.81,33.85,33.52,33.58
2024-05-02 17:00:00,33.59,33.84,33.53,33.8
2024-05-02 18:00:00,33.79,33.97,33.61,33.73
2024-05-02 19:00:00,33.73,33.77,33.57,33.77
2024-05-02 20:00:00,33.77,33.84,33.32,33.48
2024-05-02 21:00:00,33.48,33.86,33.46,33.67
2024-05-02 22:00:00,33.67,33.97,33.66,33.8
2024-05-02 23:00:00,33.8,33.84,33.58,33.58
2024-05-03 00:00:00,33.57,33.75,33.43,33.66
2024-05-03 01:00:00,33.66,34.24,33.64,33.96
2024-05-03 02:00:00,33.96,34.3,33.91,34.05
2024-05-03 03:00:00,34.05,34.36,34.05,34.15
2024-05-03 04:00:00,34.16,34.2,33.89,33.97
2024-05-03 05:00:00,33.97,34.14,33.84,33.95
2024-05-03 06:00:00,33.94,33.99,33.69,33.73
2024-05-03 07:00:00,33.73,33.86,33.5,33.55
2024-05-03 08:00:00,33.55,33.77,33.54,33.62
2024-05-03 09:00:00,33.62,33.9,33.6,33.81
2024-05-03 10:00:00,33.82,33.82,33.3,33.51
2024-05-03 11:00:00,33.51,33.63,33.38,33.56
2024-05-03 12:00:00,33.56,34.73,33.52,34.65
2024-05-03 13:00:00,34.65,34.92,34.48,34.82
2024-05-03 14:00:00,34.83,34.98,34.57,34.78
2024-05-03 15:00:00,34.78,35.18,34.73,35.08
2024-05-03 16:00:00,35.08,35.41,35.06,35.23
2024-05-03 17:00:00,35.22,35.46,35.15,35.33
2024-05-03 18:00:00,35.33,35.45,35.22,35.23
2024-05-03 19:00:00,35.22,35.29,35.05,35.28
2024-05-03 20:00:00,35.27,35.88,35.22,35.62
2024-05-03 21:00:00,35.62,35.73,35.47,35.57
2024-05-03 22:00:00,35.57,35.62,35.5,35.54
2024-05-03 23:00:00,35.54,36.13,35.53,35.54
2024-05-04 00:00:00,35.55,35.79,35.51,35.67
2024-05-04 01:00:00,35.67,35.72,35.42,35.43
2024-05-04 02:00:00,35.42,35.44,35.18,35.41
2024-05-04 03:00:00,35.41,35.56,35.39,35.53
2024-05-04 04:00:00,35.52,35.82,35.51,35.71
2024-05-04 05:00:00,35.71,35.75,35.46,35.73
2024-05-04 06:00:00,35.73,35.73,35.47,35.5
2024-05-04 07:00:00,35.5,35.59,35.4,35.42
2024-05-04 08:00:00,35.41,35.67,35.39,35.63
2024-05-04 09:00:00,35.63,35.73,35.25,35.47
2024-05-04 10:00:00,35.47,36.31,35.38,36.28
2024-05-04 11:00:00,36.28,36.5,35.69,35.81
2024-05-04 12:00:00,35.81,36.11,35.76,36.07
2024-05-04 13:00:00,36.07,36.25,35.61,36.11
2024-05-04 14:00:00,36.1,36.27,35.9,36.15
2024-05-04 15:00:00,36.15,36.25,35.99,36.22
2024-05-04 16:00:00,36.22,36.62,36.05,36.59
2024-05-04 17:00:00,36.58,36.9,36.07,36.55
2024-05-04 18:00:00,36.54,37.5,36.47,37.24
2024-05-04 19:00:00,37.24,37.4,36.96,37.33
2024-05-04 20:00:00,37.33,37.68,37.3,37.36
2024-05-04 21:00:00,37.37,37.62,36.9,37.15
2024-05-04 22:00:00,37.16,37.2,36.88,37.11
2024-05-04 23:00:00,37.12,37.4,37.12,37.36
2024-05-05 00:00:00,37.36,37.77,37.21,37.52
2024-05-05 01:00:00,37.52,37.63,36.81,37.42
2024-05-05 02:00:00,37.42,37.62,37.33,37.4
2024-05-05 03:00:00,37.4,38.01,37.4,37.57
2024-05-05 04:00:00,37.57,37.64,37.11,37.14
2024-05-05 05:00:00,37.15,37.32,36.96,37.01
2024-05-05 06:00:00,37,37.25,36.97,36.98
2024-05-05 07:00:00,36.98,37.14,36.77,36.97
2024-05-05 08:00:00,36.97,37.22,36.86,36.97
2024-05-05 09:00:00,36.97,37.2,36.83,37.19
2024-05-05 10:00:00,37.19,37.25,36.6,36.85
2024-05-05 11:00:00,36.85,37.02,36.68,37.02
2024-05-05 12:00:00,37.01,37.23,36.72,36.75
2024-05-05 13:00:00,36.76,37.54,36.67,37.34
2024-05-05 14:00:00,37.34,37.34,37.06,37.23
2024-05-05 15:00:00,37.23,37.5,37.11,37.41
2024-05-05 16:00:00,37.42,37.67,37.34,37.48
2024-05-05 17:00:00,37.48,37.68,37.3,37.32
2024-05-05 18:00:00,37.33,37.33,37.08,37.19
2024-05-05 19:00:00,37.2,37.26,37.09,37.23
2024-05-05 20:00:00,37.23,37.26,37.09,37.17
2024-05-05 21:00:00,37.18,37.39,36.98,37.38
2024-05-05 22:00:00,37.38,37.42,37.22,37.39
2024-05-05 23:00:00,37.4,37.5,37.34,37.35
2024-05-06 00:00:00,37.35,37.49,37.14,37.48
2024-05-06 01:00:00,37.49,37.65,37.24,37.26
2024-05-06 02:00:00,37.27,37.62,37.2,37.21
2024-05-06 03:00:00,37.2,37.28,36.99,37.22
2024-05-06 04:00:00,37.22,37.75,37.06,37.52
2024-05-06 05:00:00,37.52,37.97,37.41,37.71
2024-05-06 06:00:00,37.71,37.96,37.69,37.93
2024-05-06 07:00:00,37.93,38.35,37.83,38.26
2024-05-06 08:00:00,38.26,39.87,38.24,39.39
2024-05-06 09:00:00,39.39,39.6,39.2,39.5
2024-05-06 10:00:00,39.5,39.87,38.35,38.52
2024-05-06 11:00:00,38.51,38.88,38.45,38.56
2024-05-06 12:00:00,38.57,38.67,37.26,37.62
2024-05-06 13:00:00,37.62,38.1,37.47,37.96
2024-05-06 14:00:00,37.96,38.21,37.19,37.28
2024-05-06 15:00:00,37.28,38.04,37.09,37.79
2024-05-06 16:00:00,37.79,38.09,37.25,37.35
2024-05-06 17:00:00,37.34,37.63,36.89,37.13
2024-05-06 18:00:00,37.13,37.36,37.02,37.23
2024-05-06 19:00:00,37.24,37.24,36.78,37.2
2024-05-06 20:00:00,37.2,37.76,37.14,37.59
2024-05-06 21:00:00,37.59,37.73,37.48,37.65
2024-05-06 22:00:00,37.65,37.65,37.35,37.42
2024-05-06 23:00:00,37.41,37.42,37.11,37.11
2024-05-07 00:00:00,37.12,37.23,36.78,37.08
2024-05-07 01:00:00,37.08,37.48,37.03,37.42
2024-05-07 02:00:00,37.43,37.6,37.34,37.39
2024-05-07 03:00:00,37.38,37.46,36.35,36.8
2024-05-07 04:00:00,36.81,37.1,36.77,36.99
2024-05-07 05:00:00,37,37.01,36.64,36.84
2024-05-07 06:00:00,36.84,36.93,36.5,36.65
2024-05-07 07:00:00,36.64,36.94,36.55,36.61
2024-05-07 08:00:00,36.6,37.42,36.49,37.35
2024-05-07 09:00:00,37.35,37.49,37.12,37.2
2024-05-07 10:00:00,37.19,37.22,36.84,37
2024-05-07 11:00:00,37,37.08,36.43,36.44
2024-05-07 12:00:00,36.44,36.76,36.44,36.68
2024-05-07 13:00:00,36.68,36.85,36.29,36.4
2024-05-07 14:00:00,36.4,37.13,36.32,37.11
2024-05-07 15:00:00,37.1,37.32,36.73,36.91
2024-05-07 16:00:00,36.9,37.08,36.79,36.97
2024-05-07 17:00:00,36.98,36.98,36.68,36.74
2024-05-07 18:00:00,36.74,36.75,36.06,36.38
2024-05-07 19:00:00,36.37,36.43,36.11,36.18
2024-05-07 20:00:00,36.17,36.36,36.08,36.09
2024-05-07 21:00:00,36.09,36.26,35.7,35.97
2024-05-07 22:00:00,35.96,35.96,35.55,35.63
2024-05-07 23:00:00,35.64,35.65,35.27,35.31
2024-05-08 00:00:00,35.31,35.43,34.92,35.31
2024-05-08 01:00:00,35.3,35.46,35.13,35.15
2024-05-08 02:00:00,35.16,35.5,35.14,35.42
2024-05-08 03:00:00,35.43,35.49,35.24,35.3
2024-05-08 04:00:00,35.3,35.41,34.79,34.83
2024-05-08 05:00:00,34.82,34.95,34.67,34.77
2024-05-08 06:00:00,34.76,34.96,34.46,34.76
2024-05-08 07:00:00,34.76,34.88,34.46,34.55
2024-05-08 08:00:00,34.55,34.68,34.3,34.62
2024-05-08 09:00:00,34.62,34.64,34.32,34.59
2024-05-08 10:00:00,34.59,34.75,34.49,34.7
2024-05-08 11:00:00,34.69,34.73,34.31,34.41
2024-05-08 12:00:00,34.41,34.58,34.09,34.35
2024-05-08 13:00:00,34.34,34.77,34.21,34.7
2024-05-08 14:00:00,34.7,35,34.44,34.78
2024-05-08 15:00:00,34.78,34.87,34.18,34.48
2024-05-08 16:00:00,34.49,34.57,34.23,34.57
2024-05-08 17:00:00,34.56,35.1,34.51,34.73
2024-05-08 18:00:00,34.74,35.01,34.65,34.67
2024-05-08 19:00:00,34.67,34.92,34.26,34.41
2024-05-08 20:00:00,34.4,34.53,33.62,33.79
2024-05-08 21:00:00,33.78,34.06,33.64,33.94
2024-05-08 22:00:00,33.93,34.02,33.7,33.87
2024-05-08 23:00:00,33.86,34.14,33.79,34.02
2024-05-09 00:00:00,34.02,34.27,33.97,34.24
2024-05-09 01:00:00,34.24,34.43,34.21,34.36
2024-05-09 02:00:00,34.37,34.44,34.17,34.34
2024-05-09 03:00:00,34.35,34.41,34.13,34.31
2024-05-09 04:00:00,34.33,34.67,34.12,34.26
2024-05-09 05:00:00,34.27,34.48,34.25,34.41
2024-05-09 06:00:00,34.4,34.65,34.4,34.54
2024-05-09 07:00:00,34.54,34.57,34.2,34.27
2024-05-09 08:00:00,34.26,34.38,34.16,34.28
2024-05-09 09:00:00,34.28,34.34,33.88,34.13
2024-05-09 10:00:00,34.14,34.16,33.74,33.76
2024-05-09 11:00:00,33.76,34.15,33.73,34.06
2024-05-09 12:00:00,34.07,34.43,34.04,34.24
2024-05-09 13:00:00,34.25,34.26,33.74,33.94
2024-05-09 14:00:00,33.95,34.17,33.87,34.13
2024-05-09 15:00:00,34.13,34.56,34.03,34.35
2024-05-09 16:00:00,34.35,34.65,34.14,34.17
2024-05-09 17:00:00,34.16,34.39,34.06,34.28
2024-05-09 18:00:00,34.27,34.46,34.23,34.45
2024-05-09 19:00:00,34.46,34.71,34.37,34.68
2024-05-09 20:00:00,34.68,34.73,34.44,34.53
2024-05-09 21:00:00,34.54,34.75,34.49,34.62
2024-05-09 22:00:00,34.62,35.38,34.58,35.27
2024-05-09 23:00:00,35.28,35.31,34.85,35.07
2024-05-10 00:00:00,35.07,35.2,34.89,35.03
2024-05-10 01:00:00,35.04,35.42,34.92,35.38
2024-05-10 02:00:00,35.37,35.59,35.29,35.55
2024-05-10 03:00:00,35.54,35.62,35.41,35.55
2024-05-10 04:00:00,35.55,35.77,35.53,35.76
2024-05-10 05:00:00,35.77,35.85,35.45,35.49
2024-05-10 06:00:00,35.48,35.87,35.48,35.79
2024-05-10 07:00:00,35.79,36.12,35.69,36.03
2024-05-10 08:00:00,36.03,36.09,35.74,35.88
2024-05-10 09:00:00,35.88,35.88,35.64,35.71
2024-05-10 10:00:00,35.72,35.75,35.56,35.61
2024-05-10 11:00:00,35.61,35.81,35.43,35.8
2024-05-10 12:00:00,35.81,35.89,35.58,35.66
2024-05-10 13:00:00,35.65,35.85,35.46,35.7
2024-05-10 14:00:00,35.7,35.77,34.05,34.35
2024-05-10 15:00:00,34.35,34.72,34.14,34.62
2024-05-10 16:00:00,34.61,34.74,34.06,34.56
2024-05-10 17:00:00,34.55,34.62,33.9,34.15
2024-05-10 18:00:00,34.14,34.33,33.94,34.3
2024-05-10 19:00:00,34.29,34.32,33.87,33.92
2024-05-10 20:00:00,33.92,34.18,33.73,33.87
2024-05-10 21:00:00,33.86,33.96,33.69,33.79
2024-05-10 22:00:00,33.78,33.81,33.26,33.28
2024-05-10 23:00:00,33.28,33.76,33.23,33.71
2024-05-11 00:00:00,33.71,33.92,33.61,33.79
2024-05-11 01:00:00,33.8,34.04,33.62,33.71
2024-05-11 02:00:00,33.71,33.76,33.42,33.66
2024-05-11 03:00:00,33.67,33.69,33.46,33.53
2024-05-11 04:00:00,33.53,33.56,33.23,33.46
2024-05-11 05:00:00,33.45,33.74,33.44,33.61
2024-05-11 06:00:00,33.61,33.72,33.57,33.6
2024-05-11 07:00:00,33.6,33.71,33.55,33.65
2024-05-11 08:00:00,33.65,33.67,33.3,33.35
2024-05-11 09:00:00,33.35,33.48,33.31,33.46
2024-05-11 10:00:00,33.46,33.55,33.31,33.42
2024-05-11 11:00:00,33.42,33.43,33.06,33.39
2024-05-11 12:00:00,33.38,33.61,33.24,33.39
2024-05-11 13:00:00,33.4,33.65,33.36,33.63
2024-05-11 14:00:00,33.62,33.66,33.43,33.49
2024-05-11 15:00:00,33.49,33.99,33.49,33.8
2024-05-11 16:00:00,33.81,33.92,33.73,33.84
2024-05-11 17:00:00,33.85,33.89,33.62,33.72
2024-05-11 18:00:00,33.73,33.92,33.69,33.83
2024-05-11 19:00:00,33.83,33.88,33.74,33.8
2024-05-11 20:00:00,33.8,33.81,33.57,33.72
2024-05-11 21:00:00,33.71,33.72,33.55,33.57
2024-05-11 22:00:00,33.57,33.65,33.5,33.55
2024-05-11 23:00:00,33.55,33.57,33.43,33.49
2024-05-12 00:00:00,33.49,33.71,33.46,33.56
2024-05-12 01:00:00,33.57,33.67,33.51,33.53
2024-05-12 02:00:00,33.53,33.68,33.48,33.62
2024-05-12 03:00:00,33.62,33.63,33.52,33.55
2024-05-12 04:00:00,33.56,33.74,33.53,33.72
2024-05-12 05:00:00,33.72,33.75,33.67,33.74
2024-05-12 06:00:00,33.74,33.77,33.53,33.57
2024-05-12 07:00:00,33.58,33.62,33.19,33.25
2024-05-12 08:00:00,33.25,33.5,33.21,33.45
2024-05-12 09:00:00,33.45,33.49,33.32,33.47
2024-05-12 10:00:00,33.48,34,33.47,33.76
2024-05-12 11:00:00,33.76,33.84,33.69,33.79
2024-05-12 12:00:00,33.79,33.87,33.68,33.74
2024-05-12 13:00:00,33.74,33.86,33.67,33.84
2024-05-12 14:00:00,33.84,33.88,33.55,33.59
2024-05-12 15:00:00,33.59,33.75,33.49,33.7
2024-05-12 16:00:00,33.7,33.91,33.64,33.64
2024-05-12 17:00:00,33.65,33.8,33.54,33.7
2024-05-12 18:00:00,33.7,33.7,33.45,33.49
2024-05-12 19:00:00,33.48,33.49,33.33,33.46
2024-05-12 20:00:00,33.46,33.49,33.36,33.41
2024-05-12 21:00:00,33.4,33.41,32.78,33.22
2024-05-12 22:00:00,33.23,33.28,33.16,33.18
2024-05-12 23:00:00,33.19,33.29,33.14,33.14
2024-05-13 00:00:00,33.14,33.43,33.14,33.25
2024-05-13 01:00:00,33.24,33.26,32.53,32.83
2024-05-13 02:00:00,32.83,32.94,32.14,32.35
2024-05-13 03:00:00,32.35,32.35,31.93,32.33
2024-05-13 04:00:00,32.33,32.33,32.07,32.22
2024-05-13 05:00:00,32.21,32.38,32.07,32.09
2024-05-13 06:00:00,32.09,32.87,32.08,32.79
2024-05-13 07:00:00,32.79,33.49,32.71,33.49
2024-05-13 08:00:00,33.48,33.8,33.48,33.54
2024-05-13 09:00:00,33.55,33.82,33.49,33.65
2024-05-13 10:00:00,33.66,33.68,33.29,33.45
2024-05-13 11:00:00,33.46,33.53,33.27,33.41
2024-05-13 12:00:00,33.4,33.41,33.16,33.32
2024-05-13 13:00:00,33.33,33.38,32.95,33.04
2024-05-13 14:00:00,33.03,33.49,32.95,32.97
2024-05-13 15:00:00,32.97,33.41,32.92,33.29
2024-05-13 16:00:00,33.3,33.45,33.13,33.37
2024-05-13 17:00:00,33.36,33.41,32.68,32.81
2024-05-13 18:00:00,32.8,32.83,32.45,32.62
2024-05-13 19:00:00,32.62,32.93,32.55,32.85
2024-05-13 20:00:00,32.84,32.9,32.73,32.87
2024-05-13 21:00:00,32.86,32.89,32.59,32.64
2024-05-13 22:00:00,32.64,32.73,32.35,32.41
2024-05-13 23:00:00,32.42,32.58,32.38,32.46
2024-05-14 00:00:00,32.46,32.62,32.22,32.3
2024-05-14 01:00:00,32.3,32.47,32.08,32.18
2024-05-14 02:00:00,32.14,32.23,31.94,32.2
2024-05-14 03:00:00,32.21,32.35,32.12,32.18
2024-05-14 04:00:00,32.18,32.42,32.15,32.34
2024-05-14 05:00:00,32.34,32.6,32.27,32.48
2024-05-14 06:00:00,32.48,32.48,31.6,32.31
2024-05-14 07:00:00,32.3,32.67,32.29,32.66
2024-05-14 08:00:00,32.66,33.34,32.52,32.96
2024-05-14 09:00:00,32.96,33.22,32.69,32.73
2024-05-14 10:00:00,32.73,32.95,32.67,32.87
2024-05-14 11:00:00,32.87,32.92,32.7,32.74
2024-05-14 12:00:00,32.73,33.02,32.45,32.7
2024-05-14 13:00:00,32.68,32.78,32.47,32.48
2024-05-14 14:00:00,32.48,32.53,31.75,31.97
2024-05-14 15:00:00,31.97,32.34,31.89,32.09
2024-05-14 16:00:00,32.09,32.1,31.78,31.95
2024-05-14 17:00:00,31.96,31.97,31.65,31.78
2024-05-14 18:00:00,31.77,32.04,31.74,32.01
2024-05-14 19:00:00,32.02,32.14,31.93,31.93
2024-05-14 20:00:00,31.93,31.96,31.82,31.82
2024-05-14 21:00:00,31.82,31.86,31.63,31.78
2024-05-14 22:00:00,31.78,31.8,31.52,31.62
2024-05-14 23:00:00,31.63,31.66,31.48,31.58
2024-05-15 00:00:00,31.58,31.85,31.35,31.42
2024-05-15 01:00:00,31.42,31.8,31.42,31.77
2024-05-15 02:00:00,31.77,31.93,31.76,31.91
2024-05-15 03:00:00,31.92,32.46,31.92,32.32
2024-05-15 04:00:00,32.33,32.42,32.08,32.13
2024-05-15 05:00:00,32.12,32.27,32.08,32.24
2024-05-15 06:00:00,32.25,32.52,32.22,32.51
2024-05-15 07:00:00,32.51,32.72,32.43,32.67
2024-05-15 08:00:00,32.68,32.79,32.46,32.58
2024-05-15 09:00:00,32.59,33.08,32.35,32.91
2024-05-15 10:00:00,32.91,33.27,32.78,32.96
2024-05-15 11:00:00,32.96,32.99,32.61,32.73
2024-05-15 12:00:00,32.73,33.84,32.63,33.79
2024-05-15 13:00:00,33.8,34.47,33.71,33.99
2024-05-15 14:00:00,34,34.48,33.95,34.31
2024-05-15 15:00:00,34.31,34.42,34.04,34.08
2024-05-15 16:00:00,34.08,34.31,33.77,33.92
2024-05-15 17:00:00,33.93,34.07,33.82,33.97
2024-05-15 18:00:00,33.97,34.14,33.79,34.05
2024-05-15 19:00:00,34.06,34.35,33.84,34.33
2024-05-15 20:00:00,34.32,34.58,34.25,34.55
2024-05-15 21:00:00,34.56,34.59,34.41,34.49
2024-05-15 22:00:00,34.48,34.72,34.44,34.56
2024-05-15 23:00:00,34.56,34.79,34.48,34.66
2024-05-16 00:00:00,34.66,34.82,34.45,34.67
2024-05-16 01:00:00,34.66,34.88,34.62,34.87
2024-05-16 02:00:00,34.87,34.92,34.67,34.78
2024-05-16 03:00:00,34.78,35.01,34.69,34.97
2024-05-16 04:00:00,34.96,35.01,34.7,34.78
2024-05-16 05:00:00,34.78,34.79,34.55,34.68
2024-05-16 06:00:00,34.67,34.81,34.62,34.71
2024-05-16 07:00:00,34.7,34.87,34.68,34.76
2024-05-16 08:00:00,34.76,34.9,34.56,34.58
2024-05-16 09:00:00,34.58,34.98,34.48,34.93
2024-05-16 10:00:00,34.93,34.93,34.47,34.54
2024-05-16 11:00:00,34.54,34.64,34.43,34.62
2024-05-16 12:00:00,34.62,34.63,34.03,34.37
2024-05-16 13:00:00,34.37,34.9,34.16,34.63
2024-05-16 14:00:00,34.63,34.65,33.83,33.91
2024-05-16 15:00:00,33.91,34.37,33.83,34.21
2024-05-16 16:00:00,34.21,34.27,33.88,34.12
2024-05-16 17:00:00,34.12,34.23,33.75,34.02
2024-05-16 18:00:00,34.02,34.17,33.99,34.05
2024-05-16 19:00:00,34.04,34.45,34.03,34.36
2024-05-16 20:00:00,34.36,34.42,34.17,34.29
2024-05-16 21:00:00,34.29,34.38,34.17,34.35
2024-05-16 22:00:00,34.36,34.42,34.11,34.4
2024-05-16 23:00:00,34.4,34.6,34.35,34.46
2024-05-17 00:00:00,34.45,34.62,34.45,34.57
2024-05-17 01:00:00,34.56,34.66,34.26,34.48
2024-05-17 02:00:00,34.51,34.63,34.41,34.54
2024-05-17 03:00:00,34.56,34.94,34.46,34.79
2024-05-17 04:00:00,34.79,34.89,34.68,34.76
2024-05-17 05:00:00,34.77,34.95,34.71,34.94
2024-05-17 06:00:00,34.95,35.94,34.9,35.9
2024-05-17 07:00:00,35.89,37.32,35.89,37.29
2024-05-17 08:00:00,37.28,37.59,36.63,36.71
2024-05-17 09:00:00,36.7,36.71,36.24,36.53
2024-05-17 10:00:00,36.53,36.94,36.41,36.89
2024-05-17 11:00:00,36.89,36.97,36.55,36.56
2024-05-17 12:00:00,36.56,37.02,36.5,36.89
2024-05-17 13:00:00,36.89,36.96,36.4,36.53
2024-05-17 14:00:00,36.54,36.85,36.52,36.78
2024-05-17 15:00:00,36.78,37.25,36.64,37.12
2024-05-17 16:00:00,37.12,37.19,36.78,36.85
2024-05-17 17:00:00,36.85,36.93,36.62,36.65
2024-05-17 18:00:00,36.64,36.67,36.23,36.5
2024-05-17 19:00:00,36.49,36.58,36.38,36.57
2024-05-17 20:00:00,36.56,36.56,36.37,36.4
2024-05-17 21:00:00,36.4,36.45,36.33,36.42
2024-05-17 22:00:00,36.42,36.51,36.37,36.5
2024-05-17 23:00:00,36.49,36.49,36.31,36.43
2024-05-18 00:00:00,36.43,36.78,36.34,36.7
2024-05-18 01:00:00,36.7,36.93,36.54,36.92
2024-05-18 02:00:00,36.92,37.33,36.91,37.3
2024-05-18 03:00:00,37.3,37.66,37.14,37.61
2024-05-18 04:00:00,37.6,37.63,37.22,37.42
2024-05-18 05:00:00,37.42,37.52,37.11,37.27
2024-05-18 06:00:00,37.28,37.56,37.17,37.46
2024-05-18 07:00:00,37.45,37.47,37.15,37.19
2024-05-18 08:00:00,37.19,37.42,37.16,37.25
2024-05-18 09:00:00,37.24,37.46,37.19,37.39
2024-05-18 10:00:00,37.38,37.47,37.18,37.46
2024-05-18 11:00:00,37.47,37.56,37.35,37.48
2024-05-18 12:00:00,37.48,37.54,36.99,37.1
2024-05-18 13:00:00,37.1,37.32,36.96,37.04
2024-05-18 14:00:00,37.04,37.22,36.86,37.16
2024-05-18 15:00:00,37.17,37.52,37.15,37.34
2024-05-18 16:00:00,37.34,37.35,37.05,37.05
2024-05-18 17:00:00,37.05,37.29,37.04,37.16
2024-05-18 18:00:00,37.15,37.21,36.96,36.97
2024-05-18 19:00:00,36.97,37.1,36.91,37.06
2024-05-18 20:00:00,37.07,37.29,36.95,37.19
2024-05-18 21:00:00,37.19,37.28,37.04,37.15
2024-05-18 22:00:00,37.16,37.23,37.08,37.11
2024-05-18 23:00:00,37.12,37.28,37.08,37.24
2024-05-19 00:00:00,37.23,37.38,37.13,37.23
2024-05-19 01:00:00,37.23,37.57,37.23,37.42
2024-05-19 02:00:00,37.43,37.74,37.39,37.71
2024-05-19 03:00:00,37.72,37.76,37.37,37.47
2024-05-19 04:00:00,37.48,37.49,37.13,37.23
2024-05-19 05:00:00,37.23,37.26,37.01,37.02
2024-05-19 06:00:00,37.02,37.08,36.67,36.85
2024-05-19 07:00:00,36.86,36.96,36.72,36.9
2024-05-19 08:00:00,36.89,36.9,36.67,36.75
2024-05-19 09:00:00,36.75,36.78,36.54,36.68
2024-05-19 10:00:00,36.67,36.92,36.59,36.66
2024-05-19 11:00:00,36.65,36.68,36.36,36.64
2024-05-19 12:00:00,36.63,36.71,36.17,36.35
2024-05-19 13:00:00,36.34,36.39,35.97,36.19
2024-05-19 14:00:00,36.19,36.26,36.01,36.1
2024-05-19 15:00:00,36.1,36.11,35.79,35.96
2024-05-19 16:00:00,35.97,35.97,35.42,35.44
2024-05-19 17:00:00,35.44,35.89,35.37,35.67
2024-05-19 18:00:00,35.68,35.74,35.51,35.53
2024-05-19 19:00:00,35.54,35.83,35.46,35.57
2024-05-19 20:00:00,35.56,35.97,35.54,35.91
2024-05-19 21:00:00,35.91,35.97,35.44,35.62
2024-05-19 22:00:00,35.62,35.87,35.56,35.85
2024-05-19 23:00:00,35.86,35.86,35.55,35.6
2024-05-20 00:00:00,35.6,35.82,35.45,35.64
2024-05-20 01:00:00,35.64,35.71,35.15,35.61
2024-05-20 02:00:00,35.61,36.16,35.58,36.02
2024-05-20 03:00:00,36.02,36.1,35.45,35.67
2024-05-20 04:00:00,35.66,36.27,35.6,36.17
2024-05-20 05:00:00,36.17,36.64,36.17,36.49
2024-05-20 06:00:00,36.49,36.54,35.38,35.57
2024-05-20 07:00:00,35.58,36.13,35.49,36.05
2024-05-20 08:00:00,36.06,36.3,36.05,36.16
2024-05-20 09:00:00,36.16,36.3,35.95,35.97
2024-05-20 10:00:00,35.97,36.15,35.89,36.02
2024-05-20 11:00:00,36.02,36.31,35.89,36.01
2024-05-20 12:00:00,36.01,36.15,35.77,35.82
2024-05-20 13:00:00,35.82,35.97,35.68,35.95
2024-05-20 14:00:00,35.95,35.97,35.7,35.86
2024-05-20 15:00:00,35.88,36.68,35.8,36.66
2024-05-20 16:00:00,36.66,37.11,36.5,36.82
2024-05-20 17:00:00,36.82,37.08,36.63,36.91
2024-05-20 18:00:00,36.93,37.25,36.85,37.07
2024-05-20 19:00:00,37.07,38.78,36.92,38.67
2024-05-20 20:00:00,38.67,38.91,38.07,38.46
2024-05-20 21:00:00,38.47,38.96,38.06,38.95
2024-05-20 22:00:00,38.95,39.5,38.84,39.4
2024-05-20 23:00:00,39.39,40.35,39.18,40.13
2024-05-21 00:00:00,40.13,41.01,40.12,40.49
2024-05-21 01:00:00,40.49,40.52,39.66,39.94
2024-05-21 02:00:00,39.94,40.1,39.71,39.79
2024-05-21 03:00:00,39.79,39.99,39.71,39.76
2024-05-21 04:00:00,39.76,40.85,39.76,40.21
2024-05-21 05:00:00,40.22,41.19,40.21,40.98
2024-05-21 06:00:00,40.99,41.08,40.53,40.71
2024-05-21 07:00:00,40.72,40.76,40.41,40.71
2024-05-21 08:00:00,40.68,40.74,40.32,40.45000
2024-05-21 09:00:00,40.44000,40.63,40.27000,40.59
2024-05-21 10:00:00,40.59,40.78,40.42,40.58
2024-05-21 11:00:00,40.57,40.8,40.35,40.4
2024-05-21 12:00:00,40.39,40.91,40.17,40.71
2024-05-21 13:00:00,40.72,41.42,40.51,40.54
2024-05-21 14:00:00,40.53,41.09,40.43,40.52
2024-05-21 15:00:00,40.52,40.94,40.01,40.15
2024-05-21 16:00:00,40.15,40.99,40.01,40.88
2024-05-21 17:00:00,40.88,41.27,40.75,41.15
2024-05-21 18:00:00,41.16,41.34,40.82,40.9
2024-05-21 19:00:00,40.9,41.02,40.18,40.4
2024-05-21 20:00:00,40.41,40.99,40.4,40.85
2024-05-21 21:00:00,40.85,40.86,40.5,40.8
2024-05-21 22:00:00,40.82,41.32,40.82,41.28
2024-05-21 23:00:00,41.29,41.29,40.99,41.2
2024-05-22 00:00:00,41.19,41.36,40.96,41.02
2024-05-22 01:00:00,41.03,41.45,40.95,41.22
2024-05-22 02:00:00,41.23,41.25,40.94,40.98
2024-05-22 03:00:00,40.98,40.98,40.57,40.76
2024-05-22 04:00:00,40.76,40.87,40.19,40.72
2024-05-22 05:00:00,40.71,41.56,40.69,41.44
2024-05-22 06:00:00,41.44,41.8,41.23,41.37
2024-05-22 07:00:00,41.38,41.5,40.88,41.01
2024-05-22 08:00:00,41,41.31,40.8,41.23
2024-05-22 09:00:00,41.23,41.4,40.87,40.97
2024-05-22 10:00:00,40.97,41.11,40.86,40.92
2024-05-22 11:00:00,40.93,40.97,40.31,40.31
2024-05-22 12:00:00,40.32,40.54,39.19,39.31
2024-05-22 13:00:00,39.31,39.97,39.27,39.92
2024-05-22 14:00:00,39.91,40.22,39.7,40
2024-05-22 15:00:00,39.99,40.83,39.83,40.39
2024-05-22 16:00:00,40.39,40.49,40.06,40.19
2024-05-22 17:00:00,40.19,40.48,39.76,39.94
2024-05-22 18:00:00,39.94,40.01,39.43,39.74
2024-05-22 19:00:00,39.72,40,39.7,39.99
2024-05-22 20:00:00,40,40.38,39.72,39.82
2024-05-22 21:00:00,39.8,40.33,39.54,40.32
2024-05-22 22:00:00,40.32,40.34,39.99,40.05
2024-05-22 23:00:00,40.04,40.05,39.9,40
2024-05-23 00:00:00,40.01,40.34,40,40.15
2024-05-23 01:00:00,40.14,40.27,39.77,40.12
2024-05-23 02:00:00,40.12,40.22,40,40.15
2024-05-23 03:00:00,40.15,40.3,39.67,40.1
2024-05-23 04:00:00,40.09,40.11,39.81,39.9
2024-05-23 05:00:00,39.91,39.98,39.6,39.71
2024-05-23 06:00:00,39.71,40.03,39.52,39.94
2024-05-23 07:00:00,39.94,40.21,39.76,39.99
2024-05-23 08:00:00,39.98,40.01,39.7,39.79
2024-05-23 09:00:00,39.79,40.37,39.54,40.14
2024-05-23 10:00:00,40.14,40.2,39.62,39.65
2024-05-23 11:00:00,39.66,40.22,39.66,40.2
2024-05-23 12:00:00,40.2,40.47,38.76,39.48
2024-05-23 13:00:00,39.49,39.63,37.74,38.23
2024-05-23 14:00:00,38.22,38.71,37.87,37.98
2024-05-23 15:00:00,37.99,38.56,37.95,38.37
2024-05-23 16:00:00,38.36,38.41,37.83,38.09
2024-05-23 17:00:00,38.09,38.31,37.85,37.86
2024-05-23 18:00:00,37.86,37.96,37.29,37.73
2024-05-23 19:00:00,37.72,38.14,37.4,37.53
2024-05-23 20:00:00,37.53,37.63000,36.37,37.54000
2024-05-23 21:00:00,37.64000,38.78,37.56000,38.76
2024-05-23 22:00:00,38.77,38.81,38.24,38.32
2024-05-23 23:00:00,38.33,38.69,38.22,38.52
2024-05-24 00:00:00,38.52,38.78,38.32,38.65
2024-05-24 01:00:00,38.65,38.75,38.43,38.7
2024-05-24 02:00:00,38.7,38.94,38.49,38.86
2024-05-24 03:00:00,38.85,39,38.68,38.91
2024-05-24 04:00:00,38.91,38.99,38.67,38.68
2024-05-24 05:00:00,38.67,38.71,37.83,38.16
2024-05-24 06:00:00,38.15,38.28,37.49,37.5
2024-05-24 07:00:00,37.5,37.75,37,37.66
2024-05-24 08:00:00,37.66,37.68,36.91,37.45
2024-05-24 09:00:00,37.44,37.62,37.18,37.54
2024-05-24 10:00:00,37.54,37.71,37.4,37.56
2024-05-24 11:00:00,37.57,37.94,37.54,37.88
2024-05-24 12:00:00,37.87,38.08,37.71,37.84
2024-05-24 13:00:00,37.83,37.9,37.55,37.59
2024-05-24 14:00:00,37.59,38.32,37.53,38.19
2024-05-24 15:00:00,38.19,38.58,38.03,38.18
2024-05-24 16:00:00,38.17,38.17,37.68,37.77
2024-05-24 17:00:00,37.77,38.2,37.75,38.2
2024-05-24 18:00:00,38.21,38.73,38.1,38.16
2024-05-24 19:00:00,38.16,38.4,38.09,38.39
2024-05-24 20:00:00,38.38,38.52,38.12,38.12
2024-05-24 21:00:00,38.11,38.22,37.88,37.98
2024-05-24 22:00:00,37.99,38.08,37.89,37.97
2024-05-24 23:00:00,37.96,38.07,37.88,38.01
2024-05-25 00:00:00,38.01,38.06,37.81,37.81
2024-05-25 01:00:00,37.8,38.16,37.79,38.04
2024-05-25 02:00:00,38.02,38.22,38,38.19
2024-05-25 03:00:00,38.18,38.26,38.08,38.25
2024-05-25 04:00:00,38.25,38.57,38.24,38.48
2024-05-25 05:00:00,38.48,38.59,38.29,38.39
2024-05-25 06:00:00,38.39,38.39,38.11,38.19
2024-05-25 07:00:00,38.19,38.41,38.16,38.37
2024-05-25 08:00:00,38.37,38.39,38.21,38.23
2024-05-25 09:00:00,38.23,38.49,38.19,38.47
2024-05-25 10:00:00,38.47,38.55,38.35,38.51
2024-05-25 11:00:00,38.52,38.72,38.34,38.35
2024-05-25 12:00:00,38.35,38.35,38.02,38.08
2024-05-25 13:00:00,38.08,38.15,37.71,37.78
2024-05-25 14:00:00,37.78,38.11,37.76,38.1
2024-05-25 15:00:00,38.11,38.3,38.04,38.06
2024-05-25 16:00:00,38.05,38.09,37.77,37.86
2024-05-25 17:00:00,37.87,38.04,37.86,37.98
2024-05-25 18:00:00,37.97,38.11,37.91,38.1
2024-05-25 19:00:00,38.1,38.14,38.04,38.05
2024-05-25 20:00:00,38.04,38.09,37.84,37.93
2024-05-25 21:00:00,37.94,38.09,37.91,38.09
2024-05-25 22:00:00,38.08,38.21,38,38.2
2024-05-25 23:00:00,38.21,38.31,38.19,38.28
2024-05-26 00:00:00,38.28,38.31,38.06,38.06
2024-05-26 01:00:00,38.06,38.26,38.05,38.08
2024-05-26 02:00:00,38.08,38.09,37.62,37.79
2024-05-26 03:00:00,37.79,37.93,37.6,37.87
2024-05-26 04:00:00,37.86,37.86,37.6,37.66
2024-05-26 05:00:00,37.66,37.77,37.57,37.76
2024-05-26 06:00:00,37.76,37.82,37.64,37.68
2024-05-26 07:00:00,37.69,37.91,37.55,37.64
2024-05-26 08:00:00,37.64,37.67,37.27,37.39
2024-05-26 09:00:00,37.39,37.51,37.08,37.23
2024-05-26 10:00:00,37.24,37.38,37.21,37.28
2024-05-26 11:00:00,37.29,37.39,37.22,37.35
2024-05-26 12:00:00,37.35,37.35,37.07,37.15
2024-05-26 13:00:00,37.16,37.2,36.92,37.1
2024-05-26 14:00:00,37.1,37.34,36.92,37.31
2024-05-26 15:00:00,37.31,37.42,36.71,36.88
2024-05-26 16:00:00,36.87,37.04,36.74,36.84
2024-05-26 17:00:00,36.84,36.89,36.7,36.81
2024-05-26 18:00:00,36.81,36.91,36.72,36.86
2024-05-26 19:00:00,36.87,37.04,36.87,36.97
2024-05-26 20:00:00,36.97,36.97,36.8,36.81
2024-05-26 21:00:00,36.8,36.94,36.46,36.94
2024-05-26 22:00:00,36.93,37.03,36.82,36.94
2024-05-26 23:00:00,36.92,36.94,36.69,36.76
2024-05-27 00:00:00,36.76,36.97,36.67,36.94
2024-05-27 01:00:00,36.94,37.28,36.91,37.17
2024-05-27 02:00:00,37.17,37.25,37.01,37.13
2024-05-27 03:00:00,37.13,37.35,37.1,37.24
2024-05-27 04:00:00,37.24,37.43,37.17,37.23
2024-05-27 05:00:00,37.23,37.27,36.65,36.94
2024-05-27 06:00:00,36.94,36.96,36.69,36.76
2024-05-27 07:00:00,36.75,37.02,36.66,37
2024-05-27 08:00:00,36.99,37.29,36.98,37.21
2024-05-27 09:00:00,37.21,37.39,37.1,37.31
2024-05-27 10:00:00,37.3,37.36,37.2,37.33
2024-05-27 11:00:00,37.34,37.54,37.27,37.41
2024-05-27 12:00:00,37.4,37.48,37.3,37.37
2024-05-27 13:00:00,37.37,37.75,37.37,37.67
2024-05-27 14:00:00,37.66,37.9,37.55,37.84
2024-05-27 15:00:00,37.84,38.48,37.83,38.44
2024-05-27 16:00:00,38.43,38.95,38.43,38.63
2024-05-27 17:00:00,38.64,38.87,38.59,38.65
2024-05-27 18:00:00,38.65,38.74,38.34,38.37
2024-05-27 19:00:00,38.37,38.48,37.69,37.96
2024-05-27 20:00:00,37.95,38.42,37.93,38.34
2024-05-27 21:00:00,38.36,38.39,38.11,38.2
2024-05-27 22:00:00,38.19,38.37,38.1,38.25
2024-05-27 23:00:00,38.25,38.32,38.11,38.26
2024-05-28 00:00:00,38.27,38.27,37.86,37.99
2024-05-28 01:00:00,37.99,38.4,37.51,37.56
2024-05-28 02:00:00,37.55,37.78,37.29,37.68
2024-05-28 03:00:00,37.68,37.78,37.05,37.19
2024-05-28 04:00:00,37.19,37.22,36.55,36.75
2024-05-28 05:00:00,36.75,36.99,36.53,36.99
2024-05-28 06:00:00,36.99,37.02,36.74,36.84
2024-05-28 07:00:00,36.85,36.93,36.7,36.8
2024-05-28 08:00:00,36.8,37.08,36.7,37
2024-05-28 09:00:00,36.99,37.17,36.92,37.11
2024-05-28 10:00:00,37.11,37.47,37.05,37.19
2024-05-28 11:00:00,37.19,37.39,37.11,37.27
2024-05-28 12:00:00,37.28,37.41,37.04,37.21
2024-05-28 13:00:00,37.21,37.38,36.72,36.87
2024-05-28 14:00:00,36.88,37.14,36.59,36.86
2024-05-28 15:00:00,36.87,37.14,36.72,37.09
2024-05-28 16:00:00,37.09,37.16,36.65,36.81
2024-05-28 17:00:00,36.82,37.21,36.78,36.97
2024-05-28 18:00:00,36.97,37.12,36.55,36.77
2024-05-28 19:00:00,36.77,37.24,36.77,37.2
2024-05-28 20:00:00,37.2,37.29,37.1,37.15
2024-05-28 21:00:00,37.14,37.26,37.05,37.09
2024-05-28 22:00:00,37.09,37.21,37.06,37.11
2024-05-28 23:00:00,37.1,37.18,36.93,37.02
2024-05-29 00:00:00,37.02,37.06,36.79,36.85
2024-05-29 01:00:00,36.85,37.02,36.68,36.86
2024-05-29 02:00:00,36.87,37.05,36.72,36.94
2024-05-29 03:00:00,36.95,37.39,36.93,37.26
2024-05-29 04:00:00,37.26,37.42,37.21,37.32
2024-05-29 05:00:00,37.33,37.33,37.15,37.18
2024-05-29 06:00:00,37.19,37.5,37.18,37.24
2024-05-29 07:00:00,37.24,37.25,36.8,36.84
2024-05-29 08:00:00,36.84000,36.91000,36.38,36.85
2024-05-29 09:00:00,36.84,37.02,36.67,36.91
2024-05-29 10:00:00,36.91,37.18,36.85,37.14
2024-05-29 11:00:00,37.15,37.2,36.9,36.94
2024-05-29 12:00:00,36.94,37.17,36.71,36.98000
2024-05-29 13:00:00,36.99,37.24,36.67,36.88
2024-05-29 14:00:00,36.89,37,36.71,36.9
2024-05-29 15:00:00,36.9,36.99,36.58,36.63
2024-05-29 16:00:00,36.62,36.91,36.24,36.88
2024-05-29 17:00:00,36.87,36.9,36.56,36.78
2024-05-29 18:00:00,36.78,36.82,36.54,36.59
2024-05-29 19:00:00,36.58,36.81,36.37,36.38
2024-05-29 20:00:00,36.39,36.49,36.26,36.41
2024-05-29 21:00:00,36.41,36.68,36.25,36.64
2024-05-29 22:00:00,36.63,36.66,36.45,36.52
2024-05-29 23:00:00,36.53,36.58,36.14,36.2
2024-05-30 00:00:00,36.2,36.46,36.02,36.05
2024-05-30 01:00:00,36.06,36.28,35.99,36.2
2024-05-30 02:00:00,36.2,36.82,36.17,36.63
2024-05-30 03:00:00,36.62,36.84,36.56,36.81
2024-05-30 04:00:00,36.81,37.05,36.7,36.79
2024-05-30 05:00:00,36.79,36.8,36.58,36.7
2024-05-30 06:00:00,36.7,36.71,35.93,35.95
2024-05-30 07:00:00,35.96,36.06,35.41,35.57
2024-05-30 08:00:00,35.56,36.14,35.3,36.13
2024-05-30 09:00:00,36.12,36.18,35.9,36.13
2024-05-30 10:00:00,36.13,36.59,36.08,36.4
2024-05-30 11:00:00,36.4,36.74,36.32,36.55
2024-05-30 12:00:00,36.56,37,36.48,36.73
2024-05-30 13:00:00,36.73,37.03,36.61,36.77
2024-05-30 14:00:00,36.8,37,36.39,36.47
2024-05-30 15:00:00,36.47,36.79,36.34,36.73
2024-05-30 16:00:00,36.72,36.96,36.64,36.91
2024-05-30 17:00:00,36.92,37.09,36.83,37
2024-05-30 18:00:00,37.01,37.07,36.78,36.94
2024-05-30 19:00:00,36.93,36.94,36.47,36.6
2024-05-30 20:00:00,36.59,36.59,36.03,36.26
2024-05-30 21:00:00,36.25,36.27,36.02,36.07
2024-05-30 22:00:00,36.07,36.08,35.94,36.04
2024-05-30 23:00:00,36.04,36.09,35.94,35.98
2024-05-31 00:00:00,35.98,36.16,35.78,36.15
2024-05-31 01:00:00,36.15,36.27,35.92,35.98
2024-05-31 02:00:00,35.99,36.33,35.96,36.08
2024-05-31 03:00:00,36.09,36.21,36.02,36.12
2024-05-31 04:00:00,36.12,36.23,36.1,36.13
2024-05-31 05:00:00,36.12,36.13,35.68,35.94
2024-05-31 06:00:00,35.93,36.3,35.91,36.09
2024-05-31 07:00:00,36.07,36.27,36.06,36.17
2024-05-31 08:00:00,36.17,36.27,35.9,35.97
2024-05-31 09:00:00,35.96,36.05,35.81,36
2024-05-31 10:00:00,35.98,36.22,35.97,36.07
2024-05-31 11:00:00,36.07,36.32,36.05,36.32
2024-05-31 12:00:00,36.32,36.79,36.22,36.52
2024-05-31 13:00:00,36.53,36.64,36.080002,36.090000
2024-05-31 14:00:00,36,36.11000,35.83000,35.94000
2024-05-31 15:00:00,35.98000,35.98000,35.52000,35.52000
2024-05-31 16:00:00,35.64000,35.73000,35.23000,35.72000
2024-05-31 17:00:00,35.72000,35.87000,35.67000,35.85000
2024-05-31 18:00:00,35.85000,35.87000,35.72000,35.82000
2024-05-31 19:00:00,35.78000,36.19000,35.78000,36.080002
2024-05-31 20:00:00,36.17000,36.39000,36.080002,36.32000
2024-05-31 21:00:00,36.32000,36.48000,36.26000,36.37000
2024-05-31 22:00:00,36.38000,36.39000,36.17000,36.17000
2024-05-31 23:00:00,36.17000,36.20000,35.98000,36.020000
2024-06-01 00:00:00,36.070000,36.14000,35.98000,36.080002
2024-06-01 01:00:00,36.070000,36.090000,35.92000,35.99000
2024-06-01 02:00:00,35.99000,36.099998,35.94000,36.099998
2024-06-01 03:00:00,36.080002,36.15000,35.98000,35.99000
2024-06-01 04:00:00,36,36.12000,35.92000,36.080002
2024-06-01 05:00:00,36.090000,36.090000,35.92000,35.95000
2024-06-01 06:00:00,35.97000,36.0099983,35.91000,36
2024-06-01 07:00:00,35.99000,36.049999,35.93000,36.029999
2024-06-01 08:00:00,36.040001,36.16000,35.99000,36.13000
2024-06-01 09:00:00,36.15000,36.17000,36.049999,36.060001
2024-06-01 10:00:00,36.070000,36.11000,35.94000,35.94000
2024-06-01 11:00:00,35.96000,36.099998,35.93000,36.049999
2024-06-01 12:00:00,36.020000,36.12000,35.96000,36.040001
2024-06-01 13:00:00,36.029999,36.14000,36.029999,36.090000
2024-06-01 14:00:00,36.080002,36.22000,36.060001,36.15000
2024-06-01 15:00:00,36.14000,36.19000,35.97000,35.97000
2024-06-01 16:00:00,35.96000,36.0099983,35.88000,35.89000
2024-06-01 17:00:00,35.86000,35.97000,35.79000,35.97000
2024-06-01 18:00:00,35.97000,36.029999,35.86000,35.93000
2024-06-01 19:00:00,35.91000,36,35.90000,35.99000
2024-06-01 20:00:00,35.99000,36.0099983,35.95000,35.98000
2024-06-01 21:00:00,36.0099983,36.099998,35.96000,36.029999
2024-06-01 22:00:00,36.049999,36.070000,35.93000,35.93000
2024-06-01 23:00:00,35.92000,35.94000,35.70000,35.77000
2024-06-02 00:00:00,35.75,35.98000,35.70000,35.95000
2024-06-02 01:00:00,35.93000,36.029999,35.83000,35.96000
2024-06-02 02:00:00,35.97000,36.060001,35.76000,35.86000
2024-06-02 03:00:00,35.84000,36.11000,35.83000,36.020000
2024-06-02 04:00:00,36.049999,36.14000,35.92000,36.11000
2024-06-02 05:00:00,36.13000,36.16000,35.94000,35.97000
2024-06-02 06:00:00,35.96000,36.14000,35.95000,36.090000
2024-06-02 07:00:00,36.070000,36.11000,35.72000,35.72000
2024-06-02 08:00:00,35.72000,35.90000,35.68000,35.81000
2024-06-02 09:00:00,35.81000,35.83000,35.51000,35.56000
2024-06-02 10:00:00,35.57000,35.57000,35.38000,35.52000
2024-06-02 11:00:00,35.51000,35.98000,35.41000,35.95000
2024-06-02 12:00:00,35.99000,36.070000,35.67000,35.70000
2024-06-02 13:00:00,35.70000,35.85000,35.58000,35.81000
2024-06-02 14:00:00,35.79000,36,35.74000,36
2024-06-02 15:00:00,35.99000,35.99000,35.77000,35.87000
2024-06-02 16:00:00,35.82000,35.83000,35.57000,35.60000
2024-06-02 17:00:00,35.58000,35.58000,35.14000,35.14000
2024-06-02 18:00:00,35.040001,35.19000,34.86000,35.099998
2024-06-02 19:00:00,35.11000,35.14000,34.87000,35.099998
2024-06-02 20:00:00,35.070000,35.13000,34.78000,35.13000
2024-06-02 21:00:00,35.14000,35.16000,34.97000,34.98000
2024-06-02 22:00:00,34.99000,35.11000,34.91000,35
2024-06-02 23:00:00,35.0099983,35.060001,34.92000,34.92000
2024-06-03 00:00:00,34.90000,35.020000,34.61000,34.80000
2024-06-03 01:00:00,34.77000,35.29000,34.77000,35.20000
2024-06-03 02:00:00,35.27000,35.37000,35.15000,35.17000
2024-06-03 03:00:00,35.15000,35.19000,35.0099983,35.090000
2024-06-03 04:00:00,35.080002,35.21000,34.90000,35.13000
2024-06-03 05:00:00,35.19000,35.5,35.18000,35.44000
2024-06-03 06:00:00,35.47000,36.029999,35.41000,36.029999
2024-06-03 07:00:00,36.040001,36.20000,35.82000,35.87000
2024-06-03 08:00:00,35.91000,36.26000,35.86000,36.12000
2024-06-03 09:00:00,36.12000,36.17000,35.92000,35.96000
2024-06-03 10:00:00,35.98000,36.099998,35.87000,35.88000
2024-06-03 11:00:00,35.86000,36.070000,35.78000,35.84000
2024-06-03 12:00:00,35.90000,36.16000,35.86000,36.16000
2024-06-03 13:00:00,36.19000,36.20000,35.93000,35.94000
2024-06-03 14:00:00,35.98000,36.15000,35.20000,35.30000
2024-06-03 15:00:00,35.29000,35.64000,35.29000,35.62000
2024-06-03 16:00:00,35.63000,35.63000,35.25,35.35000
2024-06-03 17:00:00,35.35000,35.72000,35.25,35.59000
2024-06-03 18:00:00,35.56000,35.73000,35.49000,35.66000
2024-06-03 19:00:00,35.68000,35.74000,35.60000,35.74000
2024-06-03 20:00:00,35.83000,36.0099983,35.75,35.76000
2024-06-03 21:00:00,35.75,35.84000,35.51000,35.59000
2024-06-03 22:00:00,35.64000,35.64000,35.24000,35.35000
2024-06-03 23:00:00,35.33000,35.33000,34.96000,35.029999
2024-06-04 00:00:00,34.97000,35.12000,34.78000,34.90000
2024-06-04 01:00:00,34.86000,35.049999,34.79000,35.040001
2024-06-04 02:00:00,35.0099983,35.049999,34.86000,34.92000
2024-06-04 03:00:00,34.90000,34.98000,34.77000,34.97000
2024-06-04 04:00:00,34.94000,35.17000,34.85000,34.93000
2024-06-04 05:00:00,34.86000,35,34.81000,34.81000
2024-06-04 06:00:00,34.78000,34.90000,34.66000,34.73000
2024-06-04 07:00:00,34.69000,34.86000,34.69000,34.78000
2024-06-04 08:00:00,34.81000,34.93000,34.66000,34.71000
2024-06-04 09:00:00,34.68000,34.79000,34.52000,34.58000
2024-06-04 10:00:00,34.58000,34.92000,34.55000,34.90000
2024-06-04 11:00:00,34.91000,34.95000,34.72000,34.87000
2024-06-04 12:00:00,34.88000,35,34.79000,34.87000
2024-06-04 13:00:00,34.87000,35.029999,34.83000,34.97000
2024-06-04 14:00:00,35.040001,35.24000,35,35.20000
2024-06-04 15:00:00,35.25,35.83000,35.23000,35.80000
2024-06-04 16:00:00,35.83000,35.92000,35.60000,35.92000
2024-06-04 17:00:00,35.97000,35.98000,35.74000,35.96000
2024-06-04 18:00:00,35.99000,36.24000,35.94000,35.98000
2024-06-04 19:00:00,35.96000,35.97000,35.47000,35.75
2024-06-04 20:00:00,35.69000,35.85000,35.57000,35.77000
2024-06-04 21:00:00,35.75,35.92000,35.62000,35.88000
2024-06-04 22:00:00,35.90000,35.97000,35.81000,35.90000
2024-06-04 23:00:00,35.90000,36.099998,35.85000,36.060001
2024-06-05 00:00:00,36.11000,36.23000,36.0099983,36.17000
2024-06-05 01:00:00,36.17000,36.41000,36.020000,36.36000
2024-06-05 02:00:00,36.42000,36.52000,36.15000,36.21000
2024-06-05 03:00:00,36.20000,36.33000,36.11000,36.31000
2024-06-05 04:00:00,36.34000,36.45000,36.20000,36.28000
2024-06-05 05:00:00,36.28000,36.28000,36.060001,36.27000
2024-06-05 06:00:00,36.24000,36.55000,36.20000,36.5
2024-06-05 07:00:00,36.48000,36.52000,36.30000,36.32000
2024-06-05 08:00:00,36.33000,36.41000,36.22000,36.37000
2024-06-05 09:00:00,36.35000,36.45000,36.22000,36.28000
2024-06-05 10:00:00,36.29000,36.5,36.19000,36.38000
2024-06-05 11:00:00,36.39000,36.48000,36.35000,36.36000
2024-06-05 12:00:00,36.36000,36.49000,36.17000,36.28000
2024-06-05 13:00:00,36.27000,36.34000,36.12000,36.17000
2024-06-05 14:00:00,36.17000,36.17000,35.93000,36.060001
2024-06-05 15:00:00,36.11000,36.53000,36.0099983,36.44000
2024-06-05 16:00:00,36.45000,36.76000,36.44000,36.57000
2024-06-05 17:00:00,36.57000,36.78000,36.53000,36.75
2024-06-05 18:00:00,36.80000,36.89000,36.56000,36.69000
2024-06-05 19:00:00,36.68000,36.74000,36.51000,36.73000
2024-06-05 20:00:00,36.73000,36.79000,36.62000,36.67000
2024-06-05 21:00:00,36.65000,36.68000,36.51000,36.51000
2024-06-05 22:00:00,36.5,36.55000,36.35000,36.35000
2024-06-05 23:00:00,36.34000,36.57000,36.34000,36.57000
2024-06-06 00:00:00,36.57000,36.62000,36.49000,36.5
2024-06-06 01:00:00,36.5,36.64000,36.42000,36.54000
2024-06-06 02:00:00,36.53000,36.61000,36.48000,36.52000
2024-06-06 03:00:00,36.52000,36.55000,36.34000,36.36000
2024-06-06 04:00:00,36.40000,36.40000,36.27000,36.34000
2024-06-06 05:00:00,36.33000,36.34000,36.16000,36.18000
2024-06-06 06:00:00,36.18000,36.22000,36.060001,36.18000
2024-06-06 07:00:00,36.18000,36.36000,36.12000,36.35000
2024-06-06 08:00:00,36.34000,36.69000,36.25,36.69000
2024-06-06 09:00:00,36.76000,36.94000,36.57000,36.73000
2024-06-06 10:00:00,36.72000,36.79000,36.55000,36.76000
2024-06-06 11:00:00,36.79000,36.89000,36.64000,36.79000
2024-06-06 12:00:00,36.80000,36.85000,36.60000,36.73000
2024-06-06 13:00:00,36.69000,36.89000,36.58000,36.71000
2024-06-06 14:00:00,36.66000,36.94000,36.61000,36.88000
2024-06-06 15:00:00,36.89000,37.17000,36.83000,36.88000
2024-06-06 16:00:00,36.88000,36.94000,36.61000,36.61000
2024-06-06 17:00:00,36.63000,36.77000,36.53000,36.60000
2024-06-06 18:00:00,36.59000,36.63000,36.49000,36.51000
2024-06-06 19:00:00,36.51000,36.51000,36,36.049999
2024-06-06 20:00:00,36.020000,36.22000,35.78000,36.22000
2024-06-06 21:00:00,36.20000,36.21000,36.020000,36.070000
2024-06-06 22:00:00,36.029999,36.14000,36.020000,36.040001
2024-06-06 23:00:00,36.020000,36.060001,35.89000,35.89000
2024-06-07 00:00:00,35.88000,36.0099983,35.85000,35.92000
2024-06-07 01:00:00,35.92000,35.97000,35.81000,35.91000
2024-06-07 02:00:00,35.90000,35.92000,35.59000,35.70000
2024-06-07 03:00:00,35.70000,35.86000,35.62000,35.86000
2024-06-07 04:00:00,35.68000,35.99000,35.68000,35.99000
2024-06-07 05:00:00,35.98000,36.099998,35.96000,36.020000
2024-06-07 06:00:00,36.0099983,36.060001,35.95000,36.040001
2024-06-07 07:00:00,36.040001,36.090000,35.95000,36
2024-06-07 08:00:00,35.99000,36.060001,35.96000,36
2024-06-07 09:00:00,36,36.0099983,35.88000,36
2024-06-07 10:00:00,35.96000,36.070000,35.81000,36.060001
2024-06-07 11:00:00,36.049999,36.35000,35.99000,36.31000
2024-06-07 12:00:00,36.38000,36.63000,35.79000,36.20000
2024-06-07 13:00:00,36.14000,36.59000,36.020000,36.56000
2024-06-07 14:00:00,36.58000,36.86000,36.52000,36.66000
2024-06-07 15:00:00,36.64000,36.65000,36.12000,36.29000
2024-06-07 16:00:00,36.27000,36.35000,35.85000,35.88000
2024-06-07 17:00:00,35.82000,35.85000,35.38000,35.38000
2024-06-07 18:00:00,35.090000,35.090000,31.67000,33.29000
2024-06-07 19:00:00,33.27000,33.70000,32.84000,33.49000
2024-06-07 20:00:00,33.36000,33.64000,33.13000,33.59000
2024-06-07 21:00:00,33.48000,33.66000,33.46000,33.60000
2024-06-07 22:00:00,33.56000,33.72000,33.56000,33.64000
2024-06-07 23:00:00,33.62000,33.68000,33.5,33.52000
2024-06-08 00:00:00,33.5,33.5,33.32000,33.39000
2024-06-08 01:00:00,33.39000,33.70000,33.39000,33.70000
2024-06-08 02:00:00,33.67000,33.67000,33.39000,33.53000
2024-06-08 03:00:00,33.51000,33.72000,33.51000,33.60000
2024-06-08 04:00:00,33.59000,33.71000,33.59000,33.63000
2024-06-08 05:00:00,33.60000,33.69000,33.60000,33.61000
2024-06-08 06:00:00,33.62000,33.63000,33.48000,33.49000
2024-06-08 07:00:00,33.52000,33.62000,33.49000,33.62000
2024-06-08 08:00:00,33.61000,33.61000,33.37000,33.40000
2024-06-08 09:00:00,33.38000,33.39000,33.28000,33.29000
2024-06-08 10:00:00,33.28000,33.28000,33.0099983,33.11000
2024-06-08 11:00:00,33.13000,33.16000,32.63000,32.69000
2024-06-08 12:00:00,32.61000,32.76000,32.36000,32.5
2024-06-08 13:00:00,32.49000,32.60000,32.18000,32.59000
2024-06-08 14:00:00,32.58000,32.71000,32.29000,32.68000
2024-06-08 15:00:00,32.69000,32.69000,32.46000,32.48000
2024-06-08 16:00:00,32.45000,32.53000,32.25,32.42000
2024-06-08 17:00:00,32.39000,32.58000,32.16000,32.44000
2024-06-08 18:00:00,32.47000,32.67000,32.40000,32.48000
2024-06-08 19:00:00,32.52000,32.57000,32.27000,32.27000
2024-06-08 20:00:00,32.29000,32.29000,32.090000,32.20000
2024-06-08 21:00:00,32.22000,32.33000,32.12000,32.29000
2024-06-08 22:00:00,32.29000,32.35000,31.97000,32.20000
2024-06-08 23:00:00,32.20000,32.32000,32.12000,32.27000
2024-06-09 00:00:00,32.27000,32.33000,32.21000,32.23000
2024-06-09 01:00:00,32.23000,32.51000,32.20000,32.49000
2024-06-09 02:00:00,32.47000,32.47000,32.080002,32.080002
2024-06-09 03:00:00,32.11000,32.31000,32.060001,32.26000
2024-06-09 04:00:00,32.28000,32.39000,32.25,32.30000
2024-06-09 05:00:00,32.30000,32.44000,32.11000,32.39000
2024-06-09 06:00:00,32.40000,32.5,32.34000,32.38000
2024-06-09 07:00:00,32.40000,32.5,32.40000,32.45000
2024-06-09 08:00:00,32.44000,32.57000,32.41000,32.51000
2024-06-09 09:00:00,32.5,32.56000,32.46000,32.53000
2024-06-09 10:00:00,32.52000,32.52000,32.38000,32.38000
2024-06-09 11:00:00,32.39000,32.43000,32.29000,32.31000
2024-06-09 12:00:00,32.30000,32.64000,32.21000,32.58000
2024-06-09 13:00:00,32.60000,32.60000,32.26000,32.35000
2024-06-09 14:00:00,32.35000,32.51000,32.34000,32.5
2024-06-09 15:00:00,32.5,32.54000,32.43000,32.46000
2024-06-09 16:00:00,32.49000,32.62000,32.45000,32.62000
2024-06-09 17:00:00,32.62000,32.65000,32.54000,32.63000
2024-06-09 18:00:00,32.64000,32.93000,32.63000,32.91000
2024-06-09 19:00:00,32.92000,33.020000,32.87000,32.92000
2024-06-09 20:00:00,32.93000,32.98000,32.76000,32.81000
2024-06-09 21:00:00,32.85000,32.92000,32.77000,32.91000
2024-06-09 22:00:00,32.90000,32.97000,32.84000,32.86000
2024-06-09 23:00:00,32.87000,32.99000,32.83000,32.98000
2024-06-10 00:00:00,32.99000,33.0099983,32.80000,32.96000
2024-06-10 01:00:00,32.98000,33.26000,32.91000,33.25
2024-06-10 02:00:00,33.26000,33.45000,33.19000,33.28000
2024-06-10 03:00:00,33.26000,33.28000,32.94000,32.98000
2024-06-10 04:00:00,32.98000,33.0099983,32.84000,32.88000
2024-06-10 05:00:00,32.88000,32.89000,32.62000,32.68000
2024-06-10 06:00:00,32.71000,32.74000,32.42000,32.42000
2024-06-10 07:00:00,32.43000,32.45000,32.090000,32.099998
2024-06-10 08:00:00,32.15000,32.63000,32.060001,32.57000
2024-06-10 09:00:00,32.56000,32.75,32.41000,32.74000
2024-06-10 10:00:00,32.77000,32.89000,32.67000,32.69000
2024-06-10 11:00:00,32.69000,32.78000,32.57000,32.68000
2024-06-10 12:00:00,32.70000,32.70000,32.44000,32.48000
2024-06-10 13:00:00,32.48000,32.62000,32.33000,32.52000
2024-06-10 14:00:00,32.53000,32.75,32.38000,32.66000
2024-06-10 15:00:00,32.66000,33.099998,32.61000,32.97000
2024-06-10 16:00:00,33.020000,33.020000,32.66000,32.86000
2024-06-10 17:00:00,32.84000,32.86000,32.71000,32.86000
2024-06-10 18:00:00,32.87000,32.92000,32.67000,32.80000
2024-06-10 19:00:00,32.83000,32.83000,32.55000,32.60000
2024-06-10 20:00:00,32.59000,32.59000,32.33000,32.48000
2024-06-10 21:00:00,32.48000,32.51000,32.33000,32.38000
2024-06-10 22:00:00,32.35000,32.49000,32.19000,32.44000
2024-06-10 23:00:00,32.43000,32.49000,32.18000,32.28000
2024-06-11 00:00:00,32.28000,32.35000,32.14000,32.17000
2024-06-11 01:00:00,32.19000,32.35000,31.64000,31.82000
2024-06-11 02:00:00,31.72000,32.070000,31.58000,32.060001
2024-06-11 03:00:00,32.080002,32.32000,32.049999,32.20000
2024-06-11 04:00:00,32.21000,32.27000,31.89000,32.19000
2024-06-11 05:00:00,32.19000,32.25,32.0099983,32.25
2024-06-11 06:00:00,32.25,32.34000,32.020000,32.020000
2024-06-11 07:00:00,32,32.32000,31.97000,32.22000
2024-06-11 08:00:00,32.17000,32.38000,32.17000,32.17000
2024-06-11 09:00:00,32.17000,32.20000,31.83000,32.13000
2024-06-11 10:00:00,32.099998,32.28000,31.94000,31.99000
2024-06-11 11:00:00,31.99000,32.16000,31.90000,31.97000
2024-06-11 12:00:00,31.96000,32.060001,31.76000,31.82000
2024-06-11 13:00:00,31.73000,32,31.37000,31.37000
2024-06-11 14:00:00,31.42000,31.72000,31.39000,31.62000
2024-06-11 15:00:00,31.63000,31.72000,30.80000,31.13000
2024-06-11 16:00:00,31.16000,31.44000,31.090000,31.13000
2024-06-11 17:00:00,31.16000,31.16000,30.64000,31.070000
2024-06-11 18:00:00,31.059999,31.51000,30.99000,31.41000
2024-06-11 19:00:00,31.42000,31.61000,31.31000,31.60000
2024-06-11 20:00:00,31.57000,31.72000,31.48000,31.51000
2024-06-11 21:00:00,31.52000,31.55000,31.38000,31.52000
2024-06-11 22:00:00,31.53000,31.62000,31.42000,31.51000
2024-06-11 23:00:00,31.54000,31.58000,31.44000,31.56000
2024-06-12 00:00:00,31.55000,31.62000,31.32000,31.35000
2024-06-12 01:00:00,31.35000,31.37000,30.82000,31.030001
2024-06-12 02:00:00,31.12000,31.51000,31.040001,31.49000
2024-06-12 03:00:00,31.52000,31.79000,31.49000,31.79000
2024-06-12 04:00:00,31.81000,32.060001,31.71000,31.88000
2024-06-12 05:00:00,31.87000,31.89000,31.74000,31.76000
2024-06-12 06:00:00,31.78000,32.060001,31.76000,32
2024-06-12 07:00:00,32,32.21000,31.99000,32.20000
2024-06-12 08:00:00,32.20000,32.25,32.049999,32.049999
2024-06-12 09:00:00,32.070000,32.25,32.029999,32.21000
2024-06-12 10:00:00,32.23000,32.40000,32.14000,32.14000
2024-06-12 11:00:00,32.14000,32.14000,31.90000,31.92000
2024-06-12 12:00:00,31.91000,33.40000,31.89000,33.23000
2024-06-12 13:00:00,33.36000,33.58000,33.029999,33.17000
2024-06-12 14:00:00,33.19000,33.62000,33.18000,33.59000
2024-06-12 15:00:00,33.60000,33.61000,33.29000,33.49000
2024-06-12 16:00:00,33.53000,33.65000,33.43000,33.64000
2024-06-12 17:00:00,33.67000,33.98000,33.60000,33.92000
2024-06-12 18:00:00,33.41000,33.75,33.20000,33.26000
2024-06-12 19:00:00,33.32000,33.75,32.48000,32.66000
2024-06-12 20:00:00,32.64000,33.28000,32.54000,33.16000
2024-06-12 21:00:00,33.16000,33.26000,33.12000,33.21000
2024-06-12 22:00:00,33.18000,33.32000,33.17000,33.32000
2024-06-12 23:00:00,33.34000,33.34000,33.21000,33.27000
2024-06-13 00:00:00,33.25,33.42000,33.090000,33.35000
2024-06-13 01:00:00,33.33000,33.40000,32.90000,32.90000
2024-06-13 02:00:00,32.86000,33.080002,32.68000,32.68000
2024-06-13 03:00:00,32.67000,32.67000,32.21000,32.5
2024-06-13 04:00:00,32.47000,32.88000,32.47000,32.72000
2024-06-13 05:00:00,32.76000,32.85000,32.57000,32.59000
2024-06-13 06:00:00,32.62000,32.62000,32.25,32.25
2024-06-13 07:00:00,32.26000,32.45000,32.15000,32.42000
2024-06-13 08:00:00,32.32000,32.33000,32.16000,32.19000
2024-06-13 09:00:00,32.16000,32.23000,31.95000,32.099998
2024-06-13 10:00:00,32.11000,32.20000,31.95000,32.12000
2024-06-13 11:00:00,32.11000,32.11000,31.79000,31.83000
2024-06-13 12:00:00,31.80000,32.32000,31.77000,31.87000
2024-06-13 13:00:00,31.93000,32.26000,31.73000,32.020000
2024-06-13 14:00:00,32.040001,32.20000,31.82000,32
2024-06-13 15:00:00,31.93000,32.0099983,31.27000,31.31000
2024-06-13 16:00:00,31.33000,31.71000,31.19000,31.71000
2024-06-13 17:00:00,31.70000,31.86000,31.59000,31.86000
2024-06-13 18:00:00,31.84000,31.91000,31.78000,31.84000
2024-06-13 19:00:00,31.84000,31.84000,31.52000,31.54000
2024-06-13 20:00:00,31.48000,31.56000,31.26000,31.29000
2024-06-13 21:00:00,31.28000,31.40000,31.059999,31.36000
2024-06-13 22:00:00,31.38000,31.38000,31.14000,31.18000
2024-06-13 23:00:00,31.080000,31.11000,30.96000,31
2024-06-14 00:00:00,31.020000,31.18000,30.93000,31.059999
2024-06-14 01:00:00,31.10000,31.29000,30.89000,31.29000
2024-06-14 02:00:00,31.31000,31.36000,31.22000,31.34000
2024-06-14 03:00:00,31.29000,31.32000,31.080000,31.14000
2024-06-14 04:00:00,31.16000,31.37000,31.16000,31.34000
2024-06-14 05:00:00,31.38000,31.77000,31.35000,31.73000
2024-06-14 06:00:00,31.70000,31.84000,31.56000,31.70000
2024-06-14 07:00:00,31.68000,31.69000,31.55000,31.60000
2024-06-14 08:00:00,31.60000,32.080002,31.56000,31.93000
2024-06-14 09:00:00,31.94000,32.13000,31.90000,31.90000
2024-06-14 10:00:00,31.92000,32.0099983,31.84000,32
2024-06-14 11:00:00,32.020000,32.080002,31.84000,31.84000
2024-06-14 12:00:00,31.88000,31.93000,31.54000,31.55000
2024-06-14 13:00:00,31.55000,31.64000,31.48000,31.51000
2024-06-14 14:00:00,31.48000,31.48000,30.78000,31.080000
2024-06-14 15:00:00,31.080000,31.20000,30.62000,30.67000
2024-06-14 16:00:00,30.69000,30.69000,29.56000,29.77000
2024-06-14 17:00:00,29.72000,29.94000,29.53000,29.80000
2024-06-14 18:00:00,29.77000,29.83000,29.39000,29.53000
2024-06-14 19:00:00,29.48000,29.60000,29.32000,29.38000
2024-06-14 20:00:00,29.38000,29.74000,29.38000,29.62000
2024-06-14 21:00:00,29.57000,30.51000,29.57000,30.51000
2024-06-14 22:00:00,30.49000,30.49000,30.19000,30.36000
2024-06-14 23:00:00,30.34000,30.45000,30.26000,30.29000
2024-06-15 00:00:00,30.29000,30.48000,30.18000,30.34000
2024-06-15 01:00:00,30.34000,30.41000,30.13000,30.13000
2024-06-15 02:00:00,30.11000,30.37000,30.11000,30.30000
2024-06-15 03:00:00,30.33000,30.42000,30.31000,30.39000
2024-06-15 04:00:00,30.35000,30.41000,30.26000,30.30000
2024-06-15 05:00:00,30.29000,30.46000,30.29000,30.43000
2024-06-15 06:00:00,30.45000,30.64000,30.40000,30.45000
2024-06-15 07:00:00,30.46000,30.54000,30.38000,30.38000
2024-06-15 08:00:00,30.42000,30.45000,30.37000,30.40000
2024-06-15 09:00:00,30.38000,30.42000,30.24000,30.24000
2024-06-15 10:00:00,30.25,30.29000,29.98000,30.26000
2024-06-15 11:00:00,30.29000,30.32000,30.23000,30.28000
2024-06-15 12:00:00,30.21000,30.24000,30.049999,30.22000
2024-06-15 13:00:00,30.22000,30.23000,30.059999,30.23000
2024-06-15 14:00:00,30.26000,30.33000,30.15000,30.26000
2024-06-15 15:00:00,30.24000,30.48000,30.23000,30.30000
2024-06-15 16:00:00,30.31000,30.38000,30.19000,30.19000
2024-06-15 17:00:00,30.19000,30.24000,30.080000,30.22000
2024-06-15 18:00:00,30.20000,30.21000,30.10000,30.11000
2024-06-15 19:00:00,30.12000,30.15000,29.97000,30.12000
2024-06-15 20:00:00,30.10000,30.15000,29.93000,30.030001
2024-06-15 21:00:00,30,30.080000,29.94000,30.080000
2024-06-15 22:00:00,30.059999,30.070000,29.95000,30.030001
2024-06-15 23:00:00,30.040001,30.040001,29.95000,30
2024-06-16 00:00:00,30.19000,30.27000,30.030001,30.030001
2024-06-16 01:00:00,29.98000,30.19000,29.89000,30.070000
2024-06-16 02:00:00,30.070000,30.17000,30.010000,30.070000
2024-06-16 03:00:00,30.049999,30.059999,29.93000,29.97000
2024-06-16 04:00:00,29.96000,30.049999,29.85000,29.97000
2024-06-16 05:00:00,29.96000,30.42000,29.96000,30.37000
2024-06-16 06:00:00,30.38000,30.48000,30.32000,30.42000
2024-06-16 07:00:00,30.43000,30.43000,30.32000,30.35000
2024-06-16 08:00:00,30.34000,30.37000,30.010000,30.049999
2024-06-16 09:00:00,30.059999,30.23000,29.91000,29.97000
2024-06-16 10:00:00,29.98000,30.16000,29.97000,30.12000
2024-06-16 11:00:00,30.14000,30.14000,30,30.010000
2024-06-16 12:00:00,29.99000,30.070000,29.92000,30.040001
2024-06-16 13:00:00,30.059999,30.17000,30,30.090000
2024-06-16 14:00:00,30.040001,30.21000,29.97000,30.020000
2024-06-16 15:00:00,30.030001,30.21000,29.97000,30.21000
2024-06-16 16:00:00,30.18000,30.18000,30.020000,30.059999
2024-06-16 17:00:00,30.059999,30.12000,29.97000,29.98000
2024-06-16 18:00:00,29.98000,29.98000,29.72000,29.72000
2024-06-16 19:00:00,29.68000,29.93000,29.68000,29.85000
2024-06-16 20:00:00,29.86000,29.87000,29.76000,29.86000
2024-06-16 21:00:00,29.86000,29.94000,29.81000,29.82000
2024-06-16 22:00:00,29.85000,30.17000,29.85000,30.030001
2024-06-16 23:00:00,30.049999,30.11000,29.94000,30.070000
2024-06-17 00:00:00,30.059999,30.34000,29.98000,30.16000
2024-06-17 01:00:00,30.12000,30.12000,29.70000,29.79000
2024-06-17 02:00:00,29.75,29.75,29.5,29.57000
2024-06-17 03:00:00,29.55000,29.59000,29.37000,29.44000
2024-06-17 04:00:00,29.42000,29.65000,29.33000,29.63000
2024-06-17 05:00:00,29.62000,29.71000,29.48000,29.51000
2024-06-17 06:00:00,29.51000,29.51000,29.19000,29.22000
2024-06-17 07:00:00,29.24000,29.31000,29.010000,29.29000
2024-06-17 08:00:00,29.18000,29.21000,28.90000,29
2024-06-17 09:00:00,28.99000,29.13000,28.64000,28.70000
2024-06-17 10:00:00,28.71000,28.81000,28.46000,28.71000
2024-06-17 11:00:00,28.70000,28.77000,28.61000,28.68000
2024-06-17 12:00:00,28.65000,28.81000,28.55000,28.56000
2024-06-17 13:00:00,28.51000,28.60000,28.18000,28.24000
2024-06-17 14:00:00,28.26000,28.54000,28.25,28.37000
2024-06-17 15:00:00,28.39000,28.48000,28.030001,28.030001
2024-06-17 16:00:00,28.010000,28.33000,27.44000,28.18000
2024-06-17 17:00:00,28.21000,28.66000,28.21000,28.62000
2024-06-17 18:00:00,28.67000,29.35000,28.66000,29.35000
2024-06-17 19:00:00,29.40000,29.40000,28.98000,28.99000
2024-06-17 20:00:00,29.010000,29.010000,28.54000,28.68000
2024-06-17 21:00:00,28.62000,28.74000,28.42000,28.62000
2024-06-17 22:00:00,28.62000,28.74000,28.57000,28.66000
2024-06-17 23:00:00,28.64000,28.73000,28.44000,28.47000
2024-06-18 00:00:00,28.47000,28.54000,27.85000,28.21000
2024-06-18 01:00:00,28.26000,28.36000,25.27000,26.059999
2024-06-18 02:00:00,26.020000,26.52000,25.76000,26.39000
2024-06-18 03:00:00,26.37000,26.54000,26.23000,26.5
2024-06-18 04:00:00,26.48000,26.57000,26.40000,26.5
2024-06-18 05:00:00,26.51000,26.75,26.51000,26.62000
2024-06-18 06:00:00,26.63000,26.75,26.53000,26.54000
2024-06-18 07:00:00,26.55000,26.75,26.52000,26.65000
2024-06-18 08:00:00,26.62000,26.67000,26.34000,26.64000
2024-06-18 09:00:00,26.63000,26.63000,26.39000,26.39000
2024-06-18 10:00:00,26.42000,26.42000,26.22000,26.26000
2024-06-18 11:00:00,26.23000,26.28000,25.66000,26
2024-06-18 12:00:00,26.020000,26.080000,25.61000,26
2024-06-18 13:00:00,25.98000,26.15000,25.73000,25.77000
2024-06-18 14:00:00,25.78000,26.54000,25.59000,26.11000
2024-06-18 15:00:00,26.090000,26.44000,25.97000,26.25
2024-06-18 16:00:00,26.26000,26.26000,25.75,26.070000
2024-06-18 17:00:00,26.11000,26.22000,25.83000,25.84000
2024-06-18 18:00:00,25.79000,26.10000,25.62000,25.84000
2024-06-18 19:00:00,25.88000,26.22000,25.60000,26.22000
2024-06-18 20:00:00,26.24000,26.54000,26.12000,26.47000
2024-06-18 21:00:00,26.55000,26.66000,26.40000,26.58000
2024-06-18 22:00:00,26.55000,26.59000,26.36000,26.59000
2024-06-18 23:00:00,26.60000,26.65000,26.54000,26.60000
2024-06-19 00:00:00,26.59000,26.72000,26.39000,26.72000
2024-06-19 01:00:00,26.71000,27.049999,26.59000,26.78000
2024-06-19 02:00:00,26.80000,27.16000,26.80000,26.91000
2024-06-19 03:00:00,26.92000,27.14000,26.86000,27.010000
2024-06-19 04:00:00,27.020000,27.21000,26.97000,27.16000
2024-06-19 05:00:00,27.18000,27.28000,27.020000,27.15000
2024-06-19 06:00:00,27.18000,27.36000,27.15000,27.36000
2024-06-19 07:00:00,27.36000,27.41000,27.21000,27.34000
2024-06-19 08:00:00,27.35000,27.39000,27.049999,27.080000
2024-06-19 09:00:00,27.13000,27.23000,27,27.13000
2024-06-19 10:00:00,27.13000,27.49000,27.13000,27.49000
2024-06-19 11:00:00,27.48000,27.48000,27.030001,27.18000
2024-06-19 12:00:00,27.16000,27.47000,27.16000,27.34000
2024-06-19 13:00:00,27.33000,27.46000,27.29000,27.32000
2024-06-19 14:00:00,27.34000,27.34000,26.97000,27.11000
2024-06-19 15:00:00,27.11000,27.24000,26.98000,27.13000
2024-06-19 16:00:00,27.13000,27.30000,27.049999,27.18000
2024-06-19 17:00:00,27.18000,27.66000,27.17000,27.29000
2024-06-19 18:00:00,27.28000,27.46000,27.20000,27.27000
2024-06-19 19:00:00,27.27000,27.28000,26.99000,27.12000
2024-06-19 20:00:00,27.14000,27.14000,26.91000,27.049999
2024-06-19 21:00:00,27.030001,27.23000,26.97000,27.13000
2024-06-19 22:00:00,27.14000,27.17000,26.93000,26.93000
2024-06-19 23:00:00,26.92000,27.010000,26.81000,26.95000
2024-06-20 00:00:00,26.95000,27.080000,26.82000,26.95000
2024-06-20 01:00:00,26.97000,27.47000,26.90000,27.070000
2024-06-20 02:00:00,27.059999,27.059999,26.86000,26.94000
2024-06-20 03:00:00,26.95000,26.98000,26.70000,26.91000
2024-06-20 04:00:00,26.89000,27.30000,26.74000,27.30000
2024-06-20 05:00:00,27.32000,27.72000,27.27000,27.72000
2024-06-20 06:00:00,27.76000,27.94000,27.58000,27.66000
2024-06-20 07:00:00,27.68000,28.22000,27.67000,28.13000
2024-06-20 08:00:00,28.21000,28.22000,27.94000,28.14000
2024-06-20 09:00:00,28.17000,28.19000,28.040001,28.040001
2024-06-20 10:00:00,28.16000,28.60000,28.10000,28.60000
2024-06-20 11:00:00,28.61000,28.87000,28.36000,28.39000
2024-06-20 12:00:00,28.38000,28.40000,28.080000,28.080000
2024-06-20 13:00:00,28.059999,28.070000,27.45000,27.5
2024-06-20 14:00:00,27.51000,27.51000,26.92000,27.31000
2024-06-20 15:00:00,27.32000,27.5,27.16000,27.32000
2024-06-20 16:00:00,27.30000,27.46000,26.99000,27.45000
2024-06-20 17:00:00,27.43000,27.70000,27.39000,27.68000
2024-06-20 18:00:00,27.71000,27.84000,27.68000,27.74000
2024-06-20 19:00:00,27.69000,27.75,27.53000,27.73000
2024-06-20 20:00:00,27.81000,27.87000,27.66000,27.68000
2024-06-20 21:00:00,27.64000,27.67000,27.60000,27.63000
2024-06-20 22:00:00,27.66000,27.80000,27.59000,27.62000
2024-06-20 23:00:00,27.62000,27.68000,27.53000,27.58000
2024-06-21 00:00:00,27.58000,27.61000,27.28000,27.36000
2024-06-21 01:00:00,27.37000,27.80000,27.34000,27.75
2024-06-21 02:00:00,27.75,27.84000,27.57000,27.75
2024-06-21 03:00:00,27.75,27.81000,27.62000,27.77000
2024-06-21 04:00:00,27.74000,28,27.66000,27.98000
2024-06-21 05:00:00,27.97000,28.020000,27.82000,27.84000
2024-06-21 06:00:00,27.85000,27.91000,27.64000,27.73000
2024-06-21 07:00:00,27.75,27.88000,27.51000,27.62000
2024-06-21 08:00:00,27.63000,27.84000,27.26000,27.38000
2024-06-21 09:00:00,27.32000,27.94000,27.29000,27.75
2024-06-21 10:00:00,27.75,27.89000,27.67000,27.75
2024-06-21 11:00:00,27.77000,27.94000,27.75,27.83000
2024-06-21 12:00:00,27.81000,27.88000,27.5,27.57000
2024-06-21 13:00:00,27.58000,27.58000,27.010000,27.12000
2024-06-21 14:00:00,27.13000,27.78000,27.049999,27.70000
2024-06-21 15:00:00,27.72000,27.83000,27.28000,27.41000
2024-06-21 16:00:00,27.38000,27.53000,27.27000,27.30000
2024-06-21 17:00:00,27.27000,27.40000,26.95000,27.10000
2024-06-21 18:00:00,27.11000,27.63000,27.030001,27.63000
2024-06-21 19:00:00,27.60000,27.73000,27.53000,27.55000
2024-06-21 20:00:00,27.66000,27.77000,27.57000,27.61000
2024-06-21 21:00:00,27.61000,27.65000,27.35000,27.54000
2024-06-21 22:00:00,27.54000,27.58000,27.42000,27.5
2024-06-21 23:00:00,27.49000,27.52000,27.39000,27.48000
2024-06-22 00:00:00,27.46000,27.49000,27.12000,27.17000
2024-06-22 01:00:00,27.17000,27.33000,27.16000,27.28000
2024-06-22 02:00:00,27.29000,27.46000,27.24000,27.24000
2024-06-22 03:00:00,27.25,27.25,26.030001,26.38000
2024-06-22 04:00:00,26.37000,26.49000,26.20000,26.22000
2024-06-22 05:00:00,26.23000,26.24000,24.68000,24.91000
2024-06-22 06:00:00,24.99000,25.34000,24.96000,25.049999
2024-06-22 07:00:00,25.090000,25.39000,24.94000,25.31000
2024-06-22 08:00:00,25.23000,25.32000,24.86000,25.21000
2024-06-22 09:00:00,25.19000,25.26000,25.059999,25.17000
2024-06-22 10:00:00,25.12000,25.28000,25.090000,25.25
2024-06-22 11:00:00,25.22000,25.52000,25.13000,25.52000
2024-06-22 12:00:00,25.5,25.91000,25.45000,25.86000
2024-06-22 13:00:00,25.89000,25.91000,25.67000,25.75
2024-06-22 14:00:00,25.76000,26.15000,25.72000,26.090000
2024-06-22 15:00:00,26.10000,26.30000,25.98000,26.11000
2024-06-22 16:00:00,26.12000,26.12000,26.010000,26.030001
2024-06-22 17:00:00,26.030001,26.070000,25.84000,25.84000
2024-06-22 18:00:00,25.87000,25.90000,25.76000,25.79000
2024-06-22 19:00:00,25.78000,25.85000,25.70000,25.79000
2024-06-22 20:00:00,25.81000,25.82000,25.66000,25.69000
2024-06-22 21:00:00,25.68000,25.76000,25.62000,25.65000
2024-06-22 22:00:00,25.64000,25.70000,25.58000,25.65000
2024-06-22 23:00:00,25.67000,25.70000,25.56000,25.62000
2024-06-23 00:00:00,25.61000,25.81000,25.56000,25.73000
2024-06-23 01:00:00,25.76000,25.95000,25.73000,25.87000
2024-06-23 02:00:00,25.88000,25.90000,25.74000,25.83000
2024-06-23 03:00:00,25.84000,26.010000,25.77000,25.98000
2024-06-23 04:00:00,25.98000,25.98000,25.83000,25.83000
2024-06-23 05:00:00,25.86000,25.92000,25.73000,25.74000
2024-06-23 06:00:00,25.73000,25.76000,25.69000,25.74000
2024-06-23 07:00:00,25.75,25.82000,25.72000,25.82000
2024-06-23 08:00:00,25.81000,25.87000,25.74000,25.81000
2024-06-23 09:00:00,25.85000,25.88000,25.71000,25.73000
2024-06-23 10:00:00,25.74000,25.74000,25.38000,25.40000
2024-06-23 11:00:00,25.39000,25.40000,25.26000,25.40000
2024-06-23 12:00:00,25.39000,25.39000,25.24000,25.33000
2024-06-23 13:00:00,25.33000,25.35000,24.59000,24.65000
2024-06-23 14:00:00,24.61000,24.64000,24.29000,24.43000
2024-06-23 15:00:00,24.40000,24.53000,24.18000,24.39000
2024-06-23 16:00:00,24.37000,24.46000,24.16000,24.22000
2024-06-23 17:00:00,24.24000,24.52000,24.19000,24.52000
2024-06-23 18:00:00,24.53000,25.28000,24.53000,25.14000
2024-06-23 19:00:00,25.080000,25.24000,25.030001,25.20000
2024-06-23 20:00:00,25.18000,25.23000,24.75,25.14000
2024-06-23 21:00:00,25.10000,25.20000,24.89000,25.17000
2024-06-23 22:00:00,25.16000,25.54000,25.15000,25.17000
2024-06-23 23:00:00,25.16000,25.17000,25.010000,25.090000
2024-06-24 00:00:00,25.090000,25.18000,25.010000,25.059999
2024-06-24 01:00:00,25.080000,25.20000,24.88000,24.96000
2024-06-24 02:00:00,24.97000,25.020000,24.59000,24.74000
2024-06-24 03:00:00,24.77000,25.080000,24.77000,24.89000
2024-06-24 04:00:00,24.88000,24.92000,24.75,24.83000
2024-06-24 05:00:00,24.85000,24.85000,24.17000,24.19000
2024-06-24 06:00:00,24.25,24.5,24.24000,24.5
2024-06-24 07:00:00,24.5,24.5,24.24000,24.26000
2024-06-24 08:00:00,24.27000,24.78000,24.090000,24.70000
2024-06-24 09:00:00,24.77000,24.77000,23.98000,24.51000
2024-06-24 10:00:00,24.53000,24.90000,24.52000,24.64000
2024-06-24 11:00:00,24.63000,24.69000,24.18000,24.49000
2024-06-24 12:00:00,24.47000,24.95000,24.44000,24.87000
2024-06-24 13:00:00,24.85000,25.010000,24.5,24.88000
2024-06-24 14:00:00,24.94000,24.94000,24.36000,24.5
2024-06-24 15:00:00,24.47000,24.47000,23.78000,23.88000
2024-06-24 16:00:00,23.87000,24.28000,23.85000,24.25
2024-06-24 17:00:00,24.20000,24.47000,24.020000,24.17000
2024-06-24 18:00:00,24.15000,24.29000,23.92000,24.25
2024-06-24 19:00:00,24.25,24.28000,23.78000,23.84000
2024-06-24 20:00:00,24.020000,24.21000,23.58000,24.21000
2024-06-24 21:00:00,24.22000,24.72000,24.22000,24.69000
2024-06-24 22:00:00,24.73000,24.77000,24.56000,24.64000
2024-06-24 23:00:00,24.65000,24.93000,24.65000,24.80000
2024-06-25 00:00:00,24.77000,24.89000,24.63000,24.77000
2024-06-25 01:00:00,24.75,24.89000,24.69000,24.87000
2024-06-25 02:00:00,24.88000,25.020000,24.75,24.98000
2024-06-25 03:00:00,24.96000,25.41000,24.96000,25.17000
2024-06-25 04:00:00,25.20000,25.33000,25.059999,25.30000
2024-06-25 05:00:00,25.34000,25.35000,25.070000,25.090000
2024-06-25 06:00:00,25.080000,25.24000,25.030001,25.22000
2024-06-25 07:00:00,25.23000,25.35000,25.090000,25.11000
2024-06-25 08:00:00,25.13000,25.13000,24.86000,24.92000
2024-06-25 09:00:00,24.92000,25.34000,24.88000,25.30000
2024-06-25 10:00:00,25.31000,25.33000,25.20000,25.29000
2024-06-25 11:00:00,25.27000,25.29000,25.13000,25.23000
2024-06-25 12:00:00,25.23000,25.27000,25.10000,25.22000
2024-06-25 13:00:00,25.21000,25.37000,25.12000,25.24000
2024-06-25 14:00:00,25.27000,25.74000,25.25,25.56000
2024-06-25 15:00:00,25.56000,25.72000,25.39000,25.66000
2024-06-25 16:00:00,25.65000,25.65000,25.30000,25.32000
2024-06-25 17:00:00,25.32000,25.41000,25.27000,25.27000
2024-06-25 18:00:00,25.27000,25.60000,25.25,25.59000
2024-06-25 19:00:00,25.59000,25.60000,25.46000,25.54000
2024-06-25 20:00:00,25.56000,25.56000,25.44000,25.46000
2024-06-25 21:00:00,25.47000,25.49000,25.41000,25.44000
2024-06-25 22:00:00,25.45000,25.58000,25.44000,25.5
2024-06-25 23:00:00,25.51000,25.51000,25.32000,25.39000
2024-06-26 00:00:00,25.39000,25.45000,25.30000,25.32000
2024-06-26 01:00:00,25.32000,25.80000,25.29000,25.74000
2024-06-26 02:00:00,25.74000,25.83000,25.56000,25.57000
2024-06-26 03:00:00,25.58000,25.61000,25.38000,25.45000
2024-06-26 04:00:00,25.46000,25.51000,25.33000,25.33000
2024-06-26 05:00:00,25.33000,25.75,25.32000,25.56000
2024-06-26 06:00:00,25.59000,25.80000,25.59000,25.79000
2024-06-26 07:00:00,25.83000,26.020000,25.74000,26.020000
2024-06-26 08:00:00,26.030001,26.030001,25.64000,25.83000
2024-06-26 09:00:00,25.83000,26.070000,25.75,25.99000
2024-06-26 10:00:00,25.99000,26.070000,25.82000,26.070000
2024-06-26 11:00:00,26.080000,26.21000,26.020000,26.059999
2024-06-26 12:00:00,26.049999,26.21000,25.84000,25.96000
2024-06-26 13:00:00,25.95000,26.20000,25.84000,26.090000
2024-06-26 14:00:00,26.11000,26.19000,25.88000,25.99000
2024-06-26 15:00:00,26.010000,26.010000,25.80000,25.98000
2024-06-26 16:00:00,25.98000,26.040001,25.77000,25.82000
2024-06-26 17:00:00,25.83000,26.070000,25.61000,26.070000
2024-06-26 18:00:00,26.030001,26.030001,25.90000,26.020000
2024-06-26 19:00:00,26,26.57000,25.96000,26.53000
2024-06-26 20:00:00,26.54000,26.62000,26.21000,26.28000
2024-06-26 21:00:00,26.31000,26.35000,26.16000,26.22000
2024-06-26 22:00:00,26.21000,26.21000,25.98000,26.010000
2024-06-26 23:00:00,26.040001,26.059999,25.80000,25.82000
2024-06-27 00:00:00,25.80000,25.86000,25.66000,25.70000
2024-06-27 01:00:00,25.70000,25.70000,25.44000,25.44000
2024-06-27 02:00:00,25.44000,25.55000,25.36000,25.44000
2024-06-27 03:00:00,25.42000,25.72000,25.37000,25.64000
2024-06-27 04:00:00,25.64000,25.85000,25.64000,25.77000
2024-06-27 05:00:00,25.79000,25.81000,25.55000,25.55000
2024-06-27 06:00:00,25.57000,25.96000,25.51000,25.96000
2024-06-27 07:00:00,25.96000,26.12000,25.84000,26.070000
2024-06-27 08:00:00,26.080000,26.080000,25.92000,25.99000
2024-06-27 09:00:00,26,26.74000,26,26.69000
2024-06-27 10:00:00,26.81000,26.83000,26.63000,26.65000
2024-06-27 11:00:00,26.64000,26.69000,26.53000,26.60000
2024-06-27 12:00:00,26.60000,26.92000,26.57000,26.74000
2024-06-27 13:00:00,26.75,27.45000,26.75,27.44000
2024-06-27 14:00:00,27.48000,27.85000,27.46000,27.57000
2024-06-27 15:00:00,27.60000,27.91000,27.5,27.80000
2024-06-27 16:00:00,27.85000,27.99000,27.78000,27.83000
2024-06-27 17:00:00,27.83000,28.17000,27.83000,28.080000
2024-06-27 18:00:00,28.040001,28.34000,27.98000,28.13000
2024-06-27 19:00:00,28.070000,28.12000,27.88000,28.070000
2024-06-27 20:00:00,28.10000,28.15000,27.95000,28.040001
2024-06-27 21:00:00,28.049999,28.080000,27.90000,27.93000
2024-06-27 22:00:00,27.93000,28.040001,27.93000,28.010000
2024-06-27 23:00:00,28.010000,28.049999,27.85000,27.92000
2024-06-28 00:00:00,27.91000,28.020000,27.78000,27.80000
2024-06-28 01:00:00,27.78000,28.14000,27.66000,27.99000
2024-06-28 02:00:00,28,28.059999,27.86000,27.96000
2024-06-28 03:00:00,27.96000,28.070000,27.87000,27.98000
2024-06-28 04:00:00,28,28.090000,27.87000,28.080000
2024-06-28 05:00:00,28.040001,28.090000,27.92000,27.99000
2024-06-28 06:00:00,28.010000,28.19000,27.97000,28.16000
2024-06-28 07:00:00,28.17000,28.24000,27.98000,28.14000
2024-06-28 08:00:00,28.12000,28.15000,27.91000,28.030001
2024-06-28 09:00:00,28.020000,28.42000,27.95000,28.36000
2024-06-28 10:00:00,28.34000,28.60000,28.24000,28.59000
2024-06-28 11:00:00,28.58000,28.66000,28.40000,28.62000
2024-06-28 12:00:00,28.63000,28.97000,28.63000,28.69000
2024-06-28 13:00:00,28.76000,29.010000,28.42000,28.46000
2024-06-28 14:00:00,28.48000,28.64000,28.16000,28.21000
2024-06-28 15:00:00,28.19000,28.52000,28.17000,28.34000
2024-06-28 16:00:00,28.43000,28.55000,28.15000,28.40000
2024-06-28 17:00:00,28.38000,28.38000,28.10000,28.18000
2024-06-28 18:00:00,28.16000,28.19000,27.99000,28.13000
2024-06-28 19:00:00,28.13000,28.22000,27.96000,28.080000
2024-06-28 20:00:00,28.15000,28.32000,28.10000,28.11000
2024-06-28 21:00:00,28.10000,28.10000,27.86000,28.020000
2024-06-28 22:00:00,28.030001,28.10000,27.87000,28.070000
2024-06-28 23:00:00,28.070000,28.070000,27.92000,27.95000
2024-06-29 00:00:00,28.040001,28.33000,28.020000,28.28000
2024-06-29 01:00:00,28.29000,28.34000,28.22000,28.33000
2024-06-29 02:00:00,28.33000,28.39000,28.22000,28.31000
2024-06-29 03:00:00,28.32000,28.47000,28.26000,28.37000
2024-06-29 04:00:00,28.40000,28.43000,28.28000,28.41000
2024-06-29 05:00:00,28.35000,28.59000,28.33000,28.59000
2024-06-29 06:00:00,28.58000,28.65000,28.43000,28.5
2024-06-29 07:00:00,28.5,28.55000,28.41000,28.42000
2024-06-29 08:00:00,28.41000,28.42000,28.25,28.26000
2024-06-29 09:00:00,28.29000,28.29000,28.17000,28.22000
2024-06-29 10:00:00,28.22000,28.24000,28.049999,28.070000
2024-06-29 11:00:00,28.059999,28.14000,28.030001,28.11000
2024-06-29 12:00:00,28.12000,28.13000,27.78000,27.82000
2024-06-29 13:00:00,27.83000,27.91000,27.78000,27.79000
2024-06-29 14:00:00,27.78000,27.81000,27.60000,27.64000
2024-06-29 15:00:00,27.65000,27.87000,27.64000,27.77000
2024-06-29 16:00:00,27.76000,27.85000,27.74000,27.85000
2024-06-29 17:00:00,27.87000,27.94000,27.76000,27.93000
2024-06-29 18:00:00,27.91000,27.93000,27.82000,27.84000
2024-06-29 19:00:00,27.84000,27.93000,27.74000,27.90000
2024-06-29 20:00:00,27.91000,27.97000,27.79000,27.81000
2024-06-29 21:00:00,27.82000,27.93000,27.82000,27.84000
2024-06-29 22:00:00,27.85000,27.88000,27.71000,27.73000
2024-06-29 23:00:00,27.74000,27.86000,27.73000,27.77000
2024-06-30 00:00:00,27.76000,27.91000,27.68000,27.76000
2024-06-30 01:00:00,27.75,27.77000,27.55000,27.62000
2024-06-30 02:00:00,27.61000,27.66000,27.43000,27.49000
2024-06-30 03:00:00,27.52000,27.76000,27.51000,27.71000
2024-06-30 04:00:00,27.71000,27.80000,27.64000,27.80000
2024-06-30 05:00:00,27.79000,27.91000,27.78000,27.86000
2024-06-30 06:00:00,27.85000,28.19000,27.85000,28.17000
2024-06-30 07:00:00,28.18000,28.77000,28.18000,28.29000
2024-06-30 08:00:00,28.32000,28.36000,28.11000,28.34000
2024-06-30 09:00:00,28.34000,28.51000,28.32000,28.36000
2024-06-30 10:00:00,28.36000,28.55000,28.31000,28.32000
2024-06-30 11:00:00,28.31000,28.47000,28.30000,28.40000
2024-06-30 12:00:00,28.43000,28.43000,28.12000,28.20000
2024-06-30 13:00:00,28.22000,28.35000,28.16000,28.29000
2024-06-30 14:00:00,28.27000,28.29000,27.93000,27.94000
2024-06-30 15:00:00,27.93000,28.10000,27.90000,28.049999
2024-06-30 16:00:00,28.059999,28.14000,27.93000,27.94000
2024-06-30 17:00:00,27.95000,28.14000,27.92000,27.97000
2024-06-30 18:00:00,27.98000,28.30000,27.95000,28.30000
2024-06-30 19:00:00,28.31000,28.52000,28.21000,28.49000
2024-06-30 20:00:00,28.62000,29.070000,28.56000,28.60000
2024-06-30 21:00:00,28.65000,28.65000,28.32000,28.47000
2024-06-30 22:00:00,28.49000,29.41000,28.49000,29.41000
2024-06-30 23:00:00,29.45000,29.52000,29.31000,29.37000
2024-07-01 00:00:00,29.40000,29.73000,29.22000,29.69000
2024-07-01 01:00:00,29.67000,29.84000,29.62000,29.76000
2024-07-01 02:00:00,29.80000,29.84000,29.56000,29.69000
2024-07-01 03:00:00,29.69000,29.97000,29.68000,29.94000
2024-07-01 04:00:00,29.97000,29.98000,29.75,29.75
2024-07-01 05:00:00,29.76000,29.92000,29.76000,29.80000
2024-07-01 06:00:00,29.81000,29.81000,29.60000,29.78000
2024-07-01 07:00:00,29.79000,29.91000,29.73000,29.75
2024-07-01 08:00:00,29.71000,29.93000,29.70000,29.92000
2024-07-01 09:00:00,29.94000,30.090000,29.85000,29.95000
2024-07-01 10:00:00,29.94000,30.010000,29.82000,30.010000
2024-07-01 11:00:00,30,30.080000,29.64000,29.64000
2024-07-01 12:00:00,29.68000,29.84000,29.63000,29.69000
2024-07-01 13:00:00,29.69000,30.010000,29.53000,29.53000
2024-07-01 14:00:00,29.57000,29.81000,29.40000,29.78000
2024-07-01 15:00:00,29.74000,29.98000,29.70000,29.82000
2024-07-01 16:00:00,29.82000,29.95000,29.65000,29.70000
2024-07-01 17:00:00,29.71000,29.86000,29.66000,29.83000
2024-07-01 18:00:00,29.83000,29.95000,29.69000,29.70000
2024-07-01 19:00:00,29.68000,29.77000,29.42000,29.56000
2024-07-01 20:00:00,29.53000,29.57000,29.43000,29.43000
2024-07-01 21:00:00,29.43000,29.49000,29.23000,29.29000
2024-07-01 22:00:00,29.27000,29.28000,28.91000,28.93000
2024-07-01 23:00:00,28.94000,29.059999,28.83000,28.83000
2024-07-02 00:00:00,28.80000,28.89000,28.71000,28.75
2024-07-02 01:00:00,28.74000,28.75,28.59000,28.69000
2024-07-02 02:00:00,28.68000,28.71000,28.49000,28.61000
2024-07-02 03:00:00,28.60000,28.68000,28.55000,28.61000
2024-07-02 04:00:00,28.63000,28.70000,28.55000,28.55000
2024-07-02 05:00:00,28.54000,28.62000,28.46000,28.51000
2024-07-02 06:00:00,28.5,28.53000,28.23000,28.29000
2024-07-02 07:00:00,28.29000,28.30000,28.11000,28.19000
2024-07-02 08:00:00,28.17000,28.28000,28.13000,28.26000
2024-07-02 09:00:00,28.24000,28.42000,28.24000,28.31000
2024-07-02 10:00:00,28.31000,28.44000,28.26000,28.36000
2024-07-02 11:00:00,28.35000,28.41000,28.24000,28.28000
2024-07-02 12:00:00,28.26000,28.44000,28.19000,28.33000
2024-07-02 13:00:00,28.32000,28.52000,28.26000,28.32000
2024-07-02 14:00:00,28.31000,28.41000,28.16000,28.30000
2024-07-02 15:00:00,28.28000,28.47000,28.26000,28.31000
2024-07-02 16:00:00,28.29000,28.32000,28.11000,28.22000
2024-07-02 17:00:00,28.23000,28.41000,28.18000,28.41000
2024-07-02 18:00:00,28.43000,28.82000,28.43000,28.67000
2024-07-02 19:00:00,28.70000,28.81000,28.69000,28.70000
2024-07-02 20:00:00,28.73000,28.78000,28.60000,28.65000
2024-07-02 21:00:00,28.64000,28.67000,28.46000,28.46000
2024-07-02 22:00:00,28.44000,28.76000,28.33000,28.76000
2024-07-02 23:00:00,28.74000,28.81000,28.61000,28.70000
2024-07-03 00:00:00,28.71000,28.96000,28.71000,28.78000
2024-07-03 01:00:00,28.77000,28.87000,28.48000,28.48000
2024-07-03 02:00:00,28.47000,28.54000,28.28000,28.47000
2024-07-03 03:00:00,28.46000,28.48000,28.040001,28.13000
2024-07-03 04:00:00,28.14000,28.20000,27.89000,27.98000
2024-07-03 05:00:00,27.97000,28.090000,27.94000,28.070000
2024-07-03 06:00:00,28.10000,28.12000,27.99000,28.040001
2024-07-03 07:00:00,28.059999,28.059999,27.88000,27.90000
2024-07-03 08:00:00,27.84000,27.90000,27.55000,27.63000
2024-07-03 09:00:00,27.62000,27.75,27.62000,27.65000
2024-07-03 10:00:00,27.65000,27.65000,27.14000,27.29000
2024-07-03 11:00:00,27.24000,27.37000,27.18000,27.35000
2024-07-03 12:00:00,27.32000,27.32000,26.89000,26.89000
2024-07-03 13:00:00,26.94000,27.28000,26.88000,27.23000
2024-07-03 14:00:00,27.24000,27.24000,26.85000,26.86000
2024-07-03 15:00:00,26.84000,27,26.62000,26.91000
2024-07-03 16:00:00,26.90000,27.059999,26.89000,26.98000
2024-07-03 17:00:00,26.97000,26.97000,26.74000,26.80000
2024-07-03 18:00:00,26.80000,27.030001,26.76000,26.98000
2024-07-03 19:00:00,26.97000,26.99000,26.49000,26.5
2024-07-03 20:00:00,26.54000,26.68000,26.52000,26.52000
2024-07-03 21:00:00,26.55000,26.84000,26.46000,26.81000
2024-07-03 22:00:00,26.83000,26.83000,26.60000,26.64000
2024-07-03 23:00:00,26.63000,26.63000,26.48000,26.51000
2024-07-04 00:00:00,26.49000,26.70000,26.49000,26.56000
2024-07-04 01:00:00,26.54000,26.58000,25.55000,25.77000
2024-07-04 02:00:00,25.67000,26.18000,25.65000,26.17000
2024-07-04 03:00:00,26.16000,26.25,26.020000,26.21000
2024-07-04 04:00:00,26.13000,26.13000,25.99000,26.030001
2024-07-04 05:00:00,26.040001,26.040001,25.98000,26.010000
2024-07-04 06:00:00,25.97000,25.99000,25.73000,25.81000
2024-07-04 07:00:00,25.78000,25.85000,25.52000,25.55000
2024-07-04 08:00:00,25.56000,26.080000,25.56000,25.97000
2024-07-04 09:00:00,25.94000,25.98000,25.71000,25.93000
2024-07-04 10:00:00,25.92000,25.96000,25.78000,25.96000
2024-07-04 11:00:00,25.91000,25.96000,25.85000,25.90000
2024-07-04 12:00:00,25.86000,25.90000,25.13000,25.13000
2024-07-04 13:00:00,25.12000,25.51000,24.88000,25.49000
2024-07-04 14:00:00,25.52000,25.59000,25.18000,25.36000
2024-07-04 15:00:00,25.37000,25.62000,25.23000,25.60000
2024-07-04 16:00:00,25.61000,25.61000,25.33000,25.56000
2024-07-04 17:00:00,25.59000,25.65000,25.52000,25.57000
2024-07-04 18:00:00,25.58000,25.60000,25.36000,25.45000
2024-07-04 19:00:00,25.45000,25.68000,25.43000,25.45000
2024-07-04 20:00:00,25.45000,25.51000,25.37000,25.45000
2024-07-04 21:00:00,25.45000,25.58000,25.36000,25.45000
2024-07-04 22:00:00,25.40000,25.42000,24.99000,24.99000
2024-07-04 23:00:00,24.96000,24.96000,24.31000,24.46000
2024-07-05 00:00:00,24.42000,24.42000,23.46000,24.14000
2024-07-05 01:00:00,24.15000,24.19000,23.45000,23.93000
2024-07-05 02:00:00,23.89000,23.89000,22.79000,22.79000
2024-07-05 03:00:00,22.36000,22.59000,22.080000,22.29000
2024-07-05 04:00:00,22.27000,23.049999,21.98000,22.77000
2024-07-05 05:00:00,22.71000,23.010000,22.71000,22.96000
2024-07-05 06:00:00,22.92000,23.10000,22.81000,22.99000
2024-07-05 07:00:00,22.99000,23.35000,22.99000,23.22000
2024-07-05 08:00:00,23.21000,23.22000,22.69000,22.69000
2024-07-05 09:00:00,22.72000,23.44000,22.65000,23.36000
2024-07-05 10:00:00,23.33000,23.89000,23.29000,23.84000
2024-07-05 11:00:00,23.91000,24.39000,23.91000,24.36000
2024-07-05 12:00:00,24.33000,24.84000,24.19000,24.19000
2024-07-05 13:00:00,24.22000,25.070000,24.17000,24.85000
2024-07-05 14:00:00,24.84000,24.90000,24.44000,24.74000
2024-07-05 15:00:00,24.67000,25.10000,24.64000,24.97000
2024-07-05 16:00:00,24.90000,25.17000,24.72000,24.79000
2024-07-05 17:00:00,24.76000,24.96000,24.64000,24.95000
2024-07-05 18:00:00,24.91000,25.12000,24.78000,25.12000
2024-07-05 19:00:00,25.10000,25.15000,24.99000,25.040001
2024-07-05 20:00:00,25.010000,25.13000,24.98000,25.13000
2024-07-05 21:00:00,25.15000,25.37000,25.090000,25.21000
2024-07-05 22:00:00,25.21000,25.44000,25.080000,25.14000
2024-07-05 23:00:00,25.16000,25.31000,25.090000,25.11000
2024-07-06 00:00:00,25.080000,25.72000,24.99000,25.23000
2024-07-06 01:00:00,25.22000,25.22000,24.94000,25.059999
2024-07-06 02:00:00,25.070000,25.20000,24.95000,25.16000
2024-07-06 03:00:00,25.15000,25.18000,25.020000,25.080000
2024-07-06 04:00:00,25.090000,25.27000,25.090000,25.16000
2024-07-06 05:00:00,25.16000,25.42000,25.13000,25.34000
2024-07-06 06:00:00,25.34000,25.92000,25.29000,25.61000
2024-07-06 07:00:00,25.60000,25.84000,25.55000,25.55000
2024-07-06 08:00:00,25.57000,25.57000,25.38000,25.45000
2024-07-06 09:00:00,25.44000,25.66000,25.33000,25.66000
2024-07-06 10:00:00,25.66000,25.90000,25.62000,25.78000
2024-07-06 11:00:00,25.80000,25.86000,25.70000,25.74000
2024-07-06 12:00:00,25.74000,25.87000,25.64000,25.80000
2024-07-06 13:00:00,25.83000,26.12000,25.72000,25.96000
2024-07-06 14:00:00,25.95000,26.049999,25.60000,25.78000
2024-07-06 15:00:00,25.80000,26.30000,25.72000,26
2024-07-06 16:00:00,26.010000,26.56000,25.90000,26.54000
2024-07-06 17:00:00,26.59000,26.98000,26.54000,26.90000
2024-07-06 18:00:00,26.95000,27.020000,26.80000,26.91000
2024-07-06 19:00:00,26.95000,27.13000,26.95000,27.059999
2024-07-06 20:00:00,27.070000,27.31000,27.070000,27.28000
2024-07-06 21:00:00,27.32000,27.58000,27.24000,27.24000
2024-07-06 22:00:00,27.28000,27.49000,27.25,27.46000
2024-07-06 23:00:00,27.49000,27.52000,27.35000,27.43000
2024-07-07 00:00:00,27.44000,27.46000,27.070000,27.080000
2024-07-07 01:00:00,27.070000,27.070000,26.58000,26.80000
2024-07-07 02:00:00,26.81000,26.97000,26.71000,26.88000
2024-07-07 03:00:00,26.88000,26.88000,26.64000,26.77000
2024-07-07 04:00:00,26.78000,26.87000,26.57000,26.58000
2024-07-07 05:00:00,26.60000,26.82000,26.47000,26.72000
2024-07-07 06:00:00,26.70000,26.88000,26.60000,26.71000
2024-07-07 07:00:00,26.71000,26.78000,26.25,26.41000
2024-07-07 08:00:00,26.39000,26.48000,26.29000,26.42000
2024-07-07 09:00:00,26.42000,26.65000,26.40000,26.63000
2024-07-07 10:00:00,26.63000,26.72000,26.42000,26.42000
2024-07-07 11:00:00,26.42000,26.44000,26.29000,26.35000
2024-07-07 12:00:00,26.33000,26.43000,26.12000,26.23000
2024-07-07 13:00:00,26.21000,26.21000,25.70000,25.78000
2024-07-07 14:00:00,25.74000,25.78000,25.51000,25.68000
2024-07-07 15:00:00,25.68000,25.98000,25.67000,25.88000
2024-07-07 16:00:00,25.85000,26.13000,25.82000,26.12000
2024-07-07 17:00:00,26.15000,26.30000,25.97000,26.23000
2024-07-07 18:00:00,26.25,26.40000,26.13000,26.18000
2024-07-07 19:00:00,26.16000,26.16000,25.98000,26.11000
2024-07-07 20:00:00,26.090000,26.18000,25.94000,26.010000
2024-07-07 21:00:00,26,26.010000,25.51000,25.89000
2024-07-07 22:00:00,25.87000,26,25.72000,25.74000
2024-07-07 23:00:00,25.74000,25.91000,25.58000,25.71000
2024-07-08 00:00:00,25.75,25.88000,24.96000,24.99000
2024-07-08 01:00:00,25,25,24.60000,24.99000
2024-07-08 02:00:00,24.95000,25.55000,24.90000,25.52000
2024-07-08 03:00:00,25.61000,25.61000,25.070000,25.19000
2024-07-08 04:00:00,25.21000,25.72000,25.11000,25.72000
2024-07-08 05:00:00,25.73000,25.91000,25.49000,25.61000
2024-07-08 06:00:00,25.67000,25.98000,25.54000,25.74000
2024-07-08 07:00:00,25.74000,25.74000,25.5,25.64000
2024-07-08 08:00:00,25.58000,26.99000,25.58000,26.97000
2024-07-08 09:00:00,26.93000,27.19000,26.58000,26.64000
2024-07-08 10:00:00,26.69000,26.98000,26.54000,26.56000
2024-07-08 11:00:00,26.59000,27.12000,26.59000,26.95000
2024-07-08 12:00:00,26.97000,26.98000,26.71000,26.83000
2024-07-08 13:00:00,26.80000,26.95000,26.56000,26.81000
2024-07-08 14:00:00,26.79000,26.90000,25.67000,26.24000
2024-07-08 15:00:00,26.25,26.52000,25.89000,25.89000
2024-07-08 16:00:00,25.91000,26.059999,25.62000,25.86000
2024-07-08 17:00:00,25.83000,26,25.70000,25.90000
2024-07-08 18:00:00,25.91000,25.91000,25.59000,25.70000
2024-07-08 19:00:00,25.73000,25.74000,25.38000,25.39000
2024-07-08 20:00:00,25.39000,25.52000,25.22000,25.37000
2024-07-08 21:00:00,25.35000,25.5,25.24000,25.28000
2024-07-08 22:00:00,25.28000,25.47000,25.24000,25.34000
2024-07-08 23:00:00,25.33000,25.46000,25.20000,25.23000
2024-07-09 00:00:00,25.21000,25.21000,24.86000,24.98000
2024-07-09 01:00:00,24.93000,25.47000,24.79000,24.89000
2024-07-09 02:00:00,24.86000,25.28000,24.73000,25.28000
2024-07-09 03:00:00,25.30000,25.33000,25.059999,25.23000
2024-07-09 04:00:00,25.23000,25.53000,25.19000,25.43000
2024-07-09 05:00:00,25.41000,25.57000,25.36000,25.57000
2024-07-09 06:00:00,25.51000,25.91000,25.45000,25.91000
2024-07-09 07:00:00,25.94000,26.070000,25.60000,25.64000
2024-07-09 08:00:00,25.64000,25.97000,25.47000,25.79000
2024-07-09 09:00:00,25.74000,25.82000,25.64000,25.64000
2024-07-09 10:00:00,25.64000,25.79000,25.52000,25.52000
2024-07-09 11:00:00,25.53000,25.71000,25.44000,25.67000
2024-07-09 12:00:00,25.65000,25.70000,25.47000,25.56000
2024-07-09 13:00:00,25.57000,25.64000,25.31000,25.40000
2024-07-09 14:00:00,25.43000,25.95000,25.38000,25.41000
2024-07-09 15:00:00,25.35000,25.53000,25.19000,25.53000
2024-07-09 16:00:00,25.51000,25.75,25.48000,25.67000
2024-07-09 17:00:00,25.69000,25.76000,25.46000,25.53000
2024-07-09 18:00:00,25.57000,25.90000,25.47000,25.89000
2024-07-09 19:00:00,25.92000,26.11000,25.89000,26.11000
2024-07-09 20:00:00,26.13000,26.35000,26.12000,26.17000
2024-07-09 21:00:00,26.21000,26.5,26.059999,26.35000
2024-07-09 22:00:00,26.35000,26.36000,26.15000,26.19000
2024-07-09 23:00:00,26.15000,26.46000,26.15000,26.42000
2024-07-10 00:00:00,26.41000,26.44000,26.10000,26.12000
2024-07-10 01:00:00,26.11000,26.5,26.040001,26.30000
2024-07-10 02:00:00,26.29000,26.54000,26.16000,26.5
2024-07-10 03:00:00,26.51000,26.87000,26.51000,26.87000
2024-07-10 04:00:00,26.89000,27.39000,26.89000,27.27000
2024-07-10 05:00:00,27.30000,27.37000,27.059999,27.059999
2024-07-10 06:00:00,27.090000,27.27000,27.040001,27.21000
2024-07-10 07:00:00,27.24000,27.24000,26.79000,26.85000
2024-07-10 08:00:00,26.88000,26.91000,26.62000,26.77000
2024-07-10 09:00:00,26.75,26.84000,26.59000,26.82000
2024-07-10 10:00:00,26.82000,26.97000,26.71000,26.88000
2024-07-10 11:00:00,26.90000,26.96000,26.74000,26.89000
2024-07-10 12:00:00,26.91000,26.93000,26.52000,26.69000
2024-07-10 13:00:00,26.71000,26.74000,26.19000,26.29000
2024-07-10 14:00:00,26.27000,26.41000,26.13000,26.17000
2024-07-10 15:00:00,26.14000,26.45000,26.080000,26.32000
2024-07-10 16:00:00,26.33000,26.62000,26.23000,26.29000
2024-07-10 17:00:00,26.31000,26.37000,26.18000,26.19000
2024-07-10 18:00:00,26.20000,26.28000,26.11000,26.16000
2024-07-10 19:00:00,26.14000,26.16000,26.070000,26.13000
2024-07-10 20:00:00,26.14000,26.16000,25.95000,25.99000
2024-07-10 21:00:00,26,26,25.72000,25.74000
2024-07-10 22:00:00,25.73000,25.80000,25.63000,25.74000
2024-07-10 23:00:00,25.71000,25.83000,25.63000,25.77000
2024-07-11 00:00:00,25.75,25.75,25.49000,25.64000
2024-07-11 01:00:00,25.61000,25.87000,25.35000,25.87000
2024-07-11 02:00:00,25.83000,25.85000,25.56000,25.56000
2024-07-11 03:00:00,25.53000,25.56000,25.19000,25.34000
2024-07-11 04:00:00,25.30000,25.45000,25.29000,25.35000
2024-07-11 05:00:00,25.36000,25.75,25.35000,25.74000
2024-07-11 06:00:00,25.72000,25.77000,25.59000,25.63000
2024-07-11 07:00:00,25.61000,25.86000,25.61000,25.84000
2024-07-11 08:00:00,25.85000,25.87000,25.60000,25.61000
2024-07-11 09:00:00,25.62000,25.78000,25.60000,25.71000
2024-07-11 10:00:00,25.71000,25.77000,25.58000,25.69000
2024-07-11 11:00:00,25.70000,25.95000,25.63000,25.87000
2024-07-11 12:00:00,25.82000,26.34000,25.71000,26.090000
2024-07-11 13:00:00,26.040001,26.10000,25.77000,25.88000
2024-07-11 14:00:00,25.96000,26.010000,25.46000,25.72000
2024-07-11 15:00:00,25.72000,25.80000,25.059999,25.080000
2024-07-11 16:00:00,25.12000,25.51000,25.070000,25.45000
2024-07-11 17:00:00,25.46000,25.59000,25.42000,25.56000
2024-07-11 18:00:00,25.57000,25.68000,25.52000,25.56000
2024-07-11 19:00:00,25.55000,25.55000,25.27000,25.29000
2024-07-11 20:00:00,25.26000,25.38000,25.14000,25.34000
2024-07-11 21:00:00,25.32000,25.34000,25.11000,25.19000
2024-07-11 22:00:00,25.19000,25.38000,25.13000,25.30000
2024-07-11 23:00:00,25.28000,25.34000,25.13000,25.21000
2024-07-12 00:00:00,25.21000,25.44000,25.13000,25.21000
2024-07-12 01:00:00,25.24000,25.38000,24.85000,25.35000
2024-07-12 02:00:00,25.34000,25.61000,25.27000,25.59000
2024-07-12 03:00:00,25.61000,25.62000,25.43000,25.43000
2024-07-12 04:00:00,25.42000,25.44000,25.17000,25.30000
2024-07-12 05:00:00,25.31000,25.39000,25.20000,25.24000
2024-07-12 06:00:00,25.23000,25.47000,25.22000,25.38000
2024-07-12 07:00:00,25.39000,25.45000,25.080000,25.22000
2024-07-12 08:00:00,25.19000,25.27000,25.15000,25.26000
2024-07-12 09:00:00,25.24000,25.26000,24.96000,25.010000
2024-07-12 10:00:00,24.98000,25.059999,24.86000,25.020000
2024-07-12 11:00:00,25.020000,25.11000,24.96000,25.040001
2024-07-12 12:00:00,25.040001,25.18000,25.030001,25.16000
2024-07-12 13:00:00,25.18000,25.59000,25.18000,25.55000
2024-07-12 14:00:00,25.63000,25.63000,25.37000,25.41000
2024-07-12 15:00:00,25.38000,25.67000,25.38000,25.64000
2024-07-12 16:00:00,25.64000,25.75,25.5,25.71000
2024-07-12 17:00:00,25.73000,25.83000,25.56000,25.56000
2024-07-12 18:00:00,25.57000,25.92000,25.46000,25.79000
2024-07-12 19:00:00,25.79000,25.81000,25.43000,25.43000
2024-07-12 20:00:00,25.43000,25.74000,25.15000,25.71000
2024-07-12 21:00:00,25.74000,25.76000,25.56000,25.66000
2024-07-12 22:00:00,25.65000,26.090000,25.63000,26
2024-07-12 23:00:00,25.99000,25.99000,25.85000,25.95000
2024-07-13 00:00:00,25.98000,25.98000,25.83000,25.91000
2024-07-13 01:00:00,25.93000,25.98000,25.87000,25.93000
2024-07-13 02:00:00,25.92000,25.92000,25.75,25.91000
2024-07-13 03:00:00,25.90000,26,25.85000,25.89000
2024-07-13 04:00:00,25.92000,25.92000,25.60000,25.62000
2024-07-13 05:00:00,25.62000,25.77000,25.59000,25.73000
2024-07-13 06:00:00,25.70000,25.81000,25.62000,25.69000
2024-07-13 07:00:00,25.69000,25.87000,25.65000,25.80000
2024-07-13 08:00:00,25.99000,26.15000,25.87000,25.88000
2024-07-13 09:00:00,25.87000,26.22000,25.85000,26.21000
2024-07-13 10:00:00,26.25,26.33000,25.77000,25.80000
2024-07-13 11:00:00,25.76000,25.83000,25.69000,25.79000
2024-07-13 12:00:00,25.79000,25.99000,25.73000,25.96000
2024-07-13 13:00:00,25.96000,25.96000,25.74000,25.83000
2024-07-13 14:00:00,25.83000,25.83000,25.70000,25.77000
2024-07-13 15:00:00,25.78000,26.30000,25.73000,26.21000
2024-07-13 16:00:00,26.21000,26.29000,25.93000,25.97000
2024-07-13 17:00:00,25.96000,25.98000,25.77000,25.82000
2024-07-13 18:00:00,25.83000,25.86000,25.71000,25.85000
2024-07-13 19:00:00,25.84000,25.98000,25.83000,25.83000
2024-07-13 20:00:00,25.83000,25.84000,25.70000,25.72000
2024-07-13 21:00:00,25.71000,25.79000,25.69000,25.75
2024-07-13 22:00:00,25.75,26.059999,25.55000,26.059999
2024-07-13 23:00:00,26.030001,26.16000,25.83000,25.85000
2024-07-14 00:00:00,25.85000,25.99000,25.68000,25.97000
2024-07-14 01:00:00,25.97000,26.16000,25.93000,26.070000
2024-07-14 02:00:00,26.080000,26.10000,25.77000,25.91000
2024-07-14 03:00:00,25.92000,26.049999,25.89000,25.92000
2024-07-14 04:00:00,25.91000,26.17000,25.90000,26
2024-07-14 05:00:00,26.010000,26.25,25.92000,26.23000
2024-07-14 06:00:00,26.24000,26.24000,25.97000,26.049999
2024-07-14 07:00:00,26.020000,26.090000,25.98000,26.040001
2024-07-14 08:00:00,26.049999,26.19000,26.049999,26.12000
2024-07-14 09:00:00,26.14000,26.41000,26.12000,26.25
2024-07-14 10:00:00,26.24000,26.29000,25.98000,25.98000
2024-07-14 11:00:00,25.98000,25.98000,25.88000,25.89000
2024-07-14 12:00:00,25.89000,25.90000,25.62000,25.74000
2024-07-14 13:00:00,25.71000,26.030001,25.71000,25.98000
2024-07-14 14:00:00,25.96000,26.030001,25.77000,25.95000
2024-07-14 15:00:00,25.94000,25.97000,25.78000,25.94000
2024-07-14 16:00:00,25.91000,25.94000,25.82000,25.88000
2024-07-14 17:00:00,25.87000,25.89000,25.76000,25.80000
2024-07-14 18:00:00,25.80000,25.82000,25.75,25.80000
2024-07-14 19:00:00,25.80000,25.80000,25.68000,25.71000
2024-07-14 20:00:00,25.72000,25.90000,25.68000,25.78000
2024-07-14 21:00:00,25.79000,26.35000,25.77000,26.35000
2024-07-14 22:00:00,26.39000,26.47000,26.21000,26.42000
2024-07-14 23:00:00,26.46000,26.65000,26.30000,26.34000
2024-07-15 00:00:00,26.36000,26.73000,26.27000,26.62000
2024-07-15 01:00:00,26.61000,26.90000,26.58000,26.60000
2024-07-15 02:00:00,26.63000,27.10000,26.59000,27.040001
2024-07-15 03:00:00,27.030001,27.059999,26.86000,26.99000
2024-07-15 04:00:00,27,27.010000,26.75,26.81000
2024-07-15 05:00:00,26.81000,26.82000,26.69000,26.77000
2024-07-15 06:00:00,26.80000,27.030001,26.78000,27.010000
2024-07-15 07:00:00,27.030001,27.20000,26.91000,27.13000
2024-07-15 08:00:00,27.17000,27.32000,27,27
2024-07-15 09:00:00,27.020000,27.020000,26.78000,26.89000
2024-07-15 10:00:00,26.88000,26.95000,26.69000,26.75
2024-07-15 11:00:00,26.77000,26.81000,26.62000,26.77000
2024-07-15 12:00:00,26.78000,26.99000,26.76000,26.85000
2024-07-15 13:00:00,26.84000,27,26.77000,26.88000
2024-07-15 14:00:00,26.88000,27.20000,26.83000,27.20000
2024-07-15 15:00:00,27.20000,27.24000,26.85000,26.94000
2024-07-15 16:00:00,26.93000,27.23000,26.84000,27.090000
2024-07-15 17:00:00,26.97000,27.10000,26.88000,26.88000
2024-07-15 18:00:00,26.96000,27.17000,26.85000,27.080000
2024-07-15 19:00:00,27.11000,27.34000,27.020000,27.070000
2024-07-15 20:00:00,27.049999,27.30000,27.049999,27.25
2024-07-15 21:00:00,27.24000,27.47000,27.24000,27.29000
2024-07-15 22:00:00,27.32000,27.87000,27.28000,27.72000
2024-07-15 23:00:00,27.77000,27.86000,27.61000,27.83000
2024-07-16 00:00:00,27.82000,27.98000,27.61000,27.81000
2024-07-16 01:00:00,27.83000,27.84000,27.60000,27.82000
2024-07-16 02:00:00,27.83000,27.94000,27.72000,27.94000
2024-07-16 03:00:00,27.95000,28.080000,27.86000,28.049999
2024-07-16 04:00:00,28.059999,28.10000,27.77000,27.78000
2024-07-16 05:00:00,27.76000,27.80000,26.98000,27.13000
2024-07-16 06:00:00,27.13000,27.30000,26.69000,26.70000
2024-07-16 07:00:00,26.71000,27.059999,26.71000,26.83000
2024-07-16 08:00:00,26.88000,26.97000,26.5,26.97000
2024-07-16 09:00:00,26.95000,27.20000,26.91000,27.17000
2024-07-16 10:00:00,27.16000,27.27000,27.10000,27.16000
2024-07-16 11:00:00,27.16000,27.31000,27.070000,27.26000
2024-07-16 12:00:00,27.27000,27.32000,27.070000,27.10000
2024-07-16 13:00:00,27.10000,27.65000,27.040001,27.37000
2024-07-16 14:00:00,27.31000,27.67000,27.22000,27.63000
2024-07-16 15:00:00,27.68000,28.5,27.66000,28.47000
2024-07-16 16:00:00,28.47000,29.14000,28.18000,29.080000
2024-07-16 17:00:00,29.070000,29.21000,28.89000,29.080000
2024-07-16 18:00:00,29.059999,29.14000,28.70000,28.82000
2024-07-16 19:00:00,28.84000,28.92000,28.10000,28.23000
2024-07-16 20:00:00,28.21000,28.27000,28.080000,28.23000
2024-07-16 21:00:00,28.23000,28.35000,28.14000,28.21000
2024-07-16 22:00:00,28.21000,28.23000,27.86000,27.94000
2024-07-16 23:00:00,27.95000,28.14000,27.89000,28.010000
2024-07-17 00:00:00,28,28.63000,27.96000,28.45000
2024-07-17 01:00:00,28.44000,28.88000,28.40000,28.62000
2024-07-17 02:00:00,28.64000,28.84000,28.54000,28.70000
2024-07-17 03:00:00,28.67000,28.81000,28.41000,28.81000
2024-07-17 04:00:00,28.80000,28.99000,28.60000,28.90000
2024-07-17 05:00:00,28.89000,28.92000,28.61000,28.67000
2024-07-17 06:00:00,28.67000,28.84000,28.67000,28.70000
2024-07-17 07:00:00,28.65000,28.75,28.61000,28.68000
2024-07-17 08:00:00,28.67000,28.84000,28.32000,28.70000
2024-07-17 09:00:00,28.69000,28.93000,28.60000,28.85000
2024-07-17 10:00:00,28.84000,28.84000,28.44000,28.44000
2024-07-17 11:00:00,28.42000,28.42000,28.090000,28.14000
2024-07-17 12:00:00,28.10000,28.27000,28.070000,28.20000
2024-07-17 13:00:00,28.21000,28.62000,28.020000,28.52000
2024-07-17 14:00:00,28.54000,28.55000,28.12000,28.30000
2024-07-17 15:00:00,28.33000,28.46000,28.040001,28.059999
2024-07-17 16:00:00,28.010000,28.010000,27.45000,27.83000
2024-07-17 17:00:00,27.79000,27.93000,27.67000,27.80000
2024-07-17 18:00:00,27.79000,28,27.76000,27.95000
2024-07-17 19:00:00,27.95000,28.020000,27.89000,27.89000
2024-07-17 20:00:00,27.87000,27.95000,27.77000,27.77000
2024-07-17 21:00:00,27.73000,27.73000,27.55000,27.59000
2024-07-17 22:00:00,27.60000,27.62000,27.33000,27.34000
2024-07-17 23:00:00,27.33000,27.42000,27.22000,27.22000
2024-07-18 00:00:00,27.24000,27.64000,27.24000,27.59000
2024-07-18 01:00:00,27.58000,27.69000,27.55000,27.66000
2024-07-18 02:00:00,27.66000,27.74000,27.46000,27.59000
2024-07-18 03:00:00,27.60000,27.77000,27.58000,27.77000
2024-07-18 04:00:00,27.77000,27.77000,27.59000,27.61000
2024-07-18 05:00:00,27.61000,27.75,27.45000,27.66000
2024-07-18 06:00:00,27.66000,27.92000,27.59000,27.80000
2024-07-18 07:00:00,27.82000,27.83000,27.56000,27.56000
2024-07-18 08:00:00,27.58000,27.77000,27.47000,27.72000
2024-07-18 09:00:00,27.71000,27.72000,27.58000,27.64000
2024-07-18 10:00:00,27.60000,27.62000,27.35000,27.54000
2024-07-18 11:00:00,27.56000,27.56000,27.44000,27.54000
2024-07-18 12:00:00,27.54000,27.76000,27.54000,27.66000
2024-07-18 13:00:00,27.61000,27.74000,27.48000,27.57000
2024-07-18 14:00:00,27.59000,27.64000,27.030001,27.29000
2024-07-18 15:00:00,27.24000,27.30000,26.86000,26.89000
2024-07-18 16:00:00,26.89000,27.14000,26.63000,27.14000
2024-07-18 17:00:00,27.16000,27.21000,26.97000,26.97000
2024-07-18 18:00:00,26.97000,27.010000,26.81000,26.93000
2024-07-18 19:00:00,26.90000,26.97000,26.71000,26.87000
2024-07-18 20:00:00,26.83000,27.14000,26.80000,27.14000
2024-07-18 21:00:00,27.13000,27.15000,27.040001,27.15000
2024-07-18 22:00:00,27.13000,27.30000,27.090000,27.30000
2024-07-18 23:00:00,27.29000,27.31000,27.11000,27.13000
2024-07-19 00:00:00,27.13000,27.19000,27.040001,27.040001
2024-07-19 01:00:00,27.020000,27.030001,26.70000,27.010000
2024-07-19 02:00:00,27.020000,27.090000,26.90000,27
2024-07-19 03:00:00,26.98000,27.35000,26.98000,27.29000
2024-07-19 04:00:00,27.29000,27.33000,27.080000,27.090000
2024-07-19 05:00:00,27.080000,27.13000,26.97000,27.090000
2024-07-19 06:00:00,27.070000,27.49000,27.059999,27.26000
2024-07-19 07:00:00,27.30000,27.30000,26.79000,26.90000
2024-07-19 08:00:00,26.90000,27.010000,26.67000,26.89000
2024-07-19 09:00:00,26.85000,27.059999,26.72000,26.74000
2024-07-19 10:00:00,26.69000,26.90000,26.68000,26.81000
2024-07-19 11:00:00,26.81000,26.90000,26.75,26.85000
2024-07-19 12:00:00,26.87000,26.99000,26.79000,26.95000
2024-07-19 13:00:00,26.94000,27.30000,26.77000,27.25
2024-07-19 14:00:00,27.25,27.60000,27.23000,27.59000
2024-07-19 15:00:00,27.63000,27.69000,27.39000,27.63000
2024-07-19 16:00:00,27.66000,27.94000,27.66000,27.91000
2024-07-19 17:00:00,27.90000,28.13000,27.82000,28.059999
2024-07-19 18:00:00,28.090000,28.090000,27.88000,28.030001
2024-07-19 19:00:00,28.070000,28.37000,28.030001,28.32000
2024-07-19 20:00:00,28.37000,28.37000,28.14000,28.26000
2024-07-19 21:00:00,28.26000,28.39000,28.12000,28.12000
2024-07-19 22:00:00,28.16000,28.23000,28.080000,28.080000
2024-07-19 23:00:00,28.10000,28.22000,28.090000,28.17000
2024-07-20 00:00:00,28.18000,28.23000,27.97000,28.070000
2024-07-20 01:00:00,28.12000,28.24000,28.030001,28.090000
2024-07-20 02:00:00,28.10000,28.23000,28.020000,28.18000
2024-07-20 03:00:00,28.18000,28.31000,28.16000,28.25
2024-07-20 04:00:00,28.24000,28.45000,28.19000,28.45000
2024-07-20 05:00:00,28.48000,28.48000,28.23000,28.32000
2024-07-20 06:00:00,28.30000,28.40000,28.30000,28.30000
2024-07-20 07:00:00,28.27000,28.32000,28.16000,28.16000
2024-07-20 08:00:00,28.17000,28.24000,28.070000,28.13000
2024-07-20 09:00:00,28.12000,28.20000,28.059999,28.11000
2024-07-20 10:00:00,28.11000,28.17000,28.059999,28.15000
2024-07-20 11:00:00,28.14000,28.16000,28,28
2024-07-20 12:00:00,28,28.080000,27.95000,27.99000
2024-07-20 13:00:00,27.99000,28.040001,27.80000,28.010000
2024-07-20 14:00:00,28.020000,28.20000,28,28.13000
2024-07-20 15:00:00,28.15000,28.39000,28.15000,28.39000
2024-07-20 16:00:00,28.40000,28.46000,28.18000,28.26000
2024-07-20 17:00:00,28.28000,28.83000,28.23000,28.77000
2024-07-20 18:00:00,28.80000,28.98000,28.64000,28.98000
2024-07-20 19:00:00,28.99000,28.99000,28.62000,28.66000
2024-07-20 20:00:00,28.66000,28.89000,28.66000,28.89000
2024-07-20 21:00:00,28.94000,28.94000,28.67000,28.83000
2024-07-20 22:00:00,28.84000,29.13000,28.84000,29
2024-07-20 23:00:00,29.040001,29.17000,29,29.11000
2024-07-21 00:00:00,29.14000,29.21000,28.93000,28.99000
2024-07-21 01:00:00,28.98000,29.36000,28.91000,29.16000
2024-07-21 02:00:00,29.16000,29.43000,29.10000,29.26000
2024-07-21 03:00:00,29.30000,29.38000,29.20000,29.20000
2024-07-21 04:00:00,29.17000,29.21000,29.049999,29.059999
2024-07-21 05:00:00,29.040001,29.040001,28.83000,29
2024-07-21 06:00:00,29.020000,29.020000,28.69000,28.70000
2024-07-21 07:00:00,28.69000,28.87000,28.59000,28.75
2024-07-21 08:00:00,28.77000,29,28.77000,28.98000
2024-07-21 09:00:00,28.97000,29.24000,28.96000,29.21000
2024-07-21 10:00:00,29.19000,29.29000,29.16000,29.16000
2024-07-21 11:00:00,29.15000,29.51000,29.15000,29.28000
2024-07-21 12:00:00,29.30000,29.53000,29.20000,29.20000
2024-07-21 13:00:00,29.27000,29.52000,29.080000,29.18000
2024-07-21 14:00:00,29.21000,30.55000,29.070000,30.55000
2024-07-21 15:00:00,30.56000,30.98000,30.52000,30.98000
2024-07-21 16:00:00,31.090000,31.56000,31.040001,31.40000
2024-07-21 17:00:00,31.45000,31.5,30.71000,30.71000
2024-07-21 18:00:00,30.63000,31.010000,29.87000,30.70000
2024-07-21 19:00:00,30.64000,31.86000,30.62000,31.81000
2024-07-21 20:00:00,31.76000,32.61000,31.72000,32.24000
2024-07-21 21:00:00,32.39000,32.75,32.29000,32.75
2024-07-21 22:00:00,32.74000,32.97000,32.40000,32.68000
2024-07-21 23:00:00,32.69000,32.77000,32.53000,32.65000
2024-07-22 00:00:00,32.68000,32.92000,32.52000,32.54000
2024-07-22 01:00:00,32.51000,32.64000,32.29000,32.29000
2024-07-22 02:00:00,32.30000,32.48000,32.17000,32.47000
2024-07-22 03:00:00,32.5,32.53000,32.19000,32.23000
2024-07-22 04:00:00,32.24000,32.82000,32.24000,32.70000
2024-07-22 05:00:00,32.70000,32.70000,31.99000,32.21000
2024-07-22 06:00:00,32.14000,32.38000,31.99000,32.28000
2024-07-22 07:00:00,32.28000,32.28000,31.85000,31.94000
2024-07-22 08:00:00,31.89000,32.040001,31.75,31.75
2024-07-22 09:00:00,31.70000,32.19000,31.70000,32.19000
2024-07-22 10:00:00,32.19000,32.59000,32.090000,32.39000
2024-07-22 11:00:00,32.36000,32.41000,32.17000,32.22000
2024-07-22 12:00:00,32.18000,32.5,32.16000,32.32000
2024-07-22 13:00:00,32.28000,32.37000,31.56000,31.63000
2024-07-22 14:00:00,31.53000,31.88000,31.34000,31.47000
2024-07-22 15:00:00,31.47000,32.029999,31.45000,31.93000
2024-07-22 16:00:00,32,32.090000,31.80000,31.88000
2024-07-22 17:00:00,31.91000,32.14000,31.86000,32.099998
2024-07-22 18:00:00,32.080002,32.21000,31.90000,31.91000
2024-07-22 19:00:00,31.90000,32.33000,31.87000,32.33000
2024-07-22 20:00:00,32.38000,32.42000,32.15000,32.31000
2024-07-22 21:00:00,32.31000,32.31000,31.92000,32.020000
2024-07-22 22:00:00,32.020000,32.049999,31.80000,31.99000
2024-07-22 23:00:00,32,32,31.60000,31.89000
2024-07-23 00:00:00,31.86000,32.29000,31.86000,32.19000
2024-07-23 01:00:00,32.17000,32.17000,31.89000,31.99000
2024-07-23 02:00:00,32.020000,32.62000,31.85000,32.37000
2024-07-23 03:00:00,32.42000,32.44000,32.080002,32.11000
2024-07-23 04:00:00,32.099998,32.16000,31.49000,31.49000
2024-07-23 05:00:00,31.48000,31.51000,30.67000,30.94000
2024-07-23 06:00:00,30.89000,31.14000,30.83000,30.89000
2024-07-23 07:00:00,30.84000,30.94000,30.37000,30.37000
2024-07-23 08:00:00,30.38000,30.72000,30.17000,30.70000
2024-07-23 09:00:00,30.69000,30.81000,30.53000,30.57000
2024-07-23 10:00:00,30.57000,30.75,30.45000,30.51000
2024-07-23 11:00:00,30.42000,30.61000,30.22000,30.60000
2024-07-23 12:00:00,30.62000,30.62000,30.28000,30.40000
2024-07-23 13:00:00,30.43000,30.44000,29.91000,30.040001
2024-07-23 14:00:00,30.049999,30.76000,29.98000,30.71000
2024-07-23 15:00:00,30.72000,30.72000,30.15000,30.31000
2024-07-23 16:00:00,30.32000,30.37000,29.58000,29.58000
2024-07-23 17:00:00,29.66000,29.90000,29.48000,29.90000
2024-07-23 18:00:00,29.90000,30.059999,29.83000,29.86000
2024-07-23 19:00:00,29.84000,30.020000,29.80000,29.88000
2024-07-23 20:00:00,29.92000,30.12000,29.92000,30.070000
2024-07-23 21:00:00,30.040001,30.26000,29.90000,29.90000
2024-07-23 22:00:00,29.87000,29.97000,29.69000,29.97000
2024-07-23 23:00:00,29.90000,29.97000,29.73000,29.83000
2024-07-24 00:00:00,29.81000,29.94000,29.24000,29.27000
2024-07-24 01:00:00,29.34000,29.52000,28.85000,28.85000
2024-07-24 02:00:00,28.83000,28.89000,28.67000,28.74000
2024-07-24 03:00:00,28.79000,29.12000,28.64000,29.010000
2024-07-24 04:00:00,28.98000,28.99000,28.62000,28.62000
2024-07-24 05:00:00,28.60000,28.72000,28.40000,28.70000
2024-07-24 06:00:00,28.69000,28.94000,28.65000,28.87000
2024-07-24 07:00:00,28.84000,29.30000,28.82000,29.30000
2024-07-24 08:00:00,29.28000,30.049999,29.28000,30.049999
2024-07-24 09:00:00,30.13000,30.49000,29.95000,30.059999
2024-07-24 10:00:00,30.049999,30.44000,30.049999,30.33000
2024-07-24 11:00:00,30.33000,30.33000,30.13000,30.16000
2024-07-24 12:00:00,30.17000,30.24000,29.91000,29.92000
2024-07-24 13:00:00,29.91000,30.26000,29.88000,29.88000
2024-07-24 14:00:00,29.87000,30.21000,29.80000,29.98000
2024-07-24 15:00:00,30,30.049999,29.21000,29.21000
2024-07-24 16:00:00,29.19000,29.24000,28.99000,29.14000
2024-07-24 17:00:00,29.13000,29.48000,29.020000,29.20000
2024-07-24 18:00:00,29.15000,29.20000,28.76000,28.76000
2024-07-24 19:00:00,28.82000,29.070000,28.70000,28.84000
2024-07-24 20:00:00,28.83000,29.010000,28.83000,28.99000
2024-07-24 21:00:00,28.97000,28.99000,28.49000,28.79000
2024-07-24 22:00:00,28.75,28.77000,28.53000,28.56000
2024-07-24 23:00:00,28.51000,28.51000,28.28000,28.37000
2024-07-25 00:00:00,28.34000,28.59000,28.31000,28.45000
2024-07-25 01:00:00,28.41000,28.43000,27.35000,27.78000
2024-07-25 02:00:00,27.73000,27.73000,27.15000,27.5
2024-07-25 03:00:00,27.47000,27.5,27.34000,27.39000
2024-07-25 04:00:00,27.35000,27.57000,27.24000,27.56000
2024-07-25 05:00:00,27.55000,27.72000,27.31000,27.41000
2024-07-25 06:00:00,27.41000,27.57000,27.30000,27.52000
2024-07-25 07:00:00,27.52000,27.56000,27.31000,27.31000
2024-07-25 08:00:00,27.28000,27.46000,27.19000,27.44000
2024-07-25 09:00:00,27.43000,27.52000,27.36000,27.39000
2024-07-25 10:00:00,27.39000,27.39000,27.10000,27.26000
2024-07-25 11:00:00,27.25,27.39000,27.22000,27.34000
2024-07-25 12:00:00,27.33000,27.41000,26.94000,27.020000
2024-07-25 13:00:00,26.97000,27.18000,26.87000,26.92000
2024-07-25 14:00:00,26.98000,27.43000,26.68000,27.40000
2024-07-25 15:00:00,27.38000,27.42000,26.90000,27.020000
2024-07-25 16:00:00,27.010000,27.29000,26.80000,27.070000
2024-07-25 17:00:00,27.059999,27.24000,27.040001,27.18000
2024-07-25 18:00:00,27.17000,27.21000,26.44000,26.57000
2024-07-25 19:00:00,26.55000,26.75,26.30000,26.75
2024-07-25 20:00:00,26.76000,27.010000,26.37000,27.010000
2024-07-25 21:00:00,27.12000,27.49000,27.049999,27.41000
2024-07-25 22:00:00,27.43000,27.61000,27.22000,27.24000
2024-07-25 23:00:00,27.18000,27.29000,27.18000,27.24000
2024-07-26 00:00:00,27.21000,27.41000,27.18000,27.40000
2024-07-26 01:00:00,27.36000,27.49000,27.22000,27.28000
2024-07-26 02:00:00,27.29000,27.76000,27.26000,27.73000
2024-07-26 03:00:00,27.72000,28.049999,27.69000,27.73000
2024-07-26 04:00:00,27.74000,27.93000,27.71000,27.90000
2024-07-26 05:00:00,27.91000,28.20000,27.82000,28.10000
2024-07-26 06:00:00,28.090000,28.24000,28.040001,28.21000
2024-07-26 07:00:00,28.19000,28.27000,27.99000,28
2024-07-26 08:00:00,28,28.22000,28,28.22000
2024-07-26 09:00:00,28.21000,28.37000,28.14000,28.14000
2024-07-26 10:00:00,28.15000,28.19000,27.84000,27.89000
2024-07-26 11:00:00,27.89000,28,27.82000,27.96000
2024-07-26 12:00:00,27.97000,27.99000,27.75,27.83000
2024-07-26 13:00:00,27.85000,28.23000,27.64000,28.23000
2024-07-26 14:00:00,28.22000,28.29000,27.76000,27.95000
2024-07-26 15:00:00,27.93000,28.56000,27.93000,28.56000
2024-07-26 16:00:00,28.61000,28.81000,28.49000,28.60000
2024-07-26 17:00:00,28.59000,28.62000,28.36000,28.44000
2024-07-26 18:00:00,28.44000,28.57000,28.39000,28.51000
2024-07-26 19:00:00,28.53000,28.73000,28.53000,28.58000
2024-07-26 20:00:00,28.61000,28.61000,28.32000,28.36000
2024-07-26 21:00:00,28.37000,28.65000,28.34000,28.54000
2024-07-26 22:00:00,28.55000,28.65000,28.45000,28.53000
2024-07-26 23:00:00,28.53000,28.87000,28.5,28.74000
2024-07-27 00:00:00,28.73000,28.79000,28.58000,28.66000
2024-07-27 01:00:00,28.66000,28.69000,28.56000,28.57000
2024-07-27 02:00:00,28.57000,28.85000,28.51000,28.85000
2024-07-27 03:00:00,28.85000,28.85000,28.57000,28.61000
2024-07-27 04:00:00,28.61000,28.68000,28.53000,28.62000
2024-07-27 05:00:00,28.62000,28.68000,28.45000,28.45000
2024-07-27 06:00:00,28.45000,28.69000,28.45000,28.65000
2024-07-27 07:00:00,28.65000,28.84000,28.58000,28.65000
2024-07-27 08:00:00,28.66000,28.75,28.47000,28.58000
2024-07-27 09:00:00,28.57000,28.72000,28.5,28.68000
2024-07-27 10:00:00,28.69000,28.70000,28.51000,28.62000
2024-07-27 11:00:00,28.63000,28.72000,28.56000,28.72000
2024-07-27 12:00:00,28.73000,29.010000,28.73000,28.93000
2024-07-27 13:00:00,28.95000,29.40000,28.93000,29.38000
2024-07-27 14:00:00,29.44000,29.5,29.11000,29.28000
2024-07-27 15:00:00,29.31000,29.41000,28.72000,28.83000
2024-07-27 16:00:00,28.86000,28.97000,28.54000,28.60000
2024-07-27 17:00:00,28.60000,28.73000,28.41000,28.44000
2024-07-27 18:00:00,28.41000,28.62000,28.29000,28.36000
2024-07-27 19:00:00,28.31000,28.31000,28.040001,28.23000
2024-07-27 20:00:00,28.19000,28.21000,27.66000,28.14000
2024-07-27 21:00:00,28.10000,28.61000,28.049999,28.45000
2024-07-27 22:00:00,28.47000,28.49000,28.29000,28.37000
2024-07-27 23:00:00,28.34000,28.36000,28.030001,28.030001
2024-07-28 00:00:00,28.020000,28.059999,27.80000,28.010000
2024-07-28 01:00:00,28.030001,28.17000,28.020000,28.040001
2024-07-28 02:00:00,28.040001,28.070000,27.97000,28
2024-07-28 03:00:00,28.010000,28.010000,27.76000,27.76000
2024-07-28 04:00:00,27.76000,27.77000,27.42000,27.42000
2024-07-28 05:00:00,27.42000,27.59000,27.29000,27.58000
2024-07-28 06:00:00,27.57000,27.72000,27.57000,27.67000
2024-07-28 07:00:00,27.65000,27.80000,27.61000,27.78000
2024-07-28 08:00:00,27.79000,27.79000,27.58000,27.66000
2024-07-28 09:00:00,27.65000,27.72000,27.51000,27.65000
2024-07-28 10:00:00,27.63000,27.72000,27.60000,27.67000
2024-07-28 11:00:00,27.66000,27.81000,27.64000,27.65000
2024-07-28 12:00:00,27.55000,27.64000,27.46000,27.57000
2024-07-28 13:00:00,27.53000,27.64000,27.49000,27.61000
2024-07-28 14:00:00,27.61000,27.61000,27.39000,27.43000
2024-07-28 15:00:00,27.42000,27.45000,27.24000,27.26000
2024-07-28 16:00:00,27.25,27.44000,27.25,27.33000
2024-07-28 17:00:00,27.33000,27.48000,27.31000,27.46000
2024-07-28 18:00:00,27.47000,27.63000,27.39000,27.55000
2024-07-28 19:00:00,27.54000,27.69000,27.5,27.54000
2024-07-28 20:00:00,27.53000,27.55000,27.43000,27.45000
2024-07-28 21:00:00,27.45000,27.45000,27.19000,27.33000
2024-07-28 22:00:00,27.30000,27.36000,27.14000,27.25
2024-07-28 23:00:00,27.24000,27.41000,27.24000,27.40000
2024-07-29 00:00:00,27.37000,27.77000,27.32000,27.62000
2024-07-29 01:00:00,27.65000,27.80000,27.59000,27.60000
2024-07-29 02:00:00,27.57000,28.31000,27.55000,28.29000
2024-07-29 03:00:00,28.29000,28.43000,28.18000,28.22000
2024-07-29 04:00:00,28.26000,28.35000,28.11000,28.21000
2024-07-29 05:00:00,28.22000,28.53000,28.21000,28.53000
2024-07-29 06:00:00,28.55000,28.82000,28.47000,28.68000
2024-07-29 07:00:00,28.70000,28.80000,28.62000,28.70000
2024-07-29 08:00:00,28.69000,28.81000,28.59000,28.59000
2024-07-29 09:00:00,28.60000,28.78000,28.58000,28.73000
2024-07-29 10:00:00,28.79000,28.83000,28.62000,28.70000
2024-07-29 11:00:00,28.70000,28.76000,28.57000,28.57000
2024-07-29 12:00:00,28.58000,28.74000,28.5,28.67000
2024-07-29 13:00:00,28.67000,28.72000,28.37000,28.37000
2024-07-29 14:00:00,28.43000,28.43000,27.68000,27.77000
2024-07-29 15:00:00,27.70000,27.81000,27.38000,27.56000
2024-07-29 16:00:00,27.54000,27.56000,27.16000,27.27000
2024-07-29 17:00:00,27.29000,27.55000,27.26000,27.35000
2024-07-29 18:00:00,27.30000,27.52000,27.30000,27.47000
2024-07-29 19:00:00,27.48000,27.52000,27.41000,27.46000
2024-07-29 20:00:00,27.44000,27.48000,27.36000,27.43000
2024-07-29 21:00:00,27.40000,27.41000,27.24000,27.37000
2024-07-29 22:00:00,27.35000,27.51000,27.23000,27.27000
2024-07-29 23:00:00,27.29000,27.29000,26.99000,26.99000
2024-07-30 00:00:00,27.049999,27.20000,26.76000,27.20000
2024-07-30 01:00:00,27.16000,27.30000,26.84000,26.90000
2024-07-30 02:00:00,26.91000,27.049999,26.84000,27.020000
2024-07-30 03:00:00,27.010000,27.21000,27,27.17000
2024-07-30 04:00:00,27.14000,27.27000,27.11000,27.16000
2024-07-30 05:00:00,27.24000,27.24000,27.059999,27.10000
2024-07-30 06:00:00,27.11000,27.23000,27.090000,27.18000
2024-07-30 07:00:00,27.18000,27.30000,27.16000,27.23000
2024-07-30 08:00:00,27.20000,27.28000,27.090000,27.10000
2024-07-30 09:00:00,27.090000,27.17000,27,27.059999
2024-07-30 10:00:00,27.049999,27.090000,26.84000,27.010000
2024-07-30 11:00:00,26.98000,27.059999,26.92000,27.010000
2024-07-30 12:00:00,27,27.040001,26.80000,26.88000
2024-07-30 13:00:00,26.88000,27.040001,26.67000,26.67000
2024-07-30 14:00:00,26.64000,26.82000,26.54000,26.54000
2024-07-30 15:00:00,26.44000,26.76000,26.44000,26.71000
2024-07-30 16:00:00,26.68000,26.90000,26.65000,26.74000
2024-07-30 17:00:00,26.74000,26.74000,26.51000,26.59000
2024-07-30 18:00:00,26.59000,26.69000,26.49000,26.59000
2024-07-30 19:00:00,26.59000,26.59000,26.30000,26.43000
2024-07-30 20:00:00,26.42000,26.55000,26.080000,26.53000
2024-07-30 21:00:00,26.49000,26.5,26.26000,26.38000
2024-07-30 22:00:00,26.39000,26.41000,26.29000,26.40000
2024-07-30 23:00:00,26.41000,26.47000,26.31000,26.33000
2024-07-31 00:00:00,26.33000,26.47000,26.20000,26.47000
2024-07-31 01:00:00,26.49000,26.54000,26.36000,26.51000
2024-07-31 02:00:00,26.5,26.62000,26.41000,26.45000
2024-07-31 03:00:00,26.41000,26.54000,26.39000,26.54000
2024-07-31 04:00:00,26.54000,26.55000,25.87000,25.99000
2024-07-31 05:00:00,25.99000,26.35000,25.83000,26.30000
2024-07-31 06:00:00,26.31000,26.49000,26.29000,26.44000
2024-07-31 07:00:00,26.43000,26.44000,26.30000,26.31000
2024-07-31 08:00:00,26.30000,26.31000,26.13000,26.20000
2024-07-31 09:00:00,26.18000,26.25,26.059999,26.13000
2024-07-31 10:00:00,26.11000,26.16000,26.070000,26.090000
2024-07-31 11:00:00,26.090000,26.25,26.070000,26.21000
2024-07-31 12:00:00,26.23000,26.38000,26.22000,26.29000
2024-07-31 13:00:00,26.30000,26.85000,26.29000,26.68000
2024-07-31 14:00:00,26.67000,26.83000,26.46000,26.58000
2024-07-31 15:00:00,26.60000,26.75,26.51000,26.58000
2024-07-31 16:00:00,26.58000,26.80000,26.53000,26.56000
2024-07-31 17:00:00,26.54000,26.83000,26.53000,26.68000
2024-07-31 18:00:00,26.69000,26.79000,26.44000,26.76000
2024-07-31 19:00:00,26.78000,26.84000,25.88000,26.010000
2024-07-31 20:00:00,25.95000,26.040001,25.54000,25.61000
2024-07-31 21:00:00,25.58000,25.83000,25.45000,25.82000
2024-07-31 22:00:00,25.78000,25.90000,25.61000,25.88000
2024-07-31 23:00:00,25.89000,25.90000,25.68000,25.72000
2024-08-01 00:00:00,25.73000,25.90000,25.71000,25.88000
2024-08-01 01:00:00,25.88000,25.90000,25.57000,25.76000
2024-08-01 02:00:00,25.76000,25.76000,25.42000,25.56000
2024-08-01 03:00:00,25.5,25.55000,25.35000,25.41000
2024-08-01 04:00:00,25.41000,25.49000,25.020000,25.070000
2024-08-01 05:00:00,25.10000,25.45000,24.96000,25.43000
2024-08-01 06:00:00,25.42000,25.49000,25.27000,25.27000
2024-08-01 07:00:00,25.26000,25.43000,25.26000,25.34000
2024-08-01 08:00:00,25.32000,25.43000,25.29000,25.42000
2024-08-01 09:00:00,25.44000,25.51000,25.35000,25.35000
2024-08-01 10:00:00,25.35000,25.37000,25.26000,25.37000
2024-08-01 11:00:00,25.36000,25.39000,25.23000,25.39000
2024-08-01 12:00:00,25.39000,25.70000,25.39000,25.65000
2024-08-01 13:00:00,25.69000,25.69000,25.38000,25.48000
2024-08-01 14:00:00,25.48000,25.54000,24.99000,24.99000
2024-08-01 15:00:00,24.79000,24.88000,24.51000,24.64000
2024-08-01 16:00:00,24.61000,24.64000,24.19000,24.52000
2024-08-01 17:00:00,24.53000,24.61000,24.37000,24.61000
2024-08-01 18:00:00,24.56000,24.56000,24.10000,24.33000
2024-08-01 19:00:00,24.35000,24.88000,24.35000,24.82000
2024-08-01 20:00:00,24.79000,25.25,24.70000,25.23000
2024-08-01 21:00:00,25.29000,25.65000,25.28000,25.49000
2024-08-01 22:00:00,25.47000,25.78000,25.47000,25.63000
2024-08-01 23:00:00,25.65000,25.76000,25.55000,25.72000
2024-08-02 00:00:00,25.76000,25.89000,25.58000,25.58000
2024-08-02 01:00:00,25.57000,25.60000,25.38000,25.47000
2024-08-02 02:00:00,25.51000,25.56000,25.090000,25.26000
2024-08-02 03:00:00,25.27000,25.41000,25.21000,25.35000
2024-08-02 04:00:00,25.37000,25.41000,25.23000,25.32000
2024-08-02 05:00:00,25.31000,25.31000,24.97000,25
2024-08-02 06:00:00,24.99000,25.020000,24.63000,24.92000
2024-08-02 07:00:00,24.95000,25.090000,24.73000,25.030001
2024-08-02 08:00:00,25,25.18000,24.78000,25.18000
2024-08-02 09:00:00,25.20000,25.26000,25.059999,25.10000
2024-08-02 10:00:00,25.10000,25.12000,24.91000,25.059999
2024-08-02 11:00:00,25.059999,25.13000,24.95000,24.99000
2024-08-02 12:00:00,24.97000,25.049999,24.68000,24.95000
2024-08-02 13:00:00,24.95000,25.30000,24.80000,25.17000
2024-08-02 14:00:00,25.18000,25.18000,23.92000,23.97000
2024-08-02 15:00:00,23.92000,24.20000,23.53000,24.16000
2024-08-02 16:00:00,24.13000,24.20000,23.98000,24.11000
2024-08-02 17:00:00,24.12000,24.27000,24.040001,24.059999
2024-08-02 18:00:00,24.030001,24.090000,23.89000,23.93000
2024-08-02 19:00:00,23.93000,24.020000,23.74000,23.84000
2024-08-02 20:00:00,23.82000,23.99000,23.61000,23.82000
2024-08-02 21:00:00,23.80000,23.80000,23.39000,23.75
2024-08-02 22:00:00,23.67000,23.78000,23.54000,23.58000
2024-08-02 23:00:00,23.64000,23.65000,23.47000,23.62000
2024-08-03 00:00:00,23.61000,23.74000,23.38000,23.49000
2024-08-03 01:00:00,23.48000,23.59000,23.030001,23.58000
2024-08-03 02:00:00,23.57000,23.72000,23.43000,23.5
2024-08-03 03:00:00,23.49000,23.71000,23.46000,23.71000
2024-08-03 04:00:00,23.72000,23.73000,23.62000,23.70000
2024-08-03 05:00:00,23.71000,23.78000,23.64000,23.73000
2024-08-03 06:00:00,23.71000,23.83000,23.71000,23.78000
2024-08-03 07:00:00,23.79000,23.84000,23.70000,23.73000
2024-08-03 08:00:00,23.70000,23.71000,23.52000,23.62000
2024-08-03 09:00:00,23.62000,23.70000,23.5,23.68000
2024-08-03 10:00:00,23.68000,23.94000,23.60000,23.89000
2024-08-03 11:00:00,23.91000,23.99000,23.88000,23.92000
2024-08-03 12:00:00,23.94000,24.070000,23.87000,23.91000
2024-08-03 13:00:00,23.93000,24.059999,23.87000,23.98000
2024-08-03 14:00:00,23.99000,24.10000,23.86000,23.87000
2024-08-03 15:00:00,23.87000,23.89000,23.35000,23.37000
2024-08-03 16:00:00,23.37000,23.37000,22.92000,23.059999
2024-08-03 17:00:00,23.070000,23.070000,22.51000,22.55000
2024-08-03 18:00:00,22.5,22.74000,22.43000,22.59000
2024-08-03 19:00:00,22.62000,22.70000,22.46000,22.51000
2024-08-03 20:00:00,22.46000,22.71000,22.40000,22.46000
2024-08-03 21:00:00,22.30000,22.64000,22.20000,22.62000
2024-08-03 22:00:00,22.62000,22.71000,22.51000,22.65000
2024-08-03 23:00:00,22.61000,22.81000,22.57000,22.67000
2024-08-04 00:00:00,22.67000,22.74000,22.54000,22.73000
2024-08-04 01:00:00,22.75,22.75,22.49000,22.72000
2024-08-04 02:00:00,22.69000,22.94000,22.68000,22.82000
2024-08-04 03:00:00,22.83000,22.84000,22.75,22.82000
2024-08-04 04:00:00,22.83000,22.87000,22.73000,22.74000
2024-08-04 05:00:00,22.74000,22.90000,22.71000,22.81000
2024-08-04 06:00:00,22.82000,22.85000,22.77000,22.84000
2024-08-04 07:00:00,22.85000,22.89000,22.58000,22.59000
2024-08-04 08:00:00,22.49000,22.74000,22.34000,22.62000
2024-08-04 09:00:00,22.62000,22.68000,22.53000,22.54000
2024-08-04 10:00:00,22.54000,22.63000,22.40000,22.60000
2024-08-04 11:00:00,22.61000,22.64000,22.48000,22.54000
2024-08-04 12:00:00,22.53000,22.63000,22.45000,22.59000
2024-08-04 13:00:00,22.58000,22.62000,22.5,22.51000
2024-08-04 14:00:00,22.51000,22.53000,21.85000,21.86000
2024-08-04 15:00:00,21.85000,21.92000,21.59000,21.59000
2024-08-04 16:00:00,21.62000,21.73000,21.23000,21.27000
2024-08-04 17:00:00,21.24000,21.25,20.66000,20.92000
2024-08-04 18:00:00,20.88000,21.48000,20.82000,21.46000
2024-08-04 19:00:00,21.47000,21.99000,21.27000,21.83000
2024-08-04 20:00:00,21.85000,22.070000,21.63000,21.77000
2024-08-04 21:00:00,21.77000,21.77000,21.58000,21.65000
2024-08-04 22:00:00,21.64000,21.87000,21.56000,21.59000
2024-08-04 23:00:00,21.59000,21.59000,21.21000,21.25
2024-08-05 00:00:00,21.27000,21.34000,20.14000,20.29000
2024-08-05 01:00:00,20.31000,20.32000,18.60000,18.88000
2024-08-05 02:00:00,18.99000,19.040001,18.65000,18.97000
2024-08-05 03:00:00,18.96000,18.96000,18.57000,18.67000
2024-08-05 04:00:00,18.65000,19.12000,18.65000,18.94000
2024-08-05 05:00:00,18.97000,19.28000,18.47000,18.88000
2024-08-05 06:00:00,18.94000,18.94000,17.31000,18.27000
2024-08-05 07:00:00,18.18000,19.20000,18.16000,19.049999
2024-08-05 08:00:00,18.98000,19.070000,18.63000,18.75
2024-08-05 09:00:00,18.79000,18.87000,18.45000,18.70000
2024-08-05 10:00:00,18.66000,18.71000,18.13000,18.20000
2024-08-05 11:00:00,18.19000,18.25,17.57000,18.25
2024-08-05 12:00:00,18.21000,18.41000,17.72000,17.72000
2024-08-05 13:00:00,17.67000,18.93000,17.48000,18.86000
2024-08-05 14:00:00,19,19.60000,19,19.41000
2024-08-05 15:00:00,19.47000,19.77000,19.28000,19.72000
2024-08-05 16:00:00,19.70000,20.21000,19.65000,19.73000
2024-08-05 17:00:00,19.77000,20.059999,19.63000,19.93000
2024-08-05 18:00:00,19.91000,19.94000,19.33000,19.33000
2024-08-05 19:00:00,19.34000,19.53000,19.17000,19.38000
2024-08-05 20:00:00,19.40000,19.74000,19.40000,19.65000
2024-08-05 21:00:00,19.67000,19.98000,19.57000,19.61000
2024-08-05 22:00:00,19.62000,19.90000,19.60000,19.77000
2024-08-05 23:00:00,19.79000,19.93000,19.52000,19.52000
2024-08-06 00:00:00,19.53000,20.49000,19.53000,20.48000
2024-08-06 01:00:00,20.47000,20.84000,20.47000,20.62000
2024-08-06 02:00:00,20.61000,20.68000,20.36000,20.53000
2024-08-06 03:00:00,20.51000,20.54000,20.37000,20.42000
2024-08-06 04:00:00,20.42000,20.64000,20.29000,20.57000
2024-08-06 05:00:00,20.62000,20.80000,20.53000,20.75
2024-08-06 06:00:00,20.72000,20.95000,20.64000,20.93000
2024-08-06 07:00:00,20.92000,21.049999,20.78000,21.030001
2024-08-06 08:00:00,21.020000,21.040001,20.41000,20.57000
2024-08-06 09:00:00,20.51000,20.52000,20.36000,20.49000
2024-08-06 10:00:00,20.53000,20.54000,20.30000,20.45000
2024-08-06 11:00:00,20.45000,20.53000,20.35000,20.48000
2024-08-06 12:00:00,20.44000,20.55000,20.25,20.29000
2024-08-06 13:00:00,20.28000,20.38000,20.070000,20.33000
2024-08-06 14:00:00,20.31000,21.21000,20.31000,21.010000
2024-08-06 15:00:00,21.040001,21.22000,20.80000,21.13000
2024-08-06 16:00:00,21.18000,21.39000,21.040001,21.27000
2024-08-06 17:00:00,21.24000,21.38000,21.16000,21.16000
2024-08-06 18:00:00,21.14000,21.44000,21.14000,21.22000
2024-08-06 19:00:00,21.17000,21.33000,21.12000,21.16000
2024-08-06 20:00:00,21.17000,21.20000,20.92000,21.070000
2024-08-06 21:00:00,21.059999,21.17000,20.98000,21.14000
2024-08-06 22:00:00,21.13000,21.36000,20.93000,21.059999
2024-08-06 23:00:00,21.070000,21.12000,20.79000,20.89000
2024-08-07 00:00:00,20.87000,21.020000,20.70000,20.88000
2024-08-07 01:00:00,20.86000,21.15000,20.60000,21.15000
2024-08-07 02:00:00,21.13000,21.43000,20.91000,21
2024-08-07 03:00:00,21.030001,21.26000,21.030001,21.22000
2024-08-07 04:00:00,21.21000,21.55000,21.21000,21.45000
2024-08-07 05:00:00,21.44000,21.69000,21.40000,21.40000
2024-08-07 06:00:00,21.40000,21.51000,21.26000,21.27000
2024-08-07 07:00:00,21.25,21.34000,21.090000,21.24000
2024-08-07 08:00:00,21.23000,21.39000,21.15000,21.27000
2024-08-07 09:00:00,21.27000,21.46000,21.20000,21.30000
2024-08-07 10:00:00,21.30000,21.52000,21.20000,21.21000
2024-08-07 11:00:00,21.24000,21.24000,20.92000,20.94000
2024-08-07 12:00:00,20.95000,21.10000,20.87000,21.059999
2024-08-07 13:00:00,21.049999,21.13000,20.84000,20.90000
2024-08-07 14:00:00,20.93000,20.98000,20.11000,20.37000
2024-08-07 15:00:00,20.41000,20.49000,20.24000,20.40000
2024-08-07 16:00:00,20.38000,20.45000,20.26000,20.39000
2024-08-07 17:00:00,20.42000,20.44000,20.13000,20.27000
2024-08-07 18:00:00,20.26000,20.30000,19.85000,19.88000
2024-08-07 19:00:00,19.89000,20.059999,19.86000,20.010000
2024-08-07 20:00:00,19.96000,20.13000,19.73000,19.95000
2024-08-07 21:00:00,19.98000,20.11000,19.86000,20.080000
2024-08-07 22:00:00,20.049999,20.059999,19.73000,20
2024-08-07 23:00:00,19.99000,20.030001,19.79000,19.81000
2024-08-08 00:00:00,19.86000,19.95000,19.54000,19.82000
2024-08-08 01:00:00,19.85000,20.53000,19.85000,20.53000
2024-08-08 02:00:00,20.57000,20.92000,20.57000,20.86000
2024-08-08 03:00:00,20.86000,20.90000,20.67000,20.67000
2024-08-08 04:00:00,20.68000,20.85000,20.63000,20.64000
2024-08-08 05:00:00,20.63000,20.82000,20.61000,20.78000
2024-08-08 06:00:00,20.78000,20.85000,20.66000,20.72000
2024-08-08 07:00:00,20.74000,20.78000,20.59000,20.59000
2024-08-08 08:00:00,20.57000,20.63000,20.5,20.57000
2024-08-08 09:00:00,20.58000,20.70000,20.51000,20.60000
2024-08-08 10:00:00,20.61000,20.64000,20.49000,20.60000
2024-08-08 11:00:00,20.60000,20.67000,20.53000,20.57000
2024-08-08 12:00:00,20.55000,21.13000,20.48000,20.79000
2024-08-08 13:00:00,20.83000,20.97000,20.48000,20.59000
2024-08-08 14:00:00,20.60000,21.38000,20.60000,21.38000
2024-08-08 15:00:00,21.38000,21.93000,21.30000,21.93000
2024-08-08 16:00:00,21.95000,22.20000,21.94000,22
2024-08-08 17:00:00,22,22.070000,21.81000,21.81000
2024-08-08 18:00:00,21.80000,21.86000,21.72000,21.77000
2024-08-08 19:00:00,21.75,21.76000,21.63000,21.63000
2024-08-08 20:00:00,21.69000,21.86000,21.67000,21.78000
2024-08-08 21:00:00,21.77000,22.22000,21.77000,22.22000
2024-08-08 22:00:00,22.18000,22.69000,22.070000,22.67000
2024-08-08 23:00:00,22.71000,22.79000,22.60000,22.73000
2024-08-09 00:00:00,22.73000,22.77000,22.57000,22.67000
2024-08-09 01:00:00,22.65000,22.67000,22.41000,22.43000
2024-08-09 02:00:00,22.43000,22.44000,22.33000,22.34000
2024-08-09 03:00:00,22.33000,22.40000,22.20000,22.20000
2024-08-09 04:00:00,22.18000,22.18000,21.72000,21.72000
2024-08-09 05:00:00,21.70000,21.85000,21.64000,21.78000
2024-08-09 06:00:00,21.77000,21.89000,21.72000,21.83000
2024-08-09 07:00:00,21.84000,21.99000,21.78000,21.82000
2024-08-09 08:00:00,21.83000,21.87000,21.67000,21.85000
2024-08-09 09:00:00,21.85000,21.93000,21.67000,21.68000
2024-08-09 10:00:00,21.69000,21.73000,21.51000,21.66000
2024-08-09 11:00:00,21.64000,21.75,21.60000,21.74000
2024-08-09 12:00:00,21.74000,21.78000,21.59000,21.72000
2024-08-09 13:00:00,21.71000,21.77000,21.42000,21.66000
2024-08-09 14:00:00,21.66000,21.95000,21.31000,21.58000
2024-08-09 15:00:00,21.60000,21.66000,21.36000,21.36000
2024-08-09 16:00:00,21.39000,21.58000,21.38000,21.55000
2024-08-09 17:00:00,21.54000,21.67000,21.5,21.5
2024-08-09 18:00:00,21.51000,21.56000,21.38000,21.42000
2024-08-09 19:00:00,21.40000,21.52000,21.37000,21.49000
2024-08-09 20:00:00,21.49000,21.66000,21.46000,21.60000
2024-08-09 21:00:00,21.57000,21.70000,21.41000,21.70000
2024-08-09 22:00:00,21.72000,21.81000,21.55000,21.69000
2024-08-09 23:00:00,21.71000,21.79000,21.58000,21.76000
2024-08-10 00:00:00,21.75,21.97000,21.59000,21.60000
2024-08-10 01:00:00,21.61000,21.80000,21.58000,21.61000
2024-08-10 02:00:00,21.59000,21.74000,21.59000,21.66000
2024-08-10 03:00:00,21.65000,21.65000,21.51000,21.59000
2024-08-10 04:00:00,21.58000,21.59000,21.43000,21.51000
2024-08-10 05:00:00,21.51000,21.55000,21.41000,21.5
2024-08-10 06:00:00,21.5,21.64000,21.46000,21.61000
2024-08-10 07:00:00,21.61000,21.68000,21.58000,21.67000
2024-08-10 08:00:00,21.68000,21.70000,21.56000,21.61000
2024-08-10 09:00:00,21.61000,21.76000,21.59000,21.70000
2024-08-10 10:00:00,21.69000,21.75,21.63000,21.71000
2024-08-10 11:00:00,21.73000,21.80000,21.69000,21.79000
2024-08-10 12:00:00,21.79000,21.82000,21.71000,21.72000
2024-08-10 13:00:00,21.71000,21.72000,21.56000,21.56000
2024-08-10 14:00:00,21.56000,21.65000,21.56000,21.62000
2024-08-10 15:00:00,21.62000,21.88000,21.62000,21.73000
2024-08-10 16:00:00,21.69000,21.81000,21.66000,21.72000
2024-08-10 17:00:00,21.73000,21.76000,21.63000,21.74000
2024-08-10 18:00:00,21.74000,21.77000,21.64000,21.65000
2024-08-10 19:00:00,21.63000,21.70000,21.61000,21.63000
2024-08-10 20:00:00,21.63000,21.70000,21.60000,21.69000
2024-08-10 21:00:00,21.68000,21.76000,21.68000,21.71000
2024-08-10 22:00:00,21.70000,21.71000,21.61000,21.63000
2024-08-10 23:00:00,21.62000,21.62000,21.53000,21.60000
2024-08-11 00:00:00,21.58000,21.69000,21.55000,21.65000
2024-08-11 01:00:00,21.65000,21.68000,21.56000,21.67000
2024-08-11 02:00:00,21.66000,21.74000,21.64000,21.68000
2024-08-11 03:00:00,21.68000,22.16000,21.68000,21.99000
2024-08-11 04:00:00,22.059999,22.070000,21.92000,22.030001
2024-08-11 05:00:00,21.97000,21.97000,21.84000,21.92000
2024-08-11 06:00:00,21.91000,22.11000,21.90000,22.070000
2024-08-11 07:00:00,22.080000,22.14000,22.049999,22.080000
2024-08-11 08:00:00,22.070000,22.22000,22.040001,22.12000
2024-08-11 09:00:00,22.13000,22.32000,22.040001,22.090000
2024-08-11 10:00:00,22.10000,22.22000,22.020000,22.040001
2024-08-11 11:00:00,22.049999,22.049999,21.71000,21.79000
2024-08-11 12:00:00,21.78000,21.78000,21.49000,21.61000
2024-08-11 13:00:00,21.59000,21.59000,21.44000,21.52000
2024-08-11 14:00:00,21.53000,21.63000,21.25,21.36000
2024-08-11 15:00:00,21.31000,21.39000,21.20000,21.30000
2024-08-11 16:00:00,21.10000,21.24000,21.10000,21.19000
2024-08-11 17:00:00,21.20000,21.29000,21.13000,21.25
2024-08-11 18:00:00,21.26000,21.26000,21.15000,21.17000
2024-08-11 19:00:00,21.17000,21.17000,20.85000,20.85000
2024-08-11 20:00:00,20.84000,20.84000,20.47000,20.56000
2024-08-11 21:00:00,20.55000,20.66000,20.42000,20.65000
2024-08-11 22:00:00,20.64000,20.73000,20.42000,20.57000
2024-08-11 23:00:00,20.55000,20.55000,20.40000,20.40000
2024-08-12 00:00:00,20.40000,20.62000,20.32000,20.53000
2024-08-12 01:00:00,20.53000,20.67000,20.47000,20.64000
2024-08-12 02:00:00,20.64000,20.72000,20.58000,20.72000
2024-08-12 03:00:00,20.69000,20.76000,20.59000,20.69000
2024-08-12 04:00:00,20.69000,20.78000,20.61000,20.64000
2024-08-12 05:00:00,20.64000,20.73000,20.64000,20.71000
2024-08-12 06:00:00,20.72000,20.74000,20.60000,20.66000
2024-08-12 07:00:00,20.66000,21.11000,20.48000,21.049999
2024-08-12 08:00:00,21.10000,21.35000,20.92000,20.96000
2024-08-12 09:00:00,21,21.13000,20.98000,21.030001
2024-08-12 10:00:00,21.040001,21.24000,20.93000,21.24000
2024-08-12 11:00:00,21.25,21.56000,21.19000,21.54000
2024-08-12 12:00:00,21.54000,21.60000,21.43000,21.51000
2024-08-12 13:00:00,21.52000,21.60000,20.77000,20.82000
2024-08-12 14:00:00,20.80000,21.67000,20.64000,21.62000
2024-08-12 15:00:00,21.60000,21.68000,21.11000,21.35000
2024-08-12 16:00:00,21.33000,21.38000,21.22000,21.25
2024-08-12 17:00:00,21.25,21.32000,21.16000,21.18000
2024-08-12 18:00:00,21.15000,21.28000,20.82000,20.82000
2024-08-12 19:00:00,20.85000,21.13000,20.85000,21.040001
2024-08-12 20:00:00,21.049999,21.21000,20.99000,21.020000
2024-08-12 21:00:00,21.010000,21.010000,20.71000,20.96000
2024-08-12 22:00:00,20.96000,21.11000,20.92000,21
2024-08-12 23:00:00,21,21.35000,21,21.26000
2024-08-13 00:00:00,21.22000,21.34000,21.19000,21.29000
2024-08-13 01:00:00,21.28000,21.34000,21.18000,21.31000
2024-08-13 02:00:00,21.29000,21.30000,21.080000,21.19000
2024-08-13 03:00:00,21.19000,21.19000,20.80000,20.85000
2024-08-13 04:00:00,20.83000,20.98000,20.73000,20.97000
2024-08-13 05:00:00,20.99000,21.070000,20.93000,21.010000
2024-08-13 06:00:00,21.030001,21.080000,20.91000,21.070000
2024-08-13 07:00:00,21.049999,21.10000,20.96000,20.98000
2024-08-13 08:00:00,20.97000,21.010000,20.82000,20.90000
2024-08-13 09:00:00,20.88000,20.88000,20.69000,20.79000
2024-08-13 10:00:00,20.78000,20.79000,20.61000,20.71000
2024-08-13 11:00:00,20.71000,20.83000,20.69000,20.83000
2024-08-13 12:00:00,20.86000,20.97000,20.77000,20.97000
2024-08-13 13:00:00,20.96000,21.040001,20.81000,21.030001
2024-08-13 14:00:00,21.010000,21.059999,20.77000,21.010000
2024-08-13 15:00:00,21.020000,21.090000,20.92000,21.040001
2024-08-13 16:00:00,21.040001,21.54000,21.030001,21.54000
2024-08-13 17:00:00,21.56000,21.61000,21.44000,21.54000
2024-08-13 18:00:00,21.51000,21.53000,21.36000,21.41000
2024-08-13 19:00:00,21.37000,21.40000,21.16000,21.36000
2024-08-13 20:00:00,21.35000,21.38000,21.22000,21.27000
2024-08-13 21:00:00,21.27000,21.53000,21.24000,21.53000
2024-08-13 22:00:00,21.51000,21.53000,21.38000,21.43000
2024-08-13 23:00:00,21.43000,21.44000,21.34000,21.39000
2024-08-14 00:00:00,21.37000,21.44000,21.31000,21.43000
2024-08-14 01:00:00,21.42000,21.44000,21.20000,21.22000
2024-08-14 02:00:00,21.20000,21.38000,21.20000,21.36000
2024-08-14 03:00:00,21.36000,21.48000,21.32000,21.35000
2024-08-14 04:00:00,21.30000,21.37000,21.28000,21.31000
2024-08-14 05:00:00,21.31000,21.46000,21.25,21.25
2024-08-14 06:00:00,21.24000,21.41000,21.17000,21.34000
2024-08-14 07:00:00,21.33000,21.33000,21.24000,21.29000
2024-08-14 08:00:00,21.29000,21.32000,21.20000,21.30000
2024-08-14 09:00:00,21.30000,21.44000,21.27000,21.38000
2024-08-14 10:00:00,21.37000,21.67000,21.37000,21.56000
2024-08-14 11:00:00,21.58000,21.68000,21.40000,21.57000
2024-08-14 12:00:00,21.57000,21.86000,21.51000,21.66000
2024-08-14 13:00:00,21.64000,21.67000,21.049999,21.10000
2024-08-14 14:00:00,21.059999,21.21000,20.86000,21.17000
2024-08-14 15:00:00,21.19000,21.44000,21.10000,21.30000
2024-08-14 16:00:00,21.27000,21.41000,21.12000,21.28000
2024-08-14 17:00:00,21.28000,21.28000,21.16000,21.17000
2024-08-14 18:00:00,21.15000,21.18000,20.99000,21.070000
2024-08-14 19:00:00,21.049999,21.12000,20.99000,21.11000
2024-08-14 20:00:00,21.090000,21.14000,21.040001,21.080000
2024-08-14 21:00:00,21.070000,21.070000,20.94000,20.95000
2024-08-14 22:00:00,20.93000,21.049999,20.83000,21.020000
2024-08-14 23:00:00,21.030001,21.049999,20.95000,20.96000
2024-08-15 00:00:00,20.96000,21.15000,20.93000,21.080000
2024-08-15 01:00:00,21.080000,21.10000,20.86000,20.86000
2024-08-15 02:00:00,20.86000,20.93000,20.77000,20.88000
2024-08-15 03:00:00,20.87000,21,20.87000,20.94000
2024-08-15 04:00:00,20.95000,20.96000,20.82000,20.88000
2024-08-15 05:00:00,20.89000,20.91000,20.70000,20.70000
2024-08-15 06:00:00,20.69000,20.77000,20.56000,20.66000
2024-08-15 07:00:00,20.65000,20.98000,20.54000,20.95000
2024-08-15 08:00:00,20.95000,21.040001,20.85000,21.040001
2024-08-15 09:00:00,21.030001,21.059999,20.91000,20.92000
2024-08-15 10:00:00,20.91000,20.92000,20.79000,20.84000
2024-08-15 11:00:00,20.84000,21.13000,20.84000,21.080000
2024-08-15 12:00:00,21.080000,21.10000,20.79000,20.86000
2024-08-15 13:00:00,20.87000,21.080000,20.78000,21.080000
2024-08-15 14:00:00,21.10000,21.14000,20.90000,20.94000
2024-08-15 15:00:00,20.91000,20.97000,20.82000,20.92000
2024-08-15 16:00:00,20.93000,20.97000,20.73000,20.79000
2024-08-15 17:00:00,20.78000,20.78000,20.39000,20.39000
2024-08-15 18:00:00,20.33000,20.33000,19.88000,20.030001
2024-08-15 19:00:00,20.020000,20.10000,19.90000,20.080000
2024-08-15 20:00:00,20.049999,20.049999,19.92000,19.95000
2024-08-15 21:00:00,20.049999,20.070000,19.91000,20.040001
2024-08-15 22:00:00,20,20.24000,19.94000,20.12000
2024-08-15 23:00:00,20.12000,20.20000,20.070000,20.12000
2024-08-16 00:00:00,20.12000,20.21000,20.10000,20.15000
2024-08-16 01:00:00,20.16000,20.22000,20.030001,20.14000
2024-08-16 02:00:00,20.14000,20.46000,20.020000,20.32000
2024-08-16 03:00:00,20.30000,20.33000,20.17000,20.19000
2024-08-16 04:00:00,20.20000,20.38000,20.17000,20.38000
2024-08-16 05:00:00,20.38000,20.39000,20.32000,20.36000
2024-08-16 06:00:00,20.37000,20.60000,20.35000,20.58000
2024-08-16 07:00:00,20.57000,20.60000,20.46000,20.54000
2024-08-16 08:00:00,20.56000,20.58000,20.48000,20.5
2024-08-16 09:00:00,20.48000,20.5,20.41000,20.47000
2024-08-16 10:00:00,20.47000,20.47000,20.36000,20.39000
2024-08-16 11:00:00,20.40000,20.43000,20.28000,20.32000
2024-08-16 12:00:00,20.33000,20.35000,19.85000,20.010000
2024-08-16 13:00:00,19.99000,20.40000,19.99000,20.11000
2024-08-16 14:00:00,20.26000,20.26000,19.95000,19.97000
2024-08-16 15:00:00,19.99000,20.090000,19.83000,19.96000
2024-08-16 16:00:00,20.16000,20.37000,19.99000,20.24000
2024-08-16 17:00:00,20.22000,20.38000,20.020000,20.36000
2024-08-16 18:00:00,20.36000,20.45000,20.26000,20.37000
2024-08-16 19:00:00,20.39000,20.46000,20.35000,20.41000
2024-08-16 20:00:00,20.43000,20.68000,20.41000,20.54000
2024-08-16 21:00:00,20.54000,20.57000,20.45000,20.48000
2024-08-16 22:00:00,20.48000,20.55000,20.44000,20.45000
2024-08-16 23:00:00,20.46000,20.46000,20.36000,20.37000
2024-08-17 00:00:00,20.32000,20.40000,20.24000,20.37000
2024-08-17 01:00:00,20.37000,20.48000,20.36000,20.44000
2024-08-17 02:00:00,20.44000,20.52000,20.41000,20.43000
2024-08-17 03:00:00,20.43000,20.45000,20.32000,20.42000
2024-08-17 04:00:00,20.42000,20.47000,20.39000,20.47000
2024-08-17 05:00:00,20.47000,20.55000,20.46000,20.55000
2024-08-17 06:00:00,20.54000,20.59000,20.53000,20.56000
2024-08-17 07:00:00,20.56000,20.60000,20.48000,20.57000
2024-08-17 08:00:00,20.57000,20.59000,20.43000,20.51000
2024-08-17 09:00:00,20.48000,20.56000,20.45000,20.53000
2024-08-17 10:00:00,20.54000,20.55000,20.42000,20.44000
2024-08-17 11:00:00,20.43000,20.51000,20.39000,20.48000
2024-08-17 12:00:00,20.46000,20.49000,20.41000,20.48000
2024-08-17 13:00:00,20.47000,20.56000,20.42000,20.45000
2024-08-17 14:00:00,20.47000,20.52000,20.39000,20.51000
2024-08-17 15:00:00,20.51000,20.63000,20.45000,20.47000
2024-08-17 16:00:00,20.47000,20.61000,20.47000,20.58000
2024-08-17 17:00:00,20.59000,20.68000,20.53000,20.59000
2024-08-17 18:00:00,20.58000,20.58000,20.5,20.52000
2024-08-17 19:00:00,20.51000,20.60000,20.49000,20.57000
2024-08-17 20:00:00,20.57000,20.61000,20.51000,20.55000
2024-08-17 21:00:00,20.55000,20.59000,20.5,20.59000
2024-08-17 22:00:00,20.60000,20.65000,20.55000,20.56000
2024-08-17 23:00:00,20.57000,20.71000,20.56000,20.71000
2024-08-18 00:00:00,20.71000,20.87000,20.68000,20.77000
2024-08-18 01:00:00,20.78000,20.80000,20.58000,20.59000
2024-08-18 02:00:00,20.58000,20.81000,20.55000,20.81000
2024-08-18 03:00:00,20.83000,20.84000,20.62000,20.62000
2024-08-18 04:00:00,20.59000,20.69000,20.59000,20.66000
2024-08-18 05:00:00,20.68000,20.80000,20.66000,20.78000
2024-08-18 06:00:00,20.78000,20.92000,20.77000,20.78000
2024-08-18 07:00:00,20.78000,20.81000,20.67000,20.75
2024-08-18 08:00:00,20.74000,20.78000,20.69000,20.75
2024-08-18 09:00:00,20.73000,20.91000,20.72000,20.86000
2024-08-18 10:00:00,20.89000,21.020000,20.89000,21.020000
2024-08-18 11:00:00,21.010000,21.030001,20.91000,21.020000
2024-08-18 12:00:00,21.010000,21.19000,20.97000,21.13000
2024-08-18 13:00:00,21.13000,21.38000,21.12000,21.17000
2024-08-18 14:00:00,21.20000,21.35000,21.17000,21.19000
2024-08-18 15:00:00,21.20000,21.27000,21.10000,21.23000
2024-08-18 16:00:00,21.24000,21.30000,21.19000,21.22000
2024-08-18 17:00:00,21.22000,21.26000,21.040001,21.080000
2024-08-18 18:00:00,21.10000,21.23000,21.070000,21.22000
2024-08-18 19:00:00,21.23000,21.34000,21.22000,21.34000
2024-08-18 20:00:00,21.37000,21.48000,21.37000,21.47000
2024-08-18 21:00:00,21.46000,21.5,21.22000,21.25
2024-08-18 22:00:00,21.27000,21.36000,21.24000,21.24000
2024-08-18 23:00:00,21.25,21.25,20.78000,20.81000
2024-08-19 00:00:00,20.81000,20.81000,20.67000,20.67000
2024-08-19 01:00:00,20.67000,20.94000,20.67000,20.85000
2024-08-19 02:00:00,20.85000,20.93000,20.81000,20.90000
2024-08-19 03:00:00,20.86000,20.93000,20.85000,20.91000
2024-08-19 04:00:00,20.88000,20.90000,20.72000,20.76000
2024-08-19 05:00:00,20.77000,20.77000,20.57000,20.61000
2024-08-19 06:00:00,20.62000,20.77000,20.57000,20.71000
2024-08-19 07:00:00,20.72000,20.79000,20.68000,20.69000
2024-08-19 08:00:00,20.69000,20.80000,20.65000,20.79000
2024-08-19 09:00:00,20.78000,20.85000,20.59000,20.61000
2024-08-19 10:00:00,20.59000,20.73000,20.52000,20.63000
2024-08-19 11:00:00,20.62000,20.70000,20.57000,20.69000
2024-08-19 12:00:00,20.71000,20.73000,20.60000,20.67000
2024-08-19 13:00:00,20.66000,20.83000,20.54000,20.54000
2024-08-19 14:00:00,20.53000,20.62000,20.40000,20.62000
2024-08-19 15:00:00,20.61000,20.68000,20.52000,20.58000
2024-08-19 16:00:00,20.56000,20.63000,20.45000,20.63000
2024-08-19 17:00:00,20.64000,21,20.59000,20.82000
2024-08-19 18:00:00,20.83000,20.94000,20.72000,20.83000
2024-08-19 19:00:00,20.85000,20.93000,20.79000,20.87000
2024-08-19 20:00:00,20.83000,20.98000,20.79000,20.90000
2024-08-19 21:00:00,20.89000,20.93000,20.84000,20.90000
2024-08-19 22:00:00,20.89000,21.11000,20.89000,21.090000
2024-08-19 23:00:00,21.12000,21.23000,21.020000,21.21000
2024-08-20 00:00:00,21.22000,21.60000,21.18000,21.43000
2024-08-20 01:00:00,21.47000,21.71000,21.47000,21.71000
2024-08-20 02:00:00,21.74000,21.74000,21.58000,21.67000
2024-08-20 03:00:00,21.70000,21.79000,21.66000,21.78000
2024-08-20 04:00:00,21.82000,21.83000,21.72000,21.81000
2024-08-20 05:00:00,21.83000,21.98000,21.80000,21.92000
2024-08-20 06:00:00,21.92000,21.96000,21.86000,21.88000
2024-08-20 07:00:00,21.89000,22.080000,21.86000,22.070000
2024-08-20 08:00:00,22.080000,22.10000,21.89000,21.94000
2024-08-20 09:00:00,21.96000,22.12000,21.93000,22.090000
2024-08-20 10:00:00,22.12000,22.16000,22.040001,22.049999
2024-08-20 11:00:00,22.059999,22.090000,21.96000,21.99000
2024-08-20 12:00:00,21.99000,22.14000,21.99000,22.11000
2024-08-20 13:00:00,22.10000,22.22000,22.010000,22.19000
2024-08-20 14:00:00,22.20000,22.20000,21.78000,21.78000
2024-08-20 15:00:00,21.73000,21.94000,21.49000,21.77000
2024-08-20 16:00:00,21.76000,22,21.76000,21.90000
2024-08-20 17:00:00,21.89000,22.39000,21.87000,22.35000
2024-08-20 18:00:00,22.36000,22.62000,22.31000,22.43000
2024-08-20 19:00:00,22.43000,22.65000,22.41000,22.57000
2024-08-20 20:00:00,22.57000,22.77000,22.51000,22.52000
2024-08-20 21:00:00,22.51000,22.51000,22.33000,22.47000
2024-08-20 22:00:00,22.52000,22.59000,22.41000,22.43000
2024-08-20 23:00:00,22.43000,22.43000,22.25,22.26000
2024-08-21 00:00:00,22.25,22.5,22.25,22.35000
2024-08-21 01:00:00,22.34000,22.5,22.31000,22.49000
2024-08-21 02:00:00,22.54000,22.72000,22.54000,22.68000
2024-08-21 03:00:00,22.71000,23.18000,22.71000,23.18000
2024-08-21 04:00:00,23.17000,23.44000,23.17000,23.25
2024-08-21 05:00:00,23.28000,23.34000,22.95000,23.12000
2024-08-21 06:00:00,23.15000,23.55000,23.15000,23.48000
2024-08-21 07:00:00,23.47000,23.49000,23.26000,23.30000
2024-08-21 08:00:00,23.29000,23.39000,23.020000,23.040001
2024-08-21 09:00:00,23.040001,23.049999,22.87000,22.99000
2024-08-21 10:00:00,23.010000,23.090000,22.95000,22.98000
2024-08-21 11:00:00,22.99000,23.040001,22.85000,22.92000
2024-08-21 12:00:00,22.88000,23.14000,22.84000,23.11000
2024-08-21 13:00:00,23.12000,23.41000,22.88000,23.41000
2024-08-21 14:00:00,23.38000,23.43000,22.99000,23.020000
2024-08-21 15:00:00,23.030001,23.10000,22.81000,23.10000
2024-08-21 16:00:00,23.11000,23.38000,22.99000,23.32000
2024-08-21 17:00:00,23.34000,23.63000,23.25,23.44000
2024-08-21 18:00:00,23.31000,23.51000,23.27000,23.47000
2024-08-21 19:00:00,23.46000,23.65000,23.35000,23.63000
2024-08-21 20:00:00,23.63000,23.78000,23.54000,23.65000
2024-08-21 21:00:00,23.68000,23.68000,23.47000,23.61000
2024-08-21 22:00:00,23.61000,23.66000,23.47000,23.54000
2024-08-21 23:00:00,23.56000,23.58000,23.43000,23.52000
2024-08-22 00:00:00,23.54000,23.63000,23.51000,23.53000
2024-08-22 01:00:00,23.55000,23.62000,23.41000,23.47000
2024-08-22 02:00:00,23.45000,23.45000,23.090000,23.22000
2024-08-22 03:00:00,23.21000,23.30000,23.17000,23.23000
2024-08-22 04:00:00,23.23000,23.47000,23.16000,23.38000
2024-08-22 05:00:00,23.35000,23.41000,23.24000,23.25
2024-08-22 06:00:00,23.27000,23.32000,23.23000,23.27000
2024-08-22 07:00:00,23.27000,23.32000,23.20000,23.26000
2024-08-22 08:00:00,23.26000,23.29000,23.20000,23.27000
2024-08-22 09:00:00,23.26000,23.40000,23.22000,23.34000
2024-08-22 10:00:00,23.35000,23.54000,23.30000,23.51000
2024-08-22 11:00:00,23.49000,23.56000,23.40000,23.53000
2024-08-22 12:00:00,23.54000,23.73000,23.53000,23.70000
2024-08-22 13:00:00,24.36000,25.18000,24.31000,24.85000
2024-08-22 14:00:00,24.93000,25.030001,24.58000,24.83000
2024-08-22 15:00:00,24.76000,24.93000,24.58000,24.61000
2024-08-22 16:00:00,24.58000,24.63000,24.34000,24.38000
2024-08-22 17:00:00,24.40000,24.48000,24.22000,24.22000
2024-08-22 18:00:00,24.22000,24.55000,24.16000,24.49000
2024-08-22 19:00:00,24.47000,24.54000,24.38000,24.47000
2024-08-22 20:00:00,24.5,24.77000,24.5,24.77000
2024-08-22 21:00:00,24.76000,24.79000,24.64000,24.71000
2024-08-22 22:00:00,24.71000,24.88000,24.65000,24.88000
2024-08-22 23:00:00,24.87000,25.29000,24.81000,25.22000
2024-08-23 00:00:00,25.23000,25.99000,25.23000,25.84000
2024-08-23 01:00:00,25.86000,26.39000,25.85000,26.39000
2024-08-23 02:00:00,26.39000,26.47000,26.070000,26.24000
2024-08-23 03:00:00,26.21000,26.61000,26.20000,26.47000
2024-08-23 04:00:00,26.49000,26.5,26.059999,26.19000
2024-08-23 05:00:00,26.27000,26.28000,25.67000,25.73000
2024-08-23 06:00:00,25.75,25.87000,25.65000,25.78000
2024-08-23 07:00:00,25.74000,25.80000,25.65000,25.77000
2024-08-23 08:00:00,25.89000,25.99000,25.80000,25.99000
2024-08-23 09:00:00,26,26.18000,25.94000,26.080000
2024-08-23 10:00:00,26.12000,26.31000,26.030001,26.31000
2024-08-23 11:00:00,26.29000,26.29000,26.049999,26.080000
2024-08-23 12:00:00,26.15000,26.38000,26.15000,26.36000
2024-08-23 13:00:00,26.34000,26.48000,26.17000,26.38000
2024-08-23 14:00:00,26.48000,26.82000,25.90000,26.090000
2024-08-23 15:00:00,26.090000,26.41000,26.080000,26.13000
2024-08-23 16:00:00,26.12000,26.34000,26.059999,26.16000
2024-08-23 17:00:00,26.15000,26.44000,26.10000,26.39000
2024-08-23 18:00:00,26.44000,26.63000,26.35000,26.60000
2024-08-23 19:00:00,26.60000,26.81000,26.54000,26.72000
2024-08-23 20:00:00,26.68000,26.89000,26.57000,26.62000
2024-08-23 21:00:00,26.63000,26.92000,26.55000,26.70000
2024-08-23 22:00:00,26.70000,26.84000,26.65000,26.65000
2024-08-23 23:00:00,26.68000,26.71000,26.48000,26.52000
2024-08-24 00:00:00,26.51000,26.57000,26.38000,26.47000
2024-08-24 01:00:00,26.48000,26.48000,26.21000,26.38000
2024-08-24 02:00:00,26.38000,26.47000,26.34000,26.39000
2024-08-24 03:00:00,26.39000,26.39000,26.22000,26.24000
2024-08-24 04:00:00,26.24000,26.37000,26.23000,26.23000
2024-08-24 05:00:00,26.25,26.43000,26.24000,26.31000
2024-08-24 06:00:00,26.30000,26.48000,26.30000,26.32000
2024-08-24 07:00:00,26.30000,26.67000,26.25,26.64000
2024-08-24 08:00:00,26.58000,26.62000,26.48000,26.62000
2024-08-24 09:00:00,26.64000,27.080000,26.54000,26.99000
2024-08-24 10:00:00,27.010000,27.42000,26.91000,27.20000
2024-08-24 11:00:00,27.22000,27.66000,27.22000,27.49000
2024-08-24 12:00:00,27.47000,27.77000,27.42000,27.48000
2024-08-24 13:00:00,27.42000,27.60000,27.21000,27.36000
2024-08-24 14:00:00,27.32000,27.5,27.26000,27.47000
2024-08-24 15:00:00,27.5,27.81000,27.48000,27.66000
2024-08-24 16:00:00,27.75,27.98000,27.61000,27.62000
2024-08-24 17:00:00,27.61000,27.70000,27.43000,27.47000
2024-08-24 18:00:00,27.5,27.73000,27.45000,27.69000
2024-08-24 19:00:00,27.70000,27.74000,27.44000,27.45000
2024-08-24 20:00:00,27.45000,27.54000,27.31000,27.35000
2024-08-24 21:00:00,27.31000,27.31000,26.78000,26.84000
2024-08-24 22:00:00,26.89000,27.10000,26.89000,26.96000
2024-08-24 23:00:00,26.96000,27.17000,26.96000,27.13000
2024-08-25 00:00:00,27.12000,27.13000,26.75,26.81000
2024-08-25 01:00:00,26.90000,27,26.55000,26.76000
2024-08-25 02:00:00,26.73000,27.020000,26.71000,26.95000
2024-08-25 03:00:00,26.95000,26.95000,26.69000,26.90000
2024-08-25 04:00:00,26.94000,27.090000,26.72000,27.030001
2024-08-25 05:00:00,27.030001,27.070000,26.87000,26.92000
2024-08-25 06:00:00,26.91000,26.97000,26.73000,26.73000
2024-08-25 07:00:00,26.71000,26.71000,26.18000,26.29000
2024-08-25 08:00:00,26.26000,26.55000,26.17000,26.44000
2024-08-25 09:00:00,26.45000,26.49000,26.32000,26.47000
2024-08-25 10:00:00,26.45000,26.5,26.32000,26.36000
2024-08-25 11:00:00,26.38000,26.64000,26.38000,26.62000
2024-08-25 12:00:00,26.60000,26.70000,26.5,26.61000
2024-08-25 13:00:00,26.61000,27,26.61000,26.96000
2024-08-25 14:00:00,26.93000,27.049999,26.84000,27
2024-08-25 15:00:00,27,27.17000,26.94000,27.030001
2024-08-25 16:00:00,27.030001,27.24000,26.83000,26.85000
2024-08-25 17:00:00,26.87000,27.15000,26.85000,27.020000
2024-08-25 18:00:00,27.030001,27.18000,26.94000,27.059999
2024-08-25 19:00:00,27.040001,27.080000,26.93000,26.96000
2024-08-25 20:00:00,26.95000,27.040001,26.89000,26.90000
2024-08-25 21:00:00,26.90000,27.49000,26.87000,27.49000
2024-08-25 22:00:00,27.59000,27.66000,27.36000,27.43000
2024-08-25 23:00:00,27.40000,27.48000,26.94000,26.97000
2024-08-26 00:00:00,26.97000,27.20000,26.61000,26.70000
2024-08-26 01:00:00,26.74000,26.77000,26.5,26.5
2024-08-26 02:00:00,26.52000,26.68000,26.40000,26.68000
2024-08-26 03:00:00,26.64000,26.85000,26.58000,26.85000
2024-08-26 04:00:00,26.85000,26.94000,26.81000,26.92000
2024-08-26 05:00:00,26.97000,27.12000,26.93000,26.97000
2024-08-26 06:00:00,27.030001,27.030001,26.64000,26.88000
2024-08-26 07:00:00,26.87000,27,26.68000,26.81000
2024-08-26 08:00:00,26.79000,27.080000,26.79000,26.86000
2024-08-26 09:00:00,26.84000,26.96000,26.58000,26.96000
2024-08-26 10:00:00,26.99000,27.080000,26.90000,26.90000
2024-08-26 11:00:00,26.88000,27.049999,26.86000,26.86000
2024-08-26 12:00:00,26.88000,26.91000,26.44000,26.49000
2024-08-26 13:00:00,26.47000,26.70000,26.39000,26.48000
2024-08-26 14:00:00,26.48000,26.66000,26.30000,26.48000
2024-08-26 15:00:00,26.51000,26.61000,26.28000,26.54000
2024-08-26 16:00:00,26.5,26.66000,26.44000,26.62000
2024-08-26 17:00:00,26.65000,26.73000,26.28000,26.32000
2024-08-26 18:00:00,26.33000,26.62000,26.18000,26.53000
2024-08-26 19:00:00,26.51000,26.54000,26.23000,26.23000
2024-08-26 20:00:00,26.28000,26.46000,26.16000,26.44000
2024-08-26 21:00:00,26.42000,26.42000,25.99000,26.070000
2024-08-26 22:00:00,26.13000,26.13000,25.95000,26
2024-08-26 23:00:00,25.98000,26.21000,25.90000,25.94000
2024-08-27 00:00:00,25.97000,26.30000,25.97000,26.15000
2024-08-27 01:00:00,26.16000,26.38000,26.090000,26.18000
2024-08-27 02:00:00,26.15000,26.37000,26.11000,26.20000
2024-08-27 03:00:00,26.15000,26.33000,26.059999,26.30000
2024-08-27 04:00:00,26.30000,26.43000,26.18000,26.43000
2024-08-27 05:00:00,26.43000,26.67000,26.43000,26.67000
2024-08-27 06:00:00,26.63000,26.80000,26.38000,26.44000
2024-08-27 07:00:00,26.47000,26.67000,26.44000,26.55000
2024-08-27 08:00:00,26.57000,26.65000,26.10000,26.29000
2024-08-27 09:00:00,26.27000,26.30000,25.85000,25.92000
2024-08-27 10:00:00,25.91000,25.93000,25.57000,25.58000
2024-08-27 11:00:00,25.59000,25.85000,25.54000,25.76000
2024-08-27 12:00:00,25.73000,25.79000,25.57000,25.78000
2024-08-27 13:00:00,25.79000,25.79000,25.53000,25.65000
2024-08-27 14:00:00,25.64000,25.71000,25.35000,25.44000
2024-08-27 15:00:00,25.41000,25.53000,25.30000,25.32000
2024-08-27 16:00:00,25.29000,25.58000,25.21000,25.36000
2024-08-27 17:00:00,25.36000,25.49000,25.33000,25.49000
2024-08-27 18:00:00,25.49000,25.81000,25.49000,25.77000
2024-08-27 19:00:00,25.76000,25.76000,25.5,25.5
2024-08-27 20:00:00,25.54000,25.57000,25.35000,25.35000
2024-08-27 21:00:00,25.38000,25.46000,24.55000,24.64000
2024-08-27 22:00:00,24.60000,24.60000,23.68000,24.14000
2024-08-27 23:00:00,24.059999,24.21000,23.92000,24.11000
2024-08-28 00:00:00,24.020000,24.020000,23.69000,23.84000
2024-08-28 01:00:00,23.84000,23.95000,23.66000,23.92000
2024-08-28 02:00:00,23.92000,23.92000,23.60000,23.82000
2024-08-28 03:00:00,23.84000,24.24000,23.82000,24.22000
2024-08-28 04:00:00,24.18000,24.24000,24.049999,24.059999
2024-08-28 05:00:00,24.040001,24.24000,24.020000,24.10000
2024-08-28 06:00:00,24.080000,24.13000,23.94000,23.95000
2024-08-28 07:00:00,23.90000,23.98000,23.65000,23.65000
2024-08-28 08:00:00,23.62000,24.10000,23.49000,23.96000
2024-08-28 09:00:00,23.95000,24.80000,23.90000,24.80000
2024-08-28 10:00:00,24.82000,24.82000,24.46000,24.51000
2024-08-28 11:00:00,24.51000,24.73000,24.47000,24.68000
2024-08-28 12:00:00,24.68000,24.81000,24.60000,24.60000
2024-08-28 13:00:00,24.61000,24.62000,24.020000,24.049999
2024-08-28 14:00:00,23.99000,24.39000,23.92000,24.010000
2024-08-28 15:00:00,24.010000,24.010000,23.64000,23.87000
2024-08-28 16:00:00,23.86000,23.92000,23.22000,23.87000
2024-08-28 17:00:00,23.85000,23.85000,23.53000,23.53000
2024-08-28 18:00:00,23.51000,24.11000,23.46000,24.11000
2024-08-28 19:00:00,24.18000,24.25,23.77000,23.77000
2024-08-28 20:00:00,23.84000,24.070000,23.65000,23.76000
2024-08-28 21:00:00,23.74000,23.79000,23.58000,23.58000
2024-08-28 22:00:00,23.56000,23.59000,23.23000,23.47000
2024-08-28 23:00:00,23.48000,23.61000,23.30000,23.44000
2024-08-29 00:00:00,23.44000,23.62000,23.41000,23.55000
2024-08-29 01:00:00,23.53000,23.62000,23.30000,23.34000
2024-08-29 02:00:00,23.35000,23.55000,23.30000,23.54000
2024-08-29 03:00:00,23.54000,23.64000,23.46000,23.47000
2024-08-29 04:00:00,23.47000,23.52000,23.34000,23.45000
2024-08-29 05:00:00,23.46000,23.75,23.45000,23.75
2024-08-29 06:00:00,23.74000,23.89000,23.73000,23.78000
2024-08-29 07:00:00,23.80000,23.93000,23.79000,23.85000
2024-08-29 08:00:00,23.83000,23.88000,23.62000,23.64000
2024-08-29 09:00:00,23.64000,23.91000,23.64000,23.70000
2024-08-29 10:00:00,23.72000,23.76000,23.49000,23.49000
2024-08-29 11:00:00,23.48000,23.84000,23.46000,23.63000
2024-08-29 12:00:00,23.59000,23.87000,23.55000,23.76000
2024-08-29 13:00:00,23.75,24.13000,23.75,24.11000
2024-08-29 14:00:00,24.15000,24.39000,24.070000,24.24000
2024-08-29 15:00:00,24.24000,24.65000,24.19000,24.34000
2024-08-29 16:00:00,24.32000,24.54000,24.049999,24.059999
2024-08-29 17:00:00,24.010000,24.14000,23.99000,24.030001
2024-08-29 18:00:00,24.010000,24.010000,23.10000,23.13000
2024-08-29 19:00:00,23.059999,23.32000,22.98000,23.20000
2024-08-29 20:00:00,23.16000,23.25,23.049999,23.19000
2024-08-29 21:00:00,23.17000,23.20000,23.080000,23.11000
2024-08-29 22:00:00,23.10000,23.10000,22.88000,22.92000
2024-08-29 23:00:00,22.89000,22.96000,22.80000,22.91000
2024-08-30 00:00:00,22.84000,23.11000,22.78000,23.040001
2024-08-30 01:00:00,23.049999,23.11000,22.91000,23.070000
2024-08-30 02:00:00,23.070000,23.15000,22.98000,23.13000
2024-08-30 03:00:00,23.12000,23.12000,22.96000,23
2024-08-30 04:00:00,22.98000,23.17000,22.98000,23.090000
2024-08-30 05:00:00,23.080000,23.12000,22.90000,23.010000
2024-08-30 06:00:00,23.030001,23.30000,23,23.28000
2024-08-30 07:00:00,23.30000,23.56000,23.25,23.38000
2024-08-30 08:00:00,23.38000,23.63000,23.36000,23.47000
2024-08-30 09:00:00,23.5,23.58000,23.44000,23.46000
2024-08-30 10:00:00,23.42000,23.55000,23.35000,23.38000
2024-08-30 11:00:00,23.37000,23.44000,23.20000,23.21000
2024-08-30 12:00:00,23.19000,23.44000,23.19000,23.31000
2024-08-30 13:00:00,23.31000,23.45000,22.97000,23.28000
2024-08-30 14:00:00,23.27000,23.44000,22.55000,22.55000
2024-08-30 15:00:00,22.53000,22.63000,22.22000,22.36000
2024-08-30 16:00:00,22.35000,22.63000,22.27000,22.60000
2024-08-30 17:00:00,22.58000,22.78000,22.57000,22.72000
2024-08-30 18:00:00,22.73000,23.25,22.73000,23.17000
2024-08-30 19:00:00,23.16000,23.16000,22.93000,23
2024-08-30 20:00:00,23,23.19000,23,23.18000
2024-08-30 21:00:00,23.14000,23.22000,23.10000,23.13000
2024-08-30 22:00:00,23.14000,23.30000,23.14000,23.26000
2024-08-30 23:00:00,23.28000,23.31000,23.23000,23.29000
2024-08-31 00:00:00,23.28000,23.40000,23.26000,23.28000
2024-08-31 01:00:00,23.26000,23.31000,23.18000,23.18000
2024-08-31 02:00:00,23.19000,23.21000,23.14000,23.19000
2024-08-31 03:00:00,23.19000,23.27000,23.14000,23.19000
2024-08-31 04:00:00,23.19000,23.34000,23.19000,23.30000
2024-08-31 05:00:00,23.27000,23.29000,23.15000,23.15000
2024-08-31 06:00:00,23.15000,23.19000,23.12000,23.12000
2024-08-31 07:00:00,23.14000,23.17000,22.99000,23.020000
2024-08-31 08:00:00,23.020000,23.11000,22.81000,22.81000
2024-08-31 09:00:00,22.80000,22.93000,22.80000,22.88000
2024-08-31 10:00:00,22.86000,23.10000,22.85000,23.070000
2024-08-31 11:00:00,23.080000,23.090000,23.010000,23.030001
2024-08-31 12:00:00,23.020000,23.090000,22.95000,23.059999
2024-08-31 13:00:00,23.070000,23.13000,22.90000,22.90000
2024-08-31 14:00:00,22.89000,23.040001,22.89000,22.98000
2024-08-31 15:00:00,23,23.059999,22.95000,23.040001
2024-08-31 16:00:00,23.030001,23.030001,22.77000,22.79000
2024-08-31 17:00:00,22.75,22.85000,22.48000,22.56000
2024-08-31 18:00:00,22.56000,22.76000,22.54000,22.63000
2024-08-31 19:00:00,22.64000,22.71000,22.61000,22.69000
2024-08-31 20:00:00,22.70000,22.78000,22.62000,22.75
2024-08-31 21:00:00,22.76000,22.87000,22.71000,22.84000
2024-08-31 22:00:00,22.83000,22.87000,22.75,22.75
2024-08-31 23:00:00,22.76000,22.82000,22.68000,22.80000
2024-09-01 00:00:00,22.79000,22.82000,22.74000,22.78000
2024-09-01 01:00:00,22.74000,22.75,22.54000,22.55000
2024-09-01 02:00:00,22.54000,22.54000,22.26000,22.44000
2024-09-01 03:00:00,22.43000,22.56000,22.41000,22.48000
2024-09-01 04:00:00,22.48000,22.5,22.33000,22.40000
2024-09-01 05:00:00,22.40000,22.43000,21.93000,21.95000
2024-09-01 06:00:00,21.93000,22.17000,21.93000,22.070000
2024-09-01 07:00:00,22.070000,22.24000,22.010000,22.24000
2024-09-01 08:00:00,22.27000,22.27000,22.049999,22.070000
2024-09-01 09:00:00,22.070000,22.48000,22.040001,22.40000
2024-09-01 10:00:00,22.38000,22.38000,22.20000,22.20000
2024-09-01 11:00:00,22.22000,22.36000,22.19000,22.34000
2024-09-01 12:00:00,22.35000,22.43000,22.24000,22.26000
2024-09-01 13:00:00,22.27000,22.39000,22.10000,22.30000
2024-09-01 14:00:00,22.27000,22.27000,21.96000,22.18000
2024-09-01 15:00:00,22.18000,22.51000,22.11000,22.41000
2024-09-01 16:00:00,22.42000,22.48000,22.22000,22.26000
2024-09-01 17:00:00,22.24000,22.33000,21.78000,21.91000
2024-09-01 18:00:00,21.88000,22.36000,21.85000,22.18000
2024-09-01 19:00:00,22.23000,22.32000,22.10000,22.14000
2024-09-01 20:00:00,22.15000,22.29000,22.12000,22.16000
2024-09-01 21:00:00,22.16000,22.16000,21.88000,21.96000
2024-09-01 22:00:00,21.96000,21.99000,21.23000,21.23000
2024-09-01 23:00:00,21.27000,21.48000,21.24000,21.44000
2024-09-02 00:00:00,21.41000,21.65000,21.38000,21.62000
2024-09-02 01:00:00,21.66000,21.86000,21.58000,21.76000
2024-09-02 02:00:00,21.75,21.91000,21.65000,21.75
2024-09-02 03:00:00,21.73000,21.87000,21.73000,21.82000
2024-09-02 04:00:00,21.83000,21.85000,21.58000,21.58000
2024-09-02 05:00:00,21.59000,22.030001,21.56000,21.93000
2024-09-02 06:00:00,21.92000,22.020000,21.74000,21.74000
2024-09-02 07:00:00,21.76000,21.81000,21.54000,21.57000
2024-09-02 08:00:00,21.61000,22.12000,21.60000,21.96000
2024-09-02 09:00:00,21.95000,22.18000,21.79000,22.18000
2024-09-02 10:00:00,22.18000,22.35000,22.14000,22.28000
2024-09-02 11:00:00,22.29000,22.35000,22.18000,22.19000
2024-09-02 12:00:00,22.18000,22.24000,22.059999,22.13000
2024-09-02 13:00:00,22.13000,22.16000,21.93000,21.95000
2024-09-02 14:00:00,21.96000,22.24000,21.86000,22.21000
2024-09-02 15:00:00,22.21000,22.23000,22.070000,22.070000
2024-09-02 16:00:00,22.070000,22.17000,21.96000,21.96000
2024-09-02 17:00:00,21.98000,22.16000,21.98000,22.14000
2024-09-02 18:00:00,22.13000,22.21000,22.049999,22.11000
2024-09-02 19:00:00,22.12000,22.16000,22.059999,22.10000
2024-09-02 20:00:00,22.10000,22.49000,22.10000,22.46000
2024-09-02 21:00:00,22.5,22.53000,22.36000,22.42000
2024-09-02 22:00:00,22.44000,22.49000,22.38000,22.46000
2024-09-02 23:00:00,22.47000,22.5,22.33000,22.37000
2024-09-03 00:00:00,22.35000,22.45000,22.30000,22.45000
2024-09-03 01:00:00,22.44000,22.54000,22.40000,22.54000
2024-09-03 02:00:00,22.54000,22.70000,22.52000,22.53000
2024-09-03 03:00:00,22.51000,22.63000,22.49000,22.5
2024-09-03 04:00:00,22.52000,22.53000,22.35000,22.40000
2024-09-03 05:00:00,22.41000,22.5,22.35000,22.49000
2024-09-03 06:00:00,22.5,22.5,22.29000,22.29000
2024-09-03 07:00:00,22.30000,22.54000,22.30000,22.52000
2024-09-03 08:00:00,22.53000,22.53000,22.16000,22.22000
2024-09-03 09:00:00,22.18000,22.29000,22.18000,22.23000
2024-09-03 10:00:00,22.22000,22.42000,22.19000,22.34000
2024-09-03 11:00:00,22.36000,22.42000,22.29000,22.40000
2024-09-03 12:00:00,22.39000,22.5,22.38000,22.38000
2024-09-03 13:00:00,22.40000,22.49000,21.90000,22
2024-09-03 14:00:00,21.96000,21.96000,21.69000,21.73000
2024-09-03 15:00:00,21.70000,21.82000,21.56000,21.58000
2024-09-03 16:00:00,21.60000,21.69000,21.52000,21.58000
2024-09-03 17:00:00,21.54000,21.77000,21.54000,21.62000
2024-09-03 18:00:00,21.63000,21.75,21.57000,21.72000
2024-09-03 19:00:00,21.74000,21.86000,21.68000,21.81000
2024-09-03 20:00:00,21.82000,21.82000,21.62000,21.69000
2024-09-03 21:00:00,21.69000,21.69000,21.54000,21.63000
2024-09-03 22:00:00,21.63000,21.63000,21.51000,21.51000
2024-09-03 23:00:00,21.52000,21.53000,21.36000,21.38000
2024-09-04 00:00:00,21.40000,21.59000,21.29000,21.29000
2024-09-04 01:00:00,21.15000,21.28000,20.54000,21.24000
2024-09-04 02:00:00,21.27000,21.35000,21.17000,21.24000
2024-09-04 03:00:00,21.26000,21.5,21.26000,21.46000
2024-09-04 04:00:00,21.45000,21.49000,21.36000,21.49000
2024-09-04 05:00:00,21.48000,21.48000,21.21000,21.21000
2024-09-04 06:00:00,21.20000,21.49000,21.20000,21.41000
2024-09-04 07:00:00,21.40000,21.75,21.39000,21.68000
2024-09-04 08:00:00,21.68000,21.73000,21.60000,21.68000
2024-09-04 09:00:00,21.64000,21.78000,21.56000,21.56000
2024-09-04 10:00:00,21.56000,21.62000,21.41000,21.42000
2024-09-04 11:00:00,21.41000,21.59000,21.41000,21.49000
2024-09-04 12:00:00,21.5,21.62000,21.43000,21.5
2024-09-04 13:00:00,21.48000,21.54000,21.34000,21.5
2024-09-04 14:00:00,21.44000,21.97000,21.37000,21.90000
2024-09-04 15:00:00,21.94000,22.049999,21.79000,22.049999
2024-09-04 16:00:00,22.040001,22.28000,21.98000,22.15000
2024-09-04 17:00:00,22.15000,22.19000,21.93000,21.97000
2024-09-04 18:00:00,21.98000,22.090000,21.87000,21.89000
2024-09-04 19:00:00,21.87000,21.95000,21.80000,21.91000
2024-09-04 20:00:00,21.92000,21.97000,21.78000,21.95000
2024-09-04 21:00:00,21.98000,22.040001,21.90000,22.030001
2024-09-04 22:00:00,22.049999,22.10000,21.94000,22.040001
2024-09-04 23:00:00,22.030001,22.070000,21.85000,21.90000
2024-09-05 00:00:00,21.90000,22.020000,21.85000,21.88000
2024-09-05 01:00:00,21.87000,22.17000,21.85000,22.090000
2024-09-05 02:00:00,22.12000,22.13000,21.91000,21.93000
2024-09-05 03:00:00,21.91000,21.92000,21.66000,21.70000
2024-09-05 04:00:00,21.67000,21.93000,21.66000,21.88000
2024-09-05 05:00:00,21.92000,21.94000,21.82000,21.83000
2024-09-05 06:00:00,21.83000,21.86000,21.56000,21.75
2024-09-05 07:00:00,21.72000,21.91000,21.72000,21.79000
2024-09-05 08:00:00,21.79000,21.86000,21.68000,21.72000
2024-09-05 09:00:00,21.71000,21.74000,21.59000,21.64000
2024-09-05 10:00:00,21.63000,21.68000,21.57000,21.66000
2024-09-05 11:00:00,21.67000,21.76000,21.63000,21.71000
2024-09-05 12:00:00,21.72000,21.82000,21.62000,21.74000
2024-09-05 13:00:00,21.74000,21.92000,21.74000,21.92000
2024-09-05 14:00:00,21.91000,22.010000,21.54000,21.55000
2024-09-05 15:00:00,21.52000,21.57000,21.26000,21.38000
2024-09-05 16:00:00,21.41000,21.51000,21.32000,21.49000
2024-09-05 17:00:00,21.48000,21.74000,21.42000,21.73000
2024-09-05 18:00:00,21.75,21.75,21.62000,21.62000
2024-09-05 19:00:00,21.61000,21.61000,21.23000,21.30000
2024-09-05 20:00:00,21.32000,21.49000,21.32000,21.35000
2024-09-05 21:00:00,21.35000,21.44000,21.29000,21.41000
2024-09-05 22:00:00,21.41000,21.46000,21.27000,21.45000
2024-09-05 23:00:00,21.46000,21.47000,21.36000,21.37000
2024-09-06 00:00:00,21.37000,21.45000,21.27000,21.36000
2024-09-06 01:00:00,21.34000,21.56000,21.29000,21.52000
2024-09-06 02:00:00,21.52000,21.74000,21.49000,21.68000
2024-09-06 03:00:00,21.70000,21.73000,21.60000,21.62000
2024-09-06 04:00:00,21.62000,21.71000,21.59000,21.59000
2024-09-06 05:00:00,21.57000,21.60000,21.44000,21.55000
2024-09-06 06:00:00,21.55000,21.80000,21.47000,21.80000
2024-09-06 07:00:00,21.80000,21.81000,21.42000,21.52000
2024-09-06 08:00:00,21.51000,21.70000,21.5,21.55000
2024-09-06 09:00:00,21.55000,21.69000,21.35000,21.40000
2024-09-06 10:00:00,21.41000,21.59000,21.39000,21.52000
2024-09-06 11:00:00,21.52000,21.56000,21.44000,21.53000
2024-09-06 12:00:00,21.52000,21.92000,21.45000,21.91000
2024-09-06 13:00:00,21.93000,22.14000,21.65000,21.65000
2024-09-06 14:00:00,21.53000,21.65000,21.30000,21.41000
2024-09-06 15:00:00,21.52000,21.59000,21.18000,21.37000
2024-09-06 16:00:00,21.31000,21.33000,20.93000,21.059999
2024-09-06 17:00:00,21.040001,21.41000,20.99000,21.18000
2024-09-06 18:00:00,21.17000,21.18000,20.93000,20.93000
2024-09-06 19:00:00,20.94000,21.070000,20.76000,21
2024-09-06 20:00:00,20.96000,21.10000,20.62000,20.62000
2024-09-06 21:00:00,20.52000,21.030001,20.52000,21.030001
2024-09-06 22:00:00,21.010000,21.17000,21.010000,21.080000
2024-09-06 23:00:00,21.080000,21.17000,21.030001,21.17000
2024-09-07 00:00:00,21.17000,21.25,21.14000,21.15000
2024-09-07 01:00:00,21.14000,21.18000,21.059999,21.090000
2024-09-07 02:00:00,21.080000,21.22000,21.070000,21.18000
2024-09-07 03:00:00,21.19000,21.28000,21.19000,21.24000
2024-09-07 04:00:00,21.25,21.33000,21.22000,21.33000
2024-09-07 05:00:00,21.33000,21.51000,21.30000,21.45000
2024-09-07 06:00:00,21.46000,21.53000,21.38000,21.52000
2024-09-07 07:00:00,21.52000,21.69000,21.49000,21.69000
2024-09-07 08:00:00,21.69000,21.70000,21.60000,21.69000
2024-09-07 09:00:00,21.69000,21.70000,21.47000,21.47000
2024-09-07 10:00:00,21.48000,21.55000,21.47000,21.49000
2024-09-07 11:00:00,21.49000,21.61000,21.47000,21.61000
2024-09-07 12:00:00,21.62000,21.74000,21.60000,21.67000
2024-09-07 13:00:00,21.68000,21.74000,21.62000,21.68000
2024-09-07 14:00:00,21.69000,21.87000,21.67000,21.82000
2024-09-07 15:00:00,21.87000,21.99000,21.83000,21.84000
2024-09-07 16:00:00,21.85000,21.89000,21.76000,21.79000
2024-09-07 17:00:00,21.78000,21.82000,21.61000,21.71000
2024-09-07 18:00:00,21.70000,21.85000,21.66000,21.80000
2024-09-07 19:00:00,21.81000,21.87000,21.77000,21.86000
2024-09-07 20:00:00,21.84000,21.85000,21.70000,21.72000
2024-09-07 21:00:00,21.71000,21.76000,21.64000,21.64000
2024-09-07 22:00:00,21.67000,21.71000,21.62000,21.65000
2024-09-07 23:00:00,21.65000,21.82000,21.61000,21.79000
2024-09-08 00:00:00,21.81000,21.85000,21.72000,21.81000
2024-09-08 01:00:00,21.82000,21.94000,21.82000,21.88000
2024-09-08 02:00:00,21.88000,22.24000,21.88000,22.21000
2024-09-08 03:00:00,22.24000,22.36000,22.15000,22.36000
2024-09-08 04:00:00,22.40000,22.51000,22.37000,22.47000
2024-09-08 05:00:00,22.47000,22.64000,22.42000,22.59000
2024-09-08 06:00:00,22.59000,22.66000,22.5,22.57000
2024-09-08 07:00:00,22.57000,23.22000,22.54000,23.090000
2024-09-08 08:00:00,23.13000,23.16000,22.84000,23.010000
2024-09-08 09:00:00,23.010000,23.10000,22.90000,22.93000
2024-09-08 10:00:00,22.95000,23.010000,22.86000,22.97000
2024-09-08 11:00:00,22.96000,23.080000,22.90000,23.059999
2024-09-08 12:00:00,23.049999,23.10000,22.69000,22.75
2024-09-08 13:00:00,22.71000,22.77000,22.61000,22.75
2024-09-08 14:00:00,22.76000,22.77000,22.56000,22.61000
2024-09-08 15:00:00,22.62000,22.68000,22.44000,22.44000
2024-09-08 16:00:00,22.51000,22.71000,22.40000,22.60000
2024-09-08 17:00:00,22.59000,22.96000,22.59000,22.96000
2024-09-08 18:00:00,23.010000,23.010000,22.86000,22.98000
2024-09-08 19:00:00,22.97000,23.059999,22.92000,22.97000
2024-09-08 20:00:00,22.96000,22.99000,22.88000,22.96000
2024-09-08 21:00:00,22.97000,23.26000,22.93000,23.24000
2024-09-08 22:00:00,23.26000,23.49000,23.080000,23.080000
2024-09-08 23:00:00,23.059999,23.25,23.059999,23.25
2024-09-09 00:00:00,23.26000,23.46000,23.17000,23.34000
2024-09-09 01:00:00,23.39000,23.54000,23.26000,23.33000
2024-09-09 02:00:00,23.29000,23.54000,23.24000,23.53000
2024-09-09 03:00:00,23.53000,23.54000,23.31000,23.49000
2024-09-09 04:00:00,23.54000,23.64000,23.37000,23.37000
2024-09-09 05:00:00,23.36000,23.36000,23.19000,23.24000
2024-09-09 06:00:00,23.25,23.5,23.25,23.5
2024-09-09 07:00:00,23.49000,23.69000,23.43000,23.69000
2024-09-09 08:00:00,23.69000,24.31000,23.69000,24.19000
2024-09-09 09:00:00,24.19000,24.28000,23.81000,23.81000
2024-09-09 10:00:00,23.81000,23.99000,23.78000,23.91000
2024-09-09 11:00:00,23.93000,23.93000,23.70000,23.71000
2024-09-09 12:00:00,23.71000,23.77000,23.47000,23.75
2024-09-09 13:00:00,23.74000,23.86000,23.66000,23.81000
2024-09-09 14:00:00,23.75,23.75,23.33000,23.43000
2024-09-09 15:00:00,23.43000,23.74000,23.41000,23.64000
2024-09-09 16:00:00,23.61000,24.25,23.60000,24.20000
2024-09-09 17:00:00,24.16000,24.29000,23.99000,24.070000
2024-09-09 18:00:00,24.13000,24.14000,23.97000,23.99000
2024-09-09 19:00:00,24.010000,24.21000,23.97000,24.18000
2024-09-09 20:00:00,24.21000,24.32000,23.98000,24.059999
2024-09-09 21:00:00,24.049999,24.36000,24,24.049999
2024-09-09 22:00:00,24.059999,24.080000,23.84000,23.96000
2024-09-09 23:00:00,23.96000,23.99000,23.84000,23.85000
2024-09-10 00:00:00,23.85000,23.85000,23.70000,23.76000
2024-09-10 01:00:00,23.77000,23.82000,23.64000,23.72000
2024-09-10 02:00:00,23.72000,23.72000,23.61000,23.68000
2024-09-10 03:00:00,23.69000,23.70000,23.60000,23.62000
2024-09-10 04:00:00,23.61000,23.76000,23.58000,23.68000
2024-09-10 05:00:00,23.68000,23.80000,23.66000,23.79000
2024-09-10 06:00:00,23.78000,23.78000,23.63000,23.63000
2024-09-10 07:00:00,23.62000,23.84000,23.59000,23.79000
2024-09-10 08:00:00,23.79000,23.97000,23.65000,23.69000
2024-09-10 09:00:00,23.70000,23.86000,23.62000,23.78000
2024-09-10 10:00:00,23.79000,23.96000,23.75,23.94000
2024-09-10 11:00:00,23.94000,24.11000,23.94000,24.080000
2024-09-10 12:00:00,24.080000,24.080000,23.88000,23.88000
2024-09-10 13:00:00,23.89000,23.90000,23.74000,23.81000
2024-09-10 14:00:00,23.81000,24.10000,23.76000,23.95000
2024-09-10 15:00:00,23.95000,24.12000,23.76000,23.76000
2024-09-10 16:00:00,23.78000,23.97000,23.77000,23.93000
2024-09-10 17:00:00,23.90000,24.070000,23.90000,23.92000
2024-09-10 18:00:00,23.99000,24.33000,23.98000,24.25
2024-09-10 19:00:00,24.25,24.5,24.17000,24.43000
2024-09-10 20:00:00,24.41000,24.57000,24.31000,24.38000
2024-09-10 21:00:00,24.38000,24.42000,24.27000,24.27000
2024-09-10 22:00:00,24.30000,24.53000,24.30000,24.47000
2024-09-10 23:00:00,24.46000,24.47000,24.32000,24.36000
2024-09-11 00:00:00,24.35000,24.51000,24.29000,24.45000
2024-09-11 01:00:00,24.41000,24.45000,23.95000,23.98000
2024-09-11 02:00:00,24,24.10000,23.96000,23.96000
2024-09-11 03:00:00,23.94000,23.97000,23.78000,23.85000
2024-09-11 04:00:00,23.83000,23.84000,23.44000,23.59000
2024-09-11 05:00:00,23.58000,23.58000,23.28000,23.40000
2024-09-11 06:00:00,23.38000,23.59000,23.34000,23.5
2024-09-11 07:00:00,23.49000,23.66000,23.49000,23.64000
2024-09-11 08:00:00,23.61000,23.61000,23.41000,23.46000
2024-09-11 09:00:00,23.44000,23.56000,23.43000,23.51000
2024-09-11 10:00:00,23.51000,23.51000,23.37000,23.42000
2024-09-11 11:00:00,23.44000,23.65000,23.44000,23.63000
2024-09-11 12:00:00,23.59000,23.64000,23.33000,23.52000
2024-09-11 13:00:00,23.56000,23.76000,23.14000,23.14000
2024-09-11 14:00:00,23.11000,23.23000,22.91000,23.070000
2024-09-11 15:00:00,23.049999,23.45000,23,23.32000
2024-09-11 16:00:00,23.30000,23.60000,23.30000,23.51000
2024-09-11 17:00:00,23.51000,23.67000,23.49000,23.51000
2024-09-11 18:00:00,23.53000,23.65000,23.43000,23.46000
2024-09-11 19:00:00,23.42000,23.48000,23.36000,23.45000
2024-09-11 20:00:00,23.44000,23.53000,23.41000,23.46000
2024-09-11 21:00:00,23.46000,23.51000,23.40000,23.40000
2024-09-11 22:00:00,23.40000,23.45000,23.34000,23.37000
2024-09-11 23:00:00,23.37000,23.38000,23.27000,23.28000
2024-09-12 00:00:00,23.27000,23.55000,23.27000,23.42000
2024-09-12 01:00:00,23.44000,23.65000,23.44000,23.65000
2024-09-12 02:00:00,23.75,24.020000,23.64000,23.75
2024-09-12 03:00:00,23.75,23.84000,23.71000,23.71000
2024-09-12 04:00:00,23.70000,23.81000,23.60000,23.60000
2024-09-12 05:00:00,23.59000,23.61000,23.48000,23.53000
2024-09-12 06:00:00,23.51000,23.57000,23.47000,23.54000
2024-09-12 07:00:00,23.53000,23.59000,23.46000,23.52000
2024-09-12 08:00:00,23.5,23.68000,23.49000,23.62000
2024-09-12 09:00:00,23.63000,23.77000,23.55000,23.57000
2024-09-12 10:00:00,23.58000,23.65000,23.54000,23.57000
2024-09-12 11:00:00,23.59000,23.60000,23.53000,23.59000
2024-09-12 12:00:00,23.60000,23.64000,23.45000,23.59000
2024-09-12 13:00:00,23.57000,23.67000,23.45000,23.58000
2024-09-12 14:00:00,23.56000,23.91000,23.54000,23.59000
2024-09-12 15:00:00,23.55000,23.79000,23.44000,23.47000
2024-09-12 16:00:00,23.47000,23.79000,23.47000,23.78000
2024-09-12 17:00:00,23.78000,23.86000,23.74000,23.83000
2024-09-12 18:00:00,23.82000,24.020000,23.74000,23.82000
2024-09-12 19:00:00,23.77000,23.93000,23.77000,23.84000
2024-09-12 20:00:00,23.86000,23.86000,23.74000,23.81000
2024-09-12 21:00:00,23.81000,23.85000,23.73000,23.80000
2024-09-12 22:00:00,23.82000,24.020000,23.80000,24.020000
2024-09-12 23:00:00,24.010000,24.040001,23.97000,24.010000
2024-09-13 00:00:00,24.059999,24.090000,23.89000,23.89000
2024-09-13 01:00:00,23.92000,23.98000,23.80000,23.92000
2024-09-13 02:00:00,23.93000,23.95000,23.78000,23.78000
2024-09-13 03:00:00,23.79000,23.84000,23.68000,23.68000
2024-09-13 04:00:00,23.72000,23.77000,23.68000,23.68000
2024-09-13 05:00:00,23.68000,23.86000,23.68000,23.80000
2024-09-13 06:00:00,23.79000,23.82000,23.68000,23.68000
2024-09-13 07:00:00,23.69000,23.85000,23.69000,23.84000
2024-09-13 08:00:00,23.82000,23.83000,23.69000,23.69000
2024-09-13 09:00:00,23.68000,23.81000,23.68000,23.75
2024-09-13 10:00:00,23.73000,24.10000,23.72000,24.090000
2024-09-13 11:00:00,24.080000,24.24000,23.84000,23.84000
2024-09-13 12:00:00,23.88000,23.94000,23.69000,23.87000
2024-09-13 13:00:00,23.85000,24.12000,23.77000,24.090000
2024-09-13 14:00:00,24.030001,24.26000,23.95000,24.22000
2024-09-13 15:00:00,24.26000,24.72000,24.21000,24.70000
2024-09-13 16:00:00,24.74000,24.80000,24.52000,24.63000
2024-09-13 17:00:00,24.64000,24.73000,24.58000,24.61000
2024-09-13 18:00:00,24.60000,24.74000,24.58000,24.69000
2024-09-13 19:00:00,24.73000,24.73000,24.65000,24.70000
2024-09-13 20:00:00,24.69000,24.79000,24.69000,24.75
2024-09-13 21:00:00,24.73000,25.059999,24.73000,25.010000
2024-09-13 22:00:00,25.020000,25.090000,24.98000,25.059999
2024-09-13 23:00:00,25.059999,25.059999,24.82000,24.92000
2024-09-14 00:00:00,24.91000,24.97000,24.88000,24.91000
2024-09-14 01:00:00,24.91000,24.97000,24.87000,24.89000
2024-09-14 02:00:00,24.90000,25,24.89000,24.91000
2024-09-14 03:00:00,24.90000,25.080000,24.90000,25.049999
2024-09-14 04:00:00,25.049999,25.049999,24.98000,25
2024-09-14 05:00:00,25,25.030001,24.88000,24.88000
2024-09-14 06:00:00,24.89000,24.96000,24.84000,24.94000
2024-09-14 07:00:00,24.92000,24.97000,24.86000,24.95000
2024-09-14 08:00:00,24.93000,24.99000,24.79000,24.79000
2024-09-14 09:00:00,24.78000,24.87000,24.75,24.87000
2024-09-14 10:00:00,24.85000,24.87000,24.70000,24.73000
2024-09-14 11:00:00,24.73000,24.76000,24.63000,24.66000
2024-09-14 12:00:00,24.65000,24.83000,24.62000,24.74000
2024-09-14 13:00:00,24.79000,24.90000,24.79000,24.89000
2024-09-14 14:00:00,24.89000,25.32000,24.89000,25.25
2024-09-14 15:00:00,25.26000,25.59000,25.19000,25.49000
2024-09-14 16:00:00,25.5,25.57000,25.42000,25.54000
2024-09-14 17:00:00,25.52000,25.66000,25.42000,25.53000
2024-09-14 18:00:00,25.52000,25.52000,25.19000,25.35000
2024-09-14 19:00:00,25.35000,25.36000,25.24000,25.27000
2024-09-14 20:00:00,25.27000,25.37000,25.20000,25.37000
2024-09-14 21:00:00,25.39000,25.47000,25.35000,25.38000
2024-09-14 22:00:00,25.34000,25.37000,25.12000,25.21000
2024-09-14 23:00:00,25.21000,25.34000,25.21000,25.33000
2024-09-15 00:00:00,25.31000,25.38000,25.24000,25.26000
2024-09-15 01:00:00,25.28000,25.28000,25.040001,25.10000
2024-09-15 02:00:00,25.10000,25.16000,25.030001,25.12000
2024-09-15 03:00:00,25.11000,25.15000,25.040001,25.070000
2024-09-15 04:00:00,25.070000,25.080000,24.85000,24.85000
2024-09-15 05:00:00,24.86000,24.94000,24.84000,24.87000
2024-09-15 06:00:00,24.86000,24.94000,24.84000,24.93000
2024-09-15 07:00:00,24.91000,24.97000,24.77000,24.89000
2024-09-15 08:00:00,24.85000,24.86000,24.72000,24.74000
2024-09-15 09:00:00,24.73000,24.81000,24.71000,24.73000
2024-09-15 10:00:00,24.74000,24.75,24.62000,24.67000
2024-09-15 11:00:00,24.63000,24.65000,24.56000,24.63000
2024-09-15 12:00:00,24.60000,24.73000,24.59000,24.73000
2024-09-15 13:00:00,24.74000,24.88000,24.74000,24.77000
2024-09-15 14:00:00,24.76000,24.81000,24.61000,24.75
2024-09-15 15:00:00,24.74000,24.82000,24.67000,24.75
2024-09-15 16:00:00,24.74000,24.75,24.45000,24.45000
2024-09-15 17:00:00,24.41000,24.49000,24.35000,24.44000
2024-09-15 18:00:00,24.44000,24.52000,24.35000,24.41000
2024-09-15 19:00:00,24.44000,24.54000,24.36000,24.36000
2024-09-15 20:00:00,24.36000,24.40000,24.15000,24.15000
2024-09-15 21:00:00,24.12000,24.12000,23.83000,23.98000
2024-09-15 22:00:00,23.96000,24.059999,23.87000,23.97000
2024-09-15 23:00:00,23.96000,23.96000,23.76000,23.80000
2024-09-16 00:00:00,23.78000,23.85000,23.66000,23.79000
2024-09-16 01:00:00,23.74000,23.75,23.55000,23.62000
2024-09-16 02:00:00,23.60000,23.63000,23.34000,23.36000
2024-09-16 03:00:00,23.36000,23.68000,23.36000,23.66000
2024-09-16 04:00:00,23.66000,23.69000,23.55000,23.55000
2024-09-16 05:00:00,23.56000,23.82000,23.56000,23.81000
2024-09-16 06:00:00,23.78000,23.89000,23.73000,23.75
2024-09-16 07:00:00,23.74000,24.13000,23.74000,24.070000
2024-09-16 08:00:00,24.070000,24.24000,23.99000,24.040001
2024-09-16 09:00:00,24.030001,24.14000,23.88000,23.90000
2024-09-16 10:00:00,23.90000,24.010000,23.85000,23.93000
2024-09-16 11:00:00,23.92000,23.95000,23.85000,23.87000
2024-09-16 12:00:00,23.85000,23.89000,23.71000,23.73000
2024-09-16 13:00:00,23.73000,23.77000,23.55000,23.70000
2024-09-16 14:00:00,23.71000,23.71000,23.32000,23.41000
2024-09-16 15:00:00,23.39000,23.68000,23.37000,23.5
2024-09-16 16:00:00,23.51000,23.51000,23.33000,23.41000
2024-09-16 17:00:00,23.40000,23.58000,23.23000,23.53000
2024-09-16 18:00:00,23.52000,23.53000,23.33000,23.39000
2024-09-16 19:00:00,23.35000,23.54000,23.34000,23.47000
2024-09-16 20:00:00,23.45000,23.5,23.35000,23.40000
2024-09-16 21:00:00,23.39000,23.49000,23.31000,23.49000
2024-09-16 22:00:00,23.48000,23.48000,23.32000,23.32000
2024-09-16 23:00:00,23.34000,23.58000,23.34000,23.51000
2024-09-17 00:00:00,23.51000,23.55000,23.27000,23.27000
2024-09-17 01:00:00,23.25,23.33000,23.16000,23.29000
2024-09-17 02:00:00,23.30000,23.44000,23.30000,23.39000
2024-09-17 03:00:00,23.39000,23.52000,23.36000,23.49000
2024-09-17 04:00:00,23.47000,23.66000,23.47000,23.65000
2024-09-17 05:00:00,23.65000,24.010000,23.65000,24
2024-09-17 06:00:00,23.98000,23.98000,23.75,23.75
2024-09-17 07:00:00,23.74000,23.84000,23.67000,23.80000
2024-09-17 08:00:00,23.80000,23.87000,23.71000,23.73000
2024-09-17 09:00:00,23.72000,23.95000,23.68000,23.90000
2024-09-17 10:00:00,23.93000,24.020000,23.87000,24.010000
2024-09-17 11:00:00,24.010000,24.020000,23.81000,23.85000
2024-09-17 12:00:00,23.84000,23.93000,23.78000,23.89000
2024-09-17 13:00:00,23.88000,23.93000,23.64000,23.65000
2024-09-17 14:00:00,23.65000,24.30000,23.64000,24.12000
2024-09-17 15:00:00,24.18000,24.47000,24.18000,24.40000
2024-09-17 16:00:00,24.45000,24.46000,24.070000,24.10000
2024-09-17 17:00:00,24.12000,24.22000,24.059999,24.090000
2024-09-17 18:00:00,24.090000,24.13000,23.89000,23.94000
2024-09-17 19:00:00,23.93000,24.040001,23.72000,23.86000
2024-09-17 20:00:00,23.84000,23.95000,23.80000,23.83000
2024-09-17 21:00:00,23.84000,23.96000,23.84000,23.90000
2024-09-17 22:00:00,23.91000,23.91000,23.79000,23.79000
2024-09-17 23:00:00,23.76000,23.77000,23.70000,23.77000
2024-09-18 00:00:00,23.76000,23.78000,23.51000,23.72000
2024-09-18 01:00:00,23.70000,23.73000,23.61000,23.67000
2024-09-18 02:00:00,23.66000,23.80000,23.64000,23.79000
2024-09-18 03:00:00,23.80000,23.90000,23.80000,23.85000
2024-09-18 04:00:00,23.86000,23.86000,23.61000,23.67000
2024-09-18 05:00:00,23.63000,23.69000,23.58000,23.68000
2024-09-18 06:00:00,23.67000,23.70000,23.58000,23.63000
2024-09-18 07:00:00,23.61000,23.70000,23.61000,23.61000
2024-09-18 08:00:00,23.61000,23.62000,23.45000,23.46000
2024-09-18 09:00:00,23.44000,23.46000,23.21000,23.21000
2024-09-18 10:00:00,23.26000,23.31000,23.090000,23.30000
2024-09-18 11:00:00,23.30000,23.36000,23.25,23.25
2024-09-18 12:00:00,23.24000,23.33000,23.16000,23.31000
2024-09-18 13:00:00,23.31000,23.36000,23,23.10000
2024-09-18 14:00:00,23.070000,23.17000,23.010000,23.070000
2024-09-18 15:00:00,23.059999,23.11000,22.87000,22.94000
2024-09-18 16:00:00,22.91000,23.15000,22.83000,23.13000
2024-09-18 17:00:00,23.13000,23.23000,23.010000,23.15000
2024-09-18 18:00:00,23.31000,23.74000,23.22000,23.57000
2024-09-18 19:00:00,23.54000,23.60000,23.37000,23.39000
2024-09-18 20:00:00,23.37000,23.63000,23.21000,23.62000
2024-09-18 21:00:00,23.60000,23.76000,23.60000,23.70000
2024-09-18 22:00:00,23.74000,23.99000,23.72000,23.98000
2024-09-18 23:00:00,23.99000,24.69000,23.99000,24.69000
2024-09-19 00:00:00,24.77000,25.99000,24.77000,25.99000
2024-09-19 01:00:00,26.049999,26.11000,25.66000,26
2024-09-19 02:00:00,26.020000,26.020000,25.76000,25.79000
2024-09-19 03:00:00,25.85000,25.92000,25.62000,25.62000
2024-09-19 04:00:00,25.69000,25.82000,25.59000,25.82000
2024-09-19 05:00:00,25.81000,25.86000,25.66000,25.76000
2024-09-19 06:00:00,25.75,25.91000,25.71000,25.77000
2024-09-19 07:00:00,25.77000,25.92000,25.70000,25.92000
2024-09-19 08:00:00,25.91000,26.090000,25.88000,25.94000
2024-09-19 09:00:00,25.96000,26.24000,25.94000,26.080000
2024-09-19 10:00:00,26.10000,26.35000,26.080000,26.12000
2024-09-19 11:00:00,26.13000,26.29000,26.020000,26.25
2024-09-19 12:00:00,26.25,26.51000,26.21000,26.39000
2024-09-19 13:00:00,26.41000,26.44000,26.17000,26.30000
2024-09-19 14:00:00,26.30000,26.46000,26.18000,26.19000
2024-09-19 15:00:00,26.21000,26.44000,26.11000,26.39000
2024-09-19 16:00:00,26.38000,26.60000,26.28000,26.47000
2024-09-19 17:00:00,26.5,26.57000,26.36000,26.49000
2024-09-19 18:00:00,26.53000,26.59000,26.41000,26.47000
2024-09-19 19:00:00,26.45000,26.55000,26.32000,26.43000
2024-09-19 20:00:00,26.42000,26.60000,26.42000,26.44000
2024-09-19 21:00:00,26.48000,26.59000,26.16000,26.16000
2024-09-19 22:00:00,26.20000,26.73000,26.11000,26.71000
2024-09-19 23:00:00,26.73000,26.77000,26.57000,26.66000
2024-09-20 00:00:00,26.72000,26.99000,26.71000,26.71000
2024-09-20 01:00:00,26.71000,26.84000,26.49000,26.74000
2024-09-20 02:00:00,26.73000,27.12000,26.61000,27.12000
2024-09-20 03:00:00,27.13000,27.84000,27.11000,27.84000
2024-09-20 04:00:00,27.86000,28.12000,27.71000,28.090000
2024-09-20 05:00:00,28.070000,28.26000,28,28.26000
2024-09-20 06:00:00,28.23000,28.37000,28.070000,28.26000
2024-09-20 07:00:00,28.27000,28.32000,28.049999,28.21000
2024-09-20 08:00:00,28.22000,28.72000,28.17000,28.46000
2024-09-20 09:00:00,28.45000,28.62000,28.34000,28.38000
2024-09-20 10:00:00,28.41000,28.61000,28.36000,28.61000
2024-09-20 11:00:00,28.58000,28.58000,28.12000,28.13000
2024-09-20 12:00:00,28.14000,28.25,28.059999,28.059999
2024-09-20 13:00:00,28.10000,28.11000,27.61000,27.62000
2024-09-20 14:00:00,27.57000,27.70000,27.21000,27.54000
2024-09-20 15:00:00,27.56000,27.56000,27.16000,27.21000
2024-09-20 16:00:00,27.21000,27.35000,27.030001,27.030001
2024-09-20 17:00:00,27.030001,27.059999,26.86000,26.91000
2024-09-20 18:00:00,26.93000,27.22000,26.80000,27.18000
2024-09-20 19:00:00,27.19000,27.25,27.11000,27.11000
2024-09-20 20:00:00,27.14000,27.33000,27.14000,27.33000
2024-09-20 21:00:00,27.32000,27.52000,27.32000,27.5
2024-09-20 22:00:00,27.52000,27.66000,27.51000,27.59000
2024-09-20 23:00:00,27.59000,27.67000,27.43000,27.67000
2024-09-21 00:00:00,27.64000,27.76000,27.54000,27.67000
2024-09-21 01:00:00,27.67000,27.73000,27.24000,27.24000
2024-09-21 02:00:00,27.31000,27.32000,27.18000,27.24000
2024-09-21 03:00:00,27.25,27.36000,27.14000,27.19000
2024-09-21 04:00:00,27.18000,27.22000,27.020000,27.12000
2024-09-21 05:00:00,27.14000,27.31000,27.080000,27.14000
2024-09-21 06:00:00,27.090000,27.23000,27.049999,27.11000
2024-09-21 07:00:00,27.12000,27.29000,27.12000,27.27000
2024-09-21 08:00:00,27.27000,27.43000,27.19000,27.43000
2024-09-21 09:00:00,27.43000,27.57000,27.42000,27.57000
2024-09-21 10:00:00,27.57000,27.57000,27.43000,27.45000
2024-09-21 11:00:00,27.47000,27.60000,27.46000,27.59000
2024-09-21 12:00:00,27.58000,27.61000,27.52000,27.60000
2024-09-21 13:00:00,27.61000,27.75,27.48000,27.71000
2024-09-21 14:00:00,27.73000,28.11000,27.73000,27.88000
2024-09-21 15:00:00,27.86000,27.86000,27.58000,27.59000
2024-09-21 16:00:00,27.57000,27.69000,27.49000,27.53000
2024-09-21 17:00:00,27.53000,27.60000,27.46000,27.48000
2024-09-21 18:00:00,27.5,27.59000,27.47000,27.5
2024-09-21 19:00:00,27.5,27.59000,27.36000,27.37000
2024-09-21 20:00:00,27.37000,27.52000,27.34000,27.38000
2024-09-21 21:00:00,27.40000,27.45000,27.34000,27.35000
2024-09-21 22:00:00,27.37000,27.71000,27.36000,27.71000
2024-09-21 23:00:00,27.72000,27.98000,27.63000,27.79000
2024-09-22 00:00:00,27.79000,27.79000,27.57000,27.62000
2024-09-22 01:00:00,27.63000,27.66000,27.35000,27.36000
2024-09-22 02:00:00,27.37000,27.43000,27.10000,27.17000
2024-09-22 03:00:00,27.15000,27.33000,27.11000,27.26000
2024-09-22 04:00:00,27.26000,27.41000,27.26000,27.34000
2024-09-22 05:00:00,27.35000,27.38000,27.22000,27.31000
2024-09-22 06:00:00,27.31000,27.48000,27.16000,27.19000
2024-09-22 07:00:00,27.19000,27.42000,27.15000,27.39000
2024-09-22 08:00:00,27.39000,27.43000,27.28000,27.33000
2024-09-22 09:00:00,27.32000,27.33000,27.040001,27.040001
2024-09-22 10:00:00,27.049999,27.12000,26.88000,26.95000
2024-09-22 11:00:00,26.93000,26.99000,26.83000,26.91000
2024-09-22 12:00:00,26.91000,27.059999,26.90000,27.010000
2024-09-22 13:00:00,26.99000,27.040001,26.71000,26.76000
2024-09-22 14:00:00,26.78000,26.93000,26.65000,26.74000
2024-09-22 15:00:00,26.76000,26.89000,26.71000,26.87000
2024-09-22 16:00:00,26.84000,27,26.65000,26.94000
2024-09-22 17:00:00,26.95000,27.16000,26.95000,27.090000
2024-09-22 18:00:00,27.10000,27.13000,26.96000,27.070000
2024-09-22 19:00:00,27.10000,27.13000,26.88000,27.090000
2024-09-22 20:00:00,27.12000,27.24000,27.090000,27.19000
2024-09-22 21:00:00,27.17000,27.26000,26.80000,26.80000
2024-09-22 22:00:00,26.76000,27.47000,26.48000,27.43000
2024-09-22 23:00:00,27.44000,27.49000,27.20000,27.32000
2024-09-23 00:00:00,27.32000,27.32000,26.59000,27.18000
2024-09-23 01:00:00,27.17000,27.41000,27.15000,27.38000
2024-09-23 02:00:00,27.37000,27.57000,27.29000,27.55000
2024-09-23 03:00:00,27.53000,28.17000,27.53000,27.87000
2024-09-23 04:00:00,27.87000,27.95000,27.58000,27.62000
2024-09-23 05:00:00,27.64000,27.71000,27.42000,27.60000
2024-09-23 06:00:00,27.63000,27.85000,27.59000,27.75
2024-09-23 07:00:00,27.81000,27.87000,27.52000,27.66000
2024-09-23 08:00:00,27.65000,27.68000,27.25,27.36000
2024-09-23 09:00:00,27.35000,27.55000,27.34000,27.48000
2024-09-23 10:00:00,27.45000,27.52000,27.29000,27.39000
2024-09-23 11:00:00,27.39000,27.44000,27.26000,27.31000
2024-09-23 12:00:00,27.38000,27.62000,27.30000,27.39000
2024-09-23 13:00:00,27.39000,27.47000,27.29000,27.37000
2024-09-23 14:00:00,27.40000,27.69000,27.33000,27.5
2024-09-23 15:00:00,27.49000,27.69000,27.29000,27.55000
2024-09-23 16:00:00,27.56000,27.71000,27.25,27.26000
2024-09-23 17:00:00,27.25,27.41000,27.20000,27.39000
2024-09-23 18:00:00,27.37000,27.54000,27.37000,27.40000
2024-09-23 19:00:00,27.41000,27.48000,27.35000,27.37000
2024-09-23 20:00:00,27.36000,27.42000,27.28000,27.28000
2024-09-23 21:00:00,27.27000,27.37000,27.11000,27.34000
2024-09-23 22:00:00,27.31000,27.39000,27.25,27.31000
2024-09-23 23:00:00,27.32000,27.47000,27.28000,27.39000
2024-09-24 00:00:00,27.36000,27.40000,27,27.020000
2024-09-24 01:00:00,26.98000,27.18000,26.86000,27.070000
2024-09-24 02:00:00,27.059999,27.24000,26.90000,27.20000
2024-09-24 03:00:00,27.20000,27.30000,27.11000,27.29000
2024-09-24 04:00:00,27.29000,27.29000,27.049999,27.080000
2024-09-24 05:00:00,27.090000,27.20000,27.080000,27.14000
2024-09-24 06:00:00,27.13000,27.31000,27.13000,27.25
2024-09-24 07:00:00,27.27000,27.44000,27.24000,27.40000
2024-09-24 08:00:00,27.41000,27.77000,27.41000,27.72000
2024-09-24 09:00:00,27.77000,27.77000,27.45000,27.46000
2024-09-24 10:00:00,27.46000,27.71000,27.43000,27.58000
2024-09-24 11:00:00,27.56000,27.72000,27.46000,27.68000
2024-09-24 12:00:00,27.72000,27.79000,27.51000,27.55000
2024-09-24 13:00:00,27.57000,27.69000,27.53000,27.58000
2024-09-24 14:00:00,27.5,27.5,26.96000,27.17000
2024-09-24 15:00:00,27.16000,27.28000,27.020000,27.14000
2024-09-24 16:00:00,27.21000,27.28000,27.12000,27.23000
2024-09-24 17:00:00,27.22000,27.57000,27.20000,27.47000
2024-09-24 18:00:00,27.51000,27.55000,27.29000,27.34000
2024-09-24 19:00:00,27.35000,27.72000,27.35000,27.72000
2024-09-24 20:00:00,27.71000,27.74000,27.53000,27.57000
2024-09-24 21:00:00,27.58000,27.68000,27.51000,27.63000
2024-09-24 22:00:00,27.62000,28.30000,27.62000,28.30000
2024-09-24 23:00:00,28.34000,28.52000,28.17000,28.44000
2024-09-25 00:00:00,28.49000,28.49000,27.80000,27.81000
2024-09-25 01:00:00,27.78000,28.18000,27.78000,27.93000
2024-09-25 02:00:00,27.92000,28,27.86000,27.88000
2024-09-25 03:00:00,27.84000,27.98000,27.73000,27.98000
2024-09-25 04:00:00,27.98000,27.98000,27.61000,27.61000
2024-09-25 05:00:00,27.64000,27.76000,27.61000,27.65000
2024-09-25 06:00:00,27.61000,27.67000,27.43000,27.46000
2024-09-25 07:00:00,27.43000,27.63000,27.36000,27.61000
2024-09-25 08:00:00,27.60000,27.75,27.59000,27.69000
2024-09-25 09:00:00,27.70000,27.77000,27.58000,27.58000
2024-09-25 10:00:00,27.58000,27.78000,27.55000,27.67000
2024-09-25 11:00:00,27.66000,27.84000,27.57000,27.84000
2024-09-25 12:00:00,27.83000,27.86000,27.65000,27.65000
2024-09-25 13:00:00,27.63000,27.81000,27.55000,27.81000
2024-09-25 14:00:00,27.82000,28,27.79000,27.96000
2024-09-25 15:00:00,27.96000,28.070000,27.67000,27.68000
2024-09-25 16:00:00,27.63000,27.70000,27.5,27.60000
2024-09-25 17:00:00,27.63000,27.64000,27.28000,27.33000
2024-09-25 18:00:00,27.30000,27.62000,27.30000,27.59000
2024-09-25 19:00:00,27.57000,27.66000,27.5,27.5
2024-09-25 20:00:00,27.54000,27.64000,27.48000,27.58000
2024-09-25 21:00:00,27.58000,27.65000,27.49000,27.49000
2024-09-25 22:00:00,27.48000,27.51000,27.29000,27.43000
2024-09-25 23:00:00,27.43000,27.43000,27.17000,27.28000
2024-09-26 00:00:00,27.26000,27.35000,27.010000,27.11000
2024-09-26 01:00:00,27.070000,27.31000,26.98000,27.31000
2024-09-26 02:00:00,27.33000,27.49000,27.31000,27.49000
2024-09-26 03:00:00,27.48000,27.57000,27.43000,27.52000
2024-09-26 04:00:00,27.53000,27.57000,27.47000,27.49000
2024-09-26 05:00:00,27.46000,27.79000,27.45000,27.73000
2024-09-26 06:00:00,27.78000,28,27.77000,27.92000
2024-09-26 07:00:00,27.95000,28.020000,27.83000,28
2024-09-26 08:00:00,28.049999,28.20000,27.79000,27.79000
2024-09-26 09:00:00,27.80000,27.97000,27.74000,27.83000
2024-09-26 10:00:00,27.84000,28.19000,27.82000,28.11000
2024-09-26 11:00:00,28.12000,28.24000,28.049999,28.24000
2024-09-26 12:00:00,28.44000,28.52000,28.31000,28.47000
2024-09-26 13:00:00,28.57000,28.82000,28.41000,28.54000
2024-09-26 14:00:00,28.60000,29.040001,28.60000,28.65000
2024-09-26 15:00:00,28.69000,29.31000,28.65000,29.17000
2024-09-26 16:00:00,29.23000,29.40000,29.14000,29.19000
2024-09-26 17:00:00,29.24000,29.36000,28.86000,28.86000
2024-09-26 18:00:00,28.86000,29.11000,28.86000,29.11000
2024-09-26 19:00:00,29.090000,29.12000,28.92000,28.92000
2024-09-26 20:00:00,28.95000,29.049999,28.81000,28.81000
2024-09-26 21:00:00,28.79000,29.14000,28.77000,29.14000
2024-09-26 22:00:00,29.11000,29.32000,29.11000,29.17000
2024-09-26 23:00:00,29.17000,29.18000,28.90000,29.15000
2024-09-27 00:00:00,29.18000,29.30000,29.12000,29.21000
2024-09-27 01:00:00,29.22000,29.28000,28.94000,29.12000
2024-09-27 02:00:00,29.16000,29.21000,28.97000,29.040001
2024-09-27 03:00:00,29,29.42000,28.97000,29.42000
2024-09-27 04:00:00,29.42000,29.48000,29.28000,29.42000
2024-09-27 05:00:00,29.41000,29.53000,29.31000,29.52000
2024-09-27 06:00:00,29.52000,29.74000,29.52000,29.60000
2024-09-27 07:00:00,29.60000,29.66000,29.47000,29.64000
2024-09-27 08:00:00,29.62000,29.88000,29.62000,29.82000
2024-09-27 09:00:00,29.81000,30.080000,29.81000,29.92000
2024-09-27 10:00:00,29.90000,29.95000,29.61000,29.61000
2024-09-27 11:00:00,29.63000,29.94000,29.63000,29.88000
2024-09-27 12:00:00,29.90000,30.16000,29.72000,30.14000
2024-09-27 13:00:00,30.13000,30.15000,29.87000,30.13000
2024-09-27 14:00:00,30.070000,30.83000,30.059999,30.71000
2024-09-27 15:00:00,30.60000,30.60000,30.13000,30.17000
2024-09-27 16:00:00,30.18000,30.54000,30.040001,30.54000
2024-09-27 17:00:00,30.55000,30.60000,30.17000,30.45000
2024-09-27 18:00:00,30.44000,30.44000,30.13000,30.26000
2024-09-27 19:00:00,30.25,30.29000,30.030001,30.20000
2024-09-27 20:00:00,30.21000,30.29000,30.049999,30.28000
2024-09-27 21:00:00,30.28000,30.40000,30.26000,30.31000
2024-09-27 22:00:00,30.32000,30.56000,30.23000,30.40000
2024-09-27 23:00:00,30.40000,30.46000,30.33000,30.43000
2024-09-28 00:00:00,30.45000,30.74000,30.42000,30.59000
2024-09-28 01:00:00,30.60000,30.72000,30.47000,30.69000
2024-09-28 02:00:00,30.65000,30.70000,30.49000,30.49000
2024-09-28 03:00:00,30.45000,30.48000,30.14000,30.20000
2024-09-28 04:00:00,30.18000,30.22000,30.090000,30.090000
2024-09-28 05:00:00,30.11000,30.11000,29.85000,29.85000
2024-09-28 06:00:00,29.85000,29.85000,29.40000,29.53000
2024-09-28 07:00:00,29.52000,29.58000,29.41000,29.48000
2024-09-28 08:00:00,29.46000,29.47000,29.22000,29.26000
2024-09-28 09:00:00,29.24000,29.42000,29.059999,29.40000
2024-09-28 10:00:00,29.37000,29.72000,29.34000,29.62000
2024-09-28 11:00:00,29.64000,29.64000,29.44000,29.5
2024-09-28 12:00:00,29.48000,29.49000,29.26000,29.32000
2024-09-28 13:00:00,29.32000,29.35000,29.13000,29.29000
2024-09-28 14:00:00,29.29000,29.63000,29.29000,29.61000
2024-09-28 15:00:00,29.62000,29.63000,29.40000,29.46000
2024-09-28 16:00:00,29.33000,29.36000,29.19000,29.21000
2024-09-28 17:00:00,29.22000,29.43000,29.22000,29.37000
2024-09-28 18:00:00,29.36000,29.48000,29.32000,29.37000
2024-09-28 19:00:00,29.38000,29.45000,29.36000,29.38000
2024-09-28 20:00:00,29.37000,29.41000,29.30000,29.30000
2024-09-28 21:00:00,29.31000,29.34000,29.14000,29.34000
2024-09-28 22:00:00,29.32000,29.35000,29.22000,29.27000
2024-09-28 23:00:00,29.26000,29.34000,29.15000,29.29000
2024-09-29 00:00:00,29.28000,29.46000,29.15000,29.16000
2024-09-29 01:00:00,29.14000,29.24000,29.080000,29.22000
2024-09-29 02:00:00,29.23000,29.35000,29.14000,29.18000
2024-09-29 03:00:00,29.18000,29.18000,29.059999,29.12000
2024-09-29 04:00:00,29.11000,29.11000,28.96000,29.049999
2024-09-29 05:00:00,29.049999,29.17000,28.96000,29
2024-09-29 06:00:00,29.010000,29.010000,28.72000,28.78000
2024-09-29 07:00:00,28.79000,28.86000,28.58000,28.62000
2024-09-29 08:00:00,28.59000,28.72000,28.55000,28.62000
2024-09-29 09:00:00,28.61000,28.84000,28.61000,28.69000
2024-09-29 10:00:00,28.69000,28.72000,28.56000,28.61000
2024-09-29 11:00:00,28.59000,28.72000,28.59000,28.69000
2024-09-29 12:00:00,28.67000,28.72000,28.37000,28.40000
2024-09-29 13:00:00,28.35000,28.71000,28.28000,28.67000
2024-09-29 14:00:00,28.63000,28.68000,28.52000,28.54000
2024-09-29 15:00:00,28.53000,28.84000,28.48000,28.83000
2024-09-29 16:00:00,28.85000,28.94000,28.66000,28.92000
2024-09-29 17:00:00,28.91000,29.16000,28.91000,29.010000
2024-09-29 18:00:00,29.040001,29.090000,28.96000,28.98000
2024-09-29 19:00:00,28.98000,29.25,28.98000,29.25
2024-09-29 20:00:00,29.25,29.37000,29.040001,29.12000
2024-09-29 21:00:00,29.15000,29.41000,29.13000,29.23000
2024-09-29 22:00:00,29.17000,29.29000,29.070000,29.080000
2024-09-29 23:00:00,29.090000,29.13000,28.91000,29.049999
2024-09-30 00:00:00,29.049999,29.11000,28.56000,28.95000
2024-09-30 01:00:00,28.90000,29,28.40000,28.41000
2024-09-30 02:00:00,28.42000,28.47000,28.28000,28.30000
2024-09-30 03:00:00,28.29000,28.59000,28.15000,28.58000
2024-09-30 04:00:00,28.58000,28.58000,28.35000,28.5
2024-09-30 05:00:00,28.46000,28.72000,28.41000,28.72000
2024-09-30 06:00:00,28.71000,28.84000,28.52000,28.52000
2024-09-30 07:00:00,28.52000,28.96000,28.51000,28.96000
2024-09-30 08:00:00,28.99000,28.99000,28.63000,28.88000
2024-09-30 09:00:00,28.86000,28.86000,28.28000,28.28000
2024-09-30 10:00:00,28.25,28.30000,27.99000,28.15000
2024-09-30 11:00:00,28.14000,28.32000,28.020000,28.30000
2024-09-30 12:00:00,28.32000,28.55000,28.26000,28.5
2024-09-30 13:00:00,28.49000,28.58000,28.37000,28.37000
2024-09-30 14:00:00,28.32000,28.38000,28.049999,28.15000
2024-09-30 15:00:00,28.21000,28.38000,27.95000,27.95000
2024-09-30 16:00:00,27.97000,28.29000,27.97000,28.22000
2024-09-30 17:00:00,28.23000,28.28000,28.070000,28.22000
2024-09-30 18:00:00,28.26000,28.26000,27.99000,28.17000
2024-09-30 19:00:00,28.16000,28.23000,27.97000,27.97000
2024-09-30 20:00:00,27.95000,28.31000,27.93000,28.27000
2024-09-30 21:00:00,28.27000,28.27000,28.080000,28.14000
2024-09-30 22:00:00,28.12000,28.17000,27.81000,27.81000
2024-09-30 23:00:00,27.78000,27.97000,27.58000,27.74000
2024-10-01 00:00:00,27.70000,28.020000,27.65000,27.99000
2024-10-01 01:00:00,27.98000,28.18000,27.96000,28.049999
2024-10-01 02:00:00,28.049999,28.15000,27.81000,28.15000
2024-10-01 03:00:00,28.15000,28.41000,28.15000,28.39000
2024-10-01 04:00:00,28.38000,28.55000,28.33000,28.53000
2024-10-01 05:00:00,28.52000,28.52000,28.32000,28.36000
2024-10-01 06:00:00,28.38000,28.72000,28.38000,28.69000
2024-10-01 07:00:00,28.70000,28.70000,28.55000,28.59000
2024-10-01 08:00:00,28.58000,28.75,28.58000,28.65000
2024-10-01 09:00:00,28.65000,28.79000,28.62000,28.67000
2024-10-01 10:00:00,28.66000,28.88000,28.65000,28.86000
2024-10-01 11:00:00,28.88000,28.88000,28.65000,28.65000
2024-10-01 12:00:00,28.64000,28.74000,28.55000,28.64000
2024-10-01 13:00:00,28.64000,28.64000,27.78000,27.97000
2024-10-01 14:00:00,27.95000,28.10000,27.070000,27.090000
2024-10-01 15:00:00,27.10000,27.10000,26.090000,26.71000
2024-10-01 16:00:00,26.61000,26.86000,26.20000,26.53000
2024-10-01 17:00:00,26.48000,26.48000,25.059999,26.38000
2024-10-01 18:00:00,26.27000,26.51000,26.040001,26.16000
2024-10-01 19:00:00,26.12000,26.33000,25.91000,25.91000
2024-10-01 20:00:00,25.92000,25.95000,25.52000,25.90000
2024-10-01 21:00:00,25.88000,26.23000,25.71000,26.23000
2024-10-01 22:00:00,26.18000,26.18000,25.84000,25.96000
2024-10-01 23:00:00,25.93000,26.010000,25.82000,25.84000
2024-10-02 00:00:00,25.79000,26.040001,25.63000,25.83000
2024-10-02 01:00:00,25.80000,26.24000,25.79000,26.23000
2024-10-02 02:00:00,26.22000,26.36000,26.13000,26.31000
2024-10-02 03:00:00,26.31000,26.48000,26.22000,26.38000
2024-10-02 04:00:00,26.38000,26.38000,26.20000,26.29000
2024-10-02 05:00:00,26.29000,26.35000,26.080000,26.16000
2024-10-02 06:00:00,26.18000,26.59000,26.049999,26.56000
2024-10-02 07:00:00,26.56000,26.77000,26.43000,26.60000
2024-10-02 08:00:00,26.60000,26.73000,26.51000,26.63000
2024-10-02 09:00:00,26.64000,26.64000,25.94000,26.010000
2024-10-02 10:00:00,25.99000,26.20000,25.83000,25.83000
2024-10-02 11:00:00,25.84000,26.14000,25.72000,25.99000
2024-10-02 12:00:00,25.96000,26.010000,25.64000,25.68000
2024-10-02 13:00:00,25.66000,26.020000,25.47000,25.89000
2024-10-02 14:00:00,25.90000,26.15000,25.84000,25.84000
2024-10-02 15:00:00,25.82000,26.24000,25.81000,26.22000
2024-10-02 16:00:00,26.22000,26.46000,25.95000,25.95000
2024-10-02 17:00:00,25.96000,26.020000,25.72000,25.91000
2024-10-02 18:00:00,25.88000,25.90000,25.28000,25.28000
2024-10-02 19:00:00,25.25,25.32000,25.040001,25.24000
2024-10-02 20:00:00,25.25,25.57000,25.12000,25.54000
2024-10-02 21:00:00,25.51000,25.57000,25.30000,25.44000
2024-10-02 22:00:00,25.45000,25.57000,25.20000,25.57000
2024-10-02 23:00:00,25.58000,25.58000,25.34000,25.34000
2024-10-03 00:00:00,25.32000,25.58000,25.15000,25.41000
2024-10-03 01:00:00,25.40000,25.60000,25.38000,25.45000
2024-10-03 02:00:00,25.41000,25.59000,25.35000,25.45000
2024-10-03 03:00:00,25.43000,25.58000,25.34000,25.58000
2024-10-03 04:00:00,25.56000,25.65000,25.39000,25.49000
2024-10-03 05:00:00,25.49000,25.57000,25.42000,25.48000
2024-10-03 06:00:00,25.45000,25.56000,25.42000,25.5
2024-10-03 07:00:00,25.49000,25.54000,24.89000,24.89000
2024-10-03 08:00:00,24.89000,24.98000,24.45000,24.53000
2024-10-03 09:00:00,24.47000,24.79000,24.22000,24.70000
2024-10-03 10:00:00,24.68000,24.95000,24.67000,24.95000
2024-10-03 11:00:00,25,25.040001,24.69000,24.69000
2024-10-03 12:00:00,24.71000,24.71000,24.37000,24.5
2024-10-03 13:00:00,24.49000,24.49000,24.020000,24.42000
2024-10-03 14:00:00,24.44000,24.73000,24.030001,24.030001
2024-10-03 15:00:00,24.040001,24.41000,23.94000,24.36000
2024-10-03 16:00:00,24.37000,24.43000,23.96000,24.20000
2024-10-03 17:00:00,24.12000,24.52000,24.049999,24.45000
2024-10-03 18:00:00,24.45000,24.57000,24.39000,24.48000
2024-10-03 19:00:00,24.47000,24.78000,24.43000,24.75
2024-10-03 20:00:00,24.75,24.83000,24.52000,24.56000
2024-10-03 21:00:00,24.55000,24.77000,24.44000,24.73000
2024-10-03 22:00:00,24.71000,24.81000,24.62000,24.71000
2024-10-03 23:00:00,24.71000,24.78000,24.58000,24.65000
2024-10-04 00:00:00,24.60000,24.69000,24.44000,24.44000
2024-10-04 01:00:00,24.44000,24.98000,24.44000,24.95000
2024-10-04 02:00:00,24.95000,25.11000,24.87000,25.030001
2024-10-04 03:00:00,25.020000,25.030001,24.86000,24.91000
2024-10-04 04:00:00,24.90000,25.13000,24.90000,24.96000
2024-10-04 05:00:00,24.95000,25.19000,24.95000,25.16000
2024-10-04 06:00:00,25.16000,25.20000,25.030001,25.040001
2024-10-04 07:00:00,25.010000,25.32000,25.010000,25.30000
2024-10-04 08:00:00,25.29000,25.60000,25.28000,25.46000
2024-10-04 09:00:00,25.46000,25.67000,25.46000,25.5
2024-10-04 10:00:00,25.5,25.56000,25.39000,25.42000
2024-10-04 11:00:00,25.44000,25.70000,25.42000,25.70000
2024-10-04 12:00:00,25.72000,25.92000,25.5,25.92000
2024-10-04 13:00:00,25.89000,25.96000,25.59000,25.72000
2024-10-04 14:00:00,25.73000,25.73000,25.35000,25.63000
2024-10-04 15:00:00,25.65000,26.13000,25.65000,26.13000
2024-10-04 16:00:00,26.17000,26.48000,26.020000,26.45000
2024-10-04 17:00:00,26.48000,26.5,26.18000,26.18000
2024-10-04 18:00:00,26.18000,26.43000,26.090000,26.37000
2024-10-04 19:00:00,26.37000,26.44000,26.25,26.32000
2024-10-04 20:00:00,26.28000,26.37000,26.23000,26.34000
2024-10-04 21:00:00,26.34000,26.40000,26.24000,26.26000
2024-10-04 22:00:00,26.25,26.28000,26.16000,26.21000
2024-10-04 23:00:00,26.22000,26.27000,26.13000,26.27000
2024-10-05 00:00:00,26.28000,26.39000,26.19000,26.38000
2024-10-05 01:00:00,26.38000,26.41000,26.17000,26.19000
2024-10-05 02:00:00,26.19000,26.21000,25.83000,25.85000
2024-10-05 03:00:00,25.82000,25.98000,25.77000,25.84000
2024-10-05 04:00:00,25.85000,26.090000,25.81000,25.98000
2024-10-05 05:00:00,25.97000,26.30000,25.97000,26.30000
2024-10-05 06:00:00,26.31000,26.31000,26.17000,26.19000
2024-10-05 07:00:00,26.19000,26.20000,26.040001,26.040001
2024-10-05 08:00:00,26.020000,26.11000,25.99000,26.049999
2024-10-05 09:00:00,26.040001,26.12000,26.020000,26.070000
2024-10-05 10:00:00,26.070000,26.080000,25.86000,25.86000
2024-10-05 11:00:00,25.85000,25.97000,25.83000,25.85000
2024-10-05 12:00:00,25.85000,25.95000,25.84000,25.95000
2024-10-05 13:00:00,25.96000,25.96000,25.64000,25.65000
2024-10-05 14:00:00,25.63000,25.77000,25.59000,25.70000
2024-10-05 15:00:00,25.72000,25.77000,25.58000,25.74000
2024-10-05 16:00:00,25.73000,25.75,25.5,25.5
2024-10-05 17:00:00,25.51000,25.68000,25.48000,25.60000
2024-10-05 18:00:00,25.63000,25.64000,25.46000,25.52000
2024-10-05 19:00:00,25.53000,25.57000,25.42000,25.46000
2024-10-05 20:00:00,25.46000,25.46000,25.17000,25.18000
2024-10-05 21:00:00,25.17000,25.5,25.11000,25.39000
2024-10-05 22:00:00,25.43000,25.64000,25.43000,25.62000
2024-10-05 23:00:00,25.64000,25.74000,25.55000,25.66000
2024-10-06 00:00:00,25.66000,25.66000,25.5,25.55000
2024-10-06 01:00:00,25.54000,25.84000,25.54000,25.79000
2024-10-06 02:00:00,25.83000,25.87000,25.72000,25.77000
2024-10-06 03:00:00,25.76000,25.86000,25.62000,25.63000
2024-10-06 04:00:00,25.66000,25.84000,25.64000,25.83000
2024-10-06 05:00:00,25.84000,25.94000,25.77000,25.92000
2024-10-06 06:00:00,25.92000,26.080000,25.90000,25.98000
2024-10-06 07:00:00,26.020000,26.27000,26.020000,26.21000
2024-10-06 08:00:00,26.26000,26.26000,26.090000,26.15000
2024-10-06 09:00:00,26.14000,26.26000,26.049999,26.21000
2024-10-06 10:00:00,26.26000,26.27000,26.090000,26.090000
2024-10-06 11:00:00,26.10000,26.34000,26.059999,26.34000
2024-10-06 12:00:00,26.35000,26.65000,26.35000,26.65000
2024-10-06 13:00:00,26.69000,26.80000,26.46000,26.46000
2024-10-06 14:00:00,26.47000,26.92000,26.43000,26.88000
2024-10-06 15:00:00,26.95000,26.96000,26.79000,26.93000
2024-10-06 16:00:00,26.93000,27.020000,26.75,26.75
2024-10-06 17:00:00,26.76000,26.95000,26.76000,26.86000
2024-10-06 18:00:00,26.89000,27.059999,26.88000,27.059999
2024-10-06 19:00:00,27.059999,27.080000,26.82000,26.84000
2024-10-06 20:00:00,26.85000,27,26.80000,26.87000
2024-10-06 21:00:00,26.84000,26.92000,26.62000,26.62000
2024-10-06 22:00:00,26.68000,26.89000,26.68000,26.76000
2024-10-06 23:00:00,26.80000,26.99000,26.80000,26.93000
2024-10-07 00:00:00,26.94000,27.21000,26.85000,27.21000
2024-10-07 01:00:00,27.21000,27.49000,27.20000,27.47000
2024-10-07 02:00:00,27.5,27.52000,27.24000,27.28000
2024-10-07 03:00:00,27.29000,27.40000,27.14000,27.30000
2024-10-07 04:00:00,27.31000,27.42000,27.24000,27.24000
2024-10-07 05:00:00,27.27000,27.42000,27.22000,27.30000
2024-10-07 06:00:00,27.29000,27.54000,27.29000,27.5
2024-10-07 07:00:00,27.45000,27.46000,27.21000,27.23000
2024-10-07 08:00:00,27.25,27.36000,27.10000,27.12000
2024-10-07 09:00:00,27.10000,27.13000,26.92000,27
2024-10-07 10:00:00,26.98000,26.98000,26.68000,26.87000
2024-10-07 11:00:00,26.87000,26.99000,26.66000,26.99000
2024-10-07 12:00:00,26.99000,27.22000,26.90000,27.070000
2024-10-07 13:00:00,27.059999,27.27000,26.99000,27.059999
2024-10-07 14:00:00,27.070000,27.72000,27.070000,27.32000
2024-10-07 15:00:00,27.29000,27.37000,27.020000,27.14000
2024-10-07 16:00:00,27.14000,27.41000,27.059999,27.35000
2024-10-07 17:00:00,27.39000,27.43000,27.17000,27.32000
2024-10-07 18:00:00,27.33000,27.36000,26.85000,26.86000
2024-10-07 19:00:00,26.87000,27.15000,26.87000,27.15000
2024-10-07 20:00:00,27.15000,27.16000,26.87000,26.88000
2024-10-07 21:00:00,26.88000,27.17000,26.88000,27.13000
2024-10-07 22:00:00,27.090000,27.13000,26.71000,26.71000
2024-10-07 23:00:00,26.65000,26.81000,26.54000,26.55000
2024-10-08 00:00:00,26.59000,26.92000,26.55000,26.92000
2024-10-08 01:00:00,26.91000,27.020000,26.78000,26.95000
2024-10-08 02:00:00,26.98000,27.11000,26.90000,27.11000
2024-10-08 03:00:00,27.17000,27.18000,27.049999,27.080000
2024-10-08 04:00:00,27.090000,27.13000,26.86000,26.90000
2024-10-08 05:00:00,26.93000,26.93000,26.48000,26.59000
2024-10-08 06:00:00,26.55000,26.61000,26.31000,26.61000
2024-10-08 07:00:00,26.61000,26.62000,26.26000,26.52000
2024-10-08 08:00:00,26.46000,26.66000,26.38000,26.55000
2024-10-08 09:00:00,26.58000,26.64000,26.44000,26.60000
2024-10-08 10:00:00,26.60000,26.62000,26.45000,26.58000
2024-10-08 11:00:00,26.57000,26.75,26.49000,26.71000
2024-10-08 12:00:00,26.72000,26.74000,26.38000,26.43000
2024-10-08 13:00:00,26.42000,26.77000,26.15000,26.77000
2024-10-08 14:00:00,26.81000,26.83000,26.18000,26.57000
2024-10-08 15:00:00,26.55000,26.59000,26.040001,26.33000
2024-10-08 16:00:00,26.30000,26.54000,26.20000,26.54000
2024-10-08 17:00:00,26.54000,26.54000,26.30000,26.46000
2024-10-08 18:00:00,26.47000,26.57000,26.26000,26.38000
2024-10-08 19:00:00,26.35000,26.5,26.23000,26.39000
2024-10-08 20:00:00,26.40000,26.59000,26.34000,26.57000
2024-10-08 21:00:00,26.58000,26.70000,26.53000,26.62000
2024-10-08 22:00:00,26.63000,26.67000,26.38,26.39
2024-10-08 23:00:00,26.39,26.42,26.23,26.34
2024-10-09 00:00:00,26.34,26.48,26.2,26.36
2024-10-09 01:00:00,26.35,26.7,26.31,26.56
2024-10-09 02:00:00,26.56,26.57,26.28,26.29
2024-10-09 03:00:00,26.3,26.42,26.18,26.33
2024-10-09 04:00:00,26.33,26.42,26.22,26.29
2024-10-09 05:00:00,26.3,26.61,26.29,26.56
2024-10-09 06:00:00,26.57,26.61,26.45,26.52
2024-10-09 07:00:00,26.51,26.56,26.35,26.46
2024-10-09 08:00:00,26.46,26.59,26.41,26.45
2024-10-09 09:00:00,26.44,26.55,26.39,26.55
2024-10-09 10:00:00,26.54,26.55,26.29,26.37
2024-10-09 11:00:00,26.37,26.48,26.29,26.45
2024-10-09 12:00:00,26.45,26.48,25.97,26.12
2024-10-09 13:00:00,26.12,26.15,25.75,25.81
2024-10-09 14:00:00,25.81,26,25.68,25.83
2024-10-09 15:00:00,25.83,26.29,25.8,26.21
2024-10-09 16:00:00,26.2,26.23,25.8,25.89
2024-10-09 17:00:00,25.88,26.14,25.77,26.13
2024-10-09 18:00:00,26.13,26.23,25.98,26.14
2024-10-09 19:00:00,26.14,26.3,26,26.1
2024-10-09 20:00:00,26.09,26.18,25.74,25.77
2024-10-09 21:00:00,25.76,25.98,25.73,25.97
2024-10-09 22:00:00,25.96,26,25.8,25.85
2024-10-09 23:00:00,25.84,25.9,25.75,25.76
2024-10-10 00:00:00,25.76,25.81,25.54,25.7
2024-10-10 01:00:00,25.69,25.98,25.66,25.89
2024-10-10 02:00:00,25.89,26.01,25.85,25.93
2024-10-10 03:00:00,25.93,26.04,25.9,25.95
2024-10-10 04:00:00,25.95,26.06,25.93,25.97
2024-10-10 05:00:00,25.96,26.17,25.89,26.11
2024-10-10 06:00:00,26.1,26.34,26.07,26.32
2024-10-10 07:00:00,26.33,26.37,26.09,26.11
2024-10-10 08:00:00,26.12,26.21,25.91,25.93
2024-10-10 09:00:00,25.93,25.95,25.67,25.84
2024-10-10 10:00:00,25.84,26.13,25.79,26.06
2024-10-10 11:00:00,26.06,26.24,26.06,26.15
2024-10-10 12:00:00,26.15,26.27,25.83,25.88
2024-10-10 13:00:00,25.87,26.16,25.61,25.73
2024-10-10 14:00:00,25.73,25.83,25.52,25.61
2024-10-10 15:00:00,25.61,25.88,25.53,25.85
2024-10-10 16:00:00,25.86,25.93,25.59,25.6
2024-10-10 17:00:00,25.6,25.7,25.24,25.33
2024-10-10 18:00:00,25.32,25.46,25.06,25.45
2024-10-10 19:00:00,25.45,25.53,25.35,25.52
2024-10-10 20:00:00,25.51,25.63,25.42,25.62
2024-10-10 21:00:00,25.61,25.85,25.56,25.84
2024-10-10 22:00:00,25.83,25.85,25.69,25.74
2024-10-10 23:00:00,25.74,25.93,25.72,25.86
2024-10-11 00:00:00,25.85,26.03,25.83,25.84
2024-10-11 01:00:00,25.85,26.12,25.75,26.07
2024-10-11 02:00:00,26.08,26.1,25.92,26.04
2024-10-11 03:00:00,26.04,26.15,26.04,26.04
2024-10-11 04:00:00,26.06,26.14,26.01,26.05
2024-10-11 05:00:00,26.04,26.14,25.97,25.97
2024-10-11 06:00:00,25.97,26.2,25.97,26.12
2024-10-11 07:00:00,26.13,26.2,26.1,26.14
2024-10-11 08:00:00,26.14,26.6,26.14,26.31
2024-10-11 09:00:00,26.31,26.58,26.31,26.52
2024-10-11 10:00:00,26.53,26.61,26.42,26.51
2024-10-11 11:00:00,26.51,26.53,26.39,26.43
2024-10-11 12:00:00,26.43,26.62,26.41,26.56
2024-10-11 13:00:00,26.56,26.6,26.33,26.56
2024-10-11 14:00:00,26.57,26.68,26.48,26.64
2024-10-11 15:00:00,26.65,26.82,26.58,26.78
2024-10-11 16:00:00,26.78,26.91,26.72,26.77
2024-10-11 17:00:00,26.78,26.96,26.68,26.96
2024-10-11 18:00:00,26.96,27.09,26.86,27.02
2024-10-11 19:00:00,27.02,27.33,26.97,27.32
2024-10-11 20:00:00,27.31,27.43,27.25,27.36
2024-10-11 21:00:00,27.36,27.44,27.23,27.25
2024-10-11 22:00:00,27.25,27.6,27.23,27.48
2024-10-11 23:00:00,27.49,27.55,27.35,27.45
2024-10-12 00:00:00,27.46,27.86,27.39,27.85
2024-10-12 01:00:00,27.86,28.96,27.73,28.89
2024-10-12 02:00:00,28.89,29,28.36,28.38
2024-10-12 03:00:00,28.37,28.58,28.26,28.31
2024-10-12 04:00:00,28.32,28.55,28.29,28.48
2024-10-12 05:00:00,28.47,28.51,28.34,28.46
2024-10-12 06:00:00,28.45,28.52,28.24,28.25
2024-10-12 07:00:00,28.26,28.27,28.13,28.17
2024-10-12 08:00:00,28.17,28.26,28.1,28.13
2024-10-12 09:00:00,28.14,28.42,28.11,28.41
2024-10-12 10:00:00,28.41,28.57,28.34,28.52
2024-10-12 11:00:00,28.52,28.59,28.38,28.56
2024-10-12 12:00:00,28.56,28.73,28.5,28.64
2024-10-12 13:00:00,28.63,29.26,28.6,29.25
2024-10-12 14:00:00,29.26,29.3,29.06,29.26
2024-10-12 15:00:00,29.26,29.37,29.01,29.09
2024-10-12 16:00:00,29.09,29.26,29.02,29.03
2024-10-12 17:00:00,29.02,29.19,29.02,29.16
2024-10-12 18:00:00,29.16,29.25,28.91,28.94
2024-10-12 19:00:00,28.95,29.02,28.86,28.97
2024-10-12 20:00:00,28.97,28.99,28.67,28.75
2024-10-12 21:00:00,28.75,28.8,28.53,28.61
2024-10-12 22:00:00,28.6,28.73,28.53,28.62
2024-10-12 23:00:00,28.63,28.69,28.54,28.64
2024-10-13 00:00:00,28.63,28.68,28.47,28.58
2024-10-13 01:00:00,28.57,28.7,28.42,28.66
2024-10-13 02:00:00,28.66,29,28.65,28.99
2024-10-13 03:00:00,29,29.03,28.6,28.8
2024-10-13 04:00:00,28.8,29.03,28.8,29.01
2024-10-13 05:00:00,29.01,29.13,28.95,29
2024-10-13 06:00:00,28.99,29.1,28.9,28.92
2024-10-13 07:00:00,28.92,29.07,28.82,29.04
2024-10-13 08:00:00,29.04,29.19,28.96,28.97
2024-10-13 09:00:00,28.96,29.22,28.9,29.17
2024-10-13 10:00:00,29.17,29.36,29.04,29.06
2024-10-13 11:00:00,29.07,29.12,28.91,29
2024-10-13 12:00:00,29,29.26,29,29.04
2024-10-13 13:00:00,29.04,29.22,28.93,28.93
2024-10-13 14:00:00,28.94,28.95,28.43,28.5
2024-10-13 15:00:00,28.5,28.81,28.39,28.47
2024-10-13 16:00:00,28.46,28.67,28.39,28.59
2024-10-13 17:00:00,28.58,28.84,28.44,28.5
2024-10-13 18:00:00,28.5,28.54,28.3,28.38
2024-10-13 19:00:00,28.39,28.69,28.39,28.62
2024-10-13 20:00:00,28.63,28.64,28.47,28.52
2024-10-13 21:00:00,28.53,28.85,28.42,28.84
2024-10-13 22:00:00,28.84,29.04,28.73,28.88
2024-10-13 23:00:00,28.87,29.27,28.79,29.06
2024-10-14 00:00:00,29.05,29.07,28.65,28.72
2024-10-14 01:00:00,28.72,29.24,28.72,29.15
2024-10-14 02:00:00,29.14,29.21,28.88,28.94
2024-10-14 03:00:00,28.95,29.8,28.93,29.74
2024-10-14 04:00:00,29.73,29.87,29.48,29.51
2024-10-14 05:00:00,29.51,29.54,29.29,29.45
2024-10-14 06:00:00,29.46,29.62,29.37,29.53
2024-10-14 07:00:00,29.52,29.55,29.34,29.5
2024-10-14 08:00:00,29.5,29.57,29.27,29.3
2024-10-14 09:00:00,29.3,29.37,29.04,29.25
2024-10-14 10:00:00,29.25,29.41,29.11,29.38
2024-10-14 11:00:00,29.38,29.4,29.22,29.36
2024-10-14 12:00:00,29.36,29.41,29.19,29.2
2024-10-14 13:00:00,29.21,29.46,29.07,29.41
2024-10-14 14:00:00,29.42,29.75,29.38,29.5
2024-10-14 15:00:00,29.51,29.72,29.5,29.55
2024-10-14 16:00:00,29.56,29.61,29,29.14
2024-10-14 17:00:00,29.14,29.22,29.1,29.14
2024-10-14 18:00:00,29.15,29.28,29.06,29.19
2024-10-14 19:00:00,29.18,29.35,29.11,29.12
2024-10-14 20:00:00,29.12,29.23,29.1,29.15
2024-10-14 21:00:00,29.15,29.22,28.95,28.99
2024-10-14 22:00:00,28.99,29.42,28.96,29.41
2024-10-14 23:00:00,29.41,29.43,29.03,29.07
2024-10-15 00:00:00,29.07,29.11,28.79,28.96
2024-10-15 01:00:00,28.97,29.08,28.68,28.8
2024-10-15 02:00:00,28.81,29,28.8,28.84
2024-10-15 03:00:00,28.84,28.87,28.66,28.72
2024-10-15 04:00:00,28.72,28.92,28.62,28.87
2024-10-15 05:00:00,28.87,28.88,28.46,28.49
2024-10-15 06:00:00,28.5,28.78,28.45,28.73
2024-10-15 07:00:00,28.73,28.85,28.71,28.78
2024-10-15 08:00:00,28.78,29.09,28.76,28.96
2024-10-15 09:00:00,28.96,29.19,28.79,28.91
2024-10-15 10:00:00,28.91,29.46,28.91,29.22
2024-10-15 11:00:00,29.23,29.27,28.33,28.49
2024-10-15 12:00:00,28.49,28.87,28.37,28.77
2024-10-15 13:00:00,28.76,29.58,28.54,29.49
2024-10-15 14:00:00,29.48,29.62,28.16,28.36
2024-10-15 15:00:00,28.37,28.39,27.45,28.11
2024-10-15 16:00:00,28.13,28.58,28.03,28.36
2024-10-15 17:00:00,28.34,28.47,28.15,28.31
2024-10-15 18:00:00,28.31,28.62,28.27,28.43
2024-10-15 19:00:00,28.42,28.49,28.15,28.22
2024-10-15 20:00:00,28.22,28.42,27.74,27.76
2024-10-15 21:00:00,27.76,28.1,27.75,28.07
2024-10-15 22:00:00,28.07,28.17,27.89,27.9
2024-10-15 23:00:00,27.9,28.24,27.85,28.21
2024-10-16 00:00:00,28.21,28.22,27.88,27.9
2024-10-16 01:00:00,27.9,28.07,27.72,28.01
2024-10-16 02:00:00,28.01,28.22,27.96,27.96
2024-10-16 03:00:00,27.97,27.98,27.65,27.66
2024-10-16 04:00:00,27.67,27.79,27.5,27.62
2024-10-16 05:00:00,27.63,27.84,27.62,27.77
2024-10-16 06:00:00,27.77,27.83,27.4,27.56
2024-10-16 07:00:00,27.56,27.62,27.25,27.34
2024-10-16 08:00:00,27.33,27.54,27.28,27.4
2024-10-16 09:00:00,27.39,27.7,27.38,27.69
2024-10-16 10:00:00,27.68,27.79,27.58,27.68
2024-10-16 11:00:00,27.68,28.03,27.51,27.88
2024-10-16 12:00:00,27.88,28.02,27.74,27.95
2024-10-16 13:00:00,27.96,28.09,27.69,27.71
2024-10-16 14:00:00,27.71,28.17,27.55,27.71
2024-10-16 15:00:00,27.71,27.77,27.4,27.48
2024-10-16 16:00:00,27.48,27.7,27.32,27.67
2024-10-16 17:00:00,27.67,27.82,27.58,27.74
2024-10-16 18:00:00,27.73,27.81,27.6,27.62
2024-10-16 19:00:00,27.62,27.7,27.55,27.62
2024-10-16 20:00:00,27.62,28.05,27.6,27.9
2024-10-16 21:00:00,27.9,28.02,27.83,27.87
2024-10-16 22:00:00,27.87,28.19,27.87,28.13
2024-10-16 23:00:00,28.13,28.19,27.97,28.02
2024-10-17 00:00:00,28.03,28.19,28.01,28.03
2024-10-17 01:00:00,28.03,28.27,27.94,28.25
2024-10-17 02:00:00,28.25,28.27,27.96,27.98
2024-10-17 03:00:00,27.98,28.1,27.96,28.06
2024-10-17 04:00:00,28.06,28.07,27.79,27.79
2024-10-17 05:00:00,27.8,27.87,27.61,27.65
2024-10-17 06:00:00,27.65,27.75,27.5,27.55
2024-10-17 07:00:00,27.55,27.59,27.38,27.57
2024-10-17 08:00:00,27.57,27.78,27.49,27.72
2024-10-17 09:00:00,27.72,27.84,27.65,27.66
2024-10-17 10:00:00,27.66,27.71,27.23,27.5
2024-10-17 11:00:00,27.49,27.52,27.18,27.27
2024-10-17 12:00:00,27.27,27.6,27.19,27.59
2024-10-17 13:00:00,27.59,27.73,27.36,27.56
2024-10-17 14:00:00,27.56,27.65,27.33,27.6
2024-10-17 15:00:00,27.6,27.88,27.47,27.75
2024-10-17 16:00:00,27.75,27.78,27.4,27.46
2024-10-17 17:00:00,27.47,27.58,27.1,27.17
2024-10-17 18:00:00,27.17,27.19,26.82,27.01
2024-10-17 19:00:00,27.01,27.22,26.91,27.16
2024-10-17 20:00:00,27.16,27.4,27.15,27.19
2024-10-17 21:00:00,27.19,27.23,27.06,27.15
2024-10-17 22:00:00,27.15,27.36,27.15,27.34
2024-10-17 23:00:00,27.35,27.35,27.22,27.31
2024-10-18 00:00:00,27.31,27.37,27.1,27.16
2024-10-18 01:00:00,27.15,27.76,27.13,27.67
2024-10-18 02:00:00,27.68,27.72,27.49,27.7
2024-10-18 03:00:00,27.7,27.72,27.4,27.42
2024-10-18 04:00:00,27.43,27.58,27.42,27.45
2024-10-18 05:00:00,27.46,27.64,27.37,27.63
2024-10-18 06:00:00,27.62,27.8,27.59,27.66
2024-10-18 07:00:00,27.65,27.73,27.57,27.7
2024-10-18 08:00:00,27.69,27.73,27.58,27.67
2024-10-18 09:00:00,27.67,27.73,27.48,27.51
2024-10-18 10:00:00,27.52,27.63,27.46,27.61
2024-10-18 11:00:00,27.6,27.7,27.43,27.46
2024-10-18 12:00:00,27.46,27.53,27.33,27.4
2024-10-18 13:00:00,27.4,27.67,27.39,27.62
2024-10-18 14:00:00,27.62,27.72,27.43,27.62
2024-10-18 15:00:00,27.61,27.87,27.59,27.8
2024-10-18 16:00:00,27.8,27.99,27.61,27.97
2024-10-18 17:00:00,27.97,28.02,27.86,27.9
2024-10-18 18:00:00,27.9,28.15,27.84,28.11
2024-10-18 19:00:00,28.1,28.17,27.85,27.87
2024-10-18 20:00:00,27.87,27.93,27.79,27.82
2024-10-18 21:00:00,27.82,27.93,27.79,27.91
2024-10-18 22:00:00,27.91,28,27.83,27.97
2024-10-18 23:00:00,27.96,28.12,27.96,28.1
2024-10-19 00:00:00,28.1,28.19,28.03,28.15
2024-10-19 01:00:00,28.15,28.26,28.1,28.1
2024-10-19 02:00:00,28.11,28.35,28.07,28.35
2024-10-19 03:00:00,28.34,28.46,28.23,28.26
2024-10-19 04:00:00,28.27,28.33,28.13,28.15
2024-10-19 05:00:00,28.15,28.28,28.14,28.27
2024-10-19 06:00:00,28.26,28.3,28.19,28.2
2024-10-19 07:00:00,28.21,28.26,28.04,28.06
2024-10-19 08:00:00,28.06,28.18,28.05,28.15
2024-10-19 09:00:00,28.14,28.16,27.98,28
2024-10-19 10:00:00,27.99,28.04,27.88,27.9
2024-10-19 11:00:00,27.89,27.95,27.72,27.72
2024-10-19 12:00:00,27.72,27.93,27.71,27.91
2024-10-19 13:00:00,27.91,27.91,27.8,27.87
2024-10-19 14:00:00,27.89,28.24,27.88,28.23
2024-10-19 15:00:00,28.23,28.25,28.04,28.12
2024-10-19 16:00:00,28.12,28.14,27.94,27.94
2024-10-19 17:00:00,27.94,28,27.88,27.92
2024-10-19 18:00:00,27.92,28.05,27.89,27.94
2024-10-19 19:00:00,27.94,28.04,27.89,27.91
2024-10-19 20:00:00,27.92,28.06,27.9,27.99
2024-10-19 21:00:00,28,28.12,27.97,27.98
2024-10-19 22:00:00,27.98,28.2,27.96,28.14
2024-10-19 23:00:00,28.14,28.17,28.06,28.1
2024-10-20 00:00:00,28.1,28.22,27.97,27.97
2024-10-20 01:00:00,27.97,27.99,27.88,27.89
2024-10-20 02:00:00,27.9,27.98,27.82,27.88
2024-10-20 03:00:00,27.88,27.88,27.77,27.82
2024-10-20 04:00:00,27.82,27.95,27.76,27.87
2024-10-20 05:00:00,27.87,27.98,27.82,27.83
2024-10-20 06:00:00,27.83,28.02,27.79,28.01
2024-10-20 07:00:00,28.02,28.05,27.93,27.93
2024-10-20 08:00:00,27.94,28.07,27.9,27.95
2024-10-20 09:00:00,27.95,28.04,27.87,28.04
2024-10-20 10:00:00,28.04,28.09,27.98,27.98
2024-10-20 11:00:00,27.98,28.18,27.98,28.13
2024-10-20 12:00:00,28.13,28.17,27.87,27.88
2024-10-20 13:00:00,27.87,28.13,27.83,28.07
2024-10-20 14:00:00,28.07,28.46,28.07,28.39
2024-10-20 15:00:00,28.4,28.41,28.12,28.38
2024-10-20 16:00:00,28.39,28.44,28.2,28.22
2024-10-20 17:00:00,28.23,28.3,28.14,28.26
2024-10-20 18:00:00,28.26,28.36,28.24,28.33
2024-10-20 19:00:00,28.33,28.33,28.2,28.3
2024-10-20 20:00:00,28.31,28.58,28.21,28.48
2024-10-20 21:00:00,28.47,28.58,28.39,28.48
2024-10-20 22:00:00,28.49,28.87,28.48,28.83
2024-10-20 23:00:00,28.84,29,28.82,28.96
2024-10-21 00:00:00,28.97,29.32,28.96,29.22
2024-10-21 01:00:00,29.23,29.28,29.05,29.09
2024-10-21 02:00:00,29.1,29.15,28.7,28.73
2024-10-21 03:00:00,28.74,28.78,28.6,28.69
2024-10-21 04:00:00,28.68,28.86,28.59,28.85
2024-10-21 05:00:00,28.85,28.96,28.8,28.9
2024-10-21 06:00:00,28.89,29.08,28.67,28.7
2024-10-21 07:00:00,28.7,28.89,28.6,28.62
2024-10-21 08:00:00,28.63,28.8,28.51,28.53
2024-10-21 09:00:00,28.52,28.63,28.31,28.5
2024-10-21 10:00:00,28.5,28.59,28.27,28.32
2024-10-21 11:00:00,28.32,28.43,28.24,28.25
2024-10-21 12:00:00,28.26,28.35,28.03,28.11
2024-10-21 13:00:00,28.1,28.18,27.6,27.75
2024-10-21 14:00:00,27.75,27.93,27.68,27.81
2024-10-21 15:00:00,27.81,27.82,27.62,27.76
2024-10-21 16:00:00,27.75,27.75,27.38,27.64
2024-10-21 17:00:00,27.63,27.9,27.62,27.83
2024-10-21 18:00:00,27.83,27.83,27.63,27.72
2024-10-21 19:00:00,27.72,28.01,27.71,27.99
2024-10-21 20:00:00,27.99,27.99,27.79,27.89
2024-10-21 21:00:00,27.89,28.03,27.88,27.96
2024-10-21 22:00:00,27.95,28.05,27.89,27.93
2024-10-21 23:00:00,27.94,27.94,27.74,27.75
2024-10-22 00:00:00,27.75,27.86,27.41,27.79
2024-10-22 01:00:00,27.78,28.05,27.68,28.04
2024-10-22 02:00:00,28.04,28.15,27.84,27.88
2024-10-22 03:00:00,27.88,28.04,27.86,28.03
2024-10-22 04:00:00,28.03,28.06,27.9,27.94
2024-10-22 05:00:00,27.95,28.15,27.89,28.09
2024-10-22 06:00:00,28.08,28.23,28.06,28.08
2024-10-22 07:00:00,28.08,28.16,27.97,27.99
2024-10-22 08:00:00,27.98,28.02,27.53,27.54
2024-10-22 09:00:00,27.54,27.62,27.24,27.48
2024-10-22 10:00:00,27.47,27.73,27.35,27.72
2024-10-22 11:00:00,27.71,27.95,27.68,27.77
2024-10-22 12:00:00,27.76,27.9,27.53,27.65
2024-10-22 13:00:00,27.63,27.81,27.42,27.69
2024-10-22 14:00:00,27.69,27.95,27.51,27.87
2024-10-22 15:00:00,27.87,27.99,27.58,27.81
2024-10-22 16:00:00,27.81,27.82,27.39,27.39
2024-10-22 17:00:00,27.4,27.76,27.38,27.64
2024-10-22 18:00:00,27.65,27.75,27.57,27.58
2024-10-22 19:00:00,27.58,27.76,27.56,27.66
2024-10-22 20:00:00,27.67,27.72,27.58,27.71
2024-10-22 21:00:00,27.71,27.74,27.58,27.69
2024-10-22 22:00:00,27.7,27.8,27.62,27.74
2024-10-22 23:00:00,27.75,27.79,27.57,27.64
2024-10-23 00:00:00,27.65,27.71,27.44,27.44
2024-10-23 01:00:00,27.44,27.55,27.4,27.47
2024-10-23 02:00:00,27.46,27.48,27.26,27.31
2024-10-23 03:00:00,27.31,27.38,27.14,27.34
2024-10-23 04:00:00,27.35,27.39,27.24,27.33
2024-10-23 05:00:00,27.34,27.35,27.15,27.25
2024-10-23 06:00:00,27.26,27.47,27.16,27.21
2024-10-23 07:00:00,27.19,27.31,27.04,27.07
2024-10-23 08:00:00,27.08,27.22,26.83,26.89
2024-10-23 09:00:00,26.89,26.92,26.64,26.74
2024-10-23 10:00:00,26.75,26.81,26.62,26.66
2024-10-23 11:00:00,26.66,26.79,26.56,26.64
2024-10-23 12:00:00,26.64,26.75,26.52,26.65
2024-10-23 13:00:00,26.66,26.9,26.63,26.89
2024-10-23 14:00:00,26.88,26.91,26.66,26.71
2024-10-23 15:00:00,26.71,26.71,26.34,26.51
2024-10-23 16:00:00,26.51,26.53,26,26.11
2024-10-23 17:00:00,26.11,26.3,26.04,26.1
2024-10-23 18:00:00,26.09,26.35,25.89,26.32
2024-10-23 19:00:00,26.32,26.59,26.23,26.58
2024-10-23 20:00:00,26.59,26.72,26.49,26.71
2024-10-23 21:00:00,26.7,26.71,26.57,26.59
2024-10-23 22:00:00,26.59,26.76,26.59,26.65
2024-10-23 23:00:00,26.66,26.81,26.62,26.75
2024-10-24 00:00:00,26.75,27.15,26.6,27.14
2024-10-24 01:00:00,27.15,27.23,26.94,27.04
2024-10-24 02:00:00,27.05,27.19,27,27.18
2024-10-24 03:00:00,27.18,27.22,27,27
2024-10-24 04:00:00,26.99,27.16,26.98,27.13
2024-10-24 05:00:00,27.13,27.18,27.09,27.12
2024-10-24 06:00:00,27.12,27.19,27.02,27.02
2024-10-24 07:00:00,27.02,27.05,26.84,26.84
2024-10-24 08:00:00,26.84,26.93,26.57,26.58
2024-10-24 09:00:00,26.57,26.63,26.38,26.48
2024-10-24 10:00:00,26.49,26.55,26.46,26.5
2024-10-24 11:00:00,26.5,26.59,26.49,26.59
2024-10-24 12:00:00,26.59,26.77,26.54,26.74
2024-10-24 13:00:00,26.75,26.88,26.63,26.82
2024-10-24 14:00:00,26.83,26.92,26.68,26.73
2024-10-24 15:00:00,26.73,26.93,26.69,26.8
2024-10-24 16:00:00,26.81,26.87,26.67,26.74
2024-10-24 17:00:00,26.74,26.83,26.69,26.78
2024-10-24 18:00:00,26.77,26.93,26.75,26.85
2024-10-24 19:00:00,26.85,27.06,26.81,27.05
2024-10-24 20:00:00,27.05,27.06,26.92,26.95
2024-10-24 21:00:00,26.95,27.24,26.91,27.04
2024-10-24 22:00:00,27.04,27.12,26.86,26.86
2024-10-24 23:00:00,26.86,27.09,26.79,26.83
2024-10-25 00:00:00,26.84,26.89,26.64,26.67
2024-10-25 01:00:00,26.67,26.68,26.52,26.55
2024-10-25 02:00:00,26.55,26.64,26.39,26.58
2024-10-25 03:00:00,26.58,26.72,26.55,26.56
2024-10-25 04:00:00,26.57,26.6,26.12,26.24
2024-10-25 05:00:00,26.24,26.35,26.15,26.31
2024-10-25 06:00:00,26.31,26.4,26.26,26.29
2024-10-25 07:00:00,26.29,26.34,26.05,26.24
2024-10-25 08:00:00,26.25,26.43,26.05,26.39
2024-10-25 09:00:00,26.38,26.58,26.33,26.56
2024-10-25 10:00:00,26.55,26.59,26.5,26.54
2024-10-25 11:00:00,26.54,26.59,26.46,26.56
2024-10-25 12:00:00,26.55,26.69,26.39,26.42
2024-10-25 13:00:00,26.42,26.64,26.24,26.59
2024-10-25 14:00:00,26.6,26.77,26.46,26.61
2024-10-25 15:00:00,26.61,26.71,26.07,26.15
2024-10-25 16:00:00,26.15,26.27,25.83,26.17
2024-10-25 17:00:00,26.18,26.25,25.71,25.78
2024-10-25 18:00:00,25.78,26.09,25.44,25.87
2024-10-25 19:00:00,25.86,25.97,25.72,25.9
2024-10-25 20:00:00,25.9,25.95,25.72,25.82
2024-10-25 21:00:00,25.82,26.09,25.81,26.07
2024-10-25 22:00:00,26.07,26.07,25.65,25.66
2024-10-25 23:00:00,25.66,25.71,24.01,24.93
2024-10-26 00:00:00,24.94,25.08,24.56,25
2024-10-26 01:00:00,25.01,25.11,24.92,24.98
2024-10-26 02:00:00,24.98,25.27,24.84,25.15
2024-10-26 03:00:00,25.14,25.37,25.1,25.29
2024-10-26 04:00:00,25.28,25.34,25.22,25.31
2024-10-26 05:00:00,25.31,25.51,25.3,25.49
2024-10-26 06:00:00,25.49,25.6,25.45,25.5
2024-10-26 07:00:00,25.51,25.59,25.42,25.43
2024-10-26 08:00:00,25.42,25.56,25.4,25.52
2024-10-26 09:00:00,25.52,25.67,25.52,25.57
2024-10-26 10:00:00,25.57,25.66,25.51,25.57
2024-10-26 11:00:00,25.58,25.66,25.53,25.62
2024-10-26 12:00:00,25.61,25.68,25.58,25.59
2024-10-26 13:00:00,25.59,25.6,25.28,25.29
2024-10-26 14:00:00,25.28,25.34,24.91,24.96
2024-10-26 15:00:00,24.96,25.18,24.9,25.08
2024-10-26 16:00:00,25.09,25.25,24.98,25.22
2024-10-26 17:00:00,25.22,25.34,25.2,25.27
2024-10-26 18:00:00,25.27,25.37,25.24,25.32
2024-10-26 19:00:00,25.33,25.48,25.33,25.44
2024-10-26 20:00:00,25.44,25.62,25.41,25.46
2024-10-26 21:00:00,25.46,25.51,25.33,25.38
2024-10-26 22:00:00,25.37,25.39,25.29,25.32
2024-10-26 23:00:00,25.32,25.44,25.31,25.41
2024-10-27 00:00:00,25.41,25.42,25.29,25.32
2024-10-27 01:00:00,25.32,25.45,25.25,25.39
2024-10-27 02:00:00,25.39,25.47,25.34,25.35
2024-10-27 03:00:00,25.35,25.6,25.31,25.59
2024-10-27 04:00:00,25.59,25.61,25.52,25.55
2024-10-27 05:00:00,25.56,25.6,25.53,25.56
2024-10-27 06:00:00,25.56,25.56,25.47,25.53
2024-10-27 07:00:00,25.52,25.57,25.43,25.45
2024-10-27 08:00:00,25.45,25.55,25.42,25.52
2024-10-27 09:00:00,25.53,25.53,25.33,25.4
2024-10-27 10:00:00,25.4,25.45,25.3,25.31
2024-10-27 11:00:00,25.31,25.44,25.3,25.37
2024-10-27 12:00:00,25.36,25.58,25.36,25.51
2024-10-27 13:00:00,25.5,25.76,25.5,25.7
2024-10-27 14:00:00,25.7,25.82,25.66,25.68
2024-10-27 15:00:00,25.67,25.83,25.67,25.79
2024-10-27 16:00:00,25.8,25.94,25.78,25.85
2024-10-27 17:00:00,25.84,25.91,25.75,25.76
2024-10-27 18:00:00,25.77,25.78,25.6,25.62
2024-10-27 19:00:00,25.62,25.75,25.58,25.69
2024-10-27 20:00:00,25.68,25.74,25.6,25.61
2024-10-27 21:00:00,25.61,25.82,25.59,25.73
2024-10-27 22:00:00,25.74,25.91,25.74,25.79
2024-10-27 23:00:00,25.8,25.9,25.72,25.77
2024-10-28 00:00:00,25.77,25.88,25.73,25.77
2024-10-28 01:00:00,25.77,25.83,25.62,25.63
2024-10-28 02:00:00,25.64,25.69,25.51,25.51
2024-10-28 03:00:00,25.52,25.55,25.16,25.2
2024-10-28 04:00:00,25.21,25.32,25.13,25.29
2024-10-28 05:00:00,25.29,25.39,25.05,25.36
2024-10-28 06:00:00,25.36,25.38,25.24,25.36
2024-10-28 07:00:00,25.36,25.87,25.35,25.74
2024-10-28 08:00:00,25.75,25.97,25.74,25.83
2024-10-28 09:00:00,25.83,26.15,25.76,26.12
2024-10-28 10:00:00,26.11,26.21,26.05,26.1
2024-10-28 11:00:00,26.1,26.29,26.03,26.21
2024-10-28 12:00:00,26.21,26.32,26.07,26.22
2024-10-28 13:00:00,26.23,26.3,26.02,26.04
2024-10-28 14:00:00,26.03,26.05,25.72,25.91
2024-10-28 15:00:00,25.92,25.92,25.57,25.58
2024-10-28 16:00:00,25.57,25.78,25.54,25.58
2024-10-28 17:00:00,25.58,25.79,25.36,25.52
2024-10-28 18:00:00,25.52,25.71,25.48,25.67
2024-10-28 19:00:00,25.66,26.04,25.64,25.87
2024-10-28 20:00:00,25.87,26.02,25.84,25.96
2024-10-28 21:00:00,25.97,26.24,25.92,26.24
2024-10-28 22:00:00,26.23,26.54,26.22,26.33
2024-10-28 23:00:00,26.33,26.48,26.23,26.25
2024-10-29 00:00:00,26.26,26.43,26.17,26.37
2024-10-29 01:00:00,26.36,26.45,26.25,26.44
2024-10-29 02:00:00,26.43,26.97,26.36,26.84
2024-10-29 03:00:00,26.85,26.96,26.75,26.81
2024-10-29 04:00:00,26.81,26.89,26.71,26.77
2024-10-29 05:00:00,26.78,26.81,26.6,26.64
2024-10-29 06:00:00,26.65,26.73,26.59,26.61
2024-10-29 07:00:00,26.62,26.66,26.48,26.54
2024-10-29 08:00:00,26.54,26.67,26.52,26.61
2024-10-29 09:00:00,26.62,26.64,26.52,26.6
2024-10-29 10:00:00,26.6,26.73,26.5,26.68
2024-10-29 11:00:00,26.68,26.83,26.66,26.77
2024-10-29 12:00:00,26.76,26.86,26.59,26.63
2024-10-29 13:00:00,26.63,26.79,26.59,26.66
2024-10-29 14:00:00,26.65,26.77,26.48,26.52
2024-10-29 15:00:00,26.53,26.75,26.4,26.74
2024-10-29 16:00:00,26.74,27.07,26.73,27.01
2024-10-29 17:00:00,27.02,27.15,26.87,26.97
2024-10-29 18:00:00,26.98,27.12,26.84,27.06
2024-10-29 19:00:00,27.07,27.16,26.55,26.6
2024-10-29 20:00:00,26.6,26.7,26.3,26.55
2024-10-29 21:00:00,26.54,26.7,26.51,26.69
2024-10-29 22:00:00,26.69,26.92,26.66,26.8
2024-10-29 23:00:00,26.8,26.88,26.76,26.88
2024-10-30 00:00:00,26.88,26.91,26.55,26.64
2024-10-30 01:00:00,26.64,26.64,26.4,26.58
2024-10-30 02:00:00,26.57,26.7,26.55,26.6
2024-10-30 03:00:00,26.61,26.71,26.57,26.6
2024-10-30 04:00:00,26.6,26.67,26.54,26.58
2024-10-30 05:00:00,26.59,26.63,26.49,26.53
2024-10-30 06:00:00,26.54,26.76,26.5,26.51
2024-10-30 07:00:00,26.51,26.7,26.48,26.61
2024-10-30 08:00:00,26.61,26.68,26.17,26.2
2024-10-30 09:00:00,26.2,26.45,26.13,26.42
2024-10-30 10:00:00,26.42,26.48,26.31,26.34
2024-10-30 11:00:00,26.34,26.36,26.12,26.14
2024-10-30 12:00:00,26.15,26.26,26.02,26.2
2024-10-30 13:00:00,26.21,26.29,26.01,26.28
2024-10-30 14:00:00,26.28,26.49,26.22,26.4
2024-10-30 15:00:00,26.4,26.42,26.02,26.13
2024-10-30 16:00:00,26.14,26.3,26.07,26.25
2024-10-30 17:00:00,26.25,26.28,26.1,26.18
2024-10-30 18:00:00,26.19,26.32,26.16,26.23
2024-10-30 19:00:00,26.23,26.31,26.16,26.16
2024-10-30 20:00:00,26.16,26.44,26.05,26.44
2024-10-30 21:00:00,26.44,26.49,26.17,26.28
2024-10-30 22:00:00,26.28,26.33,26.14,26.24
2024-10-30 23:00:00,26.24,26.32,26.18,26.18
2024-10-31 00:00:00,26.17,26.23,26.08,26.1
2024-10-31 01:00:00,26.1,26.19,25.94,26.12
2024-10-31 02:00:00,26.13,26.21,26,26.13
2024-10-31 03:00:00,26.14,26.18,26.05,26.07
2024-10-31 04:00:00,26.08,26.09,25.97,26.01
2024-10-31 05:00:00,26,26.08,25.95,26.03
2024-10-31 06:00:00,26.03,26.05,25.8,25.85
2024-10-31 07:00:00,25.85,25.98,25.76,25.94
2024-10-31 08:00:00,25.94,25.95,25.71,25.81
2024-10-31 09:00:00,25.81,25.9,25.78,25.81
2024-10-31 10:00:00,25.81,25.87,25.67,25.85
2024-10-31 11:00:00,25.86,25.87,25.67,25.75
2024-10-31 12:00:00,25.75,25.8,25.61,25.71
2024-10-31 13:00:00,25.72,25.79,25.41,25.48
2024-10-31 14:00:00,25.47,25.48,25.1,25.22
2024-10-31 15:00:00,25.22,25.35,25.16,25.27
2024-10-31 16:00:00,25.27,25.27,25.06,25.12
2024-10-31 17:00:00,25.13,25.19,24.94,25.07
2024-10-31 18:00:00,25.07,25.07,24.74,24.86
2024-10-31 19:00:00,24.87,24.91,24.68,24.71
2024-10-31 20:00:00,24.72,24.93,24.69,24.91
2024-10-31 21:00:00,24.91,25.11,24.82,25.08
2024-10-31 22:00:00,25.08,25.08,24.88,25.02
2024-10-31 23:00:00,25.03,25.25,24.95,25.03
2024-11-01 00:00:00,25.03,25.08,24.9,24.92
2024-11-01 01:00:00,24.92,24.99,24.69,24.83
2024-11-01 02:00:00,24.82,24.98,24.56,24.92
2024-11-01 03:00:00,24.93,25.01,24.84,24.87
2024-11-01 04:00:00,24.88,24.98,24.83,24.97
2024-11-01 05:00:00,24.98,25.01,24.86,24.87
2024-11-01 06:00:00,24.87,24.88,24.53,24.55
2024-11-01 07:00:00,24.55,24.73,24.4,24.67
2024-11-01 08:00:00,24.67,24.88,24.65,24.79
2024-11-01 09:00:00,24.78,25.01,24.7,24.96
2024-11-01 10:00:00,24.96,25.16,24.94,25.06
2024-11-01 11:00:00,25.07,25.2,25.07,25.13
2024-11-01 12:00:00,25.13,25.42,25.11,25.37
2024-11-01 13:00:00,25.37,25.63,25.27,25.62
2024-11-01 14:00:00,25.62,25.71,25.42,25.53
2024-11-01 15:00:00,25.54,25.58,24.59,24.9
2024-11-01 16:00:00,24.89,25.21,24.8,25.05
2024-11-01 17:00:00,25.04,25.11,24.88,24.92
2024-11-01 18:00:00,24.92,24.94,24.78,24.8
2024-11-01 19:00:00,24.8,24.89,24.68,24.78
2024-11-01 20:00:00,24.79,24.94,24.78,24.83
2024-11-01 21:00:00,24.83,24.83,24.49,24.73
2024-11-01 22:00:00,24.74,24.84,24.69,24.79
2024-11-01 23:00:00,24.78,24.83,24.75,24.78
2024-11-02 00:00:00,24.79,24.94,24.76,24.88
2024-11-02 01:00:00,24.87,24.92,24.83,24.88
2024-11-02 02:00:00,24.88,25.02,24.88,24.9
2024-11-02 03:00:00,24.9,24.94,24.8,24.83
2024-11-02 04:00:00,24.84,24.88,24.79,24.86
2024-11-02 05:00:00,24.86,24.97,24.76,24.91
2024-11-02 06:00:00,24.92,24.94,24.82,24.89
2024-11-02 07:00:00,24.89,24.92,24.82,24.87
2024-11-02 08:00:00,24.88,24.91,24.7,24.7
2024-11-02 09:00:00,24.71,24.79,24.67,24.68
2024-11-02 10:00:00,24.69,24.71,24.63,24.66
2024-11-02 11:00:00,24.66,24.74,24.63,24.66
2024-11-02 12:00:00,24.66,24.72,24.12,24.19
2024-11-02 13:00:00,24.19,24.41,24.08,24.12
2024-11-02 14:00:00,24.12,24.23,24.08,24.23
2024-11-02 15:00:00,24.22,24.33,24.06,24.24
2024-11-02 16:00:00,24.24,24.38,24.17,24.34
2024-11-02 17:00:00,24.34,24.34,24.08,24.12
2024-11-02 18:00:00,24.12,24.13,23.96,24.04
2024-11-02 19:00:00,24.05,24.2,24.02,24.18
2024-11-02 20:00:00,24.18,24.27,24.13,24.25
2024-11-02 21:00:00,24.25,24.27,24.2,24.21
2024-11-02 22:00:00,24.22,24.24,24.11,24.12
2024-11-02 23:00:00,24.13,24.14,24,24.12
2024-11-03 00:00:00,24.13,24.2,24.01,24.02
2024-11-03 01:00:00,24.02,24.08,23.86,23.86
2024-11-03 02:00:00,23.87,23.98,23.2,23.45
2024-11-03 03:00:00,23.44,23.65,23.3,23.59
2024-11-03 04:00:00,23.59,23.79,23.58,23.75
2024-11-03 05:00:00,23.76,23.79,23.54,23.56
2024-11-03 06:00:00,23.56,23.79,23.53,23.65
2024-11-03 07:00:00,23.65,23.69,23.58,23.61
2024-11-03 08:00:00,23.61,23.65,23.55,23.6
2024-11-03 09:00:00,23.6,23.6,23.2,23.24
2024-11-03 10:00:00,23.25,23.54,23.24,23.34
2024-11-03 11:00:00,23.35,23.61,23.21,23.24
2024-11-03 12:00:00,23.23,23.31,23.15,23.18
2024-11-03 13:00:00,23.18,23.22,22.83,22.84
2024-11-03 14:00:00,22.85,22.99,22.66,22.75
2024-11-03 15:00:00,22.75,23.07,22.6,23.05
2024-11-03 16:00:00,23.04,23.21,22.99,23.04
2024-11-03 17:00:00,23.05,23.27,23.04,23.18
2024-11-03 18:00:00,23.18,23.24,22.85,22.95
2024-11-03 19:00:00,22.94,23.32,22.92,23.31
2024-11-03 20:00:00,23.3,23.56,23.25,23.55
2024-11-03 21:00:00,23.54,23.73,23.54,23.65
2024-11-03 22:00:00,23.64,23.73,23.51,23.59
2024-11-03 23:00:00,23.58,23.62,23.44,23.54
2024-11-04 00:00:00,23.53,23.59,23.34,23.52
2024-11-04 01:00:00,23.53,23.82,23.45,23.68
2024-11-04 02:00:00,23.69,23.86,23.63,23.85
2024-11-04 03:00:00,23.85,23.94,23.69,23.71
2024-11-04 04:00:00,23.71,23.85,23.68,23.72
2024-11-04 05:00:00,23.73,23.73,23.46,23.48
2024-11-04 06:00:00,23.48,23.73,23.48,23.69
2024-11-04 07:00:00,23.7,23.74,23.46,23.48
2024-11-04 08:00:00,23.48,23.53,23.23,23.3
2024-11-04 09:00:00,23.31,23.45,23.25,23.44
2024-11-04 10:00:00,23.43,23.66,23.39,23.54
2024-11-04 11:00:00,23.54,23.71,23.48,23.61
2024-11-04 12:00:00,23.61,23.75,23.56,23.66
2024-11-04 13:00:00,23.66,23.8,23.48,23.48
2024-11-04 14:00:00,23.48,23.52,23.27,23.33
2024-11-04 15:00:00,23.33,23.37,23.14,23.21
2024-11-04 16:00:00,23.22,23.24,22.89,22.93
2024-11-04 17:00:00,22.93,23.17,22.87,22.98
2024-11-04 18:00:00,22.98,23.11,22.9,22.93
2024-11-04 19:00:00,22.93,23.08,22.9,22.91
2024-11-04 20:00:00,22.9,23.51,22.81,22.88
2024-11-04 21:00:00,22.88,22.99,22.35,22.41
2024-11-04 22:00:00,22.41,22.96,22.36,22.83
2024-11-04 23:00:00,22.83,22.87,22.66,22.72
2024-11-05 00:00:00,22.72,22.9,22.7,22.81
2024-11-05 01:00:00,22.82,22.92,22.59,22.86
2024-11-05 02:00:00,22.87,22.91,22.71,22.74
2024-11-05 03:00:00,22.75,22.87,22.74,22.85
2024-11-05 04:00:00,22.85,23.1,22.85,23.03
2024-11-05 05:00:00,23.03,23.19,23.01,23.17
2024-11-05 06:00:00,23.17,23.21,23.06,23.14
2024-11-05 07:00:00,23.14,23.23,23.04,23.18
2024-11-05 08:00:00,23.19,23.3,23.14,23.29
2024-11-05 09:00:00,23.3,23.41,23.23,23.24
2024-11-05 10:00:00,23.24,23.27,23.13,23.2
2024-11-05 11:00:00,23.21,23.36,23.2,23.3
2024-11-05 12:00:00,23.31,23.47,23.26,23.4
2024-11-05 13:00:00,23.4,23.46,23.27,23.44
2024-11-05 14:00:00,23.43,24.22,23.39,24.08
2024-11-05 15:00:00,24.1,24.17,23.72,23.97
2024-11-05 16:00:00,23.98,24.33,23.96,24.22
2024-11-05 17:00:00,24.23,24.51,24.15,24.16
2024-11-05 18:00:00,24.16,24.29,24.11,24.19
2024-11-05 19:00:00,24.19,24.28,23.63,23.71
2024-11-05 20:00:00,23.71,24.02,23.6,23.96
2024-11-05 21:00:00,23.96,24.01,23.86,23.87
2024-11-05 22:00:00,23.87,24.02,23.75,24.02
2024-11-05 23:00:00,24.02,24.13,23.95,23.99
2024-11-06 00:00:00,24,24.74,24,24.67
2024-11-06 01:00:00,24.67,24.89,24.51,24.7
2024-11-06 02:00:00,24.7,25.66,24.6,25.57
2024-11-06 03:00:00,25.56,26.45,25.56,26.21
2024-11-06 04:00:00,26.22,26.5,26.08,26.15
2024-11-06 05:00:00,26.15,26.29,25.92,26.26
2024-11-06 06:00:00,26.26,26.54,26.14,26.15
2024-11-06 07:00:00,26.14,26.53,25.76,25.87
2024-11-06 08:00:00,25.88,25.96,25.47,25.85
2024-11-06 09:00:00,25.84,26.16,25.84,26.08
2024-11-06 10:00:00,26.07,26.24,25.93,26.2
2024-11-06 11:00:00,26.2,26.35,26.1,26.34
2024-11-06 12:00:00,26.34,26.53,26.33,26.34
2024-11-06 13:00:00,26.34,26.5,26.17,26.49
2024-11-06 14:00:00,26.49,26.58,26.02,26.05
2024-11-06 15:00:00,26.06,26.36,26,26.15
2024-11-06 16:00:00,26.16,26.32,26.03,26.31
2024-11-06 17:00:00,26.31,26.4,26.21,26.38
2024-11-06 18:00:00,26.37,26.55,26.37,26.52
2024-11-06 19:00:00,26.52,26.69,26.42,26.61
2024-11-06 20:00:00,26.62,26.66,26.46,26.57
2024-11-06 21:00:00,26.56,26.78,26.48,26.75
2024-11-06 22:00:00,26.75,27.3,26.6,27.22
2024-11-06 23:00:00,27.22,27.3,26.97,27.01
2024-11-07 00:00:00,27.01,27.33,26.95,27.32
2024-11-07 01:00:00,27.32,27.88,27.28,27.48
2024-11-07 02:00:00,27.48,28,27.46,27.98
2024-11-07 03:00:00,27.97,28,27.68,27.69
2024-11-07 04:00:00,27.69,27.74,27.15,27.29
2024-11-07 05:00:00,27.29,27.32,27.1,27.18
2024-11-07 06:00:00,27.18,27.22,26.73,26.96
2024-11-07 07:00:00,26.96,27.04,26.88,26.93
2024-11-07 08:00:00,26.93,27.11,26.91,27.1
2024-11-07 09:00:00,27.1,27.1,26.83,26.94
2024-11-07 10:00:00,26.93,26.94,26.68,26.84
2024-11-07 11:00:00,26.83,26.86,26.64,26.65
2024-11-07 12:00:00,26.65,27,26.64,26.9
2024-11-07 13:00:00,26.91,26.99,26.63,26.65
2024-11-07 14:00:00,26.65,26.9,26.51,26.8
2024-11-07 15:00:00,26.79,27.29,26.73,27.28
2024-11-07 16:00:00,27.28,27.65,27.14,27.6
2024-11-07 17:00:00,27.59,27.67,27.4,27.6
2024-11-07 18:00:00,27.61,27.69,27.29,27.59
2024-11-07 19:00:00,27.6,27.68,27.33,27.61
2024-11-07 20:00:00,27.61,27.64,27.43,27.48
2024-11-07 21:00:00,27.48,27.76,27.48,27.52
2024-11-07 22:00:00,27.52,27.57,27.16,27.26
2024-11-07 23:00:00,27.27,27.51,27.1,27.38
2024-11-08 00:00:00,27.39,28,27.39,27.75
2024-11-08 01:00:00,27.74,27.96,27.48,27.6
2024-11-08 02:00:00,27.59,27.63,27.14,27.17
2024-11-08 03:00:00,27.17,27.5,27.1,27.4
2024-11-08 04:00:00,27.39,27.43,27.21,27.24
2024-11-08 05:00:00,27.24,27.53,27.22,27.45
2024-11-08 06:00:00,27.45,27.57,27.33,27.39
2024-11-08 07:00:00,27.38,27.69,27.17,27.59
2024-11-08 08:00:00,27.59,27.62,27.35,27.45
2024-11-08 09:00:00,27.46,27.85,27.43,27.69
2024-11-08 10:00:00,27.69,28.07,27.63,28.05
2024-11-08 11:00:00,28.05,28.24,27.94,28.15
2024-11-08 12:00:00,28.14,28.46,28.14,28.24
2024-11-08 13:00:00,28.24,28.37,28.01,28.36
2024-11-08 14:00:00,28.37,28.58,28,28.02
2024-11-08 15:00:00,28.02,28.34,27.82,28.09
2024-11-08 16:00:00,28.09,28.29,27.69,27.72
2024-11-08 17:00:00,27.72,28.19,27.51,28.13
2024-11-08 18:00:00,28.13,28.33,27.93,28.27
2024-11-08 19:00:00,28.26,28.5,28.2,28.34
2024-11-08 20:00:00,28.33,28.44,28.18,28.35
2024-11-08 21:00:00,28.35,28.51,28.08,28.43
2024-11-08 22:00:00,28.43,28.64,28.32,28.6
2024-11-08 23:00:00,28.6,28.79,28.48,28.78
2024-11-09 00:00:00,28.78,29.65,28.77,29.41
2024-11-09 01:00:00,29.4,29.48,28.71,28.76
2024-11-09 02:00:00,28.76,28.95,28.58,28.82
2024-11-09 03:00:00,28.82,29.1,28.61,28.67
2024-11-09 04:00:00,28.68,29.14,28.68,29
2024-11-09 05:00:00,29.01,29.3,28.92,29.24
2024-11-09 06:00:00,29.23,29.68,29.18,29.42
2024-11-09 07:00:00,29.41,29.44,29.09,29.26
2024-11-09 08:00:00,29.27,29.53,29.23,29.49
2024-11-09 09:00:00,29.48,29.69,29.45,29.55
2024-11-09 10:00:00,29.56,29.79,29.51,29.54
2024-11-09 11:00:00,29.55,29.56,29.28,29.5
2024-11-09 12:00:00,29.5,29.59,29.04,29.05
2024-11-09 13:00:00,29.04,29.2,28.91,28.94
2024-11-09 14:00:00,28.94,28.96,28.65,28.78
2024-11-09 15:00:00,28.79,28.86,28.62,28.82
2024-11-09 16:00:00,28.83,29,28.68,28.81
2024-11-09 17:00:00,28.81,28.87,28.49,28.86
2024-11-09 18:00:00,28.85,28.98,28.8,28.95
2024-11-09 19:00:00,28.95,29.16,28.85,29
2024-11-09 20:00:00,29,29.38,28.96,29.36
2024-11-09 21:00:00,29.37,29.47,29.21,29.26
2024-11-09 22:00:00,29.26,29.79,29.23,29.76
2024-11-09 23:00:00,29.76,30.48,29.62,30.36
2024-11-10 00:00:00,30.37,30.6,29.87,29.91
2024-11-10 01:00:00,29.92,30.08,29.69,30.07
2024-11-10 02:00:00,30.08,30.67,30.07,30.37
2024-11-10 03:00:00,30.36,30.62,30.24,30.47
2024-11-10 04:00:00,30.48,32,30.46,31.71
2024-11-10 05:00:00,31.71,31.98,31.48,31.66
2024-11-10 06:00:00,31.65,31.87,31.17,31.48
2024-11-10 07:00:00,31.49,31.65,31.34,31.52
2024-11-10 08:00:00,31.53,31.64,31.3,31.55
2024-11-10 09:00:00,31.55,31.95,31.34,31.77
2024-11-10 10:00:00,31.77,32.13,31.76,31.94
2024-11-10 11:00:00,31.94,32.15,31.76,31.99
2024-11-10 12:00:00,31.99,32.28,31.6,32.23
2024-11-10 13:00:00,32.22,32.66,32.18,32.66
2024-11-10 14:00:00,32.67,32.82,31.76,31.9
2024-11-10 15:00:00,31.9,32.42,31.77,32.34
2024-11-10 16:00:00,32.34,33.01,32,32.84
2024-11-10 17:00:00,32.84,33.09,32.6,32.78
2024-11-10 18:00:00,32.78,33.29,32.78,32.86
2024-11-10 19:00:00,32.87,32.98,31.71,32.03
2024-11-10 20:00:00,32.03,32.12,30.7,30.72
2024-11-10 21:00:00,30.72,31.62,30.01,31.53
2024-11-10 22:00:00,31.53,32.4,31.49,32.07
2024-11-10 23:00:00,32.07,32.13,31.66,31.89
2024-11-11 00:00:00,31.89,32.36,31.73,32.14
2024-11-11 01:00:00,32.13,32.61,31.86,32.06
2024-11-11 02:00:00,32.06,32.61,31.96,32.45
2024-11-11 03:00:00,32.44,32.52,32.05,32.24
2024-11-11 04:00:00,32.25,32.27,31.74,31.94
2024-11-11 05:00:00,31.95,31.99,30.7,31.03
2024-11-11 06:00:00,31.03,31.29,30.83,31.13
2024-11-11 07:00:00,31.14,31.46,31.03,31.34
2024-11-11 08:00:00,31.33,31.47,31.18,31.35
2024-11-11 09:00:00,31.34,31.51,31.19,31.5
2024-11-11 10:00:00,31.5,31.94,31.39,31.78
2024-11-11 11:00:00,31.79,32.25,31.64,32.15
2024-11-11 12:00:00,32.14,32.6,31.72,32.37
2024-11-11 13:00:00,32.37,32.41,31.69,32.04
2024-11-11 14:00:00,32.03,32.35,31.7,32.25
2024-11-11 15:00:00,32.24,32.91,32.14,32.48
2024-11-11 16:00:00,32.47,33.82,32.43,33.31
2024-11-11 17:00:00,33.31,34.59,33.27,34.02
2024-11-11 18:00:00,34.02,34.43,33.68,34.36
2024-11-11 19:00:00,34.36,34.52,33.89,33.96
2024-11-11 20:00:00,33.97,34.68,33.96,34.21
2024-11-11 21:00:00,34.21,34.85,33.99,34.35
2024-11-11 22:00:00,34.34,35.13,33.86,35.04
2024-11-11 23:00:00,35.05,35.79,34.98,35.71
2024-11-12 00:00:00,35.72,35.9,34.15,35.73
2024-11-12 01:00:00,35.72,36.33,35.32,36.01
2024-11-12 02:00:00,36,36.1,35,35.38
2024-11-12 03:00:00,35.39,36.03,35.18,35.97
2024-11-12 04:00:00,35.96,36.04,35.08,35.1
2024-11-12 05:00:00,35.09,35.76,34.93,35.68
2024-11-12 06:00:00,35.67,37.42,35.5,37.12
2024-11-12 07:00:00,37.12,37.17,35.7,36.42
2024-11-12 08:00:00,36.41,37.55,36.41,37.43
2024-11-12 09:00:00,37.43,37.67,35.5,35.5
2024-11-12 10:00:00,35.51,36.29,32.96,34.38
2024-11-12 11:00:00,34.38,35,34.05,34.43
2024-11-12 12:00:00,34.43,35.17,33.5,33.86
2024-11-12 13:00:00,33.86,33.95,32.66,33.72
2024-11-12 14:00:00,33.72,34.65,33.3,34.53
2024-11-12 15:00:00,34.52,34.64,33.79,33.89
2024-11-12 16:00:00,33.9,33.97,33.18,33.45
2024-11-12 17:00:00,33.46,34.22,33.37,33.66
2024-11-12 18:00:00,33.66,34.58,33.59,34.24
2024-11-12 19:00:00,34.25,34.65,34.03,34.24
2024-11-12 20:00:00,34.25,34.51,33.91,34.17
2024-11-12 21:00:00,34.17,34.53,33.63,34.38
2024-11-12 22:00:00,34.39,35.13,34.27,35.11
2024-11-12 23:00:00,35.11,35.12,33.86,33.96
2024-11-13 00:00:00,33.96,34.8,33.73,34.13
2024-11-13 01:00:00,34.14,34.32,33.33,33.8
2024-11-13 02:00:00,33.81,33.87,32.7,33.23
2024-11-13 03:00:00,33.23,33.33,32.34,32.36
2024-11-13 04:00:00,32.35,33,31.34,32.1
2024-11-13 05:00:00,32.1,32.37,31.56,31.68
2024-11-13 06:00:00,31.68,32.08,31.2,31.69
2024-11-13 07:00:00,31.69,32.17,31.55,32.05
2024-11-13 08:00:00,32.05,32.29,31.76,31.93
2024-11-13 09:00:00,31.92,32.27,31.73,31.94
2024-11-13 10:00:00,31.94,32.22,31.7,32.14
2024-11-13 11:00:00,32.15,32.58,32.02,32.23
2024-11-13 12:00:00,32.23,32.55,31.84,32.35
2024-11-13 13:00:00,32.35,33.59,32.15,33.35
2024-11-13 14:00:00,33.36,34.89,33.02,34.75
2024-11-13 15:00:00,34.74,34.8,33.99,34.74
2024-11-13 16:00:00,34.74,35.05,34.03,34.2
2024-11-13 17:00:00,34.2,34.55,34.13,34.28
2024-11-13 18:00:00,34.28,34.58,33.97,34.29
2024-11-13 19:00:00,34.29,34.42,32.35,32.47
2024-11-13 20:00:00,32.46,32.98,32.04,32.57
2024-11-13 21:00:00,32.58,32.65,31.64,32.37
2024-11-13 22:00:00,32.37,32.98,32.17,32.85
2024-11-13 23:00:00,32.85,33.23,32.58,33.12
2024-11-14 00:00:00,33.11,33.14,32.56,32.58
2024-11-14 01:00:00,32.58,32.95,32.48,32.91
2024-11-14 02:00:00,32.9,33.09,32.51,32.79
2024-11-14 03:00:00,32.79,33.4,32.23,33.34
2024-11-14 04:00:00,33.34,33.54,32.94,33.54
2024-11-14 05:00:00,33.55,33.84,33.4,33.82
2024-11-14 06:00:00,33.82,34.72,33.46,33.46
2024-11-14 07:00:00,33.46,33.81,33,33.75
2024-11-14 08:00:00,33.75,33.81,33.27,33.49
2024-11-14 09:00:00,33.48,33.77,33.3,33.6
2024-11-14 10:00:00,33.6,33.8,32.62,32.7
2024-11-14 11:00:00,32.71,32.77,32.1,32.48
2024-11-14 12:00:00,32.48,32.69,32.22,32.55
2024-11-14 13:00:00,32.55,32.84,32.2,32.31
2024-11-14 14:00:00,32.3,32.87,31.53,31.57
2024-11-14 15:00:00,31.57,32.06,31.32,31.77
2024-11-14 16:00:00,31.77,32.72,31.59,32.72
2024-11-14 17:00:00,32.71,32.75,32.22,32.37
2024-11-14 18:00:00,32.36,32.53,32.1,32.19
2024-11-14 19:00:00,32.19,32.4,32.08,32.3
2024-11-14 20:00:00,32.3,32.3,31.8,31.82
2024-11-14 21:00:00,31.81,32.16,31.69,32.14
2024-11-14 22:00:00,32.14,32.21,31.43,31.69
2024-11-14 23:00:00,31.68,31.76,30.68,31.21
2024-11-15 00:00:00,31.21,31.76,31.06,31.21
2024-11-15 01:00:00,31.21,31.54,30.98,31.43
2024-11-15 02:00:00,31.44,31.63,31.15,31.63
2024-11-15 03:00:00,31.64,31.73,31.38,31.59
2024-11-15 04:00:00,31.6,31.61,30.59,30.99
2024-11-15 05:00:00,30.99,31.5,30.72,31.47
2024-11-15 06:00:00,31.48,31.99,31.47,31.86
2024-11-15 07:00:00,31.86,32,31.56,31.6
2024-11-15 08:00:00,31.61,32.07,31.33,32
2024-11-15 09:00:00,32.01,32.48,31.99,32.32
2024-11-15 10:00:00,32.32,32.38,32.15,32.19
2024-11-15 11:00:00,32.2,32.45,32.1,32.43
2024-11-15 12:00:00,32.42,32.63,32.15,32.38
2024-11-15 13:00:00,32.38,32.79,32.26,32.6
2024-11-15 14:00:00,32.61,32.73,31.81,32
2024-11-15 15:00:00,31.99,32.02,31.15,31.41
2024-11-15 16:00:00,31.41,32.03,31.24,31.81
2024-11-15 17:00:00,31.81,32.53,31.76,32.16
2024-11-15 18:00:00,32.15,32.38,31.88,32.11
2024-11-15 19:00:00,32.11,32.72,32.05,32.45
2024-11-15 20:00:00,32.46,32.97,32.44,32.95
2024-11-15 21:00:00,32.95,33.13,32.78,33.03
2024-11-15 22:00:00,33.04,33.26,32.87,33.18
2024-11-15 23:00:00,33.19,33.3,32.98,33.13
2024-11-16 00:00:00,33.13,33.27,32.79,32.89
2024-11-16 01:00:00,32.91,33.37,32.87,33.31
2024-11-16 02:00:00,33.31,33.66,33.28,33.62
2024-11-16 03:00:00,33.63,34.37,33.62,34.36
2024-11-16 04:00:00,34.36,34.8,34.25,34.76
2024-11-16 05:00:00,34.75,35.56,34.44,35.2
2024-11-16 06:00:00,35.2,35.22,34.31,34.41
2024-11-16 07:00:00,34.42,34.71,34.24,34.27
2024-11-16 08:00:00,34.26,34.79,34.25,34.78
2024-11-16 09:00:00,34.78,34.95,34.44,34.74
2024-11-16 10:00:00,34.74,35.15,34.72,34.87
2024-11-16 11:00:00,34.87,35.33,34.62,35.32
2024-11-16 12:00:00,35.33,35.5,34.59,35.03
2024-11-16 13:00:00,35.04,35.55,34.91,35.06
2024-11-16 14:00:00,35.06,35.7,35.02,35.67
2024-11-16 15:00:00,35.66,35.74,34.32,34.57
2024-11-16 16:00:00,34.57,35.05,34.31,34.88
2024-11-16 17:00:00,34.88,35.25,34.66,35.03
2024-11-16 18:00:00,35.02,35.41,34.98,35.24
2024-11-16 19:00:00,35.24,35.26,34.94,35.21
2024-11-16 20:00:00,35.22,35.32,34.72,34.92
2024-11-16 21:00:00,34.92,35.29,34.88,35.17
2024-11-16 22:00:00,35.17,35.41,34.81,34.81
2024-11-16 23:00:00,34.82,35.35,34.72,35.14
2024-11-17 00:00:00,35.15,35.48,34.85,35.38
2024-11-17 01:00:00,35.38,35.72,34.05,34.3
2024-11-17 02:00:00,34.3,34.35,33.08,34.09
2024-11-17 03:00:00,34.09,34.43,33.77,34.42
2024-11-17 04:00:00,34.41,36.38,34.24,35.55
2024-11-17 05:00:00,35.54,36.49,35.51,36.45
2024-11-17 06:00:00,36.45,36.84,36.26,36.48
2024-11-17 07:00:00,36.48,36.84,36.14,36.5
2024-11-17 08:00:00,36.51,36.99,36.26,36.73
2024-11-17 09:00:00,36.73,36.82,36.26,36.46
2024-11-17 10:00:00,36.47,37.25,36.43,37.2
2024-11-17 11:00:00,37.2,37.27,36.28,36.34
2024-11-17 12:00:00,36.33,36.99,36.2,36.97
2024-11-17 13:00:00,36.98,37.05,36.19,36.41
2024-11-17 14:00:00,36.42,36.72,36.08,36.46
2024-11-17 15:00:00,36.46,36.74,36.27,36.56
2024-11-17 16:00:00,36.56,36.69,35.93,36.27
2024-11-17 17:00:00,36.26,36.34,35.74,35.94
2024-11-17 18:00:00,35.94,35.98,35.05,35.06
2024-11-17 19:00:00,35.06,35.43,34.73,35.27
2024-11-17 20:00:00,35.26,35.56,35,35.17
2024-11-17 21:00:00,35.18,35.52,34.74,34.78
2024-11-17 22:00:00,34.77,34.97,34.47,34.76
2024-11-17 23:00:00,34.76,34.83,34.28,34.71
2024-11-18 00:00:00,34.72,35.04,34.54,34.85
2024-11-18 01:00:00,34.84,35.37,34.68,35.35
2024-11-18 02:00:00,35.35,35.56,35.01,35.2
2024-11-18 03:00:00,35.21,35.63,34.93,35.61
2024-11-18 04:00:00,35.61,35.79,35.12,35.16
2024-11-18 05:00:00,35.16,35.44,35.12,35.31
2024-11-18 06:00:00,35.31,36.14,35.24,36.1
2024-11-18 07:00:00,36.1,36.16,35.64,35.92
2024-11-18 08:00:00,35.93,36.01,35.47,35.61
2024-11-18 09:00:00,35.61,35.73,35.25,35.46
2024-11-18 10:00:00,35.46,35.79,35.36,35.74
2024-11-18 11:00:00,35.73,35.76,34.6,34.76
2024-11-18 12:00:00,34.77,35.04,34.41,34.87
2024-11-18 13:00:00,34.87,34.89,34.17,34.3
2024-11-18 14:00:00,34.31,35.29,34.06,34.89
2024-11-18 15:00:00,34.88,35.74,34.8,35.53
2024-11-18 16:00:00,35.53,36.11,35.31,35.44
2024-11-18 17:00:00,35.44,35.89,35.27,35.54
2024-11-18 18:00:00,35.54,35.79,35.16,35.37
2024-11-18 19:00:00,35.38,35.48,34.42,34.84
2024-11-18 20:00:00,34.83,35.56,34.68,35.17
2024-11-18 21:00:00,35.17,35.69,35.08,35.19
2024-11-18 22:00:00,35.19,35.43,35.11,35.2
2024-11-18 23:00:00,35.2,35.49,34.78,35.48
2024-11-19 00:00:00,35.48,35.48,35.06,35.17
2024-11-19 01:00:00,35.16,35.33,34.83,34.85
2024-11-19 02:00:00,34.83,35.12,34.73,35.04
2024-11-19 03:00:00,35.03,35.33,34.99,35.22
2024-11-19 04:00:00,35.22,35.33,34.71,34.83
2024-11-19 05:00:00,34.83,35.38,34.71,35.37
2024-11-19 06:00:00,35.36,35.56,35.25,35.5
2024-11-19 07:00:00,35.5,35.63,35.02,35.05
2024-11-19 08:00:00,35.05,35.18,34.65,34.83
2024-11-19 09:00:00,34.83,35.03,34.28,34.53
2024-11-19 10:00:00,34.52,34.91,34.38,34.88
2024-11-19 11:00:00,34.87,35.01,34.65,34.86
2024-11-19 12:00:00,34.86,35.42,34.83,35.16
2024-11-19 13:00:00,35.15,35.23,34.09,34.11
2024-11-19 14:00:00,34.12,34.33,33.63,34.09
2024-11-19 15:00:00,34.1,34.45,33.99,34.41
2024-11-19 16:00:00,34.41,34.68,34.3,34.38
2024-11-19 17:00:00,34.38,34.74,34.25,34.42
2024-11-19 18:00:00,34.42,35.06,34.31,35
2024-11-19 19:00:00,35.01,35.17,34.67,34.75
2024-11-19 20:00:00,34.75,34.91,33.9,34.11
2024-11-19 21:00:00,34.1,34.27,33.55,34.12
2024-11-19 22:00:00,34.13,34.24,33.52,33.86
2024-11-19 23:00:00,33.85,34.4,33.73,34.2
2024-11-20 00:00:00,34.2,34.21,33.74,33.97
2024-11-20 01:00:00,33.97,34.19,33.6,33.68
2024-11-20 02:00:00,33.68,33.82,33.41,33.55
2024-11-20 03:00:00,33.54,33.58,33.03,33.53
2024-11-20 06:00:00,34.01,34.05,33.77,33.83
2024-11-20 07:00:00,33.83,34.04,33.71,33.99
2024-11-20 08:00:00,33.99,34.99,33.98,34.79
2024-11-20 09:00:00,34.79,35.55,34.68,35.32
2024-11-20 10:00:00,35.32,35.75,35.08,35.16
2024-11-20 11:00:00,35.16,35.19,34.52,34.8
2024-11-20 12:00:00,34.81,34.91,34.29,34.45
2024-11-20 13:00:00,34.46,35.2,34.29,35.16
2024-11-20 14:00:00,35.16,35.57,34.4,34.71
2024-11-20 15:00:00,34.72,34.89,34.35,34.87
2024-11-20 16:00:00,34.86,35,33.81,34.07
2024-11-20 17:00:00,34.07,34.28,33.52,33.53
2024-11-20 18:00:00,33.53,33.57,32.95,33.39
2024-11-20 19:00:00,33.39,33.4,32.77,33.19
2024-11-20 20:00:00,33.2,33.79,33.06,33.67
2024-11-20 21:00:00,33.67,34.02,33.52,33.91
2024-11-20 22:00:00,33.9,34.41,33.78,33.79
2024-11-20 23:00:00,33.79,33.9,33.51,33.59
2024-11-21 00:00:00,33.6,33.91,33.46,33.64
2024-11-21 01:00:00,33.65,33.9,33.47,33.52
2024-11-21 02:00:00,33.53,33.55,32.31,32.79
2024-11-21 03:00:00,32.79,33.42,32.68,33.09
2024-11-21 04:00:00,33.09,34.48,33.03,34.04
2024-11-21 05:00:00,34.04,34.26,33.69,34.03
2024-11-21 06:00:00,34.02,34.08,33.62,33.71
2024-11-21 07:00:00,33.71,34.32,33.71,34.3
2024-11-21 08:00:00,34.3,34.39,34,34.18
2024-11-21 09:00:00,34.18,34.21,33.74,33.79
2024-11-21 10:00:00,33.79,33.97,33.42,33.69
2024-11-21 11:00:00,33.69,34.14,33.63,34.07
2024-11-21 12:00:00,34.07,35.55,34.06,34.95
2024-11-21 13:00:00,34.95,35.93,34.92,35.52
2024-11-21 14:00:00,35.53,35.99,34.89,35.4
2024-11-21 15:00:00,35.4,35.47,34.42,34.98
2024-11-21 16:00:00,34.98,35.46,34.86,35.43
2024-11-21 17:00:00,35.42,35.7,35.22,35.67
2024-11-21 18:00:00,35.68,35.93,35.59,35.9
2024-11-21 19:00:00,35.91,36.16,35.63,35.71
2024-11-21 20:00:00,35.71,36.2,35.66,35.81
2024-11-21 21:00:00,35.81,35.85,35.6,35.8
2024-11-21 22:00:00,35.8,35.94,35.79,35.85
2024-11-21 23:00:00,35.85,35.86,35.54,35.84
2024-11-22 00:00:00,35.84,35.94,35.18,35.35
2024-11-22 01:00:00,35.35,35.69,35.24,35.6
2024-11-22 02:00:00,35.59,36.15,35.56,36.11
2024-11-22 03:00:00,36.11,36.83,36.09,36.17
2024-11-22 04:00:00,36.17,36.68,36.16,36.4
2024-11-22 05:00:00,36.4,36.54,36.14,36.29
2024-11-22 06:00:00,36.27,36.46,35.88,36.17
2024-11-22 07:00:00,36.17,36.23,35.71,35.74
2024-11-22 08:00:00,35.74,36.4,35.74,36.36
2024-11-22 09:00:00,36.35,36.6,35.98,36.53
2024-11-22 10:00:00,36.53,37.25,36.36,37.03
2024-11-22 11:00:00,37.04,38.15,36.53,38.09
2024-11-22 12:00:00,38.1,39.49,37.83,39.32
2024-11-22 13:00:00,39.31,39.33,37.27,38.15
2024-11-22 14:00:00,38.15,38.84,37.72,38.15
2024-11-22 15:00:00,38.14,39.54,38.05,39.51
2024-11-22 16:00:00,39.5,39.84,38.95,39.59
2024-11-22 17:00:00,39.58,39.99,39.15,39.66
2024-11-22 18:00:00,39.65,39.82,38.79,39.01
2024-11-22 19:00:00,39.01,39.65,38.71,39.5
2024-11-22 20:00:00,39.5,40.51,39.27,40.48
2024-11-22 21:00:00,40.48,41.31,40.23,41.09
2024-11-22 22:00:00,41.09,41.95,41.04,41.91
2024-11-22 23:00:00,41.9,43.52,41.83,43.17
2024-11-23 00:00:00,43.18,43.58,42.41,43.27
2024-11-23 01:00:00,43.26,45.27,43.16,44.35
2024-11-23 02:00:00,44.34,44.65,42.85,43.22
2024-11-23 03:00:00,43.21,44.01,42.94,43.99
2024-11-23 04:00:00,43.99,45,43.47,43.91
2024-11-23 05:00:00,43.91,44.29,43.68,43.78
2024-11-23 06:00:00,43.76,43.94,43.33,43.44
2024-11-23 07:00:00,43.45,43.77,42.78,42.93
2024-11-23 08:00:00,42.93,43.21,42.28,42.47
2024-11-23 09:00:00,42.47,42.58,41.89,42.21
2024-11-23 10:00:00,42.21,42.46,42.03,42.13
2024-11-23 11:00:00,42.14,42.85,42.08,42.32
2024-11-23 12:00:00,42.31,42.97,42.19,42.75
2024-11-23 13:00:00,42.75,43.39,42.4,43.17
2024-11-23 14:00:00,43.17,43.25,42.56,42.96
2024-11-23 15:00:00,42.95,43.79,42.57,43.18
2024-11-23 16:00:00,43.17,43.7,41.06,42.15
2024-11-23 17:00:00,42.14,42.58,41.21,42.1
2024-11-23 18:00:00,42.09,42.28,41.67,42.01
2024-11-23 19:00:00,42.01,42.35,41.62,41.94
2024-11-23 20:00:00,41.95,41.98,40.69,41.26
2024-11-23 21:00:00,41.27,42.2,41.18,42.18
2024-11-23 22:00:00,42.18,42.28,41.53,41.78
2024-11-23 23:00:00,41.78,41.83,41.14,41.44
2024-11-24 00:00:00,41.44,42.76,41.25,42.41
2024-11-24 01:00:00,42.41,42.65,42.14,42.54
2024-11-24 02:00:00,42.54,42.88,42.31,42.59
2024-11-24 03:00:00,42.58,42.98,42.18,42.42
2024-11-24 04:00:00,42.41,42.64,41.72,42.34
2024-11-24 05:00:00,42.35,42.9,42.12,42.84
2024-11-24 06:00:00,42.84,43.14,42.01,42.52
2024-11-24 07:00:00,42.51,42.56,41.94,42.31
2024-11-24 08:00:00,42.3,42.36,41.34,41.52
2024-11-24 09:00:00,41.51,41.84,41.22,41.81
2024-11-24 10:00:00,41.81,41.86,40.98,41.37
2024-11-24 11:00:00,41.37,41.53,39.98,40.06
2024-11-24 12:00:00,40.05,40.48,38.31,39.37
2024-11-24 13:00:00,39.37,40.51,39.09,40.28
2024-11-24 14:00:00,40.28,40.29,39.28,39.97
2024-11-24 15:00:00,39.97,40.01,38.66,38.78
2024-11-24 16:00:00,38.77,39.86,38.61,39.55
2024-11-24 17:00:00,39.54,39.75,39,39.52
2024-11-24 18:00:00,39.51,40.36,39.44,40.24
2024-11-24 19:00:00,40.23,40.32,39.74,40.19
2024-11-24 20:00:00,40.18,40.78,40.01,40.75
2024-11-24 21:00:00,40.75,41.19,40.51,41.12
2024-11-24 22:00:00,41.12,41.93,41.07,41.88
2024-11-24 23:00:00,41.87,42.19,41.69,42.06
2024-11-25 00:00:00,42.05,42.12,41.2,41.27
2024-11-25 01:00:00,41.26,41.38,40.02,41.01
2024-11-25 02:00:00,41,41.21,40.57,40.72
2024-11-25 03:00:00,40.72,41.4,40.66,41.31
2024-11-25 04:00:00,41.31,42.54,41.26,41.37
2024-11-25 05:00:00,41.38,42.14,41.33,41.99
2024-11-25 06:00:00,41.98,43.29,41.92,43.15
2024-11-25 07:00:00,43.16,45,42.7,44.98
2024-11-25 08:00:00,44.98,46.47,44.43,46.12
2024-11-25 09:00:00,46.11,47.93,46.11,46.62
2024-11-25 10:00:00,46.62,46.63,45.5,45.75
2024-11-25 11:00:00,45.75,45.89,45.05,45.53
2024-11-25 12:00:00,45.53,45.9,44.76,44.98
2024-11-25 13:00:00,44.97,45.16,43.56,43.99
2024-11-25 14:00:00,44.01,44.52,42.97,43
2024-11-25 15:00:00,43,44.35,41.97,43.19
2024-11-25 16:00:00,43.2,43.92,42.63,43.12
2024-11-25 17:00:00,43.12,43.12,41.16,41.92
2024-11-25 18:00:00,41.92,41.99,41.22,41.71
2024-11-25 19:00:00,41.71,42.44,41.4,42.05
2024-11-25 20:00:00,42.06,43.29,41.9,42.82
2024-11-25 21:00:00,42.81,42.99,41.63,42.35
2024-11-25 22:00:00,42.35,42.56,40.67,42.1
2024-11-25 23:00:00,42.1,42.37,41.17,41.31
2024-11-26 00:00:00,41.31,42.64,41.1,41.73
2024-11-26 01:00:00,41.73,42.64,41.64,42.57
2024-11-26 02:00:00,42.56,42.98,42.33,42.39
2024-11-26 03:00:00,42.38,42.46,41.62,41.7
2024-11-26 04:00:00,41.69,41.75,41.24,41.48
2024-11-26 05:00:00,41.49,42.33,41.47,42.27
2024-11-26 06:00:00,42.26,42.38,41.54,41.63
2024-11-26 07:00:00,41.64,41.71,40.88,41.16
2024-11-26 08:00:00,41.17,41.21,40,40.32
2024-11-26 09:00:00,40.32,40.86,40.02,40.61
2024-11-26 10:00:00,40.61,40.8,39.3,39.34
2024-11-26 11:00:00,39.34,40.04,38.5,39.99
2024-11-26 12:00:00,39.99,41.86,39.87,41.83
2024-11-26 13:00:00,41.83,42.25,41.24,41.44
2024-11-26 14:00:00,41.44,42.49,40.97,41.97
2024-11-26 15:00:00,41.97,42.15,41.02,41.02
2024-11-26 16:00:00,41.03,42.64,40.89,42.1
2024-11-26 17:00:00,42.11,42.34,41.62,42.31
2024-11-26 18:00:00,42.3,42.38,40.68,41.33
2024-11-26 19:00:00,41.33,41.74,40.95,41.46
2024-11-26 20:00:00,41.46,42.49,41.26,41.91
2024-11-26 21:00:00,41.9,42.51,41.49,42.31
2024-11-26 22:00:00,42.3,43.35,42.18,42.65
2024-11-26 23:00:00,42.65,43.04,42.3,42.72
2024-11-27 00:00:00,42.73,43.68,42.01,42.14
2024-11-27 01:00:00,42.14,43.45,41.95,43.3
2024-11-27 02:00:00,43.31,43.43,42.35,43.03
2024-11-27 03:00:00,43.01,43.17,42.35,42.51
2024-11-27 04:00:00,42.51,43.68,42.45,42.86
2024-11-27 05:00:00,42.87,43.17,42.19,42.95
2024-11-27 06:00:00,42.95,43.21,42.33,42.41
2024-11-27 07:00:00,42.41,43.48,42.35,43.27
2024-11-27 08:00:00,43.28,43.55,42.84,43.41
2024-11-27 09:00:00,43.39,43.78,42.9,43.73
2024-11-27 10:00:00,43.73,44.47,43.49,43.92
2024-11-27 11:00:00,43.93,43.96,43.19,43.48
2024-11-27 12:00:00,43.46,43.47,42.36,42.71
2024-11-27 13:00:00,42.7,43.33,42.54,43.25
2024-11-27 14:00:00,43.24,43.81,43,43.59
2024-11-27 15:00:00,43.58,44.14,43.19,43.75
2024-11-27 16:00:00,43.74,43.84,42.56,42.82
2024-11-27 17:00:00,42.81,43.55,42.73,43.28
2024-11-27 18:00:00,43.28,43.38,42.99,43.03
2024-11-27 19:00:00,43.03,43.35,42.94,43.16
2024-11-27 20:00:00,43.16,43.8,43.14,43.34
2024-11-27 21:00:00,43.34,43.54,42.99,43.51
2024-11-27 22:00:00,43.5,44.25,43.34,43.92
2024-11-27 23:00:00,43.93,44.13,43.49,43.78
2024-11-28 00:00:00,43.78,43.87,43.16,43.81
2024-11-28 01:00:00,43.82,44.15,43.54,44
2024-11-28 02:00:00,44,44.24,43.18,43.3
2024-11-28 03:00:00,43.3,43.62,42.61,43.17
2024-11-28 04:00:00,43.16,43.82,42.91,43.47
2024-11-28 05:00:00,43.47,43.58,42.9,43.05
2024-11-28 06:00:00,43.04,43.22,42.69,43.06
2024-11-28 07:00:00,43.06,43.24,42.49,42.65
2024-11-28 08:00:00,42.65,42.99,42.31,42.81
2024-11-28 09:00:00,42.8,42.89,42.15,42.19
2024-11-28 10:00:00,42.18,42.54,42.01,42.19
2024-11-28 11:00:00,42.19,42.42,41.73,42.25
2024-11-28 12:00:00,42.24,42.38,41.85,42.17
2024-11-28 13:00:00,42.17,42.54,41.85,42.44
2024-11-28 14:00:00,42.45,42.86,42.08,42.1
2024-11-28 15:00:00,42.1,42.33,41.51,41.66
2024-11-28 16:00:00,41.66,42.16,41.64,41.89
2024-11-28 17:00:00,41.89,42.38,41.89,42.14
2024-11-28 18:00:00,42.14,42.51,42.13,42.47
2024-11-28 19:00:00,42.47,42.67,42.28,42.46
2024-11-28 20:00:00,42.47,42.48,42.02,42.13
2024-11-28 21:00:00,42.13,42.52,42.12,42.37
2024-11-28 22:00:00,42.37,43.12,42.33,43.12
2024-11-28 23:00:00,43.12,43.19,42.76,42.77
2024-11-29 00:00:00,42.78,43.3,42.54,42.79
2024-11-29 01:00:00,42.8,43.21,42.73,43.18
2024-11-29 02:00:00,43.19,43.6,43.11,43.55
2024-11-29 03:00:00,43.56,43.81,43.18,43.31
2024-11-29 04:00:00,43.31,43.46,43.04,43.33
2024-11-29 05:00:00,43.33,43.5,43,43.03
2024-11-29 06:00:00,43.03,43.31,42.85,43.14
2024-11-29 07:00:00,43.15,43.59,42.63,42.64
2024-11-29 08:00:00,42.64,43.36,42.64,43.21
2024-11-29 09:00:00,43.2,43.6,42.98,43.34
2024-11-29 10:00:00,43.34,43.71,43.3,43.65
2024-11-29 11:00:00,43.65,44.05,43.46,43.79
2024-11-29 12:00:00,43.8,44.04,43.37,43.61
2024-11-29 13:00:00,43.6,44.04,43.55,44.03
2024-11-29 14:00:00,44.03,44.22,43.78,44.17
2024-11-29 15:00:00,44.17,44.6,43.71,44.33
2024-11-29 16:00:00,44.33,44.57,43.87,44.45
2024-11-29 17:00:00,44.46,44.77,44.12,44.22
2024-11-29 18:00:00,44.21,44.69,44.01,44.32
2024-11-29 19:00:00,44.31,44.53,43.84,44.42
2024-11-29 20:00:00,44.43,44.75,44.26,44.34
2024-11-29 21:00:00,44.35,44.41,44,44.34
2024-11-29 22:00:00,44.33,44.92,44.26,44.6
2024-11-29 23:00:00,44.6,45.07,44.6,44.86
2024-11-30 00:00:00,44.86,44.88,43.83,43.96
2024-11-30 01:00:00,43.96,44.52,43.65,44.17
2024-11-30 02:00:00,44.17,44.24,43.91,44.16
2024-11-30 03:00:00,44.15,44.52,44.09,44.4
2024-11-30 04:00:00,44.39,44.52,44.19,44.23
2024-11-30 05:00:00,44.23,44.67,44.12,44.63
2024-11-30 06:00:00,44.62,45.25,44.44,44.73
2024-11-30 07:00:00,44.74,45.65,44.53,45.41
2024-11-30 08:00:00,45.41,45.78,45.29,45.74
2024-11-30 09:00:00,45.74,45.99,45.29,45.58
2024-11-30 10:00:00,45.59,45.6,44.38,44.48
2024-11-30 11:00:00,44.47,45.01,44.33,44.72
2024-11-30 12:00:00,44.72,45.71,44.71,45.46
2024-11-30 13:00:00,45.46,45.85,45.21,45.31
2024-11-30 14:00:00,45.32,46.26,45.28,45.51
2024-11-30 15:00:00,45.52,45.97,45.35,45.57
2024-11-30 16:00:00,45.56,45.93,45.08,45.5
2024-11-30 17:00:00,45.48,45.79,45.29,45.62
2024-11-30 18:00:00,45.62,45.72,45.29,45.51
2024-11-30 19:00:00,45.52,45.71,45.37,45.52
2024-11-30 20:00:00,45.51,45.78,45.34,45.77
2024-11-30 21:00:00,45.76,45.8,45.32,45.42
2024-11-30 22:00:00,45.43,45.68,44.89,45.04
2024-11-30 23:00:00,45.05,45.32,44.79,44.81
2024-12-01 00:00:00,44.81,45.68,44.65,44.68
2024-12-01 01:00:00,44.69,45.02,44.14,44.46
2024-12-01 02:00:00,44.46,44.67,43.79,43.91
2024-12-01 03:00:00,43.91,44.46,43.9,44.32
2024-12-01 04:00:00,44.31,44.45,44.02,44.42
2024-12-01 05:00:00,44.42,44.56,43.96,43.98
2024-12-01 06:00:00,43.99,44.4,43.94,44.14
2024-12-01 07:00:00,44.13,44.39,44.04,44.16
2024-12-01 08:00:00,44.16,44.51,43.65,44.48
2024-12-01 09:00:00,44.48,44.5,44.1,44.29
2024-12-01 10:00:00,44.29,44.3,43.83,44.06
2024-12-01 11:00:00,44.07,44.35,43.89,44.14
2024-12-01 12:00:00,44.14,44.19,43.82,44.02
2024-12-01 13:00:00,44.02,44.37,43.88,44.28
2024-12-01 14:00:00,44.28,44.59,44.09,44.57
2024-12-01 15:00:00,44.57,45.76,44.4,45.26
2024-12-01 16:00:00,45.26,45.53,44.92,44.94
2024-12-01 17:00:00,44.94,45.05,44.54,44.85
2024-12-01 18:00:00,44.84,44.95,44.61,44.71
2024-12-01 19:00:00,44.72,45.32,44.58,45.24
2024-12-01 20:00:00,45.23,45.35,44.1,44.73
2024-12-01 21:00:00,44.74,45.2,44.55,44.76
2024-12-01 22:00:00,44.76,45,44.58,44.89
2024-12-01 23:00:00,44.89,45.78,44.8,45.09
2024-12-02 00:00:00,45.09,45.83,45,45.62
2024-12-02 01:00:00,45.62,46.16,45.5,46.11
2024-12-02 02:00:00,46.11,46.25,45.16,46.06
2024-12-02 03:00:00,46.06,49.15,46.04,47.14
2024-12-02 04:00:00,47.13,48.66,46.36,48.51
2024-12-02 05:00:00,48.51,48.75,47.32,48.1
2024-12-02 06:00:00,48.1,48.36,46.89,48.03
2024-12-02 07:00:00,48.03,48.57,47.15,48.46
2024-12-02 08:00:00,48.46,49.1,46.08,46.47
2024-12-02 09:00:00,46.47,47.41,46.1,47.22
2024-12-02 10:00:00,47.22,47.24,45.15,45.39
2024-12-02 11:00:00,45.4,46.65,45.1,46.22
2024-12-02 12:00:00,46.22,47.49,46,47.4
2024-12-02 13:00:00,47.4,49.29,47.23,48.88
2024-12-02 14:00:00,48.88,49.08,48,48.72
2024-12-02 15:00:00,48.73,50,48.73,49.05
2024-12-02 16:00:00,49.06,49.67,47.77,48.39
2024-12-02 17:00:00,48.38,48.74,46.81,47.04
2024-12-02 18:00:00,47.06,48.43,47.02,48.32
2024-12-02 19:00:00,48.32,48.67,47.63,48.49
2024-12-02 20:00:00,48.49,48.74,48.25,48.44
2024-12-02 21:00:00,48.45,52.35,48.02,51.73
2024-12-02 22:00:00,51.73,52.11,50.08,51.41
2024-12-02 23:00:00,51.41,52.49,51.24,52.27
2024-12-03 00:00:00,52.27,52.34,50.69,51.26
2024-12-03 01:00:00,51.25,52.87,50.95,51.41
2024-12-03 02:00:00,51.41,51.74,50.9,51.41
2024-12-03 03:00:00,51.41,52.22,51.24,52.01
2024-12-03 04:00:00,52.01,52.01,51.01,51.66
2024-12-03 05:00:00,51.67,52.32,51.62,52.22
2024-12-03 06:00:00,52.22,52.33,51.04,51.09
2024-12-03 07:00:00,51.08,51.51,50.32,50.79
2024-12-03 08:00:00,50.79,51.26,50.55,51.23
2024-12-03 09:00:00,51.23,52.06,50.7,51.52
2024-12-03 10:00:00,51.5,51.94,50.56,50.92
2024-12-03 11:00:00,50.91,51.89,50.81,51.75
2024-12-03 12:00:00,51.75,51.77,50.91,51.7
2024-12-03 13:00:00,51.71,53.95,49.05,49.5
2024-12-03 14:00:00,49.5,50.71,47.8,49.87
2024-12-03 15:00:00,49.89,50.58,49.23,50.14
2024-12-03 16:00:00,50.15,50.94,49.47,49.76
2024-12-03 17:00:00,49.76,50.65,49.23,50.63
2024-12-03 18:00:00,50.64,50.78,50.28,50.3
2024-12-03 19:00:00,50.29,50.45,49.68,50.3
2024-12-03 20:00:00,50.3,50.93,50.22,50.9
2024-12-03 21:00:00,50.9,51.74,50.73,51.15
2024-12-03 22:00:00,51.16,51.52,50.6,51.47
2024-12-03 23:00:00,51.47,51.75,50.82,50.9
2024-12-04 00:00:00,50.9,52.21,50.83,51.3
2024-12-04 01:00:00,51.3,52.18,51.01,51.82
2024-12-04 02:00:00,51.84,51.96,50.85,51.46
2024-12-04 03:00:00,51.46,52.44,51.42,51.88
2024-12-04 04:00:00,51.88,52.63,51.87,52.38
2024-12-04 05:00:00,52.37,53.08,52.17,52.68
2024-12-04 06:00:00,52.68,54.74,52.51,54.12
2024-12-04 07:00:00,54.13,54.92,54.06,54.49
2024-12-04 08:00:00,54.49,54.92,54.16,54.36
2024-12-04 09:00:00,54.35,55,53.71,53.87
2024-12-04 10:00:00,53.88,54.71,53.82,54.16
2024-12-04 11:00:00,54.16,54.41,53.66,53.93
2024-12-04 12:00:00,53.93,54.44,53.03,54.4
2024-12-04 13:00:00,54.41,54.89,53.88,54.32
2024-12-04 14:00:00,54.33,55.49,53.67,54.45
2024-12-04 15:00:00,54.45,55.77,53.98,55.64
2024-12-04 16:00:00,55.64,55.79,52.7,52.93
2024-12-04 17:00:00,52.94,54.04,52.62,53.98
2024-12-04 18:00:00,53.98,54.57,53.68,54.05
2024-12-04 19:00:00,54.04,54.84,53.9,54.43
2024-12-04 20:00:00,54.44,55.36,53.37,54.03
2024-12-04 21:00:00,54.03,54.23,52.98,53.5
2024-12-04 22:00:00,53.51,53.99,52.85,52.97
2024-12-04 23:00:00,52.96,53.25,52.04,52.76
2024-12-05 00:00:00,52.76,52.8,51.66,51.7
2024-12-05 01:00:00,51.71,51.76,49.73,50.2
2024-12-05 02:00:00,50.21,51.95,49.94,51.31
2024-12-05 03:00:00,51.31,52.04,50.7,50.95
2024-12-05 04:00:00,50.94,52,50.87,51.56
2024-12-05 05:00:00,51.56,51.7,50.87,51.45
2024-12-05 06:00:00,51.45,52.02,51.08,51.88
2024-12-05 07:00:00,51.88,52.35,51.87,51.97
2024-12-05 08:00:00,51.96,52.55,51.85,52.21
2024-12-05 09:00:00,52.19,52.57,51.99,52.39
2024-12-05 10:00:00,52.39,52.59,52.09,52.22
2024-12-05 11:00:00,52.22,52.77,52.15,52.73
2024-12-05 12:00:00,52.73,53.28,52.62,53.07
2024-12-05 13:00:00,53.08,53.22,52.61,52.77
2024-12-05 14:00:00,52.77,53.07,52.21,52.68
2024-12-05 15:00:00,52.68,52.78,51.66,52.25
2024-12-05 16:00:00,52.25,53.02,51.87,52.78
2024-12-05 17:00:00,52.77,53.27,52.46,53.2
2024-12-05 18:00:00,53.21,53.62,52.73,52.75
2024-12-05 19:00:00,52.75,53.23,51.6,51.72
2024-12-05 20:00:00,51.72,51.99,50.53,51.33
2024-12-05 21:00:00,51.33,51.76,51.08,51.52
2024-12-05 22:00:00,51.51,51.93,48.76,50.85
2024-12-05 23:00:00,50.84,51.35,49.9,50.3
2024-12-06 00:00:00,50.29,51.62,50.12,51.48
2024-12-06 01:00:00,51.49,51.96,51.15,51.58
2024-12-06 02:00:00,51.57,51.65,51.19,51.42
2024-12-06 03:00:00,51.42,51.63,50.96,51.61
2024-12-06 04:00:00,51.6,52.1,51.55,52
2024-12-06 05:00:00,52,52.43,51.81,52.02
2024-12-06 06:00:00,52.01,53.55,51.75,53.34
2024-12-06 07:00:00,53.34,53.54,52.45,52.76
2024-12-06 08:00:00,52.76,52.92,52.32,52.41
2024-12-06 09:00:00,52.41,52.48,51.47,51.61
2024-12-06 10:00:00,51.61,51.8,50.82,51.16
2024-12-06 11:00:00,51.16,51.39,50.67,50.96
2024-12-06 12:00:00,50.96,51.52,49.8,49.88
2024-12-06 13:00:00,49.88,51.15,49.62,50.67
2024-12-06 14:00:00,50.67,51.6,50.37,51.59
2024-12-06 15:00:00,51.6,52.04,51.33,51.65
2024-12-06 16:00:00,51.65,52.15,51.45,52.1
2024-12-06 17:00:00,52.1,52.99,51.99,52.44
2024-12-06 18:00:00,52.45,52.96,52.39,52.8
2024-12-06 19:00:00,52.79,52.96,52.51,52.63
2024-12-06 20:00:00,52.63,52.7,52.07,52.34
2024-12-06 21:00:00,52.34,52.75,52.21,52.24
2024-12-06 22:00:00,52.24,52.82,52.24,52.65
2024-12-06 23:00:00,52.65,53,52.14,52.47
2024-12-07 00:00:00,52.48,52.62,51.69,51.89
2024-12-07 01:00:00,51.9,52.18,51.69,51.93
2024-12-07 02:00:00,51.93,52.24,51.77,52.01
2024-12-07 03:00:00,52.01,52.18,51.61,51.84
2024-12-07 04:00:00,51.84,52.19,51.67,51.91
2024-12-07 05:00:00,51.91,52.1,51.63,51.82
2024-12-07 06:00:00,51.81,52.26,51.73,52.18
2024-12-07 07:00:00,52.17,52.2,51.2,51.49
2024-12-07 08:00:00,51.49,51.77,51.26,51.6
2024-12-07 09:00:00,51.61,52.05,51.59,51.89
2024-12-07 10:00:00,51.88,51.9,51.48,51.72
2024-12-07 11:00:00,51.72,52.38,51.63,52.25
2024-12-07 12:00:00,52.26,52.27,51.89,52.02
2024-12-07 13:00:00,52.03,52.3,51.78,52.18
2024-12-07 14:00:00,52.18,52.6,51.56,52.57
2024-12-07 15:00:00,52.57,52.73,52.07,52.51
2024-12-07 16:00:00,52.52,52.71,52.12,52.2
2024-12-07 17:00:00,52.2,52.28,51.69,51.9
2024-12-07 18:00:00,51.9,53.05,51.87,52.84
2024-12-07 19:00:00,52.85,53.08,52.07,52.21
2024-12-07 20:00:00,52.21,52.63,52.08,52.1
2024-12-07 21:00:00,52.11,52.26,51.74,51.83
2024-12-07 22:00:00,51.84,51.99,51.57,51.57
2024-12-07 23:00:00,51.57,52.05,51.54,51.6
2024-12-08 00:00:00,51.6,51.76,51.37,51.68
2024-12-08 01:00:00,51.66,51.94,51.46,51.51
2024-12-08 02:00:00,51.5,51.78,51.37,51.67
2024-12-08 03:00:00,51.67,52,51.65,51.85
2024-12-08 04:00:00,51.85,52.13,51.48,51.49
2024-12-08 05:00:00,51.49,51.6,50.79,50.98
2024-12-08 06:00:00,50.98,51.32,50.67,51.3
2024-12-08 07:00:00,51.31,51.74,51.23,51.56
2024-12-08 08:00:00,51.56,51.59,50.54,50.56
2024-12-08 09:00:00,50.56,51.12,50.35,50.62
2024-12-08 10:00:00,50.62,51.26,50.61,51.16
2024-12-08 11:00:00,51.17,51.65,51,51.46
2024-12-08 12:00:00,51.47,51.8,51.06,51.69
2024-12-08 13:00:00,51.7,52.18,51.6,51.9
2024-12-08 14:00:00,51.9,51.94,51.36,51.4
2024-12-08 15:00:00,51.4,52.84,51.01,52.22
2024-12-08 16:00:00,52.23,52.51,51.92,52.04
2024-12-08 17:00:00,52.03,52.99,52.02,52.82
2024-12-08 18:00:00,52.82,53.2,52.12,52.34
2024-12-08 19:00:00,52.32,53,52.26,52.81
2024-12-08 20:00:00,52.81,53.58,52.77,53.16
2024-12-08 21:00:00,53.16,53.78,52.97,53.52
2024-12-08 22:00:00,53.52,54.39,53.49,54.01
2024-12-08 23:00:00,53.99,54.22,53.7,53.98
2024-12-09 00:00:00,53.99,54.2,53.1,53.21
2024-12-09 01:00:00,53.21,53.42,52.44,52.51
2024-12-09 02:00:00,52.52,52.64,52,52.05
2024-12-09 03:00:00,52.05,52.33,51.13,51.72
2024-12-09 04:00:00,51.72,51.94,51.02,51.93
2024-12-09 05:00:00,51.94,52.48,51.85,52.28
2024-12-09 06:00:00,52.29,52.35,51.36,51.46
2024-12-09 07:00:00,51.46,51.6,50.45,51.41
2024-12-09 08:00:00,51.41,51.42,50.2,50.32
2024-12-09 09:00:00,50.33,50.61,49.51,49.95
2024-12-09 10:00:00,49.95,50.52,49.74,50.34
2024-12-09 11:00:00,50.33,50.35,49.08,49.25
2024-12-09 12:00:00,49.24,49.76,48.91,49.62
2024-12-09 13:00:00,49.61,50.92,49.32,50.54
2024-12-09 14:00:00,50.55,50.93,49.84,50.81
2024-12-09 15:00:00,50.81,50.98,48.79,49.02
2024-12-09 16:00:00,49.01,49.79,48.74,49.15
2024-12-09 17:00:00,49.14,49.47,48.74,48.75
2024-12-09 18:00:00,48.76,49.41,48.75,49
2024-12-09 19:00:00,49.01,49.15,48.73,48.77
2024-12-09 20:00:00,48.78,48.92,45.49,45.78
2024-12-09 21:00:00,45.78,46.24,40.4,44.87
2024-12-09 22:00:00,44.88,45.12,41.1,44.68
2024-12-09 23:00:00,44.67,45.52,44,45.02
2024-12-10 00:00:00,45.02,46.11,44.16,45.63
2024-12-10 01:00:00,45.63,45.89,44.81,45.68
2024-12-10 02:00:00,45.67,45.67,44.03,44.05
2024-12-10 03:00:00,44.05,44.43,42.26,44.08
2024-12-10 04:00:00,44.09,44.83,43.02,44.79
2024-12-10 05:00:00,44.8,45.31,44.44,45.02
2024-12-10 06:00:00,45.01,45.77,44.74,45.59
2024-12-10 07:00:00,45.59,45.62,44.94,45.29
2024-12-10 08:00:00,45.29,45.54,44.72,45.39
2024-12-10 09:00:00,45.38,45.99,45.29,45.75
2024-12-10 10:00:00,45.75,46.4,45.72,46.25
2024-12-10 11:00:00,46.25,46.49,45.66,45.81
2024-12-10 12:00:00,45.81,45.98,43.84,44.03
2024-12-10 13:00:00,44.03,45.1,43.99,44.71
2024-12-10 14:00:00,44.71,45.68,44.63,44.92
2024-12-10 15:00:00,44.91,45.18,42.36,42.39
2024-12-10 16:00:00,42.39,43.47,41.64,43.33
2024-12-10 17:00:00,43.33,43.34,41.51,41.54
2024-12-10 18:00:00,41.53,42.9,41.32,42.54
2024-12-10 19:00:00,42.55,43.67,42.48,43.58
2024-12-10 20:00:00,43.58,44.37,43.31,44.31
2024-12-10 21:00:00,44.31,45.36,44.26,44.79
2024-12-10 22:00:00,44.79,45.08,44.47,44.73
2024-12-10 23:00:00,44.72,44.96,44.43,44.6
2024-12-11 00:00:00,44.6,44.74,43.52,44.06
2024-12-11 01:00:00,44.06,44.08,42.78,42.88
2024-12-11 02:00:00,42.88,44.57,42.82,44.27
2024-12-11 03:00:00,44.26,44.56,44.11,44.27
2024-12-11 04:00:00,44.27,44.59,44.1,44.45
2024-12-11 05:00:00,44.45,44.63,43.99,44.17
2024-12-11 06:00:00,44.16,44.42,43.94,44.34
2024-12-11 07:00:00,44.34,44.61,43.95,43.99
2024-12-11 08:00:00,44.01,45.32,43.95,45.04
2024-12-11 09:00:00,45.05,45.15,44.68,45.05
2024-12-11 10:00:00,45.05,45.28,44.92,45.26
2024-12-11 11:00:00,45.27,45.6,45.13,45.39
2024-12-11 12:00:00,45.39,46.06,45.28,45.79
2024-12-11 13:00:00,45.8,46.93,45.73,46.86
2024-12-11 14:00:00,46.86,47.58,46.29,47.47
2024-12-11 15:00:00,47.48,48.39,47.34,47.92
2024-12-11 16:00:00,47.92,48.35,47.63,47.84
2024-12-11 17:00:00,47.84,48.01,47.19,47.3
2024-12-11 18:00:00,47.31,47.67,47.19,47.45
2024-12-11 19:00:00,47.46,47.78,47.41,47.76
2024-12-11 20:00:00,47.77,48.05,47.68,47.83
2024-12-11 21:00:00,47.83,48.04,47.64,47.97
2024-12-11 22:00:00,47.97,48.31,47.91,48.13
2024-12-11 23:00:00,48.14,48.48,48.11,48.47
2024-12-12 00:00:00,48.46,49.03,48.21,48.71
2024-12-12 01:00:00,48.72,49.26,48.32,48.59
2024-12-12 02:00:00,48.6,50,48.57,49.94
2024-12-12 03:00:00,49.94,50.35,49.46,49.74
2024-12-12 04:00:00,49.74,50.04,49.52,49.7
2024-12-12 05:00:00,49.71,51.04,49.68,50.39
2024-12-12 06:00:00,50.4,50.64,49.93,50.34
2024-12-12 07:00:00,50.36,50.55,50.03,50.11
2024-12-12 08:00:00,50.12,50.84,50.12,50.75
2024-12-12 09:00:00,50.75,51.27,50.74,51.1
2024-12-12 10:00:00,51.1,51.17,50.22,50.52
2024-12-12 11:00:00,50.52,50.6,49.59,49.78
2024-12-12 12:00:00,49.79,50.38,49.57,50.29
2024-12-12 13:00:00,50.29,52.8,50.1,51.6
2024-12-12 14:00:00,51.6,52.64,51.23,52.6
2024-12-12 15:00:00,52.61,52.97,52.01,52.3
2024-12-12 16:00:00,52.3,53.95,52.29,53.6
2024-12-12 17:00:00,53.58,55.41,53.47,54.41
2024-12-12 18:00:00,54.41,54.82,53.51,53.72
2024-12-12 19:00:00,53.72,53.97,51.83,52.12
2024-12-12 20:00:00,52.12,53.57,51.87,53.11
2024-12-12 21:00:00,53.1,53.57,52.48,52.55
2024-12-12 22:00:00,52.55,53.32,51.84,53.08
2024-12-12 23:00:00,53.09,53.2,52.56,53.14
2024-12-13 00:00:00,53.14,54.03,52.97,53.11
2024-12-13 01:00:00,53.12,53.13,51.97,52.54
2024-12-13 02:00:00,52.54,53.75,52.17,53.04
2024-12-13 03:00:00,53.03,53.21,52.43,52.56
2024-12-13 04:00:00,52.56,53.35,52.56,53
2024-12-13 05:00:00,53,53.01,52.23,52.33
2024-12-13 06:00:00,52.32,52.75,51.55,51.55
2024-12-13 07:00:00,51.56,52.01,51.16,51.77
2024-12-13 08:00:00,51.77,52.32,51.65,52.08
2024-12-13 09:00:00,52.07,52.31,51.47,51.72
2024-12-13 10:00:00,51.72,52.11,51.32,51.87
2024-12-13 11:00:00,51.86,52.4,51.79,51.83
2024-12-13 12:00:00,51.83,52.25,51.7,52.21
2024-12-13 13:00:00,52.21,52.36,51.66,52.03
2024-12-13 14:00:00,52.03,52.51,51.46,52.51
2024-12-13 15:00:00,52.51,52.85,51.11,51.17
2024-12-13 16:00:00,51.17,52.11,50.91,51.46
2024-12-13 17:00:00,51.46,51.66,50.72,51.44
2024-12-13 18:00:00,51.44,51.49,50.85,50.95
2024-12-13 19:00:00,50.95,51.45,50.93,51.4
2024-12-13 20:00:00,51.39,51.8,51.36,51.67
2024-12-13 21:00:00,51.67,51.74,51.4,51.45
2024-12-13 22:00:00,51.46,52.33,51.41,52.02
2024-12-13 23:00:00,52.01,52.8,51.92,52.78
2024-12-14 00:00:00,52.79,53.64,52.57,53.06
2024-12-14 01:00:00,53.06,53.84,53.05,53.58
2024-12-14 02:00:00,53.58,53.66,52.91,52.95
2024-12-14 03:00:00,52.95,53.08,52.49,52.63
2024-12-14 04:00:00,52.63,52.71,52.35,52.44
2024-12-14 05:00:00,52.44,52.48,52,52.07
2024-12-14 06:00:00,52.06,52.6,52.01,52.49
2024-12-14 07:00:00,52.48,52.75,52.32,52.59
2024-12-14 08:00:00,52.59,53.28,52.56,53.2
2024-12-14 09:00:00,53.21,53.62,52.67,52.68
2024-12-14 10:00:00,52.68,53.22,52.51,53.14
2024-12-14 11:00:00,53.14,53.35,52.88,52.98
2024-12-14 12:00:00,52.97,53.12,51.59,51.67
2024-12-14 13:00:00,51.67,51.92,50.8,51.31
2024-12-14 14:00:00,51.32,51.85,51.24,51.5
2024-12-14 15:00:00,51.49,51.55,51.09,51.35
2024-12-14 16:00:00,51.35,51.41,50.85,51.37
2024-12-14 17:00:00,51.36,51.39,50.18,50.28
2024-12-14 18:00:00,50.28,50.38,49.62,49.71
2024-12-14 19:00:00,49.71,50.18,49.53,50.04
2024-12-14 20:00:00,50.04,50.27,49.38,49.51
2024-12-14 21:00:00,49.53,50.01,49.53,49.82
2024-12-14 22:00:00,49.82,49.97,49.46,49.76
2024-12-14 23:00:00,49.76,50.17,49.61,49.85
2024-12-15 00:00:00,49.85,49.94,49.33,49.55
2024-12-15 01:00:00,49.55,50.71,49.48,50.65
2024-12-15 02:00:00,50.65,51.56,49.79,49.79
2024-12-15 03:00:00,49.8,49.82,49.48,49.55
2024-12-15 04:00:00,49.55,50.15,49.5,49.72
2024-12-15 05:00:00,49.71,49.82,49.47,49.67
2024-12-15 06:00:00,49.67,49.72,48.87,48.94
2024-12-15 07:00:00,48.95,49.03,48.13,48.45
2024-12-15 08:00:00,48.44,49.69,48.29,49.68
2024-12-15 09:00:00,49.68,49.68,49.32,49.53
2024-12-15 10:00:00,49.53,49.68,49.1,49.11
2024-12-15 11:00:00,49.11,49.54,49.09,49.48
2024-12-15 12:00:00,49.49,50.12,49.4,50.03
2024-12-15 13:00:00,50.02,50.68,49.69,50.38
2024-12-15 14:00:00,50.39,51,50.39,50.98
2024-12-15 15:00:00,50.98,51.09,50.41,50.46
2024-12-15 16:00:00,50.46,50.65,50.22,50.52
2024-12-15 17:00:00,50.53,50.54,49.94,50.03
2024-12-15 18:00:00,50.03,50.27,49.8,50.26
2024-12-15 19:00:00,50.26,50.65,50.25,50.34
2024-12-15 20:00:00,50.33,50.45,50.08,50.14
2024-12-15 21:00:00,50.15,50.24,48.55,48.57
2024-12-15 22:00:00,48.56,49.33,48.1,49.14
2024-12-15 23:00:00,49.13,51.38,49.11,50.76
2024-12-16 00:00:00,50.77,51.94,50.3,51.83
2024-12-16 01:00:00,51.83,52.05,51.23,51.32
2024-12-16 02:00:00,51.33,51.4,50.03,50.11
2024-12-16 03:00:00,50.09,50.38,49.61,49.96
2024-12-16 04:00:00,49.96,50.29,49.89,50.22
2024-12-16 05:00:00,50.22,50.68,49.89,50.42
2024-12-16 06:00:00,50.43,50.69,49.89,49.98
2024-12-16 07:00:00,49.98,50.15,49.73,49.86
2024-12-16 08:00:00,49.85,49.95,49.15,49.26
2024-12-16 09:00:00,49.27,49.38,48.84,48.91
2024-12-16 10:00:00,48.91,49.19,48.62,49.06
2024-12-16 11:00:00,49.06,49.24,48.44,48.59
2024-12-16 12:00:00,48.59,48.99,48.5,48.7
2024-12-16 13:00:00,48.7,49.04,48.34,48.55
2024-12-16 14:00:00,48.54,49.68,48.54,49.02
2024-12-16 15:00:00,49.04,49.57,48.76,48.99
2024-12-16 16:00:00,49,49.68,48.95,49.45
2024-12-16 17:00:00,49.45,50.18,49.4,49.92
2024-12-16 18:00:00,49.93,50.84,49.85,50.83
2024-12-16 19:00:00,50.84,50.86,49.67,50.04
2024-12-16 20:00:00,50.05,50.23,49.54,49.72
2024-12-16 21:00:00,49.73,50.08,49.7,49.89
2024-12-16 22:00:00,49.89,50.05,49.56,49.68
2024-12-16 23:00:00,49.67,49.82,48.85,48.98
2024-12-17 00:00:00,48.99,49.15,48.32,48.37
2024-12-17 01:00:00,48.37,49.52,48.32,49.37
2024-12-17 02:00:00,49.38,49.51,49.04,49.16
2024-12-17 03:00:00,49.15,49.4,49.11,49.25
2024-12-17 04:00:00,49.25,49.26,48.66,48.88
2024-12-17 05:00:00,48.89,49.08,48.64,48.99
2024-12-17 06:00:00,49,49.01,48.39,48.74
2024-12-17 07:00:00,48.74,49.24,48.61,48.81
2024-12-17 08:00:00,48.82,49.42,48.81,49.22
2024-12-17 09:00:00,49.22,50.43,49.07,50.24
2024-12-17 10:00:00,50.24,50.79,50.04,50.7
2024-12-17 11:00:00,50.71,50.78,50.1,50.21
2024-12-17 12:00:00,50.22,50.7,49.93,50.51
2024-12-17 13:00:00,50.51,50.84,50.3,50.67
2024-12-17 14:00:00,50.66,50.73,49.6,50.05
2024-12-17 15:00:00,50.05,50.07,48.45,48.8
2024-12-17 16:00:00,48.8,49.71,48.47,49.47
2024-12-17 17:00:00,49.47,49.89,49.01,49.78
2024-12-17 18:00:00,49.76,49.89,48.77,48.8
2024-12-17 19:00:00,48.79,49.09,48.53,48.85
2024-12-17 20:00:00,48.84,49.2,48.68,48.8
2024-12-17 21:00:00,48.81,49.38,48.41,48.94
2024-12-17 22:00:00,48.94,49.03,47.65,48.07
2024-12-17 23:00:00,48.06,48.06,47.52,47.92
2024-12-18 00:00:00,47.92,48.2,47.15,47.67
2024-12-18 01:00:00,47.68,48.04,47.15,47.28
2024-12-18 02:00:00,47.28,47.87,47.09,47.76
2024-12-18 03:00:00,47.75,47.88,46.96,46.97
2024-12-18 04:00:00,46.97,47.03,46.13,46.54
2024-12-18 05:00:00,46.54,47.02,46.34,46.71
2024-12-18 06:00:00,46.7,46.85,46.03,46.45
2024-12-18 07:00:00,46.44,46.72,46.31,46.45
2024-12-18 08:00:00,46.44,46.6,45.97,46.36
2024-12-18 09:00:00,46.35,46.92,46.24,46.75
2024-12-18 10:00:00,46.74,46.82,46.5,46.79
2024-12-18 11:00:00,46.79,47.35,46.76,47.23
2024-12-18 12:00:00,47.23,47.34,46.11,46.42
2024-12-18 13:00:00,46.43,46.79,46.17,46.34
2024-12-18 14:00:00,46.34,46.65,45.95,45.99
2024-12-18 15:00:00,46,46.63,45.62,46.28
2024-12-18 16:00:00,46.29,46.6,45.94,46.35
2024-12-18 17:00:00,46.35,46.8,45.93,46.56
2024-12-18 18:00:00,46.56,47.46,46.37,47.42
2024-12-18 19:00:00,47.42,47.56,45.26,45.26
2024-12-18 20:00:00,45.25,45.6,42.77,44.01
2024-12-18 21:00:00,44,44.65,43.63,43.99
2024-12-18 22:00:00,43.98,44.06,43.27,43.34
2024-12-18 23:00:00,43.34,43.49,42.63,42.78
2024-12-19 00:00:00,42.78,43.33,42.36,43.05
2024-12-19 01:00:00,43.05,43.11,41.58,41.86
2024-12-19 02:00:00,41.86,42,40.2,41.99
2024-12-19 03:00:00,41.98,43.05,41.88,42.98
2024-12-19 04:00:00,42.97,43.01,42.55,42.56
2024-12-19 05:00:00,42.56,42.97,42.48,42.8
2024-12-19 06:00:00,42.8,42.82,42.34,42.53
2024-12-19 07:00:00,42.53,43.11,42.52,43.03
2024-12-19 08:00:00,43.04,43.04,42.19,42.33
2024-12-19 09:00:00,42.33,42.72,42.18,42.63
2024-12-19 10:00:00,42.63,43.61,42.43,43.3
2024-12-19 11:00:00,43.3,43.51,43.04,43.24
2024-12-19 12:00:00,43.24,43.34,42.42,42.49
2024-12-19 13:00:00,42.49,42.87,42.2,42.47
2024-12-19 14:00:00,42.47,43.32,42.06,42.1
2024-12-19 15:00:00,42.11,42.13,40.91,41.57
2024-12-19 16:00:00,41.56,42.45,41.01,42.21
2024-12-19 17:00:00,42.21,42.22,39.3,40.2
2024-12-19 18:00:00,40.19,40.26,38.31,39.55
2024-12-19 19:00:00,39.55,39.78,37.84,38.63
2024-12-19 20:00:00,38.64,39,37.46,38.81
2024-12-19 21:00:00,38.82,39.81,38.47,39.29
2024-12-19 22:00:00,39.28,39.72,39.1,39.65
2024-12-19 23:00:00,39.65,39.65,38.8,38.83
2024-12-20 00:00:00,38.84,39.54,38.2,39.2
2024-12-20 01:00:00,39.2,39.49,38.84,39.15
2024-12-20 02:00:00,39.15,40.39,39.06,40.06
2024-12-20 03:00:00,40.08,40.16,39.44,39.53
2024-12-20 04:00:00,39.54,39.83,39.33,39.38
2024-12-20 05:00:00,39.39,39.57,38.84,38.85
2024-12-20 06:00:00,38.85,39.33,38.12,38.48
2024-12-20 07:00:00,38.49,39.71,38.48,39.14
2024-12-20 08:00:00,39.14,39.19,36.44,36.78
2024-12-20 09:00:00,36.79,37.14,36.01,36.01
2024-12-20 10:00:00,36.02,36.19,34.7,34.95
2024-12-20 11:00:00,34.94,35.59,33.61,33.68
2024-12-20 12:00:00,33.69,36.15,33.6,35.82
2024-12-20 13:00:00,35.82,36.93,35.06,36.71
2024-12-20 14:00:00,36.71,37.51,36.34,37.18
2024-12-20 15:00:00,37.19,38.47,37.16,38.02
2024-12-20 16:00:00,38.02,38.6,37.75,38.22
2024-12-20 17:00:00,38.22,38.87,38.04,38.63
2024-12-20 18:00:00,38.63,38.94,38.49,38.75
2024-12-20 19:00:00,38.74,39.56,38.71,39.12
2024-12-20 20:00:00,39.11,39.36,38.6,38.67
2024-12-20 21:00:00,38.66,38.89,37.93,38.75
2024-12-20 22:00:00,38.76,39.84,38.57,39.78
2024-12-20 23:00:00,39.78,40.04,39.65,39.86
2024-12-21 00:00:00,39.85,39.92,39.39,39.53
2024-12-21 01:00:00,39.53,40.12,39.45,39.86
2024-12-21 02:00:00,39.86,40.12,39.55,39.78
2024-12-21 03:00:00,39.79,39.94,39.55,39.84
2024-12-21 04:00:00,39.85,40.39,39.8,40.36
2024-12-21 05:00:00,40.36,41.5,40.28,41.49
2024-12-21 06:00:00,41.49,41.78,41.24,41.73
2024-12-21 07:00:00,41.73,42.36,41.68,41.85
2024-12-21 08:00:00,41.86,42.01,40.85,41.16
2024-12-21 09:00:00,41.16,41.29,40.74,41.14
2024-12-21 10:00:00,41.14,41.41,40.72,40.86
2024-12-21 11:00:00,40.87,40.96,40.13,40.61
2024-12-21 12:00:00,40.61,40.65,39.07,39.09
2024-12-21 13:00:00,39.1,39.42,37.82,38.69
2024-12-21 14:00:00,38.68,39.08,38.21,38.26
2024-12-21 15:00:00,38.28,38.89,38.27,38.62
2024-12-21 16:00:00,38.62,38.73,37.84,38
2024-12-21 17:00:00,38,38.44,37.64,38.3
2024-12-21 18:00:00,38.3,38.49,37.54,37.7
2024-12-21 19:00:00,37.71,37.74,37.03,37.74
2024-12-21 20:00:00,37.74,38.16,37.5,37.74
2024-12-21 21:00:00,37.75,37.91,37.2,37.45
2024-12-21 22:00:00,37.45,37.62,37.04,37.37
2024-12-21 23:00:00,37.37,37.47,36.93,37.42
2024-12-22 00:00:00,37.42,37.85,37.03,37.56
2024-12-22 01:00:00,37.55,37.84,36.98,37.43
2024-12-22 02:00:00,37.42,37.59,37.07,37.38
2024-12-22 03:00:00,37.39,37.72,36.97,37.54
2024-12-22 04:00:00,37.53,37.61,36.68,36.68
2024-12-22 05:00:00,36.69,37.23,36.17,37.06
2024-12-22 06:00:00,37.07,37.63,36.94,37.55
2024-12-22 07:00:00,37.54,37.73,37.36,37.62
2024-12-22 08:00:00,37.61,38.19,37.59,38.03
2024-12-22 09:00:00,38.02,38.54,37.82,38.09
2024-12-22 10:00:00,38.08,38.3,38,38.03
2024-12-22 11:00:00,38.03,38.15,37.88,38.04
2024-12-22 12:00:00,38.03,38.37,37.82,37.96
2024-12-22 13:00:00,37.96,38.23,37.74,37.9
2024-12-22 14:00:00,37.89,38.02,36.64,36.7
2024-12-22 15:00:00,36.7,37.31,36.7,37.02
2024-12-22 16:00:00,37.02,37.46,36.68,37.4
2024-12-22 17:00:00,37.4,37.62,37.21,37.25
2024-12-22 18:00:00,37.25,37.64,37.05,37.15
2024-12-22 19:00:00,37.15,37.21,36.03,36.16
2024-12-22 20:00:00,36.15,36.67,35.52,36.64
2024-12-22 21:00:00,36.65,37.07,36.4,36.63
2024-12-22 22:00:00,36.62,36.69,35.89,36.65
2024-12-22 23:00:00,36.66,37.03,36.4,36.57
2024-12-23 00:00:00,36.57,36.66,35.88,36.14
2024-12-23 01:00:00,36.13,36.73,35.62,36.08
2024-12-23 02:00:00,36.09,36.46,35.67,36.41
2024-12-23 03:00:00,36.42,37.91,36.2,37.79
2024-12-23 04:00:00,37.79,38,37.22,37.35
2024-12-23 05:00:00,37.34,37.46,36.75,36.89
2024-12-23 06:00:00,36.9,36.96,35.85,35.98
2024-12-23 07:00:00,35.99,36.49,35.86,36.32
2024-12-23 08:00:00,36.32,36.98,36.22,36.94
2024-12-23 09:00:00,36.93,37.48,36.88,37.16
2024-12-23 10:00:00,37.17,37.42,36.88,37.2
2024-12-23 11:00:00,37.21,37.32,36.79,36.87
2024-12-23 12:00:00,36.88,37.26,36.83,37.06
2024-12-23 13:00:00,37.05,37.13,36.21,36.32
2024-12-23 14:00:00,36.33,36.85,35.72,36.07
2024-12-23 15:00:00,36.07,36.14,35.7,35.77
2024-12-23 16:00:00,35.76,37.43,35.75,37.32
2024-12-23 17:00:00,37.32,37.5,36.72,36.87
2024-12-23 18:00:00,36.87,37.12,36.55,36.62
2024-12-23 19:00:00,36.62,37.43,36.62,36.94
2024-12-23 20:00:00,36.94,38.47,36.92,38.3
2024-12-23 21:00:00,38.3,39.2,38.3,38.35
2024-12-23 22:00:00,38.35,39.56,38.35,39.56
2024-12-23 23:00:00,39.56,39.74,38.9,39.11
2024-12-24 00:00:00,39.1,39.31,38.64,38.81
2024-12-24 01:00:00,38.82,38.9,38.07,38.11
2024-12-24 02:00:00,38.11,38.3,37.7,38.07
2024-12-24 03:00:00,38.06,38.61,38.03,38.57
2024-12-24 04:00:00,38.57,39.02,38.47,38.91
2024-12-24 05:00:00,38.91,39.12,38.79,39.09
2024-12-24 06:00:00,39.07,39.12,38.42,38.49
2024-12-24 07:00:00,38.5,38.69,38.28,38.55
2024-12-24 08:00:00,38.56,39.21,38.38,39.17
2024-12-24 09:00:00,39.17,39.32,38.65,38.72
2024-12-24 10:00:00,38.72,38.81,38.46,38.56
2024-12-24 11:00:00,38.57,39.69,38.43,39.63
2024-12-24 12:00:00,39.62,39.71,39.03,39.21
2024-12-24 13:00:00,39.22,40.38,39.05,40.33
2024-12-24 14:00:00,40.33,40.51,39.99,40.31
2024-12-24 15:00:00,40.31,41.02,40.19,40.9
2024-12-24 16:00:00,40.9,42.06,40.8,40.96
2024-12-24 17:00:00,40.95,41.35,40.9,41.28
2024-12-24 18:00:00,41.26,41.85,41.14,41.51
2024-12-24 19:00:00,41.51,41.56,40.88,40.89
2024-12-24 20:00:00,40.89,40.97,40.3,40.67
2024-12-24 21:00:00,40.67,41.44,40.64,41.2
2024-12-24 22:00:00,41.2,41.48,40.94,41.15
2024-12-24 23:00:00,41.16,41.33,41.07,41.25
2024-12-25 00:00:00,41.25,41.28,40.95,41.11
2024-12-25 01:00:00,41.12,41.39,41.1,41.31
2024-12-25 02:00:00,41.31,41.49,40.92,41.11
2024-12-25 03:00:00,41.1,41.19,40.61,41.13
2024-12-25 04:00:00,41.14,41.38,40.98,41.14
2024-12-25 05:00:00,41.14,41.46,41.08,41.26
2024-12-25 06:00:00,41.26,41.58,41.04,41.09
2024-12-25 07:00:00,41.09,41.56,40.83,40.88
2024-12-25 08:00:00,40.88,41.27,40.74,41.03
2024-12-25 09:00:00,41.02,41.17,40.87,41.13
2024-12-25 10:00:00,41.13,41.9,40.78,40.92
2024-12-25 11:00:00,40.92,41.19,40.37,40.46
2024-12-25 12:00:00,40.47,40.91,40.33,40.78
2024-12-25 13:00:00,40.79,41.04,40.59,40.72
2024-12-25 14:00:00,40.72,40.88,40.61,40.72
2024-12-25 15:00:00,40.72,40.78,40.31,40.56
2024-12-25 16:00:00,40.56,40.66,40.02,40.33
2024-12-25 17:00:00,40.33,40.44,40.13,40.43
2024-12-25 18:00:00,40.43,40.58,40.22,40.42
2024-12-25 19:00:00,40.42,40.62,40.3,40.56
2024-12-25 20:00:00,40.57,40.81,40.07,40.18
2024-12-25 21:00:00,40.18,40.36,39.83,40.16
2024-12-25 22:00:00,40.17,40.37,39.9,40.11
2024-12-25 23:00:00,40.12,40.41,40.09,40.25
2024-12-26 00:00:00,40.26,40.74,39.91,40.01
2024-12-26 01:00:00,40.01,40.2,39.73,39.9
2024-12-26 02:00:00,39.9,40.2,39.56,39.57
2024-12-26 03:00:00,39.57,39.77,39.39,39.58
2024-12-26 04:00:00,39.58,39.58,39.18,39.21
2024-12-26 05:00:00,39.21,39.34,39.04,39.24
2024-12-26 06:00:00,39.24,39.29,38.84,38.94
2024-12-26 07:00:00,38.94,39.02,38.64,38.71
2024-12-26 08:00:00,38.72,38.77,37.6,38.29
2024-12-26 09:00:00,38.29,38.51,37.92,37.94
2024-12-26 10:00:00,37.93,38.12,37.7,37.96
2024-12-26 11:00:00,37.95,38.3,37.92,37.98
2024-12-26 12:00:00,37.99,38.07,37.74,37.78
2024-12-26 13:00:00,37.78,37.84,37.4,37.72
2024-12-26 14:00:00,37.71,38.06,37.46,37.69
2024-12-26 15:00:00,37.69,38.1,37.54,37.68
2024-12-26 16:00:00,37.68,37.95,37.52,37.85
2024-12-26 17:00:00,37.86,37.87,37.09,37.38
2024-12-26 18:00:00,37.39,37.79,37.22,37.73
2024-12-26 19:00:00,37.73,37.77,37.34,37.62
2024-12-26 20:00:00,37.62,37.62,37.18,37.4
2024-12-26 21:00:00,37.4,37.52,37.13,37.47
2024-12-26 22:00:00,37.47,37.71,37.41,37.43
2024-12-26 23:00:00,37.43,37.45,36.97,37.33
2024-12-27 00:00:00,37.33,37.51,37.05,37.35
2024-12-27 01:00:00,37.35,37.7,37.14,37.5
2024-12-27 02:00:00,37.49,37.86,37.28,37.42
2024-12-27 03:00:00,37.43,37.7,37.35,37.58
2024-12-27 04:00:00,37.58,37.86,37.35,37.4
2024-12-27 05:00:00,37.4,37.52,37.15,37.51
2024-12-27 06:00:00,37.51,38.1,37.51,38.09
2024-12-27 07:00:00,38.09,38.11,36.84,37.2
2024-12-27 08:00:00,37.2,37.95,37.2,37.69
2024-12-27 09:00:00,37.7,39.05,37.67,38.58
2024-12-27 10:00:00,38.59,38.68,37.7,38.12
2024-12-27 11:00:00,38.12,38.59,38.04,38.52
2024-12-27 12:00:00,38.52,38.59,38.32,38.36
2024-12-27 13:00:00,38.36,38.42,37.93,38
2024-12-27 14:00:00,38,38,37.12,37.4
2024-12-27 15:00:00,37.41,37.43,36.55,36.68
2024-12-27 16:00:00,36.68,36.78,36.31,36.63
2024-12-27 17:00:00,36.63,37.56,36.54,37.39
2024-12-27 18:00:00,37.39,37.52,37.12,37.38
2024-12-27 19:00:00,37.39,37.45,37.16,37.19
2024-12-27 20:00:00,37.19,37.23,36.78,36.99
2024-12-27 21:00:00,37.01,37.07,36.62,36.63
2024-12-27 22:00:00,36.64,36.85,36.41,36.45
2024-12-27 23:00:00,36.45,36.57,36.33,36.56
2024-12-28 00:00:00,36.57,36.74,36.49,36.71
2024-12-28 01:00:00,36.72,36.74,36.28,36.54
2024-12-28 02:00:00,36.55,36.75,36.39,36.43
2024-12-28 03:00:00,36.42,36.8,36.42,36.68
2024-12-28 04:00:00,36.68,36.75,36.56,36.71
2024-12-28 05:00:00,36.71,37,36.71,36.88
2024-12-28 06:00:00,36.89,36.93,36.51,36.55
2024-12-28 07:00:00,36.55,36.72,36.33,36.41
2024-12-28 08:00:00,36.41,36.82,36.4,36.77
2024-12-28 09:00:00,36.77,36.9,36.73,36.77
2024-12-28 10:00:00,36.78,36.83,36.5,36.53
2024-12-28 11:00:00,36.52,36.84,36.52,36.78
2024-12-28 12:00:00,36.79,36.83,36.44,36.49
2024-12-28 13:00:00,36.49,37.01,36.47,36.96
2024-12-28 14:00:00,36.96,37.54,36.89,37.04
2024-12-28 15:00:00,37.04,37.39,37.01,37.07
2024-12-28 16:00:00,37.06,37.51,36.97,37.51
2024-12-28 17:00:00,37.5,37.91,37.47,37.69
2024-12-28 18:00:00,37.69,37.83,37.45,37.55
2024-12-28 19:00:00,37.55,37.75,37.55,37.62
2024-12-28 20:00:00,37.63,37.7,37.45,37.55
2024-12-28 21:00:00,37.56,37.8,37.45,37.79
2024-12-28 22:00:00,37.79,38.14,37.73,37.97
2024-12-28 23:00:00,37.97,37.99,37.64,37.74
2024-12-29 00:00:00,37.75,37.81,37.35,37.41
2024-12-29 01:00:00,37.42,37.56,37.14,37.18
2024-12-29 02:00:00,37.17,37.46,37.13,37.32
2024-12-29 03:00:00,37.32,37.48,37.2,37.47
2024-12-29 04:00:00,37.48,37.51,37.25,37.34
2024-12-29 05:00:00,37.34,37.37,37.22,37.29
2024-12-29 06:00:00,37.29,37.47,37.11,37.42
2024-12-29 07:00:00,37.43,37.68,37.38,37.67
2024-12-29 08:00:00,37.68,37.73,37.29,37.33
2024-12-29 09:00:00,37.33,37.46,37.21,37.44
2024-12-29 10:00:00,37.43,37.46,37.28,37.28
2024-12-29 11:00:00,37.29,37.33,37.07,37.09
2024-12-29 12:00:00,37.09,37.17,36.76,36.81
2024-12-29 13:00:00,36.81,37.05,36.7,37
2024-12-29 14:00:00,37.01,37.32,36.45,36.58
2024-12-29 15:00:00,36.58,36.76,36.43,36.58
2024-12-29 16:00:00,36.58,36.61,36.22,36.29
2024-12-29 17:00:00,36.3,36.43,36.08,36.21
2024-12-29 18:00:00,36.21,36.39,36.09,36.3
2024-12-29 19:00:00,36.3,36.37,36.18,36.21
2024-12-29 20:00:00,36.2,36.2,35.82,36.18
2024-12-29 21:00:00,36.18,36.23,35.78,35.91
2024-12-29 22:00:00,35.9,35.92,35.53,35.65
2024-12-29 23:00:00,35.66,35.95,35.53,35.84
2024-12-30 00:00:00,35.85,36.28,35.72,36.15
2024-12-30 01:00:00,36.16,37.06,36.14,36.76
2024-12-30 02:00:00,36.75,36.86,36.44,36.73
2024-12-30 03:00:00,36.73,36.93,36.37,36.42
2024-12-30 04:00:00,36.41,36.65,36.12,36.13
2024-12-30 05:00:00,36.12,36.44,36.08,36.35
2024-12-30 06:00:00,36.36,37,36.35,36.88
2024-12-30 07:00:00,36.88,36.95,36.4,36.78
2024-12-30 08:00:00,36.78,37.07,36.75,36.93
2024-12-30 09:00:00,36.93,36.99,36.64,36.97
2024-12-30 10:00:00,36.97,37.02,36.59,36.65
2024-12-30 11:00:00,36.65,36.91,36.41,36.73
2024-12-30 12:00:00,36.72,37.18,36.57,36.69
2024-12-30 13:00:00,36.68,36.81,35.58,35.61
2024-12-30 14:00:00,35.6,35.93,35.18,35.2
2024-12-30 15:00:00,35.21,35.48,34.87,35.15
2024-12-30 16:00:00,35.14,35.43,34.94,35.17
2024-12-30 17:00:00,35.17,36.67,35.16,36.44
2024-12-30 18:00:00,36.43,36.86,36.19,36.86
2024-12-30 19:00:00,36.86,37,36.57,36.94
2024-12-30 20:00:00,36.94,37.19,36.77,36.78
2024-12-30 21:00:00,36.79,36.91,35.77,35.88
2024-12-30 22:00:00,35.89,36.17,35.77,35.97
2024-12-30 23:00:00,35.97,36.06,35.72,35.97
2024-12-31 00:00:00,35.98,35.98,35.46,35.48
2024-12-31 01:00:00,35.49,35.58,35.2,35.35
2024-12-31 02:00:00,35.35,35.51,35.24,35.36
2024-12-31 03:00:00,35.37,35.4,35.13,35.22
2024-12-31 04:00:00,35.23,35.46,34.94,35.02
2024-12-31 05:00:00,35.03,35.3,34.95,35.17
2024-12-31 06:00:00,35.17,35.45,35.07,35.25
2024-12-31 07:00:00,35.26,35.41,35.2,35.3
2024-12-31 08:00:00,35.31,36.38,35.26,35.93
2024-12-31 09:00:00,35.92,36.44,35.82,36.28
2024-12-31 10:00:00,36.29,36.38,36.02,36.17
2024-12-31 11:00:00,36.18,36.31,36.05,36.2
2024-12-31 12:00:00,36.21,36.51,36.08,36.09
2024-12-31 13:00:00,36.09,37.04,36.05,36.88
2024-12-31 14:00:00,36.87,37.29,36.72,36.83
2024-12-31 15:00:00,36.83,36.95,36.55,36.79
2024-12-31 16:00:00,36.79,36.85,36.41,36.73
2024-12-31 17:00:00,36.74,36.76,35.57,36.05
2024-12-31 18:00:00,36.05,36.21,35.9,35.97
2024-12-31 19:00:00,35.96,36.1,35.81,36
2024-12-31 20:00:00,35.99,36.13,35.78,35.87
2024-12-31 21:00:00,35.86,36.01,35.75,35.93
2024-12-31 22:00:00,35.93,35.93,35.57,35.65
2024-12-31 23:00:00,35.64,35.79,35.57,35.71
2025-01-01 00:00:00,35.7,36.22,35.65,36.21
2025-01-01 01:00:00,36.2,36.2,35.71,35.75
2025-01-01 02:00:00,35.75,35.89,35.65,35.82
2025-01-01 03:00:00,35.82,35.84,35.58,35.62
2025-01-01 04:00:00,35.61,35.61,35.35,35.37
2025-01-01 05:00:00,35.37,35.6,35.34,35.54
2025-01-01 06:00:00,35.53,35.7,35.43,35.69
2025-01-01 07:00:00,35.69,35.77,35.6,35.61
2025-01-01 08:00:00,35.62,35.7,35.28,35.29
2025-01-01 09:00:00,35.3,35.38,34.95,35.19
2025-01-01 10:00:00,35.19,35.39,35.18,35.23
2025-01-01 11:00:00,35.25,35.71,35.09,35.53
2025-01-01 12:00:00,35.54,35.96,35.5,35.94
2025-01-01 13:00:00,35.94,36.09,35.75,35.98
2025-01-01 14:00:00,35.98,36.22,35.78,36.06
2025-01-01 15:00:00,36.06,36.52,35.93,36.48
2025-01-01 16:00:00,36.49,36.72,36.3,36.44
2025-01-01 17:00:00,36.44,36.51,36.03,36.36
2025-01-01 18:00:00,36.36,36.89,36.16,36.84
2025-01-01 19:00:00,36.85,37.36,36.61,37.1
2025-01-01 20:00:00,37.1,37.75,37.1,37.66
2025-01-01 21:00:00,37.65,37.86,37.42,37.65
2025-01-01 22:00:00,37.66,37.95,37.47,37.89
2025-01-01 23:00:00,37.89,37.99,37.66,37.78
2025-01-02 00:00:00,37.77,38.6,37.77,38.51
2025-01-02 01:00:00,38.51,38.7,38.3,38.53
2025-01-02 02:00:00,38.54,38.67,38.4,38.6
2025-01-02 03:00:00,38.61,38.7,38.4,38.47
2025-01-02 04:00:00,38.48,39.26,38.46,39.11
2025-01-02 05:00:00,39.12,39.14,38.72,38.77
2025-01-02 06:00:00,38.77,38.92,38.56,38.65
2025-01-02 07:00:00,38.66,38.9,38.62,38.87
2025-01-02 08:00:00,38.87,39.38,38.85,39.25
2025-01-02 09:00:00,39.24,40.14,39.2,40.09
2025-01-02 10:00:00,40.09,40.51,39.85,40.46
2025-01-02 11:00:00,40.46,40.55,40.05,40.41
2025-01-02 12:00:00,40.42,40.6,39.87,39.95
2025-01-02 13:00:00,39.96,40.13,39.75,39.87
2025-01-02 14:00:00,39.88,40.32,39.49,39.95
2025-01-02 15:00:00,39.94,40.05,39.29,39.41
2025-01-02 16:00:00,39.42,39.88,39.21,39.68
2025-01-02 17:00:00,39.67,39.85,39.07,39.26
2025-01-02 18:00:00,39.25,39.36,39.06,39.31
2025-01-02 19:00:00,39.31,39.35,38.96,39
2025-01-02 20:00:00,39,39.35,38.93,39.05
2025-01-02 21:00:00,39.05,39.25,38.99,39.2
2025-01-02 22:00:00,39.21,39.22,38.8,39.12
2025-01-02 23:00:00,39.11,39.38,39.03,39.28
2025-01-03 00:00:00,39.28,39.4,39.11,39.11
2025-01-03 01:00:00,39.11,39.47,38.89,39.4
2025-01-03 02:00:00,39.41,39.98,39.31,39.66
2025-01-03 03:00:00,39.66,39.91,39.5,39.88
2025-01-03 04:00:00,39.88,39.95,39.7,39.77
2025-01-03 05:00:00,39.78,39.95,39.67,39.95
2025-01-03 06:00:00,39.95,40.27,39.7,39.74
2025-01-03 07:00:00,39.74,39.8,39.34,39.42
2025-01-03 08:00:00,39.43,40.45,39.39,40.32
2025-01-03 09:00:00,40.31,40.78,40.24,40.61
2025-01-03 10:00:00,40.62,41.14,40.52,40.89
2025-01-03 11:00:00,40.9,41.34,40.9,41.31
2025-01-03 12:00:00,41.32,41.56,41.28,41.33
2025-01-03 13:00:00,41.33,41.49,40.97,40.99
2025-01-03 14:00:00,40.98,41.72,40.98,41.49
2025-01-03 15:00:00,41.49,42.09,41.32,41.92
2025-01-03 16:00:00,41.92,42.19,41.66,41.89
2025-01-03 17:00:00,41.9,42.06,41.68,41.8
2025-01-03 18:00:00,41.8,42.17,41.7,41.9
2025-01-03 19:00:00,41.9,42.18,41.83,41.99
2025-01-03 20:00:00,41.98,42.04,41.45,41.47
2025-01-03 21:00:00,41.47,41.93,41.47,41.77
2025-01-03 22:00:00,41.77,42.1,41.73,41.92
2025-01-03 23:00:00,41.92,42.03,41.64,41.94
2025-01-04 00:00:00,41.93,42.03,41.52,41.69
2025-01-04 01:00:00,41.68,42.23,41.46,42.11
2025-01-04 02:00:00,42.1,42.36,41.88,42.36
2025-01-04 03:00:00,42.36,42.38,41.83,41.9
2025-01-04 04:00:00,41.9,41.9,41.53,41.81
2025-01-04 05:00:00,41.81,41.96,41.76,41.95
2025-01-04 06:00:00,41.96,41.99,41.76,41.81
2025-01-04 07:00:00,41.8,42.06,41.72,42.01
2025-01-04 08:00:00,42.01,42.02,41.5,41.5
2025-01-04 09:00:00,41.51,41.73,41.42,41.51
2025-01-04 10:00:00,41.51,41.59,41.21,41.57
2025-01-04 11:00:00,41.57,41.59,41.31,41.45
2025-01-04 12:00:00,41.44,41.83,41.35,41.71
2025-01-04 13:00:00,41.71,41.99,41.67,41.91
2025-01-04 14:00:00,41.9,42.12,41.73,42.02
2025-01-04 15:00:00,42.02,42.1,40.89,41.07
2025-01-04 16:00:00,41.06,41.38,40.99,41.24
2025-01-04 17:00:00,41.24,41.65,41.16,41.61
2025-01-04 18:00:00,41.62,41.69,41.45,41.62
2025-01-04 19:00:00,41.61,41.98,41.56,41.95
2025-01-04 20:00:00,41.95,42.69,41.9,42.44
2025-01-04 21:00:00,42.44,42.85,42.44,42.82
2025-01-04 22:00:00,42.83,42.83,42.55,42.77
2025-01-04 23:00:00,42.77,42.84,42.45,42.63
2025-01-05 00:00:00,42.63,42.86,42.51,42.56
2025-01-05 01:00:00,42.56,42.59,41.86,41.99
2025-01-05 02:00:00,42,42.18,41.86,42.03
2025-01-05 03:00:00,42.03,42.31,41.91,42.28
2025-01-05 04:00:00,42.29,42.81,42.28,42.8
2025-01-05 05:00:00,42.8,42.82,42.22,42.28
2025-01-05 06:00:00,42.29,42.62,42.19,42.57
2025-01-05 07:00:00,42.58,42.81,42.28,42.28
2025-01-05 08:00:00,42.29,42.33,41.69,41.92
2025-01-05 09:00:00,41.93,42.01,41.56,41.62
2025-01-05 10:00:00,41.62,41.76,41.43,41.63
2025-01-05 11:00:00,41.63,41.81,41.49,41.77
2025-01-05 12:00:00,41.76,41.95,41.53,41.72
2025-01-05 13:00:00,41.72,42.03,41.6,41.63
2025-01-05 14:00:00,41.64,41.96,41.24,41.79
2025-01-05 15:00:00,41.78,41.93,41.51,41.78
2025-01-05 16:00:00,41.78,41.96,41.69,41.82
2025-01-05 17:00:00,41.83,42.19,41.75,41.88
2025-01-05 18:00:00,41.88,42.3,41.71,42.29
2025-01-05 19:00:00,42.29,42.5,42.18,42.41
2025-01-05 20:00:00,42.41,42.77,42.25,42.37
2025-01-05 21:00:00,42.37,42.73,42.3,42.7
2025-01-05 22:00:00,42.7,43.14,42.48,43.05
2025-01-05 23:00:00,43.06,43.2,42.9,43.11
2025-01-06 00:00:00,43.11,43.14,42.21,42.22
2025-01-06 01:00:00,42.21,43.11,42.03,43.01
2025-01-06 02:00:00,43.02,43.63,42.84,42.86
2025-01-06 03:00:00,42.86,43.67,42.82,43.67
2025-01-06 04:00:00,43.68,43.97,43.51,43.74
2025-01-06 05:00:00,43.74,43.98,43.67,43.72
2025-01-06 06:00:00,43.71,43.89,43.52,43.57
2025-01-06 07:00:00,43.56,43.77,43.18,43.19
2025-01-06 08:00:00,43.19,43.98,43.19,43.64
2025-01-06 09:00:00,43.63,44.32,43.62,43.81
2025-01-06 10:00:00,43.81,44.07,43.6,44.04
2025-01-06 11:00:00,44.05,44.58,44,44.27
2025-01-06 12:00:00,44.27,44.43,44.1,44.18
2025-01-06 13:00:00,44.18,44.34,43.67,44
2025-01-06 14:00:00,44.01,44.56,43.4,44.33
2025-01-06 15:00:00,44.34,44.89,44.14,44.74
2025-01-06 16:00:00,44.75,45.05,44.42,44.68
2025-01-06 17:00:00,44.68,44.68,43.63,44.07
2025-01-06 18:00:00,44.08,44.56,43.88,44.26
2025-01-06 19:00:00,44.26,44.48,44.13,44.32
2025-01-06 20:00:00,44.31,44.44,44,44.17
2025-01-06 21:00:00,44.18,44.22,43.8,43.97
2025-01-06 22:00:00,43.97,44.17,43.92,43.99
2025-01-06 23:00:00,44,44.09,43.71,44.05
2025-01-07 00:00:00,44.04,44.57,43.98,44.12
2025-01-07 01:00:00,44.11,44.15,43.81,44.05
2025-01-07 02:00:00,44.04,44.1,43.61,43.64
2025-01-07 03:00:00,43.65,44.04,43.6,43.88
2025-01-07 04:00:00,43.89,43.95,43.69,43.69
2025-01-07 05:00:00,43.69,44,43.56,43.99
2025-01-07 06:00:00,43.99,44.12,43.86,44.08
2025-01-07 07:00:00,44.08,44.19,43.47,43.79
2025-01-07 08:00:00,43.8,44.04,43.62,43.94
2025-01-07 09:00:00,43.95,44.03,43.52,43.74
2025-01-07 10:00:00,43.75,43.78,43.51,43.58
2025-01-07 11:00:00,43.58,43.6,42.86,43.13
2025-01-07 12:00:00,43.13,43.16,42.89,42.97
2025-01-07 13:00:00,42.96,43.23,42.95,43.04
2025-01-07 14:00:00,43.04,43.18,42.1,42.34
2025-01-07 15:00:00,42.33,42.43,40.3,40.89
2025-01-07 16:00:00,40.89,41.3,40.57,40.81
2025-01-07 17:00:00,40.82,40.9,40.13,40.42
2025-01-07 18:00:00,40.41,40.74,40.12,40.26
2025-01-07 19:00:00,40.26,40.44,39.75,39.85
2025-01-07 20:00:00,39.86,39.99,39.4,39.83
2025-01-07 21:00:00,39.83,40.34,39.57,39.57
2025-01-07 22:00:00,39.56,39.82,39.34,39.8
2025-01-07 23:00:00,39.79,39.79,39.13,39.21
2025-01-08 00:00:00,39.2,39.93,39.03,39.81
2025-01-08 01:00:00,39.81,39.82,39.02,39.33
2025-01-08 02:00:00,39.33,39.49,39.11,39.12
2025-01-08 03:00:00,39.11,39.26,38.67,38.9
2025-01-08 04:00:00,38.9,39.09,38.47,38.48
2025-01-08 05:00:00,38.49,38.93,38.33,38.54
2025-01-08 06:00:00,38.55,38.7,37.58,37.59
2025-01-08 07:00:00,37.59,38.43,37.57,38.36
2025-01-08 08:00:00,38.36,39.37,38.29,38.84
2025-01-08 09:00:00,38.83,38.89,38.4,38.42
2025-01-08 10:00:00,38.42,38.8,38.24,38.5
2025-01-08 11:00:00,38.5,38.52,37.91,38.14
2025-01-08 12:00:00,38.15,38.38,37.75,37.78
2025-01-08 13:00:00,37.77,38.38,37.77,38.02
2025-01-08 14:00:00,38.02,38.62,38.02,38.29
2025-01-08 15:00:00,38.29,38.64,37.75,38.18
2025-01-08 16:00:00,38.19,38.21,37.29,37.38
2025-01-08 17:00:00,37.39,37.5,36.19,37.41
2025-01-08 18:00:00,37.4,38.08,37.1,37.42
2025-01-08 19:00:00,37.42,37.75,37.15,37.21
2025-01-08 20:00:00,37.21,37.35,36.98,37.08
2025-01-08 21:00:00,37.09,37.22,36.69,37.13
2025-01-08 22:00:00,37.13,37.83,37.12,37.53
2025-01-08 23:00:00,37.54,37.57,37.35,37.43
2025-01-09 00:00:00,37.42,37.54,37.14,37.54
2025-01-09 01:00:00,37.53,37.94,37.45,37.48
2025-01-09 02:00:00,37.48,37.58,36.88,37.43
2025-01-09 03:00:00,37.44,37.47,36.97,37.07
2025-01-09 04:00:00,37.07,37.22,36.86,37.21
2025-01-09 05:00:00,37.21,37.24,36.98,37.05
2025-01-09 06:00:00,37.05,37.13,36.77,36.81
2025-01-09 07:00:00,36.82,36.94,36.16,36.3
2025-01-09 08:00:00,36.31,36.96,36.22,36.66
2025-01-09 09:00:00,36.67,36.97,36.63,36.78
2025-01-09 10:00:00,36.78,36.85,36.24,36.67
2025-01-09 11:00:00,36.67,37.05,36.48,36.71
2025-01-09 12:00:00,36.71,36.95,36.56,36.65
2025-01-09 13:00:00,36.65,36.78,35.67,35.72
2025-01-09 14:00:00,35.72,36.37,35.56,36.3
2025-01-09 15:00:00,36.3,37.46,36.14,37.27
2025-01-09 16:00:00,37.26,37.44,36.84,37.15
2025-01-09 17:00:00,37.15,37.22,36.15,36.43
2025-01-09 18:00:00,36.43,36.78,36.3,36.62
2025-01-09 19:00:00,36.61,36.71,35.87,35.97
2025-01-09 20:00:00,35.97,36.2,35.5,36.07
2025-01-09 21:00:00,36.06,36.42,35.93,35.99
2025-01-09 22:00:00,35.99,36.51,35.81,36.36
2025-01-09 23:00:00,36.37,36.43,36.12,36.2
2025-01-10 00:00:00,36.21,36.52,36.2,36.39
2025-01-10 01:00:00,36.38,36.62,36.19,36.58
2025-01-10 02:00:00,36.58,36.89,36.55,36.78
2025-01-10 03:00:00,36.78,36.93,36.65,36.87
2025-01-10 04:00:00,36.88,37.02,36.74,36.8
2025-01-10 05:00:00,36.8,37.33,36.75,37.11
2025-01-10 06:00:00,37.12,37.38,36.98,37.37
2025-01-10 07:00:00,37.37,37.93,37.23,37.67
2025-01-10 08:00:00,37.66,37.88,37.52,37.58
2025-01-10 09:00:00,37.57,37.81,37.5,37.7
2025-01-10 10:00:00,37.71,37.79,37.45,37.73
2025-01-10 11:00:00,37.73,37.83,37.34,37.56
2025-01-10 12:00:00,37.56,37.63,37.26,37.6
2025-01-10 13:00:00,37.6,37.75,36.11,36.73
2025-01-10 14:00:00,36.72,37.41,36.66,36.97
2025-01-10 15:00:00,36.97,37.02,36.09,36.59
2025-01-10 16:00:00,36.6,36.64,35.95,36.12
2025-01-10 17:00:00,36.12,37.45,36.09,37.39
2025-01-10 18:00:00,37.38,37.39,36.74,36.86
2025-01-10 19:00:00,36.86,37.08,36.6,36.9
2025-01-10 20:00:00,36.91,36.94,36.41,36.6
2025-01-10 21:00:00,36.61,36.83,36.55,36.62
2025-01-10 22:00:00,36.62,36.8,36.48,36.72
2025-01-10 23:00:00,36.72,36.81,36.59,36.67
2025-01-11 00:00:00,36.67,36.8,36.46,36.67
2025-01-11 01:00:00,36.67,36.8,36.27,36.35
2025-01-11 02:00:00,36.36,36.51,36.21,36.33
2025-01-11 03:00:00,36.33,36.33,36.09,36.15
2025-01-11 04:00:00,36.15,36.34,36.02,36.25
2025-01-11 05:00:00,36.25,36.5,36.13,36.5
2025-01-11 06:00:00,36.49,36.7,36.47,36.49
2025-01-11 07:00:00,36.49,36.64,36.31,36.45
2025-01-11 08:00:00,36.45,36.61,36.17,36.28
2025-01-11 09:00:00,36.28,36.49,36.22,36.37
2025-01-11 10:00:00,36.37,36.76,36.33,36.73
2025-01-11 11:00:00,36.74,36.95,36.65,36.83
2025-01-11 12:00:00,36.83,36.89,36.54,36.56
2025-01-11 13:00:00,36.57,36.62,36.28,36.39
2025-01-11 14:00:00,36.4,36.62,36.29,36.58
2025-01-11 15:00:00,36.59,36.6,36.38,36.43
2025-01-11 16:00:00,36.42,36.64,36.29,36.62
2025-01-11 17:00:00,36.62,36.63,36.29,36.41
2025-01-11 18:00:00,36.41,36.58,36.29,36.5
2025-01-11 19:00:00,36.5,36.59,36.33,36.5
2025-01-11 20:00:00,36.51,37.39,36.41,37.37
2025-01-11 21:00:00,37.37,37.78,37.32,37.7
2025-01-11 22:00:00,37.71,37.76,37.09,37.13
2025-01-11 23:00:00,37.14,37.28,37.06,37.13
2025-01-12 00:00:00,37.14,37.2,36.88,36.93
2025-01-12 01:00:00,36.93,37.31,36.78,37.31
2025-01-12 02:00:00,37.3,37.35,37.07,37.25
2025-01-12 03:00:00,37.25,37.3,36.92,37.11
2025-01-12 04:00:00,37.12,37.21,37.02,37.06
2025-01-12 05:00:00,37.07,37.17,36.94,37.03
2025-01-12 06:00:00,37.03,37.07,36.68,36.69
2025-01-12 07:00:00,36.69,36.92,36.54,36.83
2025-01-12 08:00:00,36.84,36.95,36.55,36.61
2025-01-12 09:00:00,36.61,36.75,36.42,36.55
2025-01-12 10:00:00,36.54,36.69,36.37,36.65
2025-01-12 11:00:00,36.66,36.83,36.61,36.77
2025-01-12 12:00:00,36.78,36.99,36.61,36.75
2025-01-12 13:00:00,36.75,37.16,36.71,37.13
2025-01-12 14:00:00,37.14,37.46,37.07,37.14
2025-01-12 15:00:00,37.15,37.54,37.07,37.49
2025-01-12 16:00:00,37.5,37.63,37.12,37.21
2025-01-12 17:00:00,37.21,37.25,37.03,37.16
2025-01-12 18:00:00,37.16,37.33,36.87,36.92
2025-01-12 19:00:00,36.92,37.02,36.77,36.81
2025-01-12 20:00:00,36.81,36.97,36.64,36.78
2025-01-12 21:00:00,36.78,36.83,36.48,36.52
2025-01-12 22:00:00,36.52,36.52,36.11,36.24
2025-01-12 23:00:00,36.24,36.59,36.21,36.56
2025-01-13 00:00:00,36.57,37.36,36.42,37
2025-01-13 01:00:00,36.99,37.06,36.29,36.37
2025-01-13 02:00:00,36.37,36.43,35.29,35.63
2025-01-13 03:00:00,35.63,35.83,35.2,35.37
2025-01-13 04:00:00,35.36,35.93,35.24,35.67
2025-01-13 05:00:00,35.66,35.7,35.06,35.2
2025-01-13 06:00:00,35.2,35.37,34.68,34.88
2025-01-13 07:00:00,34.87,35.22,34.67,35.09
2025-01-13 08:00:00,35.08,35.11,34.43,34.59
2025-01-13 09:00:00,34.59,34.75,34.14,34.33
2025-01-13 10:00:00,34.33,34.36,33.87,33.98
2025-01-13 11:00:00,33.98,34.07,33.37,33.4
2025-01-13 12:00:00,33.39,33.89,33.32,33.61
2025-01-13 13:00:00,33.61,34.28,33.47,33.96
2025-01-13 14:00:00,33.96,34.48,32.79,34.16
2025-01-13 15:00:00,34.16,34.78,34.03,34.41
2025-01-13 16:00:00,34.42,34.55,33.68,33.69
2025-01-13 17:00:00,33.68,34,33.44,33.61
2025-01-13 18:00:00,33.61,33.93,33.13,33.56
2025-01-13 19:00:00,33.55,34,33.35,33.83
2025-01-13 20:00:00,33.82,34.83,33.57,34.71
2025-01-13 21:00:00,34.71,35.02,34.53,34.96
2025-01-13 22:00:00,34.97,35.38,34.93,35.37
2025-01-13 23:00:00,35.37,35.43,35.23,35.29
2025-01-14 00:00:00,35.3,35.4,35.01,35.08
2025-01-14 01:00:00,35.09,35.49,35.05,35.11
2025-01-14 02:00:00,35.1,35.52,35.04,35.29
2025-01-14 03:00:00,35.28,35.49,35.16,35.18
2025-01-14 04:00:00,35.18,35.57,35.18,35.52
2025-01-14 05:00:00,35.52,35.72,35.3,35.34
2025-01-14 06:00:00,35.34,35.56,35.26,35.47
2025-01-14 07:00:00,35.48,35.53,35.21,35.21
2025-01-14 08:00:00,35.22,35.64,35.22,35.51
2025-01-14 09:00:00,35.51,36.39,35.44,36.24
2025-01-14 10:00:00,36.25,36.29,35.91,36.08
2025-01-14 11:00:00,36.09,36.11,35.79,35.92
2025-01-14 12:00:00,35.92,36.01,35.66,35.72
2025-01-14 13:00:00,35.73,36.37,35.65,36.17
2025-01-14 14:00:00,36.17,36.55,35.97,36.14
2025-01-14 15:00:00,36.15,36.41,36.1,36.19
2025-01-14 16:00:00,36.19,36.23,35.84,36.2
2025-01-14 17:00:00,36.19,36.49,36.07,36.4
2025-01-14 18:00:00,36.41,36.72,36.33,36.59
2025-01-14 19:00:00,36.58,36.67,36.39,36.42
2025-01-14 20:00:00,36.42,36.53,36.19,36.4
2025-01-14 21:00:00,36.4,36.55,36.25,36.33
2025-01-14 22:00:00,36.34,36.68,36.33,36.61
2025-01-14 23:00:00,36.6,36.68,36.45,36.57
2025-01-15 00:00:00,36.57,36.74,36.48,36.52
2025-01-15 01:00:00,36.51,36.84,36.39,36.66
2025-01-15 02:00:00,36.67,36.9,36.48,36.55
2025-01-15 03:00:00,36.55,36.88,36.51,36.87
2025-01-15 04:00:00,36.88,37,36.64,36.7
2025-01-15 05:00:00,36.69,36.9,36.54,36.84
2025-01-15 06:00:00,36.83,36.98,36.7,36.95
2025-01-15 07:00:00,36.96,37.37,36.96,37.25
2025-01-15 08:00:00,37.25,37.43,37.13,37.16
2025-01-15 09:00:00,37.16,37.22,36.38,36.44
2025-01-15 10:00:00,36.43,36.76,36.41,36.6
2025-01-15 11:00:00,36.6,37.07,36.2,37.02
2025-01-15 12:00:00,37.01,37.1,36.73,36.83
2025-01-15 13:00:00,36.82,39.1,36.82,39.04
2025-01-15 14:00:00,39.04,39.44,38.65,39.28
2025-01-15 15:00:00,39.28,39.73,39.17,39.32
2025-01-15 16:00:00,39.33,39.66,39,39.01
2025-01-15 17:00:00,39.02,39.22,38.62,38.65
2025-01-15 18:00:00,38.66,39.3,38.66,39.27
2025-01-15 19:00:00,39.26,39.5,39.12,39.48
2025-01-15 20:00:00,39.48,39.81,39.17,39.2
2025-01-15 21:00:00,39.21,39.46,39.14,39.16
2025-01-15 22:00:00,39.16,39.5,39.02,39.5
2025-01-15 23:00:00,39.5,40.02,39.4,39.82
2025-01-16 00:00:00,39.83,40.08,39.02,39.19
2025-01-16 01:00:00,39.19,39.57,39.15,39.5
2025-01-16 02:00:00,39.5,39.55,39.24,39.37
2025-01-16 03:00:00,39.39,39.56,38.94,39.01
2025-01-16 04:00:00,39,39.27,39,39.26
2025-01-16 05:00:00,39.27,39.48,39.12,39.15
2025-01-16 06:00:00,39.16,39.38,39.05,39.24
2025-01-16 07:00:00,39.25,39.38,39.17,39.32
2025-01-16 08:00:00,39.31,39.38,38.39,38.61
2025-01-16 09:00:00,38.62,38.76,38.34,38.72
2025-01-16 10:00:00,38.72,38.79,38.52,38.62
2025-01-16 11:00:00,38.62,39.53,38.43,39.5
2025-01-16 12:00:00,39.5,40.53,39.26,40.41
2025-01-16 13:00:00,40.41,40.52,39.55,39.61
2025-01-16 14:00:00,39.61,39.82,38.5,38.95
2025-01-16 15:00:00,38.95,39.78,38.84,39.74
2025-01-16 16:00:00,39.75,40.2,39.67,39.85
2025-01-16 17:00:00,39.85,40.2,39.64,39.96
2025-01-16 18:00:00,39.96,40.26,39.65,39.82
2025-01-16 19:00:00,39.81,40.28,39.72,40.23
2025-01-16 20:00:00,40.24,40.35,39.9,40.09
2025-01-16 21:00:00,40.1,40.19,39.79,40.02
2025-01-16 22:00:00,40.01,40.07,39.57,39.76
2025-01-16 23:00:00,39.75,40.11,39.64,40.06
2025-01-17 00:00:00,40.07,40.35,40.07,40.25
2025-01-17 01:00:00,40.25,41.04,40.22,40.98
2025-01-17 02:00:00,40.99,41.05,40.43,40.63
2025-01-17 03:00:00,40.62,40.64,40.36,40.47
2025-01-17 04:00:00,40.47,40.61,40.3,40.58
2025-01-17 05:00:00,40.58,40.77,40.48,40.7
2025-01-17 06:00:00,40.71,40.97,40.66,40.97
2025-01-17 07:00:00,40.97,41.63,40.87,41.35
2025-01-17 08:00:00,41.35,41.47,40.8,41.3
2025-01-17 09:00:00,41.3,41.51,41.14,41.25
2025-01-17 10:00:00,41.25,41.44,41.17,41.23
2025-01-17 11:00:00,41.23,41.31,41.06,41.09
2025-01-17 12:00:00,41.1,41.26,40.94,41.01
2025-01-17 13:00:00,41.01,41.2,40.74,40.91
2025-01-17 14:00:00,40.91,41.26,40.79,41.03
2025-01-17 15:00:00,41.04,41.63,40.83,40.98
2025-01-17 16:00:00,40.99,41.35,40.87,41.25
2025-01-17 17:00:00,41.24,41.34,40.66,40.69
2025-01-17 18:00:00,40.7,40.91,40.59,40.71
2025-01-17 19:00:00,40.71,41.21,40.71,40.9
2025-01-17 20:00:00,40.9,41.82,40.86,41.56
2025-01-17 21:00:00,41.55,41.6,41.12,41.18
2025-01-17 22:00:00,41.18,41.55,41.14,41.36
2025-01-17 23:00:00,41.36,41.56,41.24,41.38
2025-01-18 00:00:00,41.37,41.68,41.37,41.64
2025-01-18 01:00:00,41.63,41.63,41.18,41.28
2025-01-18 02:00:00,41.28,41.38,41.16,41.29
2025-01-18 03:00:00,41.29,41.47,40.42,40.61
2025-01-18 04:00:00,40.6,40.96,40.39,40.76
2025-01-18 05:00:00,40.76,41.02,39.43,39.45
2025-01-18 06:00:00,39.44,40.17,39.42,39.99
2025-01-18 07:00:00,39.98,40.04,39.14,39.35
2025-01-18 08:00:00,39.36,39.58,38.77,39.44
2025-01-18 09:00:00,39.44,39.46,38.86,39
2025-01-18 10:00:00,39.01,39.26,38.77,39.19
2025-01-18 11:00:00,39.19,39.6,38.88,39.45
2025-01-18 12:00:00,39.45,39.53,38.94,38.98
2025-01-18 13:00:00,38.97,39.59,38.82,39.59
2025-01-18 14:00:00,39.6,39.67,38.94,39.11
2025-01-18 15:00:00,39.11,39.55,38.83,39.1
2025-01-18 16:00:00,39.1,39.26,38.37,38.38
2025-01-18 17:00:00,38.37,39,38.3,38.64
2025-01-18 18:00:00,38.64,39.02,38.56,38.63
2025-01-18 19:00:00,38.62,39.09,38.62,39.01
2025-01-18 20:00:00,39.02,39.08,38.57,38.71
2025-01-18 21:00:00,38.71,39.03,38.7,38.76
2025-01-18 22:00:00,38.76,39.07,38.73,38.85
2025-01-18 23:00:00,38.85,39.46,38.85,39.25
2025-01-19 00:00:00,39.25,39.6,39.05,39.22
2025-01-19 01:00:00,39.23,40.57,39.18,40.27
2025-01-19 02:00:00,40.28,40.53,39.8,39.87
2025-01-19 03:00:00,39.87,39.98,39.38,39.4
2025-01-19 04:00:00,39.4,39.63,39.16,39.5
2025-01-19 05:00:00,39.5,39.53,38.96,39.4
2025-01-19 06:00:00,39.38,39.54,39.08,39.09
2025-01-19 07:00:00,39.09,39.2,38.52,38.53
2025-01-19 08:00:00,38.52,38.52,37.59,37.63
2025-01-19 09:00:00,37.63,37.77,36.74,37.72
2025-01-19 10:00:00,37.72,37.72,37.23,37.32
2025-01-19 11:00:00,37.33,37.5,36.44,36.64
2025-01-19 12:00:00,36.65,37.46,36.59,37.31
2025-01-19 13:00:00,37.32,37.67,37.23,37.67
2025-01-19 14:00:00,37.67,38.64,37.55,38.61
2025-01-19 15:00:00,38.61,38.92,38.41,38.47
2025-01-19 16:00:00,38.47,38.79,38.28,38.73
2025-01-19 17:00:00,38.74,38.97,38.39,38.96
2025-01-19 18:00:00,38.96,39.12,38.66,38.83
2025-01-19 19:00:00,38.83,38.84,38.55,38.78
2025-01-19 20:00:00,38.78,39.01,38.4,38.6
2025-01-19 21:00:00,38.6,38.63,36.55,36.57
2025-01-19 22:00:00,36.57,37.3,35.28,36.53
2025-01-19 23:00:00,36.52,36.52,34.86,35.68
2025-01-20 00:00:00,35.68,35.7,34.49,34.55
2025-01-20 01:00:00,34.56,35.17,34.5,34.88
2025-01-20 02:00:00,34.89,35.89,34.78,35.19
2025-01-20 03:00:00,35.19,35.64,34.98,35.59
2025-01-20 04:00:00,35.6,36.06,35.32,35.7
2025-01-20 05:00:00,35.7,36.33,35.64,35.95
2025-01-20 06:00:00,35.94,38.22,35.85,37.94
2025-01-20 07:00:00,37.94,40.24,37.9,38.64
2025-01-20 08:00:00,38.65,39.19,38.53,38.83
2025-01-20 09:00:00,38.84,39.04,38.14,38.33
2025-01-20 10:00:00,38.34,38.55,37.82,38.06
2025-01-20 11:00:00,38.06,38.23,37.81,38.23
2025-01-20 12:00:00,38.22,38.34,36.76,37.27
2025-01-20 13:00:00,37.28,37.67,37.12,37.66
2025-01-20 14:00:00,37.66,38.25,37.56,38.22
2025-01-20 15:00:00,38.21,38.22,37.23,37.3
2025-01-20 16:00:00,37.3,37.72,36.68,37.69
2025-01-20 17:00:00,37.69,37.73,35.04,36.02
2025-01-20 18:00:00,36.03,36.78,35.97,36.66
2025-01-20 19:00:00,36.67,36.7,36.26,36.56
2025-01-20 20:00:00,36.57,36.74,36.37,36.46
2025-01-20 21:00:00,36.45,37.87,35.93,35.96
2025-01-20 22:00:00,35.97,36.49,35.54,36.43
2025-01-20 23:00:00,36.44,36.45,35.84,36.03
2025-01-21 00:00:00,36.04,36.04,35.25,35.29
2025-01-21 01:00:00,35.3,35.73,35.02,35.29
2025-01-21 02:00:00,35.28,35.42,34.86,35.4
2025-01-21 03:00:00,35.39,35.5,35.03,35.26
2025-01-21 04:00:00,35.27,35.27,34.56,35.2
2025-01-21 05:00:00,35.2,35.27,34.64,34.7
2025-01-21 06:00:00,34.71,35.22,34.52,35.15
2025-01-21 07:00:00,35.15,35.52,34.99,35.34
2025-01-21 08:00:00,35.34,35.55,35.01,35.27
2025-01-21 09:00:00,35.26,35.68,35.24,35.66
2025-01-21 10:00:00,35.65,36.45,35.56,36.42
2025-01-21 11:00:00,36.42,36.57,36.16,36.41
2025-01-21 12:00:00,36.41,36.88,36.33,36.64
2025-01-21 13:00:00,36.65,36.93,36.3,36.55
2025-01-21 14:00:00,36.55,36.81,35.8,35.91
2025-01-21 15:00:00,35.91,36.29,35.71,36.18
2025-01-21 16:00:00,36.18,36.92,36.06,36.42
2025-01-21 17:00:00,36.42,37.24,36.38,37.15
2025-01-21 18:00:00,37.15,37.59,37.07,37.39
2025-01-21 19:00:00,37.4,37.46,36.99,37.08
2025-01-21 20:00:00,37.09,37.15,36.86,37.11
2025-01-21 21:00:00,37.11,37.2,36.84,37.14
2025-01-21 22:00:00,37.13,37.37,37.02,37.03
2025-01-21 23:00:00,37.03,37.04,36.64,36.95
2025-01-22 00:00:00,36.96,37.3,36.83,37.24
2025-01-22 01:00:00,37.23,37.26,36.73,36.78
2025-01-22 02:00:00,36.78,37.06,36.69,37.03
2025-01-22 03:00:00,37.03,37.32,37.01,37.16
2025-01-22 04:00:00,37.17,37.28,36.89,37.14
2025-01-22 05:00:00,37.13,37.39,36.91,36.93
2025-01-22 06:00:00,36.93,37.07,36.75,36.97
2025-01-22 07:00:00,36.97,37.04,36.8,36.85
2025-01-22 08:00:00,36.86,36.95,36.5,36.84
2025-01-22 09:00:00,36.84,36.95,36.64,36.86
2025-01-22 10:00:00,36.85,37.21,36.63,37.17
2025-01-22 11:00:00,37.17,37.62,37.05,37.55
2025-01-22 12:00:00,37.56,37.77,37.29,37.3
2025-01-22 13:00:00,37.3,37.32,36.69,36.8
2025-01-22 14:00:00,36.8,37.28,36.55,37.01
2025-01-22 15:00:00,37.02,37.25,36.73,36.9
2025-01-22 16:00:00,36.9,37.05,36.55,36.99
2025-01-22 17:00:00,36.99,37.39,36.95,37.34
2025-01-22 18:00:00,37.35,37.49,36.67,36.73
2025-01-22 19:00:00,36.74,37.44,36.72,37.21
2025-01-22 20:00:00,37.22,37.46,36.99,37.04
2025-01-22 21:00:00,37.04,37.34,36.73,37.15
2025-01-22 22:00:00,37.15,37.4,36.83,36.84
2025-01-22 23:00:00,36.85,36.93,36.58,36.8
2025-01-23 00:00:00,36.8,36.96,36.51,36.58
2025-01-23 01:00:00,36.59,36.68,36.09,36.21
2025-01-23 02:00:00,36.21,36.24,35.75,35.98
2025-01-23 03:00:00,35.98,36.34,35.87,36.07
2025-01-23 04:00:00,36.07,36.15,35.54,35.63
2025-01-23 05:00:00,35.63,35.91,35.62,35.75
2025-01-23 06:00:00,35.74,35.83,35.4,35.49
2025-01-23 07:00:00,35.49,35.69,35.27,35.68
2025-01-23 08:00:00,35.69,35.69,35.17,35.22
2025-01-23 09:00:00,35.21,35.41,35.03,35.12
2025-01-23 10:00:00,35.12,35.3,34.92,35.09
2025-01-23 11:00:00,35.09,35.42,35.01,35.23
2025-01-23 12:00:00,35.23,35.24,34.88,34.98
2025-01-23 13:00:00,34.98,35.53,34.78,35.41
2025-01-23 14:00:00,35.4,36.31,35.21,35.94
2025-01-23 15:00:00,35.94,36.08,35.14,35.93
2025-01-23 16:00:00,35.94,36.61,35.81,35.82
2025-01-23 17:00:00,35.81,35.92,35.48,35.87
2025-01-23 18:00:00,35.87,35.98,35.27,35.28
2025-01-23 19:00:00,35.29,35.3,34.72,34.89
2025-01-23 20:00:00,34.89,35.81,34.77,35.18
2025-01-23 21:00:00,35.18,35.28,34.64,34.92
2025-01-23 22:00:00,34.92,35.65,34.84,35.58
2025-01-23 23:00:00,35.59,35.85,35.45,35.56
2025-01-24 00:00:00,35.56,35.72,34.92,34.95
2025-01-24 01:00:00,34.94,35.14,34.73,34.85
2025-01-24 02:00:00,34.85,34.94,34.6,34.65
2025-01-24 03:00:00,34.64,35.21,34.56,35.02
2025-01-24 04:00:00,35.01,35.42,34.81,35.35
2025-01-24 05:00:00,35.34,36.26,35.28,36.25
2025-01-24 06:00:00,36.25,36.35,35.82,35.86
2025-01-24 07:00:00,35.87,36.02,35.56,35.79
2025-01-24 08:00:00,35.79,36.12,35.69,36.09
2025-01-24 09:00:00,36.09,36.4,36.02,36.23
2025-01-24 10:00:00,36.23,36.37,36.11,36.25
2025-01-24 11:00:00,36.25,36.3,36.09,36.2
2025-01-24 12:00:00,36.2,36.52,36.19,36.51
2025-01-24 13:00:00,36.51,36.67,36.18,36.34
2025-01-24 14:00:00,36.35,36.6,36.11,36.45
2025-01-24 15:00:00,36.45,36.58,35.96,36.25
2025-01-24 16:00:00,36.26,36.44,36.11,36.18
2025-01-24 17:00:00,36.18,36.65,36.03,36.47
2025-01-24 18:00:00,36.47,36.79,36.42,36.54
2025-01-24 19:00:00,36.54,36.7,36.23,36.27
2025-01-24 20:00:00,36.27,36.46,35.57,35.57
2025-01-24 21:00:00,35.58,35.89,35.51,35.62
2025-01-24 22:00:00,35.62,35.66,35.33,35.36
2025-01-24 23:00:00,35.36,35.4,35.17,35.34
2025-01-25 00:00:00,35.35,35.39,34.93,34.95
2025-01-25 01:00:00,34.95,35.56,34.9,35.47
2025-01-25 02:00:00,35.48,35.64,35.35,35.53
2025-01-25 03:00:00,35.54,36,35.45,35.93
2025-01-25 04:00:00,35.92,35.96,35.65,35.69
2025-01-25 05:00:00,35.69,35.7,35.5,35.59
2025-01-25 06:00:00,35.58,35.66,35.29,35.37
2025-01-25 07:00:00,35.36,35.41,35.22,35.32
2025-01-25 08:00:00,35.32,35.49,35.22,35.33
2025-01-25 09:00:00,35.33,35.38,35.12,35.18
2025-01-25 10:00:00,35.18,35.28,35.04,35.25
2025-01-25 11:00:00,35.25,35.54,35.2,35.49
2025-01-25 12:00:00,35.49,35.54,35.34,35.49
2025-01-25 13:00:00,35.48,35.6,35.4,35.43
2025-01-25 14:00:00,35.43,35.43,35.16,35.41
2025-01-25 15:00:00,35.41,36.49,35.4,36.45
2025-01-25 16:00:00,36.44,37.03,36.29,36.63
2025-01-25 17:00:00,36.64,36.82,36.36,36.76
2025-01-25 18:00:00,36.75,36.86,36.58,36.81
2025-01-25 19:00:00,36.82,37.02,36.73,36.95
2025-01-25 20:00:00,36.94,37.26,36.9,36.94
2025-01-25 21:00:00,36.94,37,36.73,36.98
2025-01-25 22:00:00,36.98,37.2,36.82,36.89
2025-01-25 23:00:00,36.88,36.96,36.57,36.61
2025-01-26 00:00:00,36.61,37.03,36.52,36.88
2025-01-26 01:00:00,36.88,37.33,36.86,37.26
2025-01-26 02:00:00,37.27,37.31,36.84,37.11
2025-01-26 03:00:00,37.11,37.51,37,37.46
2025-01-26 04:00:00,37.47,37.93,37.43,37.78
2025-01-26 05:00:00,37.79,37.85,37.58,37.62
2025-01-26 06:00:00,37.63,37.93,37.53,37.91
2025-01-26 07:00:00,37.91,38.03,37.54,37.64
2025-01-26 08:00:00,37.64,37.75,37.41,37.55
2025-01-26 09:00:00,37.55,37.57,37.19,37.29
2025-01-26 10:00:00,37.29,37.56,37.22,37.56
2025-01-26 11:00:00,37.56,37.7,37.46,37.59
2025-01-26 12:00:00,37.58,37.83,37.47,37.82
2025-01-26 13:00:00,37.82,37.91,37.51,37.63
2025-01-26 14:00:00,37.62,37.63,37.36,37.51
2025-01-26 15:00:00,37.51,37.63,37.32,37.42
2025-01-26 16:00:00,37.41,37.53,37.31,37.49
2025-01-26 17:00:00,37.49,38,37.48,37.99
2025-01-26 18:00:00,37.99,38.16,37.76,37.76
2025-01-26 19:00:00,37.76,37.95,37.74,37.84
2025-01-26 20:00:00,37.84,37.9,37.53,37.56
2025-01-26 21:00:00,37.56,37.57,37.04,37.04
2025-01-26 22:00:00,37.04,37.3,36.82,36.99
2025-01-26 23:00:00,36.99,36.99,35.71,35.75
2025-01-27 00:00:00,35.74,36.06,35.3,35.35
2025-01-27 01:00:00,35.35,35.56,35.08,35.22
2025-01-27 02:00:00,35.22,35.37,34.81,35.07
2025-01-27 03:00:00,35.07,35.46,34.95,35.25
2025-01-27 04:00:00,35.25,35.25,34.76,34.79
2025-01-27 05:00:00,34.79,34.92,34.44,34.69
2025-01-27 06:00:00,34.69,34.78,33.96,34.09
2025-01-27 07:00:00,34.1,34.24,32.94,33.82
2025-01-27 08:00:00,33.81,33.81,33.16,33.59
2025-01-27 09:00:00,33.6,33.93,33.42,33.69
2025-01-27 10:00:00,33.69,33.71,32.95,33.04
2025-01-27 11:00:00,33.03,33.51,33.02,33.1
2025-01-27 12:00:00,33.1,33.9,32.87,33.74
2025-01-27 13:00:00,33.75,34.08,33.41,33.53
2025-01-27 14:00:00,33.52,34.21,33.27,34.1
2025-01-27 15:00:00,34.1,34.14,33.65,33.68
2025-01-27 16:00:00,33.68,34.11,33.3,33.44
2025-01-27 17:00:00,33.44,33.59,33.14,33.29
2025-01-27 18:00:00,33.29,33.5,32.92,33.08
2025-01-27 19:00:00,33.07,33.43,33.07,33.28
2025-01-27 20:00:00,33.28,34.26,33.28,34.14
2025-01-27 21:00:00,34.13,34.67,33.83,33.92
2025-01-27 22:00:00,33.93,34.27,33.76,34.09
2025-01-27 23:00:00,34.09,34.25,34.05,34.2
2025-01-28 00:00:00,34.2,34.52,33.88,33.94
2025-01-28 01:00:00,33.93,33.99,33.63,33.82
2025-01-28 02:00:00,33.81,34.16,33.8,34.01
2025-01-28 03:00:00,34.01,34.25,33.88,34.12
2025-01-28 04:00:00,34.11,34.48,34.01,34.27
2025-01-28 05:00:00,34.27,34.5,34.2,34.33
2025-01-28 06:00:00,34.34,34.37,34.05,34.08
2025-01-28 07:00:00,34.07,34.36,33.94,34.23
2025-01-28 08:00:00,34.23,34.26,33.98,34.1
2025-01-28 09:00:00,34.1,34.14,33.78,34.11
2025-01-28 10:00:00,34.1,34.16,33.86,33.93
2025-01-28 11:00:00,33.93,34.06,33.8,34
2025-01-28 12:00:00,34.01,34.17,33.76,33.87
2025-01-28 13:00:00,33.87,34.01,33.74,33.82
2025-01-28 14:00:00,33.83,33.93,33.5,33.75
2025-01-28 15:00:00,33.75,34.19,33.72,33.78
2025-01-28 16:00:00,33.78,33.8,33.35,33.53
2025-01-28 17:00:00,33.53,33.81,33.46,33.6
2025-01-28 18:00:00,33.59,33.67,33.1,33.21
2025-01-28 19:00:00,33.2,33.26,33.04,33.21
2025-01-28 20:00:00,33.21,33.27,32.54,32.56
2025-01-28 21:00:00,32.56,32.79,32.06,32.08
2025-01-28 22:00:00,32.08,32.44,31.92,32.21
2025-01-28 23:00:00,32.21,32.35,31.84,32.08
2025-01-29 00:00:00,32.08,32.4,31.99,32.08
2025-01-29 01:00:00,32.09,32.4,32.03,32.31
2025-01-29 02:00:00,32.31,32.68,32.27,32.32
2025-01-29 03:00:00,32.32,32.86,32.29,32.73
2025-01-29 04:00:00,32.73,33.03,32.64,32.95
2025-01-29 05:00:00,32.94,33.21,32.9,33.09
2025-01-29 06:00:00,33.1,33.65,33.05,33.57
2025-01-29 07:00:00,33.58,33.58,33.37,33.44
2025-01-29 08:00:00,33.45,33.56,33.25,33.36
2025-01-29 09:00:00,33.35,33.36,33.1,33.21
2025-01-29 10:00:00,33.21,33.36,33.07,33.21
2025-01-29 11:00:00,33.22,33.35,33.14,33.25
2025-01-29 12:00:00,33.26,33.29,32.87,32.94
2025-01-29 13:00:00,32.93,32.94,32.23,32.37
2025-01-29 14:00:00,32.38,32.61,32.24,32.4
2025-01-29 15:00:00,32.41,32.71,32.36,32.61
2025-01-29 16:00:00,32.61,32.67,32.35,32.5
2025-01-29 17:00:00,32.5,32.97,32.49,32.7
2025-01-29 18:00:00,32.71,33.03,32.47,32.94
2025-01-29 19:00:00,32.93,33.42,31.89,32.95
2025-01-29 20:00:00,32.95,33.84,32.59,33.38
2025-01-29 21:00:00,33.38,33.77,33.14,33.49
2025-01-29 22:00:00,33.49,33.54,33.09,33.1
2025-01-29 23:00:00,33.1,33.27,32.75,32.8
2025-01-30 00:00:00,32.8,32.94,32.44,32.9
2025-01-30 01:00:00,32.89,33.42,32.84,33.26
2025-01-30 02:00:00,33.27,33.49,33.12,33.48
2025-01-30 03:00:00,33.49,33.86,33.43,33.84
2025-01-30 04:00:00,33.84,33.98,33.69,33.91
2025-01-30 05:00:00,33.92,33.98,33.64,33.78
2025-01-30 06:00:00,33.79,33.9,33.7,33.75
2025-01-30 07:00:00,33.75,33.81,33.54,33.69
2025-01-30 08:00:00,33.7,33.78,33.47,33.68
2025-01-30 09:00:00,33.68,33.99,33.62,33.91
2025-01-30 10:00:00,33.92,34.04,33.78,34.02
2025-01-30 11:00:00,34.03,34.1,33.9,33.97
2025-01-30 12:00:00,33.98,34.01,33.76,33.91
2025-01-30 13:00:00,33.91,34.36,33.81,34.35
2025-01-30 14:00:00,34.35,34.58,34.15,34.49
2025-01-30 15:00:00,34.49,34.66,34.3,34.39
2025-01-30 16:00:00,34.4,34.56,34.25,34.51
2025-01-30 17:00:00,34.51,34.7,34.38,34.49
2025-01-30 18:00:00,34.49,34.5,34.15,34.37
2025-01-30 19:00:00,34.38,34.59,34.34,34.58
2025-01-30 20:00:00,34.59,34.67,34.24,34.29
2025-01-30 21:00:00,34.29,34.44,34.24,34.36
2025-01-30 22:00:00,34.37,34.59,34.26,34.4
2025-01-30 23:00:00,34.4,34.53,34.28,34.29
2025-01-31 00:00:00,34.29,34.47,34.07,34.44
2025-01-31 01:00:00,34.44,34.54,34.3,34.53
2025-01-31 02:00:00,34.53,34.55,34.13,34.13
2025-01-31 03:00:00,34.14,34.14,33.84,33.97
2025-01-31 04:00:00,33.96,34.02,33.8,33.84
2025-01-31 05:00:00,33.84,34.44,33.83,34.44
2025-01-31 06:00:00,34.43,35.08,34.42,35.03
2025-01-31 07:00:00,35.02,35.21,34.63,34.69
2025-01-31 08:00:00,34.69,34.77,34.41,34.42
2025-01-31 09:00:00,34.43,34.75,34.36,34.61
2025-01-31 10:00:00,34.61,34.61,34.37,34.5
2025-01-31 11:00:00,34.5,35.18,34.48,35.13
2025-01-31 12:00:00,35.13,35.34,35.04,35.22
2025-01-31 13:00:00,35.23,35.39,35.09,35.35
2025-01-31 14:00:00,35.35,35.52,35.1,35.26
2025-01-31 15:00:00,35.27,35.97,35.27,35.95
2025-01-31 16:00:00,35.94,36.17,35.62,35.84
2025-01-31 17:00:00,35.84,35.85,35.41,35.46
2025-01-31 18:00:00,35.46,35.57,34.43,34.49
2025-01-31 19:00:00,34.49,34.92,34.45,34.67
2025-01-31 20:00:00,34.66,34.66,34.17,34.42
2025-01-31 21:00:00,34.41,34.48,34.02,34.34
2025-01-31 22:00:00,34.35,34.57,34.16,34.47
2025-01-31 23:00:00,34.46,34.5,34.26,34.42
2025-02-01 00:00:00,34.42,34.74,34.24,34.72
2025-02-01 01:00:00,34.72,34.94,34.7,34.7
2025-02-01 02:00:00,34.7,35.1,34.66,35.06
2025-02-01 03:00:00,35.06,35.09,34.51,34.59
2025-02-01 04:00:00,34.59,34.74,34.49,34.59
2025-02-01 05:00:00,34.59,34.76,34.58,34.75
2025-02-01 06:00:00,34.75,34.76,34.43,34.62
2025-02-01 07:00:00,34.63,34.64,34.37,34.42
2025-02-01 08:00:00,34.42,34.47,34.12,34.27
2025-02-01 09:00:00,34.27,34.29,33.67,33.74
2025-02-01 10:00:00,33.74,33.97,33.68,33.69
2025-02-01 11:00:00,33.7,33.95,33.61,33.93
2025-02-01 12:00:00,33.92,34.06,33.81,33.96
2025-02-01 13:00:00,33.97,33.99,33.61,33.65
2025-02-01 14:00:00,33.65,33.88,33.55,33.57
2025-02-01 15:00:00,33.57,33.78,33.36,33.7
2025-02-01 16:00:00,33.69,33.8,33.47,33.47
2025-02-01 17:00:00,33.48,33.81,33.48,33.71
2025-02-01 18:00:00,33.71,33.77,33.27,33.3
2025-02-01 19:00:00,33.3,33.32,32.78,32.91
2025-02-01 20:00:00,32.92,32.92,32.43,32.68
2025-02-01 21:00:00,32.67,32.93,32.45,32.53
2025-02-01 22:00:00,32.52,32.7,32.19,32.3
2025-02-01 23:00:00,32.3,32.39,31.87,32.11
2025-02-02 00:00:00,32.11,32.55,32.01,32.45
2025-02-02 01:00:00,32.46,32.59,32.37,32.47
2025-02-02 02:00:00,32.47,32.48,31.75,31.79
2025-02-02 03:00:00,31.79,31.92,30.73,30.81
2025-02-02 04:00:00,30.81,31.27,30.7,30.87
2025-02-02 05:00:00,30.87,31.48,30.86,31.38
2025-02-02 06:00:00,31.39,31.66,31.28,31.34
2025-02-02 07:00:00,31.35,31.46,31.09,31.25
2025-02-02 08:00:00,31.24,31.65,31.11,31.42
2025-02-02 09:00:00,31.42,31.45,31.21,31.4
2025-02-02 10:00:00,31.39,31.4,31.02,31.12
2025-02-02 11:00:00,31.12,31.26,30.46,30.54
2025-02-02 12:00:00,30.55,30.89,30.36,30.37
2025-02-02 13:00:00,30.38,31,30.38,31
2025-02-02 14:00:00,30.99,31.09,30.89,30.92
2025-02-02 15:00:00,30.91,30.91,30.42,30.71
2025-02-02 16:00:00,30.71,30.72,29.24,29.43
2025-02-02 17:00:00,29.43,29.81,28.16,28.41
2025-02-02 18:00:00,28.42,28.8,27.68,27.81
2025-02-02 19:00:00,27.82,28.91,27.63,28.66
2025-02-02 20:00:00,28.65,28.93,28.17,28.23
2025-02-02 21:00:00,28.23,28.38,27.67,27.78
2025-02-02 22:00:00,27.78,28.33,25.91,27.22
2025-02-02 23:00:00,27.21,27.63,26.29,27.63
2025-02-03 00:00:00,27.63,27.64,25.83,26.91
2025-02-03 01:00:00,26.91,27.02,22.88,23.85
2025-02-03 02:00:00,23.85,24.09,21.2,22.97
2025-02-03 03:00:00,22.97,24.27,22.92,23.91
2025-02-03 04:00:00,23.92,24.22,22.87,22.91
2025-02-03 05:00:00,22.92,24.25,22.89,24.24
2025-02-03 06:00:00,24.23,24.89,23.92,24.86
2025-02-03 07:00:00,24.86,25.6,24.79,25.56
2025-02-03 08:00:00,25.55,25.55,24.51,24.88
2025-02-03 09:00:00,24.88,25.33,24.72,24.78
2025-02-03 10:00:00,24.78,25.6,24.71,25.6
2025-02-03 11:00:00,25.6,25.63,25.15,25.32
2025-02-03 12:00:00,25.33,25.77,25.04,25.07
2025-02-03 13:00:00,25.08,25.28,24.74,25.02
2025-02-03 14:00:00,25.03,25.97,24.33,25.93
2025-02-03 15:00:00,25.92,27.41,25.58,27.33
2025-02-03 16:00:00,27.33,27.78,26.89,27.43
2025-02-03 17:00:00,27.43,27.52,27.05,27.31
2025-02-03 18:00:00,27.3,27.48,26.99,27.43
2025-02-03 19:00:00,27.42,28.2,27.34,28.19
2025-02-03 20:00:00,28.19,28.19,27.19,27.44
2025-02-03 21:00:00,27.44,28.41,27.41,28.38
2025-02-03 22:00:00,28.39,28.78,28.23,28.51
2025-02-03 23:00:00,28.52,28.71,28.22,28.39
2025-02-04 00:00:00,28.4,28.64,27.97,28
2025-02-04 01:00:00,28,28.29,27.96,28.16
2025-02-04 02:00:00,28.15,28.19,27.64,27.66
2025-02-04 03:00:00,27.67,27.77,27.39,27.6
2025-02-04 04:00:00,27.61,27.78,27.32,27.37
2025-02-04 05:00:00,27.38,27.41,25.85,25.96
2025-02-04 06:00:00,25.96,26.51,25.96,26.39
2025-02-04 07:00:00,26.38,26.4,25.58,25.65
2025-02-04 08:00:00,25.65,25.98,25.54,25.75
2025-02-04 09:00:00,25.75,26.01,25.61,25.64
2025-02-04 10:00:00,25.64,26.37,25.63,26.22
2025-02-04 11:00:00,26.21,26.75,26.2,26.4
2025-02-04 12:00:00,26.41,27.09,26.41,26.88
2025-02-04 13:00:00,26.88,27.19,26.65,26.72
2025-02-04 14:00:00,26.71,27.34,26.45,27.05
2025-02-04 15:00:00,27.04,27.25,26.48,26.9
2025-02-04 16:00:00,26.9,27.23,26.75,27.04
2025-02-04 17:00:00,27.05,27.42,26.88,27.07
2025-02-04 18:00:00,27.07,27.44,26.87,27.3
2025-02-04 19:00:00,27.29,27.96,26.81,26.82
2025-02-04 20:00:00,26.82,27.07,26.43,26.52
2025-02-04 21:00:00,26.52,26.53,25.78,25.82
2025-02-04 22:00:00,25.82,26.32,25.73,26.2
2025-02-04 23:00:00,26.2,26.63,26.1,26.46
2025-02-05 00:00:00,26.47,26.69,26.25,26.54
2025-02-05 01:00:00,26.54,27.12,26.5,26.54
2025-02-05 02:00:00,26.55,27.06,26.4,26.92
2025-02-05 03:00:00,26.92,26.99,26.65,26.68
2025-02-05 04:00:00,26.69,26.84,26.58,26.78
2025-02-05 05:00:00,26.79,27.11,26.5,27.08
2025-02-05 06:00:00,27.07,27.08,26.54,26.58
2025-02-05 07:00:00,26.58,26.93,26.46,26.84
2025-02-05 08:00:00,26.84,27.01,26.7,26.88
2025-02-05 09:00:00,26.88,27.07,26.64,26.78
2025-02-05 10:00:00,26.77,27.17,26.74,27.03
2025-02-05 11:00:00,27.03,27.41,27.03,27.3
2025-02-05 12:00:00,27.31,27.41,26.98,27.03
2025-02-05 13:00:00,27.03,27.18,26.94,27.03
2025-02-05 14:00:00,27.03,27.15,26.63,26.69
2025-02-05 15:00:00,26.7,26.82,26.35,26.57
2025-02-05 16:00:00,26.56,26.63,25.97,26.22
2025-02-05 17:00:00,26.23,26.36,25.64,25.73
2025-02-05 18:00:00,25.73,26.12,25.69,25.83
2025-02-05 19:00:00,25.83,26.29,25.74,26.17
2025-02-05 20:00:00,26.18,26.26,25.71,25.95
2025-02-05 21:00:00,25.96,26.17,25.89,25.94
2025-02-05 22:00:00,25.94,26.11,25.62,25.75
2025-02-05 23:00:00,25.75,25.99,25.68,25.84
2025-02-06 00:00:00,25.85,26.09,25.8,25.85
2025-02-06 01:00:00,25.86,26.21,25.73,26.05
2025-02-06 02:00:00,26.05,26.34,26.02,26.17
2025-02-06 03:00:00,26.17,26.27,26,26.16
2025-02-06 04:00:00,26.16,26.33,26.09,26.32
2025-02-06 05:00:00,26.32,26.47,26.19,26.38
2025-02-06 06:00:00,26.38,26.82,26.25,26.8
2025-02-06 07:00:00,26.8,26.81,26.47,26.53
2025-02-06 08:00:00,26.53,26.57,26.29,26.34
2025-02-06 09:00:00,26.34,26.76,26.27,26.74
2025-02-06 10:00:00,26.74,26.82,26.51,26.71
2025-02-06 11:00:00,26.71,26.73,26.17,26.45
2025-02-06 12:00:00,26.45,26.48,25.89,26.03
2025-02-06 13:00:00,26.03,26.4,25.99,26.25
2025-02-06 14:00:00,26.26,26.33,25.46,25.56
2025-02-06 15:00:00,25.56,25.7,24.8,24.99
2025-02-06 16:00:00,24.99,25.17,24.68,24.83
2025-02-06 17:00:00,24.84,25.21,24.71,24.79
2025-02-06 18:00:00,24.8,24.88,24.57,24.66
2025-02-06 19:00:00,24.65,25,24.45,24.65
2025-02-06 20:00:00,24.65,25.05,24.58,25.04
2025-02-06 21:00:00,25.05,25.05,24.48,24.82
2025-02-06 22:00:00,24.82,24.82,24.45,24.7
2025-02-06 23:00:00,24.7,24.74,24.28,24.5
2025-02-07 00:00:00,24.5,24.85,24.46,24.6
2025-02-07 01:00:00,24.6,25.2,24.58,25.01
2025-02-07 02:00:00,25,25.19,24.98,25.19
2025-02-07 03:00:00,25.18,25.23,24.86,24.96
2025-02-07 04:00:00,24.97,25.17,24.95,25.04
2025-02-07 05:00:00,25.04,25.12,24.84,24.95
2025-02-07 06:00:00,24.95,24.97,24.44,24.67
2025-02-07 07:00:00,24.67,25.08,24.65,24.82
2025-02-07 08:00:00,24.83,25.18,24.71,25.02
2025-02-07 09:00:00,25.02,25.43,24.98,25.41
2025-02-07 10:00:00,25.41,25.49,25.25,25.28
2025-02-07 11:00:00,25.28,25.57,25.25,25.5
2025-02-07 12:00:00,25.5,25.54,25.26,25.36
2025-02-07 13:00:00,25.36,25.86,25.14,25.84
2025-02-07 14:00:00,25.83,26.22,25.7,26.06
2025-02-07 15:00:00,26.05,26.05,25.25,25.44
2025-02-07 16:00:00,25.44,25.52,25.07,25.09
2025-02-07 17:00:00,25.09,25.17,24.72,24.83
2025-02-07 18:00:00,24.83,25.32,24.77,25.14
2025-02-07 19:00:00,25.14,25.17,24.85,24.86
2025-02-07 20:00:00,24.86,24.87,23.85,23.9
2025-02-07 21:00:00,23.91,24.22,23.87,23.94
2025-02-07 22:00:00,23.94,23.99,23.71,23.98
2025-02-07 23:00:00,23.99,24.47,23.86,24.46
2025-02-08 00:00:00,24.46,24.82,24.37,24.63
2025-02-08 01:00:00,24.62,24.62,24.35,24.37
2025-02-08 02:00:00,24.38,24.46,24.21,24.36
2025-02-08 03:00:00,24.36,24.5,24.24,24.28
2025-02-08 04:00:00,24.27,24.31,24.13,24.15
2025-02-08 05:00:00,24.15,24.18,23.96,24.13
2025-02-08 06:00:00,24.13,24.26,24.03,24.11
2025-02-08 07:00:00,24.11,24.46,23.93,24.35
2025-02-08 08:00:00,24.36,24.42,24.05,24.06
2025-02-08 09:00:00,24.07,24.22,24.06,24.17
2025-02-08 10:00:00,24.17,24.24,23.95,24
2025-02-08 11:00:00,24.01,24.16,23.91,24.13
2025-02-08 12:00:00,24.14,24.24,23.95,24.03
2025-02-08 13:00:00,24.03,24.46,24.01,24.31
2025-02-08 14:00:00,24.3,24.38,24.11,24.32
2025-02-08 15:00:00,24.33,24.47,24.1,24.23
2025-02-08 16:00:00,24.23,24.42,24.07,24.38
2025-02-08 17:00:00,24.39,24.64,24.37,24.55
2025-02-08 18:00:00,24.56,24.65,24.39,24.55
2025-02-08 19:00:00,24.54,24.72,24.49,24.58
2025-02-08 20:00:00,24.58,24.64,24.4,24.49
2025-02-08 21:00:00,24.5,24.59,24.39,24.53
2025-02-08 22:00:00,24.53,24.64,24.3,24.45
2025-02-08 23:00:00,24.45,24.69,24.43,24.58
2025-02-09 00:00:00,24.59,24.67,24.51,24.62
2025-02-09 01:00:00,24.63,24.89,24.54,24.71
2025-02-09 02:00:00,24.72,24.77,24.58,24.6
2025-02-09 03:00:00,24.59,25.3,24.54,25.25
2025-02-09 04:00:00,25.25,25.25,24.95,25.05
2025-02-09 05:00:00,25.05,25.16,24.92,25.1
2025-02-09 06:00:00,25.11,25.25,24.97,25.2
2025-02-09 07:00:00,25.2,25.39,25.08,25.34
2025-02-09 08:00:00,25.34,25.52,25.24,25.52
2025-02-09 09:00:00,25.52,25.52,25.15,25.17
2025-02-09 10:00:00,25.18,25.34,25.07,25.21
2025-02-09 11:00:00,25.2,25.3,24.95,24.96
2025-02-09 12:00:00,24.96,25.1,24.85,24.97
2025-02-09 13:00:00,24.97,25.01,24.5,24.56
2025-02-09 14:00:00,24.55,24.79,24.52,24.78
2025-02-09 15:00:00,24.78,25.25,24.77,25.11
2025-02-09 16:00:00,25.11,25.26,25.03,25.18
2025-02-09 17:00:00,25.18,25.22,24.78,24.86
2025-02-09 18:00:00,24.85,24.96,24.76,24.88
2025-02-09 19:00:00,24.88,25,24.61,24.68
2025-02-09 20:00:00,24.68,25.04,24.65,24.92
2025-02-09 21:00:00,24.93,24.98,23.74,23.82
2025-02-09 23:00:00,24.82,24.93,24.76,24.87
2025-02-10 00:00:00,24.87,25.4,24.87,25.05
2025-02-10 01:00:00,25.06,25.09,24.13,24.19
2025-02-10 02:00:00,24.2,24.31,23.86,24.18
2025-02-10 03:00:00,24.18,25.12,24.06,24.84
2025-02-10 04:00:00,24.84,25.24,24.73,25.04
2025-02-10 05:00:00,25.05,25.47,24.91,25.14
2025-02-10 06:00:00,25.14,25.21,25,25.21
2025-02-10 07:00:00,25.22,25.43,25.07,25.4
2025-02-10 08:00:00,25.4,25.9,25.34,25.72
2025-02-10 09:00:00,25.73,25.75,25.4,25.48
2025-02-10 10:00:00,25.48,25.6,25.29,25.37
2025-02-10 11:00:00,25.38,25.61,25.32,25.43
2025-02-10 12:00:00,25.44,25.52,25.19,25.3
2025-02-10 13:00:00,25.31,25.99,25.29,25.89
2025-02-10 14:00:00,25.88,25.96,25.4,25.51
2025-02-10 15:00:00,25.51,25.6,25.29,25.42
2025-02-10 16:00:00,25.43,25.58,25.32,25.54
2025-02-10 17:00:00,25.54,25.69,25.37,25.56
2025-02-10 18:00:00,25.56,25.61,25.37,25.56
2025-02-10 19:00:00,25.55,25.67,25.4,25.45
2025-02-10 20:00:00,25.45,25.66,25.42,25.58
2025-02-10 21:00:00,25.58,25.59,25.37,25.49
2025-02-10 22:00:00,25.48,25.67,25.43,25.54
2025-02-10 23:00:00,25.54,25.68,25.43,25.67
2025-02-11 00:00:00,25.66,26.21,25.64,26.16
2025-02-11 01:00:00,26.17,26.28,25.99,26.14
2025-02-11 02:00:00,26.13,26.3,25.95,26.15
2025-02-11 03:00:00,26.15,26.34,25.98,26.31
2025-02-11 04:00:00,26.31,26.56,26.09,26.55
2025-02-11 05:00:00,26.55,26.81,26.43,26.77
2025-02-11 06:00:00,26.77,26.79,26.49,26.73
2025-02-11 07:00:00,26.73,26.79,26.6,26.7
2025-02-11 08:00:00,26.7,26.98,26.67,26.94
2025-02-11 09:00:00,26.94,27.02,26.63,26.63
2025-02-11 10:00:00,26.64,26.67,26.4,26.42
2025-02-11 11:00:00,26.42,26.53,26.28,26.51
2025-02-11 12:00:00,26.52,26.54,26.23,26.42
2025-02-11 13:00:00,26.41,26.67,25.83,25.91
2025-02-11 14:00:00,25.91,26.35,25.82,26.31
2025-02-11 15:00:00,26.3,26.48,26.05,26.15
2025-02-11 16:00:00,26.14,26.19,25.87,25.9
2025-02-11 17:00:00,25.91,25.91,25.45,25.51
2025-02-11 18:00:00,25.51,25.52,25.12,25.21
2025-02-11 19:00:00,25.22,25.34,24.88,25.06
2025-02-11 20:00:00,25.06,25.45,24.99,25.31
2025-02-11 21:00:00,25.3,25.58,25.25,25.42
2025-02-11 22:00:00,25.43,25.61,25.07,25.2
2025-02-11 23:00:00,25.2,25.47,25.18,25.39
2025-02-12 00:00:00,25.39,25.62,25.24,25.53
2025-02-12 01:00:00,25.52,25.62,25.32,25.51
2025-02-12 02:00:00,25.5,25.53,25.11,25.2
2025-02-12 03:00:00,25.2,25.36,24.98,25.2
2025-02-12 04:00:00,25.21,25.26,24.99,25.08
2025-02-12 05:00:00,25.09,25.28,25.01,25.22
2025-02-12 06:00:00,25.21,25.24,24.92,24.96
2025-02-12 07:00:00,24.96,25.34,24.91,25.13
2025-02-12 08:00:00,25.14,25.32,25.1,25.19
2025-02-12 09:00:00,25.19,25.2,24.83,25.12
2025-02-12 10:00:00,25.12,25.17,24.95,25.07
2025-02-12 11:00:00,25.06,25.39,25.06,25.25
2025-02-12 12:00:00,25.26,25.52,25.23,25.27
2025-02-12 13:00:00,25.27,25.68,24.3,24.78
2025-02-12 14:00:00,24.78,25.04,24.29,25.01
2025-02-12 15:00:00,25,25.29,24.64,25.02
2025-02-12 16:00:00,25.02,25.59,24.68,25.51
2025-02-12 17:00:00,25.51,25.81,25.45,25.69
2025-02-12 18:00:00,25.7,25.72,25.43,25.65
2025-02-12 19:00:00,25.65,26.11,25.5,26.01
2025-02-12 20:00:00,26.01,26.42,25.98,26.17
2025-02-12 21:00:00,26.18,26.5,26.1,26.32
2025-02-12 22:00:00,26.32,27.09,26.28,26.62
2025-02-12 23:00:00,26.61,26.75,26.39,26.49
2025-02-13 00:00:00,26.5,26.62,26.3,26.41
2025-02-13 01:00:00,26.41,26.61,26.34,26.53
2025-02-13 02:00:00,26.53,26.53,26.12,26.25
2025-02-13 03:00:00,26.26,26.41,26.2,26.41
2025-02-13 04:00:00,26.4,26.43,25.93,25.99
2025-02-13 05:00:00,25.99,26.04,25.8,25.97
2025-02-13 06:00:00,25.98,25.99,25.48,25.61
2025-02-13 07:00:00,25.6,25.69,25.47,25.52
2025-02-13 08:00:00,25.53,25.6,25.35,25.47
2025-02-13 09:00:00,25.46,25.72,25.37,25.71
2025-02-13 10:00:00,25.7,25.83,25.62,25.8
2025-02-13 11:00:00,25.8,25.87,25.47,25.62
2025-02-13 12:00:00,25.62,25.66,25.42,25.46
2025-02-13 13:00:00,25.46,25.68,25.37,25.48
2025-02-13 14:00:00,25.47,25.52,25.11,25.33
2025-02-13 15:00:00,25.33,25.75,25.23,25.49
2025-02-13 16:00:00,25.49,25.49,25.13,25.22
2025-02-13 17:00:00,25.22,25.46,25.19,25.24
2025-02-13 18:00:00,25.23,25.56,25.09,25.55
2025-02-13 19:00:00,25.56,25.86,25.47,25.51
2025-02-13 20:00:00,25.51,25.57,25.29,25.41
2025-02-13 21:00:00,25.4,25.59,25.35,25.43
2025-02-13 22:00:00,25.44,25.58,25.32,25.35
2025-02-13 23:00:00,25.36,25.49,25.25,25.39
2025-02-14 00:00:00,25.4,25.55,25.3,25.53
2025-02-14 01:00:00,25.53,25.63,25.38,25.6
2025-02-14 02:00:00,25.61,25.86,25.57,25.7
2025-02-14 03:00:00,25.7,26.02,25.67,25.97
2025-02-14 04:00:00,25.96,25.99,25.71,25.73
2025-02-14 05:00:00,25.73,25.77,25.59,25.68
2025-02-14 06:00:00,25.69,25.73,25.55,25.69
2025-02-14 07:00:00,25.7,25.75,25.63,25.7
2025-02-14 08:00:00,25.71,26.1,25.71,25.89
2025-02-14 09:00:00,25.9,26.36,25.89,26.3
2025-02-14 10:00:00,26.3,26.39,26.1,26.13
2025-02-14 11:00:00,26.13,26.3,25.97,26.06
2025-02-14 12:00:00,26.07,26.08,25.8,25.93
2025-02-14 13:00:00,25.93,26.24,25.85,26.17
2025-02-14 14:00:00,26.17,26.67,26.05,26.55
2025-02-14 15:00:00,26.55,26.73,26.16,26.57
2025-02-14 16:00:00,26.58,26.9,26.31,26.87
2025-02-14 17:00:00,26.86,27.23,26.59,27.03
2025-02-14 18:00:00,27.04,27.2,26.79,26.84
2025-02-14 19:00:00,26.84,26.98,26.49,26.59
2025-02-14 20:00:00,26.59,26.63,26.16,26.22
2025-02-14 21:00:00,26.22,26.48,26.06,26.47
2025-02-14 22:00:00,26.47,26.63,25.96,26.16
2025-02-14 23:00:00,26.17,26.41,26.05,26.39
2025-02-15 00:00:00,26.38,26.44,26.22,26.42
2025-02-15 01:00:00,26.42,26.8,26.41,26.78
2025-02-15 02:00:00,26.77,26.97,26.72,26.9
2025-02-15 03:00:00,26.9,26.96,26.68,26.7
2025-02-15 04:00:00,26.71,26.86,26.63,26.69
2025-02-15 05:00:00,26.7,26.75,26.58,26.64
2025-02-15 06:00:00,26.64,26.65,26.37,26.41
2025-02-15 07:00:00,26.42,26.51,26.26,26.4
2025-02-15 08:00:00,26.4,26.53,26.36,26.39
2025-02-15 09:00:00,26.4,26.45,26.2,26.22
2025-02-15 10:00:00,26.23,26.28,26.11,26.22
2025-02-15 11:00:00,26.22,26.3,25.94,26.09
2025-02-15 12:00:00,26.09,26.19,25.99,26.12
2025-02-15 13:00:00,26.12,26.25,25.99,26
2025-02-15 14:00:00,26.01,26.01,25.49,25.69
2025-02-15 15:00:00,25.69,25.79,25.58,25.68
2025-02-15 16:00:00,25.68,25.84,25.59,25.71
2025-02-15 17:00:00,25.72,25.78,25.57,25.67
2025-02-15 18:00:00,25.67,25.84,25.62,25.81
2025-02-15 19:00:00,25.81,25.86,25.55,25.57
2025-02-15 20:00:00,25.57,25.68,25.42,25.57
2025-02-15 21:00:00,25.57,25.65,25.5,25.63
2025-02-15 22:00:00,25.63,25.75,25.38,25.51
2025-02-15 23:00:00,25.52,25.6,25.4,25.48
2025-02-16 00:00:00,25.49,25.59,25.33,25.41
2025-02-16 01:00:00,25.41,25.44,25.24,25.43
2025-02-16 02:00:00,25.42,25.46,25.17,25.23
2025-02-16 03:00:00,25.23,25.46,25.15,25.44
2025-02-16 04:00:00,25.45,25.56,25.41,25.48
2025-02-16 05:00:00,25.49,25.58,25.32,25.43
2025-02-16 06:00:00,25.42,25.49,25.37,25.42
2025-02-16 07:00:00,25.41,25.41,25.14,25.22
2025-02-16 08:00:00,25.22,25.37,25.13,25.29
2025-02-16 09:00:00,25.28,25.45,25.16,25.4
2025-02-16 10:00:00,25.39,25.44,25.3,25.31
2025-02-16 11:00:00,25.3,25.48,25.25,25.46
2025-02-16 12:00:00,25.46,25.48,25.26,25.3
2025-02-16 13:00:00,25.29,25.31,25.04,25.09
2025-02-16 14:00:00,25.08,25.21,24.89,25.16
2025-02-16 15:00:00,25.16,25.24,25.09,25.14
2025-02-16 16:00:00,25.14,25.23,25.04,25.12
2025-02-16 17:00:00,25.12,25.22,24.96,25.01
2025-02-16 18:00:00,25.01,25.01,24.74,24.92
2025-02-16 19:00:00,24.92,25.02,24.8,24.96
2025-02-16 20:00:00,24.95,25.01,24.8,24.83
2025-02-16 21:00:00,24.83,25.07,24.75,25.06
2025-02-16 22:00:00,25.06,25.11,24.87,25
2025-02-16 23:00:00,25,25,24.78,24.85
2025-02-17 00:00:00,24.86,25.05,24.83,25.02
2025-02-17 01:00:00,25.02,25.2,24.93,25.15
2025-02-17 02:00:00,25.14,25.22,25,25.02
2025-02-17 03:00:00,25.02,25.06,24.84,25.02
2025-02-17 04:00:00,25.01,25.01,24.79,24.83
2025-02-17 05:00:00,24.83,24.97,24.54,24.93
2025-02-17 06:00:00,24.93,25.14,24.91,25.05
2025-02-17 07:00:00,25.05,25.18,24.73,24.93
2025-02-17 08:00:00,24.93,25.25,24.83,25.18
2025-02-17 09:00:00,25.19,25.4,25.15,25.35
2025-02-17 10:00:00,25.35,25.54,25.28,25.31
2025-02-17 11:00:00,25.31,25.47,25.23,25.41
2025-02-17 12:00:00,25.4,25.66,25.39,25.57
2025-02-17 13:00:00,25.57,25.74,25.5,25.57
2025-02-17 14:00:00,25.58,25.9,25.57,25.83
2025-02-17 15:00:00,25.83,25.95,25.08,25.14
2025-02-17 16:00:00,25.14,25.29,24.75,24.8
2025-02-17 17:00:00,24.8,25.06,24.78,24.88
2025-02-17 18:00:00,24.89,24.95,24.54,24.54
2025-02-17 19:00:00,24.54,24.86,24.43,24.81
2025-02-17 20:00:00,24.8,25.05,24.72,24.91
2025-02-17 21:00:00,24.9,25.43,24.89,25.42
2025-02-17 22:00:00,25.42,25.45,24.98,25.01
2025-02-17 23:00:00,25.01,25.19,24.92,25.03
2025-02-18 00:00:00,25.04,25.12,24.8,24.85
2025-02-18 01:00:00,24.85,24.97,24.76,24.93
2025-02-18 02:00:00,24.93,24.98,24.7,24.74
2025-02-18 03:00:00,24.75,24.84,24.68,24.76
2025-02-18 04:00:00,24.76,24.85,24.47,24.55
2025-02-18 05:00:00,24.56,24.56,24.06,24.11
2025-02-18 06:00:00,24.12,24.14,23.76,23.92
2025-02-18 07:00:00,23.93,24.11,23.8,23.98
2025-02-18 08:00:00,23.99,24.05,23.67,23.78
2025-02-18 09:00:00,23.79,24.23,23.64,24.22
2025-02-18 10:00:00,24.22,24.27,24.02,24.03
2025-02-18 11:00:00,24.04,24.09,23.89,23.97
2025-02-18 12:00:00,23.96,24.28,23.93,24.15
2025-02-18 13:00:00,24.14,24.16,23.97,24.08
2025-02-18 14:00:00,24.09,24.32,23.58,23.82
2025-02-18 15:00:00,23.82,23.84,23.29,23.44
2025-02-18 16:00:00,23.44,23.65,23.08,23.11
2025-02-18 17:00:00,23.11,23.32,22.95,23.18
2025-02-18 18:00:00,23.19,23.28,23.07,23.18
2025-02-18 19:00:00,23.17,23.28,22.93,23.16
2025-02-18 20:00:00,23.16,23.32,22.95,23.05
2025-02-18 21:00:00,23.05,23.45,23.01,23.29
2025-02-18 22:00:00,23.3,23.51,23.22,23.32
2025-02-18 23:00:00,23.32,23.55,23.28,23.52
2025-02-19 00:00:00,23.53,23.6,23.32,23.34
2025-02-19 01:00:00,23.34,23.35,23.12,23.19
2025-02-19 02:00:00,23.2,23.6,23.19,23.53
2025-02-19 03:00:00,23.53,23.57,23.38,23.54
2025-02-19 04:00:00,23.54,23.55,23.01,23.02
2025-02-19 05:00:00,23.03,23.32,22.98,23.28
2025-02-19 06:00:00,23.27,23.5,23.23,23.45
2025-02-19 07:00:00,23.45,23.86,23.42,23.73
2025-02-19 08:00:00,23.73,23.85,23.66,23.66
2025-02-19 09:00:00,23.67,23.82,23.63,23.76
2025-02-19 10:00:00,23.76,23.95,23.75,23.92
2025-02-19 11:00:00,23.93,24.01,23.89,24.01
2025-02-19 12:00:00,24.01,24.02,23.63,23.66
2025-02-19 13:00:00,23.67,23.88,23.67,23.79
2025-02-19 14:00:00,23.78,23.97,23.47,23.48
2025-02-19 15:00:00,23.49,23.7,23.38,23.51
2025-02-19 16:00:00,23.51,23.84,23.49,23.83
2025-02-19 17:00:00,23.84,23.92,23.68,23.75
2025-02-19 18:00:00,23.75,23.78,23.54,23.55
2025-02-19 19:00:00,23.54,23.77,23.45,23.67
2025-02-19 20:00:00,23.67,23.76,23.58,23.63
2025-02-19 21:00:00,23.63,23.77,23.45,23.5
2025-02-19 22:00:00,23.5,23.76,23.36,23.73
2025-02-19 23:00:00,23.74,23.89,23.7,23.74
2025-02-20 00:00:00,23.73,24.05,23.72,24.01
2025-02-20 01:00:00,24,24.1,23.73,23.82
2025-02-20 02:00:00,23.83,24.22,23.8,24.15
2025-02-20 03:00:00,24.15,24.26,24.1,24.24
2025-02-20 04:00:00,24.23,24.47,24.23,24.35
2025-02-20 05:00:00,24.35,24.47,24.18,24.19
2025-02-20 06:00:00,24.19,24.19,23.95,23.99
2025-02-20 07:00:00,23.99,24.07,23.87,23.98
2025-02-20 08:00:00,23.98,24.19,23.97,24.18
2025-02-20 09:00:00,24.18,24.26,24.11,24.19
2025-02-20 10:00:00,24.19,24.54,24.16,24.53
2025-02-20 11:00:00,24.53,24.62,24.43,24.55
2025-02-20 12:00:00,24.55,24.71,24.51,24.59
2025-02-20 13:00:00,24.59,24.78,24.5,24.65
2025-02-20 14:00:00,24.65,25,24.47,24.51
2025-02-20 15:00:00,24.51,24.58,24.22,24.26
2025-02-20 16:00:00,24.26,24.64,24.2,24.47
2025-02-20 17:00:00,24.47,24.81,24.46,24.79
2025-02-20 18:00:00,24.79,25.12,24.79,25.01
2025-02-20 19:00:00,25.01,25.27,25.01,25.19
2025-02-20 20:00:00,25.2,25.35,25.11,25.14
2025-02-20 21:00:00,25.15,25.18,24.86,25.02
2025-02-20 22:00:00,25.02,25.08,24.89,25
2025-02-20 23:00:00,24.99,25.24,24.98,25.15
2025-02-21 00:00:00,25.15,25.26,24.95,25.02
2025-02-21 01:00:00,25.01,25.04,24.82,24.92
2025-02-21 02:00:00,24.91,25.03,24.78,24.8
2025-02-21 03:00:00,24.79,25,24.79,24.85
2025-02-21 04:00:00,24.86,25.13,24.85,25.09
2025-02-21 05:00:00,25.09,25.13,24.95,25.1
2025-02-21 06:00:00,25.09,25.23,25.08,25.19
2025-02-21 07:00:00,25.18,25.35,25.13,25.16
2025-02-21 08:00:00,25.16,25.57,25.15,25.5
2025-02-21 09:00:00,25.51,25.92,25.38,25.5
2025-02-21 10:00:00,25.51,25.81,25.47,25.78
2025-02-21 11:00:00,25.78,25.81,25.61,25.66
2025-02-21 12:00:00,25.65,25.95,25.5,25.95
2025-02-21 13:00:00,25.94,26.54,25.9,26.42
2025-02-21 14:00:00,26.42,26.5,25.84,26.18
2025-02-21 15:00:00,26.18,26.42,24.96,25.48
2025-02-21 16:00:00,25.48,25.84,25.23,25.5
2025-02-21 17:00:00,25.5,25.7,24.54,24.6
2025-02-21 18:00:00,24.59,24.77,24.45,24.68
2025-02-21 19:00:00,24.67,24.73,23.77,23.91
2025-02-21 20:00:00,23.91,24.23,23.82,24.1
2025-02-21 21:00:00,24.1,24.23,23.83,24.12
2025-02-21 22:00:00,24.12,24.72,24.06,24.66
2025-02-21 23:00:00,24.65,24.71,24.46,24.54
2025-02-22 00:00:00,24.54,25.09,24.44,25.07
2025-02-22 01:00:00,25.06,25.28,24.99,25.13
2025-02-22 02:00:00,25.13,25.17,24.79,24.96
2025-02-22 03:00:00,24.97,25.2,24.9,25.12
2025-02-22 04:00:00,25.11,25.39,24.94,25.28
2025-02-22 05:00:00,25.27,25.32,25.02,25.03
2025-02-22 06:00:00,25.04,25.07,24.82,24.94
2025-02-22 07:00:00,24.94,25.21,24.9,24.91
2025-02-22 08:00:00,24.92,25.03,24.85,24.92
2025-02-22 09:00:00,24.92,25.26,24.92,25.21
2025-02-22 10:00:00,25.21,25.4,25.16,25.25
2025-02-22 11:00:00,25.25,25.33,25.12,25.27
2025-02-22 12:00:00,25.27,25.66,25.27,25.64
2025-02-22 13:00:00,25.65,25.78,25.47,25.73
2025-02-22 14:00:00,25.74,25.76,25.53,25.57
2025-02-22 15:00:00,25.58,25.86,25.53,25.83
2025-02-22 16:00:00,25.82,25.98,25.68,25.74
2025-02-22 17:00:00,25.75,26.23,25.75,26.2
2025-02-22 18:00:00,26.21,26.37,25.98,26.05
2025-02-22 19:00:00,26.04,26.07,25.97,26.03
2025-02-22 20:00:00,26.04,26.06,25.76,25.81
2025-02-22 21:00:00,25.81,26,25.8,25.95
2025-02-22 22:00:00,25.95,25.97,25.76,25.82
2025-02-22 23:00:00,25.81,25.89,25.76,25.83
2025-02-23 00:00:00,25.84,25.96,25.66,25.95
2025-02-23 01:00:00,25.95,25.98,25.64,25.73
2025-02-23 02:00:00,25.73,25.82,25.64,25.65
2025-02-23 03:00:00,25.66,25.78,25.57,25.69
2025-02-23 04:00:00,25.69,25.7,25.54,25.59
2025-02-23 05:00:00,25.59,25.69,25.52,25.53
2025-02-23 06:00:00,25.54,25.63,25.42,25.6
2025-02-23 07:00:00,25.61,25.88,25.57,25.84
2025-02-23 08:00:00,25.84,25.85,25.57,25.59
2025-02-23 09:00:00,25.58,25.62,25.36,25.4
2025-02-23 10:00:00,25.4,25.45,25.36,25.43
2025-02-23 11:00:00,25.42,25.42,25.1,25.13
2025-02-23 12:00:00,25.12,25.17,24.89,24.97
2025-02-23 13:00:00,24.96,25.15,24.96,25.13
2025-02-23 14:00:00,25.13,25.15,24.76,24.77
2025-02-23 15:00:00,24.77,24.88,24.54,24.55
2025-02-23 16:00:00,24.55,24.67,24.41,24.43
2025-02-23 17:00:00,24.43,24.7,24.4,24.64
2025-02-23 18:00:00,24.65,24.68,24.5,24.54
2025-02-23 19:00:00,24.54,24.58,24.49,24.5
2025-02-23 20:00:00,24.5,24.67,24.42,24.67
2025-02-23 21:00:00,24.66,24.74,24.61,24.73
2025-02-23 22:00:00,24.73,24.74,24.51,24.64
2025-02-23 23:00:00,24.63,24.97,24.58,24.85
2025-02-24 00:00:00,24.85,25.18,24.81,24.98
2025-02-24 01:00:00,24.98,25.01,24.43,24.46
2025-02-24 02:00:00,24.45,24.6,24.29,24.32
2025-02-24 03:00:00,24.33,24.33,23.89,24.01
2025-02-24 04:00:00,24.01,24.01,23.67,23.9
2025-02-24 05:00:00,23.9,24.14,23.76,24.12
2025-02-24 06:00:00,24.13,24.16,23.88,24.11
2025-02-24 07:00:00,24.11,24.23,23.94,23.97
2025-02-24 08:00:00,23.98,23.98,23.52,23.61
2025-02-24 09:00:00,23.61,24.05,23.56,23.82
2025-02-24 10:00:00,23.82,23.84,23.43,23.68
2025-02-24 11:00:00,23.69,23.89,23.53,23.84
2025-02-24 12:00:00,23.83,23.84,23.62,23.68
2025-02-24 13:00:00,23.68,23.9,23.51,23.63
2025-02-24 14:00:00,23.63,23.71,23.1,23.14
2025-02-24 15:00:00,23.13,23.4,22.88,23.15
2025-02-24 16:00:00,23.15,23.38,23.04,23.19
2025-02-24 17:00:00,23.19,23.52,23.13,23.32
2025-02-24 18:00:00,23.32,23.42,23.08,23.1
2025-02-24 19:00:00,23.1,23.22,22.67,22.91
2025-02-24 20:00:00,22.92,23.27,22.83,23
2025-02-24 21:00:00,23,23.19,22.82,22.85
2025-02-24 22:00:00,22.86,22.86,21.47,21.74
2025-02-24 23:00:00,21.75,22.2,21.72,21.88
2025-02-25 00:00:00,21.88,22.11,21.3,21.67
2025-02-25 01:00:00,21.67,21.95,21.33,21.64
2025-02-25 02:00:00,21.65,21.99,21.32,21.96
2025-02-25 03:00:00,21.95,22.03,21.61,21.65
2025-02-25 04:00:00,21.66,21.83,21.36,21.62
2025-02-25 05:00:00,21.62,21.99,21.49,21.89
2025-02-25 06:00:00,21.89,21.95,21.47,21.48
2025-02-25 07:00:00,21.48,21.53,20.3,20.87
2025-02-25 08:00:00,20.87,21.32,20.73,21.15
2025-02-25 09:00:00,21.16,21.25,20.67,20.75
2025-02-25 10:00:00,20.75,21.15,20.33,20.98
2025-02-25 11:00:00,20.98,21.53,20.63,21.43
2025-02-25 12:00:00,21.42,21.67,21.24,21.49
2025-02-25 13:00:00,21.49,21.6,21.17,21.22
2025-02-25 14:00:00,21.22,21.36,20.67,20.74
2025-02-25 15:00:00,20.74,21.16,20.55,20.98
2025-02-25 16:00:00,20.99,21.43,20.78,21.24
2025-02-25 17:00:00,21.24,21.47,21.14,21.27
2025-02-25 18:00:00,21.27,21.47,21.05,21.32
2025-02-25 19:00:00,21.31,21.81,21.2,21.8
2025-02-25 20:00:00,21.79,22.21,21.63,22.07
2025-02-25 21:00:00,22.06,22.15,21.8,22.12
2025-02-25 22:00:00,22.12,22.34,21.88,22.09
2025-02-25 23:00:00,22.09,22.22,21.93,21.94
2025-02-26 00:00:00,21.94,22,21.64,21.65
2025-02-26 01:00:00,21.65,22,21.64,21.95
2025-02-26 02:00:00,21.94,22.28,21.83,22.21
2025-02-26 03:00:00,22.2,22.35,22.14,22.22
2025-02-26 04:00:00,22.22,22.42,22.08,22.1
2025-02-26 05:00:00,22.09,22.16,21.93,21.93
2025-02-26 06:00:00,21.94,22.29,21.93,22.29
2025-02-26 07:00:00,22.28,22.31,21.96,22.17
2025-02-26 08:00:00,22.17,22.21,21.88,22.09
2025-02-26 09:00:00,22.09,22.59,22.07,22.5
2025-02-26 10:00:00,22.49,22.49,22.24,22.38
2025-02-26 11:00:00,22.38,22.44,22.13,22.18
2025-02-26 12:00:00,22.18,22.21,21.57,21.72
2025-02-26 13:00:00,21.72,21.97,21.67,21.76
2025-02-26 14:00:00,21.77,22.2,21.46,22.12
2025-02-26 15:00:00,22.12,22.42,22.11,22.26
2025-02-26 16:00:00,22.26,22.45,22.04,22.22
2025-02-26 17:00:00,22.22,22.41,21.64,21.75
2025-02-26 18:00:00,21.75,21.91,21.05,21.17
2025-02-26 19:00:00,21.17,21.5,21.09,21.23
2025-02-26 20:00:00,21.23,21.81,21,21.74
2025-02-26 21:00:00,21.73,22,21.56,21.87
2025-02-26 22:00:00,21.88,22.28,21.86,21.98
2025-02-26 23:00:00,21.98,22.14,21.76,21.87
2025-02-27 00:00:00,21.88,22.07,21.65,21.91
2025-02-27 01:00:00,21.91,22.32,21.73,22.14
2025-02-27 02:00:00,22.15,22.41,21.99,22.03
2025-02-27 03:00:00,22.04,22.42,21.99,22.34
2025-02-27 04:00:00,22.33,22.42,22.16,22.33
2025-02-27 05:00:00,22.33,22.57,22.28,22.55
2025-02-27 06:00:00,22.55,22.84,22.54,22.8
2025-02-27 07:00:00,22.8,23.17,22.78,23.01
2025-02-27 08:00:00,23,23.09,22.85,22.91
2025-02-27 09:00:00,22.91,23.15,22.89,23.08
2025-02-27 10:00:00,23.08,23.39,23.08,23.32
2025-02-27 11:00:00,23.33,23.34,23.01,23.03
2025-02-27 12:00:00,23.03,23.32,22.88,23.06
2025-02-27 13:00:00,23.06,23.3,23.02,23.08
2025-02-27 14:00:00,23.07,23.21,22.69,22.71
2025-02-27 15:00:00,22.7,22.98,22.54,22.79
2025-02-27 16:00:00,22.78,22.94,22.5,22.53
2025-02-27 17:00:00,22.52,22.57,22.33,22.54
2025-02-27 18:00:00,22.55,22.72,22.52,22.66
2025-02-27 19:00:00,22.66,22.66,22.18,22.33
2025-02-27 20:00:00,22.34,22.35,22.01,22.15
2025-02-27 21:00:00,22.16,22.61,22,22.58
2025-02-27 22:00:00,22.59,22.59,22.25,22.48
2025-02-27 23:00:00,22.48,22.6,22.37,22.52
2025-02-28 00:00:00,22.53,22.61,22.08,22.08
2025-02-28 01:00:00,22.08,22.19,21.07,21.13
2025-02-28 02:00:00,21.12,21.44,20.78,21.04
2025-02-28 03:00:00,21.04,21.19,20.55,20.59
2025-02-28 04:00:00,20.59,20.75,20.27,20.58
2025-02-28 05:00:00,20.59,20.64,20.31,20.56
2025-02-28 06:00:00,20.55,20.63,20.23,20.5
2025-02-28 07:00:00,20.49,20.77,20.48,20.63
2025-02-28 08:00:00,20.62,21,20.39,20.99
2025-02-28 09:00:00,21,21.44,20.94,21.43
2025-02-28 10:00:00,21.44,21.46,20.88,20.91
2025-02-28 11:00:00,20.91,21.21,20.88,20.96
2025-02-28 12:00:00,20.96,21.08,20.74,21.02
2025-02-28 13:00:00,21.01,21.44,20.94,21.22
2025-02-28 14:00:00,21.23,21.56,21.16,21.43
2025-02-28 15:00:00,21.43,22,21.41,21.74
2025-02-28 16:00:00,21.75,22.05,21.53,21.88
2025-02-28 17:00:00,21.87,22.07,21.74,21.81
2025-02-28 18:00:00,21.8,22.25,21.71,22.14
2025-02-28 19:00:00,22.14,22.24,22.05,22.12
2025-02-28 20:00:00,22.11,22.15,21.8,21.99
2025-02-28 21:00:00,21.99,22.22,21.93,22.18
2025-02-28 22:00:00,22.18,22.22,21.99,22.05
2025-02-28 23:00:00,22.05,22.41,22.04,22.37
2025-03-01 00:00:00,22.38,22.42,22.01,22.05
2025-03-01 01:00:00,22.05,22.5,22.04,22.46
2025-03-01 02:00:00,22.46,22.49,22.2,22.24
2025-03-01 03:00:00,22.25,22.38,22.18,22.22
2025-03-01 04:00:00,22.22,22.46,22.21,22.34
2025-03-01 05:00:00,22.35,22.36,22.17,22.21
2025-03-01 06:00:00,22.21,22.22,21.96,22.06
2025-03-01 07:00:00,22.06,22.07,21.84,21.89
2025-03-01 08:00:00,21.9,21.98,21.78,21.88
2025-03-01 09:00:00,21.89,22.08,21.81,21.93
2025-03-01 10:00:00,21.93,21.94,21.6,21.67
2025-03-01 11:00:00,21.66,21.68,21.43,21.48
2025-03-01 12:00:00,21.48,21.56,21.33,21.44
2025-03-01 13:00:00,21.44,21.5,21.05,21.16
2025-03-01 14:00:00,21.16,21.31,21.12,21.27
2025-03-01 15:00:00,21.26,21.42,21.16,21.3
2025-03-01 16:00:00,21.31,21.51,21.24,21.51
2025-03-01 17:00:00,21.5,21.51,21.29,21.38
2025-03-01 18:00:00,21.37,21.58,21.32,21.51
2025-03-01 19:00:00,21.51,21.74,21.48,21.69
2025-03-01 20:00:00,21.7,21.7,21.53,21.65
2025-03-01 21:00:00,21.66,22.02,21.58,21.99
2025-03-01 22:00:00,21.99,22.17,21.76,21.89
2025-03-01 23:00:00,21.9,21.93,21.71,21.86
2025-03-02 00:00:00,21.87,21.96,21.7,21.85
2025-03-02 01:00:00,21.85,21.93,21.71,21.85
2025-03-02 02:00:00,21.86,21.95,21.71,21.84
2025-03-02 03:00:00,21.84,21.99,21.83,21.84
2025-03-02 04:00:00,21.85,22,21.8,21.95
2025-03-02 05:00:00,21.96,22.1,21.89,21.91
2025-03-02 06:00:00,21.92,22.06,21.75,21.95
2025-03-02 07:00:00,21.94,22.02,21.87,21.9
2025-03-02 08:00:00,21.9,21.91,21.77,21.81
2025-03-02 09:00:00,21.81,22.2,21.78,22.02
2025-03-02 10:00:00,22.03,22.13,21.97,22.01
2025-03-02 11:00:00,22.01,22.07,21.95,22.07
2025-03-02 12:00:00,22.07,22.07,21.9,21.99
2025-03-02 13:00:00,21.99,22.03,21.79,22.02
2025-03-02 14:00:00,22.02,22.03,21.56,21.7
2025-03-02 15:00:00,21.7,23.06,21.65,22.52
2025-03-02 16:00:00,22.52,24.58,22.52,24.24
2025-03-02 17:00:00,24.25,24.8,23.94,24.58
2025-03-02 18:00:00,24.58,24.75,24.04,24.32
2025-03-02 19:00:00,24.33,24.69,24.25,24.68
2025-03-02 20:00:00,24.68,24.79,24.47,24.68
2025-03-02 21:00:00,24.69,24.83,24.51,24.77
2025-03-02 22:00:00,24.77,24.78,24.49,24.63
2025-03-02 23:00:00,24.62,24.99,24.62,24.95
2025-03-03 00:00:00,24.95,25.12,24.65,24.78
2025-03-03 01:00:00,24.78,24.87,24.29,24.3
2025-03-03 02:00:00,24.3,24.44,23.93,24.4
2025-03-03 03:00:00,24.39,24.55,24.06,24.55
2025-03-03 04:00:00,24.54,24.69,24.39,24.62
2025-03-03 05:00:00,24.61,24.68,24.43,24.53
2025-03-03 06:00:00,24.52,24.56,23.43,23.66
2025-03-03 07:00:00,23.66,23.87,23.36,23.83
2025-03-03 08:00:00,23.83,23.84,23.07,23.25
2025-03-03 09:00:00,23.25,23.47,23.02,23.36
2025-03-03 10:00:00,23.36,23.73,23.32,23.65
2025-03-03 11:00:00,23.65,23.69,23.43,23.5
2025-03-03 12:00:00,23.5,23.76,23.42,23.59
2025-03-03 13:00:00,23.6,24,23.56,23.86
2025-03-03 14:00:00,23.86,23.93,22.96,22.98
2025-03-03 15:00:00,22.99,23.67,22.96,23.24
2025-03-03 16:00:00,23.25,23.42,23.06,23.33
2025-03-03 17:00:00,23.32,23.41,22.99,23.03
2025-03-03 18:00:00,23.03,23.06,21.9,22.03
2025-03-03 19:00:00,22.03,22.2,20.91,20.96
2025-03-03 20:00:00,20.95,21.34,20.83,21.28
2025-03-03 21:00:00,21.27,21.28,20.58,20.65
2025-03-03 22:00:00,20.66,21.16,20.64,21.05
2025-03-03 23:00:00,21.05,21.21,20.91,20.95
2025-03-04 00:00:00,20.96,21.11,20.69,20.75
2025-03-04 01:00:00,20.75,20.81,19.85,20.15
2025-03-04 02:00:00,20.16,20.29,19.64,19.91
2025-03-04 03:00:00,19.92,20.08,19.64,19.83
2025-03-04 04:00:00,19.84,20.05,19.7,19.89
2025-03-04 05:00:00,19.89,20.31,19.83,20.17
2025-03-04 06:00:00,20.18,20.24,19.99,20.04
2025-03-04 07:00:00,20.03,20.12,19.9,20.05
2025-03-04 08:00:00,20.05,20.28,19.95,20.2
2025-03-04 09:00:00,20.2,20.24,19.82,19.84
2025-03-04 10:00:00,19.84,20.01,19.69,19.95
2025-03-04 11:00:00,19.95,20.15,19.87,19.9
2025-03-04 12:00:00,19.91,20.05,19.72,19.97
2025-03-04 13:00:00,19.97,19.97,19.41,19.58
2025-03-04 14:00:00,19.58,20.61,19.53,19.76
2025-03-04 15:00:00,19.75,19.99,19.35,19.94
2025-03-04 16:00:00,19.93,19.98,18.84,19.59
2025-03-04 17:00:00,19.58,20.29,19.55,20.15
2025-03-04 18:00:00,20.15,20.28,19.89,20.17
2025-03-04 19:00:00,20.16,20.41,20.02,20.33
2025-03-04 20:00:00,20.33,20.4,19.84,19.88
2025-03-04 21:00:00,19.89,20.51,19.84,20.14
2025-03-04 22:00:00,20.14,20.24,19.99,20
2025-03-04 23:00:00,20.01,20.09,19.9,20
2025-03-05 00:00:00,19.99,20.08,19.78,19.82
2025-03-05 01:00:00,19.83,20.12,19.69,20.11
2025-03-05 02:00:00,20.11,20.29,19.98,20.12
2025-03-05 03:00:00,20.12,20.18,19.75,19.77
2025-03-05 04:00:00,19.77,19.9,19.74,19.85
2025-03-05 05:00:00,19.85,19.98,19.82,19.94
2025-03-05 06:00:00,19.94,20.14,19.81,20.11
2025-03-05 07:00:00,20.11,20.2,19.99,20.15
2025-03-05 08:00:00,20.15,20.55,20.14,20.45
2025-03-05 09:00:00,20.45,20.9,20.4,20.76
2025-03-05 10:00:00,20.75,21.37,20.7,21.19
2025-03-05 11:00:00,21.2,21.2,20.9,20.99
2025-03-05 12:00:00,21,21.22,20.9,21.05
2025-03-05 13:00:00,21.04,21.12,20.78,20.88
2025-03-05 14:00:00,20.88,20.93,20.53,20.59
2025-03-05 15:00:00,20.6,20.9,20.25,20.39
2025-03-05 16:00:00,20.39,20.58,20.08,20.44
2025-03-05 17:00:00,20.44,20.87,20.44,20.63
2025-03-05 18:00:00,20.63,20.75,20.46,20.71
2025-03-05 19:00:00,20.71,21.27,20.7,21.24
2025-03-05 20:00:00,21.25,22.02,21.25,21.69
2025-03-05 21:00:00,21.68,22.48,21.68,21.76
2025-03-05 22:00:00,21.76,21.86,21.34,21.59
2025-03-05 23:00:00,21.58,21.87,21.51,21.73
2025-03-06 00:00:00,21.73,21.96,21.64,21.68
2025-03-06 01:00:00,21.69,22.05,21.44,21.67
2025-03-06 02:00:00,21.66,22.23,21.65,22.09
2025-03-06 03:00:00,22.1,22.42,22,22.37
2025-03-06 04:00:00,22.38,22.49,22.14,22.42
2025-03-06 05:00:00,22.42,22.57,22.23,22.31
2025-03-06 06:00:00,22.32,22.4,21.92,21.93
2025-03-06 07:00:00,21.93,22,21.64,21.69
2025-03-06 08:00:00,21.69,22.04,21.62,21.94
2025-03-06 09:00:00,21.95,21.97,21.71,21.91
2025-03-06 10:00:00,21.91,22.24,21.86,22.13
2025-03-06 11:00:00,22.14,22.28,21.96,21.96
2025-03-06 12:00:00,21.96,22.01,21.56,21.64
2025-03-06 13:00:00,21.64,21.77,21.45,21.47
2025-03-06 14:00:00,21.47,21.65,21.2,21.47
2025-03-06 15:00:00,21.47,22.1,21.43,21.97
2025-03-06 16:00:00,21.97,22.1,21.49,21.51
2025-03-06 17:00:00,21.51,21.55,20.98,21.17
2025-03-06 18:00:00,21.16,21.19,20.9,21.1
2025-03-06 19:00:00,21.1,21.29,20.89,21.06
2025-03-06 20:00:00,21.07,21.27,21,21.11
2025-03-06 21:00:00,21.12,21.45,21.01,21.16
2025-03-06 22:00:00,21.17,21.5,21.01,21.19
2025-03-06 23:00:00,21.2,21.25,20.99,20.99
2025-03-07 00:00:00,21,21.32,19.71,19.79
2025-03-07 01:00:00,19.8,20.66,19.68,20.44
2025-03-07 02:00:00,20.44,20.6,20.26,20.35
2025-03-07 03:00:00,20.35,20.48,20.25,20.25
2025-03-07 04:00:00,20.26,20.58,20.21,20.35
2025-03-07 05:00:00,20.34,20.76,20.31,20.59
2025-03-07 06:00:00,20.59,20.74,20.43,20.64
2025-03-07 07:00:00,20.64,20.8,20.58,20.74
2025-03-07 08:00:00,20.73,20.77,20.45,20.52
2025-03-07 09:00:00,20.52,20.91,20.51,20.67
2025-03-07 10:00:00,20.67,20.83,20.6,20.79
2025-03-07 11:00:00,20.79,20.9,20.69,20.79
2025-03-07 12:00:00,20.8,20.82,20.44,20.57
2025-03-07 13:00:00,20.58,21.1,20.52,20.69
2025-03-07 14:00:00,20.69,21.14,20.49,20.87
2025-03-07 15:00:00,20.86,21.09,20.46,20.72
2025-03-07 16:00:00,20.71,20.77,20.01,20.19
2025-03-07 17:00:00,20.2,20.75,20.14,20.52
2025-03-07 18:00:00,20.52,21.14,20.46,21.07
2025-03-07 19:00:00,21.07,21.2,20.67,20.83
2025-03-07 20:00:00,20.82,20.96,20.49,20.67
2025-03-07 21:00:00,20.67,20.71,20.1,20.3
2025-03-07 22:00:00,20.3,20.45,20.06,20.28
2025-03-07 23:00:00,20.28,20.29,19.94,20.14
2025-03-08 00:00:00,20.14,20.24,19.98,20.21
2025-03-08 01:00:00,20.2,20.23,19.7,19.83
2025-03-08 02:00:00,19.84,19.89,19.72,19.85
2025-03-08 03:00:00,19.85,19.91,19.62,19.87
2025-03-08 04:00:00,19.86,20.07,19.75,20.03
2025-03-08 05:00:00,20.03,20.05,19.8,19.87
2025-03-08 06:00:00,19.88,19.98,19.8,19.88
2025-03-08 07:00:00,19.88,19.98,19.73,19.8
2025-03-08 08:00:00,19.8,19.85,19.67,19.71
2025-03-08 09:00:00,19.71,19.83,19.53,19.61
2025-03-08 10:00:00,19.62,19.82,19.6,19.71
2025-03-08 11:00:00,19.7,19.7,19.42,19.53
2025-03-08 12:00:00,19.54,19.83,19.46,19.74
2025-03-08 13:00:00,19.75,20.31,19.71,20.2
2025-03-08 14:00:00,20.2,21.1,20.14,20.4
2025-03-08 15:00:00,20.4,20.69,20.38,20.47
2025-03-08 16:00:00,20.48,20.67,20.31,20.6
2025-03-08 17:00:00,20.6,20.6,20.27,20.44
2025-03-08 18:00:00,20.44,20.61,20.34,20.57
2025-03-08 19:00:00,20.58,20.87,20.51,20.83
2025-03-08 20:00:00,20.83,20.97,20.76,20.77
2025-03-08 21:00:00,20.78,20.83,20.58,20.62
2025-03-08 22:00:00,20.63,20.65,20.35,20.56
2025-03-08 23:00:00,20.57,20.61,20.39,20.49
2025-03-09 00:00:00,20.5,20.69,20.44,20.57
2025-03-09 01:00:00,20.57,20.64,20.31,20.39
2025-03-09 02:00:00,20.38,20.41,20.25,20.27
2025-03-09 03:00:00,20.27,20.36,20.22,20.27
2025-03-09 04:00:00,20.27,20.35,20.22,20.33
2025-03-09 05:00:00,20.33,20.37,20.21,20.24
2025-03-09 06:00:00,20.24,20.24,20.04,20.08
2025-03-09 07:00:00,20.08,20.3,20.05,20.15
2025-03-09 08:00:00,20.15,20.16,19.97,19.97
2025-03-09 09:00:00,19.97,20.02,19.93,19.96
2025-03-09 10:00:00,19.95,20.07,19.64,19.65
2025-03-09 11:00:00,19.66,19.81,19.61,19.72
2025-03-09 12:00:00,19.72,19.72,19.5,19.64
2025-03-09 13:00:00,19.63,19.72,19.33,19.34
2025-03-09 14:00:00,19.34,19.45,19.24,19.39
2025-03-09 15:00:00,19.4,19.44,19.09,19.17
2025-03-09 16:00:00,19.18,19.36,18.75,18.76
2025-03-09 17:00:00,18.77,18.78,18.06,18.11
2025-03-09 18:00:00,18.1,18.36,17.76,18.07
2025-03-09 19:00:00,18.07,18.35,17.97,18.25
2025-03-09 20:00:00,18.25,18.44,18.16,18.35
2025-03-09 21:00:00,18.34,18.4,17.96,17.99
2025-03-09 22:00:00,17.99,18.06,17.85,17.94
2025-03-09 23:00:00,17.95,18.15,17.76,17.97
2025-03-10 00:00:00,17.98,18.26,17.64,18.18
2025-03-10 01:00:00,18.18,18.38,18.1,18.2
2025-03-10 02:00:00,18.2,18.49,18.12,18.28
2025-03-10 03:00:00,18.29,18.31,18.09,18.17
2025-03-10 04:00:00,18.18,18.44,18.16,18.44
2025-03-10 05:00:00,18.43,18.46,18.2,18.25
2025-03-10 06:00:00,18.26,18.31,18.16,18.29
2025-03-10 07:00:00,18.29,18.48,18.26,18.41
2025-03-10 08:00:00,18.41,18.41,18,18.1
2025-03-10 09:00:00,18.1,19.06,18.08,18.51
2025-03-10 10:00:00,18.51,18.58,18.25,18.49
2025-03-10 11:00:00,18.5,18.93,18.44,18.85
2025-03-10 12:00:00,18.85,18.99,18.7,18.83
2025-03-10 13:00:00,18.83,18.84,18.17,18.23
2025-03-10 14:00:00,18.22,18.22,17.4,17.56
2025-03-10 15:00:00,17.57,18.05,17.47,17.8
2025-03-10 16:00:00,17.79,17.87,17.33,17.41
2025-03-10 17:00:00,17.41,17.47,16.78,16.85
2025-03-10 18:00:00,16.85,17.11,16.24,16.25
2025-03-10 19:00:00,16.25,17.04,16.14,16.91
2025-03-10 20:00:00,16.91,16.97,16.5,16.7
2025-03-10 21:00:00,16.7,16.87,16.59,16.64
2025-03-10 22:00:00,16.65,16.73,16.38,16.47
2025-03-10 23:00:00,16.46,16.59,16.23,16.26
2025-03-11 00:00:00,16.26,16.52,15.3,15.63
2025-03-11 01:00:00,15.63,16.17,15.27,16.16
2025-03-11 02:00:00,16.16,16.51,16.04,16.43
2025-03-11 03:00:00,16.43,17.06,16.36,16.58
2025-03-11 04:00:00,16.59,16.96,16.53,16.66
2025-03-11 05:00:00,16.66,17.08,16.63,16.91
2025-03-11 06:00:00,16.91,17.05,16.77,16.79
2025-03-11 07:00:00,16.79,17.1,16.78,16.97
2025-03-11 08:00:00,16.96,17.3,16.88,17.15
2025-03-11 09:00:00,17.15,17.35,17.14,17.15
2025-03-11 10:00:00,17.15,17.32,17.11,17.25
2025-03-11 11:00:00,17.25,17.46,17.1,17.36
2025-03-11 12:00:00,17.36,17.39,16.98,17.05
2025-03-11 13:00:00,17.05,17.49,16.81,17.12
2025-03-11 14:00:00,17.13,17.28,16.5,16.63
2025-03-11 15:00:00,16.63,17.48,16.61,17.36
2025-03-11 16:00:00,17.37,17.63,17.21,17.37
2025-03-11 17:00:00,17.37,17.44,16.95,17.16
2025-03-11 18:00:00,17.16,17.91,17.16,17.79
2025-03-11 19:00:00,17.78,17.86,17.62,17.77
2025-03-11 20:00:00,17.77,17.84,17.61,17.65
2025-03-11 21:00:00,17.65,17.84,17.65,17.74
2025-03-11 22:00:00,17.73,17.89,17.72,17.79
2025-03-11 23:00:00,17.79,17.8,17.45,17.51
2025-03-12 00:00:00,17.51,17.59,17.27,17.37
2025-03-12 01:00:00,17.38,17.83,17.37,17.65
2025-03-12 02:00:00,17.66,17.72,17.3,17.33
2025-03-12 03:00:00,17.34,17.41,17.06,17.08
2025-03-12 04:00:00,17.09,17.15,16.95,17.09
2025-03-12 05:00:00,17.1,17.33,17.08,17.29
2025-03-12 06:00:00,17.28,17.32,17.09,17.22
2025-03-12 07:00:00,17.22,17.59,17.21,17.56
2025-03-12 08:00:00,17.55,18,17.47,17.86
2025-03-12 09:00:00,17.86,18.04,17.68,17.88
2025-03-12 10:00:00,17.88,17.96,17.67,17.88
2025-03-12 11:00:00,17.88,18.25,17.88,18.23
2025-03-12 12:00:00,18.23,18.81,18.15,18.79
2025-03-12 13:00:00,18.79,18.85,18.28,18.41
2025-03-12 14:00:00,18.4,18.51,17.84,17.87
2025-03-12 15:00:00,17.88,18.05,17.52,17.98
2025-03-12 16:00:00,17.98,18.38,17.95,18.27
2025-03-12 17:00:00,18.28,18.57,18.06,18.11
2025-03-12 18:00:00,18.11,18.58,18.08,18.48
2025-03-12 19:00:00,18.49,18.6,18.32,18.41
2025-03-12 20:00:00,18.41,18.6,18.35,18.59
2025-03-12 21:00:00,18.6,18.73,18.46,18.53
2025-03-12 22:00:00,18.54,18.86,18.54,18.73
2025-03-12 23:00:00,18.72,18.98,18.65,18.91
2025-03-13 00:00:00,18.92,19.11,18.88,18.96
2025-03-13 01:00:00,18.96,19.18,18.73,19.05
2025-03-13 02:00:00,19.05,19.19,18.94,19.01
2025-03-13 03:00:00,19.02,19.17,18.84,18.86
2025-03-13 04:00:00,18.86,19.09,18.83,18.92
2025-03-13 05:00:00,18.91,19.14,18.73,18.77
2025-03-13 06:00:00,18.78,18.84,18.56,18.78
2025-03-13 07:00:00,18.78,18.97,18.66,18.79
2025-03-13 08:00:00,18.8,18.96,18.62,18.9
2025-03-13 09:00:00,18.91,19.3,18.85,19.23
2025-03-13 10:00:00,19.22,19.33,18.91,19.02
2025-03-13 11:00:00,19.03,19.07,18.92,19.02
2025-03-13 12:00:00,19.02,19.2,18.62,18.69
2025-03-13 13:00:00,18.7,18.9,18.31,18.36
2025-03-13 14:00:00,18.36,18.74,18.3,18.52
2025-03-13 15:00:00,18.53,18.59,18.3,18.38
2025-03-13 16:00:00,18.39,18.46,18.19,18.26
2025-03-13 17:00:00,18.25,18.28,17.92,17.94
2025-03-13 18:00:00,17.95,18.36,17.93,18.3
2025-03-13 19:00:00,18.29,18.43,18.09,18.17
2025-03-13 20:00:00,18.17,18.23,17.92,17.97
2025-03-13 21:00:00,17.97,18.03,17.73,17.97
2025-03-13 22:00:00,17.96,18.61,17.93,18.58
2025-03-13 23:00:00,18.58,18.91,18.46,18.5
2025-03-14 00:00:00,18.51,18.8,18.46,18.68
2025-03-14 01:00:00,18.69,18.84,18.55,18.63
2025-03-14 02:00:00,18.62,18.84,18.59,18.81
2025-03-14 03:00:00,18.82,18.9,18.68,18.76
2025-03-14 04:00:00,18.76,18.88,18.67,18.69
2025-03-14 05:00:00,18.7,18.71,18.58,18.64
2025-03-14 06:00:00,18.65,18.67,18.49,18.55
2025-03-14 07:00:00,18.55,18.74,18.49,18.66
2025-03-14 08:00:00,18.66,19.13,18.66,18.82
2025-03-14 09:00:00,18.82,18.89,18.67,18.69
2025-03-14 10:00:00,18.69,18.79,18.58,18.68
2025-03-14 11:00:00,18.68,18.86,18.63,18.77
2025-03-14 12:00:00,18.77,18.81,18.56,18.68
2025-03-14 13:00:00,18.68,18.86,18.55,18.75
2025-03-14 14:00:00,18.74,18.96,18.51,18.89
2025-03-14 15:00:00,18.89,19.3,18.89,19.01
2025-03-14 16:00:00,19,19.09,18.77,18.98
2025-03-14 17:00:00,18.97,19.05,18.83,18.89
2025-03-14 18:00:00,18.89,19.09,18.79,19.07
2025-03-14 19:00:00,19.08,19.31,18.87,18.99
2025-03-14 20:00:00,18.99,19.11,18.56,18.85
2025-03-14 21:00:00,18.85,18.85,18.65,18.81
2025-03-14 22:00:00,18.81,18.95,18.75,18.92
2025-03-14 23:00:00,18.92,18.92,18.52,18.58
2025-03-15 00:00:00,18.58,18.67,18.44,18.6
2025-03-15 01:00:00,18.6,18.62,18.37,18.48
2025-03-15 02:00:00,18.48,18.59,18.38,18.56
2025-03-15 03:00:00,18.56,18.65,18.51,18.63
2025-03-15 04:00:00,18.62,18.85,18.54,18.79
2025-03-15 05:00:00,18.79,18.88,18.72,18.75
2025-03-15 06:00:00,18.76,18.9,18.62,18.71
2025-03-15 07:00:00,18.71,18.82,18.5,18.61
2025-03-15 08:00:00,18.61,18.66,18.43,18.59
2025-03-15 09:00:00,18.59,18.63,18.46,18.58
2025-03-15 10:00:00,18.57,18.58,18.45,18.52
2025-03-15 11:00:00,18.51,18.63,18.45,18.56
2025-03-15 12:00:00,18.55,18.66,18.5,18.55
2025-03-15 13:00:00,18.54,18.73,18.53,18.66
2025-03-15 14:00:00,18.66,18.66,18.42,18.47
2025-03-15 15:00:00,18.46,18.62,18.45,18.56
2025-03-15 16:00:00,18.55,18.71,18.48,18.6
2025-03-15 17:00:00,18.6,18.72,18.58,18.68
2025-03-15 18:00:00,18.67,18.76,18.55,18.58
2025-03-15 19:00:00,18.57,18.62,18.47,18.62
2025-03-15 20:00:00,18.62,19.26,18.62,19.07
2025-03-15 21:00:00,19.07,19.3,19,19.12
2025-03-15 22:00:00,19.13,19.4,19.12,19.28
2025-03-15 23:00:00,19.29,19.47,19.28,19.4
2025-03-16 00:00:00,19.39,19.42,19.15,19.18
2025-03-16 01:00:00,19.18,19.39,19.05,19.06
2025-03-16 02:00:00,19.06,19.18,18.96,19.16
2025-03-16 03:00:00,19.17,19.73,19.17,19.7
2025-03-16 04:00:00,19.69,19.85,19.59,19.71
2025-03-16 05:00:00,19.71,19.8,19.54,19.6
2025-03-16 06:00:00,19.6,19.62,19.42,19.42
2025-03-16 07:00:00,19.42,19.49,19.28,19.35
2025-03-16 08:00:00,19.36,19.41,19.24,19.28
2025-03-16 09:00:00,19.28,19.32,19.01,19.02
2025-03-16 10:00:00,19.03,19.12,18.76,18.77
2025-03-16 11:00:00,18.76,18.78,18.33,18.42
2025-03-16 12:00:00,18.41,18.71,18.41,18.57
2025-03-16 13:00:00,18.57,18.66,18.18,18.25
2025-03-16 14:00:00,18.24,18.55,18.23,18.53
2025-03-16 15:00:00,18.53,18.57,18.36,18.5
2025-03-16 16:00:00,18.5,19.07,18.42,18.72
2025-03-16 17:00:00,18.71,18.85,18.62,18.76
2025-03-16 18:00:00,18.76,18.77,18.55,18.58
2025-03-16 19:00:00,18.58,18.6,18.22,18.33
2025-03-16 20:00:00,18.34,18.44,18.26,18.41
2025-03-16 21:00:00,18.41,18.47,18.31,18.37
2025-03-16 22:00:00,18.37,18.4,18.18,18.19
2025-03-16 23:00:00,18.2,18.35,18.12,18.25
2025-03-17 00:00:00,18.26,18.6,18.22,18.53
2025-03-17 01:00:00,18.54,18.65,18.44,18.58
2025-03-17 02:00:00,18.58,18.72,18.52,18.62
2025-03-17 03:00:00,18.63,18.73,18.57,18.62
2025-03-17 04:00:00,18.63,18.74,18.59,18.61
2025-03-17 05:00:00,18.62,18.64,18.49,18.49
2025-03-17 06:00:00,18.49,18.54,18.25,18.44
2025-03-17 07:00:00,18.44,18.63,18.42,18.62
2025-03-17 08:00:00,18.61,18.67,18.41,18.61
2025-03-17 09:00:00,18.6,18.69,18.52,18.62
2025-03-17 10:00:00,18.62,18.67,18.51,18.65
2025-03-17 11:00:00,18.64,18.74,18.55,18.62
2025-03-17 12:00:00,18.62,18.83,18.45,18.47
2025-03-17 13:00:00,18.46,18.6,18.34,18.39
2025-03-17 14:00:00,18.38,18.49,18.24,18.3
2025-03-17 15:00:00,18.31,18.52,18.2,18.47
2025-03-17 16:00:00,18.46,18.63,18.39,18.46
2025-03-17 17:00:00,18.45,18.78,18.43,18.7
2025-03-17 18:00:00,18.7,19.03,18.69,19.03
2025-03-17 19:00:00,19.03,19.09,18.92,18.94
2025-03-17 20:00:00,18.95,18.98,18.76,18.81
2025-03-17 21:00:00,18.81,18.91,18.72,18.84
2025-03-17 22:00:00,18.84,18.95,18.83,18.85
2025-03-17 23:00:00,18.85,18.89,18.7,18.82
2025-03-18 00:00:00,18.83,18.93,18.71,18.81
2025-03-18 01:00:00,18.82,18.95,18.49,18.55
2025-03-18 02:00:00,18.55,18.75,18.5,18.7
2025-03-18 03:00:00,18.71,18.73,18.4,18.57
2025-03-18 04:00:00,18.58,18.74,18.54,18.68
2025-03-18 05:00:00,18.68,19,18.68,18.95
2025-03-18 06:00:00,18.95,19.04,18.44,18.51
2025-03-18 07:00:00,18.51,18.91,18.46,18.83
2025-03-18 08:00:00,18.82,19.22,18.81,19.11
2025-03-18 09:00:00,19.12,19.28,18.96,18.98
2025-03-18 10:00:00,18.99,19.12,18.87,18.99
2025-03-18 11:00:00,19,19.06,18.71,18.79
2025-03-18 12:00:00,18.79,18.91,18.65,18.7
2025-03-18 13:00:00,18.71,18.81,18.39,18.48
2025-03-18 14:00:00,18.47,18.76,18.37,18.71
2025-03-18 15:00:00,18.72,18.73,18.41,18.45
2025-03-18 16:00:00,18.45,18.72,18.34,18.55
2025-03-18 17:00:00,18.55,18.61,18.36,18.4
2025-03-18 18:00:00,18.41,18.54,18.32,18.45
2025-03-18 19:00:00,18.46,18.69,18.4,18.66
2025-03-18 20:00:00,18.66,18.71,18.51,18.63
2025-03-18 21:00:00,18.63,18.64,18.46,18.52
2025-03-18 22:00:00,18.52,18.83,18.49,18.79
2025-03-18 23:00:00,18.79,19.08,18.79,18.97
2025-03-19 00:00:00,18.97,19.2,18.95,19.09
2025-03-19 01:00:00,19.1,19.2,18.87,18.87
2025-03-19 02:00:00,18.87,19.06,18.84,19.03
2025-03-19 03:00:00,19.03,19.23,18.99,19.19
2025-03-19 04:00:00,19.2,19.25,19.09,19.13
2025-03-19 05:00:00,19.14,19.33,19.04,19.21
2025-03-19 06:00:00,19.21,19.24,19.08,19.16
2025-03-19 07:00:00,19.15,19.17,18.9,18.91
2025-03-19 08:00:00,18.91,19.12,18.89,19.11
2025-03-19 09:00:00,19.1,19.18,18.99,19.11
2025-03-19 10:00:00,19.12,19.32,19.02,19.21
2025-03-19 11:00:00,19.21,19.67,19.19,19.54
2025-03-19 12:00:00,19.55,19.65,19.3,19.38
2025-03-19 13:00:00,19.37,19.71,19.31,19.6
2025-03-19 14:00:00,19.61,19.83,19.5,19.7
2025-03-19 15:00:00,19.7,19.96,19.66,19.86
2025-03-19 16:00:00,19.85,19.91,19.63,19.75
2025-03-19 17:00:00,19.75,19.75,19.44,19.64
2025-03-19 18:00:00,19.64,20.1,19.47,20.01
2025-03-19 19:00:00,20.01,20.09,19.48,19.59
2025-03-19 20:00:00,19.59,19.72,19.38,19.47
2025-03-19 21:00:00,19.47,19.61,19.4,19.44
2025-03-19 22:00:00,19.45,19.66,19.41,19.58
2025-03-19 23:00:00,19.58,19.79,19.53,19.74
2025-03-20 00:00:00,19.74,19.86,19.4,19.42
2025-03-20 01:00:00,19.43,19.51,19.28,19.35
2025-03-20 02:00:00,19.35,19.4,19.26,19.36
2025-03-20 03:00:00,19.37,19.39,19.26,19.28
2025-03-20 04:00:00,19.28,19.3,19.14,19.19
2025-03-20 05:00:00,19.2,19.25,19.11,19.23
2025-03-20 06:00:00,19.24,19.3,19.1,19.16
2025-03-20 07:00:00,19.16,19.22,19.08,19.14
2025-03-20 08:00:00,19.13,19.33,19.08,19.3
2025-03-20 09:00:00,19.3,19.31,19.05,19.09
2025-03-20 10:00:00,19.09,19.1,18.74,18.79
2025-03-20 11:00:00,18.8,18.89,18.77,18.85
2025-03-20 12:00:00,18.84,18.95,18.75,18.92
2025-03-20 13:00:00,18.92,18.98,18.8,18.89
2025-03-20 14:00:00,18.88,19.19,18.88,19.18
2025-03-20 15:00:00,19.18,19.2,18.75,18.78
2025-03-20 16:00:00,18.77,18.88,18.41,18.51
2025-03-20 17:00:00,18.51,18.68,18.47,18.65
2025-03-20 18:00:00,18.65,18.76,18.6,18.63
2025-03-20 19:00:00,18.63,18.77,18.59,18.71
2025-03-20 20:00:00,18.71,18.79,18.67,18.77
2025-03-20 21:00:00,18.76,18.8,18.67,18.71
2025-03-20 22:00:00,18.71,18.75,18.64,18.68
2025-03-20 23:00:00,18.68,18.76,18.62,18.74
2025-03-21 00:00:00,18.75,18.97,18.73,18.95
2025-03-21 01:00:00,18.95,19.11,18.92,19.1
2025-03-21 02:00:00,19.1,19.12,18.95,19.01
2025-03-21 03:00:00,19.01,19.02,18.8,18.8
2025-03-21 04:00:00,18.81,18.97,18.8,18.93
2025-03-21 05:00:00,18.94,19.01,18.84,19
2025-03-21 06:00:00,19,19.01,18.87,18.92
2025-03-21 07:00:00,18.93,18.94,18.68,18.76
2025-03-21 08:00:00,18.75,18.88,18.6,18.64
2025-03-21 09:00:00,18.64,18.77,18.55,18.62
2025-03-21 10:00:00,18.63,18.68,18.45,18.56
2025-03-21 11:00:00,18.57,18.59,18.43,18.52
2025-03-21 12:00:00,18.52,18.64,18.38,18.41
2025-03-21 13:00:00,18.41,18.6,18.36,18.56
2025-03-21 14:00:00,18.55,18.62,18.41,18.6
2025-03-21 15:00:00,18.61,18.63,18.44,18.49
2025-03-21 16:00:00,18.49,18.67,18.4,18.67
2025-03-21 17:00:00,18.66,18.85,18.6,18.76
2025-03-21 18:00:00,18.76,18.9,18.67,18.82
2025-03-21 19:00:00,18.82,18.9,18.79,18.89
2025-03-21 20:00:00,18.89,19.16,18.86,19.14
2025-03-21 21:00:00,19.14,19.49,19.14,19.23
2025-03-21 22:00:00,19.23,19.31,19.09,19.15
2025-03-21 23:00:00,19.15,19.23,19.1,19.18
2025-03-22 00:00:00,19.19,19.41,19.16,19.3
2025-03-22 01:00:00,19.3,19.4,19.11,19.12
2025-03-22 02:00:00,19.12,19.29,19.08,19.24
2025-03-22 03:00:00,19.25,19.34,19.22,19.31
2025-03-22 04:00:00,19.3,19.46,19.3,19.42
2025-03-22 05:00:00,19.42,19.48,19.36,19.41
2025-03-22 06:00:00,19.41,19.48,19.35,19.43
2025-03-22 07:00:00,19.43,19.49,19.35,19.37
2025-03-22 08:00:00,19.37,19.47,19.33,19.38
2025-03-22 09:00:00,19.39,19.65,19.39,19.51
2025-03-22 10:00:00,19.52,19.61,19.52,19.57
2025-03-22 11:00:00,19.57,19.6,19.41,19.46
2025-03-22 12:00:00,19.45,19.5,19.39,19.44
2025-03-22 13:00:00,19.44,19.47,19.3,19.42
2025-03-22 14:00:00,19.42,19.43,19.27,19.31
2025-03-22 15:00:00,19.3,19.58,19.3,19.55
2025-03-22 16:00:00,19.54,19.6,19.48,19.54
2025-03-22 17:00:00,19.53,19.6,19.48,19.54
2025-03-22 18:00:00,19.55,19.62,19.51,19.59
2025-03-22 19:00:00,19.59,19.71,19.55,19.64
2025-03-22 20:00:00,19.65,19.74,19.62,19.63
2025-03-22 21:00:00,19.62,19.69,19.49,19.51
2025-03-22 22:00:00,19.52,19.59,19.46,19.46
2025-03-22 23:00:00,19.46,19.49,19.34,19.43
2025-03-23 00:00:00,19.43,19.48,19.35,19.38
2025-03-23 01:00:00,19.37,19.59,19.33,19.56
2025-03-23 02:00:00,19.56,19.69,19.46,19.69
2025-03-23 03:00:00,19.69,19.72,19.56,19.71
2025-03-23 04:00:00,19.72,19.72,19.53,19.56
2025-03-23 05:00:00,19.57,19.59,19.46,19.53
2025-03-23 06:00:00,19.53,19.62,19.48,19.6
2025-03-23 07:00:00,19.6,19.68,19.55,19.58
2025-03-23 08:00:00,19.59,19.62,19.52,19.54
2025-03-23 09:00:00,19.54,19.58,19.49,19.53
2025-03-23 10:00:00,19.52,19.62,19.48,19.57
2025-03-23 11:00:00,19.58,19.78,19.58,19.63
2025-03-23 12:00:00,19.63,19.7,19.51,19.55
2025-03-23 13:00:00,19.56,19.65,19.47,19.62
2025-03-23 14:00:00,19.63,19.68,19.45,19.46
2025-03-23 15:00:00,19.46,19.56,19.44,19.48
2025-03-23 16:00:00,19.49,19.6,19.42,19.53
2025-03-23 17:00:00,19.52,19.64,19.39,19.46
2025-03-23 18:00:00,19.46,19.48,19.31,19.41
2025-03-23 19:00:00,19.41,19.52,19.37,19.49
2025-03-23 20:00:00,19.5,19.57,19.45,19.46
2025-03-23 21:00:00,19.46,19.47,19.34,19.43
2025-03-23 22:00:00,19.44,19.63,19.44,19.53
2025-03-23 23:00:00,19.54,19.85,19.53,19.82
2025-03-24 00:00:00,19.82,20.29,19.78,20.17
2025-03-24 01:00:00,20.17,20.25,19.97,20.11
2025-03-24 02:00:00,20.11,20.56,20.1,20.48
2025-03-24 03:00:00,20.48,21.17,20.43,21.14
2025-03-24 04:00:00,21.15,21.55,21.14,21.5
2025-03-24 05:00:00,21.51,21.69,21.45,21.56
2025-03-24 06:00:00,21.57,21.84,21.53,21.58
2025-03-24 07:00:00,21.59,21.69,21.47,21.52
2025-03-24 08:00:00,21.52,21.92,21.51,21.78
2025-03-24 09:00:00,21.78,21.94,21.74,21.88
2025-03-24 10:00:00,21.88,21.93,21.75,21.78
2025-03-24 11:00:00,21.77,21.87,21.65,21.68
2025-03-24 12:00:00,21.69,21.99,21.53,21.9
2025-03-24 13:00:00,21.91,21.95,21.76,21.86
2025-03-24 14:00:00,21.86,22.14,21.59,21.62
2025-03-24 15:00:00,21.62,21.71,21.42,21.54
2025-03-24 16:00:00,21.53,21.58,21.24,21.35
2025-03-24 17:00:00,21.34,21.51,21.34,21.41
2025-03-24 18:00:00,21.41,21.46,21.29,21.43
2025-03-24 19:00:00,21.44,21.51,21.35,21.38
2025-03-24 20:00:00,21.39,21.49,21.27,21.3
2025-03-24 21:00:00,21.3,21.43,21.25,21.35
2025-03-24 22:00:00,21.36,21.39,21.24,21.31
2025-03-24 23:00:00,21.31,21.51,21.27,21.48
2025-03-25 00:00:00,21.49,21.68,21.4,21.67
2025-03-25 01:00:00,21.67,21.68,21.36,21.46
2025-03-25 02:00:00,21.46,21.57,21.39,21.41
2025-03-25 03:00:00,21.41,21.52,21.33,21.36
2025-03-25 04:00:00,21.35,21.63,21.29,21.59
2025-03-25 05:00:00,21.59,21.79,21.5,21.71
2025-03-25 06:00:00,21.7,21.86,21.66,21.82
2025-03-25 07:00:00,21.82,21.94,21.74,21.85
2025-03-25 08:00:00,21.85,22.07,21.84,22.02
2025-03-25 09:00:00,22.03,22.16,21.92,22.04
2025-03-25 10:00:00,22.04,22.19,21.93,22.15
2025-03-25 11:00:00,22.14,22.41,22.14,22.33
2025-03-25 12:00:00,22.34,22.49,22.13,22.15
2025-03-25 13:00:00,22.15,22.59,22.14,22.43
2025-03-25 14:00:00,22.44,22.67,22.34,22.64
2025-03-25 15:00:00,22.63,22.81,22.44,22.48
2025-03-25 16:00:00,22.49,22.77,22.43,22.57
2025-03-25 17:00:00,22.57,22.98,22.57,22.91
2025-03-25 18:00:00,22.9,23.09,22.82,23.01
2025-03-25 19:00:00,23.01,23.23,22.91,23.04
2025-03-25 20:00:00,23.05,23.46,23.01,23.33
2025-03-25 21:00:00,23.33,23.46,23.02,23.12
2025-03-25 22:00:00,23.12,23.17,22.79,22.92
2025-03-25 23:00:00,22.92,22.95,22.77,22.9
2025-03-26 00:00:00,22.91,23.25,22.88,23.09
2025-03-26 01:00:00,23.08,23.2,22.94,23.15
2025-03-26 02:00:00,23.14,23.14,22.74,22.77
2025-03-26 03:00:00,22.76,22.83,22.54,22.59
2025-03-26 04:00:00,22.6,22.74,22.58,22.65
2025-03-26 05:00:00,22.66,22.77,22.54,22.69
2025-03-26 06:00:00,22.69,22.79,22.56,22.74
2025-03-26 07:00:00,22.74,22.88,22.63,22.85
2025-03-26 08:00:00,22.84,22.91,22.73,22.74
2025-03-26 09:00:00,22.73,22.82,22.64,22.68
2025-03-26 10:00:00,22.68,22.87,22.66,22.8
2025-03-26 11:00:00,22.8,22.98,22.78,22.86
2025-03-26 12:00:00,22.85,22.88,22.55,22.67
2025-03-26 13:00:00,22.67,22.67,22.22,22.24
2025-03-26 14:00:00,22.23,22.4,21.96,22.17
2025-03-26 15:00:00,22.17,22.28,22.08,22.17
2025-03-26 16:00:00,22.17,22.48,22.13,22.22
2025-03-26 17:00:00,22.21,22.24,22,22.08
2025-03-26 18:00:00,22.09,22.14,21.87,21.97
2025-03-26 19:00:00,21.98,22.16,21.83,22.07
2025-03-26 20:00:00,22.06,22.29,22.05,22.18
2025-03-26 21:00:00,22.18,22.19,21.85,22.12
2025-03-26 22:00:00,22.11,22.13,21.92,22.03
2025-03-26 23:00:00,22.04,22.12,21.94,22.04
2025-03-27 00:00:00,22.05,22.27,21.99,22.26
2025-03-27 01:00:00,22.27,22.29,22.09,22.23
2025-03-27 02:00:00,22.23,22.38,22.2,22.29
2025-03-27 03:00:00,22.29,22.29,22.14,22.17
2025-03-27 04:00:00,22.18,22.19,22.01,22.05
2025-03-27 05:00:00,22.05,22.09,21.95,21.98
2025-03-27 06:00:00,21.98,22.15,21.92,22.05
2025-03-27 07:00:00,22.06,22.14,21.99,22.08
2025-03-27 08:00:00,22.08,22.12,21.87,21.97
2025-03-27 09:00:00,21.97,22.07,21.86,22.02
2025-03-27 10:00:00,22.02,22.2,21.98,21.99
2025-03-27 11:00:00,21.99,22.1,21.82,21.87
2025-03-27 12:00:00,21.88,22.03,21.74,22
2025-03-27 13:00:00,22,22.06,21.63,21.87
2025-03-27 14:00:00,21.87,22.29,21.82,22.28
2025-03-27 15:00:00,22.28,22.28,21.87,21.92
2025-03-27 16:00:00,21.93,22.05,21.9,21.93
2025-03-27 17:00:00,21.93,22.02,21.82,21.82
2025-03-27 18:00:00,21.83,22.13,21.81,22.03
2025-03-27 19:00:00,22.03,22.12,21.98,22
2025-03-27 20:00:00,22.01,22.08,21.91,22.06
2025-03-27 21:00:00,22.06,22.24,22.04,22.18
2025-03-27 22:00:00,22.18,22.2,22.03,22.04
2025-03-27 23:00:00,22.04,22.1,21.97,22.02
2025-03-28 00:00:00,22.03,22.19,21.95,22.16
2025-03-28 01:00:00,22.16,22.18,21.99,22.05
2025-03-28 02:00:00,22.05,22.1,21.8,21.81
2025-03-28 03:00:00,21.82,21.82,21.65,21.77
2025-03-28 04:00:00,21.78,21.82,21.27,21.44
2025-03-28 05:00:00,21.43,21.55,21.15,21.19
2025-03-28 06:00:00,21.18,21.31,21.01,21.03
2025-03-28 07:00:00,21.04,21.11,20.67,20.71
2025-03-28 08:00:00,20.71,20.8,20.58,20.66
2025-03-28 09:00:00,20.67,20.69,20.43,20.44
2025-03-28 10:00:00,20.44,20.6,20.34,20.36
2025-03-28 11:00:00,20.36,20.59,20.18,20.57
2025-03-28 12:00:00,20.56,20.64,20.29,20.29
2025-03-28 13:00:00,20.3,20.47,20.15,20.16
2025-03-28 14:00:00,20.16,20.31,20.05,20.2
2025-03-28 15:00:00,20.2,20.23,19.97,19.98
2025-03-28 16:00:00,19.97,20.03,19.77,19.82
2025-03-28 17:00:00,19.81,19.98,19.81,19.9
2025-03-28 18:00:00,19.9,19.98,19.83,19.9
2025-03-28 19:00:00,19.89,19.95,19.79,19.81
2025-03-28 20:00:00,19.81,19.98,19.78,19.83
2025-03-28 21:00:00,19.82,20.25,19.8,20.17
2025-03-28 22:00:00,20.17,20.61,20.15,20.6
2025-03-28 23:00:00,20.6,20.6,20.35,20.36
2025-03-29 00:00:00,20.37,20.54,20.33,20.4
2025-03-29 01:00:00,20.39,20.43,20.26,20.3
2025-03-29 02:00:00,20.29,20.36,20.15,20.18
2025-03-29 03:00:00,20.18,20.52,20.08,20.43
2025-03-29 04:00:00,20.44,20.53,20.3,20.36
2025-03-29 05:00:00,20.35,20.36,20.15,20.24
2025-03-29 06:00:00,20.23,20.24,20.04,20.11
2025-03-29 07:00:00,20.12,20.15,19.81,19.87
2025-03-29 08:00:00,19.87,20.18,19.82,20.13
2025-03-29 09:00:00,20.12,20.16,19.84,20.07
2025-03-29 10:00:00,20.07,20.08,19.89,19.92
2025-03-29 11:00:00,19.91,20.02,19.65,19.86
2025-03-29 12:00:00,19.87,20.15,19.82,20.14
2025-03-29 13:00:00,20.13,20.32,20.1,20.29
2025-03-29 14:00:00,20.29,20.3,19.96,20.01
2025-03-29 15:00:00,20.01,20.15,19.98,20
2025-03-29 16:00:00,20,20.07,19.87,19.91
2025-03-29 17:00:00,19.9,20.06,19.67,19.83
2025-03-29 18:00:00,19.83,20,19.77,19.81
2025-03-29 19:00:00,19.81,19.9,19.68,19.87
2025-03-29 20:00:00,19.87,19.91,19.62,19.64
2025-03-29 21:00:00,19.64,19.78,19.53,19.65
2025-03-29 22:00:00,19.64,19.69,19.5,19.52
2025-03-29 23:00:00,19.51,19.71,19.46,19.6
2025-03-30 00:00:00,19.6,19.64,19.37,19.57
2025-03-30 01:00:00,19.57,19.8,19.56,19.66
2025-03-30 02:00:00,19.66,19.89,19.64,19.82
2025-03-30 03:00:00,19.83,19.91,19.64,19.66
2025-03-30 04:00:00,19.67,19.75,19.61,19.63
2025-03-30 05:00:00,19.63,19.69,19.45,19.47
2025-03-30 06:00:00,19.46,19.58,19.35,19.52
2025-03-30 07:00:00,19.53,19.65,19.44,19.45
2025-03-30 08:00:00,19.45,19.63,19.42,19.61
2025-03-30 09:00:00,19.61,19.71,19.52,19.55
2025-03-30 10:00:00,19.55,19.58,19.22,19.24
2025-03-30 11:00:00,19.24,19.43,19.18,19.35
2025-03-30 12:00:00,19.36,19.48,19.26,19.38
2025-03-30 13:00:00,19.39,19.39,19.07,19.09
2025-03-30 14:00:00,19.08,19.35,19.05,19.33
2025-03-30 15:00:00,19.33,19.46,19.28,19.31
2025-03-30 16:00:00,19.31,19.4,19.02,19.05
2025-03-30 17:00:00,19.04,19.13,18.99,19.05
2025-03-30 18:00:00,19.06,19.28,19.04,19.27
2025-03-30 19:00:00,19.28,19.38,19.23,19.24
2025-03-30 21:00:00,19.1,19.17,18.84,18.93
2025-03-30 22:00:00,18.93,19.11,18.69,19
2025-03-30 23:00:00,19,19.01,18.75,18.86
2025-03-31 00:00:00,18.87,18.89,18.47,18.61
2025-03-31 01:00:00,18.62,18.98,18.59,18.92
2025-03-31 02:00:00,18.92,19.03,18.77,18.89
2025-03-31 03:00:00,18.89,18.96,18.61,18.63
2025-03-31 04:00:00,18.64,18.81,18.51,18.75
2025-03-31 05:00:00,18.75,18.95,18.73,18.78
2025-03-31 06:00:00,18.78,18.83,18.61,18.67
2025-03-31 07:00:00,18.67,18.78,18.44,18.57
2025-03-31 08:00:00,18.56,18.73,18.4,18.43
2025-03-31 09:00:00,18.44,18.52,18.2,18.27
2025-03-31 10:00:00,18.28,18.63,18.18,18.59
2025-03-31 11:00:00,18.59,18.72,18.47,18.64
2025-03-31 12:00:00,18.64,19.04,18.51,18.87
2025-03-31 13:00:00,18.88,18.91,18.42,18.66
2025-03-31 14:00:00,18.66,19.02,18.66,18.96
2025-03-31 15:00:00,18.97,19.12,18.94,18.97
2025-03-31 16:00:00,18.98,19.06,18.82,18.84
2025-03-31 17:00:00,18.84,18.96,18.64,18.72
2025-03-31 18:00:00,18.73,18.97,18.71,18.83
2025-03-31 19:00:00,18.83,18.92,18.62,18.65
2025-03-31 20:00:00,18.65,18.85,18.64,18.7
2025-03-31 21:00:00,18.7,18.84,18.7,18.71
2025-03-31 22:00:00,18.71,18.74,18.6,18.74
2025-03-31 23:00:00,18.74,18.86,18.71,18.77
2025-04-01 00:00:00,18.78,18.92,18.74,18.84
2025-04-01 01:00:00,18.84,18.86,18.72,18.78
2025-04-01 02:00:00,18.77,19.09,18.76,19.08
2025-04-01 03:00:00,19.08,19.18,18.97,19.03
2025-04-01 04:00:00,19.04,19.08,18.96,19.06
2025-04-01 05:00:00,19.06,19.32,19.03,19.2
2025-04-01 06:00:00,19.2,19.54,19.16,19.39
2025-04-01 07:00:00,19.38,19.48,19.18,19.21
2025-04-01 08:00:00,19.21,19.58,19,19.57
2025-04-01 09:00:00,19.56,19.74,19.54,19.67
2025-04-01 10:00:00,19.67,19.7,19.47,19.48
2025-04-01 11:00:00,19.49,19.57,19.38,19.4
2025-04-01 12:00:00,19.4,19.51,19.3,19.36
2025-04-01 13:00:00,19.36,19.52,19.31,19.38
2025-04-01 14:00:00,19.37,19.54,18.97,19.47
2025-04-01 15:00:00,19.47,19.95,19.47,19.85
2025-04-01 16:00:00,19.85,19.95,19.65,19.67
2025-04-01 17:00:00,19.66,19.74,19.59,19.6
2025-04-01 18:00:00,19.61,19.61,19.34,19.43
2025-04-01 19:00:00,19.43,19.48,19.34,19.45
2025-04-01 20:00:00,19.45,19.54,19.32,19.52
2025-04-01 21:00:00,19.52,19.65,19.45,19.57
2025-04-01 22:00:00,19.58,19.77,19.56,19.66
2025-04-01 23:00:00,19.67,19.93,19.57,19.82
2025-04-02 00:00:00,19.83,19.84,19.47,19.5
2025-04-02 01:00:00,19.5,19.54,19.37,19.43
2025-04-02 02:00:00,19.44,19.47,19.13,19.24
2025-04-02 03:00:00,19.24,19.4,19.21,19.22
2025-04-02 04:00:00,19.22,19.28,19.12,19.17
2025-04-02 05:00:00,19.18,19.18,18.8,18.84
2025-04-02 06:00:00,18.84,19,18.8,18.86
2025-04-02 07:00:00,18.86,19.72,18.85,19.06
2025-04-02 08:00:00,19.06,19.31,18.92,19.26
2025-04-02 09:00:00,19.27,19.58,19.25,19.45
2025-04-02 10:00:00,19.46,19.53,19.3,19.31
2025-04-02 11:00:00,19.3,19.41,19.2,19.21
2025-04-02 12:00:00,19.21,19.26,19.03,19.26
2025-04-02 13:00:00,19.26,19.44,18.93,19.17
2025-04-02 14:00:00,19.16,19.31,19.08,19.29
2025-04-02 15:00:00,19.29,19.84,19.25,19.62
2025-04-02 16:00:00,19.62,19.85,19.6,19.73
2025-04-02 17:00:00,19.73,19.78,19.19,19.3
2025-04-02 18:00:00,19.29,19.48,19.21,19.39
2025-04-02 19:00:00,19.39,19.49,19.31,19.43
2025-04-02 20:00:00,19.43,19.9,19.01,19.33
2025-04-02 21:00:00,19.34,19.4,18.78,18.93
2025-04-02 22:00:00,18.92,18.92,17.84,17.89
2025-04-02 23:00:00,17.89,18.15,17.76,17.99
2025-04-03 00:00:00,17.98,18.35,17.88,18.34
2025-04-03 01:00:00,18.35,18.63,18.27,18.58
2025-04-03 02:00:00,18.57,18.86,18.52,18.84
2025-04-03 03:00:00,18.85,18.85,18.69,18.76
2025-04-03 04:00:00,18.77,18.99,18.64,18.95
2025-04-03 05:00:00,18.96,18.98,18.65,18.65
2025-04-03 06:00:00,18.66,18.73,18.39,18.43
2025-04-03 07:00:00,18.42,18.5,18.2,18.38
2025-04-03 08:00:00,18.37,18.51,18.35,18.44
2025-04-03 09:00:00,18.44,18.47,18.27,18.29
2025-04-03 10:00:00,18.29,18.37,18.03,18.04
2025-04-03 11:00:00,18.04,18.19,17.98,18.09
2025-04-03 12:00:00,18.09,18.15,17.62,17.62
2025-04-03 13:00:00,17.62,18.2,17.58,18.16
2025-04-03 14:00:00,18.16,18.16,17.75,17.76
2025-04-03 15:00:00,17.75,18.07,17.74,17.96
2025-04-03 16:00:00,17.96,18.1,17.83,17.88
2025-04-03 17:00:00,17.88,17.99,17.85,17.88
2025-04-03 18:00:00,17.88,18.27,17.85,18.13
2025-04-03 19:00:00,18.14,18.21,17.95,18
2025-04-03 20:00:00,18.01,18.13,17.86,18.07
2025-04-03 21:00:00,18.07,18.27,18.04,18.22
2025-04-03 22:00:00,18.22,18.25,18.06,18.12
2025-04-03 23:00:00,18.12,18.2,18.01,18.15
2025-04-04 00:00:00,18.16,18.28,18.05,18.07
2025-04-04 01:00:00,18.08,18.22,17.91,17.95
2025-04-04 02:00:00,17.96,18.21,17.96,18.14
2025-04-04 03:00:00,18.14,18.16,17.96,18.03
2025-04-04 04:00:00,18.03,18.14,17.97,18.04
2025-04-04 05:00:00,18.04,18.36,17.96,18.34
2025-04-04 06:00:00,18.34,18.49,18.34,18.37
2025-04-04 07:00:00,18.38,18.61,18.35,18.6
2025-04-04 08:00:00,18.6,18.77,18.55,18.61
2025-04-04 09:00:00,18.6,18.62,18.49,18.59
2025-04-04 10:00:00,18.58,18.6,17.88,17.92
2025-04-04 11:00:00,17.93,17.99,17.61,17.89
2025-04-04 12:00:00,17.89,18.14,17.81,18.11
2025-04-04 13:00:00,18.12,18.26,17.81,18.18
2025-04-04 14:00:00,18.17,18.22,17.86,18.05
2025-04-04 15:00:00,18.05,18.47,17.98,18
2025-04-04 16:00:00,18,18.12,17.73,17.91
2025-04-04 17:00:00,17.91,18.36,17.77,18.2
2025-04-04 18:00:00,18.21,18.25,17.98,18.02
2025-04-04 19:00:00,18.02,18.22,17.98,18.11
2025-04-04 20:00:00,18.11,18.27,18.02,18.19
2025-04-04 21:00:00,18.19,18.36,18.14,18.25
2025-04-04 22:00:00,18.25,18.34,18.16,18.18
2025-04-04 23:00:00,18.18,18.22,18.14,18.19
2025-04-05 00:00:00,18.18,18.28,18.09,18.26
2025-04-05 01:00:00,18.26,18.37,18.24,18.28
2025-04-05 02:00:00,18.29,18.3,18.17,18.2
2025-04-05 03:00:00,18.2,18.21,18.11,18.11
2025-04-05 04:00:00,18.12,18.2,18.05,18.06
2025-04-05 05:00:00,18.06,18.17,18.05,18.08
2025-04-05 06:00:00,18.09,18.18,18.05,18.13
2025-04-05 07:00:00,18.14,18.24,18.08,18.21
2025-04-05 08:00:00,18.2,18.25,18.13,18.2
2025-04-05 09:00:00,18.2,18.34,18.2,18.32
2025-04-05 10:00:00,18.32,18.35,18.24,18.27
2025-04-05 11:00:00,18.28,18.3,18.18,18.24
2025-04-05 12:00:00,18.24,18.3,18.05,18.1
2025-04-05 13:00:00,18.1,18.12,17.89,17.91
2025-04-05 14:00:00,17.91,18.02,17.89,17.97
2025-04-05 15:00:00,17.97,17.97,17.77,17.85
2025-04-05 16:00:00,17.84,17.94,17.82,17.87
2025-04-05 17:00:00,17.88,17.96,17.82,17.86
2025-04-05 18:00:00,17.87,17.97,17.84,17.96
2025-04-05 19:00:00,17.96,18,17.84,17.86
2025-04-05 20:00:00,17.87,17.91,17.69,17.82
2025-04-05 21:00:00,17.82,17.88,17.75,17.79
2025-04-05 22:00:00,17.79,17.87,17.71,17.87
2025-04-05 23:00:00,17.86,17.93,17.79,17.87
2025-04-06 00:00:00,17.88,17.92,17.78,17.79
2025-04-06 01:00:00,17.78,17.8,17.64,17.64
2025-04-06 02:00:00,17.64,17.67,17.39,17.42
2025-04-06 03:00:00,17.42,17.48,17.32,17.39
2025-04-06 04:00:00,17.4,17.44,17.29,17.41
2025-04-06 05:00:00,17.4,17.5,17.34,17.49
2025-04-06 06:00:00,17.49,17.51,17.24,17.25
2025-04-06 07:00:00,17.25,17.29,17.18,17.2
2025-04-06 08:00:00,17.2,17.36,17.15,17.35
2025-04-06 09:00:00,17.35,17.35,17.27,17.31
2025-04-06 10:00:00,17.31,17.31,17.19,17.22
2025-04-06 11:00:00,17.22,17.26,17.11,17.19
2025-04-06 12:00:00,17.19,17.22,17.06,17.09
2025-04-06 13:00:00,17.09,17.13,16.87,16.9
2025-04-06 14:00:00,16.9,17.17,16.84,17.17
2025-04-06 15:00:00,17.16,17.32,17.08,17.31
2025-04-06 16:00:00,17.31,17.33,17.1,17.13
2025-04-06 17:00:00,17.13,17.17,16.64,16.69
2025-04-06 18:00:00,16.68,16.71,16.14,16.32
2025-04-06 19:00:00,16.32,16.47,16.18,16.4
2025-04-06 20:00:00,16.39,16.47,15.95,16.03
2025-04-06 21:00:00,16.03,16.29,15.99,16.16
2025-04-06 22:00:00,16.16,16.37,15.97,15.99
2025-04-06 23:00:00,16,16.09,15.62,16.04
2025-04-07 00:00:00,16.05,16.09,15.76,15.96
2025-04-07 01:00:00,15.96,16.45,15.96,16.25
2025-04-07 02:00:00,16.25,16.3,16.02,16.07
2025-04-07 03:00:00,16.07,16.11,15.45,15.74
2025-04-07 04:00:00,15.75,15.92,15.62,15.89
2025-04-07 05:00:00,15.9,16.11,15.79,15.85
2025-04-07 06:00:00,15.85,16.01,14.66,14.82
2025-04-07 07:00:00,14.82,15.02,14.67,14.83
2025-04-07 08:00:00,14.83,15.46,14.72,15.32
2025-04-07 09:00:00,15.32,15.67,15.11,15.37
2025-04-07 10:00:00,15.37,15.79,15.34,15.55
2025-04-07 11:00:00,15.55,15.73,15.34,15.44
2025-04-07 12:00:00,15.45,15.95,15.36,15.85
2025-04-07 13:00:00,15.85,16.35,15.41,16.25
2025-04-07 14:00:00,16.24,17.2,16.11,16.52
2025-04-07 15:00:00,16.52,16.65,16.23,16.44
2025-04-07 16:00:00,16.43,16.51,16.14,16.16
2025-04-07 17:00:00,16.17,17.23,16.17,17.11
2025-04-07 18:00:00,17.12,17.13,16.75,16.76
2025-04-07 19:00:00,16.77,16.94,16.61,16.64
2025-04-07 20:00:00,16.65,16.98,16.62,16.89
2025-04-07 21:00:00,16.89,16.91,16.64,16.76
2025-04-07 22:00:00,16.77,16.93,16.75,16.92
2025-04-07 23:00:00,16.92,16.94,16.63,16.68
2025-04-08 00:00:00,16.69,16.96,16.68,16.74
2025-04-08 01:00:00,16.74,17.28,16.69,17.26
2025-04-08 02:00:00,17.26,17.34,17.04,17.11
2025-04-08 03:00:00,17.11,17.31,17.07,17.17
2025-04-08 04:00:00,17.17,17.45,17.14,17.4
2025-04-08 05:00:00,17.4,17.45,17.25,17.36
2025-04-08 06:00:00,17.35,17.36,17.07,17.1
2025-04-08 07:00:00,17.1,17.16,16.95,17.05
2025-04-08 08:00:00,17.04,17.07,16.88,16.98
2025-04-08 09:00:00,16.98,17.07,16.89,16.9
2025-04-08 10:00:00,16.9,17.06,16.84,16.95
2025-04-08 11:00:00,16.95,17.52,16.93,17.49
2025-04-08 12:00:00,17.49,17.61,17.24,17.33
2025-04-08 13:00:00,17.32,17.68,17.31,17.59
2025-04-08 14:00:00,17.58,17.74,17.19,17.22
2025-04-08 15:00:00,17.22,17.3,17.08,17.14
2025-04-08 16:00:00,17.14,17.19,16.6,16.67
2025-04-08 17:00:00,16.67,16.68,16.26,16.51
2025-04-08 18:00:00,16.5,16.55,16.29,16.34
2025-04-08 19:00:00,16.34,16.38,15.99,16.04
2025-04-08 20:00:00,16.04,16.29,15.94,16.18
2025-04-08 21:00:00,16.18,16.25,16,16.19
2025-04-08 22:00:00,16.19,16.2,15.94,16.1
2025-04-08 23:00:00,16.1,16.16,15.98,16.15
2025-04-09 00:00:00,16.16,16.27,16.03,16.11
2025-04-09 01:00:00,16.12,16.21,15.59,16.19
2025-04-09 02:00:00,16.19,16.4,16.04,16.06
2025-04-09 03:00:00,16.07,16.15,15.96,16.06
2025-04-09 04:00:00,16.05,16.46,16,16.36
2025-04-09 05:00:00,16.36,16.72,16.33,16.62
2025-04-09 06:00:00,16.61,16.76,16.53,16.55
2025-04-09 07:00:00,16.55,16.87,16.53,16.72
2025-04-09 08:00:00,16.72,16.79,16.59,16.63
2025-04-09 09:00:00,16.64,16.7,16.52,16.59
2025-04-09 10:00:00,16.6,16.61,16.31,16.53
2025-04-09 11:00:00,16.52,16.53,16.1,16.19
2025-04-09 12:00:00,16.2,16.3,15.96,16.18
2025-04-09 13:00:00,16.18,16.62,16.14,16.48
2025-04-09 14:00:00,16.48,16.8,16.37,16.64
2025-04-09 15:00:00,16.64,16.91,16.61,16.81
2025-04-09 16:00:00,16.82,17.39,16.74,17.36
2025-04-09 17:00:00,17.37,18.91,17.22,18.84
2025-04-09 18:00:00,18.83,18.91,18.21,18.22
2025-04-09 19:00:00,18.22,18.64,18.22,18.54
2025-04-09 20:00:00,18.54,18.63,18.41,18.62
2025-04-09 21:00:00,18.62,18.7,18.49,18.65
2025-04-09 22:00:00,18.65,18.7,18.53,18.55
2025-04-09 23:00:00,18.56,18.59,18.41,18.44
2025-04-10 00:00:00,18.44,18.45,18.19,18.3
2025-04-10 01:00:00,18.29,18.35,18.15,18.23
2025-04-10 02:00:00,18.23,18.32,18.15,18.18
2025-04-10 03:00:00,18.19,18.19,17.8,18.03
2025-04-10 04:00:00,18.03,18.17,17.94,18.17
2025-04-10 05:00:00,18.16,18.31,18.14,18.26
2025-04-10 06:00:00,18.26,18.36,18.14,18.28
2025-04-10 07:00:00,18.28,18.33,18.01,18.04
2025-04-10 08:00:00,18.05,18.12,17.96,18.07
2025-04-10 09:00:00,18.07,18.16,17.97,18.07
2025-04-10 10:00:00,18.08,18.09,17.9,17.97
2025-04-10 11:00:00,17.97,18.05,17.91,18.02
2025-04-10 12:00:00,18.02,18.39,17.95,18.14
2025-04-10 13:00:00,18.14,18.33,18.01,18.08
2025-04-10 14:00:00,18.09,18.37,17.99,18.21
2025-04-10 15:00:00,18.21,18.27,17.55,17.67
2025-04-10 16:00:00,17.67,17.96,17.59,17.94
2025-04-10 17:00:00,17.94,18.03,17.8,17.92
2025-04-10 18:00:00,17.92,18.26,17.91,18.16
2025-04-10 19:00:00,18.16,18.25,18.04,18.11
2025-04-10 20:00:00,18.1,18.43,18.1,18.36
2025-04-10 21:00:00,18.37,18.43,18.21,18.26
2025-04-10 22:00:00,18.26,18.35,18.18,18.19
2025-04-10 23:00:00,18.18,18.35,18.16,18.31
2025-04-11 00:00:00,18.31,18.61,18.31,18.39
2025-04-11 01:00:00,18.4,18.58,18.32,18.52
2025-04-11 02:00:00,18.52,18.67,18.44,18.47
2025-04-11 03:00:00,18.46,18.56,18.43,18.55
2025-04-11 04:00:00,18.55,18.6,18.44,18.53
2025-04-11 05:00:00,18.53,18.55,18.44,18.51
2025-04-11 06:00:00,18.52,18.66,18.49,18.61
2025-04-11 07:00:00,18.6,18.62,18.45,18.55
2025-04-11 08:00:00,18.55,18.68,18.44,18.49
2025-04-11 09:00:00,18.49,18.76,18.4,18.68
2025-04-11 10:00:00,18.68,18.99,18.56,18.85
2025-04-11 11:00:00,18.85,18.96,18.73,18.85
2025-04-11 12:00:00,18.85,19.2,18.77,19.2
2025-04-11 13:00:00,19.2,19.44,18.93,19.12
2025-04-11 14:00:00,19.11,19.54,18.96,19.45
2025-04-11 15:00:00,19.45,19.56,19.18,19.2
2025-04-11 16:00:00,19.2,19.35,19.11,19.29
2025-04-11 17:00:00,19.29,19.51,19.23,19.43
2025-04-11 18:00:00,19.43,19.57,19.22,19.24
2025-04-11 19:00:00,19.24,19.34,19.18,19.22
2025-04-11 20:00:00,19.22,19.28,19.18,19.24
2025-04-11 21:00:00,19.25,19.37,19.18,19.22
2025-04-11 22:00:00,19.22,19.26,19.11,19.13
2025-04-11 23:00:00,19.13,19.2,19.04,19.12
2025-04-12 00:00:00,19.13,19.17,19.03,19.05
2025-04-12 01:00:00,19.04,19.05,18.93,18.96
2025-04-12 02:00:00,18.95,19.01,18.84,18.85
2025-04-12 03:00:00,18.85,18.96,18.84,18.91
2025-04-12 04:00:00,18.92,19.16,18.86,19.14
2025-04-12 05:00:00,19.15,19.25,19.09,19.1
2025-04-12 06:00:00,19.11,19.31,19.08,19.11
2025-04-12 07:00:00,19.1,19.16,19.03,19.1
2025-04-12 08:00:00,19.11,19.26,19.06,19.08
2025-04-12 09:00:00,19.08,19.14,19.05,19.09
2025-04-12 10:00:00,19.08,19.17,18.95,19.03
2025-04-12 11:00:00,19.03,19.17,19.01,19.14
2025-04-12 12:00:00,19.13,19.27,19.1,19.18
2025-04-12 13:00:00,19.18,19.47,19.12,19.44
2025-04-12 14:00:00,19.45,20.06,19.42,19.93
2025-04-12 15:00:00,19.92,21.03,19.9,20.51
2025-04-12 16:00:00,20.51,20.84,20.28,20.39
2025-04-12 17:00:00,20.39,20.5,20.1,20.16
2025-04-12 18:00:00,20.15,20.49,20.15,20.42
2025-04-12 19:00:00,20.42,20.42,20.15,20.19
2025-04-12 20:00:00,20.19,20.48,20.16,20.32
2025-04-12 21:00:00,20.32,20.67,20.29,20.56
2025-04-12 22:00:00,20.56,20.67,20.42,20.45
2025-04-12 23:00:00,20.44,20.5,20.34,20.49
2025-04-13 00:00:00,20.5,20.68,20.36,20.56
2025-04-13 01:00:00,20.56,20.63,20.25,20.29
2025-04-13 02:00:00,20.29,20.42,20.19,20.4
2025-04-13 03:00:00,20.39,20.45,20.21,20.25
2025-04-13 04:00:00,20.24,20.28,20.05,20.12
2025-04-13 05:00:00,20.12,20.14,19.97,20.02
2025-04-13 06:00:00,20.02,20.07,19.94,19.99
2025-04-13 07:00:00,19.99,20.14,19.88,19.92
2025-04-13 08:00:00,19.92,20.1,19.9,20.09
2025-04-13 09:00:00,20.08,20.26,20.02,20.25
2025-04-13 10:00:00,20.25,20.28,20.07,20.13
2025-04-13 11:00:00,20.13,20.14,19.92,20
2025-04-13 12:00:00,20,20.03,19.83,19.85
2025-04-13 13:00:00,19.85,19.94,19.51,19.59
2025-04-13 14:00:00,19.59,19.76,19.54,19.75
2025-04-13 15:00:00,19.75,19.78,19.62,19.75
2025-04-13 16:00:00,19.75,20.03,19.71,19.98
2025-04-13 17:00:00,19.98,20.49,19.98,20.39
2025-04-13 18:00:00,20.39,20.52,20.26,20.26
2025-04-13 19:00:00,20.27,20.28,19.43,19.73
2025-04-13 20:00:00,19.74,19.97,19.51,19.55
2025-04-13 21:00:00,19.55,19.63,19.27,19.47
2025-04-13 22:00:00,19.48,19.59,19.37,19.46
2025-04-13 23:00:00,19.46,19.63,19.42,19.59
2025-04-14 00:00:00,19.6,20.13,19.55,19.86
2025-04-14 01:00:00,19.86,20.15,19.81,20.08
2025-04-14 02:00:00,20.09,20.6,20.03,20.19
2025-04-14 03:00:00,20.19,20.21,19.89,19.97
2025-04-14 04:00:00,19.97,20.29,19.96,20.21
2025-04-14 05:00:00,20.21,20.27,19.87,19.93
2025-04-14 06:00:00,19.93,19.99,19.81,19.97
2025-04-14 07:00:00,19.97,20.15,19.8,20.12
2025-04-14 08:00:00,20.13,20.4,20.11,20.14
2025-04-14 09:00:00,20.15,20.23,19.96,20.07
2025-04-14 10:00:00,20.07,20.52,20.07,20.48
2025-04-14 11:00:00,20.49,20.53,20.33,20.51
2025-04-14 12:00:00,20.51,20.68,20.37,20.55
2025-04-14 13:00:00,20.55,20.58,20.14,20.16
2025-04-14 14:00:00,20.16,20.55,20.16,20.38
2025-04-14 15:00:00,20.38,20.4,19.76,19.83
2025-04-14 16:00:00,19.83,20.1,19.72,19.96
2025-04-14 17:00:00,19.96,20.39,19.96,20.34
2025-04-14 18:00:00,20.35,20.52,20.33,20.4
2025-04-14 19:00:00,20.4,20.45,20.27,20.3
2025-04-14 20:00:00,20.3,20.38,20.18,20.34
2025-04-14 21:00:00,20.33,20.35,20.05,20.16
2025-04-14 22:00:00,20.17,20.23,20.08,20.17
2025-04-14 23:00:00,20.16,20.23,20.06,20.11
2025-04-15 00:00:00,20.12,20.21,20.05,20.16
2025-04-15 01:00:00,20.16,20.21,19.91,20.01
2025-04-15 02:00:00,20.01,20.09,19.85,20.06
2025-04-15 03:00:00,20.07,20.25,19.92,20.24
2025-04-15 04:00:00,20.23,20.28,20.09,20.12
2025-04-15 05:00:00,20.11,20.17,19.94,19.95
2025-04-15 06:00:00,19.94,20,19.81,19.92
2025-04-15 07:00:00,19.91,20.07,19.9,19.98
2025-04-15 08:00:00,19.98,20.05,19.9,19.93
2025-04-15 09:00:00,19.92,20.15,19.9,20.15
2025-04-15 10:00:00,20.14,20.16,19.85,19.9
2025-04-15 11:00:00,19.89,19.96,19.8,19.9
2025-04-15 12:00:00,19.91,20.02,19.88,20.02
2025-04-15 13:00:00,20.02,20.26,19.91,19.93
2025-04-15 14:00:00,19.93,20.01,19.54,19.76
2025-04-15 15:00:00,19.76,19.83,19.46,19.54
2025-04-15 16:00:00,19.54,19.64,19.48,19.5
2025-04-15 17:00:00,19.49,19.55,19.34,19.4
2025-04-15 18:00:00,19.41,19.58,19.33,19.53
2025-04-15 19:00:00,19.53,19.53,19.23,19.31
2025-04-15 20:00:00,19.31,19.44,19.17,19.26
2025-04-15 21:00:00,19.26,19.43,19.22,19.36
2025-04-15 22:00:00,19.36,19.36,18.99,19.03
2025-04-15 23:00:00,19.03,19.06,18.96,19.01
2025-04-16 00:00:00,19.01,19.03,18.67,18.78
2025-04-16 01:00:00,18.78,18.99,18.73,18.92
2025-04-16 02:00:00,18.93,18.98,18.84,18.94
2025-04-16 03:00:00,18.94,19.03,18.9,18.93
2025-04-16 04:00:00,18.93,18.94,18.74,18.83
2025-04-16 05:00:00,18.84,18.96,18.68,18.77
2025-04-16 06:00:00,18.78,18.87,18.73,18.82
2025-04-16 07:00:00,18.83,18.86,18.61,18.64
2025-04-16 08:00:00,18.65,18.96,18.56,18.86
2025-04-16 09:00:00,18.86,19,18.74,18.74
2025-04-16 10:00:00,18.75,18.93,18.73,18.87
2025-04-16 11:00:00,18.88,18.95,18.82,18.91
2025-04-16 12:00:00,18.91,19,18.8,18.81
2025-04-16 13:00:00,18.81,18.99,18.72,18.81
2025-04-16 14:00:00,18.81,19.17,18.8,19.03
2025-04-16 15:00:00,19.02,19.29,19.01,19.05
2025-04-16 16:00:00,19.05,19.13,18.87,19.05
2025-04-16 17:00:00,19.05,19.3,18.5,18.55
2025-04-16 18:00:00,18.55,18.98,18.51,18.77
2025-04-16 19:00:00,18.77,19.1,18.64,19
2025-04-16 20:00:00,19,19.1,18.8,18.83
2025-04-16 21:00:00,18.83,19.08,18.78,19.01
2025-04-16 22:00:00,19.01,19.02,18.85,18.89
2025-04-16 23:00:00,18.89,18.89,18.7,18.76
2025-04-17 00:00:00,18.75,18.83,18.69,18.83
2025-04-17 01:00:00,18.83,19,18.77,18.94
2025-04-17 02:00:00,18.94,18.95,18.82,18.95
2025-04-17 03:00:00,18.95,19,18.85,18.98
2025-04-17 04:00:00,18.97,19.11,18.94,19.07
2025-04-17 05:00:00,19.07,19.3,19.05,19.27
2025-04-17 06:00:00,19.28,19.46,19.25,19.35
2025-04-17 07:00:00,19.36,19.56,19.35,19.39
2025-04-17 08:00:00,19.39,19.48,19.23,19.24
2025-04-17 09:00:00,19.25,19.3,19.2,19.25
2025-04-17 10:00:00,19.24,19.28,19.14,19.23
2025-04-17 11:00:00,19.23,19.34,19.23,19.24
2025-04-17 12:00:00,19.23,19.4,19.21,19.4
2025-04-17 13:00:00,19.39,19.42,19.2,19.22
2025-04-17 14:00:00,19.22,19.23,18.81,18.95
2025-04-17 15:00:00,18.95,19.21,18.94,19.13
2025-04-17 16:00:00,19.13,19.54,19.08,19.4
2025-04-17 17:00:00,19.4,19.52,19.31,19.43
2025-04-17 18:00:00,19.43,19.49,19.26,19.26
2025-04-17 19:00:00,19.26,19.31,18.97,19.08
2025-04-17 20:00:00,19.08,19.21,19.07,19.16
2025-04-17 21:00:00,19.16,19.19,19.1,19.16
2025-04-17 22:00:00,19.16,19.19,18.92,18.92
2025-04-17 23:00:00,18.93,19.13,18.93,19.05
2025-04-18 00:00:00,19.06,19.11,18.9,18.94
2025-04-18 01:00:00,18.94,19.13,18.92,19.05
2025-04-18 02:00:00,19.06,19.12,18.96,19.05
2025-04-18 03:00:00,19.06,19.08,18.95,19.05
2025-04-18 04:00:00,19.06,19.1,18.95,19.06
2025-04-18 05:00:00,19.06,19.07,18.95,19.06
2025-04-18 06:00:00,19.06,19.09,18.97,19.05
2025-04-18 07:00:00,19.05,19.19,19,19.18
2025-04-18 08:00:00,19.18,19.34,19.17,19.21
2025-04-18 09:00:00,19.22,19.22,19.1,19.14
2025-04-18 10:00:00,19.14,19.2,18.99,19.03
2025-04-18 11:00:00,19.03,19.11,18.99,19.11
2025-04-18 12:00:00,19.1,19.17,19.04,19.13
2025-04-18 13:00:00,19.13,19.14,19.03,19.12
2025-04-18 14:00:00,19.11,19.16,18.95,19
2025-04-18 15:00:00,18.99,19.01,18.85,18.91
2025-04-18 16:00:00,18.9,18.96,18.88,18.95
2025-04-18 17:00:00,18.95,19.1,18.91,19.1
2025-04-18 18:00:00,19.1,19.15,19.07,19.12
2025-04-18 19:00:00,19.12,19.17,19.08,19.16
2025-04-18 20:00:00,19.16,19.19,19.09,19.15
2025-04-18 21:00:00,19.16,19.22,19.1,19.2
2025-04-18 22:00:00,19.21,19.25,19.17,19.19
2025-04-18 23:00:00,19.19,19.19,19.06,19.07
2025-04-19 00:00:00,19.07,19.13,19.03,19.08
2025-04-19 01:00:00,19.08,19.22,19.07,19.18
2025-04-19 02:00:00,19.18,19.31,19.16,19.29
2025-04-19 03:00:00,19.3,19.32,19.24,19.25
2025-04-19 04:00:00,19.26,19.33,19.24,19.28
2025-04-19 05:00:00,19.29,19.34,19.24,19.29
2025-04-19 06:00:00,19.29,19.31,19.17,19.28
2025-04-19 07:00:00,19.27,19.55,19.27,19.47
2025-04-19 08:00:00,19.48,19.55,19.44,19.51
2025-04-19 09:00:00,19.52,19.73,19.51,19.55
2025-04-19 10:00:00,19.55,19.62,19.49,19.53
2025-04-19 11:00:00,19.53,19.59,19.46,19.5
2025-04-19 12:00:00,19.5,19.66,19.49,19.63
2025-04-19 13:00:00,19.63,19.7,19.61,19.65
2025-04-19 14:00:00,19.65,19.7,19.61,19.68
2025-04-19 15:00:00,19.68,19.82,19.64,19.69
2025-04-19 16:00:00,19.69,19.79,19.63,19.67
2025-04-19 17:00:00,19.68,19.99,19.65,19.96
2025-04-19 18:00:00,19.96,20.11,19.92,19.97
2025-04-19 19:00:00,19.97,20.09,19.94,20.03
2025-04-19 20:00:00,20.03,20.28,20.02,20.27
2025-04-19 21:00:00,20.27,20.36,20.19,20.21
2025-04-19 22:00:00,20.22,20.22,19.95,20.05
2025-04-19 23:00:00,20.06,20.08,19.87,19.89
2025-04-20 00:00:00,19.89,20.04,19.88,19.92
2025-04-20 01:00:00,19.93,20.02,19.89,20
2025-04-20 02:00:00,20.01,20.02,19.92,19.93
2025-04-20 03:00:00,19.92,19.96,19.81,19.88
2025-04-20 04:00:00,19.88,19.97,19.81,19.92
2025-04-20 05:00:00,19.92,20,19.87,19.9
2025-04-20 06:00:00,19.89,19.92,19.7,19.73
2025-04-20 07:00:00,19.73,19.73,19.56,19.65
2025-04-20 08:00:00,19.64,19.71,19.6,19.62
2025-04-20 09:00:00,19.63,19.71,19.6,19.64
2025-04-20 10:00:00,19.64,19.65,19.32,19.38
2025-04-20 11:00:00,19.37,19.45,19.23,19.31
2025-04-20 12:00:00,19.31,19.44,19.27,19.38
2025-04-20 13:00:00,19.39,19.41,19.31,19.38
2025-04-20 14:00:00,19.37,19.54,19.35,19.5
2025-04-20 15:00:00,19.5,19.55,19.35,19.38
2025-04-20 16:00:00,19.39,19.53,19.31,19.52
2025-04-20 17:00:00,19.53,19.53,19.37,19.45
2025-04-20 18:00:00,19.45,19.5,19.39,19.46
2025-04-20 19:00:00,19.45,19.56,19.38,19.56
2025-04-20 20:00:00,19.56,19.74,19.52,19.58
2025-04-20 21:00:00,19.57,19.59,19.46,19.52
2025-04-20 22:00:00,19.51,19.52,19.31,19.39
2025-04-20 23:00:00,19.38,19.53,19.38,19.51
2025-04-21 00:00:00,19.51,20.15,19.51,19.91
2025-04-21 01:00:00,19.91,20.12,19.91,20.01
2025-04-21 02:00:00,20.01,20.12,19.85,19.99
2025-04-21 03:00:00,20,20.06,19.97,19.99
2025-04-21 04:00:00,20,20.05,19.85,20.03
2025-04-21 05:00:00,20.03,20.3,19.95,20.21
2025-04-21 06:00:00,20.21,20.5,20.21,20.38
2025-04-21 07:00:00,20.38,20.65,20.32,20.61
2025-04-21 08:00:00,20.62,20.95,20.62,20.72
2025-04-21 09:00:00,20.72,20.79,20.55,20.64
2025-04-21 10:00:00,20.65,20.68,20.48,20.67
2025-04-21 11:00:00,20.67,20.7,20.4,20.53
2025-04-21 12:00:00,20.53,20.63,20.48,20.49
2025-04-21 13:00:00,20.49,20.52,20.32,20.32
2025-04-21 14:00:00,20.31,20.65,20.25,20.58
2025-04-21 15:00:00,20.57,20.68,20.49,20.54
2025-04-21 16:00:00,20.54,20.68,20.08,20.1
2025-04-21 17:00:00,20.1,20.18,19.8,20.05
2025-04-21 18:00:00,20.05,20.11,19.98,19.99
2025-04-21 19:00:00,19.99,20.15,19.97,20.09
2025-04-21 20:00:00,20.08,20.11,20,20.03
2025-04-21 21:00:00,20.03,20.03,19.86,19.96
2025-04-21 22:00:00,19.95,19.95,19.8,19.81
2025-04-21 23:00:00,19.8,19.95,19.7,19.92
2025-04-22 00:00:00,19.92,19.93,19.44,19.65
2025-04-22 01:00:00,19.65,20.12,19.61,20.11
2025-04-22 02:00:00,20.11,20.21,19.86,19.94
2025-04-22 03:00:00,19.94,19.98,19.82,19.9
2025-04-22 04:00:00,19.91,19.97,19.77,19.77
2025-04-22 05:00:00,19.78,19.89,19.74,19.88
2025-04-22 06:00:00,19.88,19.99,19.59,19.73
2025-04-22 07:00:00,19.73,20.3,19.66,20.29
2025-04-22 08:00:00,20.28,20.44,20.2,20.25
2025-04-22 09:00:00,20.25,20.27,20.11,20.21
2025-04-22 10:00:00,20.2,20.39,20.02,20.38
2025-04-22 11:00:00,20.38,20.45,20.34,20.39
2025-04-22 12:00:00,20.4,20.53,20.35,20.48
2025-04-22 13:00:00,20.49,20.79,20.45,20.62
2025-04-22 14:00:00,20.63,21.45,20.53,21.36
2025-04-22 15:00:00,21.35,22,21.34,21.62
2025-04-22 16:00:00,21.63,21.8,21.49,21.56
2025-04-22 17:00:00,21.56,21.72,21.52,21.65
2025-04-22 18:00:00,21.65,21.79,21.61,21.69
2025-04-22 19:00:00,21.7,21.73,21.33,21.56
2025-04-22 20:00:00,21.56,21.65,21.53,21.56
2025-04-22 21:00:00,21.56,22.23,21.54,21.99
2025-04-22 22:00:00,22,22.15,21.89,22.12
2025-04-22 23:00:00,22.13,22.3,22.02,22.11
2025-04-23 00:00:00,22.11,22.21,21.89,21.95
2025-04-23 01:00:00,21.95,22.3,21.93,22.2
2025-04-23 02:00:00,22.19,22.59,22.12,22.42
2025-04-23 03:00:00,22.43,22.49,22.17,22.46
2025-04-23 04:00:00,22.46,22.82,22.37,22.79
2025-04-23 05:00:00,22.79,22.88,22.6,22.6
2025-04-23 06:00:00,22.6,22.79,22.52,22.67
2025-04-23 07:00:00,22.66,22.89,22.53,22.88
2025-04-23 08:00:00,22.88,22.96,22.73,22.92
2025-04-23 09:00:00,22.93,23.08,22.83,22.83
2025-04-23 10:00:00,22.84,22.9,22.55,22.89
2025-04-23 11:00:00,22.89,22.98,22.64,22.7
2025-04-23 12:00:00,22.7,22.87,22.67,22.78
2025-04-23 13:00:00,22.78,23.05,22.18,22.25
2025-04-23 14:00:00,22.25,22.57,22.21,22.35
2025-04-23 15:00:00,22.35,22.45,21.88,22.27
2025-04-23 16:00:00,22.27,22.34,22.05,22.26
2025-04-23 17:00:00,22.25,22.48,22.2,22.36
2025-04-23 18:00:00,22.36,22.64,22.32,22.33
2025-04-23 19:00:00,22.32,22.37,22.06,22.23
2025-04-23 20:00:00,22.23,22.48,22.22,22.36
2025-04-23 21:00:00,22.36,22.49,22.26,22.34
2025-04-23 22:00:00,22.34,22.57,22.3,22.53
2025-04-23 23:00:00,22.53,22.55,22.27,22.33
2025-04-24 00:00:00,22.34,22.46,22.17,22.26
2025-04-24 01:00:00,22.26,22.34,22.05,22.28
2025-04-24 02:00:00,22.28,22.35,21.97,21.99
2025-04-24 03:00:00,21.99,22.19,21.83,21.86
2025-04-24 04:00:00,21.86,22.02,21.79,22
2025-04-24 05:00:00,21.99,22.08,21.9,22
2025-04-24 06:00:00,22,22.19,21.94,21.99
2025-04-24 07:00:00,21.99,22.14,21.82,21.89
2025-04-24 08:00:00,21.89,21.98,21.61,21.73
2025-04-24 09:00:00,21.73,22,21.71,22
2025-04-24 10:00:00,21.99,22.03,21.83,21.95
2025-04-24 11:00:00,21.96,22.06,21.86,22.05
2025-04-24 12:00:00,22.06,22.11,21.9,22.11
2025-04-24 13:00:00,22.11,22.18,21.92,22.01
2025-04-24 14:00:00,22,22.39,21.99,22.28
2025-04-24 15:00:00,22.27,22.64,22.2,22.34
2025-04-24 16:00:00,22.33,22.5,22.18,22.34
2025-04-24 17:00:00,22.34,22.39,21.95,22.13
2025-04-24 18:00:00,22.12,22.35,22.11,22.3
2025-04-24 19:00:00,22.3,22.32,22.13,22.24
2025-04-24 20:00:00,22.24,22.33,22.21,22.22
2025-04-24 21:00:00,22.22,22.3,22.03,22.19
2025-04-24 22:00:00,22.2,22.33,22.13,22.22
2025-04-24 23:00:00,22.22,22.44,22.16,22.37
2025-04-25 00:00:00,22.38,22.46,22.24,22.34
2025-04-25 01:00:00,22.34,22.55,22.22,22.23
2025-04-25 02:00:00,22.23,22.29,21.77,21.86
2025-04-25 03:00:00,21.86,22.09,21.78,22.08
2025-04-25 04:00:00,22.09,22.17,21.96,22.02
2025-04-25 05:00:00,22.03,22.21,22,22.14
2025-04-25 06:00:00,22.14,22.48,22.09,22.42
2025-04-25 07:00:00,22.43,22.54,22.24,22.34
2025-04-25 08:00:00,22.33,22.48,22.2,22.46
2025-04-25 09:00:00,22.45,22.57,22.33,22.54
2025-04-25 10:00:00,22.53,22.57,22.19,22.23
2025-04-25 11:00:00,22.24,22.6,22.23,22.56
2025-04-25 12:00:00,22.56,22.73,22.34,22.36
2025-04-25 13:00:00,22.37,22.45,22.11,22.22
2025-04-25 14:00:00,22.21,22.86,22.2,22.76
2025-04-25 15:00:00,22.77,22.87,22.5,22.58
2025-04-25 16:00:00,22.58,22.69,22.31,22.66
2025-04-25 17:00:00,22.65,22.78,22.31,22.35
2025-04-25 18:00:00,22.35,22.59,22.34,22.4
2025-04-25 19:00:00,22.4,22.45,22.2,22.31
2025-04-25 20:00:00,22.31,22.41,22.25,22.37
2025-04-25 21:00:00,22.37,22.51,22.14,22.18
2025-04-25 22:00:00,22.18,22.38,22.17,22.3
2025-04-25 23:00:00,22.31,22.32,22.14,22.17
2025-04-26 00:00:00,22.17,22.42,22.17,22.41
2025-04-26 01:00:00,22.41,22.91,22.32,22.9
2025-04-26 02:00:00,22.89,22.99,22.73,22.79
2025-04-26 03:00:00,22.8,22.82,22.58,22.64
2025-04-26 04:00:00,22.64,22.7,22.36,22.37
2025-04-26 05:00:00,22.36,22.47,22.3,22.39
2025-04-26 06:00:00,22.39,22.58,22.37,22.53
2025-04-26 07:00:00,22.52,22.66,22.45,22.45
2025-04-26 08:00:00,22.45,22.78,22.39,22.44
2025-04-26 09:00:00,22.44,22.46,22.07,22.17
2025-04-26 10:00:00,22.18,22.31,22.12,22.24
2025-04-26 11:00:00,22.25,22.26,21.86,21.95
2025-04-26 12:00:00,21.95,22.05,21.84,21.85
2025-04-26 13:00:00,21.85,21.96,21.72,21.88
2025-04-26 14:00:00,21.88,22.03,21.77,21.91
2025-04-26 15:00:00,21.92,22.09,21.91,22.03
2025-04-26 16:00:00,22.02,22.03,21.83,21.96
2025-04-26 17:00:00,21.95,22.04,21.93,22.01
2025-04-26 18:00:00,22,22.08,21.95,21.98
2025-04-26 19:00:00,21.99,22.14,21.97,22.13
2025-04-26 20:00:00,22.13,22.27,22.08,22.09
2025-04-26 21:00:00,22.09,22.31,22.09,22.17
2025-04-26 22:00:00,22.17,22.37,22.17,22.32
2025-04-26 23:00:00,22.32,22.44,22.3,22.42
2025-04-27 00:00:00,22.41,22.76,22.38,22.74
2025-04-27 01:00:00,22.74,22.8,22.13,22.16
2025-04-27 02:00:00,22.16,22.39,22.05,22.18
2025-04-27 03:00:00,22.18,22.38,22.14,22.37
2025-04-27 04:00:00,22.38,22.55,22.16,22.21
2025-04-27 05:00:00,22.21,22.27,22.02,22.18
2025-04-27 06:00:00,22.18,22.29,22.11,22.25
2025-04-27 07:00:00,22.25,22.34,22.1,22.27
2025-04-27 08:00:00,22.28,22.47,22.23,22.4
2025-04-27 09:00:00,22.4,22.48,22.31,22.43
2025-04-27 10:00:00,22.43,22.46,22.24,22.29
2025-04-27 11:00:00,22.29,22.3,22.06,22.06
2025-04-27 12:00:00,22.07,22.32,21.92,22.08
2025-04-27 13:00:00,22.09,22.16,21.92,22.13
2025-04-27 14:00:00,22.13,22.16,21.94,21.95
2025-04-27 15:00:00,21.94,21.95,21.79,21.89
2025-04-27 16:00:00,21.88,21.9,21.67,21.73
2025-04-27 17:00:00,21.72,21.87,21.65,21.8
2025-04-27 18:00:00,21.8,21.98,21.74,21.91
2025-04-27 19:00:00,21.92,22.15,21.9,22.12
2025-04-27 20:00:00,22.13,22.15,21.93,22.03
2025-04-27 21:00:00,22.03,22.14,21.96,22.05
2025-04-27 22:00:00,22.05,22.06,21.79,21.88
2025-04-27 23:00:00,21.88,21.88,21.71,21.71
2025-04-28 00:00:00,21.72,21.75,21.35,21.52
2025-04-28 01:00:00,21.51,21.59,21.02,21.16
2025-04-28 02:00:00,21.15,21.45,21.08,21.42
2025-04-28 03:00:00,21.42,21.83,21.37,21.73
2025-04-28 04:00:00,21.74,22.06,21.74,21.96
2025-04-28 05:00:00,21.95,22.02,21.78,21.92
2025-04-28 06:00:00,21.93,22.26,21.92,22.21
2025-04-28 07:00:00,22.21,22.36,22.15,22.3
2025-04-28 08:00:00,22.31,22.43,22.23,22.24
2025-04-28 09:00:00,22.25,22.31,22.12,22.15
2025-04-28 10:00:00,22.14,22.33,21.96,22.2
2025-04-28 11:00:00,22.21,22.41,22.13,22.27
2025-04-28 12:00:00,22.28,22.31,22,22
2025-04-28 13:00:00,22.01,22.07,21.63,21.65
2025-04-28 14:00:00,21.66,22,21.57,21.73
2025-04-28 15:00:00,21.74,21.81,21.27,21.45
2025-04-28 16:00:00,21.44,21.59,21.28,21.51
2025-04-28 17:00:00,21.51,21.8,21.45,21.79
2025-04-28 18:00:00,21.78,21.88,21.65,21.84
2025-04-28 19:00:00,21.84,22.09,21.81,22
2025-04-28 20:00:00,21.99,22.02,21.81,21.87
2025-04-28 21:00:00,21.87,21.9,21.74,21.81
2025-04-28 22:00:00,21.81,21.9,21.71,21.85
2025-04-28 23:00:00,21.85,21.95,21.77,21.84
2025-04-29 00:00:00,21.84,21.99,21.78,21.91
2025-04-29 01:00:00,21.91,22.09,21.84,21.9
2025-04-29 02:00:00,21.9,21.92,21.65,21.73
2025-04-29 03:00:00,21.74,21.89,21.69,21.85
2025-04-29 04:00:00,21.86,21.95,21.64,21.68
2025-04-29 05:00:00,21.68,21.81,21.65,21.78
2025-04-29 06:00:00,21.77,22.21,21.77,22.07
2025-04-29 07:00:00,22.06,22.18,22,22.18
2025-04-29 08:00:00,22.18,22.3,22.08,22.2
2025-04-29 09:00:00,22.19,22.28,22.11,22.19
2025-04-29 10:00:00,22.19,22.3,21.95,22
2025-04-29 11:00:00,22.01,22.23,21.99,22.13
2025-04-29 12:00:00,22.13,22.16,21.94,22.01
2025-04-29 13:00:00,22.01,22.1,21.83,22.04
2025-04-29 14:00:00,22.04,22.22,21.98,22.14
2025-04-29 15:00:00,22.15,22.16,21.9,22
2025-04-29 16:00:00,22,22.24,21.96,22.08
2025-04-29 17:00:00,22.09,22.21,21.96,22.11
2025-04-29 18:00:00,22.12,22.17,22.05,22.07
2025-04-29 19:00:00,22.07,22.12,21.84,21.86
2025-04-29 20:00:00,21.86,21.92,21.7,21.79
2025-04-29 21:00:00,21.78,21.79,21.46,21.66
2025-04-29 22:00:00,21.65,21.66,21.43,21.49
2025-04-29 23:00:00,21.5,21.57,21.27,21.57
2025-04-30 00:00:00,21.56,21.8,21.48,21.73
2025-04-30 01:00:00,21.73,21.85,21.61,21.81
2025-04-30 02:00:00,21.81,21.9,21.73,21.82
2025-04-30 03:00:00,21.82,21.94,21.74,21.86
2025-04-30 04:00:00,21.86,21.89,21.75,21.87
2025-04-30 05:00:00,21.88,21.88,21.62,21.64
2025-04-30 06:00:00,21.65,21.75,21.61,21.62
2025-04-30 07:00:00,21.61,21.64,21.46,21.58
2025-04-30 08:00:00,21.58,21.65,21.46,21.48
2025-04-30 09:00:00,21.48,21.71,21.45,21.64
2025-04-30 10:00:00,21.64,21.71,21.55,21.68
2025-04-30 11:00:00,21.68,21.73,21.62,21.64
2025-04-30 12:00:00,21.64,21.66,21.04,21.21
2025-04-30 13:00:00,21.21,21.22,20.48,20.53
2025-04-30 14:00:00,20.52,20.95,20.36,20.86
2025-04-30 15:00:00,20.85,21.04,20.83,20.92
2025-04-30 16:00:00,20.93,20.93,20.7,20.88
2025-04-30 17:00:00,20.87,21.03,20.72,20.97
2025-04-30 18:00:00,20.97,21.21,20.88,20.89
2025-04-30 19:00:00,20.89,21.04,20.8,20.94
2025-04-30 20:00:00,20.94,21.22,20.92,21.08
2025-04-30 21:00:00,21.07,21.17,20.97,21.01
2025-04-30 22:00:00,21.01,21.14,20.82,20.89
2025-04-30 23:00:00,20.89,21.01,20.85,20.92
2025-05-01 00:00:00,20.91,21.06,20.88,21.01
2025-05-01 01:00:00,21.02,21.25,21.01,21.15
2025-05-01 02:00:00,21.16,21.31,21.05,21.07
2025-05-01 03:00:00,21.07,21.14,20.93,20.95
2025-05-01 04:00:00,20.95,20.98,20.81,20.94
2025-05-01 05:00:00,20.94,21.23,20.94,21.16
2025-05-01 06:00:00,21.16,21.17,21,21.05
2025-05-01 07:00:00,21.05,21.26,21.01,21.22
2025-05-01 08:00:00,21.22,21.36,21.2,21.32
2025-05-01 09:00:00,21.33,21.4,21.25,21.33
2025-05-01 10:00:00,21.33,21.57,21.31,21.55
2025-05-01 11:00:00,21.55,21.59,21.39,21.47
2025-05-01 12:00:00,21.48,21.52,21.37,21.42
2025-05-01 13:00:00,21.41,21.48,21.12,21.13
2025-05-01 14:00:00,21.13,21.4,21.12,21.39
2025-05-01 15:00:00,21.4,21.54,21.3,21.35
2025-05-01 16:00:00,21.35,21.58,21.35,21.46
2025-05-01 17:00:00,21.45,21.54,21.29,21.36
2025-05-01 18:00:00,21.37,21.85,21.24,21.81
2025-05-01 19:00:00,21.81,21.87,21.65,21.76
2025-05-01 20:00:00,21.77,21.84,21.62,21.65
2025-05-01 21:00:00,21.65,21.73,21.52,21.63
2025-05-01 22:00:00,21.63,21.73,21.57,21.61
2025-05-01 23:00:00,21.61,21.71,21.55,21.64
2025-05-02 00:00:00,21.64,21.99,21.61,21.96
2025-05-02 01:00:00,21.96,22.02,21.8,21.88
2025-05-02 02:00:00,21.87,22.02,21.81,22.01
2025-05-02 03:00:00,22.01,22.19,21.97,21.98
2025-05-02 04:00:00,21.98,22.09,21.79,21.83
2025-05-02 05:00:00,21.82,21.87,21.65,21.68
2025-05-02 06:00:00,21.68,21.7,21.53,21.56
2025-05-02 07:00:00,21.55,21.57,21.27,21.27
2025-05-02 08:00:00,21.28,21.41,21.14,21.41
2025-05-02 09:00:00,21.4,21.46,21.33,21.33
2025-05-02 10:00:00,21.34,21.45,21.33,21.37
2025-05-02 11:00:00,21.37,21.43,21.29,21.31
2025-05-02 12:00:00,21.3,21.46,21.13,21.46
2025-05-02 13:00:00,21.46,21.48,21.17,21.26
2025-05-02 14:00:00,21.26,21.62,21.23,21.62
2025-05-02 15:00:00,21.63,21.67,21.32,21.42
2025-05-02 16:00:00,21.42,21.67,21.42,21.49
2025-05-02 17:00:00,21.49,21.5,21.34,21.39
2025-05-02 18:00:00,21.39,21.41,21.16,21.19
2025-05-02 19:00:00,21.19,21.19,20.97,21.04
2025-05-02 20:00:00,21.04,21.18,20.97,21.15
2025-05-02 21:00:00,21.15,21.16,20.98,21.12
2025-05-02 22:00:00,21.12,21.42,21.1,21.22
2025-05-02 23:00:00,21.22,21.29,21.18,21.25
2025-05-03 00:00:00,21.26,21.28,21.13,21.18
2025-05-03 01:00:00,21.18,21.2,21.05,21.1
2025-05-03 02:00:00,21.1,21.16,21.06,21.12
2025-05-03 03:00:00,21.13,21.16,21.06,21.09
2025-05-03 04:00:00,21.09,21.14,21.06,21.14
2025-05-03 05:00:00,21.13,21.19,21.04,21.05
2025-05-03 06:00:00,21.05,21.05,20.9,20.95
2025-05-03 07:00:00,20.95,20.98,20.87,20.93
2025-05-03 08:00:00,20.92,21.13,20.85,21
2025-05-03 09:00:00,21,21.01,20.86,20.9
2025-05-03 10:00:00,20.9,20.93,20.61,20.69
2025-05-03 11:00:00,20.69,20.77,20.62,20.7
2025-05-03 12:00:00,20.7,20.83,20.67,20.82
2025-05-03 13:00:00,20.82,20.9,20.81,20.85
2025-05-03 14:00:00,20.85,20.95,20.81,20.91
2025-05-03 15:00:00,20.92,21,20.84,20.87
2025-05-03 16:00:00,20.87,20.88,20.66,20.74
2025-05-03 17:00:00,20.74,20.74,20.49,20.7
2025-05-03 18:00:00,20.7,20.8,20.63,20.66
2025-05-03 19:00:00,20.66,20.89,20.63,20.84
2025-05-03 20:00:00,20.85,20.88,20.77,20.8
2025-05-03 21:00:00,20.81,20.86,20.71,20.75
2025-05-03 22:00:00,20.75,20.75,20.63,20.66
2025-05-03 23:00:00,20.66,20.67,20.51,20.52
2025-05-04 00:00:00,20.53,20.63,20.42,20.46
2025-05-04 01:00:00,20.46,20.56,20.3,20.48
2025-05-04 02:00:00,20.48,20.62,20.33,20.37
2025-05-04 03:00:00,20.38,20.38,20.22,20.25
2025-05-04 04:00:00,20.25,20.38,20.23,20.29
2025-05-04 05:00:00,20.28,20.44,20.26,20.37
2025-05-04 06:00:00,20.37,20.41,20.17,20.28
2025-05-04 07:00:00,20.29,20.3,20.12,20.22
2025-05-04 08:00:00,20.23,20.23,20.08,20.12
2025-05-04 09:00:00,20.12,20.15,20.03,20.06
2025-05-04 10:00:00,20.05,20.16,20.01,20.06
2025-05-04 11:00:00,20.05,20.15,20.02,20.08
2025-05-04 12:00:00,20.08,20.21,20.07,20.12
2025-05-04 13:00:00,20.12,20.15,19.79,19.91
2025-05-04 14:00:00,19.91,20.06,19.86,20.03
2025-05-04 15:00:00,20.03,20.07,19.9,20
2025-05-04 16:00:00,20.01,20.04,19.88,19.94
2025-05-04 17:00:00,19.94,20.05,19.89,20
2025-05-04 18:00:00,20.01,20.08,19.97,20
2025-05-04 19:00:00,20,20.06,19.94,20.01
2025-05-04 20:00:00,20.01,20.17,20,20.16
2025-05-04 21:00:00,20.16,20.2,20.08,20.19
2025-05-04 22:00:00,20.18,20.18,19.9,20.01
2025-05-04 23:00:00,20,20.03,19.76,19.91
2025-05-05 00:00:00,19.91,20.06,19.87,20.02
2025-05-05 01:00:00,20.02,20.03,19.67,19.89
2025-05-05 02:00:00,19.88,20.24,19.82,20.17
2025-05-05 03:00:00,20.18,20.21,19.94,19.95
2025-05-05 04:00:00,19.95,20.08,19.88,20.07
2025-05-05 05:00:00,20.07,20.21,20.03,20.2
2025-05-05 06:00:00,20.2,20.24,20.01,20.02
2025-05-05 07:00:00,20.01,20.04,19.87,20.03
2025-05-05 08:00:00,20.04,20.07,19.88,19.93
2025-05-05 09:00:00,19.94,20,19.89,19.89
2025-05-05 10:00:00,19.89,19.91,19.52,19.71
2025-05-05 11:00:00,19.7,19.74,19.46,19.48
2025-05-05 12:00:00,19.47,19.61,19.39,19.53
2025-05-05 13:00:00,19.52,19.63,19.43,19.59
2025-05-05 14:00:00,19.59,19.68,19.43,19.5
2025-05-05 15:00:00,19.49,19.54,19.3,19.37
2025-05-05 16:00:00,19.37,19.58,19.35,19.52
2025-05-05 17:00:00,19.51,19.69,19.46,19.67
2025-05-05 18:00:00,19.67,19.85,19.64,19.77
2025-05-05 19:00:00,19.77,19.83,19.59,19.62
2025-05-05 20:00:00,19.62,19.62,19.39,19.52
2025-05-05 21:00:00,19.52,19.74,19.51,19.71
2025-05-05 22:00:00,19.7,19.87,19.7,19.8
2025-05-05 23:00:00,19.79,19.82,19.66,19.69
2025-05-06 00:00:00,19.69,19.72,19.57,19.64
2025-05-06 01:00:00,19.64,19.77,19.56,19.57
2025-05-06 02:00:00,19.57,19.65,19.43,19.65
2025-05-06 03:00:00,19.65,19.77,19.57,19.76
2025-05-06 04:00:00,19.76,19.83,19.72,19.82
2025-05-06 05:00:00,19.83,19.85,19.69,19.73
2025-05-06 06:00:00,19.73,19.83,19.73,19.83
2025-05-06 07:00:00,19.83,19.88,19.7,19.78
2025-05-06 08:00:00,19.78,19.79,19.5,19.77
2025-05-06 09:00:00,19.77,19.78,19.6,19.7
2025-05-06 10:00:00,19.71,19.71,19.45,19.48
2025-05-06 11:00:00,19.49,19.57,19.27,19.41
2025-05-06 12:00:00,19.41,19.62,19.38,19.59
2025-05-06 13:00:00,19.58,19.59,19.3,19.43
2025-05-06 14:00:00,19.43,19.77,19.43,19.62
2025-05-06 15:00:00,19.63,19.8,19.51,19.65
2025-05-06 16:00:00,19.66,19.76,19.5,19.51
2025-05-06 17:00:00,19.51,19.75,19.5,19.61
2025-05-06 18:00:00,19.62,19.85,19.59,19.85
2025-05-06 19:00:00,19.84,19.95,19.79,19.82
2025-05-06 20:00:00,19.83,19.91,19.52,19.6
2025-05-06 21:00:00,19.61,19.71,19.38,19.57
2025-05-06 22:00:00,19.56,20.03,19.56,19.99
2025-05-06 23:00:00,19.99,20.13,19.84,20.01
2025-05-07 00:00:00,20.01,20.24,19.95,20.14
2025-05-07 01:00:00,20.14,20.25,20.01,20.04
2025-05-07 02:00:00,20.05,20.06,19.81,19.84
2025-05-07 03:00:00,19.84,19.97,19.75,19.94
2025-05-07 04:00:00,19.94,20.01,19.84,19.89
2025-05-07 05:00:00,19.89,19.91,19.73,19.75
2025-05-07 06:00:00,19.74,19.83,19.65,19.77
2025-05-07 07:00:00,19.77,19.93,19.75,19.93
2025-05-07 08:00:00,19.93,20,19.84,19.96
2025-05-07 09:00:00,19.95,20.01,19.87,19.89
2025-05-07 10:00:00,19.9,19.9,19.74,19.78
2025-05-07 11:00:00,19.79,19.82,19.71,19.78
2025-05-07 12:00:00,19.77,19.8,19.54,19.6
2025-05-07 13:00:00,19.6,19.64,19.45,19.53
2025-05-07 14:00:00,19.54,19.65,19.39,19.45
2025-05-07 15:00:00,19.46,19.46,19.26,19.32
2025-05-07 16:00:00,19.32,19.32,19.09,19.23
2025-05-07 17:00:00,19.23,19.29,19.1,19.18
2025-05-07 18:00:00,19.19,19.46,19.09,19.3
2025-05-07 19:00:00,19.3,19.36,19.1,19.25
2025-05-07 20:00:00,19.25,19.37,19.19,19.36
2025-05-07 21:00:00,19.36,19.5,19.32,19.42
2025-05-07 22:00:00,19.43,19.68,19.4,19.58
2025-05-07 23:00:00,19.58,19.71,19.5,19.55
2025-05-08 00:00:00,19.55,19.74,19.49,19.71
2025-05-08 01:00:00,19.7,19.96,19.7,19.73
2025-05-08 02:00:00,19.74,20.05,19.74,19.97
2025-05-08 03:00:00,19.98,20.35,19.95,20.34
2025-05-08 04:00:00,20.35,20.64,20.35,20.5
2025-05-08 05:00:00,20.51,20.64,20.45,20.47
2025-05-08 06:00:00,20.48,20.71,20.47,20.68
2025-05-08 07:00:00,20.68,20.9,20.68,20.85
2025-05-08 08:00:00,20.86,21.1,20.85,20.95
2025-05-08 09:00:00,20.96,21.12,20.93,21.06
2025-05-08 10:00:00,21.06,21.17,20.98,21.03
2025-05-08 11:00:00,21.03,21.05,20.89,20.92
2025-05-08 12:00:00,20.92,21.05,20.86,20.88
2025-05-08 13:00:00,20.88,20.93,20.7,20.73
2025-05-08 14:00:00,20.72,20.99,20.64,20.81
2025-05-08 15:00:00,20.8,21.48,20.77,21.19
2025-05-08 16:00:00,21.19,21.36,21.16,21.32
2025-05-08 17:00:00,21.32,21.46,21.17,21.25
2025-05-08 18:00:00,21.26,21.37,21.22,21.26
2025-05-08 19:00:00,21.25,21.49,21.19,21.43
2025-05-08 20:00:00,21.43,21.96,21.33,21.92
2025-05-08 21:00:00,21.93,22.15,21.74,21.83
2025-05-08 22:00:00,21.84,21.89,21.65,21.85
2025-05-08 23:00:00,21.86,22.17,21.78,22.16
2025-05-09 00:00:00,22.16,22.39,22.1,22.22
2025-05-09 01:00:00,22.21,22.39,22.12,22.37
2025-05-09 02:00:00,22.37,22.42,22.21,22.31
2025-05-09 03:00:00,22.31,22.47,22.02,22.06
2025-05-09 04:00:00,22.07,22.13,21.96,22.09
2025-05-09 05:00:00,22.09,22.39,22.06,22.29
2025-05-09 06:00:00,22.3,22.62,22.25,22.59
2025-05-09 07:00:00,22.6,23.12,22.54,23.01
2025-05-09 08:00:00,23.01,23.69,22.79,23.18
2025-05-09 09:00:00,23.18,23.36,22.87,23.06
2025-05-09 10:00:00,23.07,23.59,22.96,23.55
2025-05-09 11:00:00,23.56,24.01,23.42,23.53
2025-05-09 12:00:00,23.53,23.56,23.23,23.39
2025-05-09 13:00:00,23.4,23.68,23.17,23.58
2025-05-09 14:00:00,23.58,23.58,22.92,23.1
2025-05-09 15:00:00,23.1,23.22,22.91,23.14
2025-05-09 16:00:00,23.15,23.15,22.79,22.84
2025-05-09 17:00:00,22.84,23.46,22.81,23.3
2025-05-09 18:00:00,23.31,23.33,23.16,23.21
2025-05-09 19:00:00,23.22,23.28,23,23.1
2025-05-09 20:00:00,23.09,23.19,23.05,23.19
2025-05-09 21:00:00,23.2,23.21,22.96,23.1
2025-05-09 22:00:00,23.11,23.21,23.01,23.05
2025-05-09 23:00:00,23.05,23.29,23.04,23.27
2025-05-10 00:00:00,23.27,23.53,23.01,23.08
2025-05-10 01:00:00,23.08,23.51,23.06,23.33
2025-05-10 02:00:00,23.33,23.67,23.19,23.62
2025-05-10 03:00:00,23.61,23.67,23.38,23.49
2025-05-10 04:00:00,23.49,23.5,23.26,23.48
2025-05-10 05:00:00,23.49,23.86,23.45,23.82
2025-05-10 06:00:00,23.83,24,23.71,23.96
2025-05-10 07:00:00,23.95,24.25,23.89,24.17
2025-05-10 08:00:00,24.18,24.4,24,24.13
2025-05-10 09:00:00,24.13,24.5,23.92,24.39
2025-05-10 10:00:00,24.4,24.81,24.33,24.43
2025-05-10 11:00:00,24.42,24.53,24,24.06
2025-05-10 12:00:00,24.06,24.49,24.06,24.48
2025-05-10 13:00:00,24.48,24.62,24.44,24.52
2025-05-10 14:00:00,24.53,24.77,24.37,24.75
2025-05-10 15:00:00,24.74,24.77,24.3,24.37
2025-05-10 16:00:00,24.38,24.68,24.31,24.63
2025-05-10 17:00:00,24.62,24.86,24.43,24.47
2025-05-10 18:00:00,24.48,24.65,24.34,24.56
2025-05-10 19:00:00,24.57,24.62,24.43,24.52
2025-05-10 20:00:00,24.52,24.98,24.33,24.96
2025-05-10 21:00:00,24.96,25.6,24.92,25.51
2025-05-10 22:00:00,25.52,25.68,25.4,25.63
2025-05-10 23:00:00,25.63,25.97,25.58,25.82
2025-05-11 00:00:00,25.81,26.02,24.93,25.51
2025-05-11 01:00:00,25.51,25.57,24.97,25.17
2025-05-11 02:00:00,25.17,25.59,25.1,25.26
2025-05-11 03:00:00,25.27,25.56,25.11,25.3
2025-05-11 04:00:00,25.3,25.42,25.23,25.4
2025-05-11 05:00:00,25.41,25.46,25.22,25.26
2025-05-11 06:00:00,25.27,25.27,24.81,24.9
2025-05-11 07:00:00,24.89,24.9,24.29,24.53
2025-05-11 08:00:00,24.53,24.84,24.42,24.47
2025-05-11 09:00:00,24.47,24.87,24.46,24.77
2025-05-11 10:00:00,24.77,24.81,24.61,24.75
2025-05-11 11:00:00,24.76,24.93,24.72,24.88
2025-05-11 12:00:00,24.88,24.93,24.7,24.75
2025-05-11 13:00:00,24.75,24.88,24.3,24.32
2025-05-11 14:00:00,24.32,24.65,24.32,24.51
2025-05-11 15:00:00,24.52,24.69,24.19,24.39
2025-05-11 16:00:00,24.39,24.49,24.16,24.42
2025-05-11 17:00:00,24.42,24.76,24.34,24.67
2025-05-11 18:00:00,24.68,24.94,24.5,24.86
2025-05-11 19:00:00,24.86,24.93,24.71,24.75
2025-05-11 20:00:00,24.75,24.78,24.59,24.65
2025-05-11 21:00:00,24.64,24.79,24.49,24.77
2025-05-11 22:00:00,24.77,24.97,24.51,24.72
2025-05-11 23:00:00,24.72,24.86,24.65,24.78
2025-05-12 00:00:00,24.79,25.14,24.76,25.02
2025-05-12 01:00:00,25.02,25.23,24.44,24.68
2025-05-12 02:00:00,24.69,25.11,24.69,24.98
2025-05-12 03:00:00,24.98,25.18,24.82,25.16
2025-05-12 04:00:00,25.15,25.4,25.02,25.3
2025-05-12 05:00:00,25.31,25.34,24.86,25.04
2025-05-12 06:00:00,25.04,25.59,24.95,25.55
2025-05-12 07:00:00,25.55,26.84,25.53,26.04
2025-05-12 08:00:00,26.04,26.04,25.44,25.75
2025-05-12 09:00:00,25.75,25.88,25.48,25.54
2025-05-12 10:00:00,25.55,25.57,25.16,25.49
2025-05-12 11:00:00,25.49,25.5,24.89,24.98
2025-05-12 12:00:00,24.98,25.54,24.96,25.45
2025-05-12 13:00:00,25.45,25.64,25.2,25.5
2025-05-12 14:00:00,25.5,25.7,24.86,24.9
2025-05-12 15:00:00,24.91,25.02,24.57,24.73
2025-05-12 16:00:00,24.73,25.08,24.53,24.99
2025-05-12 17:00:00,24.99,25.17,24.63,24.68
2025-05-12 18:00:00,24.68,24.78,23.73,24.08
2025-05-12 19:00:00,24.09,24.6,24.06,24.47
2025-05-12 20:00:00,24.47,24.89,24.36,24.76
2025-05-12 21:00:00,24.76,24.85,24.64,24.78
2025-05-12 22:00:00,24.79,25.02,24.71,24.88
2025-05-12 23:00:00,24.88,25.06,24.8,24.83
2025-05-13 00:00:00,24.83,24.84,24.39,24.41
2025-05-13 01:00:00,24.41,24.52,23.98,24.12
2025-05-13 02:00:00,24.12,24.18,23.67,23.84
2025-05-13 03:00:00,23.84,23.91,23.48,23.51
2025-05-13 04:00:00,23.51,24.21,23.45,24.16
2025-05-13 05:00:00,24.16,24.17,23.95,24.14
2025-05-13 06:00:00,24.13,24.38,24.12,24.3
2025-05-13 07:00:00,24.3,24.53,24.25,24.3
2025-05-13 08:00:00,24.31,24.52,24.26,24.35
2025-05-13 09:00:00,24.35,24.66,24.35,24.56
2025-05-13 10:00:00,24.57,24.59,24.41,24.49
2025-05-13 11:00:00,24.49,24.71,24.43,24.52
2025-05-13 12:00:00,24.52,24.81,24.3,24.7
2025-05-13 13:00:00,24.69,24.92,24.63,24.76
2025-05-13 14:00:00,24.77,24.8,24.43,24.61
2025-05-13 15:00:00,24.6,24.91,24.55,24.9
2025-05-13 16:00:00,24.91,25.32,24.86,25.23
2025-05-13 17:00:00,25.23,25.44,25.16,25.25
2025-05-13 18:00:00,25.24,25.53,25.2,25.51
2025-05-13 19:00:00,25.51,26.25,25.45,25.81
2025-05-13 20:00:00,25.81,25.99,25.49,25.9
2025-05-13 21:00:00,25.91,25.98,25.7,25.82
2025-05-13 22:00:00,25.82,25.93,25.65,25.75
2025-05-13 23:00:00,25.76,25.92,25.62,25.72
2025-05-14 00:00:00,25.72,25.93,25.67,25.89
2025-05-14 01:00:00,25.88,26.14,25.83,25.91
2025-05-14 02:00:00,25.91,26.24,25.5,26.23
2025-05-14 03:00:00,26.23,26.28,25.86,26.1
2025-05-14 04:00:00,26.1,26.51,25.89,26.49
2025-05-14 05:00:00,26.49,26.52,26.23,26.47
2025-05-14 06:00:00,26.47,26.54,26.16,26.49
2025-05-14 07:00:00,26.49,26.52,25.94,26.03
2025-05-14 08:00:00,26.02,26.16,25.41,25.44
2025-05-14 09:00:00,25.44,25.68,25.39,25.66
2025-05-14 10:00:00,25.66,25.96,25.66,25.74
2025-05-14 11:00:00,25.74,26.04,25.74,25.93
2025-05-14 12:00:00,25.93,25.97,25.6,25.65
2025-05-14 13:00:00,25.65,25.93,25.42,25.67
2025-05-14 14:00:00,25.68,25.69,25.15,25.35
2025-05-14 15:00:00,25.36,25.43,25.13,25.41
2025-05-14 16:00:00,25.41,25.47,25.14,25.29
2025-05-14 17:00:00,25.3,25.34,24.97,25.22
2025-05-14 18:00:00,25.22,25.37,25.07,25.19
2025-05-14 19:00:00,25.19,25.35,25.14,25.26
2025-05-14 20:00:00,25.27,25.32,25.12,25.13
2025-05-14 21:00:00,25.13,25.21,24.93,25.17
2025-05-14 22:00:00,25.16,25.18,24.81,24.84
2025-05-14 23:00:00,24.84,25.01,24.74,24.96
2025-05-15 00:00:00,24.95,25.13,24.81,25.06
2025-05-15 01:00:00,25.05,25.07,24.44,24.53
2025-05-15 02:00:00,24.53,24.69,24.45,24.59
2025-05-15 03:00:00,24.59,24.66,24.37,24.4
2025-05-15 04:00:00,24.41,24.64,24.36,24.59
2025-05-15 05:00:00,24.59,24.61,24.24,24.29
2025-05-15 06:00:00,24.3,24.48,23.98,24.12
2025-05-15 07:00:00,24.12,24.14,23.53,23.56
2025-05-15 08:00:00,23.56,24.19,23.56,24.16
2025-05-15 09:00:00,24.17,24.17,23.61,23.8
2025-05-15 10:00:00,23.81,23.86,23.52,23.71
2025-05-15 11:00:00,23.71,23.99,23.68,23.97
2025-05-15 12:00:00,23.96,24.1,23.74,23.82
2025-05-15 13:00:00,23.82,23.96,23.39,23.6
2025-05-15 14:00:00,23.6,23.66,23,23.29
2025-05-15 15:00:00,23.28,23.84,23.2,23.8
2025-05-15 16:00:00,23.8,24.1,23.57,24.09
2025-05-15 17:00:00,24.1,24.21,23.91,23.91
2025-05-15 18:00:00,23.91,23.94,23.3,23.36
2025-05-15 19:00:00,23.35,23.6,23.26,23.51
2025-05-15 20:00:00,23.52,23.74,23.33,23.38
2025-05-15 21:00:00,23.38,23.45,23.02,23.37
2025-05-15 22:00:00,23.37,23.62,23.32,23.32
2025-05-15 23:00:00,23.33,23.5,22.94,23.5
2025-05-16 00:00:00,23.51,23.68,23.41,23.48
2025-05-16 01:00:00,23.48,23.69,23.33,23.65
2025-05-16 02:00:00,23.65,23.91,23.62,23.86
2025-05-16 03:00:00,23.86,23.95,23.77,23.91
2025-05-16 04:00:00,23.92,24.02,23.71,23.87
2025-05-16 05:00:00,23.87,24.05,23.87,23.92
2025-05-16 06:00:00,23.92,23.99,23.83,23.89
2025-05-16 07:00:00,23.89,23.93,23.65,23.79
2025-05-16 08:00:00,23.79,23.82,23.25,23.42
2025-05-16 09:00:00,23.43,23.79,23.41,23.76
2025-05-16 10:00:00,23.76,23.93,23.66,23.91
2025-05-16 11:00:00,23.91,23.99,23.75,23.82
2025-05-16 12:00:00,23.83,23.88,23.67,23.68
2025-05-16 13:00:00,23.67,23.97,23.63,23.92
2025-05-16 14:00:00,23.92,23.92,23.44,23.57
2025-05-16 15:00:00,23.58,23.85,23.55,23.74
2025-05-16 16:00:00,23.75,23.87,23.42,23.63
2025-05-16 17:00:00,23.63,23.72,23.35,23.42
2025-05-16 18:00:00,23.42,23.53,23.36,23.47
2025-05-16 19:00:00,23.46,23.6,23.43,23.57
2025-05-16 20:00:00,23.57,23.58,23.08,23.26
2025-05-16 21:00:00,23.25,23.39,23.12,23.2
2025-05-16 22:00:00,23.2,23.23,22.67,22.93
2025-05-16 23:00:00,22.92,23.2,22.91,23.06
2025-05-17 00:00:00,23.06,23.12,22.53,22.72
2025-05-17 01:00:00,22.71,22.71,22.26,22.46
2025-05-17 02:00:00,22.46,22.73,22.27,22.6
2025-05-17 03:00:00,22.61,22.77,22.42,22.76
2025-05-17 04:00:00,22.76,23.14,22.74,23.05
2025-05-17 05:00:00,23.05,23.07,22.73,22.75
2025-05-17 06:00:00,22.76,22.94,22.75,22.88
2025-05-17 07:00:00,22.87,23.02,22.7,22.82
2025-05-17 08:00:00,22.82,22.92,22.67,22.76
2025-05-17 09:00:00,22.76,22.81,22.57,22.71
2025-05-17 10:00:00,22.71,22.92,22.68,22.8
2025-05-17 11:00:00,22.81,22.9,22.62,22.77
2025-05-17 12:00:00,22.78,22.84,22.58,22.6
2025-05-17 13:00:00,22.61,22.7,22.32,22.37
2025-05-17 14:00:00,22.37,22.73,22.36,22.67
2025-05-17 15:00:00,22.67,22.7,22.44,22.46
2025-05-17 16:00:00,22.45,22.55,22.11,22.33
2025-05-17 17:00:00,22.32,22.57,22.28,22.35
2025-05-17 18:00:00,22.35,22.59,22.18,22.21
2025-05-17 19:00:00,22.21,22.37,22.14,22.18
2025-05-17 20:00:00,22.17,22.57,22.11,22.51
2025-05-17 21:00:00,22.52,22.55,22.35,22.4
2025-05-17 22:00:00,22.4,22.41,21.97,22.08
2025-05-17 23:00:00,22.09,22.28,22,22.17
2025-05-18 00:00:00,22.18,22.29,22.04,22.26
2025-05-18 01:00:00,22.27,22.39,22.16,22.32
2025-05-18 02:00:00,22.33,22.38,22.18,22.21
2025-05-18 03:00:00,22.21,22.31,22.01,22.19
2025-05-18 04:00:00,22.2,22.46,22.19,22.46
2025-05-18 05:00:00,22.46,22.93,22.45,22.88
2025-05-18 06:00:00,22.89,22.9,22.67,22.73
2025-05-18 07:00:00,22.73,23.19,22.69,23.13
2025-05-18 08:00:00,23.14,23.33,23.12,23.26
2025-05-18 09:00:00,23.26,23.31,22.98,23.03
2025-05-18 10:00:00,23.03,23.13,22.93,23.04
2025-05-18 11:00:00,23.03,23.1,22.91,22.92
2025-05-18 12:00:00,22.92,23.04,22.78,23.03
2025-05-18 13:00:00,23.03,23.29,22.96,23.27
2025-05-18 14:00:00,23.28,23.72,23.17,23.56
2025-05-18 15:00:00,23.56,23.86,23.45,23.76
2025-05-18 16:00:00,23.77,23.82,23.43,23.53
2025-05-18 17:00:00,23.53,23.55,22.92,22.94
2025-05-18 18:00:00,22.95,22.97,22.37,22.48
2025-05-18 19:00:00,22.47,22.61,22.03,22.03
2025-05-18 20:00:00,22.03,22.14,21.56,22.09
2025-05-18 21:00:00,22.09,22.57,22.07,22.32
2025-05-18 22:00:00,22.32,22.72,22.09,22.7
2025-05-18 23:00:00,22.71,23.16,22.51,23.06
2025-05-19 00:00:00,23.06,23.2,22.39,22.47
2025-05-19 01:00:00,22.48,22.55,22.22,22.36
2025-05-19 02:00:00,22.35,22.43,22.08,22.12
2025-05-19 03:00:00,22.11,22.14,21.88,21.89
2025-05-19 04:00:00,21.9,22.05,21.49,21.63
2025-05-19 05:00:00,21.63,21.79,21.5,21.72
2025-05-19 06:00:00,21.72,21.87,21.26,21.28
2025-05-19 07:00:00,21.27,21.75,21.27,21.68
2025-05-19 08:00:00,21.69,21.79,21.53,21.66
2025-05-19 09:00:00,21.65,21.82,21.48,21.65
2025-05-19 10:00:00,21.64,21.74,21.52,21.63
2025-05-19 11:00:00,21.64,21.75,21.57,21.68
2025-05-19 12:00:00,21.68,21.69,21.41,21.51
2025-05-19 13:00:00,21.52,21.95,21.5,21.86
2025-05-19 14:00:00,21.86,22.05,21.81,21.98
2025-05-19 15:00:00,21.97,22.17,21.95,22.09
2025-05-19 16:00:00,22.09,22.39,21.9,22.38
2025-05-19 17:00:00,22.38,22.62,22.26,22.29
2025-05-19 18:00:00,22.28,22.38,22.03,22.17
2025-05-19 19:00:00,22.17,22.35,22.11,22.29
2025-05-19 20:00:00,22.29,22.36,22.17,22.23
2025-05-19 21:00:00,22.23,22.23,22.03,22.21
2025-05-19 22:00:00,22.2,22.2,21.98,22.1
2025-05-19 23:00:00,22.09,22.3,22.08,22.25
2025-05-20 00:00:00,22.25,22.56,22.11,22.13
2025-05-20 01:00:00,22.13,22.61,22.1,22.48
2025-05-20 02:00:00,22.49,22.82,22.47,22.52
2025-05-20 03:00:00,22.51,22.55,22.29,22.41
2025-05-20 04:00:00,22.42,22.6,22.27,22.55
2025-05-20 05:00:00,22.56,22.62,22.47,22.48
2025-05-20 06:00:00,22.48,22.53,22.29,22.46
2025-05-20 07:00:00,22.47,22.51,22.19,22.24
2025-05-20 08:00:00,22.24,22.35,22.14,22.28
2025-05-20 09:00:00,22.28,22.36,22.21,22.25
2025-05-20 10:00:00,22.25,22.35,21.96,22.16
2025-05-20 11:00:00,22.16,22.18,21.94,22.12
2025-05-20 12:00:00,22.12,22.12,21.86,21.96
2025-05-20 13:00:00,21.97,22.05,21.85,21.98
2025-05-20 14:00:00,21.98,22.18,21.93,21.98
2025-05-20 15:00:00,21.98,22.21,21.97,22.14
2025-05-20 16:00:00,22.14,22.25,22,22.03
2025-05-20 17:00:00,22.03,22.31,22.01,22.24
2025-05-20 18:00:00,22.25,22.28,21.75,21.82
2025-05-20 19:00:00,21.82,22.48,21.76,22.41
2025-05-20 20:00:00,22.41,22.6,22.29,22.54
2025-05-20 21:00:00,22.54,22.76,22.52,22.68
2025-05-20 22:00:00,22.69,22.77,22.42,22.6
2025-05-20 23:00:00,22.6,22.78,22.5,22.6
2025-05-21 00:00:00,22.61,22.73,22.47,22.5
2025-05-21 01:00:00,22.5,22.64,22.34,22.37
2025-05-21 02:00:00,22.36,22.48,22.15,22.43
2025-05-21 03:00:00,22.44,22.68,22.39,22.54
2025-05-21 04:00:00,22.54,22.76,22.42,22.61
2025-05-21 05:00:00,22.62,22.9,22.61,22.77
2025-05-21 06:00:00,22.78,23,22.63,22.87
2025-05-21 07:00:00,22.87,22.94,22.45,22.55
2025-05-21 08:00:00,22.56,22.69,22.51,22.55
2025-05-21 09:00:00,22.56,22.6,22.37,22.43
2025-05-21 10:00:00,22.42,22.6,22.38,22.55
2025-05-21 11:00:00,22.56,22.85,22.53,22.75
2025-05-21 12:00:00,22.75,22.9,22.62,22.7
2025-05-21 13:00:00,22.71,22.9,22.54,22.75
2025-05-21 14:00:00,22.76,23.13,22.61,23.13
2025-05-21 15:00:00,23.12,23.29,22.94,23.22
2025-05-21 16:00:00,23.22,23.81,23.14,23.47
2025-05-21 17:00:00,23.48,23.6,22.4,22.57
2025-05-21 18:00:00,22.58,22.88,22.44,22.55
2025-05-21 19:00:00,22.55,22.92,22.43,22.87
2025-05-21 20:00:00,22.86,22.92,22.59,22.73
2025-05-21 21:00:00,22.74,22.82,22.64,22.7
2025-05-21 22:00:00,22.7,23.04,22.66,23.02
2025-05-21 23:00:00,23.01,23.46,22.89,23.17
2025-05-22 00:00:00,23.18,23.52,23.13,23.51
2025-05-22 01:00:00,23.51,23.58,23.29,23.39
2025-05-22 02:00:00,23.39,23.58,23.38,23.53
2025-05-22 03:00:00,23.53,23.86,23.46,23.78
2025-05-22 04:00:00,23.79,23.95,23.71,23.92
2025-05-22 05:00:00,23.91,24.11,23.8,23.82
2025-05-22 06:00:00,23.83,24.15,23.81,24.02
2025-05-22 07:00:00,24.03,24.15,23.92,24.14
2025-05-22 08:00:00,24.14,24.5,24.08,24.28
2025-05-22 09:00:00,24.29,24.64,24.26,24.48
2025-05-22 10:00:00,24.48,25.42,24.47,24.91
2025-05-22 11:00:00,24.9,25.31,24.68,25.09
2025-05-22 12:00:00,25.1,25.33,25.03,25.21
2025-05-22 13:00:00,25.22,25.28,24.75,24.86
2025-05-22 14:00:00,24.86,25.43,24.85,25.21
2025-05-22 15:00:00,25.21,25.25,24.97,25.04
2025-05-22 16:00:00,25.05,25.4,25.04,25.19
2025-05-22 17:00:00,25.19,25.34,25.09,25.15
2025-05-22 18:00:00,25.16,25.33,25.12,25.25
2025-05-22 19:00:00,25.25,25.28,25.03,25.08
2025-05-22 20:00:00,25.09,25.34,24.91,24.94
2025-05-22 21:00:00,24.94,24.97,24.71,24.86
2025-05-22 22:00:00,24.87,25.05,24.86,24.9
2025-05-22 23:00:00,24.91,25.28,24.9,25.26
2025-05-23 00:00:00,25.26,25.44,25.13,25.17
2025-05-23 01:00:00,25.17,25.43,25.05,25.34
2025-05-23 02:00:00,25.35,25.85,25.35,25.66
2025-05-23 03:00:00,25.66,25.84,25.64,25.73
2025-05-23 04:00:00,25.73,25.83,25.34,25.55
2025-05-23 05:00:00,25.56,25.67,25.29,25.44
2025-05-23 06:00:00,25.43,25.45,24.92,25.03
2025-05-23 07:00:00,25.03,25.33,25.01,25.1
2025-05-23 08:00:00,25.1,25.58,25.09,25.51
2025-05-23 09:00:00,25.51,25.98,25.44,25.94
2025-05-23 10:00:00,25.95,25.97,25.6,25.64
2025-05-23 11:00:00,25.63,25.79,24.29,24.45
2025-05-23 12:00:00,24.46,24.47,23.66,24.24
2025-05-23 13:00:00,24.25,24.9,24.14,24.88
2025-05-23 14:00:00,24.88,25,24.6,24.87
2025-05-23 15:00:00,24.87,24.99,24.46,24.47
2025-05-23 16:00:00,24.47,24.59,24.14,24.45
2025-05-23 17:00:00,24.44,24.65,24.35,24.39
2025-05-23 18:00:00,24.38,24.45,24.08,24.14
2025-05-23 19:00:00,24.14,24.28,24,24.02
2025-05-23 20:00:00,24.02,24.03,23.67,23.69
2025-05-23 21:00:00,23.7,23.92,23.61,23.68
2025-05-23 22:00:00,23.69,23.87,23.52,23.53
2025-05-23 23:00:00,23.53,23.58,22.92,23.07
2025-05-24 00:00:00,23.08,23.31,22.94,22.99
2025-05-24 01:00:00,22.99,23.27,22.95,23.04
2025-05-24 02:00:00,23.04,23.33,22.94,23.26
2025-05-24 03:00:00,23.25,23.48,23.2,23.28
2025-05-24 04:00:00,23.29,23.43,23.2,23.39
2025-05-24 05:00:00,23.39,23.39,23.08,23.19
2025-05-24 06:00:00,23.19,23.28,22.99,23.16
2025-05-24 07:00:00,23.16,23.26,23,23.14
2025-05-24 08:00:00,23.14,23.17,22.87,23.16
2025-05-24 09:00:00,23.15,23.27,23.06,23.09
2025-05-24 10:00:00,23.09,23.45,23.05,23.37
2025-05-24 11:00:00,23.37,23.44,23.2,23.22
2025-05-24 12:00:00,23.23,23.28,23.1,23.18
2025-05-24 13:00:00,23.19,23.22,22.98,23.01
2025-05-24 14:00:00,23.01,23.21,22.99,23.17
2025-05-24 15:00:00,23.18,23.25,23,23.14
2025-05-24 16:00:00,23.14,23.14,22.92,23.07
2025-05-24 17:00:00,23.07,23.19,22.96,22.97
2025-05-24 18:00:00,22.96,23.07,22.8,22.86
2025-05-24 19:00:00,22.85,23.03,22.82,23.03
2025-05-24 20:00:00,23.03,23.12,22.97,23
2025-05-24 21:00:00,23.01,23.03,22.77,22.96
2025-05-24 22:00:00,22.97,22.98,22.81,22.84
2025-05-24 23:00:00,22.84,22.99,22.75,22.96
2025-05-25 00:00:00,22.96,23.14,22.61,22.68
2025-05-25 01:00:00,22.68,22.75,22.48,22.66
2025-05-25 02:00:00,22.66,22.85,22.56,22.82
2025-05-25 03:00:00,22.81,22.96,22.81,22.9
2025-05-25 04:00:00,22.9,22.93,22.8,22.91
2025-05-25 05:00:00,22.91,22.92,22.75,22.83
2025-05-25 06:00:00,22.83,22.84,22.64,22.71
2025-05-25 07:00:00,22.7,22.7,22.43,22.48
2025-05-25 08:00:00,22.48,22.48,22.14,22.21
2025-05-25 09:00:00,22.21,22.35,22.12,22.33
2025-05-25 10:00:00,22.34,22.38,22.13,22.16
2025-05-25 11:00:00,22.16,22.43,22.1,22.38
2025-05-25 12:00:00,22.38,22.5,22.28,22.49
2025-05-25 13:00:00,22.49,22.58,22.32,22.45
2025-05-25 14:00:00,22.45,22.49,22.22,22.27
2025-05-25 15:00:00,22.28,22.31,22.03,22.26
2025-05-25 16:00:00,22.26,22.27,22.09,22.23
2025-05-25 17:00:00,22.24,22.36,22.23,22.32
2025-05-25 18:00:00,22.33,22.4,22.25,22.32
2025-05-25 19:00:00,22.31,22.56,22.29,22.49
2025-05-25 20:00:00,22.48,22.51,22.36,22.42
2025-05-25 21:00:00,22.43,22.52,22.29,22.41
2025-05-25 22:00:00,22.41,23.42,22.38,23.37
2025-05-25 23:00:00,23.37,23.47,23.14,23.45
2025-05-26 00:00:00,23.45,23.78,23.32,23.75
2025-05-26 01:00:00,23.75,23.81,23.44,23.58
2025-05-26 02:00:00,23.58,23.59,23.26,23.27
2025-05-26 03:00:00,23.27,23.45,23.22,23.37
2025-05-26 04:00:00,23.36,23.47,23.31,23.42
2025-05-26 05:00:00,23.42,23.48,23.31,23.44
2025-05-26 06:00:00,23.44,23.8,23.4,23.76
2025-05-26 07:00:00,23.77,23.94,23.65,23.9
2025-05-26 08:00:00,23.91,24,23.63,23.66
2025-05-26 09:00:00,23.66,23.84,23.58,23.62
2025-05-26 10:00:00,23.62,23.77,23.52,23.6
2025-05-26 11:00:00,23.6,23.74,23.53,23.7
2025-05-26 12:00:00,23.7,23.84,23.56,23.78
2025-05-26 13:00:00,23.79,23.88,23.27,23.35
2025-05-26 14:00:00,23.35,23.45,23.18,23.39
2025-05-26 15:00:00,23.39,23.66,23.26,23.49
2025-05-26 16:00:00,23.49,23.55,23.05,23.15
2025-05-26 17:00:00,23.14,23.24,22.96,23.05
2025-05-26 18:00:00,23.05,23.18,22.98,23.01
2025-05-26 19:00:00,23.01,23.07,22.87,22.99
2025-05-26 20:00:00,22.99,23.16,22.9,23.12
2025-05-26 21:00:00,23.12,23.17,23.02,23.1
2025-05-26 22:00:00,23.11,23.27,22.94,22.96
2025-05-26 23:00:00,22.95,23.1,22.89,23.07
2025-05-27 00:00:00,23.06,23.2,22.83,22.88
2025-05-27 01:00:00,22.88,22.88,22.51,22.72
2025-05-27 02:00:00,22.72,22.93,22.7,22.79
2025-05-27 03:00:00,22.8,23.15,22.78,23.02
2025-05-27 04:00:00,23.03,23.72,23.01,23.51
2025-05-27 05:00:00,23.52,23.63,23.32,23.58
2025-05-27 06:00:00,23.57,23.87,23.33,23.34
2025-05-27 07:00:00,23.34,23.61,23.33,23.5
2025-05-27 08:00:00,23.51,23.76,23.5,23.61
2025-05-27 09:00:00,23.61,23.69,23.52,23.65
2025-05-27 10:00:00,23.65,23.66,23.5,23.55
2025-05-27 11:00:00,23.54,23.62,23.4,23.62
2025-05-27 12:00:00,23.62,23.78,23.55,23.61
2025-05-27 13:00:00,23.62,23.88,23.44,23.46
2025-05-27 14:00:00,23.46,23.56,23.12,23.3
2025-05-27 15:00:00,23.3,23.52,23.21,23.45
2025-05-27 16:00:00,23.45,23.61,23.3,23.5
2025-05-27 17:00:00,23.5,23.85,23.42,23.73
2025-05-27 18:00:00,23.73,23.78,23.44,23.52
2025-05-27 19:00:00,23.52,23.56,23.37,23.41
2025-05-27 20:00:00,23.41,23.55,23.34,23.53
2025-05-27 21:00:00,23.52,23.58,23.23,23.29
2025-05-27 22:00:00,23.29,23.38,23.18,23.29
2025-05-27 23:00:00,23.28,23.4,23.24,23.38
2025-05-28 00:00:00,23.38,23.6,23.3,23.6
2025-05-28 01:00:00,23.6,23.71,23.48,23.5
2025-05-28 02:00:00,23.49,23.65,23.36,23.6
2025-05-28 03:00:00,23.6,23.72,23.56,23.57
2025-05-28 04:00:00,23.57,23.62,23.37,23.53
2025-05-28 05:00:00,23.52,23.53,23.36,23.48
2025-05-28 06:00:00,23.47,23.47,23.19,23.21
2025-05-28 07:00:00,23.22,23.41,23.15,23.28
2025-05-28 08:00:00,23.29,23.54,23.2,23.47
2025-05-28 09:00:00,23.47,23.48,23.19,23.21
2025-05-28 10:00:00,23.21,23.53,23.07,23.49
2025-05-28 11:00:00,23.49,23.58,23.39,23.56
2025-05-28 12:00:00,23.56,23.77,23.46,23.63
2025-05-28 13:00:00,23.63,23.65,23.24,23.26
2025-05-28 14:00:00,23.25,23.33,23.03,23.04
2025-05-28 15:00:00,23.03,23.13,22.83,22.86
2025-05-28 16:00:00,22.87,23.13,22.86,23.13
2025-05-28 17:00:00,23.14,23.41,23.1,23.13
2025-05-28 18:00:00,23.13,23.18,22.9,22.92
2025-05-28 19:00:00,22.92,23.1,22.79,22.82
2025-05-28 20:00:00,22.82,23.15,22.77,23.11
2025-05-28 21:00:00,23.11,23.32,23.05,23.25
2025-05-28 22:00:00,23.24,23.28,23.02,23.06
2025-05-28 23:00:00,23.06,23.6,23.05,23.6
2025-05-29 00:00:00,23.61,23.95,23.44,23.94
2025-05-29 01:00:00,23.95,24.02,23.6,23.81
2025-05-29 02:00:00,23.81,24.28,23.62,24.25
2025-05-29 03:00:00,24.24,24.35,24.11,24.19
2025-05-29 04:00:00,24.19,24.31,23.5,23.75
2025-05-29 05:00:00,23.75,23.8,23.55,23.64
2025-05-29 06:00:00,23.64,23.82,23.61,23.67
2025-05-29 07:00:00,23.68,23.78,23.59,23.72
2025-05-29 08:00:00,23.72,23.82,23.54,23.65
2025-05-29 09:00:00,23.64,23.69,23.45,23.5
2025-05-29 10:00:00,23.5,23.54,23.38,23.47
2025-05-29 11:00:00,23.47,23.55,23.35,23.43
2025-05-29 12:00:00,23.42,23.42,23.15,23.21
2025-05-29 13:00:00,23.2,23.31,22.95,22.98
2025-05-29 14:00:00,22.98,23.07,22.68,23.02
2025-05-29 15:00:00,23.01,23.04,22.76,22.79
2025-05-29 16:00:00,22.79,22.87,22.66,22.74
2025-05-29 17:00:00,22.74,22.99,22.66,22.87
2025-05-29 18:00:00,22.87,23.03,22.59,22.62
2025-05-29 19:00:00,22.62,22.69,22.45,22.62
2025-05-29 20:00:00,22.62,22.74,22.59,22.67
2025-05-29 21:00:00,22.67,22.76,22.61,22.74
2025-05-29 22:00:00,22.75,22.78,22.44,22.45
2025-05-29 23:00:00,22.45,22.51,22.17,22.25
2025-05-30 00:00:00,22.25,22.35,21.09,21.43
2025-05-30 01:00:00,21.44,21.72,21.39,21.57
2025-05-30 02:00:00,21.56,21.86,21.53,21.73
2025-05-30 03:00:00,21.73,21.85,21.66,21.83
2025-05-30 04:00:00,21.83,21.86,21.67,21.8
2025-05-30 05:00:00,21.8,21.87,21.72,21.84
2025-05-30 06:00:00,21.84,21.84,21.3,21.42
2025-05-30 07:00:00,21.43,21.62,21.37,21.44
2025-05-30 08:00:00,21.44,21.62,21.32,21.47
2025-05-30 09:00:00,21.47,21.6,21.28,21.56
2025-05-30 10:00:00,21.56,21.6,21.38,21.58
2025-05-30 11:00:00,21.59,21.88,21.57,21.8
2025-05-30 12:00:00,21.8,21.88,21.44,21.8
2025-05-30 13:00:00,21.81,21.88,21.42,21.46
2025-05-30 14:00:00,21.47,21.68,21.43,21.61
2025-05-30 15:00:00,21.61,21.79,21.47,21.48
2025-05-30 16:00:00,21.48,21.58,20.75,21
2025-05-30 17:00:00,21,21.19,20.92,21.12
2025-05-30 18:00:00,21.12,21.38,21.07,21.35
2025-05-30 19:00:00,21.35,21.38,21.23,21.27
2025-05-30 20:00:00,21.27,21.34,21.18,21.21
2025-05-30 21:00:00,21.21,21.27,21.03,21.07
2025-05-30 22:00:00,21.08,21.12,20.59,20.59
2025-05-30 23:00:00,20.6,20.74,20.4,20.56
2025-05-31 00:00:00,20.55,20.6,20.1,20.19
2025-05-31 01:00:00,20.2,20.37,19.88,20.13
2025-05-31 02:00:00,20.12,20.31,19.94,19.97
2025-05-31 03:00:00,19.97,20.13,19.77,20.07
2025-05-31 04:00:00,20.08,20.19,19.83,20.17
2025-05-31 05:00:00,20.17,20.22,20.01,20.02
2025-05-31 06:00:00,20.02,20.26,19.99,20.18
2025-05-31 07:00:00,20.18,20.23,20.08,20.15
2025-05-31 08:00:00,20.15,20.27,20.08,20.22
2025-05-31 09:00:00,20.22,20.31,20.1,20.13
2025-05-31 10:00:00,20.13,20.35,20.06,20.18
2025-05-31 11:00:00,20.19,20.21,20.08,20.2
2025-05-31 12:00:00,20.2,20.56,20.17,20.56
2025-05-31 13:00:00,20.56,20.79,20.48,20.58
2025-05-31 14:00:00,20.58,20.74,20.55,20.71
2025-05-31 15:00:00,20.72,20.85,20.62,20.68
2025-05-31 16:00:00,20.67,20.99,20.62,20.95
2025-05-31 17:00:00,20.96,20.97,20.68,20.7
2025-05-31 18:00:00,20.7,20.92,20.68,20.9
2025-05-31 19:00:00,20.9,21.01,20.84,20.89
2025-05-31 20:00:00,20.89,21.02,20.81,21
2025-05-31 21:00:00,21,21.12,20.92,20.97
2025-05-31 22:00:00,20.98,21,20.84,20.86
2025-05-31 23:00:00,20.85,20.99,20.77,20.8
2025-06-01 00:00:00,20.81,20.82,20.68,20.77
2025-06-01 01:00:00,20.76,20.85,20.58,20.63
2025-06-01 02:00:00,20.63,20.73,20.51,20.68
2025-06-01 03:00:00,20.69,20.73,20.55,20.68
2025-06-01 04:00:00,20.68,20.91,20.64,20.85
2025-06-01 05:00:00,20.86,20.94,20.74,20.78
2025-06-01 06:00:00,20.79,20.8,20.64,20.67
2025-06-01 07:00:00,20.66,20.72,20.6,20.66
2025-06-01 08:00:00,20.67,20.7,20.55,20.61
2025-06-01 09:00:00,20.61,20.67,20.26,20.37
2025-06-01 10:00:00,20.38,20.44,20.26,20.41
2025-06-01 11:00:00,20.4,20.48,20.33,20.4
2025-06-01 12:00:00,20.41,20.42,20.17,20.27
2025-06-01 13:00:00,20.27,20.49,20.25,20.43
2025-06-01 14:00:00,20.43,20.76,20.43,20.64
2025-06-01 15:00:00,20.65,20.79,20.59,20.71
2025-06-01 16:00:00,20.71,20.95,20.69,20.81
2025-06-01 17:00:00,20.81,20.84,20.71,20.76
2025-06-01 18:00:00,20.76,20.76,20.39,20.56
2025-06-01 19:00:00,20.56,20.67,20.53,20.66
2025-06-01 20:00:00,20.67,20.78,20.56,20.68
2025-06-01 21:00:00,20.68,20.88,20.65,20.84
2025-06-01 22:00:00,20.85,20.97,20.79,20.83
2025-06-01 23:00:00,20.84,20.94,20.83,20.88
2025-06-02 00:00:00,20.88,20.96,20.78,20.87
2025-06-02 01:00:00,20.88,21,20.75,20.76
2025-06-02 02:00:00,20.76,20.78,20.61,20.66
2025-06-02 03:00:00,20.66,20.67,20.46,20.57
2025-06-02 04:00:00,20.57,20.71,20.56,20.58
2025-06-02 05:00:00,20.59,20.68,20.48,20.6
2025-06-02 06:00:00,20.6,20.73,20.51,20.65
2025-06-02 07:00:00,20.66,20.81,20.65,20.68
2025-06-02 08:00:00,20.68,20.81,20.57,20.62
2025-06-02 09:00:00,20.62,20.62,20.33,20.36
2025-06-02 10:00:00,20.36,20.45,20.24,20.34
2025-06-02 11:00:00,20.34,20.4,20.22,20.32
2025-06-02 12:00:00,20.32,20.51,20.26,20.49
2025-06-02 13:00:00,20.5,20.68,20.35,20.44
2025-06-02 14:00:00,20.44,20.69,20.36,20.51
2025-06-02 15:00:00,20.51,20.7,20.41,20.57
2025-06-02 16:00:00,20.57,20.59,20.41,20.53
2025-06-02 17:00:00,20.54,20.61,20.42,20.55
2025-06-02 18:00:00,20.56,20.76,20.52,20.61
2025-06-02 19:00:00,20.62,20.78,20.41,20.54
2025-06-02 20:00:00,20.55,20.74,20.55,20.7
2025-06-02 21:00:00,20.7,20.9,20.7,20.89
2025-06-02 22:00:00,20.89,21.32,20.89,21.13
2025-06-02 23:00:00,21.14,21.27,21.13,21.15
2025-06-03 00:00:00,21.16,21.43,21.14,21.36
2025-06-03 01:00:00,21.37,21.69,21.37,21.66
2025-06-03 02:00:00,21.66,21.7,21.4,21.45
2025-06-03 03:00:00,21.45,21.49,21.25,21.27
2025-06-03 04:00:00,21.28,21.3,21.12,21.15
2025-06-03 05:00:00,21.15,21.42,21.15,21.42
2025-06-03 06:00:00,21.42,21.46,21.28,21.45
2025-06-03 07:00:00,21.46,21.47,21.27,21.29
2025-06-03 08:00:00,21.29,21.37,21.13,21.22
2025-06-03 09:00:00,21.22,21.3,21.15,21.2
2025-06-03 10:00:00,21.21,21.24,21.16,21.23
2025-06-03 11:00:00,21.23,21.32,21.16,21.23
2025-06-03 12:00:00,21.23,21.28,21.15,21.24
2025-06-03 13:00:00,21.24,21.48,21.23,21.3
2025-06-03 14:00:00,21.31,21.55,21.14,21.53
2025-06-03 15:00:00,21.53,21.58,21.34,21.37
2025-06-03 16:00:00,21.37,21.44,21.27,21.29
2025-06-03 17:00:00,21.28,21.51,21.26,21.44
2025-06-03 18:00:00,21.45,21.45,21.3,21.44
2025-06-03 19:00:00,21.44,21.6,21.42,21.54
2025-06-03 20:00:00,21.54,21.57,21.07,21.23
2025-06-03 21:00:00,21.22,21.27,20.89,20.99
2025-06-03 22:00:00,21,21.28,20.97,21.21
2025-06-03 23:00:00,21.21,21.22,21.05,21.14
2025-06-04 00:00:00,21.14,21.3,21.05,21.28
2025-06-04 01:00:00,21.29,21.56,21.29,21.51
2025-06-04 02:00:00,21.52,21.64,21.39,21.43
2025-06-04 03:00:00,21.43,21.6,21.42,21.49
2025-06-04 04:00:00,21.48,21.53,21.37,21.4
2025-06-04 05:00:00,21.41,21.44,21.31,21.34
2025-06-04 06:00:00,21.35,21.59,21.26,21.47
2025-06-04 07:00:00,21.48,21.54,21.36,21.42
2025-06-04 08:00:00,21.42,21.55,21.4,21.41
2025-06-04 09:00:00,21.41,21.46,21.25,21.32
2025-06-04 10:00:00,21.33,21.36,21.18,21.2
2025-06-04 11:00:00,21.2,21.22,21.04,21.04
2025-06-04 12:00:00,21.05,21.12,20.9,20.96
2025-06-04 13:00:00,20.95,21.02,20.79,20.88
2025-06-04 14:00:00,20.88,20.97,20.72,20.96
2025-06-04 15:00:00,20.96,21.16,20.91,21.1
2025-06-04 16:00:00,21.1,21.1,20.97,21.05
2025-06-04 17:00:00,21.05,21.06,20.77,20.84
2025-06-04 18:00:00,20.84,20.92,20.78,20.81
2025-06-04 19:00:00,20.82,20.86,20.65,20.66
2025-06-04 20:00:00,20.65,20.66,20.14,20.19
2025-06-04 21:00:00,20.19,20.47,20.08,20.35
2025-06-04 22:00:00,20.35,20.37,20.18,20.2
2025-06-04 23:00:00,20.19,20.24,20.06,20.09
2025-06-05 00:00:00,20.08,20.24,20.03,20.15
2025-06-05 01:00:00,20.15,20.2,19.95,20.03
2025-06-05 02:00:00,20.03,20.28,20.02,20.18
2025-06-05 03:00:00,20.18,20.24,20.08,20.22
2025-06-05 04:00:00,20.22,20.36,20.17,20.32
2025-06-05 05:00:00,20.33,20.35,20.06,20.12
2025-06-05 06:00:00,20.12,20.25,20.05,20.08
2025-06-05 07:00:00,20.08,20.3,20.06,20.22
2025-06-05 08:00:00,20.22,20.35,20.17,20.21
2025-06-05 09:00:00,20.22,20.36,20.2,20.27
2025-06-05 10:00:00,20.27,20.28,20.01,20.11
2025-06-05 11:00:00,20.11,20.19,20.08,20.18
2025-06-05 12:00:00,20.18,20.53,20.13,20.46
2025-06-05 13:00:00,20.47,20.54,19.98,20.02
2025-06-05 14:00:00,20.02,20.2,19.79,20.04
2025-06-05 15:00:00,20.03,20.12,19.96,19.99
2025-06-05 16:00:00,19.99,20.02,19.6,19.63
2025-06-05 17:00:00,19.62,19.75,19.57,19.66
2025-06-05 18:00:00,19.66,19.8,19.55,19.69
2025-06-05 19:00:00,19.7,19.72,19.1,19.28
2025-06-05 20:00:00,19.27,19.36,18.45,18.49
2025-06-05 21:00:00,18.49,18.86,18.43,18.82
2025-06-05 22:00:00,18.82,18.91,18.63,18.84
2025-06-05 23:00:00,18.83,18.89,18.73,18.75
2025-06-06 00:00:00,18.75,18.87,18.63,18.87
2025-06-06 01:00:00,18.87,18.88,18.77,18.85
2025-06-06 02:00:00,18.86,18.98,18.76,18.98
2025-06-06 03:00:00,18.98,19.18,18.93,19.17
2025-06-06 04:00:00,19.16,19.37,19.14,19.33
2025-06-06 05:00:00,19.33,19.39,19.23,19.34
2025-06-06 06:00:00,19.33,19.5,19.32,19.37
2025-06-06 07:00:00,19.38,19.41,19.28,19.36
2025-06-06 08:00:00,19.36,19.48,19.34,19.4
2025-06-06 09:00:00,19.4,19.49,19.29,19.29
2025-06-06 10:00:00,19.3,19.43,19.29,19.35
2025-06-06 11:00:00,19.35,19.47,19.32,19.37
2025-06-06 12:00:00,19.37,19.68,19.33,19.42
2025-06-06 13:00:00,19.43,19.75,19.43,19.63
2025-06-06 14:00:00,19.64,19.86,19.63,19.85
2025-06-06 15:00:00,19.85,19.95,19.66,19.71
2025-06-06 16:00:00,19.72,19.81,19.56,19.6
2025-06-06 17:00:00,19.6,19.67,19.51,19.63
2025-06-06 18:00:00,19.63,19.67,19.39,19.43
2025-06-06 19:00:00,19.42,19.51,19.37,19.4
2025-06-06 20:00:00,19.41,19.61,19.36,19.52
2025-06-06 21:00:00,19.51,19.76,19.43,19.75
2025-06-06 22:00:00,19.76,19.92,19.67,19.75
2025-06-06 23:00:00,19.76,19.8,19.61,19.64
2025-06-07 00:00:00,19.64,19.85,19.56,19.84
2025-06-07 01:00:00,19.84,19.87,19.62,19.7
2025-06-07 02:00:00,19.69,19.89,19.65,19.88
2025-06-07 03:00:00,19.88,20.14,19.85,20.1
2025-06-07 04:00:00,20.1,20.17,20.04,20.11
2025-06-07 05:00:00,20.12,20.32,20.1,20.28
2025-06-07 06:00:00,20.29,20.45,20.22,20.42
2025-06-07 07:00:00,20.43,20.71,20.34,20.65
2025-06-07 08:00:00,20.65,20.81,20.61,20.64
2025-06-07 09:00:00,20.65,20.74,20.63,20.71
2025-06-07 10:00:00,20.71,20.92,20.68,20.89
2025-06-07 11:00:00,20.89,21.13,20.83,21.04
2025-06-07 12:00:00,21.04,21.06,20.83,21
2025-06-07 13:00:00,21.01,21.04,20.77,20.97
2025-06-07 14:00:00,20.98,21.02,20.87,20.89
2025-06-07 15:00:00,20.9,20.98,20.85,20.9
2025-06-07 16:00:00,20.9,20.99,20.68,20.68
2025-06-07 17:00:00,20.69,20.77,20.67,20.69
2025-06-07 18:00:00,20.69,20.86,20.68,20.75
2025-06-07 19:00:00,20.74,20.85,20.74,20.83
2025-06-07 20:00:00,20.83,20.86,20.78,20.82
2025-06-07 21:00:00,20.82,20.92,20.81,20.86
2025-06-07 22:00:00,20.85,20.92,20.78,20.85
2025-06-07 23:00:00,20.84,20.84,20.64,20.65
2025-06-08 00:00:00,20.66,20.67,20.42,20.49
2025-06-08 01:00:00,20.48,20.58,20.37,20.57
2025-06-08 02:00:00,20.57,20.57,20.4,20.4
2025-06-08 03:00:00,20.4,20.41,20.34,20.35
2025-06-08 04:00:00,20.35,20.4,20.28,20.36
2025-06-08 05:00:00,20.36,20.4,20.26,20.28
2025-06-08 06:00:00,20.27,20.36,20.25,20.26
2025-06-08 07:00:00,20.27,20.38,20.25,20.28
2025-06-08 08:00:00,20.27,20.67,20.27,20.63
2025-06-08 09:00:00,20.63,20.63,20.14,20.18
2025-06-08 10:00:00,20.18,20.33,20.15,20.31
2025-06-08 11:00:00,20.31,20.56,20.3,20.49
2025-06-08 12:00:00,20.5,20.53,20.35,20.47
2025-06-08 13:00:00,20.48,20.75,20.47,20.5
2025-06-08 14:00:00,20.51,20.73,20.47,20.69
2025-06-08 15:00:00,20.69,20.84,20.63,20.68
2025-06-08 16:00:00,20.69,20.9,20.65,20.81
2025-06-08 17:00:00,20.82,21,20.81,20.94
2025-06-08 18:00:00,20.94,21.23,20.91,21.22
2025-06-08 19:00:00,21.22,21.35,21.1,21.34
2025-06-08 20:00:00,21.35,21.49,21.31,21.32
2025-06-08 21:00:00,21.33,21.49,21.33,21.39
2025-06-08 22:00:00,21.39,21.43,21.1,21.15
2025-06-08 23:00:00,21.16,21.25,21.01,21.04
2025-06-09 00:00:00,21.04,21.14,20.88,20.93
2025-06-09 01:00:00,20.94,21.02,20.78,20.85
2025-06-09 02:00:00,20.84,20.94,20.64,20.69
2025-06-09 03:00:00,20.69,20.79,20.6,20.74
2025-06-09 04:00:00,20.74,20.74,20.46,20.47
2025-06-09 05:00:00,20.47,20.47,20.28,20.29
2025-06-09 06:00:00,20.29,20.42,20.24,20.39
2025-06-09 07:00:00,20.39,20.39,20.27,20.34
2025-06-09 08:00:00,20.34,20.44,20.22,20.42
2025-06-09 09:00:00,20.42,20.81,20.37,20.64
2025-06-09 10:00:00,20.64,20.89,20.57,20.79
2025-06-09 11:00:00,20.79,20.93,20.72,20.81
2025-06-09 12:00:00,20.82,20.97,20.72,20.95
2025-06-09 13:00:00,20.95,20.98,20.59,20.66
2025-06-09 14:00:00,20.66,21.01,20.66,20.9
2025-06-09 15:00:00,20.9,21.13,20.88,21.02
2025-06-09 16:00:00,21.03,21.36,21.02,21.19
2025-06-09 17:00:00,21.2,21.43,21.2,21.38
2025-06-09 18:00:00,21.39,21.45,21.23,21.34
2025-06-09 19:00:00,21.34,21.44,21.26,21.37
2025-06-09 20:00:00,21.37,21.43,21.2,21.29
2025-06-09 21:00:00,21.28,21.86,21.28,21.79
2025-06-09 22:00:00,21.8,21.98,21.77,21.96
2025-06-09 23:00:00,21.96,22.04,21.78,21.95
2025-06-10 00:00:00,21.94,22.21,21.94,22.01
2025-06-10 01:00:00,22.01,22.19,21.98,22.07
2025-06-10 02:00:00,22.06,22.06,21.86,21.88
2025-06-10 03:00:00,21.88,21.9,21.76,21.82
2025-06-10 04:00:00,21.82,21.88,21.61,21.69
2025-06-10 05:00:00,21.7,21.83,21.54,21.64
2025-06-10 06:00:00,21.64,21.78,21.51,21.71
2025-06-10 07:00:00,21.71,21.82,21.63,21.69
2025-06-10 08:00:00,21.68,21.76,21.53,21.53
2025-06-10 09:00:00,21.54,21.71,21.51,21.69
2025-06-10 10:00:00,21.68,21.77,21.56,21.75
2025-06-10 11:00:00,21.75,22.32,21.59,22.22
2025-06-10 12:00:00,22.22,22.46,22.07,22.43
2025-06-10 13:00:00,22.43,22.48,21.77,22.05
2025-06-10 14:00:00,22.05,22.18,21.71,21.8
2025-06-10 15:00:00,21.8,21.99,21.56,21.93
2025-06-10 16:00:00,21.93,22.09,21.76,21.77
2025-06-10 17:00:00,21.77,21.98,21.76,21.89
2025-06-10 18:00:00,21.9,22.24,21.81,22.17
2025-06-10 19:00:00,22.17,22.48,22.12,22.22
2025-06-10 20:00:00,22.22,22.25,22.02,22.25
2025-06-10 21:00:00,22.25,22.31,22.02,22.23
2025-06-10 22:00:00,22.23,22.59,22.23,22.44
2025-06-10 23:00:00,22.44,22.58,22.39,22.57
2025-06-11 00:00:00,22.57,22.66,22.22,22.24
2025-06-11 01:00:00,22.25,22.28,22.03,22.1
2025-06-11 02:00:00,22.09,22.22,22.05,22.14
2025-06-11 03:00:00,22.13,22.38,22.12,22.31
2025-06-11 04:00:00,22.31,22.33,22.17,22.23
2025-06-11 05:00:00,22.24,22.28,22.13,22.19
2025-06-11 06:00:00,22.19,22.31,22.13,22.28
2025-06-11 07:00:00,22.28,22.48,22.22,22.37
2025-06-11 08:00:00,22.38,22.43,22.18,22.21
2025-06-11 09:00:00,22.22,22.25,21.92,21.99
2025-06-11 10:00:00,21.99,22.11,21.93,22.08
2025-06-11 11:00:00,22.08,22.1,21.87,21.99
2025-06-11 12:00:00,22,22.5,21.89,22.33
2025-06-11 13:00:00,22.33,22.45,22.18,22.25
2025-06-11 14:00:00,22.25,22.77,22.22,22.52
2025-06-11 15:00:00,22.53,22.68,22.37,22.57
2025-06-11 16:00:00,22.58,22.61,22.36,22.45
2025-06-11 17:00:00,22.45,22.45,21.88,21.91
2025-06-11 18:00:00,21.91,21.98,21.74,21.82
2025-06-11 19:00:00,21.83,21.88,21.65,21.72
2025-06-11 20:00:00,21.71,21.87,21.6,21.74
2025-06-11 21:00:00,21.74,21.94,21.45,21.51
2025-06-11 22:00:00,21.51,21.59,21.32,21.47
2025-06-11 23:00:00,21.47,21.63,21.41,21.57
2025-06-12 00:00:00,21.56,21.62,21.34,21.52
2025-06-12 01:00:00,21.52,21.54,21.28,21.49
2025-06-12 02:00:00,21.48,21.56,21.38,21.42
2025-06-12 03:00:00,21.42,21.44,21.14,21.21
2025-06-12 04:00:00,21.22,21.27,21.12,21.23
2025-06-12 05:00:00,21.23,21.25,21.06,21.18
2025-06-12 06:00:00,21.18,21.26,21.05,21.14
2025-06-12 07:00:00,21.14,21.2,20.96,21.03
2025-06-12 08:00:00,21.02,21.13,20.92,21.09
2025-06-12 09:00:00,21.08,21.13,20.97,21.02
2025-06-12 10:00:00,21.02,21.03,20.83,20.93
2025-06-12 11:00:00,20.93,20.96,20.77,20.8
2025-06-12 12:00:00,20.81,21.09,20.74,20.98
2025-06-12 13:00:00,20.99,21.22,20.96,21.17
2025-06-12 14:00:00,21.17,21.31,21.15,21.2
2025-06-12 15:00:00,21.2,21.27,20.82,20.87
2025-06-12 16:00:00,20.86,21.19,20.82,21.07
2025-06-12 17:00:00,21.07,21.25,21.05,21.18
2025-06-12 18:00:00,21.17,21.19,20.8,20.92
2025-06-12 19:00:00,20.92,20.96,20.49,20.59
2025-06-12 20:00:00,20.58,20.68,20.15,20.3
2025-06-12 21:00:00,20.29,20.54,20.25,20.29
2025-06-12 22:00:00,20.3,20.41,20.26,20.36
2025-06-12 23:00:00,20.36,20.43,20.26,20.28
2025-06-13 00:00:00,20.28,20.3,19,19.2
2025-06-13 01:00:00,19.19,19.19,18.6,18.83
2025-06-13 02:00:00,18.82,18.84,18.46,18.7
2025-06-13 03:00:00,18.69,19.2,18.66,19.11
2025-06-13 04:00:00,19.1,19.11,18.83,19.04
2025-06-13 05:00:00,19.04,19.09,18.96,18.96
2025-06-13 06:00:00,18.97,19.11,18.79,19.11
2025-06-13 07:00:00,19.11,19.18,18.95,19.14
2025-06-13 08:00:00,19.15,19.41,19.08,19.24
2025-06-13 09:00:00,19.23,19.31,19.04,19.14
2025-06-13 10:00:00,19.15,19.23,19.02,19.22
2025-06-13 11:00:00,19.23,19.3,19.02,19.25
2025-06-13 12:00:00,19.25,19.33,19.05,19.08
2025-06-13 13:00:00,19.08,19.27,18.96,19.04
2025-06-13 14:00:00,19.05,19.16,18.87,19.11
2025-06-13 15:00:00,19.11,19.43,19.1,19.3
2025-06-13 16:00:00,19.31,19.55,19.26,19.42
2025-06-13 17:00:00,19.42,19.44,19.07,19.24
2025-06-13 18:00:00,19.23,19.27,18.91,19.04
2025-06-13 19:00:00,19.04,19.17,18.97,19.03
2025-06-13 20:00:00,19.03,19.29,18.97,19.21
2025-06-13 21:00:00,19.22,19.28,19.12,19.22
2025-06-13 22:00:00,19.22,19.36,19.2,19.29
2025-06-13 23:00:00,19.3,19.44,19.29,19.41
2025-06-14 00:00:00,19.42,19.43,19.23,19.25
2025-06-14 01:00:00,19.25,19.29,19.16,19.23
2025-06-14 02:00:00,19.22,19.32,19.16,19.19
2025-06-14 03:00:00,19.19,19.34,19.17,19.25
2025-06-14 04:00:00,19.25,19.42,19.24,19.36
2025-06-14 05:00:00,19.36,19.37,19.24,19.27
2025-06-14 06:00:00,19.28,19.3,19.17,19.2
2025-06-14 07:00:00,19.2,19.29,19.07,19.24
2025-06-14 08:00:00,19.23,19.24,19.1,19.18
2025-06-14 09:00:00,19.18,19.18,19.03,19.05
2025-06-14 10:00:00,19.05,19.15,19,19.12
2025-06-14 11:00:00,19.11,19.17,19.07,19.13
2025-06-14 12:00:00,19.13,19.15,19.01,19.14
2025-06-14 13:00:00,19.13,19.21,19.01,19.09
2025-06-14 14:00:00,19.1,19.13,18.99,19.03
2025-06-14 15:00:00,19.03,19.08,18.85,18.97
2025-06-14 16:00:00,18.96,19.03,18.71,18.73
2025-06-14 17:00:00,18.73,18.97,18.71,18.94
2025-06-14 18:00:00,18.94,19.07,18.75,18.91
2025-06-14 19:00:00,18.91,18.99,18.87,18.89
2025-06-14 20:00:00,18.89,18.93,18.75,18.9
2025-06-14 21:00:00,18.91,19.1,18.85,19.06
2025-06-14 22:00:00,19.05,19.1,18.9,18.96
2025-06-14 23:00:00,18.95,19.01,18.93,18.93
2025-06-15 00:00:00,18.94,19.05,18.9,19.03
2025-06-15 01:00:00,19.03,19.05,18.92,18.96
2025-06-15 02:00:00,18.96,19.06,18.93,18.93
2025-06-15 03:00:00,18.94,19.02,18.9,18.97
2025-06-15 04:00:00,18.98,19.16,18.96,19.15
2025-06-15 05:00:00,19.16,19.25,19.05,19.25
2025-06-15 06:00:00,19.25,19.28,19.09,19.1
2025-06-15 07:00:00,19.1,19.12,18.93,18.97
2025-06-15 08:00:00,18.97,18.98,18.85,18.89
2025-06-15 09:00:00,18.88,18.88,18.77,18.81
2025-06-15 10:00:00,18.8,18.97,18.79,18.95
2025-06-15 11:00:00,18.96,19.03,18.88,18.98
2025-06-15 12:00:00,18.98,19.04,18.91,19.02
2025-06-15 13:00:00,19.02,19.07,18.88,19.02
2025-06-15 14:00:00,19.03,19.22,18.91,19.17
2025-06-15 15:00:00,19.18,19.26,19.05,19.07
2025-06-15 16:00:00,19.08,19.14,19,19.13
2025-06-15 17:00:00,19.13,19.2,19.02,19.13
2025-06-15 18:00:00,19.14,19.14,19,19.09
2025-06-15 19:00:00,19.08,19.18,19,19.08
2025-06-15 20:00:00,19.08,19.09,18.76,18.83
2025-06-15 21:00:00,18.83,18.94,18.73,18.94
2025-06-15 22:00:00,18.93,19.19,18.91,19.12
2025-06-15 23:00:00,19.11,19.15,19.05,19.1
2025-06-16 00:00:00,19.11,19.14,19,19.08
2025-06-16 01:00:00,19.09,19.36,18.9,19.33
2025-06-16 02:00:00,19.34,19.48,19.34,19.35
2025-06-16 03:00:00,19.36,19.39,19.25,19.27
2025-06-16 04:00:00,19.27,19.46,19.24,19.41
2025-06-16 05:00:00,19.41,19.64,19.35,19.61
2025-06-16 06:00:00,19.62,19.76,19.6,19.65
2025-06-16 07:00:00,19.65,19.86,19.65,19.79
2025-06-16 08:00:00,19.8,19.84,19.65,19.72
2025-06-16 09:00:00,19.73,19.77,19.67,19.74
2025-06-16 10:00:00,19.74,19.79,19.58,19.61
2025-06-16 11:00:00,19.61,19.65,19.42,19.63
2025-06-16 12:00:00,19.64,19.65,19.5,19.52
2025-06-16 13:00:00,19.52,19.75,19.47,19.74
2025-06-16 14:00:00,19.74,19.93,19.68,19.74
2025-06-16 15:00:00,19.74,19.86,19.68,19.72
2025-06-16 16:00:00,19.72,19.89,19.67,19.78
2025-06-16 17:00:00,19.77,19.85,19.68,19.71
2025-06-16 18:00:00,19.71,19.83,19.65,19.82
2025-06-16 19:00:00,19.82,19.93,19.71,19.78
2025-06-16 20:00:00,19.77,20,19.65,19.93
2025-06-16 21:00:00,19.93,19.98,19.8,19.84
2025-06-16 22:00:00,19.85,19.94,19.18,19.35
2025-06-16 23:00:00,19.34,19.54,19,19.06
2025-06-17 00:00:00,19.06,19.29,18.7,19.28
2025-06-17 01:00:00,19.29,19.37,19.15,19.23
2025-06-17 02:00:00,19.22,19.41,19.06,19.38
2025-06-17 03:00:00,19.38,19.49,19.27,19.31
2025-06-17 04:00:00,19.3,19.33,19.2,19.25
2025-06-17 05:00:00,19.25,19.29,19.16,19.2
2025-06-17 06:00:00,19.2,19.26,19.04,19.09
2025-06-17 07:00:00,19.09,19.19,19.08,19.14
2025-06-17 08:00:00,19.14,19.16,18.97,19
2025-06-17 09:00:00,19.01,19.07,18.91,18.98
2025-06-17 10:00:00,18.98,19,18.85,18.99
2025-06-17 11:00:00,18.99,18.99,18.85,18.93
2025-06-17 12:00:00,18.93,19.04,18.89,18.91
2025-06-17 13:00:00,18.92,19.06,18.88,18.92
2025-06-17 14:00:00,18.92,19.06,18.72,18.74
2025-06-17 15:00:00,18.74,18.78,18.52,18.67
2025-06-17 16:00:00,18.67,18.68,18.15,18.16
2025-06-17 17:00:00,18.16,18.44,18.13,18.28
2025-06-17 18:00:00,18.28,18.6,18.26,18.58
2025-06-17 19:00:00,18.59,18.94,18.58,18.79
2025-06-17 20:00:00,18.79,18.86,18.64,18.67
2025-06-17 21:00:00,18.67,18.71,18.48,18.54
2025-06-17 22:00:00,18.54,18.56,18.34,18.36
2025-06-17 23:00:00,18.36,18.68,18.36,18.58
2025-06-18 00:00:00,18.59,18.74,18.53,18.69
2025-06-18 01:00:00,18.7,18.85,18.63,18.64
2025-06-18 02:00:00,18.64,18.7,18.55,18.58
2025-06-18 03:00:00,18.58,18.75,18.56,18.7
2025-06-18 04:00:00,18.71,18.9,18.69,18.85
2025-06-18 05:00:00,18.85,18.88,18.77,18.79
2025-06-18 06:00:00,18.79,18.84,18.64,18.68
2025-06-18 07:00:00,18.68,18.73,18.65,18.73
2025-06-18 08:00:00,18.74,18.83,18.56,18.62
2025-06-18 09:00:00,18.63,18.69,18.5,18.55
2025-06-18 10:00:00,18.56,18.56,18.26,18.29
2025-06-18 11:00:00,18.28,18.55,18.23,18.52
2025-06-18 12:00:00,18.52,18.55,18.36,18.4
2025-06-18 13:00:00,18.39,18.4,18.07,18.38
2025-06-18 14:00:00,18.39,18.59,18.29,18.36
2025-06-18 15:00:00,18.36,18.49,18.23,18.35
2025-06-18 16:00:00,18.34,18.35,18.12,18.21
2025-06-18 17:00:00,18.22,18.4,18.08,18.37
2025-06-18 18:00:00,18.37,18.5,18.12,18.12
2025-06-18 19:00:00,18.11,18.39,18.08,18.22
2025-06-18 20:00:00,18.22,18.64,18.13,18.6
2025-06-18 21:00:00,18.59,18.64,18.33,18.4
2025-06-18 22:00:00,18.39,18.39,18.17,18.17
2025-06-18 23:00:00,18.18,18.24,18.09,18.16
2025-06-19 00:00:00,18.17,18.39,18.1,18.17
2025-06-19 01:00:00,18.16,18.17,18,18.05
2025-06-19 02:00:00,18.06,18.11,17.92,17.99
2025-06-19 03:00:00,17.99,18.13,17.99,18.06
2025-06-19 04:00:00,18.06,18.07,17.8,17.89
2025-06-19 05:00:00,17.89,18.07,17.85,17.91
2025-06-19 06:00:00,17.91,17.96,17.86,17.93
2025-06-19 07:00:00,17.93,17.99,17.9,17.92
2025-06-19 08:00:00,17.91,18.03,17.91,17.92
2025-06-19 09:00:00,17.91,18.1,17.88,18.04
2025-06-19 10:00:00,18.04,18.08,17.95,17.99
2025-06-19 11:00:00,17.99,17.99,17.87,17.91
2025-06-19 12:00:00,17.91,18.01,17.85,17.96
2025-06-19 13:00:00,17.97,18.04,17.74,17.79
2025-06-19 14:00:00,17.79,17.9,17.66,17.71
2025-06-19 15:00:00,17.7,17.79,17.66,17.74
2025-06-19 16:00:00,17.74,17.86,17.64,17.66
2025-06-19 17:00:00,17.67,17.98,17.64,17.95
2025-06-19 18:00:00,17.94,18.09,17.88,17.96
2025-06-19 19:00:00,17.97,18.03,17.9,17.94
2025-06-19 20:00:00,17.94,18.08,17.92,18.04
2025-06-19 21:00:00,18.03,18.07,17.94,18
2025-06-19 22:00:00,18.01,18.19,18.01,18.12
2025-06-19 23:00:00,18.12,18.17,18.02,18.06
2025-06-20 00:00:00,18.06,18.16,18.04,18.08
2025-06-20 01:00:00,18.08,18.17,17.99,18.13
2025-06-20 02:00:00,18.14,18.18,18.02,18.06
2025-06-20 03:00:00,18.05,18.06,17.98,17.99
2025-06-20 04:00:00,17.99,18.02,17.85,17.86
2025-06-20 05:00:00,17.85,17.98,17.82,17.97
2025-06-20 06:00:00,17.98,18.05,17.95,18.02
2025-06-20 07:00:00,18.01,18.41,17.99,18.33
2025-06-20 08:00:00,18.33,18.41,18.18,18.21
2025-06-20 09:00:00,18.21,18.26,18.15,18.22
2025-06-20 10:00:00,18.22,18.3,18.16,18.28
2025-06-20 11:00:00,18.28,18.33,18.22,18.25
2025-06-20 12:00:00,18.26,18.37,18.23,18.31
2025-06-20 13:00:00,18.31,18.36,18.13,18.19
2025-06-20 14:00:00,18.19,18.24,17.73,17.75
2025-06-20 15:00:00,17.75,17.94,17.74,17.82
2025-06-20 16:00:00,17.82,17.83,17.45,17.49
2025-06-20 17:00:00,17.49,17.52,16.94,17.34
2025-06-20 18:00:00,17.33,17.49,17.32,17.41
2025-06-20 19:00:00,17.41,17.47,17.26,17.44
2025-06-20 20:00:00,17.44,17.68,17.43,17.56
2025-06-20 21:00:00,17.56,17.56,17.34,17.35
2025-06-20 22:00:00,17.36,17.36,17.2,17.3
2025-06-20 23:00:00,17.31,17.39,17.26,17.37
2025-06-21 00:00:00,17.38,17.51,17.37,17.43
2025-06-21 01:00:00,17.44,17.56,17.42,17.53
2025-06-21 02:00:00,17.54,17.56,17.47,17.54
2025-06-21 03:00:00,17.54,17.64,17.54,17.6
2025-06-21 04:00:00,17.59,17.62,17.52,17.52
2025-06-21 05:00:00,17.53,17.61,17.51,17.56
2025-06-21 06:00:00,17.56,17.6,17.53,17.57
2025-06-21 07:00:00,17.57,17.59,17.49,17.55
2025-06-21 08:00:00,17.55,17.61,17.49,17.61
2025-06-21 09:00:00,17.6,17.64,17.52,17.6
2025-06-21 10:00:00,17.6,17.61,17.49,17.53
2025-06-21 11:00:00,17.53,17.63,17.52,17.6
2025-06-21 12:00:00,17.61,17.63,17.35,17.35
2025-06-21 13:00:00,17.36,17.39,17.13,17.16
2025-06-21 14:00:00,17.17,17.25,17.07,17.14
2025-06-21 15:00:00,17.14,17.19,17,17.15
2025-06-21 16:00:00,17.15,17.2,17.02,17.08
2025-06-21 17:00:00,17.07,17.14,16.82,16.86
2025-06-21 18:00:00,16.86,17.01,16.79,16.82
2025-06-21 19:00:00,16.82,16.92,16.76,16.78
2025-06-21 20:00:00,16.79,17.12,16.78,17.08
2025-06-21 21:00:00,17.09,17.11,16.32,16.58
2025-06-21 22:00:00,16.58,16.77,16.53,16.69
2025-06-21 23:00:00,16.7,16.84,16.45,16.82
2025-06-22 00:00:00,16.82,17.11,16.68,16.98
2025-06-22 01:00:00,16.99,17.11,16.84,16.84
2025-06-22 02:00:00,16.84,16.99,16.59,16.78
2025-06-22 03:00:00,16.77,16.86,16.6,16.7
2025-06-22 04:00:00,16.7,16.98,16.66,16.92
2025-06-22 05:00:00,16.93,17,16.83,16.95
2025-06-22 06:00:00,16.96,17.01,16.89,16.99
2025-06-22 07:00:00,16.99,17,16.79,16.84
2025-06-22 08:00:00,16.84,16.9,16.76,16.87
2025-06-22 09:00:00,16.88,16.93,16.53,16.53
2025-06-22 10:00:00,16.54,16.75,16.53,16.68
2025-06-22 11:00:00,16.69,16.81,16.58,16.67
2025-06-22 12:00:00,16.66,16.74,16.5,16.69
2025-06-22 13:00:00,16.69,16.72,16.01,16.22
2025-06-22 14:00:00,16.22,16.33,15.95,16.3
2025-06-22 15:00:00,16.3,16.38,15.99,16.04
2025-06-22 16:00:00,16.03,16.19,15.96,16.18
2025-06-22 17:00:00,16.19,16.35,16.07,16.23
2025-06-22 18:00:00,16.22,16.3,16.04,16.07
2025-06-22 19:00:00,16.06,16.08,15.9,15.94
2025-06-22 20:00:00,15.95,16.15,15.61,16.06
2025-06-22 21:00:00,16.06,16.17,15.88,15.96
2025-06-22 22:00:00,15.96,16.4,15.95,16.39
2025-06-22 23:00:00,16.39,16.53,16.29,16.53
2025-06-23 00:00:00,16.53,16.76,16.5,16.57
2025-06-23 01:00:00,16.57,16.68,16.49,16.67
2025-06-23 02:00:00,16.68,16.71,16.61,16.63
2025-06-23 03:00:00,16.63,16.68,16.49,16.52
2025-06-23 04:00:00,16.53,16.66,16.52,16.64
2025-06-23 05:00:00,16.65,16.82,16.65,16.8
2025-06-23 06:00:00,16.81,16.95,16.81,16.94
2025-06-23 07:00:00,16.93,17.06,16.91,16.91
2025-06-23 08:00:00,16.92,17.1,16.9,17.08
2025-06-23 09:00:00,17.07,17.15,17,17.12
2025-06-23 10:00:00,17.13,17.15,16.84,16.89
2025-06-23 11:00:00,16.89,16.91,16.79,16.87
2025-06-23 12:00:00,16.88,17.05,16.78,17.04
2025-06-23 13:00:00,17.04,17.29,16.75,17.11
2025-06-23 14:00:00,17.12,17.23,16.92,16.98
2025-06-23 15:00:00,16.98,17.06,16.72,16.76
2025-06-23 16:00:00,16.75,16.77,16.26,16.36
2025-06-23 17:00:00,16.37,17.02,16.3,16.98
2025-06-23 18:00:00,16.98,17.24,16.97,17.16
2025-06-23 19:00:00,17.17,17.32,17.11,17.3
2025-06-23 20:00:00,17.31,17.77,17.26,17.52
2025-06-23 21:00:00,17.53,17.7,17.35,17.38
2025-06-23 22:00:00,17.38,18.19,17.38,18.02
2025-06-23 23:00:00,18.01,18.13,17.99,18.06
2025-06-24 00:00:00,18.06,18.16,17.95,18.02
2025-06-24 01:00:00,18.03,18.24,17.99,18.15
2025-06-24 02:00:00,18.14,18.15,18,18.12
2025-06-24 03:00:00,18.11,18.21,18.02,18.06
2025-06-24 04:00:00,18.05,18.09,17.97,18.07
2025-06-24 05:00:00,18.07,18.36,18.04,18.36
2025-06-24 06:00:00,18.35,18.49,18.28,18.45
2025-06-24 07:00:00,18.45,18.45,18.04,18.06
2025-06-24 08:00:00,18.05,18.11,17.88,18.05
2025-06-24 09:00:00,18.04,18.29,18,18.11
2025-06-24 10:00:00,18.11,18.17,18.05,18.14
2025-06-24 11:00:00,18.15,18.21,18.01,18.13
2025-06-24 12:00:00,18.12,18.18,18,18.1
2025-06-24 13:00:00,18.09,18.17,17.99,18.07
2025-06-24 14:00:00,18.07,18.29,18.07,18.2
2025-06-24 15:00:00,18.21,18.26,18.07,18.17
2025-06-24 16:00:00,18.17,18.43,18.1,18.4
2025-06-24 17:00:00,18.4,18.43,18.11,18.14
2025-06-24 18:00:00,18.14,18.16,17.97,18.1
2025-06-24 19:00:00,18.09,18.12,17.93,18.03
2025-06-24 20:00:00,18.02,18.19,17.96,18.18
2025-06-24 21:00:00,18.18,18.23,18.05,18.2
2025-06-24 22:00:00,18.2,18.2,18.06,18.15
2025-06-24 23:00:00,18.16,18.24,18.06,18.23
2025-06-25 00:00:00,18.24,18.33,18.1,18.3
2025-06-25 01:00:00,18.3,18.33,18.13,18.23
2025-06-25 02:00:00,18.23,18.37,18.16,18.18
2025-06-25 03:00:00,18.19,18.25,18.11,18.12
2025-06-25 04:00:00,18.13,18.18,18.08,18.11
2025-06-25 05:00:00,18.12,18.13,17.99,18.02
2025-06-25 06:00:00,18.03,18.09,17.98,18.07
2025-06-25 07:00:00,18.08,18.13,17.99,18.03
2025-06-25 08:00:00,18.04,18.05,17.81,17.91
2025-06-25 09:00:00,17.92,17.99,17.73,17.78
2025-06-25 10:00:00,17.78,17.91,17.75,17.9
2025-06-25 11:00:00,17.89,18,17.82,18
2025-06-25 12:00:00,18,18,17.86,17.92
2025-06-25 13:00:00,17.93,18.13,17.9,18.03
2025-06-25 14:00:00,18.03,18.04,17.63,17.8
2025-06-25 15:00:00,17.81,17.81,17.56,17.59
2025-06-25 16:00:00,17.6,17.74,17.58,17.61
2025-06-25 17:00:00,17.6,17.8,17.54,17.68
2025-06-25 18:00:00,17.68,17.69,17.57,17.6
2025-06-25 19:00:00,17.61,17.77,17.6,17.73
2025-06-25 20:00:00,17.73,17.76,17.67,17.74
2025-06-25 21:00:00,17.74,17.83,17.58,17.62
2025-06-25 22:00:00,17.61,17.61,17.46,17.5
2025-06-25 23:00:00,17.5,17.59,17.42,17.57
2025-06-26 00:00:00,17.57,17.64,17.53,17.55
2025-06-26 01:00:00,17.55,17.78,17.45,17.69
2025-06-26 02:00:00,17.69,17.87,17.63,17.86
2025-06-26 03:00:00,17.86,18.02,17.71,17.76
2025-06-26 04:00:00,17.77,17.79,17.63,17.71
2025-06-26 05:00:00,17.71,17.72,17.53,17.6
2025-06-26 06:00:00,17.61,17.67,17.57,17.64
2025-06-26 07:00:00,17.65,17.82,17.61,17.74
2025-06-26 08:00:00,17.73,17.79,17.59,17.6
2025-06-26 09:00:00,17.61,17.63,17.41,17.43
2025-06-26 10:00:00,17.43,17.5,17.39,17.48
2025-06-26 11:00:00,17.48,17.49,17.4,17.41
2025-06-26 12:00:00,17.42,17.44,17.27,17.3
2025-06-26 13:00:00,17.31,17.33,17.13,17.2
2025-06-26 14:00:00,17.2,17.39,17.1,17.29
2025-06-26 15:00:00,17.29,17.35,17.09,17.25
2025-06-26 16:00:00,17.25,17.27,17.15,17.21
2025-06-26 17:00:00,17.21,17.31,17.16,17.18
2025-06-26 18:00:00,17.18,17.33,17.15,17.22
2025-06-26 19:00:00,17.23,17.38,17.18,17.33
2025-06-26 20:00:00,17.33,17.64,17.29,17.46
2025-06-26 21:00:00,17.46,17.48,17.19,17.27
2025-06-26 22:00:00,17.27,17.36,17.19,17.2
2025-06-26 23:00:00,17.2,17.25,17.17,17.23
2025-06-27 00:00:00,17.24,17.3,17.09,17.09
2025-06-27 01:00:00,17.09,17.39,17.02,17.33
2025-06-27 02:00:00,17.34,17.54,17.3,17.49
2025-06-27 03:00:00,17.5,17.54,17.45,17.49
2025-06-27 04:00:00,17.49,17.55,17.46,17.52
2025-06-27 05:00:00,17.51,17.61,17.36,17.37
2025-06-27 06:00:00,17.38,17.49,17.34,17.45
2025-06-27 07:00:00,17.45,17.57,17.36,17.41
2025-06-27 08:00:00,17.4,17.62,17.39,17.57
2025-06-27 09:00:00,17.57,17.6,17.46,17.51
2025-06-27 10:00:00,17.52,17.53,17.44,17.49
2025-06-27 11:00:00,17.48,17.56,17.42,17.47
2025-06-27 12:00:00,17.48,17.57,17.3,17.31
2025-06-27 13:00:00,17.31,17.46,17.29,17.42
2025-06-27 14:00:00,17.42,17.54,17.38,17.39
2025-06-27 15:00:00,17.39,17.59,17.34,17.54
2025-06-27 16:00:00,17.55,17.79,17.5,17.64
2025-06-27 17:00:00,17.64,17.66,17.31,17.36
2025-06-27 18:00:00,17.36,17.39,17.13,17.17
2025-06-27 19:00:00,17.17,17.37,17.17,17.34
2025-06-27 20:00:00,17.33,17.47,17.31,17.46
2025-06-27 21:00:00,17.47,17.58,17.41,17.52
2025-06-27 22:00:00,17.52,17.61,17.52,17.6
2025-06-27 23:00:00,17.6,17.61,17.5,17.58
2025-06-28 00:00:00,17.58,17.61,17.54,17.55
2025-06-28 01:00:00,17.55,17.63,17.48,17.63
2025-06-28 02:00:00,17.63,17.67,17.59,17.59
2025-06-28 03:00:00,17.6,17.64,17.57,17.59
2025-06-28 04:00:00,17.6,17.61,17.51,17.52
2025-06-28 05:00:00,17.53,17.6,17.5,17.52
2025-06-28 06:00:00,17.52,17.58,17.5,17.58
2025-06-28 07:00:00,17.58,17.69,17.54,17.68
2025-06-28 08:00:00,17.68,17.71,17.61,17.64
2025-06-28 09:00:00,17.64,17.74,17.6,17.7
2025-06-28 10:00:00,17.71,17.74,17.63,17.64
2025-06-28 11:00:00,17.65,17.7,17.63,17.67
2025-06-28 12:00:00,17.68,17.7,17.61,17.61
2025-06-28 13:00:00,17.61,17.65,17.54,17.57
2025-06-28 14:00:00,17.58,17.68,17.57,17.65
2025-06-28 15:00:00,17.66,17.78,17.65,17.75
2025-06-28 16:00:00,17.76,17.95,17.76,17.81
2025-06-28 17:00:00,17.81,18.01,17.78,18
2025-06-28 18:00:00,18,18.01,17.91,18
2025-06-28 19:00:00,18.01,18.08,17.95,17.95
2025-06-28 20:00:00,17.95,17.97,17.87,17.87
2025-06-28 21:00:00,17.88,17.98,17.87,17.96
2025-06-28 22:00:00,17.97,18.07,17.94,18.04
2025-06-28 23:00:00,18.03,18.06,17.97,17.97
2025-06-29 00:00:00,17.98,18.01,17.93,17.97
2025-06-29 01:00:00,17.97,17.98,17.87,17.89
2025-06-29 02:00:00,17.89,17.89,17.82,17.87
2025-06-29 03:00:00,17.87,17.89,17.8,17.81
2025-06-29 04:00:00,17.82,17.85,17.8,17.84
2025-06-29 05:00:00,17.85,17.89,17.81,17.89
2025-06-29 06:00:00,17.89,17.96,17.87,17.95
2025-06-29 07:00:00,17.95,18.04,17.92,18.04
2025-06-29 08:00:00,18.03,18.09,17.99,18.08
2025-06-29 09:00:00,18.08,18.17,18.04,18.08
2025-06-29 10:00:00,18.08,18.13,18.01,18.03
2025-06-29 11:00:00,18.03,18.08,18.01,18.06
2025-06-29 12:00:00,18.07,18.08,17.96,18.02
2025-06-29 13:00:00,18.02,18.06,17.97,17.97
2025-06-29 14:00:00,17.98,18.04,17.87,17.89
2025-06-29 15:00:00,17.88,17.91,17.81,17.84
2025-06-29 16:00:00,17.84,17.95,17.82,17.94
2025-06-29 17:00:00,17.95,17.97,17.86,17.97
2025-06-29 18:00:00,17.98,18.09,17.96,18.04
2025-06-29 19:00:00,18.05,18.08,18,18.05
2025-06-29 20:00:00,18.04,18.06,18,18.01
2025-06-29 21:00:00,18.01,18.17,17.93,18.16
2025-06-29 22:00:00,18.16,18.9,18.15,18.79
2025-06-29 23:00:00,18.8,18.89,18.69,18.73
2025-06-30 00:00:00,18.73,18.88,18.62,18.65
2025-06-30 01:00:00,18.66,18.66,18.44,18.46
2025-06-30 02:00:00,18.46,18.49,18.37,18.38
2025-06-30 03:00:00,18.38,18.38,18.27,18.3
2025-06-30 04:00:00,18.29,18.31,18.15,18.16
2025-06-30 05:00:00,18.16,18.28,18.14,18.27
2025-06-30 06:00:00,18.27,18.28,17.99,18.09
2025-06-30 07:00:00,18.09,18.26,18.07,18.25
2025-06-30 08:00:00,18.24,18.28,18.09,18.1
2025-06-30 09:00:00,18.1,18.17,18.04,18.04
2025-06-30 10:00:00,18.04,18.12,18.02,18.08
2025-06-30 11:00:00,18.08,18.16,18.06,18.07
2025-06-30 12:00:00,18.08,18.14,17.92,17.98
2025-06-30 13:00:00,17.97,18.08,17.92,17.96
2025-06-30 14:00:00,17.95,18.01,17.84,17.87
2025-06-30 15:00:00,17.88,18.14,17.71,18.02
2025-06-30 16:00:00,18.03,18.06,17.88,18.02
2025-06-30 17:00:00,18.02,18.08,17.96,18
2025-06-30 18:00:00,17.99,18.05,17.87,17.92
2025-06-30 19:00:00,17.92,18.24,17.91,18.21
2025-06-30 20:00:00,18.2,18.26,18.09,18.11
2025-06-30 21:00:00,18.1,18.11,17.89,17.94
2025-06-30 22:00:00,17.95,18.01,17.89,17.93
2025-06-30 23:00:00,17.93,18.03,17.92,17.96
2025-07-01 00:00:00,17.97,18.06,17.86,17.93
2025-07-01 01:00:00,17.94,18.04,17.89,17.89
2025-07-01 02:00:00,17.9,17.91,17.75,17.75
2025-07-01 03:00:00,17.76,17.85,17.74,17.82
2025-07-01 04:00:00,17.81,17.82,17.56,17.56
2025-07-01 05:00:00,17.57,17.59,17.43,17.5
2025-07-01 06:00:00,17.51,17.63,17.43,17.6
2025-07-01 07:00:00,17.59,17.67,17.47,17.64
2025-07-01 08:00:00,17.64,17.66,17.53,17.56
2025-07-01 09:00:00,17.56,17.65,17.55,17.61
2025-07-01 10:00:00,17.61,17.64,17.54,17.59
2025-07-01 11:00:00,17.58,17.6,17.44,17.48
2025-07-01 12:00:00,17.48,17.5,17.38,17.43
2025-07-01 13:00:00,17.42,17.46,17.29,17.39
2025-07-01 14:00:00,17.39,17.49,17.26,17.3
2025-07-01 15:00:00,17.29,17.34,17.2,17.25
2025-07-01 16:00:00,17.25,17.34,17.22,17.28
2025-07-01 17:00:00,17.28,17.3,17.2,17.28
2025-07-01 18:00:00,17.28,17.28,17.07,17.1
2025-07-01 19:00:00,17.09,17.2,17.04,17.08
2025-07-01 20:00:00,17.09,17.13,17.01,17.08
2025-07-01 21:00:00,17.08,17.14,17.02,17.04
2025-07-01 22:00:00,17.05,17.12,16.97,17.03
2025-07-01 23:00:00,17.03,17.11,16.94,17.1
2025-07-02 00:00:00,17.11,17.14,17,17.05
2025-07-02 01:00:00,17.06,17.23,16.97,17.22
2025-07-02 02:00:00,17.23,17.26,17.14,17.16
2025-07-02 03:00:00,17.16,17.31,17.15,17.27
2025-07-02 04:00:00,17.28,17.48,17.25,17.48
2025-07-02 05:00:00,17.48,17.6,17.43,17.58
2025-07-02 06:00:00,17.57,17.64,17.48,17.64
2025-07-02 07:00:00,17.64,17.65,17.53,17.58
2025-07-02 08:00:00,17.59,17.66,17.56,17.59
2025-07-02 09:00:00,17.6,17.62,17.54,17.56
2025-07-02 10:00:00,17.57,17.64,17.51,17.57
2025-07-02 11:00:00,17.57,17.69,17.54,17.56
2025-07-02 12:00:00,17.57,17.58,17.42,17.46
2025-07-02 13:00:00,17.46,17.71,17.46,17.64
2025-07-02 14:00:00,17.64,17.84,17.62,17.83
2025-07-02 15:00:00,17.84,18.02,17.83,18.02
2025-07-02 16:00:00,18.02,18.59,18.01,18.57
2025-07-02 17:00:00,18.58,18.83,18.37,18.52
2025-07-02 18:00:00,18.52,18.75,18.52,18.63
2025-07-02 19:00:00,18.63,18.69,18.52,18.68
2025-07-02 20:00:00,18.68,18.77,18.56,18.6
2025-07-02 21:00:00,18.61,18.76,18.61,18.68
2025-07-02 22:00:00,18.68,18.81,18.63,18.66
2025-07-02 23:00:00,18.66,18.68,18.48,18.51
2025-07-03 00:00:00,18.51,18.63,18.48,18.59
2025-07-03 01:00:00,18.59,18.67,18.52,18.65
2025-07-03 02:00:00,18.66,18.66,18.43,18.55
2025-07-03 03:00:00,18.55,18.67,18.51,18.55
2025-07-03 04:00:00,18.55,18.75,18.53,18.72
2025-07-03 05:00:00,18.72,19.01,18.71,18.95
2025-07-03 06:00:00,18.96,19.17,18.88,19.13
2025-07-03 07:00:00,19.13,19.17,19.05,19.08
2025-07-03 08:00:00,19.09,19.11,18.96,18.96
2025-07-03 09:00:00,18.97,19.03,18.91,18.96
2025-07-03 10:00:00,18.97,18.99,18.78,18.85
2025-07-03 11:00:00,18.85,18.85,18.68,18.78
2025-07-03 12:00:00,18.77,18.99,18.56,18.68
2025-07-03 13:00:00,18.68,18.98,18.64,18.92
2025-07-03 14:00:00,18.92,18.97,18.65,18.69
2025-07-03 15:00:00,18.69,18.71,18.34,18.37
2025-07-03 16:00:00,18.37,18.54,18.35,18.51
2025-07-03 17:00:00,18.51,18.56,18.47,18.53
2025-07-03 18:00:00,18.53,18.59,18.48,18.52
2025-07-03 19:00:00,18.52,18.61,18.51,18.56
2025-07-03 20:00:00,18.56,18.66,18.53,18.63
2025-07-03 21:00:00,18.63,18.67,18.57,18.65
2025-07-03 22:00:00,18.65,18.67,18.54,18.59
2025-07-03 23:00:00,18.58,18.62,18.5,18.54
2025-07-04 00:00:00,18.55,18.64,18.5,18.59
2025-07-04 01:00:00,18.59,18.76,18.59,18.74
2025-07-04 02:00:00,18.74,18.81,18.61,18.66
2025-07-04 03:00:00,18.67,18.82,18.63,18.77
2025-07-04 04:00:00,18.77,18.81,18.71,18.75
2025-07-04 05:00:00,18.74,18.88,18.63,18.64
2025-07-04 06:00:00,18.64,18.65,18.35,18.38
2025-07-04 07:00:00,18.37,18.43,18.1,18.11
2025-07-04 08:00:00,18.11,18.22,17.96,18.15
2025-07-04 09:00:00,18.16,18.2,18.07,18.11
2025-07-04 10:00:00,18.1,18.16,18.03,18.07
2025-07-04 11:00:00,18.06,18.15,18.04,18.09
2025-07-04 12:00:00,18.09,18.19,18.05,18.09
2025-07-04 13:00:00,18.09,18.17,17.96,17.97
2025-07-04 14:00:00,17.97,18,17.78,17.89
2025-07-04 15:00:00,17.88,17.89,17.69,17.72
2025-07-04 16:00:00,17.71,17.72,17.5,17.69
2025-07-04 17:00:00,17.68,17.73,17.58,17.73
2025-07-04 18:00:00,17.72,17.75,17.61,17.69
2025-07-04 19:00:00,17.69,17.75,17.63,17.69
2025-07-04 20:00:00,17.68,17.72,17.64,17.67
2025-07-04 21:00:00,17.67,17.76,17.62,17.75
2025-07-04 22:00:00,17.75,17.89,17.72,17.87
2025-07-04 23:00:00,17.88,17.88,17.77,17.8
2025-07-05 00:00:00,17.8,17.86,17.77,17.82
2025-07-05 01:00:00,17.82,17.83,17.7,17.76
2025-07-05 02:00:00,17.76,17.81,17.66,17.81
2025-07-05 03:00:00,17.81,17.87,17.8,17.85
2025-07-05 04:00:00,17.84,17.87,17.75,17.76
2025-07-05 05:00:00,17.76,17.82,17.72,17.82
2025-07-05 06:00:00,17.82,17.93,17.75,17.92
2025-07-05 07:00:00,17.92,17.94,17.8,17.82
2025-07-05 08:00:00,17.81,17.86,17.71,17.74
2025-07-05 09:00:00,17.75,17.82,17.68,17.82
2025-07-05 10:00:00,17.82,17.87,17.79,17.83
2025-07-05 11:00:00,17.83,17.95,17.83,17.89
2025-07-05 12:00:00,17.89,17.91,17.77,17.9
2025-07-05 13:00:00,17.89,17.92,17.82,17.83
2025-07-05 14:00:00,17.84,17.92,17.81,17.89
2025-07-05 15:00:00,17.89,17.94,17.82,17.83
2025-07-05 16:00:00,17.83,17.9,17.7,17.81
2025-07-05 17:00:00,17.82,17.85,17.71,17.81
2025-07-05 18:00:00,17.81,17.81,17.63,17.65
2025-07-05 19:00:00,17.65,17.81,17.62,17.79
2025-07-05 20:00:00,17.78,17.9,17.75,17.89
2025-07-05 21:00:00,17.89,17.91,17.84,17.88
2025-07-05 22:00:00,17.87,17.96,17.84,17.95
2025-07-05 23:00:00,17.96,17.99,17.9,17.92
2025-07-06 00:00:00,17.92,17.92,17.84,17.89
2025-07-06 01:00:00,17.88,17.89,17.78,17.83
2025-07-06 02:00:00,17.83,17.88,17.77,17.77
2025-07-06 03:00:00,17.77,17.85,17.77,17.83
2025-07-06 04:00:00,17.82,17.86,17.78,17.81
2025-07-06 05:00:00,17.81,17.84,17.78,17.8
2025-07-06 06:00:00,17.8,17.93,17.78,17.9
2025-07-06 07:00:00,17.9,17.93,17.83,17.85
2025-07-06 08:00:00,17.84,17.86,17.76,17.81
2025-07-06 09:00:00,17.8,17.85,17.77,17.77
2025-07-06 10:00:00,17.77,17.89,17.74,17.85
2025-07-06 11:00:00,17.85,17.89,17.79,17.88
2025-07-06 12:00:00,17.88,18.03,17.86,18.02
2025-07-06 13:00:00,18.03,18.31,18,18.22
2025-07-06 14:00:00,18.22,18.27,18.04,18.15
2025-07-06 15:00:00,18.16,18.22,18.09,18.16
2025-07-06 16:00:00,18.16,18.3,18.15,18.29
2025-07-06 17:00:00,18.29,18.3,18.17,18.2
2025-07-06 18:00:00,18.2,18.21,17.99,18.08
2025-07-06 19:00:00,18.07,18.17,18.07,18.17
2025-07-06 20:00:00,18.17,18.27,18.16,18.19
2025-07-06 21:00:00,18.19,18.53,18.19,18.35
2025-07-06 22:00:00,18.36,18.62,18.36,18.45
2025-07-06 23:00:00,18.45,18.47,18.25,18.29
2025-07-07 00:00:00,18.3,18.35,18.25,18.32
2025-07-07 01:00:00,18.31,18.37,18.19,18.35
2025-07-07 02:00:00,18.35,18.56,18.34,18.48
2025-07-07 03:00:00,18.49,18.59,18.4,18.42
2025-07-07 04:00:00,18.42,18.46,18.33,18.35
2025-07-07 05:00:00,18.34,18.38,18.25,18.27
2025-07-07 06:00:00,18.26,18.31,18.13,18.14
2025-07-07 07:00:00,18.14,18.3,18.1,18.3
2025-07-07 08:00:00,18.29,18.35,18.28,18.3
2025-07-07 09:00:00,18.3,18.31,18.17,18.19
2025-07-07 10:00:00,18.19,18.22,18.13,18.14
2025-07-07 11:00:00,18.15,18.22,18.11,18.17
2025-07-07 12:00:00,18.17,18.19,18.05,18.08
2025-07-07 13:00:00,18.08,18.29,18.04,18.27
2025-07-07 14:00:00,18.27,18.29,17.96,17.99
2025-07-07 15:00:00,18,18.11,17.99,18.03
2025-07-07 16:00:00,18.03,18.09,17.86,17.91
2025-07-07 17:00:00,17.91,18.05,17.87,17.95
2025-07-07 18:00:00,17.96,17.99,17.82,17.99
2025-07-07 19:00:00,17.99,18.11,17.98,18
2025-07-07 20:00:00,18,18,17.82,17.89
2025-07-07 21:00:00,17.9,17.97,17.8,17.93
2025-07-07 22:00:00,17.93,17.96,17.82,17.86
2025-07-07 23:00:00,17.86,18.01,17.85,17.99
2025-07-08 00:00:00,18,18.09,17.89,17.91
2025-07-08 01:00:00,17.91,17.91,17.76,17.79
2025-07-08 02:00:00,17.78,17.88,17.74,17.77
2025-07-08 03:00:00,17.77,17.84,17.76,17.78
2025-07-08 04:00:00,17.79,17.79,17.69,17.77
2025-07-08 05:00:00,17.76,17.85,17.72,17.84
2025-07-08 06:00:00,17.83,17.9,17.79,17.86
2025-07-08 07:00:00,17.85,17.91,17.78,17.91
2025-07-08 08:00:00,17.91,18,17.88,17.89
2025-07-08 09:00:00,17.89,17.93,17.84,17.9
2025-07-08 10:00:00,17.9,18.16,17.88,18.14
2025-07-08 11:00:00,18.15,18.27,18.12,18.14
2025-07-08 12:00:00,18.13,18.22,18.12,18.21
2025-07-08 13:00:00,18.22,18.25,18.08,18.21
2025-07-08 14:00:00,18.2,18.23,18.05,18.07
2025-07-08 15:00:00,18.07,18.1,17.97,18.01
2025-07-08 16:00:00,18.02,18.12,17.91,18.1
2025-07-08 17:00:00,18.1,18.4,18.1,18.34
2025-07-08 18:00:00,18.34,18.48,18.33,18.47
2025-07-08 19:00:00,18.46,18.48,18.31,18.37
2025-07-08 20:00:00,18.38,18.42,18.24,18.24
2025-07-08 21:00:00,18.23,18.43,18.23,18.41
2025-07-08 22:00:00,18.41,18.46,18.32,18.35
2025-07-08 23:00:00,18.34,18.4,18.28,18.36
2025-07-09 00:00:00,18.37,18.39,18.22,18.24
2025-07-09 01:00:00,18.25,18.32,18.1,18.15
2025-07-09 02:00:00,18.15,18.2,18.1,18.17
2025-07-09 03:00:00,18.17,18.23,18.1,18.12
2025-07-09 04:00:00,18.12,18.27,18.09,18.27
2025-07-09 05:00:00,18.28,18.56,18.23,18.44
2025-07-09 06:00:00,18.44,18.48,18.38,18.43
2025-07-09 07:00:00,18.43,18.45,18.35,18.41
2025-07-09 08:00:00,18.41,18.46,18.36,18.39
2025-07-09 09:00:00,18.4,18.42,18.31,18.4
2025-07-09 10:00:00,18.4,18.43,18.34,18.41
2025-07-09 11:00:00,18.42,18.55,18.4,18.52
2025-07-09 12:00:00,18.53,18.73,18.52,18.62
2025-07-09 13:00:00,18.62,18.72,18.55,18.57
2025-07-09 14:00:00,18.58,18.69,18.39,18.53
2025-07-09 15:00:00,18.53,18.61,18.47,18.53
2025-07-09 16:00:00,18.53,18.72,18.53,18.69
2025-07-09 17:00:00,18.68,18.71,18.48,18.54
2025-07-09 18:00:00,18.53,18.75,18.52,18.65
2025-07-09 19:00:00,18.65,19.19,18.64,19.11
2025-07-09 20:00:00,19.11,19.35,18.97,19.26
2025-07-09 21:00:00,19.26,19.63,19.26,19.44
2025-07-09 22:00:00,19.44,19.62,19.44,19.55
2025-07-09 23:00:00,19.55,19.61,19.47,19.5
2025-07-10 00:00:00,19.5,19.63,19.36,19.37
2025-07-10 01:00:00,19.37,19.51,19.37,19.47
2025-07-10 02:00:00,19.47,19.6,19.46,19.53
2025-07-10 03:00:00,19.54,19.58,19.45,19.49
2025-07-10 04:00:00,19.5,19.53,19.41,19.51
2025-07-10 05:00:00,19.52,19.52,19.38,19.38
2025-07-10 06:00:00,19.38,19.49,19.34,19.46
2025-07-10 07:00:00,19.47,19.61,19.44,19.5
2025-07-10 08:00:00,19.5,19.6,19.44,19.54
2025-07-10 09:00:00,19.54,19.57,19.49,19.51
2025-07-10 10:00:00,19.51,19.57,19.45,19.55
2025-07-10 11:00:00,19.55,19.58,19.49,19.58
2025-07-10 12:00:00,19.57,19.68,19.5,19.67
2025-07-10 13:00:00,19.68,19.71,19.49,19.51
2025-07-10 14:00:00,19.52,19.6,19.39,19.51
2025-07-10 15:00:00,19.51,19.52,19.38,19.45
2025-07-10 16:00:00,19.46,19.81,19.41,19.72
2025-07-10 17:00:00,19.73,19.95,19.67,19.93
2025-07-10 18:00:00,19.93,19.95,19.7,19.83
2025-07-10 19:00:00,19.83,19.88,19.72,19.77
2025-07-10 20:00:00,19.77,19.96,19.76,19.94
2025-07-10 21:00:00,19.93,20.61,19.92,20.49
2025-07-10 22:00:00,20.49,20.75,20.47,20.71
2025-07-10 23:00:00,20.71,20.79,20.54,20.7
2025-07-11 00:00:00,20.7,20.77,20.44,20.6
2025-07-11 01:00:00,20.6,20.84,20.57,20.83
2025-07-11 02:00:00,20.83,20.93,20.74,20.86
2025-07-11 03:00:00,20.85,20.89,20.77,20.86
2025-07-11 04:00:00,20.86,20.96,20.78,20.95
2025-07-11 05:00:00,20.96,21.22,20.92,21.04
2025-07-11 06:00:00,21.04,21.18,20.75,20.8
2025-07-11 07:00:00,20.8,20.92,20.72,20.74
2025-07-11 08:00:00,20.75,20.95,20.75,20.91
2025-07-11 09:00:00,20.91,21.19,20.87,21.07
2025-07-11 10:00:00,21.08,21.2,21.04,21.08
2025-07-11 11:00:00,21.08,21.13,20.92,20.99
2025-07-11 12:00:00,20.98,21.16,20.91,21.16
2025-07-11 13:00:00,21.16,21.38,21,21.3
2025-07-11 14:00:00,21.31,21.53,21.16,21.3
2025-07-11 15:00:00,21.29,21.51,20.87,20.95
2025-07-11 16:00:00,20.95,21.17,20.81,21.14
2025-07-11 17:00:00,21.15,21.34,21.12,21.34
2025-07-11 18:00:00,21.33,21.41,21.17,21.3
2025-07-11 19:00:00,21.31,21.35,21.14,21.31
2025-07-11 20:00:00,21.31,21.32,21.02,21.03
2025-07-11 21:00:00,21.03,21.06,20.65,20.81
2025-07-11 22:00:00,20.82,20.88,20.32,20.57
2025-07-11 23:00:00,20.58,20.76,20.54,20.68
2025-07-12 00:00:00,20.67,20.78,20.38,20.57
2025-07-12 01:00:00,20.57,20.89,20.56,20.86
2025-07-12 02:00:00,20.85,21.05,20.82,20.87
2025-07-12 03:00:00,20.86,20.96,20.76,20.85
2025-07-12 04:00:00,20.86,20.89,20.62,20.65
2025-07-12 05:00:00,20.66,20.8,20.53,20.75
2025-07-12 06:00:00,20.74,20.9,20.62,20.84
2025-07-12 07:00:00,20.84,20.91,20.8,20.89
2025-07-12 08:00:00,20.88,20.96,20.71,20.76
2025-07-12 09:00:00,20.76,20.93,20.73,20.88
2025-07-12 10:00:00,20.88,21,20.8,20.99
2025-07-12 11:00:00,20.98,21.08,20.91,20.97
2025-07-12 12:00:00,20.98,21.03,20.47,20.67
2025-07-12 13:00:00,20.67,20.67,20.41,20.66
2025-07-12 14:00:00,20.67,20.88,20.59,20.61
2025-07-12 15:00:00,20.61,20.63,20.18,20.33
2025-07-12 16:00:00,20.33,20.59,20.24,20.48
2025-07-12 17:00:00,20.48,20.85,20.45,20.8
2025-07-12 18:00:00,20.8,20.8,20.66,20.74
2025-07-12 19:00:00,20.74,20.78,20.64,20.74
2025-07-12 20:00:00,20.73,20.74,20.41,20.42
2025-07-12 21:00:00,20.42,20.68,20.39,20.68
2025-07-12 22:00:00,20.68,20.77,20.53,20.7
2025-07-12 23:00:00,20.69,20.73,20.58,20.69
2025-07-13 00:00:00,20.68,20.97,20.66,20.87
2025-07-13 01:00:00,20.87,21.09,20.8,21.08
2025-07-13 02:00:00,21.07,21.13,20.89,21.01
2025-07-13 03:00:00,21.01,21.18,20.95,21.1
2025-07-13 04:00:00,21.1,21.19,20.96,21.18
2025-07-13 05:00:00,21.17,21.18,20.99,21.01
2025-07-13 06:00:00,21,21.23,20.98,21.08
2025-07-13 07:00:00,21.08,21.33,21.04,21.32
2025-07-13 08:00:00,21.31,21.37,21.14,21.26
2025-07-13 09:00:00,21.26,21.39,21.17,21.21
2025-07-13 10:00:00,21.22,21.3,21.06,21.13
2025-07-13 11:00:00,21.13,21.33,21.12,21.27
2025-07-13 12:00:00,21.26,21.37,21.14,21.27
2025-07-13 13:00:00,21.26,21.38,21.14,21.34
2025-07-13 14:00:00,21.34,21.64,21.26,21.29
2025-07-13 15:00:00,21.29,21.56,21.21,21.29
2025-07-13 16:00:00,21.3,21.41,21.11,21.16
2025-07-13 17:00:00,21.16,21.47,21.1,21.42
2025-07-13 18:00:00,21.42,21.7,21.33,21.66
2025-07-13 19:00:00,21.66,21.8,21.53,21.53
2025-07-13 20:00:00,21.54,21.61,21.44,21.47
2025-07-13 21:00:00,21.47,21.49,21.03,21.17
2025-07-13 22:00:00,21.17,21.2,20.99,21.07
2025-07-13 23:00:00,21.07,21.24,21.01,21.2
2025-07-14 00:00:00,21.21,21.39,21.15,21.24
2025-07-14 01:00:00,21.24,21.52,21.17,21.5
2025-07-14 02:00:00,21.51,21.71,21.41,21.62
2025-07-14 03:00:00,21.62,22.06,21.6,21.78
2025-07-14 04:00:00,21.79,22.05,21.74,22.04
2025-07-14 05:00:00,22.05,22.08,21.53,21.76
2025-07-14 06:00:00,21.76,21.78,21.58,21.69
2025-07-14 07:00:00,21.69,21.92,21.68,21.84
2025-07-14 08:00:00,21.84,21.85,21.6,21.75
2025-07-14 09:00:00,21.75,21.94,21.72,21.81
2025-07-14 10:00:00,21.8,21.9,21.65,21.85
2025-07-14 11:00:00,21.84,21.88,21.67,21.7
2025-07-14 12:00:00,21.7,21.76,21.56,21.76
2025-07-14 13:00:00,21.75,21.97,21.59,21.9
2025-07-14 14:00:00,21.91,22,21.58,21.73
2025-07-14 15:00:00,21.74,21.74,21.3,21.46
2025-07-14 16:00:00,21.45,21.64,21.33,21.61
2025-07-14 17:00:00,21.61,21.62,21.38,21.47
2025-07-14 18:00:00,21.48,21.48,21.18,21.2
2025-07-14 19:00:00,21.19,21.33,21.13,21.26
2025-07-14 20:00:00,21.26,21.37,21.02,21.3
2025-07-14 21:00:00,21.3,21.43,21.25,21.36
2025-07-14 22:00:00,21.36,21.39,21.25,21.3
2025-07-14 23:00:00,21.3,21.31,21.15,21.26
2025-07-15 00:00:00,21.27,21.37,21,21.04
2025-07-15 01:00:00,21.04,21.2,20.83,20.99
2025-07-15 02:00:00,21,21.08,20.77,20.83
2025-07-15 03:00:00,20.83,20.84,20.45,20.59
2025-07-15 04:00:00,20.59,20.8,20.39,20.77
2025-07-15 05:00:00,20.77,20.85,20.72,20.81
2025-07-15 06:00:00,20.81,20.9,20.74,20.82
2025-07-15 07:00:00,20.83,20.93,20.73,20.75
2025-07-15 08:00:00,20.75,21.04,20.61,21.02
2025-07-15 09:00:00,21.01,21.44,21,21.3
2025-07-15 10:00:00,21.29,21.51,21.08,21.11
2025-07-15 11:00:00,21.11,21.17,20.95,21.11
2025-07-15 12:00:00,21.11,21.28,20.82,21.12
2025-07-15 13:00:00,21.13,21.31,20.96,21.14
2025-07-15 14:00:00,21.14,21.27,20.71,20.75
2025-07-15 15:00:00,20.75,21.3,20.69,21.17
2025-07-15 16:00:00,21.17,21.33,21.16,21.28
2025-07-15 17:00:00,21.27,21.79,21.27,21.79
2025-07-15 18:00:00,21.78,21.88,21.3,21.38
2025-07-15 19:00:00,21.37,21.57,21.17,21.21
2025-07-15 20:00:00,21.22,21.68,21.16,21.57
2025-07-15 21:00:00,21.58,22,21.54,21.99
2025-07-15 22:00:00,22,22.28,21.86,22.27
2025-07-15 23:00:00,22.28,22.58,22.26,22.51
2025-07-16 00:00:00,22.52,22.57,22.22,22.34
2025-07-16 01:00:00,22.33,22.42,22.12,22.17
2025-07-16 02:00:00,22.17,22.18,21.75,21.8
2025-07-16 03:00:00,21.8,21.89,21.7,21.71
2025-07-16 04:00:00,21.71,21.95,21.61,21.93
2025-07-16 05:00:00,21.94,22.01,21.83,21.83
2025-07-16 06:00:00,21.84,22.04,21.79,22.01
2025-07-16 07:00:00,22.01,22.09,21.91,21.98
2025-07-16 08:00:00,21.98,22.03,21.87,22.01
2025-07-16 09:00:00,22.02,22.14,21.99,22.08
2025-07-16 10:00:00,22.08,22.09,21.95,21.95
2025-07-16 11:00:00,21.96,22.05,21.94,22.01
2025-07-16 12:00:00,22.01,22.21,21.98,22.07
2025-07-16 13:00:00,22.07,22.11,21.95,22.03
2025-07-16 14:00:00,22.03,22.35,21.93,22.28
2025-07-16 15:00:00,22.28,22.38,21.87,22.11
2025-07-16 16:00:00,22.1,22.37,22.06,22.35
2025-07-16 17:00:00,22.36,22.5,22.3,22.49
2025-07-16 18:00:00,22.49,22.83,22.48,22.57
2025-07-16 19:00:00,22.57,22.68,22.44,22.6
2025-07-16 20:00:00,22.61,22.91,22.6,22.78
2025-07-16 21:00:00,22.79,23.02,22.71,22.86
2025-07-16 22:00:00,22.87,23,22.63,22.69
2025-07-16 23:00:00,22.69,22.76,22.46,22.66
2025-07-17 00:00:00,22.65,22.94,22.64,22.65
2025-07-17 01:00:00,22.64,22.72,22.07,22.24
2025-07-17 02:00:00,22.23,22.42,22.2,22.35
2025-07-17 03:00:00,22.36,22.37,22.02,22.17
2025-07-17 04:00:00,22.16,22.3,22.09,22.29
2025-07-17 05:00:00,22.28,22.53,22.19,22.53
2025-07-17 06:00:00,22.52,22.8,22.4,22.74
2025-07-17 07:00:00,22.75,22.76,22.44,22.69
2025-07-17 08:00:00,22.69,22.8,22.61,22.79
2025-07-17 09:00:00,22.8,23.24,22.77,23.19
2025-07-17 10:00:00,23.2,23.24,22.95,23.02
2025-07-17 11:00:00,23.02,23.04,22.81,22.89
2025-07-17 12:00:00,22.89,23.07,22.69,23
2025-07-17 13:00:00,22.99,23.05,22.43,22.7
2025-07-17 14:00:00,22.71,22.97,22.61,22.83
2025-07-17 15:00:00,22.84,22.86,22.49,22.72
2025-07-17 16:00:00,22.72,22.8,22.31,22.5
2025-07-17 17:00:00,22.5,22.76,22.43,22.74
2025-07-17 18:00:00,22.75,22.85,22.61,22.83
2025-07-17 19:00:00,22.83,22.95,22.4,22.42
2025-07-17 20:00:00,22.42,22.57,22.19,22.51
2025-07-17 21:00:00,22.52,23.03,22.51,22.77
2025-07-17 22:00:00,22.77,23.23,22.73,23.04
2025-07-17 23:00:00,23.05,24.34,22.95,23.91
2025-07-18 00:00:00,23.91,24.39,23.69,24.39
2025-07-18 01:00:00,24.38,24.58,24.15,24.27
2025-07-18 02:00:00,24.27,24.28,23.9,24.16
2025-07-18 03:00:00,24.16,24.35,24.15,24.33
2025-07-18 04:00:00,24.33,24.57,24.23,24.55
2025-07-18 05:00:00,24.55,25.03,24.49,24.96
2025-07-18 06:00:00,24.97,24.97,24.53,24.73
2025-07-18 07:00:00,24.74,24.86,24.28,24.33
2025-07-18 08:00:00,24.32,24.63,24.16,24.32
2025-07-18 09:00:00,24.32,24.46,24.11,24.43
2025-07-18 10:00:00,24.42,24.44,24.08,24.35
2025-07-18 11:00:00,24.35,24.4,23.94,24.13
2025-07-18 12:00:00,24.12,24.48,24.08,24.46
2025-07-18 13:00:00,24.46,24.51,24.17,24.35
2025-07-18 14:00:00,24.36,24.55,23.8,24.02
2025-07-18 15:00:00,24.02,24.07,23.55,23.77
2025-07-18 16:00:00,23.77,24.03,23.66,23.86
2025-07-18 17:00:00,23.87,24.09,23.77,24.02
2025-07-18 18:00:00,24.02,24.03,23.73,23.75
2025-07-18 19:00:00,23.75,23.78,23.43,23.61
2025-07-18 20:00:00,23.62,23.65,23.06,23.36
2025-07-18 21:00:00,23.35,23.71,23.32,23.51
2025-07-18 22:00:00,23.51,23.65,23.31,23.32
2025-07-18 23:00:00,23.32,23.55,23.14,23.51
2025-07-19 00:00:00,23.51,23.62,23.14,23.15
2025-07-19 01:00:00,23.15,23.46,23.01,23.39
2025-07-19 02:00:00,23.4,23.59,23.24,23.53
2025-07-19 03:00:00,23.54,23.82,23.54,23.81
2025-07-19 04:00:00,23.82,24.02,23.81,23.89
2025-07-19 05:00:00,23.89,23.91,23.71,23.91
2025-07-19 06:00:00,23.91,23.93,23.73,23.87
2025-07-19 07:00:00,23.88,23.95,23.69,23.7
2025-07-19 08:00:00,23.71,23.72,23.45,23.55
2025-07-19 09:00:00,23.55,23.68,23.51,23.54
2025-07-19 10:00:00,23.54,23.72,23.48,23.6
2025-07-19 11:00:00,23.61,23.71,23.41,23.59
2025-07-19 12:00:00,23.6,23.87,23.51,23.83
2025-07-19 13:00:00,23.84,23.85,23.56,23.63
2025-07-19 14:00:00,23.64,23.67,23.31,23.34
2025-07-19 15:00:00,23.34,23.72,23.33,23.65
2025-07-19 16:00:00,23.64,23.9,23.54,23.79
2025-07-19 17:00:00,23.79,23.86,23.67,23.74
2025-07-19 18:00:00,23.73,24.36,23.7,24.36
2025-07-19 19:00:00,24.36,25.18,24.35,24.95
2025-07-19 20:00:00,24.95,25.23,24.81,24.83
2025-07-19 21:00:00,24.83,24.95,24.17,24.32
2025-07-19 22:00:00,24.32,24.59,24.25,24.35
2025-07-19 23:00:00,24.34,24.59,24.23,24.5
2025-07-20 00:00:00,24.51,24.58,24.31,24.42
2025-07-20 01:00:00,24.42,24.63,24.4,24.5
2025-07-20 02:00:00,24.5,24.67,24.43,24.53
2025-07-20 03:00:00,24.52,24.78,24.46,24.58
2025-07-20 04:00:00,24.57,24.71,24.46,24.6
2025-07-20 05:00:00,24.6,24.69,24.42,24.65
2025-07-20 06:00:00,24.65,24.7,24.52,24.6
2025-07-20 07:00:00,24.6,24.85,24.59,24.71
2025-07-20 08:00:00,24.71,25.03,24.71,25.03
2025-07-20 09:00:00,25.02,25.12,24.85,24.93
2025-07-20 10:00:00,24.92,25.04,24.91,24.92
2025-07-20 11:00:00,24.93,25.27,24.91,25.13
2025-07-20 12:00:00,25.13,25.13,24.86,25
2025-07-20 13:00:00,25,25.27,24.99,25.24
2025-07-20 14:00:00,25.24,25.28,24.96,25.18
2025-07-20 15:00:00,25.18,25.44,25.1,25.4
2025-07-20 16:00:00,25.4,25.55,25.24,25.33
2025-07-20 17:00:00,25.33,25.43,24.99,25.03
2025-07-20 18:00:00,25.04,25.23,24.94,25.22
2025-07-20 19:00:00,25.23,25.48,25.22,25.27
2025-07-20 20:00:00,25.27,25.33,25.02,25.14
2025-07-20 21:00:00,25.14,25.25,24.97,25.23
2025-07-20 22:00:00,25.24,25.26,24.52,25
2025-07-20 23:00:00,25,25.14,24.85,25.04
2025-07-21 00:00:00,25.05,25.13,24.64,25.03
2025-07-21 01:00:00,25.04,25.21,24.77,25.15
2025-07-21 02:00:00,25.14,25.25,25.08,25.25
2025-07-21 03:00:00,25.25,25.45,25.22,25.44
2025-07-21 04:00:00,25.43,25.52,25.34,25.45
2025-07-21 05:00:00,25.45,25.58,25.28,25.57
2025-07-21 06:00:00,25.58,25.79,25.56,25.69
2025-07-21 07:00:00,25.69,25.87,25.68,25.83
2025-07-21 08:00:00,25.83,26.04,25.72,25.79
2025-07-21 09:00:00,25.78,25.82,25.57,25.67
2025-07-21 10:00:00,25.67,25.94,25.61,25.91
2025-07-21 11:00:00,25.92,26.53,25.85,26.04
2025-07-21 12:00:00,26.05,26.1,25.88,25.9
2025-07-21 13:00:00,25.89,26.05,25.64,25.98
2025-07-21 14:00:00,25.99,26.23,25.84,26.03
2025-07-21 15:00:00,26.03,26.36,25.89,25.89
2025-07-21 16:00:00,25.89,25.92,25.29,25.56
2025-07-21 17:00:00,25.56,25.82,25.5,25.71
2025-07-21 18:00:00,25.71,25.85,25.34,25.39
2025-07-21 19:00:00,25.39,25.57,25.07,25.18
2025-07-21 20:00:00,25.18,25.44,25.1,25.15
2025-07-21 21:00:00,25.15,25.41,25.11,25.36
2025-07-21 22:00:00,25.36,25.59,25.31,25.47
2025-07-21 23:00:00,25.48,25.53,25.33,25.43
2025-07-22 00:00:00,25.43,25.61,25.35,25.42
2025-07-22 01:00:00,25.42,25.86,24.83,25.79
2025-07-22 02:00:00,25.8,26.02,25.7,25.88
2025-07-22 03:00:00,25.88,26.02,25.57,25.89
2025-07-22 04:00:00,25.88,26.01,25.1,25.12
2025-07-22 05:00:00,25.12,25.88,25.1,25.36
2025-07-22 06:00:00,25.37,25.78,25.25,25.54
2025-07-22 07:00:00,25.55,26.09,25.54,25.65
2025-07-22 08:00:00,25.65,25.65,24.86,25.3
2025-07-22 09:00:00,25.3,25.46,24.77,25.34
2025-07-22 10:00:00,25.34,25.62,25.29,25.61
2025-07-22 11:00:00,25.61,25.63,25.3,25.5
2025-07-22 12:00:00,25.5,25.67,25.41,25.6
2025-07-22 13:00:00,25.6,25.64,25.06,25.1
2025-07-22 14:00:00,25.1,25.36,24.77,25.36
2025-07-22 15:00:00,25.36,25.48,24.85,24.97
2025-07-22 16:00:00,24.98,25.19,24.82,25
2025-07-22 17:00:00,25,25.12,24.71,24.95
2025-07-22 18:00:00,24.94,25.38,24.86,25.24
2025-07-22 19:00:00,25.23,25.27,24.79,24.87
2025-07-22 20:00:00,24.86,25.27,24.82,25.2
2025-07-22 21:00:00,25.21,25.37,25.15,25.34
2025-07-22 22:00:00,25.35,25.51,25.31,25.42
2025-07-22 23:00:00,25.43,25.89,25.42,25.88
2025-07-23 00:00:00,25.88,26.1,25.57,25.59
2025-07-23 01:00:00,25.59,25.73,25.52,25.66
2025-07-23 02:00:00,25.66,25.76,25.49,25.67
2025-07-23 03:00:00,25.68,25.76,25.48,25.52
2025-07-23 04:00:00,25.53,25.82,25.46,25.81
2025-07-23 05:00:00,25.81,25.82,25.61,25.63
2025-07-23 06:00:00,25.63,25.65,25.25,25.34
2025-07-23 07:00:00,25.34,25.55,25.22,25.35
2025-07-23 08:00:00,25.35,25.55,25.3,25.55
2025-07-23 09:00:00,25.54,25.57,25.04,25.05
2025-07-23 10:00:00,25.05,25.06,24.83,25.02
2025-07-23 11:00:00,25.01,25.05,24.83,25.02
2025-07-23 12:00:00,25.01,25.08,24.42,24.5
2025-07-23 13:00:00,24.5,24.6,23.58,23.84
2025-07-23 14:00:00,23.85,24.25,23.76,24.12
2025-07-23 15:00:00,24.13,24.39,23.87,24.36
2025-07-23 16:00:00,24.36,24.36,23.67,23.69
2025-07-23 17:00:00,23.7,23.84,23.39,23.82
2025-07-23 18:00:00,23.82,24.06,23.78,24.03
2025-07-23 19:00:00,24.03,24.04,23.82,23.85
2025-07-23 20:00:00,23.86,23.98,23.27,23.64
2025-07-23 21:00:00,23.64,23.81,23.15,23.73
2025-07-23 22:00:00,23.73,24.09,23.57,23.99
2025-07-23 23:00:00,23.99,24.12,23.9,23.95
2025-07-24 00:00:00,23.96,24.18,23.81,24.17
2025-07-24 01:00:00,24.17,24.19,23.93,24.19
2025-07-24 02:00:00,24.19,24.2,23.97,24.04
2025-07-24 03:00:00,24.04,24.19,23.93,23.95
2025-07-24 04:00:00,23.95,24.03,23.58,23.61
2025-07-24 05:00:00,23.62,23.64,22.99,23.04
2025-07-24 06:00:00,23.05,23.41,22.53,22.82
2025-07-24 07:00:00,22.83,23.29,22.55,23.27
2025-07-24 08:00:00,23.26,23.62,23.14,23.59
2025-07-24 09:00:00,23.59,23.68,23.44,23.54
2025-07-24 10:00:00,23.55,23.69,23.17,23.46
2025-07-24 11:00:00,23.46,23.9,23.45,23.82
2025-07-24 12:00:00,23.82,23.9,23.57,23.73
2025-07-24 13:00:00,23.73,23.86,23.56,23.59
2025-07-24 14:00:00,23.6,24.34,23.47,24.31
2025-07-24 15:00:00,24.32,24.44,24.09,24.19
2025-07-24 16:00:00,24.19,24.21,23.7,23.84
2025-07-24 17:00:00,23.84,24.3,23.81,24.18
2025-07-24 18:00:00,24.18,24.31,24.03,24.23
2025-07-24 19:00:00,24.22,24.31,23.98,24
2025-07-24 20:00:00,24,24.23,23.98,24.17
2025-07-24 21:00:00,24.17,24.18,23.93,23.94
2025-07-24 22:00:00,23.94,24.06,23.81,23.91
2025-07-24 23:00:00,23.91,23.91,23.6,23.67
2025-07-25 00:00:00,23.67,23.7,23.28,23.38
2025-07-25 01:00:00,23.38,23.66,23.27,23.6
2025-07-25 02:00:00,23.6,23.66,23.17,23.2
2025-07-25 03:00:00,23.2,23.33,22.89,23.11
2025-07-25 04:00:00,23.1,23.36,22.86,23.33
2025-07-25 05:00:00,23.33,23.34,23.03,23.07
2025-07-25 06:00:00,23.07,23.27,22.92,23.18
2025-07-25 07:00:00,23.17,23.39,22.87,23.1
2025-07-25 08:00:00,23.1,23.38,23.07,23.2
2025-07-25 09:00:00,23.2,23.67,23.13,23.66
2025-07-25 10:00:00,23.67,23.84,23.61,23.77
2025-07-25 11:00:00,23.77,23.91,23.68,23.7
2025-07-25 12:00:00,23.71,23.88,23.58,23.69
2025-07-25 13:00:00,23.7,23.8,23.51,23.73
2025-07-25 14:00:00,23.74,23.77,23.11,23.13
2025-07-25 15:00:00,23.13,23.31,22.96,23.21
2025-07-25 16:00:00,23.2,23.46,23.08,23.42
2025-07-25 17:00:00,23.41,23.5,23.28,23.34
2025-07-25 18:00:00,23.34,23.44,23.28,23.38
2025-07-25 19:00:00,23.37,23.55,23.33,23.42
2025-07-25 20:00:00,23.41,23.88,23.4,23.83
2025-07-25 21:00:00,23.83,24.03,23.83,23.93
2025-07-25 22:00:00,23.93,24.04,23.9,24.01
2025-07-25 23:00:00,24.01,24.02,23.92,24.01
2025-07-26 00:00:00,24.01,24.02,23.88,23.97
2025-07-26 01:00:00,23.97,23.98,23.85,23.85
2025-07-26 02:00:00,23.85,24.15,23.84,24.08
2025-07-26 03:00:00,24.07,24.11,24,24.06
2025-07-26 04:00:00,24.06,24.13,24.04,24.08
2025-07-26 05:00:00,24.08,24.19,24.03,24.19
2025-07-26 06:00:00,24.19,24.19,24.05,24.09
2025-07-26 07:00:00,24.08,24.18,24.06,24.09
2025-07-26 08:00:00,24.09,24.29,24.08,24.2
2025-07-26 09:00:00,24.2,24.28,24.15,24.28
2025-07-26 10:00:00,24.28,24.38,24.25,24.3
2025-07-26 11:00:00,24.31,24.42,24.26,24.32
2025-07-26 12:00:00,24.32,24.34,24.2,24.28
2025-07-26 13:00:00,24.28,24.43,24.23,24.34
2025-07-26 14:00:00,24.35,24.94,24.33,24.71
2025-07-26 15:00:00,24.71,24.92,24.58,24.83
2025-07-26 16:00:00,24.83,24.87,24.65,24.72
2025-07-26 17:00:00,24.71,24.74,24.52,24.57
2025-07-26 18:00:00,24.58,25.71,24.55,25.65
2025-07-26 19:00:00,25.65,25.77,25.25,25.43
2025-07-26 20:00:00,25.44,25.48,25.11,25.11
2025-07-26 21:00:00,25.11,25.18,24.96,25.13
2025-07-26 22:00:00,25.14,25.22,24.97,25.01
2025-07-26 23:00:00,25,25.02,24.88,24.94
2025-07-27 00:00:00,24.94,24.97,24.85,24.97
2025-07-27 01:00:00,24.97,25.08,24.94,24.97
2025-07-27 02:00:00,24.97,25.1,24.89,25.02
2025-07-27 03:00:00,25.02,25.02,24.88,24.94
2025-07-27 04:00:00,24.93,25.07,24.92,25.03
2025-07-27 05:00:00,25.03,25.17,24.95,25.11
2025-07-27 06:00:00,25.12,25.26,25.08,25.18
2025-07-27 07:00:00,25.17,25.17,24.94,25.01
2025-07-27 08:00:00,25.02,25.05,24.88,24.92
2025-07-27 09:00:00,24.91,24.91,24.74,24.79
2025-07-27 10:00:00,24.8,25.15,24.78,25.09
2025-07-27 11:00:00,25.1,25.15,24.89,24.93
2025-07-27 12:00:00,24.93,25.08,24.82,25.06
2025-07-27 13:00:00,25.05,25.12,25,25.01
2025-07-27 14:00:00,25,25.09,24.88,24.97
2025-07-27 15:00:00,24.96,25.05,24.87,25.03
2025-07-27 16:00:00,25.03,25.45,25.03,25.2
2025-07-27 17:00:00,25.21,25.54,25.15,25.32
2025-07-27 18:00:00,25.33,25.55,25.33,25.44
2025-07-27 19:00:00,25.44,25.53,25.32,25.42
2025-07-27 20:00:00,25.43,25.54,25.39,25.54
2025-07-27 21:00:00,25.55,25.68,25.47,25.55
2025-07-27 22:00:00,25.56,26.46,25.56,25.94
2025-07-27 23:00:00,25.94,26.08,25.75,26.06
2025-07-28 00:00:00,26.06,26.29,25.96,25.99
2025-07-28 01:00:00,26,26.09,25.76,25.85
2025-07-28 02:00:00,25.86,26.32,25.79,26.24
2025-07-28 03:00:00,26.25,26.31,26.02,26.13
2025-07-28 04:00:00,26.14,26.57,26.12,26.52
2025-07-28 05:00:00,26.52,26.64,26.37,26.55
2025-07-28 06:00:00,26.56,26.76,26.37,26.75
2025-07-28 07:00:00,26.75,26.78,26.33,26.54
2025-07-28 08:00:00,26.54,26.74,26.48,26.68
2025-07-28 09:00:00,26.67,27.27,26.53,27.09
2025-07-28 10:00:00,27.09,27.34,26.94,27.04
2025-07-28 11:00:00,27.03,27.32,26.72,27.28
2025-07-28 12:00:00,27.28,27.38,26.99,27.22
2025-07-28 13:00:00,27.22,27.36,26.86,26.96
2025-07-28 14:00:00,26.97,27,26.19,26.33
2025-07-28 15:00:00,26.33,26.46,25.9,26.05
2025-07-28 16:00:00,26.05,26.19,25.86,25.89
2025-07-28 17:00:00,25.88,26.06,25.73,25.79
2025-07-28 18:00:00,25.8,25.81,25.42,25.59
2025-07-28 19:00:00,25.59,25.86,25.36,25.53
2025-07-28 20:00:00,25.53,25.57,25.19,25.31
2025-07-28 21:00:00,25.31,25.53,25.14,25.3
2025-07-28 22:00:00,25.3,25.38,25.04,25.19
2025-07-28 23:00:00,25.19,25.22,24.99,25.21
2025-07-29 00:00:00,25.21,25.42,24.65,24.93
2025-07-29 01:00:00,24.93,25.04,24.7,24.72
2025-07-29 02:00:00,24.73,24.73,24.43,24.6
2025-07-29 03:00:00,24.6,25.09,24.58,25.03
2025-07-29 04:00:00,25.04,25.09,24.84,24.88
2025-07-29 05:00:00,24.87,25.09,24.85,25.08
2025-07-29 06:00:00,25.08,25.37,24.99,25.28
2025-07-29 07:00:00,25.28,25.5,25.23,25.46
2025-07-29 08:00:00,25.46,25.51,25.2,25.24
2025-07-29 09:00:00,25.24,25.27,24.94,24.96
2025-07-29 10:00:00,24.96,24.99,24.52,24.56
2025-07-29 11:00:00,24.56,24.75,24.54,24.72
2025-07-29 12:00:00,24.73,25.11,24.67,24.99
2025-07-29 13:00:00,24.99,25.19,24.86,24.98
2025-07-29 14:00:00,24.99,24.99,24.29,24.53
2025-07-29 15:00:00,24.52,24.71,24.19,24.31
2025-07-29 16:00:00,24.31,24.39,24.02,24.33
2025-07-29 17:00:00,24.33,24.56,24.28,24.36
2025-07-29 18:00:00,24.36,24.37,24.16,24.23
2025-07-29 19:00:00,24.22,24.42,24.04,24.08
2025-07-29 20:00:00,24.08,24.3,23.88,24.1
2025-07-29 21:00:00,24.11,24.46,24,24.39
2025-07-29 22:00:00,24.4,24.45,24.17,24.35
2025-07-29 23:00:00,24.35,24.45,24.29,24.37
2025-07-30 00:00:00,24.38,24.38,24.08,24.22
2025-07-30 01:00:00,24.22,24.45,24.01,24.36
2025-07-30 02:00:00,24.36,24.51,24.29,24.38
2025-07-30 03:00:00,24.38,24.42,24.27,24.29
2025-07-30 04:00:00,24.28,24.37,24.06,24.09
2025-07-30 05:00:00,24.09,24.2,23.93,24.15
2025-07-30 06:00:00,24.15,24.27,24.07,24.21
2025-07-30 07:00:00,24.21,24.28,23.96,24
2025-07-30 08:00:00,24,24.18,23.92,23.95
2025-07-30 09:00:00,23.95,24,23.68,23.7
2025-07-30 10:00:00,23.7,23.86,23.54,23.57
2025-07-30 11:00:00,23.58,23.73,23.34,23.43
2025-07-30 12:00:00,23.43,23.61,23.1,23.3
2025-07-30 13:00:00,23.3,23.36,23.12,23.21
2025-07-30 14:00:00,23.21,23.65,23.13,23.6
2025-07-30 15:00:00,23.61,23.64,23.1,23.23
2025-07-30 16:00:00,23.23,23.49,23.17,23.3
2025-07-30 17:00:00,23.31,23.58,23.28,23.58
2025-07-30 18:00:00,23.57,23.67,22.88,22.9
2025-07-30 19:00:00,22.9,23.3,22.4,23.23
2025-07-30 20:00:00,23.23,23.46,23.13,23.22
2025-07-30 21:00:00,23.23,23.36,23,23.15
2025-07-30 22:00:00,23.15,23.21,23.03,23.14
2025-07-30 23:00:00,23.14,23.37,23.13,23.31
2025-07-31 00:00:00,23.3,23.49,23.22,23.47
2025-07-31 01:00:00,23.47,23.47,23.34,23.42
2025-07-31 02:00:00,23.42,23.58,23.37,23.57
2025-07-31 03:00:00,23.56,23.73,23.54,23.69
2025-07-31 04:00:00,23.69,23.93,23.64,23.91
2025-07-31 05:00:00,23.91,24.08,23.9,24.03
2025-07-31 06:00:00,24.02,24.06,23.85,23.99
2025-07-31 07:00:00,23.99,24.01,23.86,23.88
2025-07-31 08:00:00,23.89,24.04,23.85,23.95
2025-07-31 09:00:00,23.95,24.12,23.91,24.1
2025-07-31 10:00:00,24.09,24.11,23.95,23.96
2025-07-31 11:00:00,23.96,23.98,23.58,23.67
2025-07-31 12:00:00,23.67,23.7,23.4,23.52
2025-07-31 13:00:00,23.51,23.53,22.97,23.02
2025-07-31 14:00:00,23.02,23.14,22.8,22.89
2025-07-31 15:00:00,22.89,23.14,22.79,23.11
2025-07-31 16:00:00,23.1,23.53,23.03,23.39
2025-07-31 17:00:00,23.38,23.38,22.96,23.04
2025-07-31 18:00:00,23.05,23.18,22.86,23.02
2025-07-31 19:00:00,23.03,23.04,22.77,22.83
2025-07-31 20:00:00,22.82,22.9,22.65,22.8
2025-07-31 21:00:00,22.8,22.99,22.54,22.71
2025-07-31 22:00:00,22.7,22.71,22.45,22.5
2025-07-31 23:00:00,22.5,22.66,22.4,22.47
2025-08-01 00:00:00,22.47,22.5,21.8,22.28
2025-08-01 01:00:00,22.27,22.39,21.98,22.33
2025-08-01 02:00:00,22.32,22.47,22.26,22.41
2025-08-01 03:00:00,22.41,22.58,22.33,22.43
2025-08-01 04:00:00,22.42,22.42,22.16,22.17
2025-08-01 05:00:00,22.17,22.23,21.88,21.91
2025-08-01 06:00:00,21.91,22.03,21.75,21.99
2025-08-01 07:00:00,21.99,22.17,21.84,22.16
2025-08-01 08:00:00,22.15,22.15,21.63,21.85
2025-08-01 09:00:00,21.84,22.14,21.81,21.83
2025-08-01 10:00:00,21.82,22.06,21.81,21.99
2025-08-01 11:00:00,22,22.16,21.88,22.13
2025-08-01 12:00:00,22.13,22.39,22.05,22.14
2025-08-01 13:00:00,22.14,22.28,21.58,21.74
2025-08-01 14:00:00,21.74,22.34,21.6,22.28
2025-08-01 15:00:00,22.28,22.32,21.94,22.09
2025-08-01 16:00:00,22.08,22.24,21.79,21.84
2025-08-01 17:00:00,21.84,21.91,21.62,21.7
2025-08-01 18:00:00,21.7,21.92,21.49,21.75
2025-08-01 19:00:00,21.75,22.06,21.71,21.9
2025-08-01 20:00:00,21.9,21.99,21.4,21.76
2025-08-01 21:00:00,21.76,21.9,21.71,21.73
2025-08-01 22:00:00,21.73,21.75,21.02,21.27
2025-08-01 23:00:00,21.27,21.6,21.22,21.51
2025-08-02 00:00:00,21.52,21.71,21.47,21.7
2025-08-02 01:00:00,21.7,21.74,21.58,21.71
2025-08-02 02:00:00,21.71,21.74,21.69,21.71
2025-08-02 03:00:00,21.72,21.78,21.66,21.7
2025-08-02 04:00:00,21.71,21.82,21.62,21.81
2025-08-02 05:00:00,21.81,21.81,21.7,21.7
2025-08-02 06:00:00,21.71,21.71,21.22,21.33
2025-08-02 07:00:00,21.33,21.69,21.18,21.66
2025-08-02 08:00:00,21.67,21.73,21.4,21.43
2025-08-02 09:00:00,21.43,21.52,21.36,21.46
2025-08-02 10:00:00,21.46,21.49,21.25,21.41
2025-08-02 11:00:00,21.4,21.61,21.27,21.49
2025-08-02 12:00:00,21.5,21.55,21.37,21.53
2025-08-02 13:00:00,21.53,21.65,21.4,21.6
2025-08-02 14:00:00,21.6,21.66,21.19,21.3
2025-08-02 15:00:00,21.3,21.49,21.14,21.22
2025-08-02 16:00:00,21.23,21.3,21,21.2
2025-08-02 17:00:00,21.2,21.32,20.81,20.9
2025-08-02 18:00:00,20.89,20.98,20.66,20.78
2025-08-02 19:00:00,20.78,21.12,20.7,20.88
2025-08-02 20:00:00,20.87,21.07,20.86,21.03
2025-08-02 21:00:00,21.03,21.14,20.88,20.98
2025-08-02 22:00:00,20.98,21.1,20.83,21.01
2025-08-02 23:00:00,21,21.04,20.7,20.86
2025-08-03 00:00:00,20.87,21.04,20.57,21.03
2025-08-03 01:00:00,21.02,21.12,20.93,21.03
2025-08-03 02:00:00,21.04,21.18,21.04,21.18
2025-08-03 03:00:00,21.17,21.21,21.11,21.14
2025-08-03 04:00:00,21.13,21.19,21.07,21.15
2025-08-03 05:00:00,21.15,21.23,21.11,21.16
2025-08-03 06:00:00,21.16,21.19,21.08,21.15
2025-08-03 07:00:00,21.16,21.25,21.11,21.17
2025-08-03 08:00:00,21.18,21.27,21.16,21.25
2025-08-03 09:00:00,21.24,21.26,21.15,21.25
2025-08-03 10:00:00,21.25,21.41,21.25,21.36
2025-08-03 11:00:00,21.35,21.49,21.32,21.37
2025-08-03 12:00:00,21.38,21.47,21.27,21.43
2025-08-03 13:00:00,21.42,21.49,21.31,21.37
2025-08-03 14:00:00,21.38,21.42,21.24,21.34
2025-08-03 15:00:00,21.34,21.43,21.25,21.42
2025-08-03 16:00:00,21.42,21.47,21.31,21.44
2025-08-03 17:00:00,21.43,21.47,21.33,21.41
2025-08-03 18:00:00,21.41,21.46,21.32,21.43
2025-08-03 19:00:00,21.43,21.54,21.37,21.41
2025-08-03 20:00:00,21.4,21.41,21.32,21.39
2025-08-03 21:00:00,21.38,21.46,21.34,21.41
2025-08-03 22:00:00,21.42,21.5,21.27,21.41
2025-08-03 23:00:00,21.41,21.53,21.35,21.37
2025-08-04 00:00:00,21.38,21.84,21.34,21.82
2025-08-04 01:00:00,21.82,21.89,21.69,21.73
2025-08-04 02:00:00,21.74,21.93,21.69,21.87
2025-08-04 03:00:00,21.88,21.9,21.71,21.77
2025-08-04 04:00:00,21.77,21.97,21.77,21.92
2025-08-04 05:00:00,21.92,21.94,21.76,21.88
2025-08-04 06:00:00,21.87,21.93,21.72,21.92
2025-08-04 07:00:00,21.91,22,21.84,21.93
2025-08-04 08:00:00,21.94,22.04,21.83,21.97
2025-08-04 09:00:00,21.98,22.04,21.88,21.9
2025-08-04 10:00:00,21.9,21.98,21.82,21.83
2025-08-04 11:00:00,21.83,21.86,21.72,21.84
2025-08-04 12:00:00,21.84,21.91,21.81,21.9
2025-08-04 13:00:00,21.9,22.2,21.77,22.19
2025-08-04 14:00:00,22.19,22.61,22.11,22.14
2025-08-04 15:00:00,22.15,22.45,22.11,22.36
2025-08-04 16:00:00,22.36,22.65,22.36,22.64
2025-08-04 17:00:00,22.65,22.85,22.52,22.57
2025-08-04 18:00:00,22.56,22.62,22.4,22.44
2025-08-04 19:00:00,22.44,22.45,22.26,22.3
2025-08-04 20:00:00,22.31,22.62,22.27,22.59
2025-08-04 21:00:00,22.59,23,22.59,22.83
2025-08-04 22:00:00,22.84,23.12,22.84,23.1
2025-08-04 23:00:00,23.11,23.13,22.97,23.11
2025-08-05 00:00:00,23.12,23.14,22.99,23.11
2025-08-05 01:00:00,23.12,23.14,22.85,22.86
2025-08-05 02:00:00,22.85,22.93,22.77,22.83
2025-08-05 03:00:00,22.83,22.83,22.66,22.73
2025-08-05 04:00:00,22.73,22.81,22.72,22.74
2025-08-05 05:00:00,22.73,22.85,22.72,22.78
2025-08-05 06:00:00,22.79,22.79,22.45,22.47
2025-08-05 07:00:00,22.46,22.5,22.15,22.23
2025-08-05 08:00:00,22.22,22.38,22.18,22.36
2025-08-05 09:00:00,22.36,22.64,22.34,22.6
2025-08-05 10:00:00,22.59,22.83,22.52,22.8
2025-08-05 11:00:00,22.8,22.82,22.62,22.66
2025-08-05 12:00:00,22.65,22.7,22.24,22.32
2025-08-05 13:00:00,22.32,22.46,22.26,22.38
2025-08-05 14:00:00,22.37,22.4,21.83,21.93
2025-08-05 15:00:00,21.92,22,21.63,21.73
2025-08-05 16:00:00,21.72,21.93,21.67,21.79
2025-08-05 17:00:00,21.79,21.93,21.73,21.91
2025-08-05 18:00:00,21.91,21.94,21.67,21.8
2025-08-05 19:00:00,21.8,21.87,21.63,21.69
2025-08-05 20:00:00,21.69,21.86,21.65,21.68
2025-08-05 21:00:00,21.67,21.76,21.58,21.6
2025-08-05 22:00:00,21.59,21.8,21.44,21.77
2025-08-05 23:00:00,21.77,21.95,21.75,21.92
2025-08-06 00:00:00,21.92,21.96,21.69,21.75
2025-08-06 01:00:00,21.74,21.8,21.59,21.79
2025-08-06 02:00:00,21.79,21.81,21.66,21.74
2025-08-06 03:00:00,21.75,21.78,21.62,21.66
2025-08-06 04:00:00,21.67,21.74,21.57,21.73
2025-08-06 05:00:00,21.73,22.31,21.67,22.13
2025-08-06 06:00:00,22.14,22.21,21.98,22.15
2025-08-06 07:00:00,22.15,22.28,22.11,22.24
2025-08-06 08:00:00,22.24,22.29,21.97,22.06
2025-08-06 09:00:00,22.06,22.23,21.99,22.04
2025-08-06 10:00:00,22.05,22.08,21.91,21.95
2025-08-06 11:00:00,21.96,22.1,21.91,21.94
2025-08-06 12:00:00,21.95,22,21.77,21.83
2025-08-06 13:00:00,21.84,21.98,21.77,21.92
2025-08-06 14:00:00,21.92,22.23,21.8,22.23
2025-08-06 15:00:00,22.23,22.38,22.07,22.34
2025-08-06 16:00:00,22.34,22.4,22.04,22.08
2025-08-06 17:00:00,22.08,22.26,22.01,22.26
2025-08-06 18:00:00,22.26,22.39,22.2,22.22
2025-08-06 19:00:00,22.22,22.28,22.16,22.26
2025-08-06 20:00:00,22.26,22.28,22.13,22.16
2025-08-06 21:00:00,22.17,22.28,22.1,22.18
2025-08-06 22:00:00,22.19,22.28,22.18,22.28
2025-08-06 23:00:00,22.28,22.31,22.21,22.23
2025-08-07 00:00:00,22.24,22.28,22.15,22.18
2025-08-07 01:00:00,22.18,22.35,22.09,22.1
2025-08-07 02:00:00,22.11,22.17,22.02,22.04
2025-08-07 03:00:00,22.05,22.09,21.98,22.01
2025-08-07 04:00:00,22,22.11,21.97,22.01
2025-08-07 05:00:00,22,22.19,21.95,22.18
2025-08-07 06:00:00,22.19,22.32,22.17,22.17
2025-08-07 07:00:00,22.17,22.28,22.17,22.21
2025-08-07 08:00:00,22.21,22.38,22.21,22.28
2025-08-07 09:00:00,22.28,22.37,22.2,22.32
2025-08-07 10:00:00,22.32,22.81,22.3,22.79
2025-08-07 11:00:00,22.79,22.9,22.74,22.78
2025-08-07 12:00:00,22.78,22.82,22.61,22.75
2025-08-07 13:00:00,22.75,22.82,22.71,22.75
2025-08-07 14:00:00,22.76,22.77,22.55,22.59
2025-08-07 15:00:00,22.58,22.68,22.5,22.65
2025-08-07 16:00:00,22.66,22.71,22.19,22.47
2025-08-07 17:00:00,22.46,22.57,22.4,22.53
2025-08-07 18:00:00,22.53,22.56,22.42,22.54
2025-08-07 19:00:00,22.55,22.89,22.52,22.87
2025-08-07 20:00:00,22.87,23.03,22.84,22.99
2025-08-07 21:00:00,22.99,23.15,22.89,23.08
2025-08-07 22:00:00,23.08,23.36,23.05,23.33
2025-08-07 23:00:00,23.33,23.36,23.22,23.36
2025-08-08 00:00:00,23.35,23.7,23.02,23.29
2025-08-08 01:00:00,23.29,23.44,23,23.21
2025-08-08 02:00:00,23.21,23.35,23.11,23.21
2025-08-08 03:00:00,23.21,23.4,23.17,23.28
2025-08-08 04:00:00,23.28,23.31,23.11,23.11
2025-08-08 05:00:00,23.11,23.22,23.05,23.07
2025-08-08 06:00:00,23.07,23.42,23.03,23.41
2025-08-08 07:00:00,23.41,23.57,23.22,23.49
2025-08-08 08:00:00,23.49,23.61,23.31,23.43
2025-08-08 09:00:00,23.43,23.59,23.37,23.55
2025-08-08 10:00:00,23.54,23.6,23.44,23.51
2025-08-08 11:00:00,23.52,23.57,23.47,23.51
2025-08-08 12:00:00,23.51,23.53,23.24,23.25
2025-08-08 13:00:00,23.24,23.7,23.23,23.68
2025-08-08 14:00:00,23.69,23.8,23.23,23.39
2025-08-08 15:00:00,23.39,23.41,23.04,23.19
2025-08-08 16:00:00,23.18,23.33,23.16,23.29
2025-08-08 17:00:00,23.29,23.77,23.28,23.77
2025-08-08 18:00:00,23.77,23.85,23.61,23.7
2025-08-08 19:00:00,23.7,23.8,23.64,23.8
2025-08-08 20:00:00,23.8,23.86,23.69,23.75
2025-08-08 21:00:00,23.76,23.8,23.67,23.75
2025-08-08 22:00:00,23.74,23.86,23.68,23.81
2025-08-08 23:00:00,23.81,23.87,23.74,23.79
2025-08-09 00:00:00,23.8,23.83,23.73,23.81
2025-08-09 01:00:00,23.82,24.08,23.77,24.02
2025-08-09 02:00:00,24.03,24.19,24,24.08
2025-08-09 03:00:00,24.08,24.17,23.94,24
2025-08-09 04:00:00,24,24.18,23.93,24.16
2025-08-09 05:00:00,24.16,24.68,24.11,24.47
2025-08-09 06:00:00,24.47,24.53,24.17,24.22
2025-08-09 07:00:00,24.22,24.42,24.2,24.42
2025-08-09 08:00:00,24.41,24.52,24.36,24.44
2025-08-09 09:00:00,24.44,24.69,24.39,24.67
2025-08-09 10:00:00,24.67,24.76,24.63,24.66
2025-08-09 11:00:00,24.66,24.71,24.53,24.59
2025-08-09 12:00:00,24.59,24.8,24.54,24.77
2025-08-09 13:00:00,24.77,24.77,24.27,24.31
2025-08-09 14:00:00,24.32,24.36,24.12,24.3
2025-08-09 15:00:00,24.29,24.38,24.02,24.16
2025-08-09 16:00:00,24.16,24.33,24.16,24.21
2025-08-09 17:00:00,24.21,24.4,24.17,24.34
2025-08-09 18:00:00,24.33,24.47,24.25,24.46
2025-08-09 19:00:00,24.45,24.58,24.43,24.48
2025-08-09 20:00:00,24.48,24.82,24.47,24.75
2025-08-09 21:00:00,24.75,24.78,24.45,24.58
2025-08-09 22:00:00,24.59,24.81,24.34,24.39
2025-08-09 23:00:00,24.39,24.41,24.14,24.23
2025-08-10 00:00:00,24.24,24.49,24.21,24.44
2025-08-10 01:00:00,24.44,24.49,24.23,24.35
2025-08-10 02:00:00,24.35,24.37,24.09,24.13
2025-08-10 03:00:00,24.12,24.44,24.05,24.4
2025-08-10 04:00:00,24.4,24.55,24.27,24.46
2025-08-10 05:00:00,24.47,24.47,24.05,24.07
2025-08-10 06:00:00,24.07,24.11,23.85,23.94
2025-08-10 07:00:00,23.93,24.01,23.45,23.48
2025-08-10 08:00:00,23.48,23.68,23.26,23.65
2025-08-10 09:00:00,23.66,23.72,23.57,23.64
2025-08-10 10:00:00,23.64,23.67,23.39,23.5
2025-08-10 11:00:00,23.5,23.68,23.45,23.53
2025-08-10 12:00:00,23.53,23.69,23.5,23.66
2025-08-10 13:00:00,23.67,23.73,23.49,23.5
2025-08-10 14:00:00,23.5,23.95,23.45,23.84
2025-08-10 15:00:00,23.83,24.05,23.75,23.96
2025-08-10 16:00:00,23.95,24.03,23.76,23.82
2025-08-10 17:00:00,23.82,23.9,23.74,23.82
2025-08-10 18:00:00,23.83,23.97,23.82,23.94
2025-08-10 19:00:00,23.93,23.97,23.87,23.9
2025-08-10 20:00:00,23.91,23.92,23.67,23.73
2025-08-10 21:00:00,23.73,23.78,23.54,23.75
2025-08-10 22:00:00,23.75,23.79,23.65,23.79
2025-08-10 23:00:00,23.8,23.87,23.64,23.83
2025-08-11 00:00:00,23.84,23.98,23.68,23.68
2025-08-11 01:00:00,23.68,24.13,23.67,24.02
2025-08-11 02:00:00,24.01,24.47,24.01,24.42
2025-08-11 03:00:00,24.43,24.44,24.29,24.41
2025-08-11 04:00:00,24.41,24.6,24.4,24.43
2025-08-11 05:00:00,24.42,24.57,24.35,24.47
2025-08-11 06:00:00,24.47,24.63,24.45,24.55
2025-08-11 07:00:00,24.54,24.55,24.04,24.11
2025-08-11 08:00:00,24.11,24.37,23.92,24.22
2025-08-11 09:00:00,24.22,24.28,23.95,24.05
2025-08-11 10:00:00,24.05,24.08,23.85,23.91
2025-08-11 11:00:00,23.9,23.92,23.29,23.39
2025-08-11 12:00:00,23.38,23.39,23.14,23.26
2025-08-11 13:00:00,23.26,23.59,23.08,23.53
2025-08-11 14:00:00,23.53,23.74,23.43,23.52
2025-08-11 15:00:00,23.51,23.75,23.38,23.75
2025-08-11 16:00:00,23.74,24.05,23.57,23.66
2025-08-11 17:00:00,23.66,23.74,23.47,23.52
2025-08-11 18:00:00,23.52,23.58,23.31,23.48
2025-08-11 19:00:00,23.47,23.48,23.11,23.25
2025-08-11 20:00:00,23.24,23.25,23.1,23.19
2025-08-11 21:00:00,23.18,23.27,22.72,22.9
2025-08-11 22:00:00,22.9,22.92,22.65,22.8
2025-08-11 23:00:00,22.79,22.93,22.76,22.79
2025-08-12 00:00:00,22.79,23.09,22.74,23.03
2025-08-12 01:00:00,23.03,23.11,22.95,23.05
2025-08-12 02:00:00,23.05,23.27,23,23.13
2025-08-12 03:00:00,23.13,23.14,22.98,23
2025-08-12 04:00:00,23,23.21,22.96,23.19
2025-08-12 05:00:00,23.18,23.18,22.9,22.96
2025-08-12 06:00:00,22.96,23.11,22.81,22.98
2025-08-12 07:00:00,22.98,23.15,22.98,23.13
2025-08-12 08:00:00,23.13,23.23,22.96,22.98
2025-08-12 09:00:00,22.98,23.02,22.86,22.98
2025-08-12 10:00:00,22.99,23.09,22.89,22.98
2025-08-12 11:00:00,22.98,23.02,22.76,22.97
2025-08-12 12:00:00,22.98,23.67,22.88,23.6
2025-08-12 13:00:00,23.6,23.81,23.35,23.49
2025-08-12 14:00:00,23.49,23.97,23.45,23.95
2025-08-12 15:00:00,23.94,24.24,23.94,24.2
2025-08-12 16:00:00,24.2,24.38,24.14,24.31
2025-08-12 17:00:00,24.31,24.49,24.26,24.29
2025-08-12 18:00:00,24.3,24.56,24.24,24.28
2025-08-12 19:00:00,24.29,24.61,24.29,24.6
2025-08-12 20:00:00,24.6,24.9,24.54,24.84
2025-08-12 21:00:00,24.83,24.87,24.55,24.61
2025-08-12 22:00:00,24.62,24.74,24.56,24.64
2025-08-12 23:00:00,24.64,24.73,24.55,24.67
2025-08-13 00:00:00,24.67,24.9,24.66,24.79
2025-08-13 01:00:00,24.79,24.8,24.37,24.49
2025-08-13 02:00:00,24.49,24.88,24.38,24.86
2025-08-13 03:00:00,24.87,25.04,24.75,24.98
2025-08-13 04:00:00,24.97,25.14,24.81,24.93
2025-08-13 05:00:00,24.92,24.93,24.52,24.57
2025-08-13 06:00:00,24.56,24.67,24.42,24.58
2025-08-13 07:00:00,24.58,24.76,24.55,24.75
2025-08-13 08:00:00,24.75,24.97,24.74,24.92
2025-08-13 09:00:00,24.93,25.34,24.92,25.3
2025-08-13 10:00:00,25.3,25.44,25.23,25.27
2025-08-13 11:00:00,25.27,25.27,25.02,25.04
2025-08-13 12:00:00,25.04,25.24,25.03,25.05
2025-08-13 13:00:00,25.05,25.42,24.91,25.15
2025-08-13 14:00:00,25.15,25.22,24.81,24.88
2025-08-13 15:00:00,24.89,25.12,24.75,24.99
2025-08-13 16:00:00,25,25.31,24.96,25.07
2025-08-13 17:00:00,25.08,25.24,25.01,25.15
2025-08-13 18:00:00,25.15,25.26,24.99,25.1
2025-08-13 19:00:00,25.09,25.38,25.07,25.36
2025-08-13 20:00:00,25.36,25.41,25.22,25.32
2025-08-13 21:00:00,25.32,25.59,25.24,25.32
2025-08-13 22:00:00,25.32,25.64,25.27,25.49
2025-08-13 23:00:00,25.49,25.68,25.46,25.47
2025-08-14 00:00:00,25.47,25.66,25.32,25.37
2025-08-14 01:00:00,25.38,25.57,25.24,25.45
2025-08-14 02:00:00,25.45,25.93,25.41,25.88
2025-08-14 03:00:00,25.88,25.99,25.7,25.92
2025-08-14 04:00:00,25.93,25.96,25.53,25.55
2025-08-14 05:00:00,25.55,25.68,25.39,25.47
2025-08-14 06:00:00,25.46,25.6,25.09,25.55
2025-08-14 07:00:00,25.54,25.64,25.12,25.29
2025-08-14 08:00:00,25.29,25.31,24.93,25.06
2025-08-14 09:00:00,25.06,25.3,24.95,25.26
2025-08-14 10:00:00,25.25,25.25,24.74,24.96
2025-08-14 11:00:00,24.96,25.08,24.91,25.03
2025-08-14 12:00:00,25.03,25.12,23.36,23.75
2025-08-14 13:00:00,23.75,24.11,23.28,23.95
2025-08-14 14:00:00,23.95,24.29,23.87,24.1
2025-08-14 15:00:00,24.1,24.22,23.86,23.88
2025-08-14 16:00:00,23.88,23.92,23.53,23.66
2025-08-14 17:00:00,23.65,23.78,23.45,23.72
2025-08-14 18:00:00,23.72,23.74,23.37,23.63
2025-08-14 19:00:00,23.63,23.91,23.58,23.61
2025-08-14 20:00:00,23.6,23.61,23.41,23.56
2025-08-14 21:00:00,23.56,23.64,23.21,23.37
2025-08-14 22:00:00,23.36,23.57,23.18,23.56
2025-08-14 23:00:00,23.55,23.73,23.54,23.67
2025-08-15 00:00:00,23.66,24.02,23.63,23.97
2025-08-15 01:00:00,23.96,24.04,23.8,23.92
2025-08-15 02:00:00,23.92,24.01,23.86,23.96
2025-08-15 03:00:00,23.97,24.9,23.94,24.88
2025-08-15 04:00:00,24.87,25.27,24.62,24.63
2025-08-15 05:00:00,24.63,25.24,24.63,25.22
2025-08-15 06:00:00,25.22,25.66,25.19,25.19
2025-08-15 07:00:00,25.2,25.45,25.11,25.43
2025-08-15 08:00:00,25.43,25.47,25.18,25.18
2025-08-15 09:00:00,25.18,25.22,24.75,24.83
2025-08-15 10:00:00,24.83,24.92,24.66,24.7
2025-08-15 11:00:00,24.69,24.74,24.57,24.57
2025-08-15 12:00:00,24.58,24.76,24.33,24.4
2025-08-15 13:00:00,24.39,24.51,24.11,24.18
2025-08-15 14:00:00,24.17,24.28,23.87,23.87
2025-08-15 15:00:00,23.87,23.92,23.58,23.71
2025-08-15 16:00:00,23.7,23.92,23.46,23.83
2025-08-15 17:00:00,23.83,24.24,23.59,24.12
2025-08-15 18:00:00,24.11,24.19,23.53,23.64
2025-08-15 19:00:00,23.63,23.79,23.5,23.54
2025-08-15 20:00:00,23.54,23.78,23.46,23.76
2025-08-15 21:00:00,23.76,23.87,23.61,23.77
2025-08-15 22:00:00,23.77,24.1,23.69,24.08
2025-08-15 23:00:00,24.08,24.15,23.57,23.77
2025-08-16 00:00:00,23.76,24.15,23.7,24.09
2025-08-16 01:00:00,24.1,24.12,23.82,23.96
2025-08-16 02:00:00,23.95,23.96,23.82,23.88
2025-08-16 03:00:00,23.89,24.06,23.84,23.89
2025-08-16 04:00:00,23.89,23.97,23.75,23.93
2025-08-16 05:00:00,23.93,23.93,23.66,23.7
2025-08-16 06:00:00,23.7,23.77,23.63,23.73
2025-08-16 07:00:00,23.73,24,23.71,24
2025-08-16 08:00:00,23.99,24.08,23.93,23.98
2025-08-16 09:00:00,23.98,24.09,23.62,23.64
2025-08-16 10:00:00,23.64,23.74,23.57,23.62
2025-08-16 11:00:00,23.63,23.84,23.6,23.61
2025-08-16 12:00:00,23.61,23.82,23.57,23.81
2025-08-16 13:00:00,23.81,23.95,23.7,23.72
2025-08-16 14:00:00,23.73,24,23.67,23.98
2025-08-16 15:00:00,23.98,24.27,23.88,24.21
2025-08-16 16:00:00,24.21,24.29,24.01,24.1
2025-08-16 17:00:00,24.09,24.09,23.91,23.97
2025-08-16 18:00:00,23.97,24.1,23.9,24
2025-08-16 19:00:00,24,24.27,23.99,24.16
2025-08-16 20:00:00,24.16,24.37,24.16,24.31
2025-08-16 21:00:00,24.31,24.33,24.16,24.19
2025-08-16 22:00:00,24.2,24.32,24.13,24.25
2025-08-16 23:00:00,24.26,24.32,24.15,24.3
2025-08-17 00:00:00,24.3,24.32,24.06,24.08
2025-08-17 01:00:00,24.07,24.15,24.02,24.09
2025-08-17 02:00:00,24.1,24.37,24.03,24.36
2025-08-17 03:00:00,24.37,24.47,24.22,24.43
2025-08-17 04:00:00,24.43,24.65,24.41,24.64
2025-08-17 05:00:00,24.65,24.76,24.54,24.58
2025-08-17 06:00:00,24.58,24.69,24.48,24.49
2025-08-17 07:00:00,24.49,24.6,24.44,24.56
2025-08-17 08:00:00,24.56,24.76,24.49,24.74
2025-08-17 09:00:00,24.73,24.84,24.64,24.83
2025-08-17 10:00:00,24.83,24.94,24.76,24.79
2025-08-17 11:00:00,24.78,24.84,24.65,24.83
2025-08-17 12:00:00,24.84,24.87,24.65,24.66
2025-08-17 13:00:00,24.66,24.93,24.58,24.84
2025-08-17 14:00:00,24.84,25.09,24.81,25.05
2025-08-17 15:00:00,25.05,25.45,25.05,25.42
2025-08-17 16:00:00,25.43,25.52,24.93,24.99
2025-08-17 17:00:00,24.99,25.61,24.92,25.55
2025-08-17 18:00:00,25.55,25.68,24.94,25.19
2025-08-17 19:00:00,25.19,25.38,25.03,25.07
2025-08-17 20:00:00,25.07,25.23,25.02,25.09
2025-08-17 21:00:00,25.09,25.2,25,25.05
2025-08-17 22:00:00,25.04,25.3,25.01,25.24
2025-08-17 23:00:00,25.25,25.26,25.01,25.06
2025-08-18 00:00:00,25.07,25.33,24.85,25.21
2025-08-18 01:00:00,25.21,25.24,24.64,24.7
2025-08-18 02:00:00,24.69,24.73,23.99,24.05
2025-08-18 03:00:00,24.04,24.12,23.71,23.96
2025-08-18 04:00:00,23.95,24.14,23.78,24.09
2025-08-18 05:00:00,24.09,24.15,23.73,23.94
2025-08-18 06:00:00,23.93,23.93,23.43,23.57
2025-08-18 07:00:00,23.57,23.65,23.47,23.53
2025-08-18 08:00:00,23.53,23.67,23.47,23.52
2025-08-18 09:00:00,23.52,23.82,23.36,23.72
2025-08-18 10:00:00,23.73,23.9,23.65,23.77
2025-08-18 11:00:00,23.78,23.86,23.62,23.68
2025-08-18 12:00:00,23.68,24.09,23.63,24.08
2025-08-18 13:00:00,24.09,24.18,23.56,23.57
2025-08-18 14:00:00,23.57,23.71,23.38,23.62
2025-08-18 15:00:00,23.63,23.78,23.4,23.77
2025-08-18 16:00:00,23.78,23.87,23.42,23.48
2025-08-18 17:00:00,23.47,24.01,23.46,23.68
2025-08-18 18:00:00,23.68,23.88,23.56,23.86
2025-08-18 19:00:00,23.87,23.94,23.71,23.83
2025-08-18 20:00:00,23.84,23.91,23.57,23.73
2025-08-18 21:00:00,23.74,23.95,23.69,23.9
2025-08-18 22:00:00,23.9,24.14,23.86,23.87
2025-08-18 23:00:00,23.86,23.94,23.62,23.7
2025-08-19 00:00:00,23.7,23.94,23.36,23.94
2025-08-19 01:00:00,23.93,24.06,23.54,23.61
2025-08-19 02:00:00,23.6,23.65,23.45,23.5
2025-08-19 03:00:00,23.51,23.53,23.06,23.11
2025-08-19 04:00:00,23.11,23.25,23,23.24
2025-08-19 05:00:00,23.24,23.31,23.12,23.17
2025-08-19 06:00:00,23.16,23.23,23.06,23.12
2025-08-19 07:00:00,23.12,23.14,22.93,23.04
2025-08-19 08:00:00,23.03,23.16,22.86,23.05
2025-08-19 09:00:00,23.05,23.24,23.03,23.17
2025-08-19 10:00:00,23.17,23.37,23.11,23.29
2025-08-19 11:00:00,23.3,23.41,23.25,23.35
2025-08-19 12:00:00,23.34,23.35,23.12,23.25
2025-08-19 13:00:00,23.25,23.48,22.95,23.16
2025-08-19 14:00:00,23.17,23.27,22.67,22.83
2025-08-19 15:00:00,22.83,23.08,22.68,22.78
2025-08-19 16:00:00,22.78,22.86,22.61,22.7
2025-08-19 17:00:00,22.69,22.83,22.53,22.77
2025-08-19 18:00:00,22.77,22.78,22.39,22.48
2025-08-19 19:00:00,22.47,22.69,22.35,22.51
2025-08-19 20:00:00,22.51,22.71,22.4,22.69
2025-08-19 21:00:00,22.69,22.75,22.61,22.68
2025-08-19 22:00:00,22.68,22.69,22.56,22.61
2025-08-19 23:00:00,22.61,22.63,22.31,22.37
2025-08-20 00:00:00,22.36,22.55,22.35,22.5
2025-08-20 01:00:00,22.5,22.6,22.23,22.57
2025-08-20 02:00:00,22.57,22.68,22.53,22.62
2025-08-20 03:00:00,22.63,22.81,22.59,22.7
2025-08-20 04:00:00,22.7,22.9,22.7,22.83
2025-08-20 05:00:00,22.83,22.97,22.72,22.96
2025-08-20 06:00:00,22.97,22.98,22.79,22.84
2025-08-20 07:00:00,22.85,22.99,22.76,22.77
2025-08-20 08:00:00,22.78,23.04,22.75,23.03
2025-08-20 09:00:00,23.02,23.04,22.87,22.91
2025-08-20 10:00:00,22.92,23,22.86,22.94
2025-08-20 11:00:00,22.94,22.96,22.55,22.82
2025-08-20 12:00:00,22.82,23.02,22.76,22.93
2025-08-20 13:00:00,22.93,22.98,22.5,22.58
2025-08-20 14:00:00,22.58,23.04,22.36,22.88
2025-08-20 15:00:00,22.87,23.35,22.83,23.1
2025-08-20 16:00:00,23.1,23.39,23.1,23.18
2025-08-20 17:00:00,23.17,23.47,23.17,23.37
2025-08-20 18:00:00,23.38,23.4,22.96,23.16
2025-08-20 19:00:00,23.16,23.54,23.13,23.53
2025-08-20 20:00:00,23.53,23.54,23.41,23.48
2025-08-20 21:00:00,23.49,23.54,23.33,23.46
2025-08-20 22:00:00,23.46,23.55,23.42,23.53
2025-08-20 23:00:00,23.54,23.55,23.41,23.46
2025-08-21 00:00:00,23.45,23.48,23.31,23.47
2025-08-21 01:00:00,23.46,23.55,23.32,23.54
2025-08-21 02:00:00,23.55,23.62,23.16,23.26
2025-08-21 03:00:00,23.27,23.57,23.27,23.4
2025-08-21 04:00:00,23.4,23.48,23.33,23.4
2025-08-21 05:00:00,23.41,23.52,23.29,23.51
2025-08-21 06:00:00,23.51,23.52,23.33,23.41
2025-08-21 07:00:00,23.41,23.45,23.21,23.39
2025-08-21 08:00:00,23.4,23.44,23.1,23.11
2025-08-21 09:00:00,23.11,23.23,23.01,23.09
2025-08-21 10:00:00,23.1,23.22,23.05,23.14
2025-08-21 11:00:00,23.15,23.22,23.03,23.11
2025-08-21 12:00:00,23.11,23.17,22.93,23.03
2025-08-21 13:00:00,23.04,23.34,23,23.12
2025-08-21 14:00:00,23.12,23.42,23.03,23.15
2025-08-21 15:00:00,23.16,23.22,22.91,22.93
2025-08-21 16:00:00,22.94,23.11,22.82,22.84
2025-08-21 17:00:00,22.85,22.96,22.72,22.91
2025-08-21 18:00:00,22.91,23.03,22.8,23.01
2025-08-21 19:00:00,23,23.08,22.79,22.84
2025-08-21 20:00:00,22.83,23.04,22.73,22.95
2025-08-21 21:00:00,22.95,23.06,22.81,23
2025-08-21 22:00:00,23,23.05,22.92,22.97
2025-08-21 23:00:00,22.98,22.98,22.72,22.77
2025-08-22 00:00:00,22.78,22.92,22.73,22.77
2025-08-22 01:00:00,22.78,22.95,22.7,22.93
2025-08-22 02:00:00,22.93,23.22,22.89,23.1
2025-08-22 03:00:00,23.1,23.17,22.82,22.89
2025-08-22 04:00:00,22.89,23.15,22.88,22.97
2025-08-22 05:00:00,22.98,23.07,22.86,23.01
2025-08-22 06:00:00,23,23.13,22.8,22.87
2025-08-22 07:00:00,22.88,23.14,22.85,23.06
2025-08-22 08:00:00,23.06,23.22,23,23
2025-08-22 09:00:00,23.01,23.07,22.9,23.01
2025-08-22 10:00:00,23.01,23.02,22.73,22.76
2025-08-22 11:00:00,22.76,22.78,22.58,22.59
2025-08-22 12:00:00,22.59,22.61,22.19,22.47
2025-08-22 13:00:00,22.47,22.81,22.35,22.64
2025-08-22 14:00:00,22.64,24.17,22.64,24.1
2025-08-22 15:00:00,24.1,24.52,24.1,24.26
2025-08-22 16:00:00,24.26,24.98,24.26,24.8
2025-08-22 17:00:00,24.8,25.2,24.8,24.98
2025-08-22 18:00:00,24.98,25.11,24.87,24.96
2025-08-22 19:00:00,24.97,25.15,24.94,25.06
2025-08-22 20:00:00,25.07,25.25,25.06,25.19
2025-08-22 21:00:00,25.19,25.4,25.13,25.19
2025-08-22 22:00:00,25.2,25.29,25.04,25.11
2025-08-22 23:00:00,25.1,25.29,25.09,25.25
2025-08-23 00:00:00,25.26,25.32,25.1,25.13
2025-08-23 01:00:00,25.13,25.14,24.74,24.9
2025-08-23 02:00:00,24.9,24.97,24.47,24.75
2025-08-23 03:00:00,24.75,24.98,24.69,24.95
2025-08-23 04:00:00,24.95,25.27,24.91,25.26
2025-08-23 05:00:00,25.26,25.53,25.2,25.47
2025-08-23 06:00:00,25.47,25.58,25.3,25.36
2025-08-23 07:00:00,25.37,25.4,25.21,25.33
2025-08-23 08:00:00,25.33,25.42,25.24,25.29
2025-08-23 09:00:00,25.29,25.9,25.2,25.82
2025-08-23 10:00:00,25.82,25.92,25.68,25.76
2025-08-23 11:00:00,25.75,26.04,25.67,25.89
2025-08-23 12:00:00,25.89,26.21,25.76,26.16
2025-08-23 13:00:00,26.17,26.77,26.08,26.63
2025-08-23 14:00:00,26.64,26.67,26.09,26.1
2025-08-23 15:00:00,26.1,26.28,25.53,25.64
2025-08-23 16:00:00,25.63,25.64,25.22,25.47
2025-08-23 17:00:00,25.47,25.77,25.45,25.77
2025-08-23 18:00:00,25.77,25.87,25.64,25.86
2025-08-23 19:00:00,25.86,25.99,25.8,25.99
2025-08-23 20:00:00,25.99,26.04,25.75,25.84
2025-08-23 21:00:00,25.83,25.88,25.71,25.85
2025-08-23 22:00:00,25.84,26.22,25.84,26.18
2025-08-23 23:00:00,26.18,26.3,26.1,26.26
2025-08-24 00:00:00,26.26,26.29,26.05,26.06
2025-08-24 01:00:00,26.06,26.18,25.93,26.05
2025-08-24 02:00:00,26.06,26.24,25.98,26.01
2025-08-24 03:00:00,26,26.02,25.85,25.92
2025-08-24 04:00:00,25.92,25.99,25.79,25.92
2025-08-24 05:00:00,25.92,25.93,25.58,25.63
2025-08-24 06:00:00,25.63,25.63,25.46,25.46
2025-08-24 07:00:00,25.47,25.62,25.45,25.45
2025-08-24 08:00:00,25.45,25.58,25.4,25.54
2025-08-24 09:00:00,25.54,25.59,25.46,25.48
2025-08-24 10:00:00,25.48,25.5,24.94,25.01
2025-08-24 11:00:00,25,25.12,24.92,25.06
2025-08-24 12:00:00,25.05,25.19,25.02,25.11
2025-08-24 13:00:00,25.11,25.21,25.08,25.12
2025-08-24 14:00:00,25.11,25.51,25.03,25.49
2025-08-24 15:00:00,25.49,25.91,25.45,25.52
2025-08-24 16:00:00,25.52,25.76,25.38,25.7
2025-08-24 17:00:00,25.71,26.09,25.7,25.99
2025-08-24 18:00:00,25.99,26.55,25.86,26.43
2025-08-24 19:00:00,26.43,26.57,25.24,25.8
2025-08-24 20:00:00,25.8,25.84,25.18,25.62
2025-08-24 21:00:00,25.61,25.92,25.42,25.67
2025-08-24 22:00:00,25.67,25.77,25.34,25.76
2025-08-24 23:00:00,25.76,26.09,25.68,25.83
2025-08-25 00:00:00,25.83,26,25.16,25.35
2025-08-25 01:00:00,25.35,25.69,25.3,25.65
2025-08-25 02:00:00,25.65,25.89,25.64,25.73
2025-08-25 03:00:00,25.73,25.85,25.47,25.49
2025-08-25 04:00:00,25.5,25.56,25.36,25.37
2025-08-25 05:00:00,25.38,25.43,25.08,25.09
2025-08-25 06:00:00,25.09,25.11,24.63,24.65
2025-08-25 07:00:00,24.65,24.79,24.17,24.29
2025-08-25 08:00:00,24.28,24.45,24.08,24.32
2025-08-25 09:00:00,24.31,24.35,24.16,24.32
2025-08-25 10:00:00,24.32,24.37,23.98,24.1
2025-08-25 11:00:00,24.1,24.27,24.06,24.27
2025-08-25 12:00:00,24.27,24.34,24.15,24.34
2025-08-25 13:00:00,24.34,24.41,24.06,24.26
2025-08-25 14:00:00,24.27,24.56,24.21,24.41
2025-08-25 15:00:00,24.41,24.46,24.14,24.18
2025-08-25 16:00:00,24.19,24.36,24.04,24.11
2025-08-25 17:00:00,24.11,24.12,23.89,24.01
2025-08-25 18:00:00,24.02,24.06,23.87,23.95
2025-08-25 19:00:00,23.94,24,23.5,23.55
2025-08-25 20:00:00,23.55,23.66,23.12,23.17
2025-08-25 21:00:00,23.17,23.31,23.03,23.12
2025-08-25 22:00:00,23.12,23.48,23.1,23.38
2025-08-25 23:00:00,23.38,23.41,23.25,23.35
2025-08-26 00:00:00,23.35,23.42,23.09,23.18
2025-08-26 01:00:00,23.18,23.51,23.11,23.49
2025-08-26 02:00:00,23.48,23.67,23.32,23.37
2025-08-26 03:00:00,23.38,23.4,23.25,23.32
2025-08-26 04:00:00,23.32,23.53,23.31,23.5
2025-08-26 05:00:00,23.5,23.58,23.36,23.38
2025-08-26 06:00:00,23.38,23.42,23.19,23.25
2025-08-26 07:00:00,23.25,23.56,23.11,23.29
2025-08-26 08:00:00,23.29,23.36,23.2,23.28
2025-08-26 09:00:00,23.28,23.39,23.27,23.34
2025-08-26 10:00:00,23.35,23.58,23.34,23.5
2025-08-26 11:00:00,23.51,23.56,23.25,23.41
2025-08-26 12:00:00,23.42,23.97,23.28,23.67
2025-08-26 13:00:00,23.68,23.69,23.16,23.49
2025-08-26 14:00:00,23.5,23.9,23.37,23.82
2025-08-26 15:00:00,23.82,23.92,23.56,23.69
2025-08-26 16:00:00,23.69,23.93,23.63,23.91
2025-08-26 17:00:00,23.91,23.93,23.67,23.77
2025-08-26 18:00:00,23.77,23.99,23.76,23.92
2025-08-26 19:00:00,23.93,24.3,23.79,24.22
2025-08-26 20:00:00,24.22,24.35,24.12,24.16
2025-08-26 21:00:00,24.17,24.19,24.01,24.18
2025-08-26 22:00:00,24.19,24.23,24.09,24.21
2025-08-26 23:00:00,24.21,24.33,24.13,24.17
2025-08-27 00:00:00,24.17,24.19,23.97,24.01
2025-08-27 01:00:00,24.02,24.03,23.9,23.99
2025-08-27 02:00:00,24,24.2,23.86,24.12
2025-08-27 03:00:00,24.12,24.52,24.06,24.44
2025-08-27 04:00:00,24.44,24.62,24.37,24.56
2025-08-27 05:00:00,24.56,24.61,24.43,24.53
2025-08-27 06:00:00,24.54,24.55,24.38,24.39
2025-08-27 07:00:00,24.39,24.44,24.15,24.32
2025-08-27 08:00:00,24.32,24.45,24.23,24.45
2025-08-27 09:00:00,24.45,24.58,24.42,24.46
2025-08-27 10:00:00,24.45,24.48,24.31,24.44
2025-08-27 11:00:00,24.45,24.51,24.42,24.51
2025-08-27 12:00:00,24.5,24.74,24.46,24.71
2025-08-27 13:00:00,24.71,24.99,24.5,24.7
2025-08-27 14:00:00,24.71,25.33,24.63,25.19
2025-08-27 15:00:00,25.2,25.3,24.85,24.98
2025-08-27 16:00:00,24.99,25.14,24.84,25.01
2025-08-27 17:00:00,25.01,25.21,24.95,25.14
2025-08-27 18:00:00,25.14,25.2,24.87,24.89
2025-08-27 19:00:00,24.88,24.9,24.52,24.67
2025-08-27 20:00:00,24.68,25,24.42,24.98
2025-08-27 21:00:00,24.99,25.07,24.55,24.62
2025-08-27 22:00:00,24.62,24.65,24.36,24.52
2025-08-27 23:00:00,24.51,24.58,24.37,24.42
2025-08-28 00:00:00,24.42,24.59,24.24,24.43
2025-08-28 01:00:00,24.42,24.76,24.41,24.68
2025-08-28 02:00:00,24.68,24.73,24.4,24.45
2025-08-28 03:00:00,24.44,24.73,24.39,24.68
2025-08-28 04:00:00,24.69,24.86,24.6,24.77
2025-08-28 05:00:00,24.78,24.88,24.7,24.77
2025-08-28 06:00:00,24.76,24.78,24.64,24.73
2025-08-28 07:00:00,24.74,24.76,24.53,24.71
2025-08-28 08:00:00,24.72,24.97,24.71,24.75
2025-08-28 09:00:00,24.76,24.76,24.52,24.55
2025-08-28 10:00:00,24.54,24.55,24.4,24.55
2025-08-28 11:00:00,24.55,24.56,24.39,24.5
2025-08-28 12:00:00,24.5,24.63,24.43,24.54
2025-08-28 13:00:00,24.55,24.77,24.47,24.77
2025-08-28 14:00:00,24.76,25.08,24.58,24.85
2025-08-28 15:00:00,24.85,24.95,24.4,24.6
2025-08-28 16:00:00,24.6,24.71,24.26,24.26
2025-08-28 17:00:00,24.26,24.5,24.2,24.42
2025-08-28 18:00:00,24.42,24.51,24.33,24.41
2025-08-28 19:00:00,24.42,24.47,24.15,24.16
2025-08-28 20:00:00,24.16,24.33,24.13,24.23
2025-08-28 21:00:00,24.23,24.51,24.21,24.5
2025-08-28 22:00:00,24.5,24.8,24.5,24.79
2025-08-28 23:00:00,24.79,24.94,24.75,24.93
2025-08-29 00:00:00,24.93,25.01,24.79,24.89
2025-08-29 01:00:00,24.89,24.94,24.62,24.75
2025-08-29 02:00:00,24.74,25.05,24.72,25.02
2025-08-29 03:00:00,25.03,25.2,24.9,25.1
2025-08-29 04:00:00,25.11,25.19,24.89,24.93
2025-08-29 05:00:00,24.93,25.02,24.8,24.98
2025-08-29 06:00:00,24.99,25.02,24.49,24.7
2025-08-29 07:00:00,24.69,24.69,24.06,24.15
2025-08-29 08:00:00,24.15,24.23,23.61,23.65
2025-08-29 09:00:00,23.65,23.82,23.5,23.79
2025-08-29 10:00:00,23.79,23.98,23.75,23.81
2025-08-29 11:00:00,23.8,23.87,23.67,23.76
2025-08-29 12:00:00,23.75,24.46,23.71,24.12
2025-08-29 13:00:00,24.13,24.15,23.59,23.74
2025-08-29 14:00:00,23.75,23.89,23.39,23.62
2025-08-29 15:00:00,23.62,23.87,23.47,23.53
2025-08-29 16:00:00,23.53,23.68,23.37,23.56
2025-08-29 17:00:00,23.56,23.57,23.31,23.35
2025-08-29 18:00:00,23.36,23.39,23.2,23.27
2025-08-29 19:00:00,23.28,23.58,23.25,23.47
2025-08-29 20:00:00,23.47,23.48,23.28,23.32
2025-08-29 21:00:00,23.33,23.6,23.22,23.58
2025-08-29 22:00:00,23.58,23.59,23.41,23.55
2025-08-29 23:00:00,23.56,23.62,23.49,23.55
2025-08-30 00:00:00,23.54,23.54,23.36,23.42
2025-08-30 01:00:00,23.43,23.45,23.11,23.12
2025-08-30 02:00:00,23.12,23.38,23.1,23.28
2025-08-30 03:00:00,23.28,23.72,23.28,23.53
2025-08-30 04:00:00,23.54,23.63,23.54,23.56
2025-08-30 05:00:00,23.57,23.75,23.53,23.66
2025-08-30 06:00:00,23.66,23.86,23.63,23.82
2025-08-30 07:00:00,23.83,23.88,23.77,23.81
2025-08-30 08:00:00,23.82,23.82,23.66,23.67
2025-08-30 09:00:00,23.66,23.68,23.53,23.54
2025-08-30 10:00:00,23.54,23.66,23.52,23.61
2025-08-30 11:00:00,23.61,23.77,23.58,23.76
2025-08-30 12:00:00,23.76,23.77,23.47,23.58
2025-08-30 13:00:00,23.59,23.6,23.37,23.59
2025-08-30 14:00:00,23.58,23.73,23.43,23.72
2025-08-30 15:00:00,23.72,23.92,23.67,23.92
2025-08-30 16:00:00,23.92,23.94,23.7,23.71
2025-08-30 17:00:00,23.72,23.77,23.61,23.68
2025-08-30 18:00:00,23.69,23.75,23.62,23.72
2025-08-30 19:00:00,23.72,23.76,23.64,23.74
2025-08-30 20:00:00,23.75,23.75,23.58,23.64
2025-08-30 21:00:00,23.64,23.72,23.62,23.69
2025-08-30 22:00:00,23.69,23.78,23.62,23.75
2025-08-30 23:00:00,23.75,23.82,23.75,23.78
2025-08-31 00:00:00,23.78,24.07,23.77,24.04
2025-08-31 01:00:00,24.05,24.07,23.91,24
2025-08-31 02:00:00,23.99,24.03,23.95,24
2025-08-31 03:00:00,24,24.05,23.93,24.03
2025-08-31 04:00:00,24.03,24.04,23.84,23.91
2025-08-31 05:00:00,23.92,23.92,23.83,23.89
2025-08-31 06:00:00,23.9,23.92,23.79,23.8
2025-08-31 07:00:00,23.8,23.92,23.8,23.87
2025-08-31 08:00:00,23.87,24.2,23.87,24.18
2025-08-31 09:00:00,24.18,24.2,24,24
2025-08-31 10:00:00,24.01,24.04,23.82,23.91
2025-08-31 11:00:00,23.91,24.03,23.84,24.03
2025-08-31 12:00:00,24.03,24.12,23.97,24.1
2025-08-31 13:00:00,24.09,24.13,23.9,23.96
2025-08-31 14:00:00,23.95,24.04,23.84,23.91
2025-08-31 15:00:00,23.91,24.06,23.91,24.05
2025-08-31 16:00:00,24.05,24.06,23.92,24.02
2025-08-31 17:00:00,24.01,24.04,23.9,23.94
2025-08-31 18:00:00,23.93,24.04,23.91,24.03
2025-08-31 19:00:00,24.03,24.03,23.79,23.81
2025-08-31 20:00:00,23.81,23.87,23.75,23.79
2025-08-31 21:00:00,23.79,23.94,23.76,23.88
2025-08-31 22:00:00,23.89,23.93,23.66,23.71
2025-08-31 23:00:00,23.7,23.7,23.38,23.4
2025-09-01 00:00:00,23.4,23.48,23.21,23.37
2025-09-01 01:00:00,23.38,23.51,23.25,23.42
2025-09-01 02:00:00,23.42,23.44,23.06,23.11
2025-09-01 03:00:00,23.11,23.21,23.05,23.17
2025-09-01 04:00:00,23.16,23.2,22.92,23
2025-09-01 05:00:00,23,23.11,22.86,23.04
2025-09-01 06:00:00,23.03,23.13,22.89,23.1
2025-09-01 07:00:00,23.09,23.8,22.98,23.78
2025-09-01 08:00:00,23.79,24.12,23.79,24.11
2025-09-01 09:00:00,24.11,24.33,24.09,24.12
2025-09-01 10:00:00,24.13,24.2,23.88,23.97
2025-09-01 11:00:00,23.98,24.01,23.69,23.76
2025-09-01 12:00:00,23.77,23.91,23.72,23.78
2025-09-01 13:00:00,23.78,23.94,23.65,23.79
2025-09-01 14:00:00,23.78,23.97,23.75,23.82
2025-09-01 15:00:00,23.81,23.85,23.59,23.66
2025-09-01 16:00:00,23.67,23.85,23.56,23.74
2025-09-01 17:00:00,23.74,23.77,23.38,23.45
2025-09-01 18:00:00,23.45,23.56,23.41,23.49
2025-09-01 19:00:00,23.48,23.6,23.44,23.56
2025-09-01 20:00:00,23.57,23.57,23.01,23.17
2025-09-01 21:00:00,23.16,23.18,22.7,22.82
2025-09-01 22:00:00,22.82,23.01,22.67,22.86
2025-09-01 23:00:00,22.85,23.25,22.85,23.21
2025-09-02 00:00:00,23.22,23.23,23.02,23.12
2025-09-02 01:00:00,23.12,23.4,23.03,23.23
2025-09-02 02:00:00,23.22,23.61,23.18,23.6
2025-09-02 03:00:00,23.6,23.76,23.52,23.68
2025-09-02 04:00:00,23.69,23.94,23.6,23.93
2025-09-02 05:00:00,23.93,24.02,23.86,23.98
2025-09-02 06:00:00,23.99,24.1,23.97,24.05
2025-09-02 07:00:00,24.06,24.07,23.82,23.89
2025-09-02 08:00:00,23.89,24.02,23.82,23.89
2025-09-02 09:00:00,23.9,24.21,23.86,24.21
2025-09-02 10:00:00,24.21,24.28,24.17,24.25
2025-09-02 11:00:00,24.25,24.26,23.96,23.99
2025-09-02 12:00:00,24,24.05,23.57,23.61
2025-09-02 13:00:00,23.61,24.07,23.51,24.05
2025-09-02 14:00:00,24.06,24.24,23.89,23.94
2025-09-02 15:00:00,23.93,23.96,23.6,23.62
2025-09-02 16:00:00,23.61,23.8,23.6,23.7
2025-09-02 17:00:00,23.71,24.01,23.71,23.89
2025-09-02 18:00:00,23.9,23.96,23.62,23.86
2025-09-02 19:00:00,23.87,24,23.7,23.84
2025-09-02 20:00:00,23.85,24.18,23.8,24.1
2025-09-02 21:00:00,24.1,24.27,24.09,24.27
2025-09-02 22:00:00,24.26,24.47,24.21,24.46
2025-09-02 23:00:00,24.47,24.5,24.38,24.46
2025-09-03 00:00:00,24.47,24.57,24.45,24.55
2025-09-03 01:00:00,24.55,24.69,24.27,24.55
2025-09-03 02:00:00,24.56,24.61,24.39,24.51
2025-09-03 03:00:00,24.51,24.54,24.27,24.39
2025-09-03 04:00:00,24.39,24.57,24.35,24.46
2025-09-03 05:00:00,24.46,24.52,24.3,24.49
2025-09-03 06:00:00,24.5,24.76,24.41,24.61
2025-09-03 07:00:00,24.6,24.79,24.48,24.75
2025-09-03 08:00:00,24.74,25.78,24.74,25.06
2025-09-03 09:00:00,25.06,25.18,24.87,25.18
2025-09-03 10:00:00,25.17,25.2,24.94,24.96
2025-09-03 11:00:00,24.96,25.1,24.95,25
2025-09-03 12:00:00,25,25.15,24.88,24.93
2025-09-03 13:00:00,24.93,25.25,24.9,25.14
2025-09-03 14:00:00,25.15,25.44,25.15,25.39
2025-09-03 15:00:00,25.39,25.49,25.32,25.45
2025-09-03 16:00:00,25.46,25.6,25.23,25.28
2025-09-03 17:00:00,25.27,25.52,25.26,25.28
2025-09-03 18:00:00,25.29,25.33,25.18,25.21
2025-09-03 19:00:00,25.21,25.39,25.15,25.36
2025-09-03 20:00:00,25.36,25.38,25.23,25.25
2025-09-03 21:00:00,25.24,25.26,25.15,25.21
2025-09-03 22:00:00,25.2,25.28,25.15,25.2
2025-09-03 23:00:00,25.2,25.23,25.14,25.2
2025-09-04 00:00:00,25.21,25.28,25.16,25.22
2025-09-04 01:00:00,25.22,25.26,25.03,25.26
2025-09-04 02:00:00,25.26,25.27,25.05,25.13
2025-09-04 03:00:00,25.13,25.26,25.08,25.14
2025-09-04 04:00:00,25.14,25.23,24.95,24.96
2025-09-04 05:00:00,24.96,24.96,24.74,24.87
2025-09-04 06:00:00,24.88,24.88,24.66,24.69
2025-09-04 07:00:00,24.69,24.79,24.66,24.77
2025-09-04 08:00:00,24.76,24.97,24.75,24.79
2025-09-04 09:00:00,24.79,24.81,24.73,24.79
2025-09-04 10:00:00,24.78,24.79,24.59,24.65
2025-09-04 11:00:00,24.65,24.83,24.6,24.6
2025-09-04 12:00:00,24.61,24.73,24.55,24.72
2025-09-04 13:00:00,24.71,24.81,24.65,24.71
2025-09-04 14:00:00,24.71,24.74,24.6,24.63
2025-09-04 15:00:00,24.64,24.86,24.61,24.74
2025-09-04 16:00:00,24.73,24.79,24.6,24.6
2025-09-04 17:00:00,24.6,24.65,24.36,24.38
2025-09-04 18:00:00,24.38,24.5,24.28,24.36
2025-09-04 19:00:00,24.36,24.39,24.18,24.23
2025-09-04 20:00:00,24.22,24.49,24.19,24.46
2025-09-04 21:00:00,24.46,24.48,24.39,24.44
2025-09-04 22:00:00,24.45,24.56,24.37,24.51
2025-09-04 23:00:00,24.5,24.59,24.2,24.21
2025-09-05 00:00:00,24.21,24.25,23.9,23.92
2025-09-05 01:00:00,23.93,24.16,23.86,24.09
2025-09-05 02:00:00,24.1,24.31,23.99,24.29
2025-09-05 03:00:00,24.28,24.35,24.14,24.34
2025-09-05 04:00:00,24.35,24.47,24.22,24.47
2025-09-05 05:00:00,24.46,24.52,24.39,24.48
2025-09-05 06:00:00,24.48,24.49,24.34,24.39
2025-09-05 07:00:00,24.39,24.89,24.38,24.85
2025-09-05 08:00:00,24.85,24.88,24.71,24.73
2025-09-05 09:00:00,24.74,24.75,24.59,24.69
2025-09-05 10:00:00,24.69,24.89,24.69,24.73
2025-09-05 11:00:00,24.72,24.79,24.7,24.76
2025-09-05 12:00:00,24.77,25.11,24.68,25.04
2025-09-05 13:00:00,25.04,25.08,24.83,24.98
2025-09-05 14:00:00,24.98,24.99,24.15,24.31
2025-09-05 15:00:00,24.31,24.57,24.2,24.31
2025-09-05 16:00:00,24.31,24.47,24.24,24.45
2025-09-05 17:00:00,24.44,24.44,24.18,24.26
2025-09-05 18:00:00,24.27,24.44,24.21,24.39
2025-09-05 19:00:00,24.38,24.45,24.33,24.42
2025-09-05 20:00:00,24.42,24.56,24.38,24.56
2025-09-05 21:00:00,24.56,24.58,24.23,24.26
2025-09-05 22:00:00,24.26,24.44,24.21,24.4
2025-09-05 23:00:00,24.39,24.51,24.37,24.47
2025-09-06 00:00:00,24.48,24.54,24.42,24.46
2025-09-06 01:00:00,24.47,24.47,24.33,24.38
2025-09-06 02:00:00,24.39,24.43,24.3,24.43
2025-09-06 03:00:00,24.43,24.48,24.4,24.41
2025-09-06 04:00:00,24.42,24.42,24.28,24.29
2025-09-06 05:00:00,24.29,24.3,24.21,24.23
2025-09-06 06:00:00,24.23,24.28,24.22,24.24
2025-09-06 07:00:00,24.23,24.28,24.21,24.26
2025-09-06 08:00:00,24.26,24.28,24.21,24.25
2025-09-06 09:00:00,24.25,24.25,24.1,24.12
2025-09-06 10:00:00,24.12,24.17,24.09,24.16
2025-09-06 11:00:00,24.17,24.18,24.1,24.16
2025-09-06 12:00:00,24.15,24.19,24.12,24.13
2025-09-06 13:00:00,24.14,24.28,24.13,24.27
2025-09-06 14:00:00,24.27,24.41,24.27,24.36
2025-09-06 15:00:00,24.35,24.38,24.2,24.22
2025-09-06 16:00:00,24.22,24.58,24.19,24.56
2025-09-06 17:00:00,24.56,24.62,24.34,24.36
2025-09-06 18:00:00,24.37,24.52,24.36,24.47
2025-09-06 19:00:00,24.47,24.53,24.29,24.33
2025-09-06 20:00:00,24.32,24.42,24.32,24.4
2025-09-06 21:00:00,24.41,24.42,24.33,24.41
2025-09-06 22:00:00,24.42,24.48,24.34,24.37
2025-09-06 23:00:00,24.37,24.45,24.32,24.38
2025-09-07 00:00:00,24.37,24.46,24.33,24.41
2025-09-07 01:00:00,24.41,24.56,24.4,24.48
2025-09-07 02:00:00,24.49,24.55,24.42,24.55
2025-09-07 03:00:00,24.55,24.68,24.54,24.57
2025-09-07 04:00:00,24.57,24.62,24.52,24.57
2025-09-07 05:00:00,24.56,24.69,24.54,24.68
2025-09-07 06:00:00,24.68,24.73,24.51,24.52
2025-09-07 07:00:00,24.52,24.63,24.48,24.54
2025-09-07 08:00:00,24.55,24.72,24.55,24.56
2025-09-07 09:00:00,24.56,24.62,24.42,24.46
2025-09-07 10:00:00,24.46,24.48,24.41,24.45
2025-09-07 11:00:00,24.45,24.49,24.38,24.49
2025-09-07 12:00:00,24.49,24.49,24.38,24.44
2025-09-07 13:00:00,24.44,24.64,24.43,24.63
2025-09-07 14:00:00,24.63,24.69,24.57,24.6
2025-09-07 15:00:00,24.61,24.66,24.57,24.61
2025-09-07 16:00:00,24.61,24.63,24.46,24.48
2025-09-07 17:00:00,24.48,24.5,24.26,24.3
2025-09-07 18:00:00,24.31,24.35,24.26,24.33
2025-09-07 19:00:00,24.33,24.58,24.32,24.53
2025-09-07 20:00:00,24.53,24.6,24.46,24.59
2025-09-07 21:00:00,24.6,24.62,24.49,24.5
2025-09-07 22:00:00,24.5,24.67,24.49,24.66
2025-09-07 23:00:00,24.67,24.95,24.66,24.68
2025-09-08 00:00:00,24.69,24.86,24.6,24.64
2025-09-08 01:00:00,24.64,24.7,24.54,24.55
2025-09-08 02:00:00,24.55,24.9,24.53,24.89
2025-09-08 03:00:00,24.89,25.02,24.84,24.86
2025-09-08 04:00:00,24.87,24.91,24.77,24.78
2025-09-08 05:00:00,24.78,24.81,24.64,24.72
2025-09-08 06:00:00,24.73,24.83,24.62,24.83
2025-09-08 07:00:00,24.82,25.03,24.82,24.88
2025-09-08 08:00:00,24.88,25.14,24.88,25.1
2025-09-08 09:00:00,25.1,25.3,25.05,25.25
2025-09-08 10:00:00,25.26,25.42,25.23,25.32
2025-09-08 11:00:00,25.33,25.33,25.08,25.16
2025-09-08 12:00:00,25.16,25.27,25.13,25.25
2025-09-08 13:00:00,25.25,25.45,25.07,25.07
2025-09-08 14:00:00,25.07,25.42,25.05,25.4
2025-09-08 15:00:00,25.4,25.8,25.38,25.73
2025-09-08 16:00:00,25.72,25.78,25.55,25.62
2025-09-08 17:00:00,25.63,25.74,25.5,25.52
2025-09-08 18:00:00,25.52,25.63,25.49,25.57
2025-09-08 19:00:00,25.56,25.58,25.33,25.36
2025-09-08 20:00:00,25.36,25.42,25.21,25.29
2025-09-08 21:00:00,25.29,25.43,25.27,25.42
2025-09-08 22:00:00,25.42,25.48,25.38,25.42
2025-09-08 23:00:00,25.41,25.47,25.19,25.29
2025-09-09 00:00:00,25.29,25.44,25.15,25.27
2025-09-09 01:00:00,25.26,25.39,25.12,25.17
2025-09-09 02:00:00,25.16,25.18,24.91,24.95
2025-09-09 03:00:00,24.95,25.17,24.9,25.16
2025-09-09 04:00:00,25.16,25.32,25.04,25.3
2025-09-09 05:00:00,25.3,25.34,25.19,25.33
2025-09-09 06:00:00,25.33,26.07,25.32,25.95
2025-09-09 07:00:00,25.96,26.14,25.8,25.9
2025-09-09 08:00:00,25.9,26.04,25.85,25.95
2025-09-09 09:00:00,25.94,26.08,25.89,26.03
2025-09-09 10:00:00,26.03,26.25,25.93,25.97
2025-09-09 11:00:00,25.97,26.05,25.94,25.98
2025-09-09 12:00:00,25.98,26.2,25.93,26.04
2025-09-09 13:00:00,26.03,26.36,25.82,26.17
2025-09-09 14:00:00,26.17,26.23,25.61,25.83
2025-09-09 15:00:00,25.82,26.04,25.67,25.94
2025-09-09 16:00:00,25.94,26.08,25.81,25.9
2025-09-09 17:00:00,25.9,26.16,25.88,26.05
2025-09-09 18:00:00,26.06,26.09,25.9,26.04
2025-09-09 19:00:00,26.04,26.04,25.86,25.9
2025-09-09 20:00:00,25.9,26.03,25.81,25.95
2025-09-09 21:00:00,25.95,26.04,25.87,25.89
2025-09-09 22:00:00,25.89,26.06,25.86,26.03
2025-09-09 23:00:00,26.02,26.04,25.89,25.93
2025-09-10 00:00:00,25.94,25.99,25.75,25.78
2025-09-10 01:00:00,25.77,25.95,25.77,25.91
2025-09-10 02:00:00,25.92,26.3,25.92,26.23
2025-09-10 03:00:00,26.23,26.27,26.06,26.23
2025-09-10 04:00:00,26.22,26.55,26.14,26.45
2025-09-10 05:00:00,26.45,26.5,26.19,26.37
2025-09-10 06:00:00,26.36,27.07,26.3,26.97
2025-09-10 07:00:00,26.98,27.12,26.76,26.93
2025-09-10 08:00:00,26.92,26.97,26.62,26.72
2025-09-10 09:00:00,26.72,26.81,26.62,26.63
2025-09-10 10:00:00,26.63,26.76,26.38,26.76
2025-09-10 11:00:00,26.77,26.99,26.69,26.89
2025-09-10 12:00:00,26.89,28.24,26.89,28.12
2025-09-10 13:00:00,28.11,28.79,27.85,28.38
2025-09-10 14:00:00,28.38,28.59,28.19,28.55
2025-09-10 15:00:00,28.54,28.97,28.47,28.66
2025-09-10 16:00:00,28.67,29.15,28.39,29.08
2025-09-10 17:00:00,29.07,29.17,28.42,28.65
2025-09-10 18:00:00,28.64,28.88,28.58,28.85
2025-09-10 19:00:00,28.85,28.86,28.43,28.53
2025-09-10 20:00:00,28.54,28.82,28.48,28.8
2025-09-10 21:00:00,28.79,29.46,28.76,29.31
2025-09-10 22:00:00,29.3,29.34,28.9,29.12
2025-09-10 23:00:00,29.12,29.52,29.12,29.48
2025-09-11 00:00:00,29.47,29.49,29.06,29.08
2025-09-11 01:00:00,29.07,29.25,29.04,29.11
2025-09-11 02:00:00,29.12,29.13,28.81,28.9
2025-09-11 03:00:00,28.91,29.46,28.81,29.41
2025-09-11 04:00:00,29.4,29.99,28.95,29.13
2025-09-11 05:00:00,29.14,29.17,28.54,28.63
2025-09-11 06:00:00,28.64,28.86,28.55,28.74
2025-09-11 07:00:00,28.75,28.94,28.7,28.77
2025-09-11 08:00:00,28.78,28.9,28.71,28.83
2025-09-11 09:00:00,28.83,29.12,28.71,29.09
2025-09-11 10:00:00,29.09,29.16,28.96,28.98
2025-09-11 11:00:00,28.99,29.12,28.91,28.96
2025-09-11 12:00:00,28.96,29.2,28.3,28.96
2025-09-11 13:00:00,28.97,29.01,28.59,28.99
2025-09-11 14:00:00,29,29.01,28.69,28.85
2025-09-11 15:00:00,28.84,29.09,28.78,28.94
2025-09-11 16:00:00,28.95,29.08,28.83,28.9
2025-09-11 17:00:00,28.89,29.12,28.85,29.07
2025-09-11 18:00:00,29.07,29.09,28.97,28.99
2025-09-11 19:00:00,28.99,29.05,28.96,28.98
2025-09-11 20:00:00,28.98,29.03,28.73,28.73
2025-09-11 21:00:00,28.73,28.89,28.72,28.89
2025-09-11 22:00:00,28.89,29.17,28.83,29.11
2025-09-11 23:00:00,29.1,29.23,29.1,29.15
2025-09-12 00:00:00,29.14,29.4,29.14,29.27
2025-09-12 01:00:00,29.27,29.35,28.84,28.88
2025-09-12 02:00:00,28.88,29.01,28.86,28.93
2025-09-12 03:00:00,28.92,28.93,28.72,28.79
2025-09-12 04:00:00,28.78,28.8,28.43,28.53
2025-09-12 05:00:00,28.53,29.01,28.52,29
2025-09-12 06:00:00,29,29.08,28.8,28.82
2025-09-12 07:00:00,28.83,28.89,28.66,28.68
2025-09-12 08:00:00,28.68,28.68,28.54,28.6
2025-09-12 09:00:00,28.6,28.63,28.51,28.54
2025-09-12 10:00:00,28.54,28.54,28.39,28.43
2025-09-12 11:00:00,28.43,28.52,28.32,28.34
2025-09-12 12:00:00,28.35,28.46,28.25,28.44
2025-09-12 13:00:00,28.44,28.52,28.37,28.49
2025-09-12 14:00:00,28.48,28.78,28.42,28.73
2025-09-12 15:00:00,28.73,28.83,28.44,28.55
2025-09-12 16:00:00,28.55,28.6,28.48,28.54
2025-09-12 17:00:00,28.53,28.63,28.42,28.6
2025-09-12 18:00:00,28.59,28.67,28.54,28.61
2025-09-12 19:00:00,28.61,28.68,28.52,28.63
2025-09-12 20:00:00,28.63,28.75,28.51,28.62
2025-09-12 21:00:00,28.63,28.64,28.53,28.56
2025-09-12 22:00:00,28.56,28.79,28.54,28.71
2025-09-12 23:00:00,28.72,29,28.64,28.99
2025-09-13 00:00:00,28.98,29.13,28.88,28.94
2025-09-13 01:00:00,28.93,29.04,28.76,28.81
2025-09-13 02:00:00,28.8,29.88,28.74,29.86
2025-09-13 03:00:00,29.86,30.32,29.58,30.24
2025-09-13 04:00:00,30.25,30.83,30.1,30.73
2025-09-13 05:00:00,30.73,31.25,30.65,31.19
2025-09-13 06:00:00,31.19,31.23,30.59,30.73
2025-09-13 07:00:00,30.74,30.94,30.7,30.85
2025-09-13 08:00:00,30.86,31.12,30.75,30.76
2025-09-13 09:00:00,30.76,30.91,30.38,30.45
2025-09-13 10:00:00,30.44,30.5,29.98,30.15
2025-09-13 11:00:00,30.16,30.49,30.05,30.47
2025-09-13 12:00:00,30.47,30.51,30.32,30.34
2025-09-13 13:00:00,30.35,30.38,29.69,29.94
2025-09-13 14:00:00,29.95,30.04,29.76,29.9
2025-09-13 15:00:00,29.9,30.08,29.76,29.83
2025-09-13 16:00:00,29.83,29.95,29.42,29.53
2025-09-13 17:00:00,29.54,29.65,29.27,29.59
2025-09-13 18:00:00,29.58,29.72,29.53,29.64
2025-09-13 19:00:00,29.64,29.67,29.59,29.62
2025-09-13 20:00:00,29.62,29.87,29.61,29.81
2025-09-13 21:00:00,29.81,29.99,29.79,29.93
2025-09-13 22:00:00,29.93,29.97,29.82,29.9
2025-09-13 23:00:00,29.91,30.1,29.86,30.08
2025-09-14 00:00:00,30.08,30.22,29.89,30.02
2025-09-14 01:00:00,30.01,30.03,29.79,29.96
2025-09-14 02:00:00,29.96,30.21,29.9,30
2025-09-14 03:00:00,30.01,30.02,29.73,29.77
2025-09-14 04:00:00,29.77,30.32,29.62,30.14
2025-09-14 05:00:00,30.15,30.61,30.07,30.58
2025-09-14 06:00:00,30.58,30.64,30.09,30.18
2025-09-14 07:00:00,30.17,30.29,29.84,29.96
2025-09-14 08:00:00,29.96,30.12,29.87,29.99
2025-09-14 09:00:00,29.98,30.23,29.96,30.19
2025-09-14 10:00:00,30.19,30.37,29.99,30.01
2025-09-14 11:00:00,30.01,30.04,29.62,29.67
2025-09-14 12:00:00,29.67,29.88,29.4,29.54
2025-09-14 13:00:00,29.54,29.54,29.08,29.32
2025-09-14 14:00:00,29.32,29.44,28.96,29.15
2025-09-14 15:00:00,29.15,29.23,29,29.13
2025-09-14 16:00:00,29.12,29.6,29.06,29.52
2025-09-14 17:00:00,29.51,29.74,29.42,29.61
2025-09-14 18:00:00,29.6,29.64,29.48,29.52
2025-09-14 19:00:00,29.52,29.81,29.44,29.61
2025-09-14 20:00:00,29.6,29.71,29.48,29.53
2025-09-14 21:00:00,29.52,29.55,29.38,29.5
2025-09-14 22:00:00,29.5,30.41,29.33,30.21
2025-09-14 23:00:00,30.21,30.4,29.43,29.44
2025-09-15 00:00:00,29.44,29.79,29.4,29.51
2025-09-15 01:00:00,29.5,29.79,29.22,29.58
2025-09-15 02:00:00,29.57,29.77,29.5,29.55
2025-09-15 03:00:00,29.56,29.71,29.54,29.63
2025-09-15 04:00:00,29.64,29.87,29.57,29.8
2025-09-15 05:00:00,29.79,30.3,29.74,30.1
2025-09-15 06:00:00,30.11,30.19,29.42,29.52
2025-09-15 07:00:00,29.51,29.74,29.05,29.19
2025-09-15 08:00:00,29.18,29.18,28.22,28.34
2025-09-15 09:00:00,28.34,28.7,28.26,28.58
2025-09-15 10:00:00,28.58,28.79,28.37,28.76
2025-09-15 11:00:00,28.76,28.9,28.68,28.84
2025-09-15 12:00:00,28.84,28.84,28.65,28.72
2025-09-15 13:00:00,28.72,29.02,28.67,28.91
2025-09-15 14:00:00,28.91,28.98,28.61,28.62
2025-09-15 15:00:00,28.62,28.7,28.31,28.49
2025-09-15 16:00:00,28.49,28.79,28.29,28.49
2025-09-15 17:00:00,28.49,28.81,28.47,28.81
2025-09-15 18:00:00,28.8,28.88,28.7,28.82
2025-09-15 19:00:00,28.82,29.25,28.75,29.12
2025-09-15 20:00:00,29.12,30.02,29.08,30.01
2025-09-15 21:00:00,30.02,30.45,29.66,30.29
2025-09-15 22:00:00,30.3,30.41,29.7,29.75
2025-09-15 23:00:00,29.75,29.92,29.65,29.81
2025-09-16 00:00:00,29.81,29.9,29.44,29.51
2025-09-16 01:00:00,29.51,29.76,29.35,29.38
2025-09-16 02:00:00,29.38,29.59,29.34,29.41
2025-09-16 03:00:00,29.41,29.51,29.31,29.34
2025-09-16 04:00:00,29.35,29.53,29.17,29.42
2025-09-16 05:00:00,29.43,29.76,29.35,29.68
2025-09-16 06:00:00,29.67,29.82,29.47,29.7
2025-09-16 07:00:00,29.71,30.68,29.71,30.63
2025-09-16 08:00:00,30.62,30.99,30.42,30.61
2025-09-16 09:00:00,30.61,31,30.42,30.64
2025-09-16 10:00:00,30.64,30.79,30.54,30.67
2025-09-16 11:00:00,30.66,30.68,30.36,30.44
2025-09-16 12:00:00,30.45,30.53,30.25,30.49
2025-09-16 13:00:00,30.49,30.58,29.99,30.29
2025-09-16 14:00:00,30.28,30.28,29.69,29.9
2025-09-16 15:00:00,29.9,30.18,29.67,30.13
2025-09-16 16:00:00,30.13,30.15,29.9,30.06
2025-09-16 17:00:00,30.06,30.45,30.02,30.24
2025-09-16 18:00:00,30.24,30.37,30,30.03
2025-09-16 19:00:00,30.03,30.11,29.96,29.98
2025-09-16 20:00:00,29.98,30.06,29.9,30.04
2025-09-16 21:00:00,30.04,30.16,30,30.16
2025-09-16 22:00:00,30.16,30.21,30,30.11
2025-09-16 23:00:00,30.11,30.11,29.98,30.08
2025-09-17 00:00:00,30.07,30.09,29.95,30.02
2025-09-17 01:00:00,30.03,30.12,29.91,30.06
2025-09-17 02:00:00,30.06,30.22,29.97,30.04
2025-09-17 03:00:00,30.03,30.11,29.72,29.72
2025-09-17 04:00:00,29.72,29.83,29.56,29.63
2025-09-17 05:00:00,29.63,29.74,29.53,29.72
2025-09-17 06:00:00,29.72,30.26,29.69,30.15
2025-09-17 07:00:00,30.14,30.22,30.02,30.13
2025-09-17 08:00:00,30.12,30.16,29.95,30.11
2025-09-17 09:00:00,30.11,30.12,29.97,30.01
2025-09-17 10:00:00,30.02,30.1,29.82,29.89
2025-09-17 11:00:00,29.89,30.05,29.84,29.91
2025-09-17 12:00:00,29.92,30.01,29.82,29.84
2025-09-17 13:00:00,29.83,29.91,29.63,29.68
2025-09-17 14:00:00,29.68,29.81,29.57,29.59
2025-09-17 15:00:00,29.59,29.65,29.38,29.52
2025-09-17 16:00:00,29.51,29.68,29.4,29.67
2025-09-17 17:00:00,29.66,30.3,29.55,29.67
2025-09-17 18:00:00,29.67,30.34,29.61,29.79
2025-09-17 19:00:00,29.79,30.14,29.77,30.06
2025-09-17 20:00:00,30.06,30.29,29.89,29.95
2025-09-17 21:00:00,29.95,30.16,29.75,30.1
2025-09-17 22:00:00,30.1,31.87,30.1,31.56
2025-09-17 23:00:00,31.55,32,31.54,31.82
2025-09-18 00:00:00,31.82,32.02,31.63,31.9
2025-09-18 01:00:00,31.9,32.63,31.88,32.51
2025-09-18 02:00:00,32.52,32.85,32.22,32.79
2025-09-18 03:00:00,32.79,33.04,32.71,32.91
2025-09-18 04:00:00,32.9,33.29,32.62,32.81
2025-09-18 05:00:00,32.81,32.87,32.53,32.74
2025-09-18 06:00:00,32.75,32.81,32.39,32.56
2025-09-18 07:00:00,32.57,32.95,32.45,32.81
2025-09-18 08:00:00,32.8,33.15,32.73,32.93
2025-09-18 09:00:00,32.93,33.01,32.8,32.92
2025-09-18 10:00:00,32.91,32.92,32.66,32.86
2025-09-18 11:00:00,32.86,33.13,32.66,32.78
2025-09-18 12:00:00,32.77,33.5,32.71,33.38
2025-09-18 13:00:00,33.38,33.48,33.05,33.18
2025-09-18 14:00:00,33.18,33.42,32.98,33.07
2025-09-18 15:00:00,33.07,33.21,32.85,33.14
2025-09-18 16:00:00,33.14,33.28,33.1,33.26
2025-09-18 17:00:00,33.26,34.39,33.21,34.32
2025-09-18 18:00:00,34.32,34.89,34.23,34.76
2025-09-18 19:00:00,34.77,34.95,34.28,34.71
2025-09-18 20:00:00,34.71,35.24,34.62,34.82
2025-09-18 21:00:00,34.81,35.22,34.6,35.18
2025-09-18 22:00:00,35.18,35.43,34.67,34.81
2025-09-18 23:00:00,34.82,35.38,34.63,35.19
2025-09-19 00:00:00,35.19,35.57,34.93,35.21
2025-09-19 01:00:00,35.2,35.81,35.02,35.36
2025-09-19 02:00:00,35.36,35.78,35.19,35.48
2025-09-19 03:00:00,35.49,35.6,34.7,34.77
2025-09-19 04:00:00,34.77,34.89,34.42,34.78
2025-09-19 05:00:00,34.78,34.82,34.17,34.37
2025-09-19 06:00:00,34.37,34.4,33.96,34.02
2025-09-19 07:00:00,34.01,34.54,33.9,34.44
2025-09-19 08:00:00,34.43,34.63,34.25,34.27
2025-09-19 09:00:00,34.28,34.31,34,34.12
2025-09-19 10:00:00,34.12,34.48,34.07,34.39
2025-09-19 11:00:00,34.39,34.42,33.78,33.97
2025-09-19 12:00:00,33.97,34.31,33.96,34.14
2025-09-19 13:00:00,34.14,34.31,33.97,34.24
2025-09-19 14:00:00,34.23,34.23,33.66,33.87
2025-09-19 15:00:00,33.88,34.04,33.51,33.95
2025-09-19 16:00:00,33.95,34.4,33.89,34.05
2025-09-19 17:00:00,34.05,34.05,33.87,33.9
2025-09-19 18:00:00,33.89,34.06,33.76,33.99
2025-09-19 19:00:00,33.99,34.01,33.79,33.8
2025-09-19 20:00:00,33.81,33.9,33.55,33.65
2025-09-19 21:00:00,33.65,33.86,33.59,33.82
2025-09-19 22:00:00,33.82,33.98,33.77,33.94
2025-09-19 23:00:00,33.94,33.96,33.34,33.75
2025-09-20 00:00:00,33.74,33.93,33.73,33.9
2025-09-20 01:00:00,33.9,34.11,33.78,33.95
2025-09-20 02:00:00,33.95,33.99,33.73,33.76
2025-09-20 03:00:00,33.75,33.77,33.48,33.66
2025-09-20 04:00:00,33.66,34.06,33.64,33.95
2025-09-20 05:00:00,33.94,33.95,33.78,33.84
2025-09-20 06:00:00,33.84,33.88,33.75,33.79
2025-09-20 07:00:00,33.8,33.96,33.79,33.94
2025-09-20 08:00:00,33.93,33.95,33.64,33.69
2025-09-20 09:00:00,33.69,33.79,33.64,33.67
2025-09-20 10:00:00,33.66,33.81,33.12,33.13
2025-09-20 11:00:00,33.13,33.24,32.86,33.09
2025-09-20 12:00:00,33.08,33.08,32.9,32.98
2025-09-20 13:00:00,32.98,33.36,32.9,33.25
2025-09-20 14:00:00,33.24,33.81,33.15,33.74
2025-09-20 15:00:00,33.73,34.03,33.47,33.61
2025-09-20 16:00:00,33.62,33.78,33.52,33.68
2025-09-20 17:00:00,33.68,33.7,33.43,33.47
2025-09-20 18:00:00,33.46,33.49,33,33.21
2025-09-20 19:00:00,33.21,33.39,33.13,33.27
2025-09-20 20:00:00,33.27,33.33,33.2,33.29
2025-09-20 21:00:00,33.3,33.45,33.26,33.36
2025-09-20 22:00:00,33.35,33.36,33.23,33.34
2025-09-20 23:00:00,33.33,33.35,33.09,33.17
2025-09-21 00:00:00,33.17,33.21,32.97,33.04
2025-09-21 01:00:00,33.04,33.08,32.9,32.95
2025-09-21 02:00:00,32.95,33.04,32.79,33.03
2025-09-21 03:00:00,33.03,33.3,33.01,33.28
2025-09-21 04:00:00,33.29,33.31,32.95,33.05
2025-09-21 05:00:00,33.04,33.08,32.97,33.06
2025-09-21 06:00:00,33.06,33.09,32.93,32.96
2025-09-21 07:00:00,32.97,33.04,32.87,32.97
2025-09-21 08:00:00,32.96,33.01,32.68,32.69
2025-09-21 09:00:00,32.69,33.16,32.58,33.13
2025-09-21 10:00:00,33.13,33.61,33.12,33.17
2025-09-21 11:00:00,33.17,33.21,32.86,32.86
2025-09-21 12:00:00,32.87,33.06,32.84,32.84
2025-09-21 13:00:00,32.83,33.07,32.82,32.99
2025-09-21 14:00:00,32.99,33.09,32.9,32.92
2025-09-21 15:00:00,32.92,33.15,32.89,33.05
2025-09-21 16:00:00,33.05,33.06,32.7,32.81
2025-09-21 17:00:00,32.82,32.96,32.62,32.96
2025-09-21 18:00:00,32.96,33.02,32.87,33.01
2025-09-21 19:00:00,33.01,33.29,32.82,33.23
2025-09-21 20:00:00,33.23,33.31,32.98,33
2025-09-21 21:00:00,33,33.22,32.97,33.1
2025-09-21 22:00:00,33.1,33.19,33.01,33.13
2025-09-21 23:00:00,33.14,33.16,33.01,33.04
2025-09-22 00:00:00,33.05,33.13,31.81,31.84
2025-09-22 01:00:00,31.84,32.03,31.53,31.84
2025-09-22 02:00:00,31.83,31.96,31.28,31.52
2025-09-22 03:00:00,31.51,31.85,31.48,31.8
2025-09-22 04:00:00,31.81,31.94,31.62,31.64
2025-09-22 05:00:00,31.63,31.66,31.01,31.04
2025-09-22 06:00:00,31.04,31.07,29.41,30.93
2025-09-22 07:00:00,30.93,31.01,30.5,30.54
2025-09-22 08:00:00,30.54,31.02,30.46,30.95
2025-09-22 09:00:00,30.95,30.95,30.57,30.64
2025-09-22 10:00:00,30.64,31.44,30.64,31.38
2025-09-22 11:00:00,31.38,31.48,31.02,31.1
2025-09-22 12:00:00,31.11,32.05,31.03,31.48
2025-09-22 13:00:00,31.47,31.81,31.36,31.8
2025-09-22 14:00:00,31.8,31.84,31.16,31.36
2025-09-22 15:00:00,31.36,32.03,31.35,31.95
2025-09-22 16:00:00,31.96,32.17,31.74,31.84
2025-09-22 17:00:00,31.84,32.08,31.73,31.89
2025-09-22 18:00:00,31.89,31.98,31.71,31.71
2025-09-22 19:00:00,31.72,31.9,31.35,31.36
2025-09-22 20:00:00,31.36,32.21,31.32,32.19
2025-09-22 21:00:00,32.19,32.99,32.09,32.82
2025-09-22 22:00:00,32.81,33.41,32.62,33.16
2025-09-22 23:00:00,33.15,33.98,33.02,33.86
2025-09-23 00:00:00,33.87,34.71,33.29,33.49
2025-09-23 01:00:00,33.5,33.61,33.01,33.05
2025-09-23 02:00:00,33.05,33.32,32.86,32.9
2025-09-23 03:00:00,32.9,35.76,32.75,34.94
2025-09-23 04:00:00,34.93,35.59,34,34.13
2025-09-23 05:00:00,34.13,34.69,34.13,34.68
2025-09-23 06:00:00,34.67,35.31,34.48,35.21
2025-09-23 07:00:00,35.22,35.36,34.84,34.97
2025-09-23 08:00:00,34.96,35.53,34.95,35.35
2025-09-23 09:00:00,35.35,35.41,34.62,34.67
2025-09-23 10:00:00,34.66,34.91,34.57,34.76
2025-09-23 11:00:00,34.76,34.77,34.26,34.44
2025-09-23 12:00:00,34.45,34.7,34.35,34.39
2025-09-23 13:00:00,34.39,34.48,34.06,34.27
2025-09-23 14:00:00,34.26,35.65,34.22,35.27
2025-09-23 15:00:00,35.27,36.16,35.05,35.14
2025-09-23 16:00:00,35.15,35.26,34.76,34.95
2025-09-23 17:00:00,34.95,34.98,34.36,34.42
2025-09-23 18:00:00,34.43,34.55,34.06,34.14
2025-09-23 19:00:00,34.15,34.36,33.65,33.79
2025-09-23 20:00:00,33.78,34,33.62,33.88
2025-09-23 21:00:00,33.88,33.88,33.63,33.7
2025-09-23 22:00:00,33.69,33.8,33.44,33.68
2025-09-23 23:00:00,33.68,33.82,33.43,33.61
2025-09-24 00:00:00,33.6,34.81,33.58,34.59
2025-09-24 01:00:00,34.59,34.62,34.17,34.32
2025-09-24 02:00:00,34.32,34.32,33.6,33.77
2025-09-24 03:00:00,33.78,33.93,33.21,33.25
2025-09-24 04:00:00,33.25,33.89,32.92,33.65
2025-09-24 05:00:00,33.65,34.14,33.58,34.08
2025-09-24 06:00:00,34.09,34.5,33.93,34.45
2025-09-24 07:00:00,34.45,34.5,34.1,34.13
2025-09-24 08:00:00,34.14,34.34,34,34.33
2025-09-24 09:00:00,34.33,34.43,34.17,34.21
2025-09-24 10:00:00,34.21,34.35,34.13,34.27
2025-09-24 11:00:00,34.27,34.43,34.14,34.15
2025-09-24 12:00:00,34.15,34.39,34.11,34.35
2025-09-24 13:00:00,34.36,34.49,34.17,34.19
2025-09-24 14:00:00,34.2,34.71,34.2,34.5
2025-09-24 15:00:00,34.5,34.75,34.32,34.49
2025-09-24 16:00:00,34.49,34.85,34.43,34.61
2025-09-24 17:00:00,34.61,34.79,34.48,34.56
2025-09-24 18:00:00,34.55,34.62,34.49,34.55
2025-09-24 19:00:00,34.55,34.61,34.2,34.23
2025-09-24 20:00:00,34.23,34.28,33.54,33.55
2025-09-24 21:00:00,33.55,33.7,32.91,32.96
2025-09-24 22:00:00,32.96,33.09,32.29,32.4
2025-09-24 23:00:00,32.39,32.57,32.26,32.31
2025-09-25 00:00:00,32.31,32.46,32.06,32.32
2025-09-25 01:00:00,32.32,32.8,32.22,32.46
2025-09-25 02:00:00,32.45,32.61,32.28,32.37
2025-09-25 03:00:00,32.37,32.39,31.7,31.84
2025-09-25 04:00:00,31.84,31.84,30.9,31.2
2025-09-25 05:00:00,31.2,31.51,31.12,31.32
2025-09-25 06:00:00,31.33,31.41,30.83,30.85
2025-09-25 07:00:00,30.85,31.07,30.68,30.72
2025-09-25 08:00:00,30.72,30.89,30.43,30.72
2025-09-25 09:00:00,30.73,31.14,30.66,30.8
2025-09-25 10:00:00,30.81,30.97,30.77,30.84
2025-09-25 11:00:00,30.85,30.85,30.43,30.6
2025-09-25 12:00:00,30.6,30.75,30.05,30.64
2025-09-25 13:00:00,30.64,30.72,30.05,30.23
2025-09-25 14:00:00,30.23,30.53,30.22,30.23
2025-09-25 15:00:00,30.23,30.36,30.15,30.25
2025-09-25 16:00:00,30.26,30.27,29.55,29.57
2025-09-25 17:00:00,29.56,29.68,29.09,29.2
2025-09-25 18:00:00,29.2,29.85,28.83,29.83
2025-09-25 19:00:00,29.83,30.1,29.43,29.48
2025-09-25 20:00:00,29.49,29.52,28.96,29.08
2025-09-25 21:00:00,29.08,29.37,28.82,29.1
2025-09-25 22:00:00,29.09,29.33,28.93,29.07
2025-09-25 23:00:00,29.07,29.21,28.51,28.64
2025-09-26 00:00:00,28.63,29.07,28.56,28.91
2025-09-26 01:00:00,28.91,28.99,28.61,28.79
2025-09-26 02:00:00,28.8,28.99,27.92,28.4
2025-09-26 03:00:00,28.4,28.42,27.96,28.26
2025-09-26 04:00:00,28.26,28.49,28.11,28.2
2025-09-26 05:00:00,28.2,28.45,27.98,27.98
2025-09-26 06:00:00,27.99,28.27,27.59,28.13
2025-09-26 07:00:00,28.13,28.4,28.01,28.28
2025-09-26 08:00:00,28.28,28.58,28.26,28.4
2025-09-26 09:00:00,28.4,28.45,27.94,28.12
2025-09-26 10:00:00,28.13,28.16,27.59,27.66
2025-09-26 11:00:00,27.66,27.73,27.41,27.57
2025-09-26 12:00:00,27.57,27.89,27.34,27.6
2025-09-26 13:00:00,27.6,27.89,27.52,27.84
2025-09-26 14:00:00,27.84,27.88,27.07,27.16
2025-09-26 15:00:00,27.17,27.91,27.14,27.89
2025-09-26 16:00:00,27.9,28.88,27.82,28.81
2025-09-26 17:00:00,28.81,29.6,28.67,29.52
2025-09-26 18:00:00,29.52,29.55,28.97,29.11
2025-09-26 19:00:00,29.11,29.32,28.48,28.71
2025-09-26 20:00:00,28.72,28.84,28.59,28.7
2025-09-26 21:00:00,28.69,28.79,28.62,28.71
2025-09-26 22:00:00,28.72,29,28.71,28.87
2025-09-26 23:00:00,28.88,29.13,28.72,29.09
2025-09-27 00:00:00,29.1,29.11,28.91,28.98
2025-09-27 01:00:00,28.98,29,28.73,28.94
2025-09-27 02:00:00,28.93,28.96,28.76,28.79
2025-09-27 03:00:00,28.79,28.97,28.65,28.76
2025-09-27 04:00:00,28.75,28.97,28.73,28.95
2025-09-27 05:00:00,28.94,28.95,28.78,28.79
2025-09-27 06:00:00,28.79,28.81,28.69,28.81
2025-09-27 07:00:00,28.81,28.84,28.61,28.68
2025-09-27 08:00:00,28.68,28.68,28.4,28.41
2025-09-27 09:00:00,28.41,28.49,28.29,28.49
2025-09-27 10:00:00,28.48,28.55,28.37,28.39
2025-09-27 11:00:00,28.39,28.48,28.31,28.35
2025-09-27 12:00:00,28.36,28.46,28.23,28.43
2025-09-27 13:00:00,28.43,28.54,28.3,28.47
2025-09-27 14:00:00,28.47,28.86,28.4,28.76
2025-09-27 15:00:00,28.76,28.77,28.36,28.68
2025-09-27 16:00:00,28.69,28.79,28.54,28.61
2025-09-27 17:00:00,28.62,28.7,28.4,28.63
2025-09-27 18:00:00,28.62,28.69,28.45,28.55
2025-09-27 19:00:00,28.54,28.79,28.47,28.77
2025-09-27 20:00:00,28.77,28.83,28.6,28.69
2025-09-27 21:00:00,28.69,28.8,28.64,28.76
2025-09-27 22:00:00,28.76,28.98,28.75,28.85
2025-09-27 23:00:00,28.86,28.93,28.73,28.74
2025-09-28 00:00:00,28.75,28.9,28.63,28.71
2025-09-28 01:00:00,28.71,28.78,28.45,28.5
2025-09-28 02:00:00,28.49,28.54,28.29,28.31
2025-09-28 03:00:00,28.31,28.39,28.19,28.26
2025-09-28 04:00:00,28.27,28.37,28.21,28.36
2025-09-28 05:00:00,28.36,28.43,28.23,28.27
2025-09-28 06:00:00,28.26,28.34,28.08,28.22
2025-09-28 07:00:00,28.23,28.41,28.15,28.39
2025-09-28 08:00:00,28.38,28.49,28.21,28.3
2025-09-28 09:00:00,28.29,28.78,28.16,28.35
2025-09-28 10:00:00,28.35,28.4,28.19,28.27
2025-09-28 11:00:00,28.27,28.31,28.04,28.12
2025-09-28 12:00:00,28.12,28.13,27.92,28.04
2025-09-28 13:00:00,28.04,28.92,28.02,28.9
2025-09-28 14:00:00,28.91,28.94,28.73,28.86
2025-09-28 15:00:00,28.86,28.91,28.69,28.83
2025-09-28 16:00:00,28.83,29.13,28.81,28.98
2025-09-28 17:00:00,28.98,29.04,28.82,28.97
2025-09-28 18:00:00,28.97,29,28.89,28.99
2025-09-28 19:00:00,29,29.04,28.91,29.01
2025-09-28 20:00:00,29,29.31,28.97,29.12
2025-09-28 21:00:00,29.12,29.23,28.94,29.02
2025-09-28 22:00:00,29.02,29.94,29.02,29.79
2025-09-28 23:00:00,29.8,30.3,29.79,30.01
2025-09-29 00:00:00,30.01,30.25,29.86,29.97
2025-09-29 01:00:00,29.96,30.07,29.57,29.58
2025-09-29 02:00:00,29.58,29.83,29.42,29.79
2025-09-29 03:00:00,29.8,29.82,29.64,29.76
2025-09-29 04:00:00,29.76,29.8,29.5,29.52
2025-09-29 05:00:00,29.53,29.53,29.24,29.41
2025-09-29 06:00:00,29.41,29.69,29.31,29.54
2025-09-29 07:00:00,29.54,29.83,29.32,29.58
2025-09-29 08:00:00,29.58,29.93,29.52,29.78
2025-09-29 09:00:00,29.78,30.04,29.67,29.81
2025-09-29 10:00:00,29.81,29.96,29.36,29.38
2025-09-29 11:00:00,29.38,29.91,29.13,29.69
2025-09-29 12:00:00,29.69,29.89,29.31,29.34
2025-09-29 13:00:00,29.33,29.8,29.16,29.68
2025-09-29 14:00:00,29.68,30.29,29.58,30.19
2025-09-29 15:00:00,30.19,30.54,30.05,30.46
2025-09-29 16:00:00,30.46,30.71,30.11,30.12
2025-09-29 17:00:00,30.12,30.52,30.03,30.47
2025-09-29 18:00:00,30.46,30.47,30.13,30.36
2025-09-29 19:00:00,30.36,30.58,30.27,30.48
2025-09-29 20:00:00,30.48,30.82,30.44,30.71
2025-09-29 21:00:00,30.72,30.78,30.54,30.54
2025-09-29 22:00:00,30.54,30.62,30.45,30.48
2025-09-29 23:00:00,30.47,30.54,30.35,30.41
2025-09-30 00:00:00,30.41,30.72,30.38,30.42
2025-09-30 01:00:00,30.43,30.46,29.9,30
2025-09-30 02:00:00,29.99,30.04,29.84,29.88
2025-09-30 03:00:00,29.88,30.02,29.85,29.88
2025-09-30 04:00:00,29.88,29.89,29.77,29.79
2025-09-30 05:00:00,29.79,29.95,29.71,29.78
2025-09-30 06:00:00,29.77,29.87,29.67,29.73
2025-09-30 07:00:00,29.73,29.78,29.43,29.52
2025-09-30 08:00:00,29.51,29.58,29.34,29.35
2025-09-30 09:00:00,29.35,29.55,29.2,29.35
2025-09-30 10:00:00,29.35,29.76,29.28,29.59
2025-09-30 11:00:00,29.59,29.65,29.41,29.44
2025-09-30 12:00:00,29.43,29.43,29.26,29.26
2025-09-30 13:00:00,29.26,29.48,29.07,29.18
2025-09-30 14:00:00,29.17,29.35,29.02,29.32
2025-09-30 15:00:00,29.32,29.34,28.83,29.08
2025-09-30 16:00:00,29.07,29.08,28.86,28.87
2025-09-30 18:00:00,29.09,29.49,29.08,29.47
2025-09-30 19:00:00,29.48,30.09,29.41,30.01
2025-09-30 20:00:00,30.01,30.27,29.87,30.25
2025-09-30 21:00:00,30.25,30.38,29.91,29.91
2025-09-30 22:00:00,29.91,30.06,29.77,29.87
2025-09-30 23:00:00,29.87,30.02,29.77,30.01
2025-10-01 00:00:00,30.02,30.1,29.79,30
2025-10-01 01:00:00,30,30.24,29.94,30.19
2025-10-01 02:00:00,30.2,30.21,29.89,29.93
2025-10-01 03:00:00,29.94,29.97,29.62,29.65
2025-10-01 04:00:00,29.64,30.04,29.61,29.9
2025-10-01 05:00:00,29.9,30.04,29.87,29.9
2025-10-01 06:00:00,29.89,29.97,29.68,29.69
2025-10-01 07:00:00,29.68,30.1,29.67,30.01
2025-10-01 08:00:00,30.01,30.93,30,30.88
2025-10-01 09:00:00,30.88,31.09,30.81,31.08
2025-10-01 10:00:00,31.08,31.1,30.6,30.73
2025-10-01 11:00:00,30.74,30.87,30.71,30.8
2025-10-01 12:00:00,30.8,30.84,30.52,30.55
2025-10-01 13:00:00,30.54,30.7,30.36,30.53
2025-10-01 14:00:00,30.52,30.78,30.43,30.45
2025-10-01 15:00:00,30.45,30.67,30.43,30.59
2025-10-01 16:00:00,30.58,30.64,30.46,30.55
2025-10-01 17:00:00,30.54,30.59,30.48,30.52
2025-10-01 18:00:00,30.52,30.63,30.51,30.53
2025-10-01 19:00:00,30.53,30.73,30.52,30.61
2025-10-01 20:00:00,30.6,30.65,30.52,30.57
2025-10-01 21:00:00,30.57,30.61,30.44,30.56
2025-10-01 22:00:00,30.57,30.61,30.49,30.57
2025-10-01 23:00:00,30.57,30.74,30.52,30.73
2025-10-02 00:00:00,30.74,31.35,30.52,30.55
2025-10-02 01:00:00,30.56,31.01,30.45,30.95
2025-10-02 02:00:00,30.94,31.38,30.75,31.31
2025-10-02 03:00:00,31.3,31.33,30.77,30.86
2025-10-02 04:00:00,30.86,30.91,30.59,30.9
2025-10-02 05:00:00,30.89,30.96,30.73,30.75
2025-10-02 06:00:00,30.75,30.94,30.58,30.76
2025-10-02 07:00:00,30.76,30.76,30.58,30.59
2025-10-02 08:00:00,30.59,30.65,30.49,30.53
2025-10-02 09:00:00,30.52,30.63,30.42,30.53
2025-10-02 10:00:00,30.53,30.64,30.49,30.58
2025-10-02 11:00:00,30.57,30.66,30.5,30.52
2025-10-02 12:00:00,30.52,30.75,30.51,30.61
2025-10-02 13:00:00,30.62,30.67,29.48,30.28
2025-10-02 14:00:00,30.28,30.42,29.66,29.77
2025-10-02 15:00:00,29.77,30.05,29.54,30.01
2025-10-02 16:00:00,30.02,30.3,29.94,30.23
2025-10-02 17:00:00,30.23,30.52,30.17,30.5
2025-10-02 18:00:00,30.5,30.76,30.49,30.69
2025-10-02 19:00:00,30.7,31.15,30.61,31.01
2025-10-02 20:00:00,31.02,31.25,30.81,30.92
2025-10-02 21:00:00,30.91,31.03,30.82,30.89
2025-10-02 22:00:00,30.9,31.04,30.86,30.94
2025-10-02 23:00:00,30.94,31.03,30.84,30.98
2025-10-03 00:00:00,30.97,30.99,30.67,30.75
2025-10-03 01:00:00,30.76,30.81,30.46,30.48
2025-10-03 02:00:00,30.48,30.89,30.47,30.88
2025-10-03 03:00:00,30.88,31.02,30.73,30.76
2025-10-03 04:00:00,30.75,30.92,30.68,30.82
2025-10-03 05:00:00,30.83,30.84,30.51,30.58
2025-10-03 06:00:00,30.58,30.63,30.2,30.27
2025-10-03 07:00:00,30.27,30.27,30.08,30.18
2025-10-03 08:00:00,30.18,30.33,29.99,30.32
2025-10-03 09:00:00,30.32,30.39,30.17,30.35
2025-10-03 10:00:00,30.36,30.5,30.3,30.36
2025-10-03 11:00:00,30.36,30.37,30.12,30.16
2025-10-03 12:00:00,30.15,30.33,30.12,30.27
2025-10-03 13:00:00,30.26,30.6,30.04,30.34
2025-10-03 14:00:00,30.34,30.58,30.03,30.5
2025-10-03 15:00:00,30.5,31.26,30.37,31.24
2025-10-03 16:00:00,31.24,31.57,31.05,31.08
2025-10-03 17:00:00,31.08,31.22,30.49,30.94
2025-10-03 18:00:00,30.94,31.28,30.74,31.23
2025-10-03 19:00:00,31.22,31.36,31.12,31.18
2025-10-03 20:00:00,31.17,31.28,31.12,31.21
2025-10-03 21:00:00,31.21,31.3,31.16,31.24
2025-10-03 22:00:00,31.25,31.49,31.24,31.37
2025-10-03 23:00:00,31.36,31.48,31.3,31.31
2025-10-04 00:00:00,31.32,31.44,31.16,31.24
2025-10-04 01:00:00,31.25,31.26,31.12,31.22
2025-10-04 02:00:00,31.21,31.27,31.06,31.18
2025-10-04 03:00:00,31.18,31.27,31.08,31.23
2025-10-04 04:00:00,31.22,31.31,31.15,31.19
2025-10-04 05:00:00,31.19,31.39,31.12,31.2
2025-10-04 06:00:00,31.2,31.24,31.09,31.14
2025-10-04 07:00:00,31.13,31.15,30.78,30.81
2025-10-04 08:00:00,30.81,30.82,30.53,30.61
2025-10-04 09:00:00,30.61,30.7,30.48,30.53
2025-10-04 10:00:00,30.53,30.65,30.36,30.41
2025-10-04 11:00:00,30.4,30.44,30.25,30.33
2025-10-04 12:00:00,30.32,30.35,30.18,30.2
2025-10-04 13:00:00,30.19,30.55,30.16,30.38
2025-10-04 14:00:00,30.37,30.38,29.87,29.89
2025-10-04 15:00:00,29.9,30.03,29.85,29.93
2025-10-04 16:00:00,29.93,30.1,29.87,30.04
2025-10-04 17:00:00,30.04,30.09,29.89,29.96
2025-10-04 18:00:00,29.97,30.06,29.9,29.94
2025-10-04 19:00:00,29.94,30.08,29.94,30.04
2025-10-04 20:00:00,30.04,30.15,30.02,30.07
2025-10-04 21:00:00,30.06,30.17,30.05,30.1
2025-10-04 22:00:00,30.1,30.3,30.05,30.18
2025-10-04 23:00:00,30.18,30.19,30.1,30.12
2025-10-05 00:00:00,30.12,30.17,29.86,29.88
2025-10-05 01:00:00,29.89,29.98,29.82,29.93
2025-10-05 02:00:00,29.93,30.52,29.87,30.49
2025-10-05 03:00:00,30.5,30.69,30.34,30.48
2025-10-05 04:00:00,30.47,31,30.36,30.88
2025-10-05 05:00:00,30.89,31.07,30.79,30.84
2025-10-05 06:00:00,30.84,30.9,30.66,30.7
2025-10-05 07:00:00,30.7,31.09,30.7,31.08
2025-10-05 08:00:00,31.08,31.21,30.85,30.98
2025-10-05 09:00:00,30.99,31.02,30.62,30.65
2025-10-05 10:00:00,30.65,30.66,30.36,30.43
2025-10-05 11:00:00,30.43,30.5,30.06,30.33
2025-10-05 12:00:00,30.33,30.33,30.1,30.13
2025-10-05 13:00:00,30.13,30.2,30.09,30.11
2025-10-05 14:00:00,30.11,30.19,29.97,30.07
2025-10-05 15:00:00,30.08,30.35,30.03,30.24
2025-10-05 16:00:00,30.24,30.31,30.03,30.24
2025-10-05 17:00:00,30.24,30.29,29.89,29.93
2025-10-05 18:00:00,29.92,30.04,29.74,29.95
2025-10-05 19:00:00,29.95,29.96,29.67,29.71
2025-10-05 20:00:00,29.7,29.93,29.63,29.82
2025-10-05 21:00:00,29.81,29.89,29.77,29.85
2025-10-05 22:00:00,29.85,29.95,29.75,29.9
2025-10-05 23:00:00,29.89,30.11,29.8,30.07
2025-10-06 00:00:00,30.07,30.39,29.95,30.03
2025-10-06 01:00:00,30.02,30.3,29.94,30.2
2025-10-06 02:00:00,30.19,30.37,30.05,30.29
2025-10-06 03:00:00,30.28,30.31,30.13,30.25
2025-10-06 04:00:00,30.25,30.45,30.21,30.26
2025-10-06 05:00:00,30.26,30.3,30.13,30.22
2025-10-06 06:00:00,30.22,30.47,30.12,30.34
2025-10-06 07:00:00,30.35,30.42,30.14,30.3
2025-10-06 08:00:00,30.3,30.47,30.3,30.39
2025-10-06 09:00:00,30.4,30.8,30.39,30.57
2025-10-06 10:00:00,30.57,30.6,30.38,30.5
2025-10-06 11:00:00,30.5,30.63,30.4,30.5
2025-10-06 12:00:00,30.5,30.71,30.49,30.53
2025-10-06 13:00:00,30.52,30.68,30.42,30.56
2025-10-06 14:00:00,30.56,30.94,30.53,30.63
2025-10-06 15:00:00,30.64,30.98,30.63,30.83
2025-10-06 16:00:00,30.83,30.94,30.63,30.78
2025-10-06 17:00:00,30.78,31.03,30.71,30.9
2025-10-06 18:00:00,30.89,30.98,30.74,30.9
2025-10-06 19:00:00,30.91,30.91,30.7,30.84
2025-10-06 20:00:00,30.84,30.94,30.71,30.76
2025-10-06 21:00:00,30.76,30.8,30.53,30.69
2025-10-06 22:00:00,30.69,30.77,30.56,30.59
2025-10-06 23:00:00,30.59,30.75,30.52,30.61
2025-10-07 00:00:00,30.61,30.73,30.43,30.58
2025-10-07 01:00:00,30.57,30.57,30.31,30.42
2025-10-07 02:00:00,30.41,30.45,30.31,30.33
2025-10-07 03:00:00,30.33,30.4,30.3,30.34
2025-10-07 04:00:00,30.34,30.59,30.21,30.5
2025-10-07 05:00:00,30.5,30.57,30.35,30.46
2025-10-07 06:00:00,30.46,30.49,30.11,30.15
2025-10-07 07:00:00,30.16,30.24,30.04,30.1
2025-10-07 08:00:00,30.1,30.11,29.52,29.8
2025-10-07 09:00:00,29.79,29.86,29.72,29.76
2025-10-07 10:00:00,29.75,30.02,29.66,29.94
2025-10-07 11:00:00,29.93,30.06,29.91,30.02
2025-10-07 12:00:00,30.02,30.02,29.77,29.96
2025-10-07 13:00:00,29.97,29.99,29.13,29.35
2025-10-07 14:00:00,29.35,29.37,28.83,28.88
2025-10-07 15:00:00,28.89,28.94,28.43,28.54
2025-10-07 16:00:00,28.54,28.77,28.3,28.58
2025-10-07 17:00:00,28.58,28.66,28.39,28.41
2025-10-07 18:00:00,28.41,28.44,28.24,28.32
2025-10-07 19:00:00,28.31,28.46,28.08,28.1
2025-10-07 20:00:00,28.1,28.42,28.08,28.3
2025-10-07 21:00:00,28.31,28.43,28.16,28.26
2025-10-07 22:00:00,28.26,28.4,28.13,28.19
2025-10-07 23:00:00,28.19,28.2,27.81,27.93
2025-10-08 00:00:00,27.92,28.26,27.87,28.26
2025-10-08 01:00:00,28.26,28.36,28.12,28.32
2025-10-08 02:00:00,28.32,28.36,28.18,28.22
2025-10-08 03:00:00,28.22,28.24,27.92,27.97
2025-10-08 04:00:00,27.97,28.25,27.84,28.24
2025-10-08 05:00:00,28.23,28.24,27.98,28.12
2025-10-08 06:00:00,28.12,28.24,28.03,28.16
2025-10-08 07:00:00,28.16,28.3,28.05,28.29
2025-10-08 08:00:00,28.3,28.46,28.16,28.35
2025-10-08 09:00:00,28.35,28.37,28.19,28.29
2025-10-08 10:00:00,28.3,28.41,28.25,28.36
2025-10-08 11:00:00,28.36,28.49,28.25,28.3
2025-10-08 12:00:00,28.3,28.5,28.26,28.46
2025-10-08 13:00:00,28.46,28.56,28.2,28.52
2025-10-08 14:00:00,28.53,28.75,28.33,28.36
2025-10-08 15:00:00,28.36,28.48,28.25,28.3
2025-10-08 16:00:00,28.29,28.53,28.24,28.51
2025-10-08 17:00:00,28.52,29.19,28.51,28.96
2025-10-08 18:00:00,28.97,29.63,28.88,29.34
2025-10-08 19:00:00,29.33,29.38,29.12,29.2
2025-10-08 20:00:00,29.19,29.26,28.92,28.94
2025-10-08 21:00:00,28.93,29,28.82,28.87
2025-10-08 22:00:00,28.87,28.94,28.79,28.81
2025-10-08 23:00:00,28.81,28.88,28.77,28.82
2025-10-09 00:00:00,28.82,28.9,28.57,28.57
2025-10-09 01:00:00,28.57,28.58,28.41,28.5
2025-10-09 02:00:00,28.49,28.51,28.1,28.17
2025-10-09 03:00:00,28.16,28.47,28.16,28.4
2025-10-09 04:00:00,28.41,28.53,28.38,28.53
2025-10-09 05:00:00,28.53,28.57,28.42,28.5
2025-10-09 06:00:00,28.51,28.52,28.36,28.39
2025-10-09 07:00:00,28.38,28.5,28.28,28.36
2025-10-09 08:00:00,28.36,28.4,27.96,27.99
2025-10-09 09:00:00,28,28.19,27.98,28.09
2025-10-09 10:00:00,28.09,28.25,27.97,28.15
2025-10-09 11:00:00,28.16,28.46,28.16,28.31
2025-10-09 12:00:00,28.3,28.72,28.29,28.65
2025-10-09 13:00:00,28.64,28.68,28.12,28.16
2025-10-09 14:00:00,28.15,28.31,27.89,28.07
2025-10-09 15:00:00,28.08,28.2,27.83,27.97
2025-10-09 16:00:00,27.97,28.07,27.58,27.66
2025-10-09 17:00:00,27.65,28.08,27.63,28.06
2025-10-09 18:00:00,28.06,28.11,27.91,27.95
2025-10-09 19:00:00,27.96,28.19,27.95,28.08
2025-10-09 20:00:00,28.07,28.16,27.96,28.06
2025-10-09 21:00:00,28.06,28.16,27.98,28.13
2025-10-09 22:00:00,28.13,28.46,28.08,28.38
2025-10-09 23:00:00,28.38,28.42,28.28,28.38
2025-10-10 00:00:00,28.38,28.42,28.32,28.4
2025-10-10 01:00:00,28.4,28.47,28.31,28.36
2025-10-10 02:00:00,28.36,28.47,28.28,28.36
2025-10-10 03:00:00,28.36,28.57,28.26,28.36
2025-10-10 04:00:00,28.36,28.52,28.31,28.41
2025-10-10 05:00:00,28.41,28.56,28.31,28.54
2025-10-10 06:00:00,28.54,28.62,28.28,28.36
2025-10-10 07:00:00,28.35,28.37,28.19,28.21
2025-10-10 08:00:00,28.21,28.41,28.19,28.4
2025-10-10 09:00:00,28.4,28.4,28.03,28.08
2025-10-10 10:00:00,28.08,28.27,28.04,28.25
2025-10-10 11:00:00,28.24,28.34,28.15,28.26
2025-10-10 12:00:00,28.26,28.37,28.2,28.31
2025-10-10 13:00:00,28.31,28.49,28.18,28.29
2025-10-10 14:00:00,28.29,28.4,27.85,27.92
2025-10-10 15:00:00,27.92,27.94,26.61,26.99
2025-10-10 16:00:00,26.99,27.12,26.78,26.84
2025-10-10 17:00:00,26.84,27,26.67,26.72
2025-10-10 18:00:00,26.71,26.76,26.41,26.5
2025-10-10 19:00:00,26.5,26.58,26.05,26.44
2025-10-10 20:00:00,26.44,26.7,24.36,25.03
2025-10-10 21:00:00,25.01,27.8,8.52,21.86
2025-10-10 22:00:00,21.86,22.01,19.58,20.79
2025-10-10 23:00:00,20.79,21.97,20.37,20.68
2025-10-11 00:00:00,20.67,22.26,20.27,21.23
2025-10-11 01:00:00,21.22,21.53,20.64,20.99
2025-10-11 02:00:00,20.99,22.87,20.95,22.67
2025-10-11 03:00:00,22.67,22.69,21.75,21.94
2025-10-11 04:00:00,21.95,22.24,21.79,22.18
2025-10-11 05:00:00,22.19,22.25,21.73,22.04
2025-10-11 06:00:00,22.03,22.67,21.98,22.22
2025-10-11 07:00:00,22.23,22.44,22.13,22.2
2025-10-11 08:00:00,22.21,23.18,22.11,23.12
2025-10-11 09:00:00,23.12,23.38,22.73,22.78
2025-10-11 10:00:00,22.79,23.05,22.66,22.72
2025-10-11 11:00:00,22.72,22.77,22.43,22.68
2025-10-11 12:00:00,22.68,22.8,22.28,22.37
2025-10-11 13:00:00,22.37,22.87,21.99,22.59
2025-10-11 14:00:00,22.6,22.88,22.54,22.72
2025-10-11 15:00:00,22.73,22.97,22.62,22.81
2025-10-11 16:00:00,22.82,23.03,22.67,22.9
2025-10-11 17:00:00,22.91,23.15,22.89,22.98
2025-10-11 18:00:00,22.97,22.98,22.63,22.64
2025-10-11 19:00:00,22.65,22.65,21.78,21.9
2025-10-11 20:00:00,21.9,21.96,21.18,21.33
2025-10-11 21:00:00,21.34,21.62,20.92,21.42
2025-10-11 22:00:00,21.43,21.71,21.35,21.63
2025-10-11 23:00:00,21.63,21.66,21.41,21.46
2025-10-12 00:00:00,21.45,21.48,20.87,20.9
2025-10-12 01:00:00,20.9,21.23,20.82,20.86
2025-10-12 02:00:00,20.85,21.15,20.66,20.78
2025-10-12 03:00:00,20.78,21.26,20.73,21.02
2025-10-12 04:00:00,21.03,21.46,21,21.32
2025-10-12 05:00:00,21.32,21.45,21.25,21.38
2025-10-12 06:00:00,21.37,21.57,21.32,21.51
2025-10-12 07:00:00,21.5,21.5,21.29,21.37
2025-10-12 08:00:00,21.37,21.46,21.13,21.14
2025-10-12 09:00:00,21.14,21.27,20.92,21.25
2025-10-12 10:00:00,21.26,21.37,20.98,20.99
2025-10-12 11:00:00,21,21.19,20.99,21.1
2025-10-12 12:00:00,21.09,21.37,21.09,21.29
2025-10-12 13:00:00,21.29,21.44,20.77,20.83
2025-10-12 14:00:00,20.84,22.14,20.82,21.81
2025-10-12 15:00:00,21.81,22.56,21.72,22.37
2025-10-12 16:00:00,22.36,22.91,22.3,22.58
2025-10-12 17:00:00,22.58,22.98,22.51,22.75
2025-10-12 18:00:00,22.74,23.13,22.45,22.61
2025-10-12 19:00:00,22.6,23.04,22.6,23.02
2025-10-12 20:00:00,23.03,23.34,22.83,22.95
2025-10-12 21:00:00,22.95,23.12,22.38,22.69
2025-10-12 22:00:00,22.7,22.93,22.48,22.61
2025-10-12 23:00:00,22.6,22.61,22.26,22.51
2025-10-13 00:00:00,22.5,22.59,21.87,22.01
2025-10-13 01:00:00,22.01,22.41,21.89,22.39
2025-10-13 02:00:00,22.39,22.48,21.99,22.21
2025-10-13 03:00:00,22.21,22.33,22.13,22.23
2025-10-13 04:00:00,22.24,22.53,22.13,22.51
2025-10-13 05:00:00,22.5,22.54,22.28,22.34
2025-10-13 06:00:00,22.34,22.68,22.18,22.6
2025-10-13 07:00:00,22.59,22.89,22.5,22.7
2025-10-13 08:00:00,22.71,22.99,22.61,22.87
2025-10-13 09:00:00,22.86,22.93,22.69,22.93
2025-10-13 10:00:00,22.92,23.05,22.62,22.66
2025-10-13 11:00:00,22.66,22.68,21.68,22.19
2025-10-13 12:00:00,22.19,22.67,22.03,22.36
2025-10-13 13:00:00,22.35,22.95,22.24,22.83
2025-10-13 14:00:00,22.83,22.94,22.32,22.42
2025-10-13 15:00:00,22.43,22.93,22.4,22.79
2025-10-13 16:00:00,22.8,23.06,22.64,23
2025-10-13 17:00:00,22.99,23.49,22.97,23.45
2025-10-13 18:00:00,23.45,23.73,23.34,23.51
2025-10-13 19:00:00,23.51,24.07,23.48,23.85
2025-10-13 20:00:00,23.85,24.05,23.7,23.96
2025-10-13 21:00:00,23.96,24.02,23.72,23.78
2025-10-13 22:00:00,23.78,23.89,23.78,23.85
2025-10-13 23:00:00,23.85,23.9,23.77,23.8
2025-10-14 00:00:00,23.8,23.9,23.76,23.85
2025-10-14 01:00:00,23.84,23.89,23.73,23.83
2025-10-14 02:00:00,23.83,23.85,23.3,23.36
2025-10-14 03:00:00,23.36,23.5,23.18,23.34
2025-10-14 04:00:00,23.34,23.37,22.87,22.96
2025-10-14 05:00:00,22.96,23.26,22.68,22.83
2025-10-14 06:00:00,22.82,23.01,22,22.34
2025-10-14 07:00:00,22.33,22.43,22.05,22.14
2025-10-14 08:00:00,22.14,22.47,22,22.39
2025-10-14 09:00:00,22.38,22.76,22.37,22.55
2025-10-14 10:00:00,22.54,22.54,21.95,22.23
2025-10-14 11:00:00,22.24,22.63,22.21,22.42
2025-10-14 12:00:00,22.42,22.42,22.07,22.11
2025-10-14 13:00:00,22.11,22.37,21.81,22.19
2025-10-14 14:00:00,22.18,22.59,22.05,22.29
2025-10-14 15:00:00,22.3,22.84,22.13,22.8
2025-10-14 16:00:00,22.8,23.14,22.65,22.8
2025-10-14 17:00:00,22.79,23,22.49,22.82
2025-10-14 18:00:00,22.83,22.95,22.71,22.79
2025-10-14 19:00:00,22.8,22.91,22.34,22.56
2025-10-14 20:00:00,22.57,22.74,22.47,22.71
2025-10-14 21:00:00,22.72,22.74,22.56,22.67
2025-10-14 22:00:00,22.67,22.84,22.61,22.67
2025-10-14 23:00:00,22.67,22.82,22.66,22.74
2025-10-15 00:00:00,22.73,22.76,22.53,22.68
2025-10-15 01:00:00,22.68,22.74,22.47,22.61
2025-10-15 02:00:00,22.61,22.91,22.58,22.67
2025-10-15 03:00:00,22.67,22.71,22.37,22.47
2025-10-15 04:00:00,22.48,22.74,22.4,22.71
2025-10-15 05:00:00,22.72,22.84,22.65,22.75
2025-10-15 06:00:00,22.75,22.87,22.54,22.83
2025-10-15 07:00:00,22.83,23,22.74,22.98
2025-10-15 08:00:00,22.97,23.29,22.93,23.04
2025-10-15 09:00:00,23.04,23.06,22.79,22.84
2025-10-15 10:00:00,22.84,22.87,22.57,22.61
2025-10-15 11:00:00,22.61,22.67,22.41,22.56
2025-10-15 12:00:00,22.57,22.59,22.25,22.33
2025-10-15 13:00:00,22.33,22.46,21.86,22.25
2025-10-15 14:00:00,22.24,22.53,21.93,22.07
2025-10-15 15:00:00,22.07,22.2,21.77,21.93
2025-10-15 16:00:00,21.93,22,21.8,21.87
2025-10-15 17:00:00,21.87,21.98,21.6,21.97
2025-10-15 18:00:00,21.97,22.1,21.86,22.08
2025-10-15 19:00:00,22.08,22.17,21.9,21.99
2025-10-15 20:00:00,22,22.09,21.56,21.91
2025-10-15 21:00:00,21.9,22.08,21.69,21.83
2025-10-15 22:00:00,21.84,21.99,21.75,21.8
2025-10-15 23:00:00,21.8,21.98,21.77,21.9
2025-10-16 00:00:00,21.9,21.98,21.79,21.8
2025-10-16 01:00:00,21.79,22.13,21.79,22.06
2025-10-16 02:00:00,22.07,22.14,21.89,22.08
2025-10-16 03:00:00,22.08,22.11,21.91,21.93
2025-10-16 04:00:00,21.93,22.1,21.86,21.87
2025-10-16 05:00:00,21.87,22.02,21.7,21.83
2025-10-16 06:00:00,21.83,22.08,21.81,22.06
2025-10-16 07:00:00,22.06,22.07,21.77,21.88
2025-10-16 08:00:00,21.87,21.91,21.67,21.79
2025-10-16 09:00:00,21.78,22.07,21,21.99
2025-10-16 10:00:00,21.99,22.32,21.99,22.18
2025-10-16 11:00:00,22.18,22.27,22.05,22.25
2025-10-16 12:00:00,22.26,22.39,22.13,22.14
2025-10-16 13:00:00,22.13,22.22,21.93,21.98
2025-10-16 14:00:00,21.98,22.12,21.67,21.83
2025-10-16 15:00:00,21.83,21.87,21.04,21.15
2025-10-16 16:00:00,21.14,21.52,20.84,21.5
2025-10-16 17:00:00,21.5,21.5,21.11,21.16
2025-10-16 18:00:00,21.16,21.22,20.92,21.09
2025-10-16 19:00:00,21.09,21.11,20.58,20.78
2025-10-16 20:00:00,20.79,20.92,20.59,20.75
2025-10-16 21:00:00,20.75,20.96,20.66,20.94
2025-10-16 22:00:00,20.95,20.98,20.71,20.74
2025-10-16 23:00:00,20.73,21.02,20.71,20.98
2025-10-17 00:00:00,20.97,21.12,20.93,21.08
2025-10-17 01:00:00,21.09,21.27,20.94,21.02
2025-10-17 02:00:00,21.02,21.06,20.85,20.94
2025-10-17 03:00:00,20.95,21.03,20.87,20.97
2025-10-17 04:00:00,20.97,20.98,20.69,20.74
2025-10-17 05:00:00,20.74,20.78,20.54,20.58
2025-10-17 06:00:00,20.59,20.68,19.83,19.91
2025-10-17 07:00:00,19.91,19.93,19.35,19.4
2025-10-17 08:00:00,19.4,19.45,19.03,19.12
2025-10-17 09:00:00,19.12,19.8,19.08,19.46
2025-10-17 10:00:00,19.45,19.58,19.13,19.47
2025-10-17 11:00:00,19.47,20.03,19.44,19.82
2025-10-17 12:00:00,19.82,19.94,19.75,19.76
2025-10-17 13:00:00,19.76,19.99,19.58,19.87
2025-10-17 14:00:00,19.87,19.92,19.4,19.62
2025-10-17 15:00:00,19.61,19.95,19.54,19.94
2025-10-17 16:00:00,19.94,20.25,19.82,19.89
2025-10-17 17:00:00,19.9,20.06,19.82,20
2025-10-17 18:00:00,19.99,20.16,19.95,19.99
2025-10-17 19:00:00,19.99,20.06,19.81,19.93
2025-10-17 20:00:00,19.93,20.16,19.88,20.09
2025-10-17 21:00:00,20.08,20.26,20.05,20.2
2025-10-17 22:00:00,20.19,20.32,19.99,20.07
2025-10-17 23:00:00,20.07,20.07,19.9,19.96
2025-10-18 00:00:00,19.95,20.06,19.89,19.99
2025-10-18 01:00:00,20,20.18,19.98,20.16
2025-10-18 02:00:00,20.17,20.21,19.97,20.01
2025-10-18 03:00:00,20,20.12,19.99,20.04
2025-10-18 04:00:00,20.04,20.05,19.86,19.89
2025-10-18 05:00:00,19.89,20.12,19.88,20.09
2025-10-18 06:00:00,20.08,20.21,20.05,20.14
2025-10-18 07:00:00,20.14,20.42,20.13,20.17
2025-10-18 08:00:00,20.17,20.26,20.16,20.19
2025-10-18 09:00:00,20.19,20.35,20.16,20.3
2025-10-18 10:00:00,20.31,20.32,20.1,20.17
2025-10-18 11:00:00,20.17,20.25,20.12,20.21
2025-10-18 12:00:00,20.22,20.31,20.11,20.11
2025-10-18 13:00:00,20.12,20.12,19.92,19.93
2025-10-18 14:00:00,19.93,20.09,19.86,20.04
2025-10-18 15:00:00,20.04,20.09,19.92,20.03
2025-10-18 16:00:00,20.03,20.04,19.82,19.96
2025-10-18 17:00:00,19.96,20.18,19.9,20.16
2025-10-18 18:00:00,20.15,20.19,20.09,20.11
2025-10-18 19:00:00,20.1,20.18,20.06,20.17
2025-10-18 20:00:00,20.16,20.28,20.15,20.17
2025-10-18 21:00:00,20.17,20.27,20.09,20.24
2025-10-18 22:00:00,20.24,20.28,20.18,20.2
2025-10-18 23:00:00,20.2,20.22,20.15,20.21
2025-10-19 00:00:00,20.22,20.23,20.02,20.07
2025-10-19 01:00:00,20.07,20.13,19.99,20.12
2025-10-19 02:00:00,20.13,20.19,20.08,20.13
2025-10-19 03:00:00,20.13,20.29,20.1,20.28
2025-10-19 04:00:00,20.28,20.29,20.21,20.23
2025-10-19 05:00:00,20.24,20.28,20.13,20.16
2025-10-19 06:00:00,20.16,20.21,19.94,19.98
2025-10-19 07:00:00,19.99,20.04,19.87,19.96
2025-10-19 08:00:00,19.95,20.19,19.81,19.89
2025-10-19 09:00:00,19.88,20.28,19.75,20.16
2025-10-19 10:00:00,20.16,20.53,20.09,20.43
2025-10-19 11:00:00,20.43,20.61,20.36,20.4
2025-10-19 12:00:00,20.4,20.46,20.3,20.46
2025-10-19 13:00:00,20.45,20.78,20.4,20.74
2025-10-19 14:00:00,20.74,20.84,20.62,20.78
2025-10-19 15:00:00,20.77,20.79,20.65,20.74
2025-10-19 16:00:00,20.74,20.75,20.54,20.65
2025-10-19 17:00:00,20.65,20.84,20.63,20.68
2025-10-19 18:00:00,20.69,20.79,20.68,20.79
2025-10-19 19:00:00,20.78,20.81,20.68,20.73
2025-10-19 20:00:00,20.72,20.81,20.67,20.8
2025-10-19 21:00:00,20.81,20.82,20.62,20.67
2025-10-19 22:00:00,20.68,20.8,20.68,20.74
2025-10-19 23:00:00,20.74,20.74,20.57,20.59
2025-10-20 00:00:00,20.59,20.6,20.17,20.39
2025-10-20 01:00:00,20.4,20.45,20.3,20.35
2025-10-20 02:00:00,20.34,20.53,20.2,20.46
2025-10-20 03:00:00,20.46,21.08,20.38,21.02
2025-10-20 04:00:00,21.02,21.1,20.97,21.04
2025-10-20 05:00:00,21.05,21.06,20.84,20.95
2025-10-20 06:00:00,20.95,21.21,20.91,21.06
2025-10-20 07:00:00,21.06,21.09,20.86,20.92
2025-10-20 08:00:00,20.92,20.95,20.77,20.8
2025-10-20 09:00:00,20.81,20.81,20.71,20.77
2025-10-20 10:00:00,20.78,20.89,20.66,20.72
2025-10-20 11:00:00,20.71,20.78,20.61,20.78
2025-10-20 12:00:00,20.78,20.78,20.62,20.68
2025-10-20 13:00:00,20.68,20.81,20.55,20.78
2025-10-20 14:00:00,20.78,20.8,20.55,20.74
2025-10-20 15:00:00,20.74,20.88,20.61,20.61
2025-10-20 16:00:00,20.61,20.61,20.24,20.35
2025-10-20 17:00:00,20.35,20.51,20.24,20.37
2025-10-20 18:00:00,20.36,20.46,20.31,20.45
2025-10-20 19:00:00,20.45,20.6,20.35,20.53
2025-10-20 20:00:00,20.52,20.58,20.47,20.55
2025-10-20 21:00:00,20.55,20.63,20.37,20.39
2025-10-20 22:00:00,20.38,20.46,20.34,20.42
2025-10-20 23:00:00,20.41,20.45,20.33,20.34
2025-10-21 00:00:00,20.34,20.37,20.27,20.29
2025-10-21 01:00:00,20.29,20.3,20.05,20.1
2025-10-21 02:00:00,20.1,20.11,19.93,19.95
2025-10-21 03:00:00,19.95,19.99,19.82,19.85
2025-10-21 04:00:00,19.85,19.85,19.46,19.51
2025-10-21 05:00:00,19.52,19.62,19.47,19.49
2025-10-21 06:00:00,19.5,19.68,19.48,19.66
2025-10-21 07:00:00,19.65,19.78,19.58,19.78
2025-10-21 08:00:00,19.78,19.78,19.6,19.75
2025-10-21 09:00:00,19.74,19.86,19.72,19.8
2025-10-21 10:00:00,19.8,20,19.73,19.94
2025-10-21 11:00:00,19.93,20.03,19.86,19.99
2025-10-21 12:00:00,19.99,20.18,19.93,20.03
2025-10-21 13:00:00,20.03,20.07,19.81,19.86
2025-10-21 14:00:00,19.87,20.57,19.87,20.54
2025-10-21 15:00:00,20.55,20.85,20.45,20.76
2025-10-21 16:00:00,20.77,20.84,20.35,20.4
2025-10-21 17:00:00,20.41,20.51,20.23,20.44
2025-10-21 18:00:00,20.45,20.52,20.33,20.47
2025-10-21 19:00:00,20.47,20.54,20.39,20.4
2025-10-21 20:00:00,20.4,20.42,20.11,20.13
2025-10-21 21:00:00,20.12,20.2,19.85,20.1
2025-10-21 22:00:00,20.09,20.1,19.72,19.78
2025-10-21 23:00:00,19.77,19.82,19.48,19.54
2025-10-22 00:00:00,19.54,19.66,19.37,19.38
2025-10-22 01:00:00,19.38,19.59,19.34,19.54
2025-10-22 02:00:00,19.55,19.62,19.46,19.47
2025-10-22 03:00:00,19.47,19.47,19.35,19.46
2025-10-22 04:00:00,19.45,19.61,19.44,19.61
2025-10-22 05:00:00,19.61,19.65,19.29,19.45
2025-10-22 06:00:00,19.44,19.52,19.4,19.42
2025-10-22 07:00:00,19.42,19.6,19.34,19.56
2025-10-22 08:00:00,19.56,19.69,19.49,19.59
2025-10-22 09:00:00,19.59,19.63,19.37,19.44
2025-10-22 10:00:00,19.44,19.5,19.35,19.4
2025-10-22 11:00:00,19.4,19.64,19.12,19.59
2025-10-22 12:00:00,19.59,19.69,19.5,19.52
2025-10-22 13:00:00,19.52,19.69,19.41,19.65
2025-10-22 14:00:00,19.64,19.65,19.25,19.63
2025-10-22 15:00:00,19.64,19.71,19.37,19.54
2025-10-22 16:00:00,19.53,19.59,19.33,19.45
2025-10-22 17:00:00,19.45,19.51,19.24,19.29
2025-10-22 18:00:00,19.29,19.35,19.17,19.21
2025-10-22 19:00:00,19.2,19.39,18.84,19.08
2025-10-22 20:00:00,19.08,19.13,18.88,18.93
2025-10-22 21:00:00,18.93,18.94,18.42,18.69
2025-10-22 22:00:00,18.68,18.84,18.65,18.75
2025-10-22 23:00:00,18.75,19.05,18.75,19.02
2025-10-23 00:00:00,19.02,19.09,18.98,19.04
2025-10-23 01:00:00,19.05,19.16,19.03,19.09
2025-10-23 02:00:00,19.09,19.21,19.08,19.12
2025-10-23 03:00:00,19.11,19.18,19.07,19.12
2025-10-23 04:00:00,19.12,19.24,19.09,19.2
2025-10-23 05:00:00,19.2,19.34,19.2,19.34
2025-10-23 06:00:00,19.33,19.58,19.29,19.57
2025-10-23 07:00:00,19.57,19.57,19.44,19.55
2025-10-23 08:00:00,19.55,19.62,19.51,19.53
2025-10-23 09:00:00,19.52,19.56,19.47,19.54
2025-10-23 10:00:00,19.55,19.6,19.52,19.53
2025-10-23 11:00:00,19.53,19.53,19.39,19.42
2025-10-23 12:00:00,19.41,19.42,19.25,19.38
2025-10-23 13:00:00,19.37,19.49,19.26,19.44
2025-10-23 14:00:00,19.44,19.49,19.27,19.42
2025-10-23 15:00:00,19.42,19.62,19.39,19.54
2025-10-23 16:00:00,19.55,19.74,19.52,19.68
2025-10-23 17:00:00,19.69,19.73,19.53,19.68
2025-10-23 18:00:00,19.67,19.69,19.47,19.5
2025-10-23 19:00:00,19.5,19.53,19.36,19.38
2025-10-23 20:00:00,19.38,19.38,19.08,19.15
2025-10-23 21:00:00,19.14,19.21,19.09,19.1
2025-10-23 22:00:00,19.1,19.18,19.05,19.07
2025-10-23 23:00:00,19.07,19.15,18.98,19.14
2025-10-24 00:00:00,19.13,19.28,19.02,19.22
2025-10-24 01:00:00,19.22,19.28,19.07,19.22
2025-10-24 02:00:00,19.21,19.23,19.1,19.2
2025-10-24 03:00:00,19.2,19.23,19.13,19.23
2025-10-24 04:00:00,19.22,19.63,19.17,19.56
2025-10-24 05:00:00,19.55,19.66,19.51,19.61
2025-10-24 06:00:00,19.61,19.63,19.55,19.61
2025-10-24 07:00:00,19.61,19.63,19.4,19.49
2025-10-24 08:00:00,19.5,19.67,19.41,19.59
2025-10-24 09:00:00,19.6,19.62,19.54,19.56
2025-10-24 10:00:00,19.57,19.58,19.49,19.5
2025-10-24 11:00:00,19.5,19.52,19.37,19.5
2025-10-24 12:00:00,19.5,19.96,19.48,19.61
2025-10-24 13:00:00,19.62,19.67,19.49,19.64
2025-10-24 14:00:00,19.64,19.64,19.25,19.31
2025-10-24 15:00:00,19.31,19.45,19.23,19.26
2025-10-24 16:00:00,19.27,19.36,19.12,19.22
2025-10-24 17:00:00,19.21,19.35,19.2,19.24
2025-10-24 18:00:00,19.24,19.4,19.23,19.39
2025-10-24 19:00:00,19.4,19.57,19.39,19.51
2025-10-24 20:00:00,19.51,19.65,19.5,19.58
2025-10-24 21:00:00,19.58,19.63,19.53,19.6
2025-10-24 22:00:00,19.6,19.62,19.53,19.56
2025-10-24 23:00:00,19.55,19.55,19.47,19.49
2025-10-25 00:00:00,19.49,19.52,19.37,19.41
2025-10-25 01:00:00,19.42,19.52,19.37,19.45
2025-10-25 02:00:00,19.44,19.46,19.37,19.39
2025-10-25 03:00:00,19.39,19.41,19.32,19.34
2025-10-25 04:00:00,19.34,19.42,19.32,19.32
2025-10-25 05:00:00,19.33,19.37,19.31,19.35
2025-10-25 06:00:00,19.35,19.38,19.29,19.31
2025-10-25 07:00:00,19.31,19.46,19.3,19.36
2025-10-25 08:00:00,19.36,19.44,19.34,19.43
2025-10-25 09:00:00,19.43,19.45,19.32,19.33
2025-10-25 10:00:00,19.33,19.35,19.24,19.3
2025-10-25 11:00:00,19.3,19.37,19.27,19.33
2025-10-25 12:00:00,19.34,19.57,19.32,19.55
2025-10-25 13:00:00,19.55,19.56,19.46,19.51
2025-10-25 14:00:00,19.51,19.56,19.47,19.55
2025-10-25 15:00:00,19.55,19.56,19.48,19.53
2025-10-25 16:00:00,19.53,19.54,19.45,19.49
2025-10-25 17:00:00,19.48,19.55,19.47,19.52
2025-10-25 18:00:00,19.51,19.72,19.5,19.7
2025-10-25 19:00:00,19.71,19.83,19.7,19.74
2025-10-25 20:00:00,19.74,19.77,19.66,19.67
2025-10-25 21:00:00,19.67,19.71,19.64,19.7
2025-10-25 22:00:00,19.7,19.77,19.65,19.76
2025-10-25 23:00:00,19.75,19.76,19.69,19.71
2025-10-26 00:00:00,19.72,19.81,19.63,19.67
2025-10-26 01:00:00,19.67,19.68,19.46,19.53
2025-10-26 02:00:00,19.53,19.54,19.37,19.43
2025-10-26 03:00:00,19.43,19.43,19.34,19.39
2025-10-26 04:00:00,19.38,19.53,19.36,19.49
2025-10-26 05:00:00,19.49,19.67,19.45,19.66
2025-10-26 06:00:00,19.67,19.69,19.6,19.65
2025-10-26 07:00:00,19.66,19.72,19.62,19.7
2025-10-26 08:00:00,19.71,20.11,19.71,20.01
2025-10-26 09:00:00,20.01,20.14,19.92,20.07
2025-10-26 10:00:00,20.07,20.1,19.97,20
2025-10-26 11:00:00,19.99,20.4,19.91,20.37
2025-10-26 12:00:00,20.37,20.43,20.27,20.35
2025-10-26 13:00:00,20.35,20.67,20.34,20.59
2025-10-26 14:00:00,20.59,20.63,20.41,20.46
2025-10-26 15:00:00,20.45,20.47,20.27,20.41
2025-10-26 16:00:00,20.41,20.42,20.24,20.28
2025-10-26 17:00:00,20.28,20.33,20.22,20.26
2025-10-26 18:00:00,20.26,20.32,20.24,20.27
2025-10-26 19:00:00,20.27,20.31,20.21,20.31
2025-10-26 20:00:00,20.3,20.31,20.14,20.18
2025-10-26 21:00:00,20.19,20.3,20.1,20.26
2025-10-26 22:00:00,20.26,20.78,20.26,20.72
2025-10-26 23:00:00,20.72,20.96,20.7,20.82
2025-10-27 00:00:00,20.83,20.98,20.79,20.79
2025-10-27 01:00:00,20.8,20.99,20.73,20.97
2025-10-27 02:00:00,20.97,21.04,20.82,20.91
2025-10-27 03:00:00,20.91,20.97,20.77,20.8
2025-10-27 04:00:00,20.81,21,20.77,20.98
2025-10-27 05:00:00,20.97,21.1,20.94,20.95
2025-10-27 06:00:00,20.95,21.02,20.83,20.98
2025-10-27 07:00:00,20.97,21.04,20.67,20.81
2025-10-27 08:00:00,20.81,20.9,20.61,20.66
2025-10-27 09:00:00,20.66,20.67,20.45,20.53
2025-10-27 10:00:00,20.54,20.62,20.43,20.57
2025-10-27 11:00:00,20.57,20.66,20.43,20.57
2025-10-27 12:00:00,20.57,20.57,20.37,20.38
2025-10-27 13:00:00,20.38,20.56,20.24,20.5
2025-10-27 14:00:00,20.5,20.52,20.29,20.36
2025-10-27 15:00:00,20.36,20.5,20.36,20.46
2025-10-27 16:00:00,20.45,20.76,20.45,20.73
2025-10-27 17:00:00,20.73,20.74,20.61,20.67
2025-10-27 18:00:00,20.66,20.79,20.6,20.66
2025-10-27 19:00:00,20.67,20.68,20.56,20.6
2025-10-27 20:00:00,20.6,20.65,20.47,20.48
2025-10-27 21:00:00,20.48,20.57,20.37,20.47
2025-10-27 22:00:00,20.48,20.55,20.3,20.32
2025-10-27 23:00:00,20.32,20.35,20.17,20.33
2025-10-28 00:00:00,20.33,20.44,20.25,20.32
2025-10-28 01:00:00,20.33,20.48,20.33,20.43
2025-10-28 02:00:00,20.44,20.46,20.2,20.31
2025-10-28 03:00:00,20.31,20.39,20.16,20.22
2025-10-28 04:00:00,20.22,20.44,20.16,20.38
2025-10-28 05:00:00,20.39,20.45,19.99,20.02
2025-10-28 06:00:00,20.02,20.39,20,20.38
2025-10-28 07:00:00,20.38,20.5,20.28,20.31
2025-10-28 08:00:00,20.31,20.52,20.26,20.46
2025-10-28 09:00:00,20.47,20.48,20.25,20.32
2025-10-28 10:00:00,20.33,20.33,20.2,20.29
2025-10-28 11:00:00,20.28,20.35,20.16,20.18
2025-10-28 12:00:00,20.19,20.45,20.17,20.31
2025-10-28 13:00:00,20.32,20.44,20.29,20.37
2025-10-28 14:00:00,20.37,20.49,19.77,20.1
2025-10-28 15:00:00,20.1,20.19,19.93,20.01
2025-10-28 16:00:00,20,20.19,19.92,20.13
2025-10-28 17:00:00,20.12,20.17,20.05,20.09
2025-10-28 18:00:00,20.09,20.11,19.92,19.98
2025-10-28 19:00:00,19.98,20.02,19.57,19.64
2025-10-28 20:00:00,19.64,19.64,19.22,19.34
2025-10-28 21:00:00,19.34,19.5,19.13,19.4
2025-10-28 22:00:00,19.41,19.58,19.34,19.55
2025-10-28 23:00:00,19.55,19.55,19.46,19.47
2025-10-29 00:00:00,19.47,19.55,19.37,19.4
2025-10-29 01:00:00,19.4,19.54,19.36,19.44
2025-10-29 02:00:00,19.44,19.56,19.42,19.52
2025-10-29 03:00:00,19.51,19.53,19.42,19.47
2025-10-29 04:00:00,19.46,19.54,19.45,19.49
2025-10-29 05:00:00,19.49,19.62,19.47,19.53
2025-10-29 06:00:00,19.54,19.58,19.49,19.53
2025-10-29 07:00:00,19.54,19.64,19.5,19.6
2025-10-29 08:00:00,19.6,19.62,19.47,19.51
2025-10-29 09:00:00,19.5,19.54,19.43,19.49
2025-10-29 10:00:00,19.48,19.74,19.47,19.63
2025-10-29 11:00:00,19.63,19.77,19.6,19.74
2025-10-29 12:00:00,19.73,19.75,19.66,19.7
2025-10-29 13:00:00,19.7,19.85,19.66,19.66
2025-10-29 14:00:00,19.67,19.69,19.49,19.59
2025-10-29 15:00:00,19.59,19.64,19.34,19.44
2025-10-29 16:00:00,19.44,19.58,19.33,19.53
2025-10-29 17:00:00,19.52,20.05,19.52,20.05
2025-10-29 18:00:00,20.06,20.2,19.31,19.91
2025-10-29 19:00:00,19.91,20.16,19.75,19.94
2025-10-29 20:00:00,19.95,20.16,19.83,20.08
2025-10-29 21:00:00,20.08,20.14,19.97,20.03
2025-10-29 22:00:00,20.03,20.06,19.94,19.98
2025-10-29 23:00:00,19.97,19.97,19.55,19.66
2025-10-30 00:00:00,19.66,19.76,19.52,19.73
2025-10-30 01:00:00,19.74,19.84,19.61,19.76
2025-10-30 02:00:00,19.75,19.96,19.7,19.96
2025-10-30 03:00:00,19.95,19.97,19.77,19.84
2025-10-30 04:00:00,19.84,19.84,19.06,19.3
2025-10-30 05:00:00,19.3,19.71,19.2,19.66
2025-10-30 06:00:00,19.66,19.75,19.51,19.67
2025-10-30 07:00:00,19.67,19.88,19.6,19.83
2025-10-30 08:00:00,19.84,19.89,19.62,19.64
2025-10-30 09:00:00,19.63,19.65,19.41,19.44
2025-10-30 10:00:00,19.43,19.49,19.24,19.26
2025-10-30 11:00:00,19.27,19.34,19.21,19.24
2025-10-30 12:00:00,19.25,19.26,18.68,18.78
2025-10-30 13:00:00,18.77,18.86,18.42,18.5
2025-10-30 14:00:00,18.49,18.63,18.36,18.45
2025-10-30 15:00:00,18.46,18.5,18.14,18.23
2025-10-30 16:00:00,18.24,18.34,18.14,18.24
2025-10-30 17:00:00,18.24,18.24,17.85,18.13
2025-10-30 18:00:00,18.13,18.14,17.83,17.91
2025-10-30 19:00:00,17.9,17.94,17.51,17.59
2025-10-30 20:00:00,17.58,17.95,17.54,17.94
2025-10-30 21:00:00,17.94,18.03,17.83,18
2025-10-30 22:00:00,18.01,18.1,17.96,18.09
2025-10-30 23:00:00,18.1,18.16,17.97,18.11
2025-10-31 00:00:00,18.12,18.31,18.05,18.25
2025-10-31 01:00:00,18.26,18.41,18.2,18.39
2025-10-31 02:00:00,18.39,18.39,18.11,18.22
2025-10-31 03:00:00,18.22,18.31,18.15,18.26
2025-10-31 04:00:00,18.27,18.48,18.25,18.43
2025-10-31 05:00:00,18.43,18.44,18.31,18.34
2025-10-31 06:00:00,18.34,18.42,18.28,18.41
2025-10-31 07:00:00,18.41,18.47,18.23,18.25
2025-10-31 08:00:00,18.26,18.36,18.2,18.33
2025-10-31 09:00:00,18.33,18.37,18.22,18.24
2025-10-31 10:00:00,18.24,18.31,18.21,18.26
2025-10-31 11:00:00,18.27,18.53,18.21,18.5
2025-10-31 12:00:00,18.5,18.58,18.35,18.35
2025-10-31 13:00:00,18.35,18.51,18.29,18.44
2025-10-31 14:00:00,18.45,18.52,18.26,18.49
2025-10-31 15:00:00,18.48,18.53,18.25,18.27
2025-10-31 16:00:00,18.26,18.3,17.91,17.93
2025-10-31 17:00:00,17.92,17.99,17.78,17.88
2025-10-31 18:00:00,17.88,18.1,17.83,17.99
2025-10-31 19:00:00,17.99,18.38,17.88,18.28
2025-10-31 20:00:00,18.27,18.28,18.07,18.1
2025-10-31 21:00:00,18.1,18.17,18.05,18.14
2025-10-31 22:00:00,18.13,18.26,18.11,18.19
2025-10-31 23:00:00,18.2,18.24,18.18,18.19
2025-11-01 00:00:00,18.19,18.21,18.07,18.17
2025-11-01 01:00:00,18.18,18.31,18.17,18.24
2025-11-01 02:00:00,18.25,18.35,18.17,18.34
2025-11-01 03:00:00,18.34,18.45,18.33,18.41
2025-11-01 04:00:00,18.42,18.47,18.35,18.41
2025-11-01 05:00:00,18.42,18.44,18.32,18.33
2025-11-01 06:00:00,18.34,18.39,18.29,18.35
2025-11-01 07:00:00,18.36,18.52,18.32,18.51
2025-11-01 08:00:00,18.51,18.56,18.45,18.55
2025-11-01 09:00:00,18.55,18.66,18.5,18.56
2025-11-01 10:00:00,18.57,18.69,18.51,18.63
2025-11-01 11:00:00,18.64,18.71,18.58,18.66
2025-11-01 12:00:00,18.66,18.71,18.63,18.69
2025-11-01 13:00:00,18.69,18.74,18.51,18.59
2025-11-01 14:00:00,18.59,18.63,18.41,18.5
2025-11-01 15:00:00,18.49,18.65,18.48,18.63
2025-11-01 16:00:00,18.64,18.74,18.6,18.68
2025-11-01 17:00:00,18.68,18.69,18.56,18.57
2025-11-01 18:00:00,18.57,18.66,18.56,18.65
2025-11-01 19:00:00,18.65,18.66,18.59,18.64
2025-11-01 20:00:00,18.64,18.73,18.64,18.67
2025-11-01 21:00:00,18.68,18.7,18.51,18.51
2025-11-01 22:00:00,18.52,18.62,18.5,18.6
2025-11-01 23:00:00,18.6,18.73,18.57,18.73
2025-11-02 00:00:00,18.72,18.74,18.64,18.68
2025-11-02 01:00:00,18.69,18.72,18.63,18.67
2025-11-02 02:00:00,18.67,18.81,18.64,18.72
2025-11-02 03:00:00,18.71,18.74,18.62,18.69
2025-11-02 04:00:00,18.68,18.91,18.66,18.9
2025-11-02 05:00:00,18.9,18.92,18.75,18.88
2025-11-02 06:00:00,18.88,18.99,18.82,18.94
2025-11-02 07:00:00,18.94,19.01,18.85,18.96
2025-11-02 08:00:00,18.96,18.99,18.82,18.84
2025-11-02 09:00:00,18.85,18.96,18.75,18.76
2025-11-02 10:00:00,18.76,18.8,18.59,18.68
2025-11-02 11:00:00,18.67,18.85,18.66,18.83
2025-11-02 12:00:00,18.83,18.85,18.71,18.73
2025-11-02 13:00:00,18.74,18.76,18.49,18.54
2025-11-02 14:00:00,18.53,18.57,18.2,18.28
2025-11-02 15:00:00,18.27,18.4,18.19,18.28
2025-11-02 16:00:00,18.27,18.33,18.1,18.31
2025-11-02 17:00:00,18.31,18.31,18.2,18.27
2025-11-02 18:00:00,18.27,18.29,18.19,18.24
2025-11-02 19:00:00,18.23,18.25,18.1,18.16
2025-11-02 20:00:00,18.17,18.28,18.1,18.26
2025-11-02 21:00:00,18.27,18.35,18.23,18.3
2025-11-02 22:00:00,18.3,18.38,18.25,18.35
2025-11-02 23:00:00,18.36,18.91,18.36,18.8
2025-11-03 00:00:00,18.81,18.91,18.57,18.58
2025-11-03 01:00:00,18.57,18.6,18.25,18.27
2025-11-03 02:00:00,18.27,18.29,18.01,18.14
2025-11-03 03:00:00,18.13,18.17,17.51,17.54
2025-11-03 04:00:00,17.54,17.63,17.38,17.63
2025-11-03 05:00:00,17.63,17.78,17.43,17.46
2025-11-03 06:00:00,17.45,17.51,17.16,17.39
2025-11-03 07:00:00,17.4,17.6,17.31,17.48
2025-11-03 08:00:00,17.48,17.53,17.31,17.47
2025-11-03 09:00:00,17.47,17.64,17.34,17.35
2025-11-03 10:00:00,17.35,17.44,17.2,17.25
2025-11-03 11:00:00,17.26,17.58,17.26,17.48
2025-11-03 12:00:00,17.49,17.67,17.45,17.47
2025-11-03 13:00:00,17.47,17.58,17.4,17.45
2025-11-03 14:00:00,17.46,17.69,17.35,17.5
2025-11-03 15:00:00,17.5,17.54,15.91,16.36
2025-11-03 16:00:00,16.36,16.84,16.28,16.74
2025-11-03 17:00:00,16.74,17.1,16.71,17.01
2025-11-03 18:00:00,17.01,17.05,16.88,16.91
2025-11-03 19:00:00,16.9,16.93,16.74,16.78
2025-11-03 20:00:00,16.79,16.82,16.42,16.53
2025-11-03 21:00:00,16.53,16.8,16.42,16.76
2025-11-03 22:00:00,16.76,16.78,16.49,16.62
2025-11-03 23:00:00,16.61,16.72,16.47,16.65
2025-11-04 00:00:00,16.66,16.88,16.47,16.75
2025-11-04 01:00:00,16.76,16.97,16.69,16.86
2025-11-04 02:00:00,16.85,16.95,16.78,16.84
2025-11-04 03:00:00,16.84,17,16.8,16.91
2025-11-04 04:00:00,16.91,17.01,16.76,16.77
2025-11-04 05:00:00,16.76,16.79,15.97,15.99
2025-11-04 06:00:00,15.99,16.61,15.97,16.32
2025-11-04 07:00:00,16.32,16.35,16.03,16.15
2025-11-04 08:00:00,16.15,16.59,16.08,16.41
2025-11-04 09:00:00,16.4,16.64,16.37,16.63
2025-11-04 10:00:00,16.63,16.71,16.54,16.64
2025-11-04 11:00:00,16.64,16.81,16.61,16.72
2025-11-04 12:00:00,16.71,16.73,16.45,16.54
2025-11-04 13:00:00,16.54,16.57,16.39,16.43
2025-11-04 14:00:00,16.42,16.85,16.32,16.75
2025-11-04 15:00:00,16.76,16.84,16.39,16.42
2025-11-04 16:00:00,16.41,16.48,15.95,15.98
2025-11-04 17:00:00,15.97,16.04,15.55,15.89
2025-11-04 18:00:00,15.89,15.9,15.31,15.85
2025-11-04 19:00:00,15.84,15.97,15.57,15.59
2025-11-04 20:00:00,15.6,15.82,15.06,15.66
2025-11-04 21:00:00,15.67,15.74,15.04,15.67
2025-11-04 22:00:00,15.68,16.19,15.6,16.13
2025-11-04 23:00:00,16.14,16.2,15.97,15.98
2025-11-05 00:00:00,15.98,16.07,15.71,15.83
2025-11-05 01:00:00,15.84,15.87,15.29,15.78
2025-11-05 02:00:00,15.79,16.38,15.79,16.34
2025-11-05 03:00:00,16.35,16.48,16.26,16.44
2025-11-05 04:00:00,16.43,16.59,16.32,16.48
2025-11-05 05:00:00,16.48,16.6,16.46,16.52
2025-11-05 06:00:00,16.52,16.53,16.4,16.53
2025-11-05 07:00:00,16.53,16.63,16.38,16.55
2025-11-05 08:00:00,16.54,16.54,16.25,16.36
2025-11-05 09:00:00,16.35,16.49,16.32,16.43
2025-11-05 10:00:00,16.43,16.46,16.23,16.24
2025-11-05 11:00:00,16.23,16.59,16.22,16.56
2025-11-05 12:00:00,16.56,16.76,16.48,16.69
2025-11-05 13:00:00,16.68,16.82,16.6,16.72
2025-11-05 14:00:00,16.72,16.79,16.47,16.66
2025-11-05 15:00:00,16.65,16.78,16.59,16.76
2025-11-05 16:00:00,16.77,16.9,16.58,16.88
2025-11-05 17:00:00,16.87,16.99,16.81,16.93
2025-11-05 18:00:00,16.92,16.99,16.83,16.93
2025-11-05 19:00:00,16.93,16.94,16.74,16.78
2025-11-05 20:00:00,16.77,16.85,16.63,16.69
2025-11-05 21:00:00,16.68,16.68,16.56,16.63
2025-11-05 22:00:00,16.62,16.72,16.57,16.7
2025-11-05 23:00:00,16.71,16.79,16.59,16.61
2025-11-06 00:00:00,16.61,16.65,16.53,16.62
2025-11-06 01:00:00,16.61,16.61,16.37,16.54
2025-11-06 02:00:00,16.55,16.69,16.38,16.62
2025-11-06 03:00:00,16.62,16.7,16.6,16.64
2025-11-06 04:00:00,16.64,16.73,16.61,16.68
2025-11-06 05:00:00,16.67,16.67,16.31,16.35
2025-11-06 06:00:00,16.35,16.42,16.3,16.31
2025-11-06 07:00:00,16.3,16.38,16.22,16.29
2025-11-06 08:00:00,16.28,16.33,16.2,16.28
2025-11-06 09:00:00,16.28,16.37,16.22,16.29
2025-11-06 10:00:00,16.29,16.44,16.23,16.37
2025-11-06 11:00:00,16.37,16.37,16.24,16.29
2025-11-06 12:00:00,16.29,16.3,16.07,16.12
2025-11-06 13:00:00,16.11,16.42,16.1,16.33
2025-11-06 14:00:00,16.34,16.38,16.03,16.05
2025-11-06 15:00:00,16.05,16.18,15.77,15.85
2025-11-06 16:00:00,15.85,15.96,15.61,15.8
2025-11-06 17:00:00,15.8,15.99,15.74,15.97
2025-11-06 18:00:00,15.96,16.16,15.79,16.08
2025-11-06 19:00:00,16.07,16.18,16.02,16.13
2025-11-06 20:00:00,16.13,16.21,15.9,16.03
2025-11-06 21:00:00,16.03,16.21,15.96,16.15
2025-11-06 22:00:00,16.16,16.2,15.98,16.14
2025-11-06 23:00:00,16.13,16.13,15.96,16.13
2025-11-07 00:00:00,16.13,16.31,16.09,16.28
2025-11-07 01:00:00,16.29,16.34,16.05,16.28
2025-11-07 02:00:00,16.29,16.42,16.14,16.41
2025-11-07 03:00:00,16.42,16.52,16.4,16.46
2025-11-07 04:00:00,16.46,16.48,16.33,16.45
2025-11-07 05:00:00,16.46,16.69,16.43,16.67
2025-11-07 06:00:00,16.67,16.76,16.66,16.66
2025-11-07 07:00:00,16.67,16.94,16.67,16.92
2025-11-07 08:00:00,16.91,17.03,16.8,16.87
2025-11-07 09:00:00,16.87,16.87,16.56,16.73
2025-11-07 10:00:00,16.72,16.84,16.55,16.6
2025-11-07 11:00:00,16.6,16.6,16.27,16.46
2025-11-07 12:00:00,16.46,16.54,16.12,16.22
2025-11-07 13:00:00,16.21,16.46,16.14,16.39
2025-11-07 14:00:00,16.38,16.7,16.08,16.64
2025-11-07 15:00:00,16.65,16.89,16.51,16.81
2025-11-07 16:00:00,16.82,17.44,16.74,17.32
2025-11-07 17:00:00,17.32,17.77,17.23,17.73
2025-11-07 18:00:00,17.73,17.96,17.67,17.73
2025-11-07 19:00:00,17.73,17.9,17.65,17.82
2025-11-07 20:00:00,17.82,17.87,17.68,17.78
2025-11-07 21:00:00,17.79,18.01,17.75,17.99
2025-11-07 22:00:00,18,18.07,17.85,18.01
2025-11-07 23:00:00,18.01,18.02,17.65,17.74
2025-11-08 00:00:00,17.75,18,17.67,17.68
2025-11-08 01:00:00,17.68,18.04,17.67,18
2025-11-08 02:00:00,18.01,18.41,17.99,18.09
2025-11-08 03:00:00,18.08,18.19,17.83,17.84
2025-11-08 04:00:00,17.84,18.08,17.82,17.92
2025-11-08 05:00:00,17.93,17.99,17.74,17.77
2025-11-08 06:00:00,17.77,17.81,17.56,17.69
2025-11-08 07:00:00,17.7,17.89,17.58,17.87
2025-11-08 08:00:00,17.86,17.99,17.73,17.96
2025-11-08 09:00:00,17.97,17.97,17.66,17.7
2025-11-08 10:00:00,17.7,17.9,17.69,17.87
2025-11-08 11:00:00,17.86,17.98,17.74,17.79
2025-11-08 12:00:00,17.79,17.79,17.59,17.68
2025-11-08 13:00:00,17.68,17.68,17.36,17.37
2025-11-08 14:00:00,17.38,17.45,17.22,17.4
2025-11-08 15:00:00,17.41,17.42,17.09,17.13
2025-11-08 16:00:00,17.14,17.23,17.02,17.13
2025-11-08 17:00:00,17.13,17.27,17.06,17.26
2025-11-08 18:00:00,17.26,17.38,17.21,17.33
2025-11-08 19:00:00,17.33,17.33,17.11,17.29
2025-11-08 20:00:00,17.29,17.4,17.24,17.37
2025-11-08 21:00:00,17.36,17.4,17.28,17.37
2025-11-08 22:00:00,17.36,17.48,17.34,17.45
2025-11-08 23:00:00,17.45,17.5,17.41,17.5
2025-11-09 00:00:00,17.5,17.52,17.24,17.27
2025-11-09 01:00:00,17.27,17.38,17.17,17.25
2025-11-09 02:00:00,17.25,17.26,16.88,16.91
2025-11-09 03:00:00,16.91,16.98,16.81,16.89
2025-11-09 04:00:00,16.89,17.07,16.88,16.98
2025-11-09 05:00:00,16.97,17.04,16.88,17.02
2025-11-09 06:00:00,17.02,17.14,16.96,17.01
2025-11-09 07:00:00,17.01,17.14,16.99,17.13
2025-11-09 08:00:00,17.13,17.13,16.99,17.05
2025-11-09 09:00:00,17.06,17.17,16.94,16.98
2025-11-09 10:00:00,16.97,17.19,16.89,17.18
2025-11-09 11:00:00,17.19,17.36,17.19,17.28
2025-11-09 12:00:00,17.28,17.38,17.24,17.34
2025-11-09 13:00:00,17.34,17.51,17.32,17.48
2025-11-09 14:00:00,17.48,17.89,17.39,17.6
2025-11-09 15:00:00,17.61,17.85,17.61,17.69
2025-11-09 16:00:00,17.7,17.82,17.61,17.78
2025-11-09 17:00:00,17.79,17.81,17.54,17.56
2025-11-09 18:00:00,17.57,17.75,17.45,17.73
2025-11-09 19:00:00,17.73,17.9,17.65,17.89
2025-11-09 20:00:00,17.89,17.91,17.77,17.78
2025-11-09 21:00:00,17.78,17.84,17.7,17.75
2025-11-09 22:00:00,17.75,17.76,17.59,17.75
2025-11-09 23:00:00,17.75,17.9,17.67,17.77
2025-11-10 00:00:00,17.77,18.12,17.64,18.02
2025-11-10 01:00:00,18.02,18.08,17.9,17.91
2025-11-10 02:00:00,17.91,18,17.87,18
2025-11-10 03:00:00,18,18.12,17.95,17.99
2025-11-10 04:00:00,17.99,18.04,17.88,18.01
2025-11-10 05:00:00,18.01,18.09,17.88,18
2025-11-10 06:00:00,18,18.08,17.9,18.02
2025-11-10 07:00:00,18.03,18.13,17.92,18
2025-11-10 08:00:00,18.01,18.01,17.79,17.9
2025-11-10 09:00:00,17.91,18.31,17.88,18.25
2025-11-10 10:00:00,18.26,18.3,17.98,18.08
2025-11-10 11:00:00,18.08,18.19,18.06,18.09
2025-11-10 12:00:00,18.1,18.24,17.99,18.13
2025-11-10 13:00:00,18.14,18.35,18.13,18.26
2025-11-10 14:00:00,18.25,18.26,17.81,17.92
2025-11-10 15:00:00,17.92,18.16,17.85,17.93
2025-11-10 16:00:00,17.94,18.07,17.7,17.79
2025-11-10 17:00:00,17.79,18.09,17.73,18.06
2025-11-10 18:00:00,18.06,18.1,17.91,17.92
2025-11-10 19:00:00,17.92,18.14,17.9,18.01
2025-11-10 20:00:00,18,18.18,17.99,18.11
2025-11-10 21:00:00,18.1,18.11,17.81,17.94
2025-11-10 22:00:00,17.94,18.36,17.87,18.33
2025-11-10 23:00:00,18.34,18.35,18.14,18.18
2025-11-11 00:00:00,18.19,18.27,17.98,18.14
2025-11-11 01:00:00,18.15,18.61,18.06,18.09
2025-11-11 02:00:00,18.09,18.5,18,18.37
2025-11-11 03:00:00,18.38,18.51,18.3,18.36
2025-11-11 04:00:00,18.36,18.37,17.99,17.99
2025-11-11 05:00:00,17.99,18,17.79,17.81
2025-11-11 06:00:00,17.81,17.88,17.67,17.77
2025-11-11 07:00:00,17.77,17.79,17.53,17.56
2025-11-11 08:00:00,17.57,17.68,17.49,17.65
2025-11-11 09:00:00,17.66,17.82,17.62,17.66
2025-11-11 10:00:00,17.66,17.79,17.65,17.76
2025-11-11 11:00:00,17.77,17.88,17.73,17.79
2025-11-11 12:00:00,17.8,17.9,17.67,17.74
2025-11-11 13:00:00,17.75,17.87,17.69,17.72
2025-11-11 14:00:00,17.73,17.86,17.63,17.86
2025-11-11 15:00:00,17.85,17.85,17.56,17.63
2025-11-11 16:00:00,17.63,17.72,17.53,17.61
2025-11-11 17:00:00,17.62,17.73,17.45,17.54
2025-11-11 18:00:00,17.53,17.58,17.37,17.41
2025-11-11 19:00:00,17.41,17.41,17.24,17.27
2025-11-11 20:00:00,17.26,17.29,17.11,17.15
2025-11-11 21:00:00,17.15,17.23,17,17.06
2025-11-11 22:00:00,17.05,17.22,16.97,17.18
2025-11-11 23:00:00,17.18,17.19,16.98,17
2025-11-12 00:00:00,17.01,17.1,16.91,16.94
2025-11-12 01:00:00,16.95,17.15,16.92,17.12
2025-11-12 02:00:00,17.12,17.16,16.95,17.05
2025-11-12 03:00:00,17.05,17.16,17.02,17.12
2025-11-12 04:00:00,17.12,17.14,17.06,17.14
2025-11-12 05:00:00,17.14,17.31,17.13,17.26
2025-11-12 06:00:00,17.27,17.47,17.25,17.29
2025-11-12 07:00:00,17.28,17.37,17.12,17.14
2025-11-12 08:00:00,17.15,17.48,17.15,17.41
2025-11-12 09:00:00,17.41,17.55,17.38,17.52
2025-11-12 10:00:00,17.52,17.62,17.51,17.6
2025-11-12 11:00:00,17.6,17.65,17.5,17.56
2025-11-12 12:00:00,17.56,17.68,17.47,17.59
2025-11-12 13:00:00,17.6,17.76,17.53,17.72
2025-11-12 14:00:00,17.71,17.77,17.23,17.38
2025-11-12 15:00:00,17.38,17.49,16.98,17.04
2025-11-12 16:00:00,17.04,17.08,16.71,16.79
2025-11-12 17:00:00,16.79,16.97,16.64,16.85
2025-11-12 18:00:00,16.85,16.99,16.84,16.85
2025-11-12 19:00:00,16.86,16.92,16.69,16.79
2025-11-12 20:00:00,16.8,16.98,16.75,16.87
2025-11-12 21:00:00,16.88,16.99,16.87,16.93
2025-11-12 22:00:00,16.92,16.97,16.81,16.96
2025-11-12 23:00:00,16.95,16.95,16.78,16.82
2025-11-13 00:00:00,16.81,16.98,16.8,16.87
2025-11-13 01:00:00,16.86,17.16,16.85,17.03
2025-11-13 02:00:00,17.02,17.16,16.98,17.08
2025-11-13 03:00:00,17.09,17.65,16.82,17.44
2025-11-13 04:00:00,17.44,17.59,17.31,17.41
2025-11-13 05:00:00,17.41,17.65,17.28,17.58
2025-11-13 06:00:00,17.59,17.69,17.52,17.58
2025-11-13 07:00:00,17.59,17.62,17.36,17.39
2025-11-13 08:00:00,17.4,17.53,17.36,17.42
2025-11-13 09:00:00,17.43,17.45,17.23,17.25
2025-11-13 10:00:00,17.25,17.4,17.22,17.24
2025-11-13 11:00:00,17.24,17.33,17.24,17.27
2025-11-13 12:00:00,17.27,17.4,17.22,17.39
2025-11-13 13:00:00,17.39,17.43,17.13,17.17
2025-11-13 14:00:00,17.17,17.38,16.91,17.25
2025-11-13 15:00:00,17.24,17.31,16.88,16.96
2025-11-13 16:00:00,16.96,17.04,16.69,16.72
2025-11-13 17:00:00,16.72,16.75,16.36,16.38
2025-11-13 18:00:00,16.38,16.42,16.1,16.19
2025-11-13 19:00:00,16.19,16.28,15.92,15.99
2025-11-13 20:00:00,15.98,16.04,15.81,15.88
2025-11-13 21:00:00,15.88,15.97,15.76,15.91
2025-11-13 22:00:00,15.9,16.16,15.85,16.12
2025-11-13 23:00:00,16.12,16.33,16.06,16.1
2025-11-14 00:00:00,16.1,16.18,15.89,15.94
2025-11-14 01:00:00,15.94,16.08,15.89,15.95
2025-11-14 02:00:00,15.96,16.08,15.94,16.01
2025-11-14 03:00:00,16.02,16.03,15.88,15.93
2025-11-14 04:00:00,15.92,15.93,15.36,15.7
2025-11-14 05:00:00,15.7,15.94,15.69,15.87
2025-11-14 06:00:00,15.88,16.05,15.63,16.05
2025-11-14 07:00:00,16.04,16.08,15.9,15.92
2025-11-14 08:00:00,15.93,15.94,15.72,15.77
2025-11-14 09:00:00,15.77,15.82,15.51,15.53
2025-11-14 10:00:00,15.53,15.68,15.51,15.56
2025-11-14 11:00:00,15.56,15.57,15.31,15.39
2025-11-14 12:00:00,15.39,15.44,15.08,15.43
2025-11-14 13:00:00,15.42,15.53,15.18,15.33
2025-11-14 14:00:00,15.33,15.57,15.15,15.41
2025-11-14 15:00:00,15.41,15.67,15.23,15.51
2025-11-14 16:00:00,15.52,15.7,15.41,15.66
2025-11-14 17:00:00,15.67,15.73,15.32,15.39
2025-11-14 18:00:00,15.39,15.56,15.34,15.41
2025-11-14 19:00:00,15.41,15.71,15.39,15.66
2025-11-14 20:00:00,15.66,15.66,15.14,15.26
2025-11-14 21:00:00,15.25,15.45,15.18,15.35
2025-11-14 22:00:00,15.34,15.42,15.18,15.29
2025-11-14 23:00:00,15.28,15.29,14.84,15.13
2025-11-15 00:00:00,15.13,15.34,15.11,15.34
2025-11-15 01:00:00,15.33,15.51,15.27,15.47
2025-11-15 02:00:00,15.47,15.6,15.43,15.6
2025-11-15 03:00:00,15.6,15.61,15.53,15.6
2025-11-15 04:00:00,15.6,15.67,15.52,15.55
2025-11-15 05:00:00,15.54,15.68,15.52,15.65
2025-11-15 06:00:00,15.65,15.73,15.62,15.64
2025-11-15 07:00:00,15.64,15.68,15.59,15.63
2025-11-15 08:00:00,15.64,15.64,15.33,15.38
2025-11-15 09:00:00,15.38,15.51,15.35,15.41
2025-11-15 10:00:00,15.41,15.54,15.36,15.5
2025-11-15 11:00:00,15.51,15.55,15.41,15.46
2025-11-15 12:00:00,15.45,15.62,15.42,15.59
2025-11-15 13:00:00,15.59,15.67,15.54,15.6
2025-11-15 14:00:00,15.6,15.62,15.54,15.6
2025-11-15 15:00:00,15.61,15.69,15.57,15.62
2025-11-15 16:00:00,15.62,15.62,15.49,15.59
2025-11-15 17:00:00,15.58,15.76,15.53,15.75
2025-11-15 18:00:00,15.75,15.79,15.66,15.69
2025-11-15 19:00:00,15.68,15.75,15.63,15.69
2025-11-15 20:00:00,15.7,15.72,15.53,15.55
2025-11-15 21:00:00,15.55,15.64,15.45,15.49
2025-11-15 22:00:00,15.49,15.61,15.46,15.6
2025-11-15 23:00:00,15.61,15.62,15.52,15.53
2025-11-16 00:00:00,15.52,15.55,15.38,15.47
2025-11-16 01:00:00,15.46,15.5,15.27,15.44
2025-11-16 02:00:00,15.44,15.67,15.39,15.66
2025-11-16 03:00:00,15.67,15.72,15.62,15.7
2025-11-16 04:00:00,15.69,15.71,15.58,15.64
2025-11-16 05:00:00,15.64,15.78,15.64,15.66
2025-11-16 06:00:00,15.67,15.71,15.61,15.62
2025-11-16 07:00:00,15.62,15.75,15.61,15.75
2025-11-16 08:00:00,15.75,15.76,15.63,15.69
2025-11-16 09:00:00,15.7,15.84,15.63,15.84
2025-11-16 10:00:00,15.84,15.86,15.79,15.8
2025-11-16 11:00:00,15.8,15.81,15.42,15.44
2025-11-16 12:00:00,15.45,15.57,15.41,15.5
2025-11-16 13:00:00,15.49,15.52,15.26,15.29
2025-11-16 14:00:00,15.3,15.47,15.24,15.44
2025-11-16 15:00:00,15.45,15.45,15.06,15.09
2025-11-16 16:00:00,15.08,15.2,14.84,14.88
2025-11-16 17:00:00,14.88,14.92,14.62,14.79
2025-11-16 18:00:00,14.78,15.12,14.72,14.81
2025-11-16 19:00:00,14.8,15.04,14.78,14.95
2025-11-16 20:00:00,14.95,15.08,14.91,14.92
2025-11-16 21:00:00,14.92,14.93,14.75,14.89
2025-11-16 22:00:00,14.89,15.06,14.77,15.01
2025-11-16 23:00:00,15.02,15.26,14.72,15.15
2025-11-17 00:00:00,15.14,15.34,14.97,15.26
2025-11-17 01:00:00,15.26,15.28,15.09,15.1
2025-11-17 02:00:00,15.11,15.52,15.07,15.5
2025-11-17 03:00:00,15.51,15.69,15.47,15.54
2025-11-17 04:00:00,15.55,15.69,15.55,15.56
2025-11-17 05:00:00,15.57,15.62,15.51,15.59
2025-11-17 06:00:00,15.6,15.75,15.56,15.74
2025-11-17 07:00:00,15.74,15.78,15.62,15.63
2025-11-17 08:00:00,15.64,15.67,15.59,15.64
2025-11-17 09:00:00,15.63,15.72,15.59,15.66
2025-11-17 10:00:00,15.65,15.72,15.63,15.65
2025-11-17 11:00:00,15.66,15.72,15.6,15.61
2025-11-17 12:00:00,15.62,15.65,15.54,15.64
2025-11-17 13:00:00,15.63,15.66,15.11,15.2
2025-11-17 14:00:00,15.2,15.85,15.13,15.53
2025-11-17 15:00:00,15.54,15.65,15.18,15.25
2025-11-17 16:00:00,15.25,15.33,14.95,15.32
2025-11-17 17:00:00,15.32,15.37,14.73,14.76
2025-11-17 18:00:00,14.75,14.87,14.49,14.59
2025-11-17 19:00:00,14.59,14.65,14.3,14.38
2025-11-17 20:00:00,14.37,14.49,14.26,14.38
2025-11-17 21:00:00,14.38,14.48,14.3,14.45
2025-11-17 22:00:00,14.45,14.72,14.39,14.55
2025-11-17 23:00:00,14.56,14.59,14.46,14.53
2025-11-18 00:00:00,14.53,14.57,14.22,14.45
2025-11-18 01:00:00,14.45,14.46,14.15,14.17
2025-11-18 02:00:00,14.17,14.43,14.05,14.16
2025-11-18 03:00:00,14.15,14.53,14.03,14.48
2025-11-18 04:00:00,14.49,14.63,14.35,14.62
2025-11-18 05:00:00,14.61,14.69,14.5,14.52
2025-11-18 06:00:00,14.52,14.56,14.38,14.39
2025-11-18 07:00:00,14.39,14.6,14.33,14.54
2025-11-18 08:00:00,14.54,14.73,14.54,14.63
2025-11-18 09:00:00,14.63,14.67,14.55,14.64
2025-11-18 10:00:00,14.64,14.64,14.53,14.63
2025-11-18 11:00:00,14.62,14.65,14.54,14.59
2025-11-18 12:00:00,14.59,14.68,14.49,14.62
2025-11-18 13:00:00,14.61,14.61,14.43,14.53
2025-11-18 14:00:00,14.54,14.71,14.43,14.44
2025-11-18 15:00:00,14.44,14.82,14.36,14.73
2025-11-18 16:00:00,14.74,14.93,14.68,14.83
2025-11-18 17:00:00,14.83,14.84,14.68,14.72
2025-11-18 18:00:00,14.72,14.85,14.7,14.8
2025-11-18 19:00:00,14.79,14.84,14.69,14.74
2025-11-18 20:00:00,14.74,14.79,14.69,14.7
2025-11-18 21:00:00,14.7,14.7,14.5,14.51
2025-11-18 22:00:00,14.5,14.7,14.5,14.67
2025-11-18 23:00:00,14.67,14.67,14.55,14.58
2025-11-19 00:00:00,14.59,14.62,14.39,14.58
2025-11-19 01:00:00,14.58,14.66,14.49,14.55
2025-11-19 02:00:00,14.55,14.7,14.51,14.64
2025-11-19 03:00:00,14.63,14.66,14.41,14.43
2025-11-19 04:00:00,14.44,14.47,14.31,14.33
2025-11-19 05:00:00,14.33,14.35,13.95,14.04
2025-11-19 06:00:00,14.05,14.22,14,14.2
2025-11-19 07:00:00,14.19,14.4,14.17,14.36
2025-11-19 08:00:00,14.36,14.48,14.32,14.39
2025-11-19 09:00:00,14.38,14.39,14.25,14.34
2025-11-19 10:00:00,14.34,14.6,14.32,14.44
2025-11-19 11:00:00,14.44,14.53,14.42,14.45
2025-11-19 12:00:00,14.45,14.59,14.43,14.56
2025-11-19 13:00:00,14.57,14.58,14.3,14.31
2025-11-19 14:00:00,14.31,14.37,14.08,14.29
2025-11-19 15:00:00,14.3,14.53,14.03,14.07
2025-11-19 16:00:00,14.06,14.15,13.88,13.92
2025-11-19 17:00:00,13.92,13.99,13.76,13.94
2025-11-19 18:00:00,13.93,13.99,13.71,13.85
2025-11-19 19:00:00,13.86,13.9,13.75,13.78
2025-11-19 20:00:00,13.78,14.09,13.74,14.05
2025-11-19 21:00:00,14.04,14.31,14.01,14.26
2025-11-19 22:00:00,14.26,14.27,14.15,14.23
2025-11-19 23:00:00,14.23,14.34,14.22,14.28
2025-11-20 00:00:00,14.28,14.33,14.22,14.26
2025-11-20 01:00:00,14.26,14.35,14.25,14.33
2025-11-20 02:00:00,14.33,14.4,14.3,14.35
2025-11-20 03:00:00,14.36,14.38,14.32,14.34
2025-11-20 04:00:00,14.34,14.43,14.3,14.43
2025-11-20 05:00:00,14.43,14.45,14.28,14.3
2025-11-20 06:00:00,14.3,14.32,14.23,14.27
2025-11-20 07:00:00,14.27,14.38,14.25,14.37
2025-11-20 08:00:00,14.36,14.38,14.32,14.35
2025-11-20 09:00:00,14.34,14.35,14.24,14.27
2025-11-20 10:00:00,14.28,14.32,14.22,14.29
2025-11-20 11:00:00,14.29,14.41,14.26,14.41
2025-11-20 12:00:00,14.41,14.46,14.33,14.43
2025-11-20 13:00:00,14.43,14.53,14.38,14.39
2025-11-20 14:00:00,14.4,14.48,14.27,14.44
2025-11-20 15:00:00,14.44,14.44,14.2,14.23
2025-11-20 16:00:00,14.23,14.24,13.64,13.71
2025-11-20 17:00:00,13.7,13.84,13.5,13.74
2025-11-20 18:00:00,13.74,13.88,13.59,13.62
2025-11-20 19:00:00,13.61,13.79,13.51,13.77
2025-11-20 20:00:00,13.77,13.9,13.64,13.78
2025-11-20 21:00:00,13.79,13.95,13.75,13.89
2025-11-20 22:00:00,13.88,13.98,13.86,13.94
2025-11-20 23:00:00,13.95,13.95,13.79,13.81
2025-11-21 00:00:00,13.81,13.97,13.8,13.93
2025-11-21 01:00:00,13.94,13.99,13.89,13.95
2025-11-21 02:00:00,13.94,13.98,13.68,13.71
2025-11-21 03:00:00,13.7,13.87,13.7,13.77
2025-11-21 04:00:00,13.77,13.79,13.57,13.72
2025-11-21 05:00:00,13.73,13.79,13.66,13.68
2025-11-21 06:00:00,13.68,13.77,13.61,13.7
2025-11-21 07:00:00,13.7,13.75,12.75,13.19
2025-11-21 08:00:00,13.19,13.41,13.09,13.33
2025-11-21 09:00:00,13.33,13.43,12.98,13
2025-11-21 10:00:00,13.01,13.11,12.94,12.98
2025-11-21 11:00:00,12.98,13.13,12.86,12.92
2025-11-21 12:00:00,12.93,13.21,12.64,13.12
2025-11-21 13:00:00,13.13,13.24,13.06,13.14
2025-11-21 14:00:00,13.14,13.32,13.04,13.22
2025-11-21 15:00:00,13.22,13.24,12.95,13
2025-11-21 16:00:00,13,13.32,12.84,13.29
2025-11-21 17:00:00,13.29,13.46,13.25,13.32
2025-11-21 18:00:00,13.32,13.39,13.21,13.32
2025-11-21 19:00:00,13.32,13.35,13.25,13.29
2025-11-21 20:00:00,13.29,13.32,13.22,13.29
2025-11-21 21:00:00,13.28,13.37,13.26,13.33
2025-11-21 22:00:00,13.33,13.36,13.18,13.22
2025-11-21 23:00:00,13.22,13.34,13.2,13.28
2025-11-22 00:00:00,13.29,13.32,13.25,13.28
2025-11-22 01:00:00,13.29,13.32,13.25,13.3
2025-11-22 02:00:00,13.3,13.3,13.25,13.29
2025-11-22 03:00:00,13.29,13.3,13.25,13.28
2025-11-22 04:00:00,13.28,13.3,13.22,13.29
2025-11-22 05:00:00,13.29,13.31,13.22,13.26
2025-11-22 06:00:00,13.27,13.33,13.25,13.31
2025-11-22 07:00:00,13.31,13.32,13.26,13.29
2025-11-22 08:00:00,13.29,13.3,13.16,13.28
2025-11-22 09:00:00,13.27,13.34,13.24,13.27
2025-11-22 10:00:00,13.27,13.3,13.23,13.27
2025-11-22 11:00:00,13.27,13.32,13.24,13.28
2025-11-22 12:00:00,13.27,13.27,13.14,13.16
2025-11-22 13:00:00,13.16,13.17,13.03,13.12
2025-11-22 14:00:00,13.12,13.28,13.11,13.24
2025-11-22 15:00:00,13.23,13.26,13.11,13.19
2025-11-22 16:00:00,13.18,13.28,13.17,13.25
2025-11-22 17:00:00,13.26,13.26,13.22,13.25
2025-11-22 18:00:00,13.24,13.27,13.22,13.25
2025-11-22 19:00:00,13.24,13.27,13.21,13.23
2025-11-22 20:00:00,13.24,13.27,13.19,13.23
2025-11-22 21:00:00,13.23,13.26,13.21,13.25
2025-11-22 22:00:00,13.26,13.39,13.2,13.31
2025-11-22 23:00:00,13.31,13.32,13.2,13.23
2025-11-23 00:00:00,13.24,13.27,13.21,13.24
2025-11-23 01:00:00,13.24,13.33,13.23,13.29
2025-11-23 02:00:00,13.29,13.39,13.27,13.34
2025-11-23 03:00:00,13.35,13.36,13.29,13.35
2025-11-23 04:00:00,13.35,13.44,13.35,13.36
2025-11-23 05:00:00,13.37,13.37,13.31,13.37
2025-11-23 06:00:00,13.37,13.39,13.33,13.34
2025-11-23 07:00:00,13.33,13.34,13.23,13.29
2025-11-23 08:00:00,13.3,13.34,13.27,13.33
2025-11-23 09:00:00,13.33,13.38,13.32,13.32
2025-11-23 10:00:00,13.32,13.33,13.27,13.29
2025-11-23 11:00:00,13.3,13.32,13.23,13.3
2025-11-23 12:00:00,13.29,13.39,13.29,13.33
2025-11-23 13:00:00,13.32,13.37,13.3,13.36
2025-11-23 14:00:00,13.37,13.43,13.27,13.29
2025-11-23 15:00:00,13.29,13.43,13.27,13.41
2025-11-23 16:00:00,13.42,13.44,13.31,13.32
2025-11-23 17:00:00,13.33,13.35,13.27,13.29
2025-11-23 18:00:00,13.29,13.39,13.29,13.35
2025-11-23 19:00:00,13.34,13.42,13.33,13.38
2025-11-23 20:00:00,13.37,13.41,13.36,13.39
2025-11-23 21:00:00,13.38,13.46,13.34,13.46
2025-11-23 22:00:00,13.46,13.47,13.37,13.4
2025-11-23 23:00:00,13.41,13.43,13.27,13.27
2025-11-24 00:00:00,13.28,13.29,13.16,13.23
2025-11-24 01:00:00,13.23,13.3,13.18,13.3
2025-11-24 02:00:00,13.3,13.5,13.28,13.4
2025-11-24 03:00:00,13.41,13.49,13.37,13.45
2025-11-24 04:00:00,13.46,13.48,13.29,13.34
2025-11-24 05:00:00,13.34,13.59,13.32,13.5
2025-11-24 06:00:00,13.51,13.52,13.39,13.5
2025-11-24 07:00:00,13.49,13.51,13.42,13.44
2025-11-24 08:00:00,13.44,13.47,13.4,13.44
2025-11-24 09:00:00,13.45,13.45,13.27,13.31
2025-11-24 10:00:00,13.31,13.38,13.28,13.32
2025-11-24 11:00:00,13.32,13.42,13.29,13.39
2025-11-24 12:00:00,13.4,13.4,13.3,13.32
2025-11-24 13:00:00,13.33,13.44,13.31,13.39
2025-11-24 14:00:00,13.39,13.51,13.26,13.43
2025-11-24 15:00:00,13.44,13.58,13.37,13.51
2025-11-24 16:00:00,13.51,13.65,13.5,13.59
2025-11-24 17:00:00,13.59,13.91,13.56,13.9
2025-11-24 18:00:00,13.9,13.96,13.84,13.93
2025-11-24 19:00:00,13.93,14,13.88,13.92
2025-11-24 20:00:00,13.92,14.05,13.9,14
2025-11-24 21:00:00,14,14.01,13.89,13.91
2025-11-24 22:00:00,13.91,13.97,13.86,13.93
2025-11-24 23:00:00,13.92,13.94,13.89,13.89
2025-11-25 00:00:00,13.89,13.95,13.87,13.9
2025-11-25 01:00:00,13.91,13.94,13.87,13.88
2025-11-25 02:00:00,13.87,13.95,13.84,13.93
2025-11-25 03:00:00,13.93,13.95,13.87,13.9
2025-11-25 04:00:00,13.91,13.95,13.87,13.93
2025-11-25 05:00:00,13.92,13.94,13.88,13.92
2025-11-25 06:00:00,13.92,13.95,13.82,13.93
2025-11-25 07:00:00,13.94,13.95,13.86,13.88
2025-11-25 08:00:00,13.89,13.94,13.85,13.88
2025-11-25 09:00:00,13.87,13.94,13.78,13.93
2025-11-25 10:00:00,13.92,13.94,13.87,13.92
2025-11-25 11:00:00,13.93,13.93,13.87,13.9
2025-11-25 12:00:00,13.91,13.95,13.89,13.92
2025-11-25 13:00:00,13.93,13.94,13.86,13.89
2025-11-25 14:00:00,13.9,13.95,13.7,13.82
2025-11-25 15:00:00,13.82,13.95,13.71,13.92
2025-11-25 16:00:00,13.91,14,13.89,13.94
2025-11-25 17:00:00,13.95,13.99,13.91,13.93
2025-11-25 18:00:00,13.93,13.97,13.92,13.93
2025-11-25 19:00:00,13.94,14,13.89,14
2025-11-25 20:00:00,14,14.11,13.97,14.08
2025-11-25 21:00:00,14.08,14.14,14.02,14.04
2025-11-25 22:00:00,14.04,14.15,13.98,14.13
2025-11-25 23:00:00,14.13,14.38,14.11,14.18
2025-11-26 00:00:00,14.18,14.31,14.18,14.3
2025-11-26 01:00:00,14.3,14.34,14.16,14.22
2025-11-26 02:00:00,14.23,14.25,14.13,14.13
2025-11-26 03:00:00,14.14,14.16,14.02,14.04
2025-11-26 04:00:00,14.03,14.06,14.01,14.01
2025-11-26 05:00:00,14.01,14.07,14,14.03
2025-11-26 06:00:00,14.02,14.09,14.01,14.07
2025-11-26 07:00:00,14.06,14.1,14.02,14.09
2025-11-26 08:00:00,14.09,14.09,13.99,14.01
2025-11-26 09:00:00,14.01,14.03,13.97,14
2025-11-26 10:00:00,14.01,14.04,13.99,14.03
2025-11-26 11:00:00,14.03,14.07,13.99,14.01
2025-11-26 12:00:00,14.01,14.02,13.91,13.94
2025-11-26 13:00:00,13.93,14,13.93,13.98
2025-11-26 14:00:00,13.97,14,13.91,13.94
2025-11-26 15:00:00,13.94,13.98,13.92,13.96
2025-11-26 16:00:00,13.96,14.14,13.95,14.1
2025-11-26 17:00:00,14.11,14.46,14.08,14.39
2025-11-26 18:00:00,14.4,14.59,14.39,14.58
2025-11-26 19:00:00,14.58,14.61,14.46,14.55
2025-11-26 20:00:00,14.55,14.68,14.5,14.66
2025-11-26 21:00:00,14.67,14.75,14.63,14.67
2025-11-26 22:00:00,14.66,14.74,14.63,14.71
2025-11-26 23:00:00,14.7,14.96,14.7,14.95
2025-11-27 00:00:00,14.96,15,14.89,14.94
2025-11-27 01:00:00,14.94,15.01,14.91,14.98
2025-11-27 02:00:00,14.98,15.01,14.91,14.92
2025-11-27 03:00:00,14.93,14.97,14.91,14.93
2025-11-27 04:00:00,14.93,14.96,14.91,14.92
2025-11-27 05:00:00,14.92,14.96,14.87,14.93
2025-11-27 06:00:00,14.94,14.98,14.91,14.93
2025-11-27 07:00:00,14.93,14.98,14.91,14.95
2025-11-27 08:00:00,14.95,14.97,14.87,14.95
2025-11-27 09:00:00,14.95,14.98,14.92,14.92
2025-11-27 10:00:00,14.92,14.97,14.91,14.96
2025-11-27 11:00:00,14.96,14.97,14.92,14.94
2025-11-27 12:00:00,14.94,14.96,14.91,14.94
2025-11-27 13:00:00,14.93,14.99,14.91,14.96
2025-11-27 14:00:00,14.96,14.97,14.91,14.94
2025-11-27 15:00:00,14.95,14.98,14.92,14.96
2025-11-27 16:00:00,14.97,15.16,14.94,15.12
2025-11-27 17:00:00,15.11,15.16,15.09,15.12
2025-11-27 18:00:00,15.11,15.17,15.08,15.16
2025-11-27 19:00:00,15.15,15.15,15,15.04
2025-11-27 20:00:00,15.03,15.06,15.01,15.04
2025-11-27 21:00:00,15.04,15.07,15.01,15.05
2025-11-27 22:00:00,15.04,15.06,14.97,15.04
2025-11-27 23:00:00,15.04,15.06,15,15.02
2025-11-28 00:00:00,15.02,15.06,15.01,15.03
2025-11-28 01:00:00,15.03,15.05,15,15.01
2025-11-28 02:00:00,15.01,15.07,15,15.05
2025-11-28 03:00:00,15.04,15.05,15.01,15.05
2025-11-28 04:00:00,15.05,15.06,15.01,15.01
2025-11-28 05:00:00,15.01,15.09,15,15.05
2025-11-28 06:00:00,15.04,15.06,15,15.04
2025-11-28 07:00:00,15.05,15.06,15,15.01
2025-11-28 08:00:00,15.01,15.13,15.01,15.08
2025-11-28 09:00:00,15.08,15.09,15.02,15.03
2025-11-28 10:00:00,15.03,15.05,15.01,15.05
2025-11-28 11:00:00,15.04,15.05,14.78,15.02
2025-11-28 12:00:00,15.02,15.06,15,15.01
2025-11-28 13:00:00,15.01,15.11,14.99,15.08
2025-11-28 14:00:00,15.08,15.18,15.05,15.12
2025-11-28 15:00:00,15.12,15.27,15.07,15.09
2025-11-28 16:00:00,15.1,15.1,14.82,14.84
2025-11-28 17:00:00,14.85,14.89,14.8,14.85
2025-11-28 18:00:00,14.86,14.9,14.82,14.86
2025-11-28 19:00:00,14.87,14.89,14.84,14.89
2025-11-28 20:00:00,14.89,14.89,14.83,14.87
2025-11-28 21:00:00,14.87,14.89,14.79,14.84
2025-11-28 22:00:00,14.84,14.9,14.82,14.85
2025-11-28 23:00:00,14.86,14.88,14.84,14.84
2025-11-29 00:00:00,14.85,14.88,14.84,14.88
2025-11-29 01:00:00,14.87,14.89,14.84,14.85
2025-11-29 02:00:00,14.85,14.88,14.82,14.88
2025-11-29 03:00:00,14.87,14.89,14.83,14.85
2025-11-29 04:00:00,14.85,14.91,14.84,14.89
2025-11-29 05:00:00,14.89,14.9,14.84,14.86
2025-11-29 06:00:00,14.86,14.88,14.78,14.79
2025-11-29 07:00:00,14.79,14.79,14.66,14.68
2025-11-29 08:00:00,14.68,14.73,14.64,14.72
2025-11-29 09:00:00,14.73,14.77,14.7,14.77
2025-11-29 10:00:00,14.76,14.86,14.72,14.84
2025-11-29 11:00:00,14.85,14.89,14.82,14.87
2025-11-29 12:00:00,14.88,14.89,14.84,14.85
2025-11-29 13:00:00,14.85,14.88,14.84,14.84
2025-11-29 14:00:00,14.85,14.85,14.74,14.75
2025-11-29 15:00:00,14.75,14.86,14.75,14.86
2025-11-29 16:00:00,14.85,14.86,14.78,14.81
2025-11-29 17:00:00,14.81,14.83,14.67,14.68
2025-11-29 18:00:00,14.68,14.68,14.45,14.52
2025-11-29 19:00:00,14.52,14.52,14.37,14.45
2025-11-29 20:00:00,14.45,14.45,14.26,14.36
2025-11-29 21:00:00,14.36,14.39,14.3,14.35
2025-11-29 22:00:00,14.35,14.4,14.28,14.38
2025-11-29 23:00:00,14.37,14.38,14.19,14.25
2025-11-30 00:00:00,14.25,14.28,14.2,14.21
2025-11-30 01:00:00,14.21,14.32,14.2,14.29
2025-11-30 02:00:00,14.28,14.34,14.22,14.24
2025-11-30 03:00:00,14.25,14.26,14.13,14.2
2025-11-30 04:00:00,14.21,14.22,14.13,14.16
2025-11-30 05:00:00,14.16,14.16,14.03,14.04
2025-11-30 06:00:00,14.04,14.09,13.98,14.09
2025-11-30 07:00:00,14.1,14.16,14.07,14.14
2025-11-30 08:00:00,14.15,14.2,14.04,14.17
2025-11-30 09:00:00,14.18,14.22,14.13,14.15
2025-11-30 10:00:00,14.14,14.15,14.08,14.09
2025-11-30 11:00:00,14.09,14.13,14.04,14.07
2025-11-30 12:00:00,14.07,14.22,14.05,14.19
2025-11-30 13:00:00,14.19,14.31,14.18,14.27
2025-11-30 14:00:00,14.28,14.28,14.1,14.16
2025-11-30 15:00:00,14.15,14.19,14.08,14.17
2025-11-30 16:00:00,14.17,14.28,14.16,14.27
2025-11-30 17:00:00,14.27,14.27,14.15,14.22
2025-11-30 18:00:00,14.22,14.22,13.83,13.96
2025-11-30 19:00:00,13.97,14.03,13.94,14
2025-11-30 20:00:00,14,14.04,13.95,13.98
2025-11-30 21:00:00,13.98,13.98,13.76,13.84
2025-11-30 22:00:00,13.84,13.94,13.83,13.93
2025-11-30 23:00:00,13.93,13.93,13.66,13.71
2025-12-01 00:00:00,13.72,13.74,13.1,13.11
2025-12-01 01:00:00,13.11,13.26,13.08,13.11
2025-12-01 02:00:00,13.12,13.2,13.09,13.14
2025-12-01 03:00:00,13.14,13.14,12.94,12.96
2025-12-01 04:00:00,12.96,12.99,12.87,12.93
2025-12-01 05:00:00,12.93,12.98,12.89,12.92
2025-12-01 06:00:00,12.92,13.03,12.9,12.95
2025-12-01 07:00:00,12.95,13.1,12.95,13.07
2025-12-01 08:00:00,13.07,13.09,13.01,13.07
2025-12-01 09:00:00,13.06,13.11,12.98,13.01
2025-12-01 10:00:00,13.02,13.03,12.97,12.98
2025-12-01 11:00:00,12.99,13.02,12.94,12.95
2025-12-01 12:00:00,12.95,12.95,12.77,12.91
2025-12-01 13:00:00,12.91,12.97,12.75,12.83
2025-12-01 14:00:00,12.83,12.96,12.8,12.88
2025-12-01 15:00:00,12.88,12.89,12.61,12.7
2025-12-01 16:00:00,12.7,12.73,12.54,12.62
2025-12-01 17:00:00,12.62,12.74,12.61,12.69
2025-12-01 18:00:00,12.69,12.78,12.62,12.71
2025-12-01 19:00:00,12.72,12.72,12.61,12.62
2025-12-01 20:00:00,12.61,12.77,12.59,12.65
2025-12-01 21:00:00,12.65,12.84,12.64,12.8
2025-12-01 22:00:00,12.8,12.86,12.74,12.79
2025-12-01 23:00:00,12.79,12.87,12.75,12.76
2025-12-02 00:00:00,12.76,12.8,12.71,12.79
2025-12-02 01:00:00,12.79,13.02,12.77,12.85
2025-12-02 02:00:00,12.84,12.96,12.83,12.92
2025-12-02 03:00:00,12.93,12.96,12.81,12.95
2025-12-02 04:00:00,12.95,13,12.9,12.91
2025-12-02 05:00:00,12.91,12.95,12.86,12.94
2025-12-02 06:00:00,12.94,13.02,12.91,13.01
2025-12-02 07:00:00,13.01,13.05,12.96,13.03
2025-12-02 08:00:00,13.03,13.09,12.9,12.94
2025-12-02 09:00:00,12.95,13.04,12.91,12.96
2025-12-02 10:00:00,12.96,13.13,12.96,13.1
2025-12-02 11:00:00,13.1,13.11,12.86,12.91
2025-12-02 12:00:00,12.91,12.95,12.84,12.91
2025-12-02 13:00:00,12.91,13.04,12.88,13.01
2025-12-02 14:00:00,13.01,13.27,13,13.26
2025-12-02 15:00:00,13.26,13.72,13.26,13.67
2025-12-02 16:00:00,13.67,13.74,13.55,13.59
2025-12-02 17:00:00,13.59,13.71,13.54,13.58
2025-12-02 18:00:00,13.58,13.71,13.58,13.66
2025-12-02 19:00:00,13.67,13.71,13.62,13.65
2025-12-02 20:00:00,13.65,13.7,13.56,13.65
2025-12-02 21:00:00,13.65,13.68,13.61,13.66
2025-12-02 22:00:00,13.66,13.76,13.65,13.73
2025-12-02 23:00:00,13.74,13.74,13.62,13.62
2025-12-03 00:00:00,13.63,13.69,13.58,13.66
2025-12-03 01:00:00,13.66,13.76,13.63,13.71
2025-12-03 02:00:00,13.71,13.85,13.7,13.8
2025-12-03 03:00:00,13.79,13.84,13.77,13.82
2025-12-03 04:00:00,13.81,13.94,13.79,13.92
2025-12-03 05:00:00,13.92,14.06,13.91,14.05
2025-12-03 06:00:00,14.05,14.35,14.05,14.11
2025-12-03 07:00:00,14.12,14.18,14.08,14.13
2025-12-03 08:00:00,14.13,14.19,14.05,14.15
2025-12-03 09:00:00,14.15,14.16,14.01,14.08
2025-12-03 10:00:00,14.08,14.13,14.04,14.04
2025-12-03 11:00:00,14.05,14.09,14.01,14.07
2025-12-03 12:00:00,14.07,14.12,14.04,14.11
2025-12-03 13:00:00,14.11,14.24,14.1,14.18
2025-12-03 14:00:00,14.19,14.3,13.87,14.11
2025-12-03 15:00:00,14.11,14.22,14.06,14.17
2025-12-03 16:00:00,14.17,14.34,14.07,14.27
2025-12-03 17:00:00,14.28,14.44,14.27,14.38
2025-12-03 18:00:00,14.39,14.5,14.34,14.37
2025-12-03 19:00:00,14.37,14.5,14.36,14.5
2025-12-03 20:00:00,14.5,14.53,14.41,14.45
2025-12-03 21:00:00,14.45,14.92,14.43,14.91
2025-12-03 22:00:00,14.9,15.09,14.74,14.85
2025-12-03 23:00:00,14.85,14.91,14.76,14.78
2025-12-04 00:00:00,14.78,14.88,14.73,14.82
2025-12-04 01:00:00,14.82,14.88,14.68,14.71
2025-12-04 02:00:00,14.7,14.78,14.7,14.74
2025-12-04 03:00:00,14.74,14.75,14.71,14.72
2025-12-04 04:00:00,14.72,14.75,14.7,14.73
2025-12-04 05:00:00,14.73,14.76,14.71,14.75
2025-12-04 06:00:00,14.75,14.76,14.71,14.71
2025-12-04 07:00:00,14.71,14.76,14.68,14.72
2025-12-04 08:00:00,14.72,14.76,14.71,14.72
2025-12-04 09:00:00,14.73,14.79,14.71,14.74
2025-12-04 10:00:00,14.74,14.77,14.71,14.74
2025-12-04 11:00:00,14.74,14.76,14.7,14.75
2025-12-04 12:00:00,14.75,14.76,14.7,14.74
2025-12-04 13:00:00,14.74,14.76,14.7,14.72
2025-12-04 14:00:00,14.72,14.77,14.64,14.67
2025-12-04 15:00:00,14.67,14.86,14.66,14.75
2025-12-04 16:00:00,14.75,14.77,14.7,14.72
2025-12-04 17:00:00,14.72,14.74,14.5,14.57
2025-12-04 18:00:00,14.57,14.58,14.47,14.49
2025-12-04 19:00:00,14.48,14.49,14.21,14.43
2025-12-04 20:00:00,14.42,14.5,14.35,14.48
2025-12-04 21:00:00,14.47,14.51,14.38,14.39
2025-12-04 22:00:00,14.39,14.47,14.38,14.45
2025-12-04 23:00:00,14.44,14.48,14.38,14.41
2025-12-05 00:00:00,14.4,14.48,14.39,14.46
2025-12-05 01:00:00,14.45,14.51,14.44,14.47
2025-12-05 02:00:00,14.47,14.52,14.44,14.49
2025-12-05 03:00:00,14.49,14.52,14.44,14.45
2025-12-05 04:00:00,14.45,14.48,14.36,14.41
2025-12-05 05:00:00,14.41,14.44,14.35,14.35
2025-12-05 06:00:00,14.36,14.41,14.32,14.37
2025-12-05 07:00:00,14.36,14.43,14.34,14.36
2025-12-05 08:00:00,14.36,14.36,14.16,14.21
2025-12-05 09:00:00,14.2,14.2,13.95,13.96
2025-12-05 10:00:00,13.96,14.03,13.94,13.96
2025-12-05 11:00:00,13.96,14,13.77,13.81
2025-12-05 12:00:00,13.8,13.8,13.66,13.76
2025-12-05 13:00:00,13.75,13.79,13.63,13.69
2025-12-05 14:00:00,13.7,13.73,13.58,13.63
2025-12-05 15:00:00,13.64,13.88,13.64,13.68
2025-12-05 16:00:00,13.68,13.68,13.3,13.45
2025-12-05 17:00:00,13.44,13.49,13.3,13.42
2025-12-05 18:00:00,13.41,13.52,13.26,13.26
2025-12-05 19:00:00,13.26,13.46,13.2,13.42
2025-12-05 20:00:00,13.42,13.43,13.3,13.34
2025-12-05 21:00:00,13.34,13.39,13.27,13.28
2025-12-05 22:00:00,13.29,13.32,13.19,13.24
2025-12-05 23:00:00,13.24,13.25,13.09,13.21
2025-12-06 00:00:00,13.21,13.27,13.14,13.27
2025-12-06 01:00:00,13.26,13.39,13.26,13.39
2025-12-06 02:00:00,13.38,13.39,13.25,13.31
2025-12-06 03:00:00,13.31,13.37,13.3,13.32
2025-12-06 04:00:00,13.32,13.33,13.26,13.29
2025-12-06 05:00:00,13.29,13.33,13.28,13.31
2025-12-06 06:00:00,13.3,13.31,13.23,13.25
2025-12-06 07:00:00,13.26,13.28,13.21,13.23
2025-12-06 08:00:00,13.23,13.24,13.16,13.18
2025-12-06 09:00:00,13.17,13.29,13.17,13.28
2025-12-06 10:00:00,13.28,13.32,13.2,13.2
2025-12-06 11:00:00,13.2,13.24,13.18,13.23
2025-12-06 12:00:00,13.22,13.24,13.19,13.19
2025-12-06 13:00:00,13.19,13.23,13.16,13.21
2025-12-06 14:00:00,13.2,13.33,13.17,13.31
2025-12-06 15:00:00,13.31,13.35,13.21,13.32
2025-12-06 16:00:00,13.31,13.44,13.3,13.36
2025-12-06 17:00:00,13.37,13.44,13.32,13.38
2025-12-06 18:00:00,13.38,13.49,13.35,13.43
2025-12-06 19:00:00,13.43,13.46,13.27,13.31
2025-12-06 20:00:00,13.31,13.4,13.29,13.38
2025-12-06 21:00:00,13.38,13.47,13.35,13.43
2025-12-06 22:00:00,13.42,13.45,13.36,13.39
2025-12-06 23:00:00,13.39,13.42,13.31,13.4
2025-12-07 00:00:00,13.41,13.52,13.4,13.47
2025-12-07 01:00:00,13.47,13.51,13.45,13.45
2025-12-07 02:00:00,13.45,13.55,13.45,13.54
2025-12-07 03:00:00,13.55,13.55,13.44,13.49
2025-12-07 04:00:00,13.5,13.52,13.4,13.41
2025-12-07 05:00:00,13.41,13.49,13.39,13.47
2025-12-07 06:00:00,13.47,13.51,13.45,13.49
2025-12-07 07:00:00,13.49,13.5,13.37,13.4
2025-12-07 08:00:00,13.4,13.43,13.35,13.39
2025-12-07 09:00:00,13.39,13.41,13.32,13.34
2025-12-07 10:00:00,13.34,13.41,13.31,13.35
2025-12-07 11:00:00,13.36,13.37,13.33,13.34
2025-12-07 12:00:00,13.34,13.44,13.33,13.43
2025-12-07 13:00:00,13.42,13.44,13.3,13.33
2025-12-07 14:00:00,13.33,13.34,12.96,13.02
2025-12-07 15:00:00,13.01,13.43,12.99,13.43
2025-12-07 16:00:00,13.42,13.45,13.3,13.45
2025-12-07 17:00:00,13.44,13.71,13.35,13.66
2025-12-07 18:00:00,13.67,13.85,13.67,13.77
2025-12-07 19:00:00,13.78,13.8,13.71,13.76
2025-12-07 20:00:00,13.76,13.82,13.73,13.81
2025-12-07 21:00:00,13.8,13.8,13.47,13.52
2025-12-07 22:00:00,13.53,13.53,13.27,13.38
2025-12-07 23:00:00,13.38,13.51,13.32,13.49
2025-12-08 00:00:00,13.49,13.49,13.38,13.39
2025-12-08 01:00:00,13.39,13.67,13.38,13.53
2025-12-08 02:00:00,13.53,13.58,13.49,13.57
2025-12-08 03:00:00,13.58,13.61,13.52,13.55
2025-12-08 04:00:00,13.55,13.68,13.54,13.65
2025-12-08 05:00:00,13.65,13.72,13.58,13.7
2025-12-08 06:00:00,13.71,13.73,13.68,13.69
2025-12-08 07:00:00,13.68,13.72,13.64,13.68
2025-12-08 08:00:00,13.69,13.76,13.66,13.75
2025-12-08 09:00:00,13.75,13.91,13.74,13.78
2025-12-08 10:00:00,13.78,13.83,13.76,13.82
2025-12-08 11:00:00,13.82,13.83,13.7,13.74
2025-12-08 12:00:00,13.75,13.75,13.68,13.74
2025-12-08 13:00:00,13.74,13.82,13.7,13.73
2025-12-08 14:00:00,13.74,13.82,13.64,13.71
2025-12-08 15:00:00,13.71,13.75,13.52,13.59
2025-12-08 16:00:00,13.58,13.71,13.52,13.63
2025-12-08 17:00:00,13.63,13.72,13.56,13.68
2025-12-08 18:00:00,13.68,13.72,13.48,13.54
2025-12-08 19:00:00,13.54,13.62,13.52,13.55
2025-12-08 20:00:00,13.55,13.66,13.53,13.63
2025-12-08 21:00:00,13.63,13.75,13.6,13.73
2025-12-08 22:00:00,13.73,13.75,13.63,13.68
2025-12-08 23:00:00,13.68,13.7,13.6,13.64
2025-12-09 00:00:00,13.64,13.73,13.6,13.62
2025-12-09 01:00:00,13.62,13.63,13.53,13.56
2025-12-09 02:00:00,13.56,13.64,13.56,13.59
2025-12-09 03:00:00,13.59,13.74,13.53,13.72
2025-12-09 04:00:00,13.73,13.77,13.64,13.66
2025-12-09 05:00:00,13.66,13.69,13.57,13.58
2025-12-09 06:00:00,13.58,13.63,13.54,13.62
2025-12-09 07:00:00,13.62,13.73,13.61,13.73
2025-12-09 08:00:00,13.73,13.77,13.68,13.69
2025-12-09 09:00:00,13.7,13.7,13.57,13.58
2025-12-09 10:00:00,13.58,13.63,13.52,13.57
2025-12-09 11:00:00,13.57,13.61,13.5,13.59
2025-12-09 12:00:00,13.6,13.69,13.57,13.66
2025-12-09 13:00:00,13.66,13.72,13.59,13.63
2025-12-09 14:00:00,13.64,13.69,13.55,13.62
2025-12-09 15:00:00,13.62,14.18,13.6,14.14
2025-12-09 17:00:00,14.63,14.73,14.52,14.59
2025-12-09 18:00:00,14.59,14.67,14.55,14.63
2025-12-09 19:00:00,14.63,14.65,14.56,14.62
2025-12-09 20:00:00,14.62,14.65,14.56,14.61
2025-12-09 21:00:00,14.6,14.64,14.48,14.6
2025-12-09 22:00:00,14.61,14.67,14.57,14.61
2025-12-09 23:00:00,14.6,14.64,14.58,14.6
2025-12-10 00:00:00,14.61,14.65,14.56,14.58
2025-12-10 01:00:00,14.58,14.62,14.56,14.62
2025-12-10 02:00:00,14.61,14.63,14.57,14.62
2025-12-10 03:00:00,14.62,14.63,14.58,14.61
2025-12-10 04:00:00,14.61,14.63,14.59,14.59
2025-12-10 05:00:00,14.59,14.61,14.56,14.58
2025-12-10 06:00:00,14.59,14.62,14.56,14.6
2025-12-10 07:00:00,14.6,14.62,14.56,14.61
2025-12-10 08:00:00,14.61,14.64,14.57,14.58
2025-12-10 09:00:00,14.59,14.64,14.57,14.63
2025-12-10 10:00:00,14.63,14.68,14.34,14.35
2025-12-10 11:00:00,14.35,14.36,14.17,14.26
2025-12-10 12:00:00,14.26,14.29,14.15,14.23
2025-12-10 13:00:00,14.23,14.33,14.22,14.3
2025-12-10 14:00:00,14.31,14.31,14.17,14.23
2025-12-10 15:00:00,14.22,14.32,14.2,14.24
2025-12-10 16:00:00,14.24,14.37,14.2,14.31
2025-12-10 17:00:00,14.3,14.39,14.27,14.34
2025-12-10 18:00:00,14.35,14.6,14.31,14.47
2025-12-10 19:00:00,14.47,14.67,14.32,14.55
2025-12-10 20:00:00,14.56,14.83,14.41,14.42
2025-12-10 21:00:00,14.43,14.47,14.26,14.28
2025-12-10 22:00:00,14.27,14.33,14.09,14.26
2025-12-10 23:00:00,14.26,14.29,14.1,14.11
2025-12-11 00:00:00,14.11,14.11,13.77,13.81
2025-12-11 01:00:00,13.81,13.81,13.59,13.6
2025-12-11 02:00:00,13.6,13.6,13.41,13.44
2025-12-11 03:00:00,13.43,13.43,13.27,13.31
2025-12-11 04:00:00,13.3,13.43,13.24,13.41
2025-12-11 05:00:00,13.4,13.45,13.38,13.43
2025-12-11 06:00:00,13.43,13.49,13.36,13.46
2025-12-11 07:00:00,13.45,13.45,13.36,13.4
2025-12-11 08:00:00,13.39,13.39,13.3,13.37
2025-12-11 09:00:00,13.36,13.43,13.35,13.36
2025-12-11 10:00:00,13.37,13.38,13.26,13.29
2025-12-11 11:00:00,13.29,13.34,13.25,13.33
2025-12-11 12:00:00,13.32,13.37,13.28,13.29
2025-12-11 13:00:00,13.29,13.36,13.27,13.35
2025-12-11 14:00:00,13.35,13.35,13.06,13.12
2025-12-11 15:00:00,13.11,13.22,12.93,13.01
2025-12-11 16:00:00,13,13.14,12.89,13.04
2025-12-11 17:00:00,13.04,13.17,13.01,13.07
2025-12-11 18:00:00,13.08,13.33,13.04,13.22
2025-12-11 19:00:00,13.22,13.39,13.2,13.25
2025-12-11 20:00:00,13.25,13.37,13.23,13.36
2025-12-11 21:00:00,13.37,13.61,13.34,13.52
2025-12-11 22:00:00,13.52,13.57,13.38,13.43
2025-12-11 23:00:00,13.43,13.48,13.38,13.42
2025-12-12 00:00:00,13.42,13.54,13.32,13.34
2025-12-12 01:00:00,13.35,13.57,13.35,13.55
2025-12-12 02:00:00,13.54,13.72,13.52,13.69
2025-12-12 03:00:00,13.7,13.74,13.6,13.61
2025-12-12 04:00:00,13.6,13.61,13.55,13.6
2025-12-12 05:00:00,13.6,13.71,13.55,13.69
2025-12-12 06:00:00,13.69,13.79,13.69,13.75
2025-12-12 07:00:00,13.74,13.78,13.65,13.66
2025-12-12 08:00:00,13.66,13.66,13.51,13.54
2025-12-12 09:00:00,13.54,13.64,13.49,13.64
2025-12-12 10:00:00,13.63,13.68,13.58,13.6
2025-12-12 11:00:00,13.59,13.6,13.52,13.56
2025-12-12 12:00:00,13.56,13.61,13.5,13.59
2025-12-12 13:00:00,13.58,13.65,13.57,13.62
2025-12-12 14:00:00,13.62,13.63,13.45,13.52
2025-12-12 15:00:00,13.51,13.51,12.81,12.91
2025-12-12 16:00:00,12.9,12.99,12.81,12.93
2025-12-12 17:00:00,12.93,13.1,12.92,12.99
2025-12-12 18:00:00,12.99,13.21,12.98,13.12
2025-12-12 19:00:00,13.12,13.15,13.03,13.07
2025-12-12 20:00:00,13.08,13.1,13.03,13.08
2025-12-12 21:00:00,13.08,13.13,13.06,13.08
2025-12-12 22:00:00,13.07,13.15,13.06,13.11
2025-12-12 23:00:00,13.12,13.17,13.1,13.1
2025-12-13 00:00:00,13.11,13.19,13.1,13.11
2025-12-13 01:00:00,13.12,13.15,13.09,13.13
2025-12-13 02:00:00,13.14,13.2,13.13,13.18
2025-12-13 03:00:00,13.18,13.25,13.18,13.22
2025-12-13 04:00:00,13.22,13.26,13.19,13.23
2025-12-13 05:00:00,13.24,13.31,13.23,13.3
2025-12-13 06:00:00,13.3,13.46,13.27,13.35
2025-12-13 07:00:00,13.35,13.36,13.3,13.33
2025-12-13 08:00:00,13.34,13.46,13.34,13.4
2025-12-13 09:00:00,13.39,13.43,13.37,13.38
2025-12-13 10:00:00,13.38,13.47,13.35,13.45
2025-12-13 11:00:00,13.45,13.45,13.37,13.38
2025-12-13 12:00:00,13.38,13.41,13.24,13.26
2025-12-13 13:00:00,13.27,13.31,13.23,13.29
2025-12-13 14:00:00,13.29,13.32,13.22,13.3
2025-12-13 15:00:00,13.3,13.4,13.29,13.36
2025-12-13 16:00:00,13.36,13.42,13.33,13.38
2025-12-13 17:00:00,13.37,13.38,13.32,13.36
2025-12-13 18:00:00,13.36,13.41,13.34,13.38
2025-12-13 19:00:00,13.37,13.41,13.35,13.38
2025-12-13 20:00:00,13.39,13.4,13.32,13.33
2025-12-13 21:00:00,13.34,13.34,13.24,13.32
2025-12-13 22:00:00,13.33,13.34,13.25,13.32
2025-12-13 23:00:00,13.32,13.39,13.3,13.37
2025-12-14 00:00:00,13.37,13.39,13.33,13.36
2025-12-14 01:00:00,13.36,13.4,13.32,13.32
2025-12-14 02:00:00,13.32,13.39,13.31,13.36
2025-12-14 03:00:00,13.36,13.37,13.29,13.31
2025-12-14 04:00:00,13.3,13.32,13.26,13.28
2025-12-14 05:00:00,13.27,13.27,13.2,13.23
2025-12-14 06:00:00,13.24,13.25,13.18,13.21
2025-12-14 07:00:00,13.21,13.25,13.2,13.25
2025-12-14 08:00:00,13.25,13.29,13.18,13.19
2025-12-14 09:00:00,13.18,13.19,13.15,13.16
2025-12-14 10:00:00,13.16,13.19,13.09,13.16
2025-12-14 11:00:00,13.15,13.17,12.96,13.07
2025-12-14 12:00:00,13.07,13.14,13.01,13.11
2025-12-14 13:00:00,13.11,13.11,12.99,13.06
2025-12-14 14:00:00,13.07,13.09,12.98,13.01
2025-12-14 15:00:00,13.01,13.06,12.98,13.02
2025-12-14 16:00:00,13.02,13.12,12.99,13.04
2025-12-14 17:00:00,13.03,13.05,12.92,12.95
2025-12-14 18:00:00,12.94,13.05,12.93,13.04
2025-12-14 19:00:00,13.03,13.04,12.94,12.98
2025-12-14 20:00:00,12.98,13.02,12.89,12.93
2025-12-14 21:00:00,12.93,12.97,12.83,12.87
2025-12-14 22:00:00,12.87,12.95,12.82,12.92
2025-12-14 23:00:00,12.92,12.97,12.73,12.88
2025-12-15 00:00:00,12.88,12.98,12.85,12.96
2025-12-15 01:00:00,12.95,13.15,12.94,13.12
2025-12-15 02:00:00,13.11,13.27,13.1,13.1
2025-12-15 03:00:00,13.11,13.14,13.06,13.08
2025-12-15 04:00:00,13.09,13.19,13.08,13.17
2025-12-15 05:00:00,13.18,13.25,13.16,13.21
2025-12-15 06:00:00,13.22,13.32,13.17,13.26
2025-12-15 07:00:00,13.27,13.33,13.15,13.2
2025-12-15 08:00:00,13.19,13.24,13.17,13.2
2025-12-15 09:00:00,13.2,13.25,13.19,13.22
2025-12-15 10:00:00,13.23,13.35,13.2,13.29
2025-12-15 11:00:00,13.29,13.3,13.2,13.22
2025-12-15 12:00:00,13.23,13.23,13.17,13.2
2025-12-15 13:00:00,13.2,13.2,13.08,13.1
2025-12-15 14:00:00,13.1,13.21,12.78,12.87
2025-12-15 15:00:00,12.87,12.87,12.43,12.5
2025-12-15 16:00:00,12.5,12.54,12.37,12.44
2025-12-15 17:00:00,12.43,12.46,12.29,12.32
2025-12-15 18:00:00,12.32,12.39,12.2,12.38
2025-12-15 19:00:00,12.39,12.48,12.36,12.4
2025-12-15 20:00:00,12.39,12.4,12.25,12.32
2025-12-15 21:00:00,12.32,12.36,12.29,12.36
2025-12-15 22:00:00,12.36,12.36,12.31,12.36
2025-12-15 23:00:00,12.36,12.38,12.32,12.34
2025-12-16 00:00:00,12.35,12.36,12.2,12.2
2025-12-16 01:00:00,12.21,12.31,12.17,12.28
2025-12-16 02:00:00,12.29,12.34,12.22,12.27
2025-12-16 03:00:00,12.26,12.28,12.19,12.27
2025-12-16 04:00:00,12.27,12.28,12.05,12.21
2025-12-16 05:00:00,12.21,12.24,12.18,12.21
2025-12-16 06:00:00,12.2,12.34,12.2,12.33
2025-12-16 07:00:00,12.33,12.34,12.17,12.19
2025-12-16 08:00:00,12.2,12.25,12.16,12.18
2025-12-16 09:00:00,12.18,12.2,12.14,12.18
2025-12-16 10:00:00,12.18,12.4,12.15,12.33
2025-12-16 11:00:00,12.33,12.37,12.3,12.35
2025-12-16 12:00:00,12.35,12.37,12.24,12.24
2025-12-16 13:00:00,12.24,12.4,11.95,12
2025-12-16 14:00:00,12,12.27,11.91,12.18
2025-12-16 15:00:00,12.19,12.37,12.09,12.35
2025-12-16 16:00:00,12.35,12.38,12.25,12.3
2025-12-16 17:00:00,12.29,12.35,12.17,12.17
2025-12-16 18:00:00,12.18,12.36,12.14,12.31
2025-12-16 19:00:00,12.31,12.34,12.19,12.28
2025-12-16 20:00:00,12.28,12.38,12.27,12.31
2025-12-16 21:00:00,12.31,12.35,12.27,12.32
2025-12-16 22:00:00,12.33,12.36,12.29,12.31
2025-12-16 23:00:00,12.31,12.36,12.3,12.35
2025-12-17 00:00:00,12.34,12.35,12.3,12.32
2025-12-17 01:00:00,12.32,12.39,12.3,12.33
2025-12-17 02:00:00,12.32,12.37,12.28,12.34
2025-12-17 03:00:00,12.33,12.38,12.29,12.3
2025-12-17 04:00:00,12.3,12.32,12.18,12.2
2025-12-17 05:00:00,12.2,12.2,12.07,12.18
2025-12-17 06:00:00,12.18,12.25,12.17,12.2
2025-12-17 07:00:00,12.21,12.27,12.19,12.22
2025-12-17 08:00:00,12.22,12.22,12.13,12.14
2025-12-17 09:00:00,12.13,12.14,12.08,12.1
2025-12-17 10:00:00,12.09,12.13,12.05,12.09
2025-12-17 11:00:00,12.09,12.19,12.08,12.18
2025-12-17 12:00:00,12.18,12.21,12.12,12.18
2025-12-17 13:00:00,12.17,12.31,12.14,12.29
2025-12-17 14:00:00,12.29,12.48,12.07,12.46
2025-12-17 15:00:00,12.46,12.66,12.11,12.15
2025-12-17 16:00:00,12.15,12.24,11.84,12.01
2025-12-17 17:00:00,12,12.07,11.89,11.9
2025-12-17 18:00:00,11.91,12,11.78,11.8
2025-12-17 19:00:00,11.8,11.89,11.69,11.89
2025-12-17 20:00:00,11.88,11.98,11.82,11.9
2025-12-17 21:00:00,11.89,11.93,11.81,11.83
2025-12-17 22:00:00,11.83,11.91,11.78,11.89
2025-12-17 23:00:00,11.88,11.88,11.8,11.87
2025-12-18 00:00:00,11.86,11.87,11.81,11.82
2025-12-18 01:00:00,11.81,11.82,11.72,11.74
2025-12-18 02:00:00,11.74,11.89,11.72,11.84
2025-12-18 03:00:00,11.84,11.84,11.69,11.74
2025-12-18 04:00:00,11.75,11.79,11.73,11.76
2025-12-18 05:00:00,11.76,11.77,11.65,11.68
2025-12-18 06:00:00,11.68,11.76,11.67,11.74
2025-12-18 07:00:00,11.74,11.8,11.71,11.76
2025-12-18 08:00:00,11.76,11.81,11.73,11.75
2025-12-18 09:00:00,11.74,11.78,11.68,11.74
2025-12-18 10:00:00,11.74,11.79,11.71,11.76
2025-12-18 11:00:00,11.77,11.77,11.69,11.73
2025-12-18 12:00:00,11.73,11.82,11.69,11.76
2025-12-18 13:00:00,11.77,12.21,11.76,12.17
2025-12-18 14:00:00,12.18,12.32,12.04,12.14
2025-12-18 15:00:00,12.14,12.3,12.02,12.18
2025-12-18 16:00:00,12.19,12.2,12.04,12.11
2025-12-18 17:00:00,12.12,12.12,11.41,11.66
2025-12-18 18:00:00,11.66,11.78,11.51,11.54
2025-12-18 19:00:00,11.54,11.57,11.28,11.31
2025-12-18 20:00:00,11.3,11.45,11.3,11.35
2025-12-18 21:00:00,11.36,11.57,11.35,11.54
2025-12-18 22:00:00,11.54,11.58,11.46,11.47
2025-12-18 23:00:00,11.47,11.48,11.42,11.44
2025-12-19 00:00:00,11.44,11.47,11.33,11.4
2025-12-19 01:00:00,11.4,11.4,11.28,11.32
2025-12-19 02:00:00,11.32,11.39,11.26,11.36
2025-12-19 03:00:00,11.35,11.81,11.35,11.73
2025-12-19 04:00:00,11.74,11.8,11.66,11.67
2025-12-19 05:00:00,11.68,11.72,11.61,11.7
2025-12-19 06:00:00,11.7,11.79,11.66,11.78
2025-12-19 07:00:00,11.78,12.09,11.78,11.94
2025-12-19 08:00:00,11.94,12.03,11.88,11.96
2025-12-19 09:00:00,11.97,11.98,11.91,11.95
2025-12-19 10:00:00,11.95,11.99,11.92,11.94
2025-12-19 11:00:00,11.94,12.03,11.93,11.98
2025-12-19 12:00:00,11.99,12.03,11.94,11.98
2025-12-19 13:00:00,11.99,12.03,11.94,12.03
2025-12-19 14:00:00,12.03,12.26,12.01,12.15
2025-12-19 15:00:00,12.16,12.41,12.11,12.18
2025-12-19 16:00:00,12.19,12.45,12.18,12.3
2025-12-19 17:00:00,12.31,12.38,12.08,12.09
2025-12-19 18:00:00,12.09,12.21,12.07,12.19
2025-12-19 19:00:00,12.2,12.37,12.2,12.33
2025-12-19 20:00:00,12.33,12.39,12.3,12.36
2025-12-19 21:00:00,12.36,12.36,12.26,12.26
2025-12-19 22:00:00,12.26,12.34,12.26,12.29
2025-12-19 23:00:00,12.3,12.32,12.24,12.26
2025-12-20 00:00:00,12.25,12.27,12.21,12.22
2025-12-20 01:00:00,12.22,12.25,12.2,12.21
2025-12-20 02:00:00,12.21,12.26,12.19,12.22
2025-12-20 03:00:00,12.22,12.3,12.21,12.26
2025-12-20 04:00:00,12.26,12.26,12.19,12.22
2025-12-20 05:00:00,12.22,12.28,12.22,12.25
2025-12-20 06:00:00,12.25,12.28,12.24,12.28
2025-12-20 07:00:00,12.28,12.35,12.24,12.33
2025-12-20 08:00:00,12.34,12.38,12.32,12.33
2025-12-20 09:00:00,12.32,12.37,12.32,12.34
2025-12-20 10:00:00,12.33,12.34,12.25,12.26
2025-12-20 11:00:00,12.25,12.32,12.24,12.31
2025-12-20 12:00:00,12.32,12.32,12.27,12.28
2025-12-20 13:00:00,12.28,12.3,12.2,12.25
2025-12-20 14:00:00,12.24,12.28,12.17,12.27
2025-12-20 15:00:00,12.27,12.28,12.21,12.27
2025-12-20 16:00:00,12.27,12.3,12.27,12.29
2025-12-20 17:00:00,12.3,12.31,12.25,12.25
2025-12-20 18:00:00,12.26,12.28,12.23,12.26
2025-12-20 19:00:00,12.27,12.28,12.24,12.27
2025-12-20 20:00:00,12.26,12.28,12.25,12.27
2025-12-20 21:00:00,12.27,12.28,12.21,12.21
2025-12-20 22:00:00,12.22,12.22,12.14,12.16
2025-12-20 23:00:00,12.16,12.23,12.13,12.21
2025-12-21 00:00:00,12.22,12.26,12.19,12.25
2025-12-21 01:00:00,12.26,12.26,12.15,12.15
2025-12-21 02:00:00,12.15,12.19,12.09,12.12
2025-12-21 03:00:00,12.12,12.22,12.11,12.18
2025-12-21 04:00:00,12.18,12.2,12.15,12.16
2025-12-21 05:00:00,12.16,12.19,12.13,12.14
2025-12-21 06:00:00,12.15,12.16,12.13,12.13
2025-12-21 07:00:00,12.13,12.14,12.11,12.12
2025-12-21 08:00:00,12.13,12.24,12.1,12.21
2025-12-21 09:00:00,12.21,12.34,12.21,12.28
2025-12-21 10:00:00,12.28,12.31,12.2,12.23
2025-12-21 11:00:00,12.23,12.29,12.22,12.24
2025-12-21 12:00:00,12.25,12.29,12.2,12.24
2025-12-21 13:00:00,12.24,12.24,11.97,11.99
2025-12-21 14:00:00,11.98,12.07,11.96,12.06
2025-12-21 15:00:00,12.06,12.12,12.01,12.09
2025-12-21 16:00:00,12.09,12.16,12.06,12.14
2025-12-21 17:00:00,12.14,12.18,12.08,12.09
2025-12-21 18:00:00,12.09,12.09,12.01,12.08
2025-12-21 19:00:00,12.09,12.14,12.05,12.12
2025-12-21 20:00:00,12.12,12.12,12.06,12.06
2025-12-21 21:00:00,12.06,12.07,11.98,11.99
2025-12-21 22:00:00,11.99,12.13,11.98,12.13
2025-12-21 23:00:00,12.13,12.25,12.09,12.14
2025-12-22 00:00:00,12.15,12.41,12.15,12.23
2025-12-22 01:00:00,12.22,12.32,12.18,12.18
2025-12-22 02:00:00,12.18,12.19,12.01,12.1
2025-12-22 03:00:00,12.1,12.22,12.06,12.2
2025-12-22 04:00:00,12.2,12.27,12.2,12.22
2025-12-22 05:00:00,12.23,12.24,12.17,12.18
2025-12-22 06:00:00,12.18,12.2,12.14,12.14
2025-12-22 07:00:00,12.14,12.2,12.12,12.19
2025-12-22 08:00:00,12.19,12.33,12.16,12.21
2025-12-22 09:00:00,12.21,12.25,12.18,12.25
2025-12-22 10:00:00,12.25,12.3,12.22,12.28
2025-12-22 11:00:00,12.29,12.39,12.25,12.37
2025-12-22 12:00:00,12.37,12.44,12.34,12.37
2025-12-22 13:00:00,12.38,12.38,12.33,12.37
2025-12-22 14:00:00,12.37,12.42,12.3,12.36
2025-12-22 15:00:00,12.37,12.44,12.27,12.37
2025-12-22 16:00:00,12.37,12.41,12.34,12.37
2025-12-22 17:00:00,12.36,12.38,12.31,12.37
2025-12-22 18:00:00,12.38,12.4,12.33,12.35
2025-12-22 19:00:00,12.34,12.35,12.12,12.15
2025-12-22 20:00:00,12.14,12.2,12.08,12.17
2025-12-22 21:00:00,12.18,12.37,12.17,12.34
2025-12-22 22:00:00,12.34,12.42,12.29,12.41
2025-12-22 23:00:00,12.42,12.45,12.35,12.42
2025-12-23 00:00:00,12.42,12.55,12.39,12.47
2025-12-23 01:00:00,12.47,12.53,12.42,12.46
2025-12-23 02:00:00,12.45,12.5,12.39,12.39
2025-12-23 03:00:00,12.39,12.44,12.34,12.41
2025-12-23 04:00:00,12.4,12.43,12.33,12.34
2025-12-23 05:00:00,12.34,12.36,12.25,12.3
2025-12-23 06:00:00,12.3,12.31,12.12,12.21
2025-12-23 07:00:00,12.2,12.23,12.16,12.19
2025-12-23 08:00:00,12.19,12.29,12.18,12.19
2025-12-23 09:00:00,12.19,12.24,12.16,12.19
2025-12-23 10:00:00,12.19,12.26,12.19,12.23
2025-12-23 11:00:00,12.23,12.33,12.22,12.29
2025-12-23 12:00:00,12.3,12.3,12.16,12.17
2025-12-23 13:00:00,12.17,12.22,12.02,12.08
2025-12-23 14:00:00,12.07,12.11,11.84,11.95
2025-12-23 15:00:00,11.94,12,11.89,11.96
2025-12-23 16:00:00,11.96,12.08,11.91,12.06
2025-12-23 17:00:00,12.05,12.11,11.96,11.97
2025-12-23 18:00:00,11.97,12.17,11.97,12.14
2025-12-23 19:00:00,12.15,12.19,12.08,12.12
2025-12-23 20:00:00,12.12,12.33,12.08,12.27
2025-12-23 21:00:00,12.27,12.33,12.22,12.23
2025-12-23 22:00:00,12.24,12.29,12.16,12.18
2025-12-23 23:00:00,12.18,12.2,12.12,12.18
2025-12-24 00:00:00,12.18,12.21,12.12,12.19
2025-12-24 01:00:00,12.19,12.23,12.14,12.15
2025-12-24 02:00:00,12.15,12.16,11.98,12
2025-12-24 03:00:00,12,12.09,11.96,12.07
2025-12-24 04:00:00,12.07,12.14,12.01,12.02
2025-12-24 05:00:00,12.02,12.07,11.97,11.98
2025-12-24 06:00:00,11.98,12.02,11.94,12
2025-12-24 07:00:00,12,12.03,11.98,11.98
2025-12-24 08:00:00,11.99,12.07,11.97,12
2025-12-24 09:00:00,12,12.06,12,12.01
2025-12-24 10:00:00,12.01,12.11,12.01,12.06
2025-12-24 11:00:00,12.07,12.14,12.06,12.11
2025-12-24 12:00:00,12.11,12.14,12.08,12.14
2025-12-24 13:00:00,12.14,12.14,12.04,12.06
2025-12-24 14:00:00,12.06,12.09,11.89,11.98
2025-12-24 15:00:00,11.98,12.04,11.9,12
2025-12-24 16:00:00,12.01,12.09,11.94,11.97
2025-12-24 17:00:00,11.97,12.02,11.91,11.92
2025-12-24 18:00:00,11.92,12.01,11.9,11.99
2025-12-24 19:00:00,11.99,12.05,11.97,12.03
2025-12-24 20:00:00,12.03,12.07,12.02,12.05
2025-12-24 21:00:00,12.05,12.08,12.03,12.07
2025-12-24 22:00:00,12.07,12.13,12.06,12.13
2025-12-24 23:00:00,12.12,12.15,12.09,12.1
2025-12-25 00:00:00,12.11,12.11,12.05,12.06
2025-12-25 01:00:00,12.06,12.12,12.05,12.11
2025-12-25 02:00:00,12.11,12.19,12.07,12.18
2025-12-25 03:00:00,12.19,12.22,12.12,12.16
2025-12-25 04:00:00,12.16,12.21,12.14,12.19
2025-12-25 05:00:00,12.19,12.2,12.14,12.17
2025-12-25 06:00:00,12.18,12.21,12.16,12.21
2025-12-25 07:00:00,12.21,12.27,12.18,12.25
2025-12-25 08:00:00,12.25,12.35,12.19,12.26
2025-12-25 09:00:00,12.27,12.3,12.23,12.28
2025-12-25 10:00:00,12.28,12.28,12.11,12.13
2025-12-25 11:00:00,12.13,12.21,12.13,12.15
2025-12-25 12:00:00,12.15,12.2,12.15,12.2
2025-12-25 13:00:00,12.2,12.27,12.19,12.24
2025-12-25 14:00:00,12.24,12.26,12.15,12.21
2025-12-25 15:00:00,12.22,12.4,12.18,12.35
2025-12-25 16:00:00,12.35,12.45,12.34,12.41
2025-12-25 17:00:00,12.41,12.43,12.37,12.4
2025-12-25 18:00:00,12.4,12.55,12.39,12.48
2025-12-25 19:00:00,12.47,12.5,12.43,12.47
2025-12-25 20:00:00,12.48,12.5,12.4,12.43
2025-12-25 21:00:00,12.44,12.44,12.4,12.42
2025-12-25 22:00:00,12.42,12.43,12.25,12.32
2025-12-25 23:00:00,12.32,12.33,12.06,12.09
2025-12-26 00:00:00,12.09,12.13,12.03,12.12
2025-12-26 01:00:00,12.12,12.35,12.11,12.34
2025-12-26 02:00:00,12.34,12.62,12.33,12.51
2025-12-26 03:00:00,12.52,12.54,12.46,12.52
2025-12-26 04:00:00,12.53,12.58,12.5,12.52
2025-12-26 05:00:00,12.52,12.52,12.47,12.51
2025-12-26 06:00:00,12.51,12.52,12.46,12.49
2025-12-26 07:00:00,12.49,12.52,12.4,12.41
2025-12-26 08:00:00,12.41,12.46,12.4,12.45
2025-12-26 09:00:00,12.46,12.5,12.42,12.5
2025-12-26 10:00:00,12.49,12.5,12.46,12.47
2025-12-26 11:00:00,12.47,12.49,12.45,12.45
2025-12-26 12:00:00,12.45,12.48,12.43,12.45
2025-12-26 13:00:00,12.46,12.5,12.43,12.48
2025-12-26 14:00:00,12.48,12.48,12.26,12.29
2025-12-26 15:00:00,12.29,12.29,12.14,12.24
2025-12-26 16:00:00,12.24,12.3,12.2,12.2
2025-12-26 17:00:00,12.21,12.33,12.17,12.31
2025-12-26 18:00:00,12.31,12.36,12.31,12.34
2025-12-26 19:00:00,12.35,12.39,12.32,12.38
2025-12-26 20:00:00,12.38,12.4,12.35,12.35
2025-12-26 21:00:00,12.36,12.39,12.34,12.36
2025-12-26 22:00:00,12.35,12.37,12.32,12.34
2025-12-26 23:00:00,12.34,12.36,12.33,12.34
2025-12-27 00:00:00,12.34,12.4,12.33,12.37
2025-12-27 01:00:00,12.38,12.38,12.33,12.36
2025-12-27 02:00:00,12.37,12.37,12.34,12.36
2025-12-27 03:00:00,12.36,12.42,12.33,12.42
2025-12-27 04:00:00,12.42,12.43,12.38,12.4
2025-12-27 05:00:00,12.39,12.45,12.39,12.44
2025-12-27 06:00:00,12.44,12.45,12.4,12.42
2025-12-27 07:00:00,12.42,12.47,12.41,12.46
2025-12-27 08:00:00,12.45,12.49,12.44,12.47
2025-12-27 09:00:00,12.46,12.48,12.42,12.43
2025-12-27 10:00:00,12.42,12.45,12.39,12.45
2025-12-27 11:00:00,12.44,12.48,12.43,12.47
2025-12-27 12:00:00,12.47,12.5,12.46,12.49
2025-12-27 13:00:00,12.49,12.49,12.44,12.49
2025-12-27 14:00:00,12.49,12.54,12.48,12.51
2025-12-27 15:00:00,12.52,12.58,12.5,12.55
2025-12-27 16:00:00,12.56,12.61,12.55,12.58
2025-12-27 17:00:00,12.57,12.59,12.54,12.57
2025-12-27 18:00:00,12.57,12.58,12.5,12.53
2025-12-27 19:00:00,12.53,12.55,12.51,12.53
2025-12-27 20:00:00,12.53,12.58,12.53,12.54
2025-12-27 21:00:00,12.54,12.7,12.54,12.6
2025-12-27 22:00:00,12.61,12.66,12.54,12.57
2025-12-27 23:00:00,12.58,12.8,12.56,12.69
2025-12-28 00:00:00,12.7,12.76,12.7,12.74
2025-12-28 01:00:00,12.75,12.79,12.73,12.77
2025-12-28 02:00:00,12.76,12.9,12.76,12.79
2025-12-28 03:00:00,12.78,12.83,12.75,12.79
2025-12-28 04:00:00,12.79,12.85,12.78,12.8
2025-12-28 05:00:00,12.8,12.83,12.78,12.81
2025-12-28 06:00:00,12.81,12.85,12.8,12.83
2025-12-28 07:00:00,12.83,12.85,12.76,12.79
2025-12-28 08:00:00,12.79,12.86,12.79,12.82
2025-12-28 09:00:00,12.81,12.82,12.74,12.75
2025-12-28 10:00:00,12.75,12.79,12.74,12.75
2025-12-28 11:00:00,12.76,12.77,12.67,12.69
2025-12-28 12:00:00,12.69,12.7,12.58,12.68
2025-12-28 13:00:00,12.68,12.7,12.65,12.67
2025-12-28 14:00:00,12.67,12.77,12.65,12.74
2025-12-28 15:00:00,12.74,12.77,12.71,12.73
2025-12-28 16:00:00,12.74,12.75,12.68,12.7
2025-12-28 17:00:00,12.7,12.73,12.67,12.68
2025-12-28 18:00:00,12.68,12.69,12.58,12.59
2025-12-28 19:00:00,12.59,12.64,12.57,12.58
2025-12-28 20:00:00,12.59,12.59,12.53,12.55
2025-12-28 21:00:00,12.55,12.58,12.53,12.56
2025-12-28 22:00:00,12.57,12.65,12.55,12.63
2025-12-28 23:00:00,12.63,12.66,12.58,12.64
2025-12-29 00:00:00,12.64,12.77,12.62,12.74
2025-12-29 01:00:00,12.75,12.84,12.63,12.78
2025-12-29 02:00:00,12.79,12.96,12.78,12.86
2025-12-29 03:00:00,12.87,13.12,12.85,13.08
2025-12-29 04:00:00,13.09,13.2,13.05,13.09
2025-12-29 05:00:00,13.09,13.13,13.02,13.05
2025-12-29 06:00:00,13.05,13.11,13.02,13.04
2025-12-29 07:00:00,13.05,13.06,12.92,13.01
2025-12-29 08:00:00,13.02,13.06,12.89,12.91
2025-12-29 09:00:00,12.9,12.9,12.67,12.72
2025-12-29 10:00:00,12.72,12.78,12.71,12.74
2025-12-29 11:00:00,12.73,12.75,12.71,12.73
2025-12-29 12:00:00,12.72,12.73,12.46,12.6
2025-12-29 13:00:00,12.6,12.61,12.53,12.58
2025-12-29 14:00:00,12.57,12.7,12.53,12.59
2025-12-29 15:00:00,12.59,12.73,12.57,12.7
2025-12-29 16:00:00,12.7,12.72,12.59,12.62
2025-12-29 17:00:00,12.62,12.66,12.57,12.64
2025-12-29 18:00:00,12.64,12.66,12.53,12.55
2025-12-29 19:00:00,12.54,12.6,12.49,12.5
2025-12-29 20:00:00,12.5,12.53,12.35,12.42
2025-12-29 21:00:00,12.42,12.47,12.41,12.44
2025-12-29 22:00:00,12.44,12.45,12.37,12.44
2025-12-29 23:00:00,12.44,12.44,12.36,12.38
2025-12-30 00:00:00,12.37,12.4,12.36,12.39
2025-12-30 01:00:00,12.38,12.42,12.35,12.38
2025-12-30 02:00:00,12.38,12.39,12.35,12.37
2025-12-30 03:00:00,12.37,12.43,12.33,12.4
2025-12-30 04:00:00,12.41,12.45,12.39,12.4
2025-12-30 05:00:00,12.4,12.41,12.36,12.39
2025-12-30 06:00:00,12.39,12.46,12.38,12.44
2025-12-30 07:00:00,12.44,12.46,12.41,12.43
2025-12-30 08:00:00,12.43,12.56,12.43,12.52
2025-12-30 09:00:00,12.52,12.54,12.48,12.53
2025-12-30 10:00:00,12.53,12.54,12.48,12.49
2025-12-30 11:00:00,12.48,12.52,12.48,12.51
2025-12-30 12:00:00,12.51,12.54,12.49,12.5
2025-12-30 13:00:00,12.49,12.55,12.49,12.53
2025-12-30 14:00:00,12.52,12.6,12.44,12.56
2025-12-30 15:00:00,12.56,12.59,12.49,12.59
2025-12-30 16:00:00,12.59,12.64,12.53,12.56
2025-12-30 17:00:00,12.57,12.62,12.52,12.56
2025-12-30 18:00:00,12.55,12.57,12.51,12.53
2025-12-30 19:00:00,12.52,12.53,12.45,12.5
2025-12-30 20:00:00,12.49,12.51,12.45,12.49
2025-12-30 21:00:00,12.48,12.54,12.47,12.52
2025-12-30 22:00:00,12.52,12.6,12.52,12.57
2025-12-30 23:00:00,12.57,12.59,12.55,12.58
2025-12-31 00:00:00,12.58,12.59,12.5,12.55
2025-12-31 01:00:00,12.55,12.72,12.54,12.66
2025-12-31 02:00:00,12.65,12.67,12.6,12.64
2025-12-31 03:00:00,12.63,12.65,12.58,12.59
2025-12-31 04:00:00,12.59,12.63,12.59,12.59
2025-12-31 05:00:00,12.6,12.62,12.55,12.56
2025-12-31 06:00:00,12.55,12.58,12.54,12.56
2025-12-31 07:00:00,12.57,12.57,12.51,12.54
2025-12-31 08:00:00,12.55,12.57,12.48,12.48
2025-12-31 09:00:00,12.48,12.52,12.47,12.5
2025-12-31 10:00:00,12.51,12.52,12.49,12.5
2025-12-31 11:00:00,12.5,12.58,12.49,12.58
2025-12-31 12:00:00,12.58,12.6,12.53,12.56
2025-12-31 13:00:00,12.55,12.6,12.54,12.57
2025-12-31 14:00:00,12.57,12.67,12.52,12.55
2025-12-31 15:00:00,12.54,12.55,12.43,12.47
2025-12-31 16:00:00,12.47,12.47,12.21,12.33
2025-12-31 17:00:00,12.33,12.37,12.31,12.34
2025-12-31 18:00:00,12.34,12.4,12.32,12.34
2025-12-31 19:00:00,12.34,12.37,12.31,12.32
2025-12-31 20:00:00,12.32,12.38,12.26,12.35
2025-12-31 21:00:00,12.36,12.4,12.35,12.35
2025-12-31 22:00:00,12.36,12.38,12.33,12.36
2025-12-31 23:00:00,12.35,12.36,12.31,12.32
2026-01-01 00:00:00,12.32,12.37,12.31,12.34
2026-01-01 01:00:00,12.33,12.38,12.31,12.33
2026-01-01 02:00:00,12.33,12.34,12.31,12.31
2026-01-01 03:00:00,12.32,12.34,12.28,12.28
2026-01-01 04:00:00,12.28,12.29,12.23,12.24
2026-01-01 05:00:00,12.25,12.3,12.24,12.26
2026-01-01 06:00:00,12.27,12.3,12.25,12.27
2026-01-01 07:00:00,12.28,12.3,12.26,12.28
2026-01-01 08:00:00,12.28,12.31,12.27,12.31
2026-01-01 09:00:00,12.32,12.37,12.31,12.34
2026-01-01 10:00:00,12.35,12.36,12.33,12.34
2026-01-01 11:00:00,12.34,12.38,12.34,12.37
2026-01-01 12:00:00,12.38,12.39,12.34,12.36
2026-01-01 13:00:00,12.36,12.43,12.35,12.41
2026-01-01 14:00:00,12.42,12.45,12.4,12.42
2026-01-01 15:00:00,12.43,12.56,12.41,12.52
2026-01-01 16:00:00,12.53,12.6,12.49,12.57
2026-01-01 17:00:00,12.56,12.7,12.56,12.68
2026-01-01 18:00:00,12.69,12.99,12.69,12.94
2026-01-01 19:00:00,12.95,13.58,12.94,13.55
2026-01-01 20:00:00,13.55,13.69,13.42,13.44
2026-01-01 21:00:00,13.44,13.58,13.39,13.57
2026-01-01 22:00:00,13.57,13.66,13.51,13.66
2026-01-01 23:00:00,13.66,13.69,13.54,13.59
2026-01-02 00:00:00,13.59,13.68,13.51,13.64
2026-01-02 01:00:00,13.63,13.64,13.51,13.61
2026-01-02 02:00:00,13.62,13.86,13.54,13.75
2026-01-02 03:00:00,13.75,13.82,13.66,13.73
2026-01-02 04:00:00,13.74,13.75,13.56,13.56
2026-01-02 05:00:00,13.56,13.65,13.52,13.61
2026-01-02 06:00:00,13.61,13.63,13.53,13.53
2026-01-02 07:00:00,13.53,13.56,13.38,13.4
2026-01-02 08:00:00,13.39,13.49,13.38,13.44
2026-01-02 09:00:00,13.45,13.59,13.42,13.53
2026-01-02 10:00:00,13.54,13.57,13.49,13.54
2026-01-02 11:00:00,13.54,13.55,13.34,13.39
2026-01-02 12:00:00,13.39,13.47,13.35,13.42
2026-01-02 13:00:00,13.42,13.44,13.36,13.38
2026-01-02 14:00:00,13.38,13.44,13.09,13.29
2026-01-02 15:00:00,13.28,13.34,13.1,13.29
2026-01-02 16:00:00,13.3,13.53,13.28,13.5
2026-01-02 17:00:00,13.5,13.64,13.49,13.6
2026-01-02 18:00:00,13.6,13.65,13.49,13.56
2026-01-02 19:00:00,13.56,13.67,13.54,13.65
2026-01-02 20:00:00,13.65,13.69,13.56,13.61
2026-01-02 21:00:00,13.61,13.86,13.6,13.85
2026-01-02 22:00:00,13.86,13.98,13.79,13.83
2026-01-02 23:00:00,13.83,13.84,13.75,13.82
2026-01-03 00:00:00,13.82,14.01,13.81,13.9
2026-01-03 01:00:00,13.9,13.94,13.81,13.86
2026-01-03 02:00:00,13.86,13.99,13.79,13.94
2026-01-03 03:00:00,13.93,14.29,13.91,14.26
2026-01-03 04:00:00,14.26,14.28,14.06,14.12
2026-01-03 05:00:00,14.12,14.14,13.94,13.98
2026-01-03 06:00:00,13.99,14.09,13.87,13.88
2026-01-03 07:00:00,13.89,13.91,13.67,13.73
2026-01-03 08:00:00,13.72,13.88,13.71,13.83
2026-01-03 09:00:00,13.83,14.01,13.79,13.94
2026-01-03 10:00:00,13.94,14.01,13.9,13.96
2026-01-03 11:00:00,13.96,13.99,13.91,13.99
2026-01-03 12:00:00,13.98,14.4,13.95,14.16
2026-01-03 13:00:00,14.15,14.16,14.03,14.07
2026-01-03 14:00:00,14.07,14.11,13.97,13.98
2026-01-03 15:00:00,13.99,13.99,13.83,13.86
2026-01-03 16:00:00,13.87,13.98,13.79,13.91
2026-01-03 17:00:00,13.91,13.97,13.89,13.9
2026-01-03 18:00:00,13.89,13.93,13.85,13.88
2026-01-03 19:00:00,13.89,13.89,13.83,13.85
2026-01-03 20:00:00,13.86,13.92,13.8,13.89
2026-01-03 21:00:00,13.88,13.96,13.86,13.91
2026-01-03 22:00:00,13.91,14,13.88,13.98
2026-01-03 23:00:00,13.97,14.02,13.93,13.99
2026-01-04 00:00:00,13.98,14.09,13.96,14.01
2026-01-04 01:00:00,14.02,14.03,13.9,13.96
2026-01-04 02:00:00,13.96,13.99,13.9,13.92
2026-01-04 03:00:00,13.93,14.04,13.92,14.01
2026-01-04 04:00:00,14.01,14.07,13.99,14
2026-01-04 05:00:00,14,14.04,13.95,14.03
2026-01-04 06:00:00,14.04,14.14,13.95,14
2026-01-04 07:00:00,14.01,14.1,13.99,14.05
2026-01-04 08:00:00,14.04,14.05,13.97,14.03
2026-01-04 09:00:00,14.03,14.1,13.98,14.07
2026-01-04 10:00:00,14.08,14.1,14.01,14.03
2026-01-04 11:00:00,14.03,14.1,14,14.08
2026-01-04 12:00:00,14.07,14.17,14.04,14.07
2026-01-04 13:00:00,14.07,14.22,14.04,14.2
2026-01-04 14:00:00,14.2,14.2,14.01,14.12
2026-01-04 15:00:00,14.12,14.2,14.07,14.19
2026-01-04 16:00:00,14.19,14.29,14.16,14.24
2026-01-04 17:00:00,14.24,14.3,14.18,14.21
2026-01-04 18:00:00,14.21,14.21,14.04,14.16
2026-01-04 19:00:00,14.15,14.16,14,14.14
2026-01-04 20:00:00,14.14,14.24,14.12,14.19
2026-01-04 21:00:00,14.18,14.49,14.14,14.39
2026-01-04 22:00:00,14.4,14.47,14.23,14.27
2026-01-04 23:00:00,14.28,14.38,14.21,14.25
2026-01-05 00:00:00,14.25,14.35,14.21,14.31
2026-01-05 01:00:00,14.31,14.53,14.26,14.44
2026-01-05 02:00:00,14.45,14.52,14.3,14.41
2026-01-05 03:00:00,14.42,14.5,14.33,14.39
2026-01-05 04:00:00,14.39,14.41,14.09,14.17
2026-01-05 05:00:00,14.18,14.24,14.11,14.13
2026-01-05 06:00:00,14.12,14.27,14.08,14.26
2026-01-05 07:00:00,14.27,14.33,14.2,14.28
2026-01-05 08:00:00,14.27,14.37,14.23,14.24
2026-01-05 09:00:00,14.23,14.25,14.14,14.17
2026-01-05 10:00:00,14.17,14.36,14.17,14.21
2026-01-05 11:00:00,14.21,14.22,14.13,14.2
2026-01-05 12:00:00,14.21,14.21,14.11,14.17
2026-01-05 13:00:00,14.16,14.22,14.03,14.09
2026-01-05 14:00:00,14.09,14.26,14.03,14.18
2026-01-05 15:00:00,14.19,14.29,14.08,14.19
2026-01-05 16:00:00,14.18,14.18,14.04,14.13
2026-01-05 17:00:00,14.13,14.24,13.91,14.21
2026-01-05 18:00:00,14.21,14.3,14.14,14.28
2026-01-05 19:00:00,14.28,14.36,14.24,14.27
2026-01-05 20:00:00,14.28,14.47,14.25,14.42
2026-01-05 21:00:00,14.42,14.51,14.38,14.46
2026-01-05 22:00:00,14.46,14.72,14.44,14.55
2026-01-05 23:00:00,14.56,14.59,14.45,14.45
2026-01-06 00:00:00,14.46,14.51,14.33,14.49
2026-01-06 01:00:00,14.49,14.75,14.39,14.41
2026-01-06 02:00:00,14.4,14.45,14.25,14.3
2026-01-06 03:00:00,14.29,14.47,14.29,14.42
2026-01-06 04:00:00,14.43,14.52,14.42,14.44
2026-01-06 05:00:00,14.44,14.47,14.36,14.37
2026-01-06 06:00:00,14.37,14.57,14.31,14.5
2026-01-06 07:00:00,14.5,14.51,14.24,14.28
2026-01-06 08:00:00,14.28,14.34,14.25,14.27
2026-01-06 09:00:00,14.27,14.45,14.26,14.4
2026-01-06 10:00:00,14.39,14.5,14.38,14.46
2026-01-06 11:00:00,14.45,14.53,14.43,14.53
2026-01-06 12:00:00,14.53,14.65,14.49,14.63
2026-01-06 13:00:00,14.62,14.7,14.57,14.6
2026-01-06 14:00:00,14.59,14.83,14.57,14.65
2026-01-06 15:00:00,14.64,14.7,14.42,14.53
2026-01-06 16:00:00,14.53,14.61,14.42,14.51
2026-01-06 17:00:00,14.5,14.54,14.3,14.35
2026-01-06 18:00:00,14.35,14.56,14.28,14.49
2026-01-06 19:00:00,14.5,14.53,14.48,14.48
2026-01-06 20:00:00,14.48,14.55,14.45,14.48
2026-01-06 21:00:00,14.49,14.78,14.46,14.55
2026-01-06 22:00:00,14.55,14.6,14.48,14.51
2026-01-06 23:00:00,14.51,14.63,14.51,14.59
2026-01-07 00:00:00,14.6,14.6,14.46,14.48
2026-01-07 01:00:00,14.48,14.52,14.4,14.47
2026-01-07 02:00:00,14.47,14.52,14.46,14.5
2026-01-07 03:00:00,14.51,14.53,14.47,14.48
2026-01-07 04:00:00,14.48,14.51,14.42,14.47
2026-01-07 05:00:00,14.47,14.51,14.46,14.46
2026-01-07 06:00:00,14.47,14.52,14.46,14.48
2026-01-07 07:00:00,14.48,14.54,14.47,14.52
2026-01-07 08:00:00,14.52,14.56,14.49,14.51
2026-01-07 09:00:00,14.51,14.51,14.42,14.46
2026-01-07 10:00:00,14.46,14.52,14.44,14.49
2026-01-07 11:00:00,14.49,14.53,14.48,14.49
2026-01-07 12:00:00,14.49,14.51,14.35,14.39
2026-01-07 13:00:00,14.39,14.43,14.31,14.36
2026-01-07 14:00:00,14.36,14.36,14.09,14.24
2026-01-07 15:00:00,14.25,14.26,13.95,14.01
2026-01-07 16:00:00,14.01,14.07,13.88,13.99
2026-01-07 17:00:00,13.99,14.16,13.98,14.06
2026-01-07 18:00:00,14.05,14.14,14,14.07
2026-01-07 19:00:00,14.08,14.15,14,14.11
2026-01-07 20:00:00,14.12,14.14,14.02,14.07
2026-01-07 21:00:00,14.08,14.11,14.04,14.05
2026-01-07 22:00:00,14.04,14.14,14,14.06
2026-01-07 23:00:00,14.06,14.19,14.01,14.11
2026-01-08 00:00:00,14.12,14.17,14.05,14.15
2026-01-08 01:00:00,14.15,14.22,14.11,14.2
2026-01-08 02:00:00,14.21,14.25,14.09,14.14
2026-01-08 03:00:00,14.14,14.21,14.01,14.03
2026-01-08 04:00:00,14.03,14.14,14,14.08
2026-01-08 05:00:00,14.09,14.14,14.02,14.04
2026-01-08 06:00:00,14.04,14.05,13.77,13.79
2026-01-08 07:00:00,13.79,13.94,13.68,13.9
2026-01-08 08:00:00,13.91,13.98,13.84,13.86
2026-01-08 09:00:00,13.86,13.91,13.74,13.76
2026-01-08 10:00:00,13.75,13.94,13.68,13.92
2026-01-08 11:00:00,13.92,13.93,13.76,13.9
2026-01-08 12:00:00,13.9,13.9,13.76,13.79
2026-01-08 13:00:00,13.8,13.83,13.71,13.76
2026-01-08 14:00:00,13.76,13.78,13.6,13.74
2026-01-08 15:00:00,13.73,13.95,13.67,13.94
2026-01-08 16:00:00,13.94,13.99,13.82,13.97
2026-01-08 17:00:00,13.98,14.04,13.9,14.03
2026-01-08 18:00:00,14.03,14.04,13.87,13.9
2026-01-08 19:00:00,13.9,13.95,13.83,13.86
2026-01-08 20:00:00,13.86,13.87,13.73,13.84
2026-01-08 21:00:00,13.84,13.98,13.84,13.96
2026-01-08 22:00:00,13.96,14,13.87,13.94
2026-01-08 23:00:00,13.94,13.97,13.88,13.89
2026-01-09 00:00:00,13.89,13.96,13.88,13.94
2026-01-09 01:00:00,13.94,14.05,13.85,13.91
2026-01-09 02:00:00,13.91,14.03,13.89,13.9
2026-01-09 03:00:00,13.9,13.99,13.87,13.98
2026-01-09 04:00:00,13.98,14.01,13.94,13.94
2026-01-09 05:00:00,13.95,14,13.91,13.99
2026-01-09 06:00:00,14,14.04,13.97,14.01
2026-01-09 07:00:00,14.02,14.02,13.92,13.93
2026-01-09 08:00:00,13.94,13.95,13.62,13.71
2026-01-09 09:00:00,13.72,13.85,13.71,13.78
2026-01-09 10:00:00,13.79,13.82,13.76,13.8
2026-01-09 11:00:00,13.8,13.84,13.76,13.77
2026-01-09 12:00:00,13.78,13.78,13.7,13.71
2026-01-09 13:00:00,13.72,13.9,13.71,13.83
2026-01-09 14:00:00,13.84,13.84,13.65,13.7
2026-01-09 15:00:00,13.69,14.17,13.61,13.98
2026-01-09 16:00:00,13.98,14.22,13.97,14.15
2026-01-09 17:00:00,14.15,14.18,13.92,14.01
2026-01-09 18:00:00,14.01,14.03,13.74,13.86
2026-01-09 19:00:00,13.86,13.86,13.69,13.75
2026-01-09 20:00:00,13.74,13.82,13.72,13.76
2026-01-09 21:00:00,13.77,13.86,13.73,13.84
2026-01-09 22:00:00,13.83,13.85,13.78,13.83
2026-01-09 23:00:00,13.83,13.83,13.77,13.79
2026-01-10 00:00:00,13.78,13.8,13.72,13.73
2026-01-10 01:00:00,13.73,13.8,13.71,13.78
2026-01-10 02:00:00,13.78,13.8,13.7,13.72
2026-01-10 03:00:00,13.71,13.72,13.65,13.7
2026-01-10 04:00:00,13.7,13.7,13.64,13.65
2026-01-10 05:00:00,13.66,13.73,13.64,13.68
2026-01-10 06:00:00,13.69,13.74,13.66,13.72
2026-01-10 07:00:00,13.72,13.84,13.71,13.81
2026-01-10 08:00:00,13.82,13.83,13.75,13.8
2026-01-10 09:00:00,13.8,13.86,13.79,13.84
2026-01-10 10:00:00,13.85,13.87,13.81,13.85
2026-01-10 11:00:00,13.85,13.87,13.82,13.87
2026-01-10 12:00:00,13.86,13.88,13.83,13.87
2026-01-10 13:00:00,13.88,13.88,13.82,13.87
2026-01-10 14:00:00,13.87,13.87,13.8,13.82
2026-01-10 15:00:00,13.81,13.84,13.8,13.84
2026-01-10 16:00:00,13.84,13.88,13.81,13.86
2026-01-10 17:00:00,13.87,13.94,13.85,13.86
2026-01-10 18:00:00,13.86,13.88,13.82,13.83
2026-01-10 19:00:00,13.83,13.87,13.83,13.86
2026-01-10 20:00:00,13.86,13.88,13.81,13.84
2026-01-10 21:00:00,13.83,13.85,13.76,13.77
2026-01-10 22:00:00,13.76,13.77,13.69,13.69
2026-01-10 23:00:00,13.7,13.76,13.69,13.74
2026-01-11 00:00:00,13.73,13.74,13.68,13.72
2026-01-11 01:00:00,13.72,13.74,13.69,13.72
2026-01-11 02:00:00,13.73,13.74,13.69,13.7
2026-01-11 03:00:00,13.69,13.75,13.69,13.73
2026-01-11 04:00:00,13.72,13.78,13.71,13.78
2026-01-11 05:00:00,13.77,13.81,13.75,13.8
2026-01-11 06:00:00,13.81,13.83,13.75,13.82
2026-01-11 07:00:00,13.83,13.84,13.79,13.81
2026-01-11 08:00:00,13.82,13.83,13.77,13.81
2026-01-11 09:00:00,13.8,13.84,13.79,13.81
2026-01-11 10:00:00,13.81,13.81,13.76,13.81
2026-01-11 11:00:00,13.81,13.83,13.78,13.81
2026-01-11 12:00:00,13.82,13.89,13.81,13.87
2026-01-11 13:00:00,13.87,13.87,13.81,13.82
2026-01-11 14:00:00,13.82,13.98,13.82,13.96
2026-01-11 15:00:00,13.96,13.97,13.75,13.8
2026-01-11 16:00:00,13.8,13.99,13.79,13.95
2026-01-11 17:00:00,13.94,13.97,13.86,13.95
2026-01-11 18:00:00,13.95,13.96,13.85,13.9
2026-01-11 19:00:00,13.9,13.93,13.83,13.84
2026-01-11 20:00:00,13.84,13.84,13.64,13.74
2026-01-11 21:00:00,13.73,13.77,13.65,13.75
2026-01-11 22:00:00,13.76,13.76,13.62,13.62
2026-01-11 23:00:00,13.62,13.72,13.48,13.7
2026-01-12 00:00:00,13.71,13.8,13.61,13.77
2026-01-12 01:00:00,13.77,13.91,13.76,13.84
2026-01-12 02:00:00,13.84,14.09,13.84,14.05
2026-01-12 03:00:00,14.06,14.22,13.97,13.98
2026-01-12 04:00:00,13.99,14.05,13.96,14.03
2026-01-12 05:00:00,14.03,14.06,13.96,13.99
2026-01-12 06:00:00,14,14.04,13.92,13.94
2026-01-12 07:00:00,13.94,13.97,13.73,13.75
2026-01-12 08:00:00,13.74,13.81,13.51,13.61
2026-01-12 09:00:00,13.61,13.67,13.57,13.62
2026-01-12 10:00:00,13.62,13.65,13.56,13.58
2026-01-12 11:00:00,13.58,13.67,13.58,13.65
2026-01-12 12:00:00,13.65,13.7,13.62,13.63
2026-01-12 13:00:00,13.64,13.67,13.52,13.57
2026-01-12 14:00:00,13.57,13.68,13.39,13.63
2026-01-12 15:00:00,13.64,13.91,13.59,13.87
2026-01-12 16:00:00,13.88,14,13.84,13.87
2026-01-12 17:00:00,13.86,13.91,13.63,13.73
2026-01-12 18:00:00,13.72,13.8,13.65,13.68
2026-01-12 19:00:00,13.67,13.73,13.62,13.72
2026-01-12 20:00:00,13.72,13.78,13.61,13.63
2026-01-12 21:00:00,13.63,13.64,13.47,13.53
2026-01-12 22:00:00,13.53,13.59,13.52,13.54
2026-01-12 23:00:00,13.54,13.55,13.49,13.53
2026-01-13 00:00:00,13.52,13.56,13.49,13.55
2026-01-13 01:00:00,13.55,13.61,13.48,13.53
2026-01-13 02:00:00,13.53,13.62,13.52,13.53
2026-01-13 03:00:00,13.53,13.61,13.52,13.59
2026-01-13 04:00:00,13.59,13.68,13.58,13.67
2026-01-13 05:00:00,13.67,13.83,13.67,13.73
2026-01-13 06:00:00,13.74,13.78,13.69,13.75
2026-01-13 07:00:00,13.75,13.76,13.68,13.72
2026-01-13 08:00:00,13.72,13.83,13.71,13.8
2026-01-13 09:00:00,13.8,13.86,13.77,13.81
2026-01-13 10:00:00,13.8,13.85,13.76,13.8
2026-01-13 11:00:00,13.79,13.8,13.75,13.76
2026-01-13 12:00:00,13.76,13.83,13.72,13.81
2026-01-13 13:00:00,13.81,13.94,13.79,13.88
2026-01-13 14:00:00,13.88,14.1,13.83,13.97
2026-01-13 15:00:00,13.97,14.37,13.9,14.36
2026-01-13 16:00:00,14.37,14.61,14.37,14.49
2026-01-13 17:00:00,14.5,14.55,14.46,14.52
2026-01-13 18:00:00,14.52,14.57,14.47,14.48
2026-01-13 19:00:00,14.47,14.53,14.47,14.52
2026-01-13 20:00:00,14.52,14.56,14.47,14.5
2026-01-13 21:00:00,14.49,14.54,14.48,14.52
2026-01-13 22:00:00,14.52,14.85,14.5,14.77
2026-01-13 23:00:00,14.77,14.83,14.7,14.75
2026-01-14 00:00:00,14.76,14.8,14.71,14.75
2026-01-14 01:00:00,14.75,14.79,14.72,14.75
2026-01-14 02:00:00,14.74,14.79,14.7,14.73
2026-01-14 03:00:00,14.73,14.77,14.7,14.76
2026-01-14 04:00:00,14.77,14.77,14.7,14.71
2026-01-14 05:00:00,14.71,14.74,14.67,14.7
2026-01-14 06:00:00,14.7,14.73,14.66,14.7
2026-01-14 07:00:00,14.7,14.74,14.67,14.68
2026-01-14 08:00:00,14.69,14.75,14.67,14.69
2026-01-14 09:00:00,14.69,14.74,14.68,14.72
2026-01-14 10:00:00,14.72,14.72,14.57,14.59
2026-01-14 11:00:00,14.59,14.6,14.49,14.51
2026-01-14 12:00:00,14.52,14.56,14.49,14.53
2026-01-14 13:00:00,14.53,14.58,14.41,14.44
2026-01-14 14:00:00,14.44,14.69,14.43,14.61
2026-01-14 15:00:00,14.61,14.77,14.54,14.76
2026-01-14 16:00:00,14.76,14.95,14.76,14.84
2026-01-14 17:00:00,14.84,14.86,14.6,14.63
2026-01-14 18:00:00,14.62,14.65,14.41,14.54
2026-01-14 19:00:00,14.54,14.74,14.52,14.64
2026-01-14 20:00:00,14.64,14.74,14.62,14.68
2026-01-14 21:00:00,14.68,14.7,14.61,14.66
2026-01-14 22:00:00,14.66,14.67,14.55,14.58
2026-01-14 23:00:00,14.57,14.67,14.57,14.6
2026-01-15 00:00:00,14.6,14.63,14.49,14.51
2026-01-15 01:00:00,14.52,14.59,14.43,14.46
2026-01-15 02:00:00,14.47,14.49,14.31,14.33
2026-01-15 03:00:00,14.34,14.35,14.12,14.15
2026-01-15 04:00:00,14.15,14.3,14.14,14.25
2026-01-15 05:00:00,14.24,14.29,14.23,14.27
2026-01-15 06:00:00,14.26,14.3,14.17,14.19
2026-01-15 07:00:00,14.18,14.38,14.18,14.35
2026-01-15 08:00:00,14.35,14.43,14.33,14.43
2026-01-15 09:00:00,14.43,14.48,14.34,14.44
2026-01-15 10:00:00,14.44,14.45,14.35,14.38
2026-01-15 11:00:00,14.38,14.41,14.3,14.31
2026-01-15 12:00:00,14.31,14.38,14.29,14.37
2026-01-15 13:00:00,14.38,14.43,14.32,14.36
2026-01-15 14:00:00,14.36,14.41,14.09,14.19
2026-01-15 15:00:00,14.18,14.24,13.81,14.07
2026-01-15 16:00:00,14.06,14.06,13.91,14.01
2026-01-15 17:00:00,14.02,14.08,13.9,13.91
2026-01-15 18:00:00,13.91,13.95,13.72,13.75
2026-01-15 19:00:00,13.74,13.78,13.63,13.75
2026-01-15 20:00:00,13.74,13.77,13.61,13.68
2026-01-15 21:00:00,13.68,13.76,13.67,13.73
2026-01-15 22:00:00,13.73,13.83,13.71,13.79
2026-01-15 23:00:00,13.79,13.83,13.76,13.82
2026-01-16 00:00:00,13.82,13.86,13.77,13.82
2026-01-16 01:00:00,13.82,13.83,13.74,13.76
2026-01-16 02:00:00,13.77,13.85,13.71,13.84
2026-01-16 03:00:00,13.84,13.86,13.74,13.75
2026-01-16 04:00:00,13.75,13.79,13.68,13.73
2026-01-16 05:00:00,13.73,13.84,13.72,13.81
2026-01-16 06:00:00,13.8,13.84,13.79,13.83
2026-01-16 07:00:00,13.82,13.83,13.77,13.81
2026-01-16 08:00:00,13.82,13.87,13.81,13.82
2026-01-16 09:00:00,13.81,13.83,13.78,13.79
2026-01-16 10:00:00,13.79,13.79,13.74,13.75
2026-01-16 11:00:00,13.75,13.8,13.73,13.8
2026-01-16 12:00:00,13.79,13.81,13.77,13.8
2026-01-16 13:00:00,13.79,13.8,13.72,13.76
2026-01-16 14:00:00,13.76,13.82,13.74,13.76
2026-01-16 15:00:00,13.76,13.81,13.33,13.41
2026-01-16 16:00:00,13.4,13.44,13.19,13.37
2026-01-16 17:00:00,13.37,13.42,13.29,13.41
2026-01-16 18:00:00,13.41,13.46,13.36,13.37
2026-01-16 19:00:00,13.36,13.43,13.31,13.4
2026-01-16 20:00:00,13.4,13.59,13.3,13.58
2026-01-16 21:00:00,13.59,13.66,13.58,13.58
2026-01-16 22:00:00,13.59,13.64,13.56,13.6
2026-01-16 23:00:00,13.6,13.64,13.57,13.59
2026-01-17 00:00:00,13.59,13.61,13.56,13.59
2026-01-17 01:00:00,13.59,13.64,13.58,13.6
2026-01-17 02:00:00,13.59,13.61,13.54,13.57
2026-01-17 03:00:00,13.57,13.59,13.54,13.57
2026-01-17 04:00:00,13.57,13.59,13.54,13.57
2026-01-17 05:00:00,13.57,13.61,13.56,13.59
2026-01-17 06:00:00,13.59,13.6,13.55,13.56
2026-01-17 07:00:00,13.56,13.61,13.53,13.6
2026-01-17 08:00:00,13.61,13.7,13.6,13.69
2026-01-17 09:00:00,13.69,13.71,13.65,13.67
2026-01-17 10:00:00,13.66,13.71,13.63,13.66
2026-01-17 11:00:00,13.66,13.67,13.62,13.64
2026-01-17 12:00:00,13.64,13.71,13.64,13.7
2026-01-17 13:00:00,13.69,13.79,13.68,13.77
2026-01-17 14:00:00,13.77,13.97,13.74,13.9
2026-01-17 15:00:00,13.91,13.93,13.84,13.89
2026-01-17 16:00:00,13.9,13.9,13.75,13.81
2026-01-17 17:00:00,13.8,13.83,13.76,13.79
2026-01-17 18:00:00,13.79,13.84,13.77,13.83
2026-01-17 19:00:00,13.83,13.84,13.8,13.82
2026-01-17 20:00:00,13.83,13.86,13.81,13.82
2026-01-17 21:00:00,13.81,13.82,13.77,13.81
2026-01-17 22:00:00,13.82,13.82,13.72,13.76
2026-01-17 23:00:00,13.76,13.78,13.72,13.75
2026-01-18 00:00:00,13.75,13.83,13.74,13.77
2026-01-18 01:00:00,13.77,13.79,13.66,13.69
2026-01-18 02:00:00,13.69,13.73,13.64,13.68
2026-01-18 03:00:00,13.68,13.72,13.66,13.68
2026-01-18 04:00:00,13.67,13.68,13.64,13.67
2026-01-18 05:00:00,13.67,13.69,13.64,13.69
2026-01-18 06:00:00,13.68,13.71,13.64,13.64
2026-01-18 07:00:00,13.65,13.66,13.57,13.63
2026-01-18 08:00:00,13.62,13.65,13.61,13.64
2026-01-18 09:00:00,13.63,13.66,13.61,13.65
2026-01-18 10:00:00,13.66,13.66,13.58,13.6
2026-01-18 11:00:00,13.59,13.62,13.57,13.59
2026-01-18 12:00:00,13.58,13.61,13.53,13.55
2026-01-18 13:00:00,13.54,13.59,13.51,13.55
2026-01-18 14:00:00,13.55,13.63,13.5,13.51
2026-01-18 15:00:00,13.51,13.57,13.47,13.57
2026-01-18 16:00:00,13.57,13.63,13.54,13.59
2026-01-18 17:00:00,13.6,13.63,13.55,13.59
2026-01-18 18:00:00,13.59,13.74,13.56,13.69
2026-01-18 19:00:00,13.69,13.73,13.62,13.66
2026-01-18 20:00:00,13.66,13.73,13.64,13.7
2026-01-18 21:00:00,13.71,13.74,13.68,13.7
2026-01-18 22:00:00,13.7,13.76,13.7,13.73
2026-01-18 23:00:00,13.74,13.74,12.94,12.98
2026-01-19 00:00:00,12.98,12.99,12.09,12.57
2026-01-19 01:00:00,12.57,12.7,12.5,12.62
2026-01-19 02:00:00,12.61,12.76,12.59,12.7
2026-01-19 03:00:00,12.69,12.74,12.63,12.71
2026-01-19 04:00:00,12.71,12.74,12.62,12.63
2026-01-19 05:00:00,12.63,12.69,12.59,12.62
2026-01-19 06:00:00,12.62,12.63,12.55,12.6
2026-01-19 07:00:00,12.61,12.66,12.6,12.64
2026-01-19 08:00:00,12.64,12.84,12.62,12.81
2026-01-19 09:00:00,12.8,12.82,12.77,12.81
2026-01-19 10:00:00,12.81,12.81,12.73,12.75
2026-01-19 11:00:00,12.75,12.75,12.69,12.71
2026-01-19 12:00:00,12.7,12.74,12.66,12.7
2026-01-19 13:00:00,12.7,12.75,12.66,12.72
2026-01-19 14:00:00,12.72,12.78,12.7,12.76
2026-01-19 15:00:00,12.76,12.79,12.67,12.73
2026-01-19 16:00:00,12.72,12.77,12.7,12.75
2026-01-19 17:00:00,12.75,12.76,12.62,12.7
2026-01-19 18:00:00,12.7,12.76,12.69,12.75
2026-01-19 19:00:00,12.75,12.86,12.75,12.81
2026-01-19 20:00:00,12.82,12.84,12.78,12.79
2026-01-19 21:00:00,12.8,12.82,12.77,12.78
2026-01-19 22:00:00,12.77,12.78,12.64,12.65
2026-01-19 23:00:00,12.65,12.78,12.63,12.74
2026-01-20 00:00:00,12.73,12.74,12.65,12.67
2026-01-20 01:00:00,12.67,12.75,12.63,12.69
2026-01-20 02:00:00,12.69,12.73,12.63,12.7
2026-01-20 03:00:00,12.7,12.73,12.66,12.71
2026-01-20 04:00:00,12.7,12.74,12.68,12.68
2026-01-20 05:00:00,12.69,12.76,12.62,12.73
2026-01-20 06:00:00,12.73,12.74,12.53,12.58
2026-01-20 07:00:00,12.58,12.65,12.55,12.56
2026-01-20 08:00:00,12.56,12.56,12.41,12.48
2026-01-20 09:00:00,12.48,12.59,12.45,12.56
2026-01-20 10:00:00,12.55,12.65,12.49,12.5
2026-01-20 11:00:00,12.49,12.54,12.46,12.46
2026-01-20 12:00:00,12.46,12.5,12.45,12.47
2026-01-20 13:00:00,12.46,12.46,12.33,12.34
2026-01-20 14:00:00,12.34,12.55,12.33,12.47
2026-01-20 15:00:00,12.46,12.47,12.31,12.4
2026-01-20 16:00:00,12.4,12.44,12.14,12.22
2026-01-20 17:00:00,12.21,12.32,12.06,12.14
2026-01-20 18:00:00,12.15,12.2,12.09,12.15
2026-01-20 19:00:00,12.15,12.2,12.11,12.19
2026-01-20 20:00:00,12.19,12.3,12.14,12.26
2026-01-20 21:00:00,12.27,12.27,12.18,12.2
2026-01-20 22:00:00,12.19,12.24,11.97,12.15
2026-01-20 23:00:00,12.15,12.15,12.07,12.09
2026-01-21 00:00:00,12.09,12.26,12.06,12.26
2026-01-21 01:00:00,12.26,12.31,12.24,12.26
2026-01-21 02:00:00,12.26,12.33,12.23,12.29
2026-01-21 03:00:00,12.3,12.34,12.28,12.29
2026-01-21 04:00:00,12.29,12.31,12.25,12.26
2026-01-21 05:00:00,12.26,12.39,12.26,12.36
2026-01-21 06:00:00,12.36,12.37,12.24,12.25
2026-01-21 07:00:00,12.26,12.3,12.22,12.24
2026-01-21 08:00:00,12.24,12.26,12.14,12.22
2026-01-21 09:00:00,12.22,12.25,12.2,12.22
2026-01-21 10:00:00,12.22,12.28,12.18,12.19
2026-01-21 11:00:00,12.19,12.23,12.1,12.11
2026-01-21 12:00:00,12.11,12.13,11.96,12.09
2026-01-21 13:00:00,12.08,12.13,12,12.03
2026-01-21 14:00:00,12.02,12.35,12.01,12.3
2026-01-21 15:00:00,12.3,12.42,12.27,12.4
2026-01-21 16:00:00,12.39,12.42,11.88,11.9
2026-01-21 17:00:00,11.91,12.04,11.88,12.03
2026-01-21 18:00:00,12.02,12.17,11.98,12.13
2026-01-21 19:00:00,12.12,12.61,12.09,12.59
2026-01-21 20:00:00,12.59,12.62,12.41,12.54
2026-01-21 21:00:00,12.54,12.73,12.5,12.62
2026-01-21 22:00:00,12.63,12.73,12.49,12.52
2026-01-21 23:00:00,12.51,12.54,12.38,12.42
2026-01-22 00:00:00,12.42,12.51,12.42,12.48
2026-01-22 01:00:00,12.48,12.6,12.47,12.59
2026-01-22 02:00:00,12.59,12.62,12.52,12.54
2026-01-22 03:00:00,12.55,12.59,12.45,12.49
2026-01-22 04:00:00,12.49,12.53,12.48,12.51
2026-01-22 05:00:00,12.51,12.56,12.48,12.5
2026-01-22 06:00:00,12.5,12.52,12.45,12.5
2026-01-22 07:00:00,12.5,12.51,12.42,12.43
2026-01-22 08:00:00,12.44,12.47,12.37,12.44
2026-01-22 09:00:00,12.45,12.5,12.43,12.49
2026-01-22 10:00:00,12.48,12.49,12.44,12.46
2026-01-22 11:00:00,12.45,12.46,12.35,12.35
2026-01-22 12:00:00,12.35,12.35,12.3,12.3
2026-01-22 13:00:00,12.3,12.4,12.24,12.27
2026-01-22 14:00:00,12.27,12.33,12.14,12.15
2026-01-22 15:00:00,12.15,12.24,12.04,12.17
2026-01-22 16:00:00,12.17,12.26,12.13,12.22
2026-01-22 17:00:00,12.23,12.24,12.12,12.2
2026-01-22 18:00:00,12.19,12.2,12.09,12.11
2026-01-22 19:00:00,12.11,12.2,12.08,12.16
2026-01-22 20:00:00,12.17,12.2,12.08,12.12
2026-01-22 21:00:00,12.12,12.19,12.11,12.16
2026-01-22 22:00:00,12.16,12.2,12.14,12.18
2026-01-22 23:00:00,12.17,12.2,12.12,12.2
2026-01-23 00:00:00,12.2,12.23,12.17,12.2
2026-01-23 01:00:00,12.21,12.3,12.2,12.29
2026-01-23 02:00:00,12.3,12.3,12.22,12.22
2026-01-23 03:00:00,12.22,12.28,12.2,12.26
2026-01-23 04:00:00,12.26,12.38,12.25,12.36
2026-01-23 05:00:00,12.36,12.36,12.26,12.29
2026-01-23 06:00:00,12.28,12.33,12.24,12.25
2026-01-23 07:00:00,12.24,12.26,12.11,12.13
2026-01-23 08:00:00,12.13,12.14,12.04,12.07
2026-01-23 09:00:00,12.07,12.2,12.06,12.15
2026-01-23 10:00:00,12.15,12.17,12.12,12.15
2026-01-23 11:00:00,12.15,12.21,12.15,12.2
2026-01-23 12:00:00,12.2,12.21,12.16,12.19
2026-01-23 13:00:00,12.19,12.23,12.18,12.21
2026-01-23 14:00:00,12.21,12.22,11.99,12.07
2026-01-23 15:00:00,12.07,12.26,12.01,12.24
2026-01-23 16:00:00,12.24,12.36,12.17,12.3
2026-01-23 17:00:00,12.29,12.5,12.23,12.37
2026-01-23 18:00:00,12.37,12.44,12.32,12.34
2026-01-23 19:00:00,12.34,12.34,12.13,12.17
2026-01-23 20:00:00,12.18,12.2,12.03,12.08
2026-01-23 21:00:00,12.09,12.16,12.07,12.11
2026-01-23 22:00:00,12.11,12.19,12.11,12.17
2026-01-23 23:00:00,12.16,12.16,12.11,12.13
2026-01-24 00:00:00,12.13,12.16,12.11,12.12
2026-01-24 01:00:00,12.12,12.14,12.1,12.13
2026-01-24 02:00:00,12.13,12.15,12.12,12.14
2026-01-24 03:00:00,12.14,12.18,12.12,12.15
2026-01-24 04:00:00,12.15,12.19,12.15,12.17
2026-01-24 05:00:00,12.17,12.18,12.13,12.16
2026-01-24 06:00:00,12.16,12.17,12.13,12.14
2026-01-24 07:00:00,12.15,12.15,12.11,12.12
2026-01-24 08:00:00,12.12,12.14,12.11,12.13
2026-01-24 09:00:00,12.14,12.14,12.09,12.1
2026-01-24 10:00:00,12.1,12.1,12.06,12.1
2026-01-24 11:00:00,12.1,12.13,12.09,12.12
2026-01-24 12:00:00,12.12,12.15,12.11,12.13
2026-01-24 13:00:00,12.13,12.13,12.08,12.08
2026-01-24 14:00:00,12.08,12.1,12.06,12.08
2026-01-24 15:00:00,12.08,12.11,12.02,12.04
2026-01-24 16:00:00,12.03,12.08,11.97,12.05
2026-01-24 17:00:00,12.06,12.06,12.02,12.05
2026-01-24 18:00:00,12.05,12.06,12.03,12.04
2026-01-24 19:00:00,12.04,12.05,12.01,12.04
2026-01-24 20:00:00,12.03,12.09,12.03,12.08
2026-01-24 21:00:00,12.08,12.09,12.06,12.07
2026-01-24 22:00:00,12.07,12.12,12.07,12.11
2026-01-24 23:00:00,12.11,12.11,12.04,12.05
2026-01-25 00:00:00,12.05,12.07,12.03,12.07
2026-01-25 01:00:00,12.06,12.08,11.99,12.01
2026-01-25 02:00:00,12.01,12.03,11.99,11.99
2026-01-25 03:00:00,12,12.02,11.87,11.93
2026-01-25 04:00:00,11.93,11.99,11.92,11.95
2026-01-25 05:00:00,11.96,12,11.95,11.98
2026-01-25 06:00:00,11.98,11.98,11.93,11.94
2026-01-25 07:00:00,11.94,11.94,11.88,11.93
2026-01-25 08:00:00,11.93,11.95,11.83,11.88
2026-01-25 09:00:00,11.88,11.99,11.87,11.96
2026-01-25 10:00:00,11.97,12.06,11.95,12
2026-01-25 11:00:00,11.99,12,11.94,11.96
2026-01-25 12:00:00,11.95,11.95,11.88,11.94
2026-01-25 13:00:00,11.94,11.97,11.9,11.97
2026-01-25 14:00:00,11.97,11.97,11.81,11.88
2026-01-25 15:00:00,11.87,11.91,11.82,11.85
2026-01-25 16:00:00,11.85,11.86,11.58,11.68
2026-01-25 17:00:00,11.67,11.7,11.58,11.64
2026-01-25 18:00:00,11.64,11.65,11.46,11.55
2026-01-25 19:00:00,11.54,11.57,11.23,11.3
2026-01-25 20:00:00,11.3,11.4,11.25,11.35
2026-01-25 21:00:00,11.36,11.46,11.35,11.43
2026-01-25 22:00:00,11.42,11.43,11.34,11.39
2026-01-25 23:00:00,11.39,11.52,11.34,11.49
2026-01-26 00:00:00,11.49,11.58,11.46,11.57
2026-01-26 01:00:00,11.57,11.75,11.56,11.71
2026-01-26 02:00:00,11.72,11.72,11.61,11.61
2026-01-26 03:00:00,11.62,11.64,11.5,11.53
2026-01-26 04:00:00,11.54,11.65,11.53,11.59
2026-01-26 05:00:00,11.6,11.63,11.58,11.61
2026-01-26 06:00:00,11.62,11.69,11.58,11.67
2026-01-26 07:00:00,11.67,11.72,11.64,11.69
2026-01-26 08:00:00,11.69,11.78,11.66,11.69
2026-01-26 09:00:00,11.7,11.7,11.61,11.62
2026-01-26 10:00:00,11.62,11.68,11.61,11.66
2026-01-26 11:00:00,11.66,11.7,11.65,11.67
2026-01-26 12:00:00,11.67,11.7,11.65,11.66
2026-01-26 13:00:00,11.66,11.74,11.66,11.72
2026-01-26 14:00:00,11.71,11.82,11.63,11.79
2026-01-26 15:00:00,11.79,11.92,11.7,11.76
2026-01-26 16:00:00,11.76,11.81,11.69,11.76
2026-01-26 17:00:00,11.75,11.78,11.62,11.71
2026-01-26 18:00:00,11.7,11.82,11.69,11.78
2026-01-26 19:00:00,11.78,11.8,11.69,11.7
2026-01-26 20:00:00,11.71,11.73,11.63,11.66
2026-01-26 21:00:00,11.65,11.8,11.63,11.76
2026-01-26 22:00:00,11.76,11.78,11.72,11.75
2026-01-26 23:00:00,11.75,11.78,11.7,11.72
2026-01-27 00:00:00,11.72,11.74,11.69,11.73
2026-01-27 01:00:00,11.72,11.81,11.69,11.77
2026-01-27 02:00:00,11.78,11.85,11.77,11.84
2026-01-27 03:00:00,11.84,11.84,11.77,11.79
2026-01-27 04:00:00,11.78,11.84,11.75,11.78
2026-01-27 05:00:00,11.78,11.79,11.75,11.76
2026-01-27 06:00:00,11.76,11.77,11.72,11.74
2026-01-27 07:00:00,11.74,11.82,11.73,11.76
2026-01-27 08:00:00,11.76,11.79,11.75,11.76
2026-01-27 09:00:00,11.76,11.76,11.68,11.7
2026-01-27 10:00:00,11.69,11.73,11.66,11.68
2026-01-27 11:00:00,11.68,11.7,11.65,11.68
2026-01-27 12:00:00,11.69,11.71,11.67,11.69
2026-01-27 13:00:00,11.7,11.7,11.61,11.63
2026-01-27 14:00:00,11.63,11.74,11.6,11.63
2026-01-27 15:00:00,11.62,11.74,11.6,11.72
2026-01-27 16:00:00,11.72,11.96,11.72,11.89
2026-01-27 17:00:00,11.9,11.92,11.58,11.64
2026-01-27 18:00:00,11.63,11.88,11.62,11.84
2026-01-27 19:00:00,11.84,11.9,11.8,11.86
2026-01-27 20:00:00,11.86,12.14,11.84,12.08
2026-01-27 21:00:00,12.08,12.12,12.02,12.03
2026-01-27 22:00:00,12.04,12.14,12.04,12.09
2026-01-27 23:00:00,12.09,12.2,12.08,12.14
2026-01-28 00:00:00,12.14,12.17,12.06,12.14
2026-01-28 01:00:00,12.14,12.17,12.07,12.12
2026-01-28 02:00:00,12.12,12.12,12.03,12.07
2026-01-28 03:00:00,12.08,12.11,12.04,12.06
2026-01-28 04:00:00,12.07,12.08,12.02,12.06
2026-01-28 05:00:00,12.05,12.11,12.04,12.1
2026-01-28 06:00:00,12.1,12.16,12.08,12.15
2026-01-28 07:00:00,12.15,12.15,12.06,12.09
2026-01-28 08:00:00,12.08,12.1,12.02,12.06
2026-01-28 09:00:00,12.05,12.17,12.03,12.17
2026-01-28 10:00:00,12.17,12.23,12.14,12.16
2026-01-28 11:00:00,12.17,12.25,12.12,12.24
2026-01-28 12:00:00,12.23,12.29,12.12,12.15
2026-01-28 13:00:00,12.15,12.24,12.14,12.15
2026-01-28 14:00:00,12.16,12.17,12.05,12.08
2026-01-28 15:00:00,12.08,12.12,11.95,12.02
2026-01-28 16:00:00,12.01,12.06,11.95,12.01
2026-01-28 17:00:00,12.01,12.14,11.93,12.08
2026-01-28 18:00:00,12.08,12.08,12,12.04
2026-01-28 19:00:00,12.03,12.09,11.98,12.06
2026-01-28 20:00:00,12.06,12.18,12.02,12.04
2026-01-28 21:00:00,12.05,12.11,11.96,12.07
2026-01-28 22:00:00,12.08,12.13,12.03,12.13
2026-01-28 23:00:00,12.13,12.15,12.06,12.07
2026-01-29 00:00:00,12.08,12.1,11.96,12.02
2026-01-29 01:00:00,12.01,12.05,11.91,11.93
2026-01-29 02:00:00,11.92,11.99,11.75,11.8
2026-01-29 03:00:00,11.79,11.88,11.76,11.79
2026-01-29 04:00:00,11.79,11.81,11.69,11.79
2026-01-29 05:00:00,11.8,11.85,11.78,11.8
2026-01-29 06:00:00,11.8,11.84,11.78,11.83
2026-01-29 07:00:00,11.83,11.86,11.77,11.8
2026-01-29 08:00:00,11.8,11.81,11.73,11.75
2026-01-29 09:00:00,11.74,11.77,11.72,11.73
2026-01-29 10:00:00,11.73,11.74,11.69,11.71
2026-01-29 11:00:00,11.71,11.72,11.64,11.66
2026-01-29 12:00:00,11.67,11.67,11.53,11.56
2026-01-29 13:00:00,11.55,11.6,11.54,11.6
2026-01-29 14:00:00,11.6,11.62,11.16,11.17
2026-01-29 15:00:00,11.18,11.19,10.87,11.01
2026-01-29 16:00:00,11.01,11.04,10.94,11.03
2026-01-29 17:00:00,11.03,11.17,11,11.01
2026-01-29 18:00:00,11.01,11.04,10.8,10.82
2026-01-29 19:00:00,10.83,11.03,10.81,10.99
2026-01-29 20:00:00,10.99,11.05,10.96,11.03
2026-01-29 21:00:00,11.04,11.07,11.01,11.04
2026-01-29 22:00:00,11.04,11.06,10.99,11.03
2026-01-29 23:00:00,11.03,11.06,11.01,11.04
2026-01-30 00:00:00,11.04,11.09,11.03,11.07
2026-01-30 01:00:00,11.07,11.09,10.7,10.96
2026-01-30 02:00:00,10.96,10.98,10.76,10.92
2026-01-30 03:00:00,10.92,10.98,10.9,10.92
2026-01-30 04:00:00,10.93,11.02,10.93,10.98
2026-01-30 05:00:00,10.98,10.99,10.94,10.95
2026-01-30 06:00:00,10.95,10.96,10.72,10.8
2026-01-30 07:00:00,10.79,10.99,10.79,10.96
2026-01-30 08:00:00,10.95,10.97,10.85,10.88
2026-01-30 09:00:00,10.89,10.93,10.8,10.86
2026-01-30 10:00:00,10.86,10.94,10.82,10.94
2026-01-30 11:00:00,10.94,11.05,10.91,11
2026-01-30 12:00:00,11.01,11.02,10.94,10.96
2026-01-30 13:00:00,10.96,10.98,10.84,10.87
2026-01-30 14:00:00,10.88,11.01,10.88,10.95
2026-01-30 15:00:00,10.96,11.01,10.8,10.94
2026-01-30 16:00:00,10.94,11.01,10.87,10.95
2026-01-30 17:00:00,10.96,11.01,10.87,10.93
2026-01-30 18:00:00,10.93,11.03,10.63,11
2026-01-30 19:00:00,11,11.05,10.98,10.99
2026-01-30 20:00:00,11,11,10.82,10.85
2026-01-30 21:00:00,10.86,10.96,10.82,10.93
2026-01-30 22:00:00,10.92,10.94,10.84,10.9
2026-01-30 23:00:00,10.89,10.92,10.84,10.87
2026-01-31 00:00:00,10.88,10.88,10.84,10.87
2026-01-31 01:00:00,10.87,10.9,10.84,10.88
2026-01-31 02:00:00,10.88,10.89,10.82,10.86
2026-01-31 03:00:00,10.86,10.88,10.83,10.84
2026-01-31 04:00:00,10.84,10.87,10.81,10.82
2026-01-31 05:00:00,10.83,10.83,10.78,10.82
2026-01-31 06:00:00,10.81,10.83,10.68,10.74
2026-01-31 07:00:00,10.74,10.74,10.58,10.66
2026-01-31 08:00:00,10.66,10.69,10.42,10.57
2026-01-31 09:00:00,10.58,10.66,10.55,10.6
2026-01-31 10:00:00,10.6,10.65,10.56,10.63
2026-01-31 11:00:00,10.62,10.64,10.56,10.6
2026-01-31 12:00:00,10.6,10.61,10.54,10.55
2026-01-31 13:00:00,10.56,10.57,10.45,10.48
2026-01-31 14:00:00,10.48,10.5,10,10.12
2026-01-31 15:00:00,10.13,10.23,10.11,10.16
2026-01-31 16:00:00,10.17,10.29,10.03,10.08
2026-01-31 17:00:00,10.07,10.13,9.54,9.78
2026-01-31 18:00:00,9.79,9.86,9.16,9.79
2026-01-31 19:00:00,9.79,9.97,9.77,9.84
2026-01-31 20:00:00,9.84,9.93,9.74,9.88
2026-01-31 21:00:00,9.88,10.01,9.83,9.98
2026-01-31 22:00:00,9.98,10.01,9.9,9.98
2026-01-31 23:00:00,9.97,10.18,9.96,10.12
2026-02-01 00:00:00,10.12,10.21,10.12,10.19
2026-02-01 01:00:00,10.19,10.19,10.1,10.17
2026-02-01 02:00:00,10.18,10.23,10.14,10.21
2026-02-01 03:00:00,10.21,10.22,10.18,10.21
2026-02-01 04:00:00,10.21,10.24,10.2,10.21
2026-02-01 05:00:00,10.21,10.23,10.16,10.16
2026-02-01 06:00:00,10.17,10.22,10.15,10.17
2026-02-01 07:00:00,10.18,10.26,10.13,10.19
2026-02-01 08:00:00,10.19,10.22,10.13,10.17
2026-02-01 09:00:00,10.17,10.22,10.12,10.19
2026-02-01 10:00:00,10.19,10.21,10.02,10.02
2026-02-01 11:00:00,10.03,10.17,10.03,10.13
2026-02-01 12:00:00,10.13,10.13,10.02,10.07
2026-02-01 13:00:00,10.06,10.15,10.03,10.07
2026-02-01 14:00:00,10.07,10.1,9.88,10.04
2026-02-01 15:00:00,10.04,10.04,9.73,9.86
2026-02-01 16:00:00,9.85,9.93,9.75,9.87
2026-02-01 17:00:00,9.87,9.9,9.79,9.89
2026-02-01 18:00:00,9.89,10.1,9.89,9.99
2026-02-01 19:00:00,9.99,10.01,9.83,9.89
2026-02-01 20:00:00,9.89,10.03,9.8,9.93
2026-02-01 21:00:00,9.94,9.95,9.83,9.87
2026-02-01 22:00:00,9.87,10.06,9.86,9.99
2026-02-01 23:00:00,9.98,10.07,9.67,9.91
2026-02-02 00:00:00,9.91,10.1,9.84,10.02
2026-02-02 01:00:00,10.02,10.13,9.89,10.07
2026-02-02 02:00:00,10.07,10.09,9.92,9.93
2026-02-02 03:00:00,9.94,9.94,9.53,9.86
2026-02-02 04:00:00,9.87,10,9.72,9.83
2026-02-02 05:00:00,9.84,9.84,9.59,9.68
2026-02-02 06:00:00,9.68,9.95,9.54,9.82
2026-02-02 07:00:00,9.83,9.94,9.79,9.89
2026-02-02 08:00:00,9.88,9.98,9.88,9.94
2026-02-02 09:00:00,9.93,10.07,9.86,10.01
2026-02-02 10:00:00,10.02,10.05,9.95,9.98
2026-02-02 11:00:00,9.97,10.04,9.97,9.99
2026-02-02 12:00:00,9.98,10.09,9.98,10.08
2026-02-02 13:00:00,10.07,10.14,10.03,10.11
2026-02-02 14:00:00,10.12,10.24,10.03,10.15
2026-02-02 15:00:00,10.14,10.32,10.12,10.24
2026-02-02 16:00:00,10.24,10.28,10.18,10.2
2026-02-02 17:00:00,10.19,10.23,10.14,10.16
2026-02-02 18:00:00,10.17,10.22,10.14,10.17
2026-02-02 19:00:00,10.18,10.19,10.12,10.14
2026-02-02 20:00:00,10.13,10.16,10.07,10.1
2026-02-02 21:00:00,10.11,10.18,10.11,10.15
2026-02-02 22:00:00,10.15,10.2,10.14,10.18
2026-02-02 23:00:00,10.18,10.18,10.13,10.14
2026-02-03 00:00:00,10.14,10.16,10.08,10.15
2026-02-03 01:00:00,10.14,10.15,10.08,10.13
2026-02-03 02:00:00,10.13,10.13,9.98,9.98
2026-02-03 03:00:00,9.99,10.15,9.95,10.14
2026-02-03 04:00:00,10.14,10.21,10.1,10.16
2026-02-03 05:00:00,10.16,10.17,10.08,10.09
2026-02-03 06:00:00,10.09,10.14,10.04,10.13
2026-02-03 07:00:00,10.12,10.18,10.1,10.15
2026-02-03 08:00:00,10.15,10.18,10.1,10.1
2026-02-03 09:00:00,10.11,10.14,9.97,10.06
2026-02-03 10:00:00,10.05,10.1,10.03,10.05
2026-02-03 11:00:00,10.06,10.12,10.04,10.08
2026-02-03 12:00:00,10.08,10.17,10.05,10.15
2026-02-03 13:00:00,10.14,10.17,10.12,10.14
2026-02-03 14:00:00,10.15,10.17,9.93,9.93
2026-02-03 15:00:00,9.93,10.17,9.91,10.15
2026-02-03 16:00:00,10.16,10.16,9.92,9.95
2026-02-03 17:00:00,9.95,9.96,9.74,9.76
2026-02-03 18:00:00,9.76,9.8,9.54,9.56
2026-02-03 19:00:00,9.57,10.02,9.54,9.97
2026-02-03 20:00:00,9.96,10.34,9.85,10.21
2026-02-03 21:00:00,10.21,10.27,10.08,10.1
2026-02-03 22:00:00,10.1,10.1,9.94,9.97
2026-02-03 23:00:00,9.97,9.98,9.88,9.93
2026-02-04 00:00:00,9.92,10.03,9.89,9.99
2026-02-04 01:00:00,9.99,10.13,9.98,10.06
2026-02-04 02:00:00,10.06,10.09,9.97,10.02
2026-02-04 03:00:00,10.01,10.14,10,10.11
2026-02-04 04:00:00,10.1,10.14,10.08,10.11
2026-02-04 05:00:00,10.1,10.12,10.02,10.05
2026-02-04 06:00:00,10.05,10.16,10.03,10.13
2026-02-04 07:00:00,10.13,10.17,10.07,10.16
2026-02-04 08:00:00,10.15,10.17,10.08,10.14
2026-02-04 09:00:00,10.14,10.15,10.05,10.07
2026-02-04 10:00:00,10.07,10.08,10.03,10.04
2026-02-04 11:00:00,10.04,10.06,9.93,10.02
2026-02-04 12:00:00,10.02,10.04,9.97,10.01
2026-02-04 13:00:00,10.01,10.02,9.86,9.87
2026-02-04 14:00:00,9.87,9.93,9.72,9.74
2026-02-04 15:00:00,9.73,9.86,9.62,9.73
2026-02-04 16:00:00,9.73,9.78,9.58,9.7
2026-02-04 17:00:00,9.7,9.79,9.57,9.7
2026-02-04 18:00:00,9.7,9.9,9.57,9.77
2026-02-04 19:00:00,9.77,9.96,9.71,9.93
2026-02-04 20:00:00,9.94,9.96,9.82,9.84
2026-02-04 21:00:00,9.84,9.86,9.62,9.73
2026-02-04 22:00:00,9.73,9.86,9.55,9.65
2026-02-04 23:00:00,9.65,9.8,9.63,9.72
2026-02-05 00:00:00,9.71,9.77,9.67,9.74
2026-02-05 01:00:00,9.74,9.85,9.65,9.74
2026-02-05 02:00:00,9.74,9.82,9.63,9.65
2026-02-05 03:00:00,9.66,9.72,9.59,9.62
2026-02-05 04:00:00,9.62,9.66,9.54,9.58
2026-02-05 05:00:00,9.58,9.67,9.47,9.56
2026-02-05 06:00:00,9.56,9.57,9.45,9.5
2026-02-05 07:00:00,9.5,9.61,9.48,9.5
2026-02-05 08:00:00,9.51,9.64,9.51,9.57
2026-02-05 09:00:00,9.57,9.68,9.55,9.56
2026-02-05 10:00:00,9.56,9.57,9.33,9.36
2026-02-05 11:00:00,9.36,9.4,9.18,9.26
2026-02-05 12:00:00,9.27,9.32,9.15,9.25
2026-02-05 13:00:00,9.25,9.33,9.2,9.23
2026-02-05 14:00:00,9.22,9.45,9.16,9.19
2026-02-05 15:00:00,9.19,9.22,8.72,8.86
2026-02-05 16:00:00,8.86,9.09,8.81,8.99
2026-02-05 17:00:00,9,9.04,8.72,8.82
2026-02-05 18:00:00,8.83,8.92,8.72,8.9
2026-02-05 19:00:00,8.9,8.91,8.67,8.69
2026-02-05 20:00:00,8.7,8.77,8.27,8.37
2026-02-05 21:00:00,8.37,8.57,8.26,8.37
2026-02-05 22:00:00,8.37,8.53,8.24,8.39
2026-02-05 23:00:00,8.39,8.57,8.26,8.32
2026-02-06 00:00:00,8.32,8.35,7.55,8.22
2026-02-06 01:00:00,8.22,8.47,8.19,8.46
2026-02-06 02:00:00,8.47,8.53,8.26,8.32
2026-02-06 03:00:00,8.31,8.36,8.2,8.26
2026-02-06 04:00:00,8.26,8.4,8.23,8.37
2026-02-06 05:00:00,8.37,8.62,8.35,8.61
2026-02-06 06:00:00,8.61,8.64,8.41,8.42
2026-02-06 07:00:00,8.42,8.51,8.33,8.42
2026-02-06 08:00:00,8.42,8.48,8.33,8.39
2026-02-06 09:00:00,8.38,8.64,8.37,8.6
2026-02-06 10:00:00,8.61,8.71,8.58,8.68
2026-02-06 11:00:00,8.68,8.74,8.66,8.71
2026-02-06 12:00:00,8.71,8.72,8.64,8.71
2026-02-06 13:00:00,8.71,8.85,8.69,8.8
2026-02-06 14:00:00,8.81,9.03,8.73,8.98
2026-02-06 15:00:00,8.97,9.07,8.89,9.04
2026-02-06 16:00:00,9.03,9.32,9,9.26
2026-02-06 17:00:00,9.26,9.48,9.22,9.35
2026-02-06 18:00:00,9.34,9.36,9.13,9.23
2026-02-06 19:00:00,9.23,9.27,9.16,9.24
2026-02-06 20:00:00,9.24,9.3,9.14,9.16
2026-02-06 21:00:00,9.17,9.22,9.1,9.19
2026-02-06 22:00:00,9.19,9.33,9.18,9.32
2026-02-06 23:00:00,9.32,9.38,9.22,9.28
2026-02-07 00:00:00,9.28,9.28,9.14,9.19
2026-02-07 01:00:00,9.2,9.27,9.13,9.25
2026-02-07 02:00:00,9.24,9.26,9.19,9.22
2026-02-07 03:00:00,9.22,9.32,9.21,9.29
2026-02-07 04:00:00,9.28,9.37,9.24,9.26
2026-02-07 05:00:00,9.25,9.32,9.23,9.26
2026-02-07 06:00:00,9.27,9.34,9.11,9.12
2026-02-07 07:00:00,9.12,9.15,8.91,9
2026-02-07 08:00:00,8.99,9.09,8.96,9.06
2026-02-07 09:00:00,9.06,9.1,8.98,9
2026-02-07 10:00:00,9.01,9.03,8.93,8.97
2026-02-07 11:00:00,8.97,8.99,8.94,8.99
2026-02-07 12:00:00,8.98,9.26,8.97,9.17
2026-02-07 13:00:00,9.17,9.19,9.06,9.12
2026-02-07 14:00:00,9.13,9.15,9.04,9.06
2026-02-07 15:00:00,9.06,9.21,9.04,9.17
2026-02-07 16:00:00,9.18,9.4,9.14,9.21
2026-02-07 17:00:00,9.21,9.28,9.15,9.24
2026-02-07 18:00:00,9.24,9.38,9.23,9.33
2026-02-07 19:00:00,9.32,9.33,9.24,9.26
2026-02-07 20:00:00,9.25,9.33,9.24,9.32
2026-02-07 21:00:00,9.31,9.33,9.24,9.25
2026-02-07 22:00:00,9.25,9.3,9.23,9.25
2026-02-07 23:00:00,9.25,9.26,9.18,9.23
2026-02-08 00:00:00,9.22,9.23,9.18,9.2
2026-02-08 01:00:00,9.2,9.25,9.18,9.21
2026-02-08 02:00:00,9.21,9.25,9.15,9.18
2026-02-08 03:00:00,9.18,9.2,9.11,9.13
2026-02-08 04:00:00,9.13,9.16,9.09,9.16
2026-02-08 05:00:00,9.16,9.18,9.11,9.13
2026-02-08 06:00:00,9.13,9.15,9.11,9.11
2026-02-08 07:00:00,9.12,9.15,9.07,9.14
2026-02-08 08:00:00,9.15,9.3,9.12,9.27
2026-02-08 09:00:00,9.27,9.28,9.16,9.18
2026-02-08 10:00:00,9.18,9.23,9.1,9.15
2026-02-08 11:00:00,9.15,9.28,9.14,9.27
2026-02-08 12:00:00,9.28,9.28,9.2,9.26
2026-02-08 13:00:00,9.25,9.29,9.2,9.27
2026-02-08 14:00:00,9.28,9.29,9.23,9.26
2026-02-08 15:00:00,9.26,9.28,9.15,9.17
2026-02-08 16:00:00,9.18,9.21,9,9.04
2026-02-08 17:00:00,9.04,9.12,9.04,9.1
2026-02-08 18:00:00,9.1,9.23,9.1,9.16
2026-02-08 19:00:00,9.16,9.22,9.15,9.2
2026-02-08 20:00:00,9.21,9.22,9.09,9.1
2026-02-08 21:00:00,9.1,9.12,9.01,9.06
2026-02-08 22:00:00,9.05,9.09,9.03,9.08
2026-02-08 23:00:00,9.09,9.26,9.01,9.08
2026-02-09 00:00:00,9.08,9.14,9.04,9.1
2026-02-09 01:00:00,9.1,9.18,9.03,9.08
2026-02-09 02:00:00,9.08,9.18,9.06,9.12
2026-02-09 03:00:00,9.12,9.21,9.11,9.18
2026-02-09 04:00:00,9.19,9.19,9.09,9.12
2026-02-09 05:00:00,9.13,9.15,9.09,9.14
2026-02-09 06:00:00,9.14,9.14,9.02,9.06
2026-02-09 07:00:00,9.06,9.09,9.02,9.03
2026-02-09 08:00:00,9.03,9.05,8.85,8.93
2026-02-09 09:00:00,8.93,8.94,8.85,8.87
2026-02-09 10:00:00,8.88,8.89,8.72,8.76
2026-02-09 11:00:00,8.77,8.82,8.76,8.78
2026-02-09 12:00:00,8.79,8.87,8.78,8.84
2026-02-09 13:00:00,8.84,8.88,8.77,8.77
2026-02-09 14:00:00,8.78,8.94,8.74,8.91
2026-02-09 15:00:00,8.92,9,8.86,9
2026-02-09 16:00:00,9,9.16,8.91,9.07
2026-02-09 17:00:00,9.07,9.19,9,9.13
2026-02-09 18:00:00,9.14,9.18,9.05,9.08
2026-02-09 19:00:00,9.09,9.14,9.07,9.11
2026-02-09 20:00:00,9.11,9.15,9.04,9.09
2026-02-09 21:00:00,9.1,9.1,8.99,9.08
2026-02-09 22:00:00,9.08,9.12,9.07,9.09
2026-02-09 23:00:00,9.08,9.12,9.04,9.06
2026-02-10 00:00:00,9.06,9.07,9,9.02
2026-02-10 01:00:00,9.02,9.11,9,9.09
2026-02-10 02:00:00,9.1,9.1,9.01,9.02
2026-02-10 03:00:00,9.03,9.04,8.86,8.91
2026-02-10 04:00:00,8.91,8.98,8.91,8.97
2026-02-10 05:00:00,8.97,8.99,8.88,8.91
2026-02-10 06:00:00,8.9,8.92,8.74,8.78
2026-02-10 07:00:00,8.78,8.85,8.78,8.82
2026-02-10 08:00:00,8.83,8.87,8.79,8.87
2026-02-10 09:00:00,8.86,8.91,8.84,8.86
2026-02-10 10:00:00,8.87,8.88,8.82,8.82
2026-02-10 11:00:00,8.82,8.86,8.78,8.78
2026-02-10 12:00:00,8.79,8.83,8.76,8.77
2026-02-10 13:00:00,8.77,8.83,8.76,8.81
2026-02-10 14:00:00,8.8,8.88,8.71,8.76
2026-02-10 15:00:00,8.76,8.85,8.74,8.79
2026-02-10 16:00:00,8.78,8.85,8.74,8.78
2026-02-10 17:00:00,8.78,8.85,8.75,8.82
2026-02-10 18:00:00,8.82,8.83,8.67,8.71
2026-02-10 19:00:00,8.71,8.77,8.68,8.72
2026-02-10 20:00:00,8.73,8.74,8.69,8.7
2026-02-10 21:00:00,8.7,8.74,8.65,8.69
2026-02-10 22:00:00,8.69,8.76,8.68,8.72
2026-02-10 23:00:00,8.72,8.76,8.7,8.76
2026-02-11 00:00:00,8.76,8.78,8.73,8.77
2026-02-11 01:00:00,8.77,8.79,8.74,8.77
2026-02-11 02:00:00,8.77,8.89,8.77,8.86
2026-02-11 03:00:00,8.86,8.97,8.78,8.88
2026-02-11 04:00:00,8.87,8.89,8.71,8.74
2026-02-11 05:00:00,8.74,8.77,8.66,8.68
2026-02-11 06:00:00,8.67,8.7,8.55,8.57
2026-02-11 07:00:00,8.57,8.62,8.56,8.59
2026-02-11 08:00:00,8.58,8.59,8.53,8.55
2026-02-11 09:00:00,8.55,8.57,8.52,8.53
2026-02-11 10:00:00,8.53,8.54,8.48,8.53
2026-02-11 11:00:00,8.53,8.6,8.52,8.59
2026-02-11 12:00:00,8.59,8.62,8.56,8.59
2026-02-11 13:00:00,8.59,8.68,8.56,8.66
2026-02-11 14:00:00,8.66,8.9,8.53,8.55
2026-02-11 15:00:00,8.55,8.58,8.43,8.52
2026-02-11 16:00:00,8.51,8.68,8.49,8.56
2026-02-11 17:00:00,8.55,8.68,8.52,8.63
2026-02-11 18:00:00,8.63,8.75,8.58,8.72
2026-02-11 19:00:00,8.72,8.76,8.68,8.71
2026-02-11 20:00:00,8.7,8.72,8.63,8.7
2026-02-11 21:00:00,8.69,8.81,8.67,8.75
2026-02-11 22:00:00,8.74,8.76,8.66,8.67
2026-02-11 23:00:00,8.68,8.7,8.58,8.63
2026-02-12 00:00:00,8.63,8.76,8.63,8.73
2026-02-12 01:00:00,8.73,8.79,8.72,8.74
2026-02-12 02:00:00,8.73,8.78,8.69,8.72
2026-02-12 03:00:00,8.73,8.76,8.71,8.75
2026-02-12 04:00:00,8.75,8.77,8.73,8.74
2026-02-12 05:00:00,8.74,8.78,8.68,8.78
2026-02-12 06:00:00,8.78,8.85,8.77,8.81
2026-02-12 07:00:00,8.81,8.84,8.78,8.82
2026-02-12 08:00:00,8.81,8.84,8.78,8.8
2026-02-12 09:00:00,8.8,8.9,8.79,8.87
2026-02-12 10:00:00,8.88,8.96,8.87,8.95
2026-02-12 11:00:00,8.95,8.97,8.9,8.91
2026-02-12 12:00:00,8.91,8.92,8.82,8.84
2026-02-12 13:00:00,8.84,8.94,8.81,8.94
2026-02-12 14:00:00,8.94,8.97,8.89,8.92
2026-02-12 15:00:00,8.92,8.96,8.79,8.8
2026-02-12 16:00:00,8.81,8.82,8.62,8.67
2026-02-12 17:00:00,8.67,8.76,8.65,8.67
2026-02-12 18:00:00,8.68,8.77,8.65,8.74
2026-02-12 19:00:00,8.73,8.86,8.7,8.77
2026-02-12 20:00:00,8.76,8.79,8.68,8.7
2026-02-12 21:00:00,8.7,8.77,8.7,8.74
2026-02-12 22:00:00,8.75,8.84,8.72,8.84
2026-02-12 23:00:00,8.84,8.91,8.83,8.9
2026-02-13 00:00:00,8.9,8.94,8.82,8.85
2026-02-13 01:00:00,8.85,8.92,8.85,8.87
2026-02-13 02:00:00,8.87,8.89,8.82,8.87
2026-02-13 03:00:00,8.87,8.9,8.82,8.86
2026-02-13 04:00:00,8.86,8.86,8.79,8.81
2026-02-13 05:00:00,8.81,8.84,8.78,8.79
2026-02-13 06:00:00,8.79,8.82,8.74,8.81
2026-02-13 07:00:00,8.81,8.87,8.8,8.84
2026-02-13 08:00:00,8.83,8.91,8.81,8.9
2026-02-13 09:00:00,8.9,8.91,8.85,8.88
2026-02-13 10:00:00,8.88,8.91,8.86,8.9
2026-02-13 11:00:00,8.89,8.9,8.84,8.88
2026-02-13 12:00:00,8.88,8.88,8.82,8.86
2026-02-13 13:00:00,8.85,8.96,8.85,8.93
2026-02-13 14:00:00,8.93,9.04,8.88,8.98
2026-02-13 15:00:00,8.99,9.22,8.99,9.1
2026-02-13 16:00:00,9.1,9.26,9.1,9.19
2026-02-13 17:00:00,9.19,9.21,9.14,9.17
2026-02-13 18:00:00,9.17,9.21,9.13,9.18
2026-02-13 19:00:00,9.18,9.21,9.16,9.18
2026-02-13 20:00:00,9.18,9.21,9.15,9.2
2026-02-13 21:00:00,9.2,9.25,9.2,9.22
2026-02-13 22:00:00,9.22,9.25,9.18,9.19
2026-02-13 23:00:00,9.19,9.2,9.14,9.14
2026-02-14 00:00:00,9.15,9.22,9.12,9.19
2026-02-14 01:00:00,9.18,9.2,9.16,9.17
2026-02-14 02:00:00,9.18,9.19,9.16,9.19
2026-02-14 03:00:00,9.18,9.22,9.18,9.2
2026-02-14 04:00:00,9.2,9.21,9.17,9.17
2026-02-14 05:00:00,9.17,9.19,9.15,9.16
2026-02-14 06:00:00,9.17,9.18,9.13,9.18
2026-02-14 07:00:00,9.17,9.21,9.17,9.2
2026-02-14 08:00:00,9.19,9.28,9.19,9.26
2026-02-14 09:00:00,9.26,9.27,9.23,9.26
2026-02-14 10:00:00,9.25,9.26,9.22,9.25
2026-02-14 11:00:00,9.25,9.39,9.24,9.38
2026-02-14 12:00:00,9.38,9.4,9.3,9.3
2026-02-14 13:00:00,9.31,9.31,9.25,9.29
2026-02-14 14:00:00,9.29,9.39,9.28,9.37
2026-02-14 15:00:00,9.37,9.39,9.33,9.38
2026-02-14 16:00:00,9.39,9.46,9.34,9.43
2026-02-14 17:00:00,9.44,9.5,9.4,9.47
2026-02-14 18:00:00,9.46,9.57,9.45,9.56
2026-02-14 19:00:00,9.57,9.64,9.49,9.63
2026-02-14 20:00:00,9.64,9.66,9.54,9.6
2026-02-14 21:00:00,9.6,9.66,9.56,9.65
2026-02-14 22:00:00,9.65,9.72,9.64,9.64
2026-02-14 23:00:00,9.64,9.65,9.56,9.59
2026-02-15 00:00:00,9.6,9.62,9.53,9.58
2026-02-15 01:00:00,9.58,9.64,9.52,9.58
2026-02-15 02:00:00,9.58,9.63,9.49,9.55
2026-02-15 03:00:00,9.55,9.6,9.47,9.6
2026-02-15 04:00:00,9.59,9.71,9.58,9.61
2026-02-15 05:00:00,9.62,9.72,9.61,9.69
2026-02-15 06:00:00,9.69,9.7,9.61,9.64
2026-02-15 07:00:00,9.64,9.75,9.63,9.7
2026-02-15 08:00:00,9.7,9.71,9.53,9.58
2026-02-15 09:00:00,9.58,9.65,9.57,9.58
2026-02-15 10:00:00,9.59,9.6,9.51,9.55
2026-02-15 11:00:00,9.55,9.57,9.51,9.52
2026-02-15 12:00:00,9.52,9.54,9.33,9.34
2026-02-15 13:00:00,9.33,9.42,9.28,9.29
2026-02-15 14:00:00,9.3,9.38,9.29,9.38
2026-02-15 15:00:00,9.37,9.4,9.36,9.38
2026-02-15 16:00:00,9.38,9.39,9.32,9.37
2026-02-15 17:00:00,9.37,9.38,9.19,9.25
2026-02-15 18:00:00,9.25,9.27,9.17,9.2
2026-02-15 19:00:00,9.19,9.24,9.14,9.18
2026-02-15 20:00:00,9.18,9.24,9.14,9.23
2026-02-15 21:00:00,9.22,9.29,9.22,9.25
2026-02-15 22:00:00,9.24,9.31,9.22,9.29
2026-02-15 23:00:00,9.28,9.3,9.21,9.29
2026-02-16 00:00:00,9.29,9.34,9.25,9.29
2026-02-16 01:00:00,9.29,9.33,9.21,9.24
2026-02-16 02:00:00,9.25,9.27,9.2,9.21
2026-02-16 03:00:00,9.22,9.25,9.2,9.24
2026-02-16 04:00:00,9.24,9.32,9.23,9.31
2026-02-16 05:00:00,9.32,9.34,9.18,9.2
2026-02-16 06:00:00,9.21,9.28,9.19,9.26
2026-02-16 07:00:00,9.27,9.31,9.23,9.26
2026-02-16 08:00:00,9.26,9.31,9.26,9.28
2026-02-16 09:00:00,9.28,9.35,9.27,9.32
2026-02-16 10:00:00,9.32,9.33,9.26,9.28
2026-02-16 11:00:00,9.27,9.29,9.17,9.27
2026-02-16 12:00:00,9.27,9.39,9.26,9.37
2026-02-16 13:00:00,9.37,9.42,9.19,9.21
2026-02-16 14:00:00,9.21,9.28,9.16,9.22
2026-02-16 15:00:00,9.23,9.26,9.05,9.09
2026-02-16 16:00:00,9.09,9.15,9.06,9.13
2026-02-16 17:00:00,9.13,9.19,9.11,9.16
2026-02-16 18:00:00,9.16,9.18,9.12,9.13
2026-02-16 19:00:00,9.13,9.17,9.12,9.15
2026-02-16 20:00:00,9.14,9.22,9.11,9.21
2026-02-16 21:00:00,9.2,9.28,9.18,9.28
2026-02-16 22:00:00,9.28,9.31,9.25,9.27
2026-02-16 23:00:00,9.27,9.28,9.25,9.26
2026-02-17 00:00:00,9.26,9.28,9.24,9.24
2026-02-17 01:00:00,9.25,9.28,9.21,9.23
2026-02-17 02:00:00,9.22,9.3,9.18,9.28
2026-02-17 03:00:00,9.28,9.28,9.22,9.22
2026-02-17 04:00:00,9.23,9.25,9.19,9.22
2026-02-17 05:00:00,9.23,9.24,9.13,9.17
2026-02-17 06:00:00,9.17,9.21,9.17,9.2
2026-02-17 07:00:00,9.19,9.22,9.17,9.2
2026-02-17 08:00:00,9.2,9.22,9.15,9.16
2026-02-17 09:00:00,9.15,9.17,9.11,9.13
2026-02-17 10:00:00,9.13,9.14,9.06,9.09
2026-02-17 11:00:00,9.09,9.13,9.07,9.11
2026-02-17 12:00:00,9.11,9.18,9.1,9.14
2026-02-17 13:00:00,9.15,9.23,9.13,9.19
2026-02-17 14:00:00,9.2,9.23,9,9.04
2026-02-17 15:00:00,9.04,9.12,9.01,9.08
2026-02-17 16:00:00,9.08,9.29,9.08,9.14
2026-02-17 17:00:00,9.14,9.17,9.04,9.08
2026-02-17 18:00:00,9.07,9.26,9.07,9.23
2026-02-17 19:00:00,9.23,9.25,9.17,9.18
2026-02-17 20:00:00,9.17,9.19,9.13,9.16
2026-02-17 21:00:00,9.16,9.19,9.14,9.17
2026-02-17 22:00:00,9.17,9.2,9.15,9.16
2026-02-17 23:00:00,9.16,9.17,9.13,9.14
2026-02-18 00:00:00,9.13,9.15,9.1,9.11
2026-02-18 01:00:00,9.11,9.12,9.06,9.11
2026-02-18 02:00:00,9.1,9.17,9.1,9.12
2026-02-18 03:00:00,9.11,9.14,9.09,9.11
2026-02-18 04:00:00,9.11,9.12,9.06,9.07
2026-02-18 05:00:00,9.08,9.09,9.03,9.04
2026-02-18 06:00:00,9.04,9.1,9.03,9.06
2026-02-18 07:00:00,9.07,9.15,9.05,9.12
2026-02-18 08:00:00,9.13,9.21,9.12,9.13
2026-02-18 09:00:00,9.14,9.15,9.11,9.12
2026-02-18 10:00:00,9.12,9.15,9.08,9.09
2026-02-18 11:00:00,9.09,9.11,9,9.05
2026-02-18 12:00:00,9.05,9.07,9.01,9.05
2026-02-18 13:00:00,9.05,9.07,8.97,8.99
2026-02-18 14:00:00,9,9.03,8.94,9.02
2026-02-18 15:00:00,9.02,9.2,9.02,9.12
2026-02-18 16:00:00,9.12,9.12,9.02,9.04
2026-02-18 17:00:00,9.03,9.11,9.01,9.02
2026-02-18 18:00:00,9.02,9.03,8.9,8.93
2026-02-18 19:00:00,8.92,8.96,8.82,8.89
2026-02-18 20:00:00,8.88,8.92,8.85,8.87
2026-02-18 21:00:00,8.87,8.9,8.84,8.85
2026-02-18 22:00:00,8.85,8.87,8.8,8.85
2026-02-18 23:00:00,8.85,8.86,8.84,8.86
2026-02-19 00:00:00,8.86,8.87,8.83,8.84
2026-02-19 01:00:00,8.84,8.91,8.84,8.91
2026-02-19 02:00:00,8.91,8.92,8.87,8.9
2026-02-19 03:00:00,8.9,8.93,8.89,8.91
2026-02-19 04:00:00,8.91,8.94,8.89,8.9
2026-02-19 05:00:00,8.9,8.91,8.84,8.88
2026-02-19 06:00:00,8.87,8.94,8.87,8.9
2026-02-19 07:00:00,8.91,8.93,8.88,8.9
2026-02-19 08:00:00,8.91,8.91,8.8,8.83
2026-02-19 09:00:00,8.83,8.87,8.82,8.84
2026-02-19 10:00:00,8.84,8.86,8.8,8.83
2026-02-19 11:00:00,8.83,8.85,8.78,8.79
2026-02-19 12:00:00,8.8,8.83,8.78,8.8
2026-02-19 13:00:00,8.79,8.8,8.66,8.7
2026-02-19 14:00:00,8.7,8.81,8.68,8.78
2026-02-19 15:00:00,8.79,8.86,8.76,8.83
2026-02-19 16:00:00,8.83,8.91,8.74,8.85
2026-02-19 17:00:00,8.85,8.94,8.78,8.8
2026-02-19 18:00:00,8.8,8.91,8.79,8.89
2026-02-19 19:00:00,8.9,8.92,8.83,8.89
2026-02-19 20:00:00,8.88,8.94,8.87,8.9
2026-02-19 21:00:00,8.9,8.92,8.88,8.9
2026-02-19 22:00:00,8.9,8.91,8.86,8.91
2026-02-19 23:00:00,8.91,8.92,8.89,8.91
2026-02-20 00:00:00,8.9,8.98,8.89,8.94
2026-02-20 01:00:00,8.94,8.95,8.91,8.94
2026-02-20 02:00:00,8.94,8.96,8.92,8.94
2026-02-20 03:00:00,8.93,8.96,8.92,8.94
2026-02-20 04:00:00,8.95,8.95,8.88,8.92
2026-02-20 05:00:00,8.93,9.04,8.9,9.01
2026-02-20 06:00:00,9,9.09,8.99,9.08
2026-02-20 07:00:00,9.08,9.29,9.08,9.19
2026-02-20 08:00:00,9.19,9.27,9.19,9.22
2026-02-20 09:00:00,9.22,9.33,9.22,9.28
2026-02-20 10:00:00,9.28,9.36,9.22,9.24
2026-02-20 11:00:00,9.23,9.24,9.1,9.12
2026-02-20 12:00:00,9.12,9.13,9.08,9.1
2026-02-20 13:00:00,9.1,9.13,8.93,8.99
2026-02-20 14:00:00,8.98,9.07,8.97,9.03
2026-02-20 15:00:00,9.03,9.2,9.02,9.18
2026-02-20 16:00:00,9.18,9.25,9.1,9.16
2026-02-20 17:00:00,9.16,9.16,9,9.15
2026-02-20 18:00:00,9.15,9.18,9.09,9.14
2026-02-20 19:00:00,9.14,9.16,9.1,9.14
2026-02-20 20:00:00,9.15,9.16,9.1,9.14
2026-02-20 21:00:00,9.13,9.16,9.11,9.14
2026-02-20 22:00:00,9.15,9.17,9.12,9.15
2026-02-20 23:00:00,9.14,9.18,9.13,9.17
2026-02-21 00:00:00,9.17,9.18,9.12,9.13
2026-02-21 01:00:00,9.14,9.16,9.12,9.15
2026-02-21 02:00:00,9.15,9.2,9.14,9.19
2026-02-21 03:00:00,9.19,9.2,9.13,9.16
2026-02-21 04:00:00,9.17,9.18,9.14,9.17
2026-02-21 05:00:00,9.18,9.21,9.17,9.2
2026-02-21 06:00:00,9.21,9.21,9.13,9.15
2026-02-21 07:00:00,9.15,9.17,9.13,9.15
2026-02-21 08:00:00,9.15,9.22,9.14,9.21
2026-02-21 09:00:00,9.21,9.26,9.19,9.24
2026-02-21 10:00:00,9.24,9.29,9.23,9.27
2026-02-21 11:00:00,9.26,9.3,9.25,9.27
2026-02-21 12:00:00,9.28,9.29,9.25,9.29
2026-02-21 13:00:00,9.29,9.36,9.28,9.35
2026-02-21 14:00:00,9.35,9.45,9.32,9.35
2026-02-21 15:00:00,9.36,9.37,9.26,9.29
2026-02-21 16:00:00,9.28,9.29,9.2,9.23
2026-02-21 17:00:00,9.22,9.29,9.21,9.27
2026-02-21 18:00:00,9.27,9.31,9.27,9.3
2026-02-21 19:00:00,9.31,9.31,9.25,9.27
2026-02-21 20:00:00,9.26,9.28,9.15,9.16
2026-02-21 21:00:00,9.16,9.21,9.14,9.2
2026-02-21 22:00:00,9.19,9.2,9.16,9.16
2026-02-21 23:00:00,9.17,9.17,9.11,9.12
2026-02-22 00:00:00,9.12,9.12,9.03,9.07
2026-02-22 01:00:00,9.06,9.11,9.05,9.09
2026-02-22 02:00:00,9.08,9.11,9.03,9.03
2026-02-22 03:00:00,9.03,9.06,9.01,9.05
2026-02-22 04:00:00,9.05,9.07,9.03,9.04
2026-02-22 05:00:00,9.04,9.05,8.99,9.01
2026-02-22 06:00:00,9,9.02,8.96,9.01
2026-02-22 07:00:00,9.01,9.03,9,9.02
2026-02-22 08:00:00,9.01,9.03,8.97,8.99
2026-02-22 09:00:00,8.98,9,8.97,9
2026-02-22 10:00:00,9,9.06,8.99,9.03
2026-02-22 11:00:00,9.02,9.04,8.99,9.01
2026-02-22 12:00:00,9,9.01,8.9,8.93
2026-02-22 13:00:00,8.93,8.94,8.87,8.91
2026-02-22 14:00:00,8.9,8.91,8.83,8.87
2026-02-22 15:00:00,8.87,8.91,8.82,8.88
2026-02-22 16:00:00,8.89,8.89,8.85,8.88
2026-02-22 17:00:00,8.88,8.89,8.8,8.81
2026-02-22 18:00:00,8.81,8.84,8.8,8.82
2026-02-22 19:00:00,8.83,8.83,8.8,8.83
2026-02-22 20:00:00,8.82,8.82,8.79,8.8
2026-02-22 21:00:00,8.81,8.84,8.79,8.82
2026-02-22 22:00:00,8.82,8.87,8.81,8.86
2026-02-22 23:00:00,8.87,8.89,8.83,8.87
2026-02-23 00:00:00,8.87,8.9,8.77,8.79
2026-02-23 01:00:00,8.78,8.78,8.34,8.37
2026-02-23 02:00:00,8.36,8.44,8.33,8.42
2026-02-23 03:00:00,8.42,8.47,8.36,8.41
2026-02-23 04:00:00,8.42,8.43,8.33,8.36
2026-02-23 05:00:00,8.36,8.45,8.35,8.43
2026-02-23 06:00:00,8.43,8.58,8.43,8.58
2026-02-23 07:00:00,8.57,8.61,8.54,8.57
2026-02-23 08:00:00,8.56,8.56,8.5,8.52
2026-02-23 09:00:00,8.52,8.72,8.52,8.7
2026-02-23 10:00:00,8.7,8.72,8.66,8.68
2026-02-23 11:00:00,8.68,8.72,8.63,8.65
2026-02-23 12:00:00,8.65,8.78,8.64,8.73
2026-02-23 13:00:00,8.74,8.75,8.68,8.68
2026-02-23 14:00:00,8.69,8.7,8.59,8.64
2026-02-23 15:00:00,8.64,8.66,8.55,8.57
2026-02-23 16:00:00,8.57,8.62,8.51,8.56
2026-02-23 17:00:00,8.56,8.58,8.34,8.44
2026-02-23 18:00:00,8.44,8.51,8.41,8.42
2026-02-23 19:00:00,8.42,8.44,8.36,8.37
2026-02-23 20:00:00,8.37,8.38,8.27,8.35
2026-02-23 21:00:00,8.35,8.42,8.34,8.41
2026-02-23 22:00:00,8.41,8.45,8.4,8.41
2026-02-23 23:00:00,8.42,8.44,8.35,8.36
2026-02-24 00:00:00,8.37,8.44,8.36,8.42
2026-02-24 01:00:00,8.42,8.45,8.21,8.37
2026-02-24 02:00:00,8.37,8.43,8.35,8.39
2026-02-24 03:00:00,8.38,8.38,8.28,8.31
2026-02-24 04:00:00,8.31,8.32,8.24,8.28
2026-02-24 05:00:00,8.27,8.31,8.21,8.25
2026-02-24 06:00:00,8.25,8.28,8.23,8.24
2026-02-24 07:00:00,8.24,8.28,8.22,8.26
2026-02-24 08:00:00,8.26,8.33,8.23,8.31
2026-02-24 09:00:00,8.3,8.31,8.23,8.29
2026-02-24 10:00:00,8.29,8.3,8.26,8.28
2026-02-24 11:00:00,8.28,8.34,8.25,8.32
2026-02-24 12:00:00,8.32,8.37,8.3,8.3
2026-02-24 13:00:00,8.31,8.32,8.2,8.26
2026-02-24 14:00:00,8.25,8.38,8.18,8.32
2026-02-24 15:00:00,8.32,8.37,8.3,8.34
2026-02-24 16:00:00,8.33,8.41,8.32,8.39
2026-02-24 17:00:00,8.4,8.41,8.35,8.38
2026-02-24 18:00:00,8.38,8.43,8.34,8.4
2026-02-24 19:00:00,8.39,8.42,8.32,8.35
2026-02-24 20:00:00,8.35,8.38,8.33,8.35
2026-02-24 21:00:00,8.35,8.35,8.28,8.31
2026-02-24 22:00:00,8.31,8.36,8.29,8.31
2026-02-24 23:00:00,8.32,8.32,8.25,8.29
2026-02-25 00:00:00,8.28,8.34,8.26,8.33
2026-02-25 01:00:00,8.33,8.7,8.32,8.62
2026-02-25 02:00:00,8.62,8.71,8.6,8.63
2026-02-25 03:00:00,8.63,8.64,8.5,8.51
2026-02-25 04:00:00,8.51,8.57,8.45,8.54
2026-02-25 05:00:00,8.53,8.54,8.41,8.48
2026-02-25 06:00:00,8.47,8.54,8.47,8.51
2026-02-25 07:00:00,8.51,8.59,8.51,8.57
2026-02-25 08:00:00,8.58,8.64,8.54,8.63
2026-02-25 09:00:00,8.62,8.75,8.62,8.74
2026-02-25 10:00:00,8.74,8.83,8.74,8.8
2026-02-25 11:00:00,8.8,8.99,8.76,8.97
2026-02-25 12:00:00,8.97,9.34,8.95,9.3
2026-02-25 13:00:00,9.31,9.51,9.31,9.39
2026-02-25 14:00:00,9.39,9.49,9.32,9.48
2026-02-25 15:00:00,9.48,9.6,9.45,9.52
2026-02-25 16:00:00,9.53,9.82,9.53,9.8
2026-02-25 17:00:00,9.8,9.82,9.62,9.66
2026-02-25 18:00:00,9.67,9.77,9.57,9.73
2026-02-25 19:00:00,9.73,9.78,9.63,9.74
2026-02-25 20:00:00,9.75,9.78,9.64,9.69
2026-02-25 21:00:00,9.69,9.83,9.63,9.7
2026-02-25 22:00:00,9.71,9.74,9.53,9.58
2026-02-25 23:00:00,9.58,9.65,9.41,9.51
2026-02-26 00:00:00,9.51,9.64,9.47,9.53
2026-02-26 01:00:00,9.52,9.58,9.49,9.5
2026-02-26 02:00:00,9.51,9.53,9.43,9.48
2026-02-26 03:00:00,9.48,9.5,9.43,9.45
2026-02-26 04:00:00,9.45,9.57,9.44,9.51
2026-02-26 05:00:00,9.5,9.51,9.41,9.43
2026-02-26 06:00:00,9.44,9.46,9.34,9.36
2026-02-26 07:00:00,9.36,9.39,9.32,9.32
2026-02-26 08:00:00,9.32,9.38,9.31,9.32
2026-02-26 09:00:00,9.32,9.41,9.32,9.38
2026-02-26 10:00:00,9.38,9.41,9.28,9.3
2026-02-26 11:00:00,9.3,9.31,9.24,9.24
2026-02-26 12:00:00,9.24,9.37,9.24,9.35
2026-02-26 13:00:00,9.36,9.38,9.32,9.34
2026-02-26 14:00:00,9.33,9.39,9.27,9.32
2026-02-26 15:00:00,9.33,9.36,9.21,9.31
2026-02-26 16:00:00,9.31,9.32,9.09,9.12
2026-02-26 17:00:00,9.12,9.19,9.1,9.13
2026-02-26 18:00:00,9.12,9.23,9.09,9.21
2026-02-26 19:00:00,9.21,9.35,9.21,9.31
2026-02-26 20:00:00,9.3,9.34,9.23,9.25
2026-02-26 21:00:00,9.25,9.28,9.23,9.25
2026-02-26 22:00:00,9.25,9.34,9.24,9.33
2026-02-26 23:00:00,9.32,9.33,9.29,9.31
2026-02-27 00:00:00,9.31,9.32,9.25,9.28
2026-02-27 01:00:00,9.29,9.31,9.25,9.3
2026-02-27 02:00:00,9.31,9.38,9.3,9.35
2026-02-27 03:00:00,9.34,9.43,9.32,9.41
2026-02-27 04:00:00,9.41,9.48,9.38,9.4
2026-02-27 05:00:00,9.4,9.43,9.38,9.41
2026-02-27 06:00:00,9.41,9.44,9.36,9.41
2026-02-27 07:00:00,9.41,9.42,9.34,9.38
2026-02-27 08:00:00,9.38,9.43,9.36,9.38
2026-02-27 09:00:00,9.38,9.4,9.25,9.28
2026-02-27 10:00:00,9.27,9.28,9.08,9.11
2026-02-27 11:00:00,9.1,9.13,8.99,9.04
2026-02-27 12:00:00,9.03,9.06,9,9.03
2026-02-27 13:00:00,9.02,9.06,8.92,9.01
2026-02-27 14:00:00,9.01,9.02,8.93,8.96
2026-02-27 15:00:00,8.96,9.03,8.95,9.02
2026-02-27 16:00:00,9.01,9.02,8.9,8.91
2026-02-27 17:00:00,8.92,8.97,8.86,8.95
2026-02-27 18:00:00,8.95,8.98,8.93,8.93
2026-02-27 19:00:00,8.93,8.96,8.85,8.9
2026-02-27 20:00:00,8.89,8.92,8.88,8.9
2026-02-27 21:00:00,8.91,8.94,8.87,8.89
2026-02-27 22:00:00,8.9,8.9,8.78,8.9
2026-02-27 23:00:00,8.9,8.97,8.89,8.95
2026-02-28 00:00:00,8.95,8.98,8.94,8.96
2026-02-28 01:00:00,8.96,8.97,8.89,8.91
2026-02-28 02:00:00,8.91,8.94,8.91,8.93
2026-02-28 03:00:00,8.93,8.93,8.87,8.89
2026-02-28 04:00:00,8.89,8.9,8.85,8.89
2026-02-28 05:00:00,8.89,8.91,8.86,8.88
2026-02-28 06:00:00,8.89,8.89,8.51,8.54
2026-02-28 07:00:00,8.54,8.73,8.49,8.63
2026-02-28 08:00:00,8.62,8.63,8.47,8.49
2026-02-28 09:00:00,8.48,8.51,8.42,8.48
2026-02-28 10:00:00,8.48,8.56,8.44,8.51
2026-02-28 11:00:00,8.51,8.57,8.47,8.47
2026-02-28 12:00:00,8.47,8.52,8.46,8.51
2026-02-28 13:00:00,8.51,8.71,8.49,8.7
2026-02-28 14:00:00,8.7,8.75,8.58,8.6
2026-02-28 15:00:00,8.61,8.67,8.55,8.64
2026-02-28 16:00:00,8.63,8.69,8.61,8.68
2026-02-28 17:00:00,8.68,8.75,8.64,8.73
2026-02-28 18:00:00,8.73,8.96,8.71,8.89
2026-02-28 19:00:00,8.9,8.99,8.82,8.94
2026-02-28 20:00:00,8.93,9.17,8.91,9.15
2026-02-28 21:00:00,9.15,9.19,9.08,9.13
2026-02-28 22:00:00,9.13,9.27,9.12,9.2
2026-02-28 23:00:00,9.2,9.21,9.12,9.16
2026-03-01 00:00:00,9.17,9.22,9.13,9.14
2026-03-01 01:00:00,9.13,9.34,9.05,9.27
2026-03-01 02:00:00,9.26,9.43,9.26,9.35
2026-03-01 03:00:00,9.35,9.38,9.23,9.26
2026-03-01 04:00:00,9.26,9.29,9.18,9.26
2026-03-01 05:00:00,9.27,9.31,9.26,9.26
2026-03-01 06:00:00,9.27,9.27,9.16,9.18
2026-03-01 07:00:00,9.18,9.24,9.16,9.22
2026-03-01 08:00:00,9.22,9.26,9.12,9.14
2026-03-01 09:00:00,9.14,9.23,9.1,9.14
2026-03-01 10:00:00,9.14,9.2,9.1,9.16
2026-03-01 11:00:00,9.17,9.18,9.11,9.12
2026-03-01 12:00:00,9.12,9.15,9.06,9.07
2026-03-01 13:00:00,9.07,9.22,9.03,9.16
2026-03-01 14:00:00,9.16,9.24,9.11,9.14
2026-03-01 15:00:00,9.14,9.21,9.13,9.13
2026-03-01 16:00:00,9.13,9.17,8.97,9.02
2026-03-01 17:00:00,9.03,9.05,8.95,9.01
2026-03-01 18:00:00,9.01,9.1,9,9.03
2026-03-01 19:00:00,9.03,9.04,8.94,8.96
2026-03-01 20:00:00,8.95,8.96,8.85,8.87
2026-03-01 21:00:00,8.87,8.95,8.86,8.95
2026-03-01 22:00:00,8.94,9.08,8.93,8.96
2026-03-01 23:00:00,8.96,9.07,8.95,9.04
2026-03-02 00:00:00,9.03,9.14,9,9.09
2026-03-02 01:00:00,9.1,9.2,9.08,9.1
2026-03-02 02:00:00,9.11,9.12,9.02,9.05
2026-03-02 03:00:00,9.05,9.15,9.03,9.12
2026-03-02 04:00:00,9.12,9.14,9.08,9.09
2026-03-02 05:00:00,9.1,9.12,9.05,9.07
2026-03-02 06:00:00,9.07,9.07,8.93,8.96
2026-03-02 07:00:00,8.95,8.95,8.88,8.93
2026-03-02 08:00:00,8.93,8.99,8.86,8.97
2026-03-02 09:00:00,8.97,9.04,8.96,8.96
2026-03-02 10:00:00,8.96,8.98,8.93,8.96
2026-03-02 11:00:00,8.96,9.01,8.93,8.98
2026-03-02 12:00:00,8.98,8.99,8.94,8.96
2026-03-02 13:00:00,8.96,8.98,8.9,8.91
2026-03-02 14:00:00,8.91,9.16,8.9,9.14
2026-03-02 15:00:00,9.15,9.4,9.13,9.3
2026-03-02 16:00:00,9.31,9.48,9.31,9.37
2026-03-02 17:00:00,9.37,9.38,9.19,9.28
2026-03-02 18:00:00,9.27,9.3,9.2,9.23
2026-03-02 19:00:00,9.24,9.26,9.19,9.23
2026-03-02 20:00:00,9.24,9.29,9.19,9.22
2026-03-02 21:00:00,9.22,9.23,9.17,9.21
2026-03-02 22:00:00,9.22,9.29,9.21,9.26
2026-03-02 23:00:00,9.26,9.28,9.15,9.17
2026-03-03 00:00:00,9.18,9.24,9.15,9.22
2026-03-03 01:00:00,9.22,9.26,9.16,9.17
2026-03-03 02:00:00,9.16,9.18,9.08,9.16
2026-03-03 03:00:00,9.16,9.18,9.11,9.16
2026-03-03 04:00:00,9.15,9.18,9.11,9.12
2026-03-03 05:00:00,9.11,9.2,9.07,9.1
2026-03-03 06:00:00,9.1,9.12,9.07,9.1
2026-03-03 07:00:00,9.1,9.14,9.09,9.12
2026-03-03 08:00:00,9.11,9.13,8.99,9
2026-03-03 09:00:00,9.01,9.05,8.96,9
2026-03-03 10:00:00,8.99,9.01,8.94,8.99
2026-03-03 11:00:00,8.99,9.03,8.97,9.01
2026-03-03 12:00:00,9.02,9.12,9.01,9.06
2026-03-03 13:00:00,9.06,9.07,8.95,8.97
2026-03-03 14:00:00,8.97,9.08,8.9,8.97
2026-03-03 15:00:00,8.97,9.19,8.94,9.17
2026-03-03 16:00:00,9.16,9.34,9.09,9.2
2026-03-03 17:00:00,9.2,9.25,9.14,9.24
2026-03-03 18:00:00,9.24,9.32,9.21,9.24
2026-03-03 19:00:00,9.25,9.25,9.16,9.18
2026-03-03 20:00:00,9.18,9.19,9.13,9.14
2026-03-03 21:00:00,9.14,9.15,9.07,9.11
2026-03-03 22:00:00,9.12,9.21,9.1,9.17
2026-03-03 23:00:00,9.17,9.25,9.17,9.18
2026-03-04 00:00:00,9.18,9.21,9.14,9.18
2026-03-04 01:00:00,9.18,9.25,9.14,9.19
2026-03-04 02:00:00,9.19,9.23,9.15,9.22
2026-03-04 03:00:00,9.21,9.23,9.1,9.18
2026-03-04 04:00:00,9.18,9.2,9.06,9.11
2026-03-04 05:00:00,9.11,9.12,9,9.05
2026-03-04 06:00:00,9.04,9.1,9,9.08
2026-03-04 07:00:00,9.08,9.2,9.05,9.18
2026-03-04 08:00:00,9.18,9.42,9.16,9.38
2026-03-04 09:00:00,9.38,9.5,9.35,9.39
2026-03-04 10:00:00,9.39,9.43,9.33,9.34
2026-03-04 11:00:00,9.34,9.38,9.27,9.3
2026-03-04 12:00:00,9.3,9.33,9.24,9.32
2026-03-04 13:00:00,9.32,9.38,9.31,9.35
2026-03-04 14:00:00,9.35,9.52,9.34,9.38
2026-03-04 15:00:00,9.38,9.73,9.38,9.72
2026-03-04 16:00:00,9.71,9.75,9.53,9.57
2026-03-04 17:00:00,9.57,9.65,9.51,9.61
2026-03-04 18:00:00,9.61,9.64,9.53,9.63
2026-03-04 19:00:00,9.63,9.78,9.62,9.67
2026-03-04 20:00:00,9.66,9.68,9.58,9.58
2026-03-04 21:00:00,9.58,9.59,9.51,9.55
2026-03-04 22:00:00,9.55,9.61,9.46,9.48
2026-03-04 23:00:00,9.48,9.53,9.43,9.5
2026-03-05 00:00:00,9.49,9.51,9.45,9.47
2026-03-05 01:00:00,9.47,9.54,9.41,9.44
2026-03-05 02:00:00,9.43,9.52,9.43,9.48
2026-03-05 03:00:00,9.48,9.5,9.43,9.45
2026-03-05 04:00:00,9.46,9.51,9.44,9.48
2026-03-05 05:00:00,9.47,9.49,9.39,9.41
2026-03-05 06:00:00,9.42,9.47,9.36,9.45
2026-03-05 07:00:00,9.44,9.45,9.34,9.38
2026-03-05 08:00:00,9.39,9.44,9.36,9.43
2026-03-05 09:00:00,9.44,9.51,9.43,9.47
2026-03-05 10:00:00,9.46,9.58,9.44,9.56
2026-03-05 11:00:00,9.55,9.56,9.43,9.46
2026-03-05 12:00:00,9.45,9.53,9.44,9.5
2026-03-05 13:00:00,9.51,9.52,9.38,9.44
2026-03-05 14:00:00,9.44,9.53,9.42,9.5
2026-03-05 15:00:00,9.51,9.52,9.34,9.41
2026-03-05 16:00:00,9.41,9.41,9.28,9.38
2026-03-05 17:00:00,9.37,9.43,9.26,9.27
2026-03-05 18:00:00,9.27,9.36,9.26,9.35
2026-03-05 19:00:00,9.35,9.46,9.35,9.39
2026-03-05 20:00:00,9.39,9.51,9.37,9.47
2026-03-05 21:00:00,9.47,9.51,9.42,9.44
2026-03-05 22:00:00,9.44,9.44,9.39,9.42
2026-03-05 23:00:00,9.41,9.43,9.37,9.39
2026-03-06 00:00:00,9.38,9.4,9.36,9.38
2026-03-06 01:00:00,9.39,9.44,9.33,9.44
2026-03-06 02:00:00,9.44,9.45,9.38,9.4
2026-03-06 03:00:00,9.4,9.42,9.38,9.42
2026-03-06 04:00:00,9.42,9.43,9.33,9.37
2026-03-06 05:00:00,9.36,9.38,9.31,9.37
2026-03-06 06:00:00,9.37,9.4,9.34,9.36
2026-03-06 07:00:00,9.37,9.46,9.34,9.46
2026-03-06 08:00:00,9.46,9.46,9.39,9.4
2026-03-06 09:00:00,9.41,9.41,9.28,9.32
2026-03-06 10:00:00,9.31,9.38,9.31,9.33
2026-03-06 11:00:00,9.33,9.34,9.24,9.26
2026-03-06 12:00:00,9.25,9.26,9.17,9.21
2026-03-06 13:00:00,9.21,9.24,9.08,9.09
2026-03-06 14:00:00,9.09,9.1,8.92,8.96
2026-03-06 15:00:00,8.96,9.05,8.95,8.98
2026-03-06 16:00:00,8.97,9.01,8.93,8.97
2026-03-06 17:00:00,8.97,8.99,8.88,8.92
2026-03-06 18:00:00,8.92,8.98,8.91,8.96
2026-03-06 19:00:00,8.96,9,8.95,8.96
2026-03-06 20:00:00,8.97,8.98,8.92,8.95
2026-03-06 21:00:00,8.96,9.04,8.95,9.04
2026-03-06 22:00:00,9.04,9.07,9.01,9.06
2026-03-06 23:00:00,9.07,9.07,9.01,9.01
2026-03-07 00:00:00,9.01,9.07,9,9.05
2026-03-07 01:00:00,9.04,9.05,9.03,9.03
2026-03-07 02:00:00,9.04,9.05,9.02,9.05
2026-03-07 03:00:00,9.04,9.08,9.02,9.03
2026-03-07 04:00:00,9.03,9.03,8.98,9
2026-03-07 05:00:00,9,9.03,8.99,9.01
2026-03-07 06:00:00,9.02,9.02,8.97,8.98
2026-03-07 07:00:00,8.98,9.02,8.96,9.01
2026-03-07 08:00:00,9.01,9.05,9,9.01
2026-03-07 09:00:00,9,9.03,8.98,9.02
2026-03-07 10:00:00,9.03,9.03,9,9.01
2026-03-07 11:00:00,9,9.06,8.99,9.02
2026-03-07 12:00:00,9.01,9.03,8.98,8.99
2026-03-07 13:00:00,8.99,9.01,8.98,8.99
2026-03-07 14:00:00,9,9.01,8.94,8.99
2026-03-07 15:00:00,8.99,9.01,8.95,8.97
2026-03-07 16:00:00,8.96,8.99,8.96,8.98
2026-03-07 17:00:00,8.98,9.02,8.98,8.99
2026-03-07 18:00:00,9,9,8.92,8.94
2026-03-07 19:00:00,8.94,8.95,8.87,8.89
2026-03-07 20:00:00,8.89,8.93,8.88,8.93
2026-03-07 21:00:00,8.93,8.94,8.91,8.94
2026-03-07 22:00:00,8.94,8.94,8.87,8.89
2026-03-07 23:00:00,8.9,8.92,8.88,8.91
2026-03-08 00:00:00,8.91,8.92,8.88,8.89
2026-03-08 01:00:00,8.89,8.92,8.88,8.91
2026-03-08 02:00:00,8.91,8.91,8.81,8.83
2026-03-08 03:00:00,8.83,8.87,8.81,8.85
2026-03-08 04:00:00,8.86,8.87,8.79,8.82
2026-03-08 05:00:00,8.82,8.89,8.82,8.86
2026-03-08 06:00:00,8.86,8.87,8.83,8.87
2026-03-08 07:00:00,8.86,8.91,8.86,8.89
2026-03-08 08:00:00,8.89,8.89,8.84,8.88
2026-03-08 09:00:00,8.87,8.95,8.86,8.93
2026-03-08 10:00:00,8.93,9.02,8.93,8.98
2026-03-08 11:00:00,8.98,8.99,8.89,8.91
2026-03-08 12:00:00,8.92,9.02,8.85,8.96
2026-03-08 13:00:00,8.95,8.97,8.84,8.9
2026-03-08 14:00:00,8.89,8.93,8.86,8.9
2026-03-08 15:00:00,8.9,8.9,8.84,8.88
2026-03-08 16:00:00,8.87,8.88,8.82,8.83
2026-03-08 17:00:00,8.84,8.89,8.83,8.86
2026-03-08 18:00:00,8.86,8.87,8.82,8.85
2026-03-08 19:00:00,8.86,8.98,8.85,8.96
2026-03-08 20:00:00,8.96,8.99,8.92,8.94
2026-03-08 21:00:00,8.94,8.95,8.86,8.91
2026-03-08 22:00:00,8.9,8.9,8.69,8.85
2026-03-08 23:00:00,8.85,8.89,8.8,8.82
2026-03-09 00:00:00,8.82,8.98,8.82,8.91
2026-03-09 01:00:00,8.9,8.93,8.84,8.84
2026-03-09 02:00:00,8.84,8.94,8.81,8.92
2026-03-09 03:00:00,8.91,9.09,8.91,8.97
2026-03-09 04:00:00,8.98,9.04,8.97,8.99
2026-03-09 05:00:00,8.99,9.26,8.98,9.21
2026-03-09 06:00:00,9.21,9.29,9.12,9.12
2026-03-09 07:00:00,9.13,9.13,9.02,9.08
2026-03-09 08:00:00,9.08,9.16,9.07,9.09
2026-03-09 09:00:00,9.08,9.18,9.05,9.11
2026-03-09 10:00:00,9.11,9.12,9.04,9.07
2026-03-09 11:00:00,9.06,9.1,9.02,9.09
2026-03-09 12:00:00,9.08,9.17,9.08,9.14
2026-03-09 13:00:00,9.13,9.33,9.12,9.29
2026-03-09 14:00:00,9.28,9.32,9.2,9.25
2026-03-09 15:00:00,9.26,9.29,9.21,9.28
2026-03-09 16:00:00,9.27,9.34,9.27,9.29
2026-03-09 17:00:00,9.29,9.33,9.23,9.25
2026-03-09 18:00:00,9.26,9.31,9.21,9.25
2026-03-09 19:00:00,9.25,9.53,9.23,9.39
2026-03-09 20:00:00,9.39,9.43,9.34,9.37
2026-03-09 21:00:00,9.36,9.4,9.33,9.36
2026-03-09 22:00:00,9.35,9.38,9.23,9.26
2026-03-09 23:00:00,9.25,9.29,9.23,9.26
2026-03-10 00:00:00,9.26,9.37,9.25,9.32
2026-03-10 01:00:00,9.32,9.38,9.31,9.35
2026-03-10 02:00:00,9.35,9.51,9.32,9.45
2026-03-10 03:00:00,9.45,9.47,9.31,9.33
2026-03-10 04:00:00,9.33,9.48,9.33,9.44
2026-03-10 05:00:00,9.43,9.43,9.37,9.39
2026-03-10 06:00:00,9.38,9.39,9.33,9.35
2026-03-10 07:00:00,9.35,9.41,9.34,9.41
2026-03-10 08:00:00,9.41,9.47,9.4,9.43
2026-03-10 09:00:00,9.44,9.6,9.43,9.58
2026-03-10 10:00:00,9.57,9.59,9.49,9.53
2026-03-10 11:00:00,9.54,9.59,9.48,9.5
2026-03-10 12:00:00,9.49,9.5,9.4,9.44
2026-03-10 13:00:00,9.44,9.49,9.33,9.38
2026-03-10 14:00:00,9.38,9.67,9.31,9.65
2026-03-10 15:00:00,9.64,9.81,9.62,9.77
2026-03-10 16:00:00,9.77,9.96,9.69,9.84
2026-03-10 17:00:00,9.83,9.96,9.82,9.88
2026-03-10 18:00:00,9.87,9.89,9.61,9.63
2026-03-10 19:00:00,9.63,9.65,9.55,9.6
2026-03-10 20:00:00,9.6,9.66,9.59,9.63
2026-03-10 21:00:00,9.63,9.66,9.51,9.54
2026-03-10 22:00:00,9.55,9.59,9.5,9.5
2026-03-10 23:00:00,9.5,9.54,9.49,9.53
2026-03-11 00:00:00,9.53,9.59,9.5,9.56
2026-03-11 01:00:00,9.56,9.57,9.5,9.56
2026-03-11 02:00:00,9.56,9.57,9.48,9.57
2026-03-11 03:00:00,9.56,9.6,9.54,9.54
2026-03-11 04:00:00,9.55,9.7,9.52,9.7
2026-03-11 05:00:00,9.69,9.74,9.49,9.5
2026-03-11 06:00:00,9.5,9.63,9.49,9.62
2026-03-11 07:00:00,9.62,9.62,9.49,9.51
2026-03-11 08:00:00,9.51,9.57,9.49,9.55
2026-03-11 09:00:00,9.55,9.57,9.5,9.52
2026-03-11 10:00:00,9.52,9.6,9.51,9.58
2026-03-11 11:00:00,9.58,9.62,9.54,9.55
2026-03-11 12:00:00,9.56,9.68,9.52,9.6
2026-03-11 13:00:00,9.61,9.86,9.6,9.72
2026-03-11 14:00:00,9.71,9.79,9.65,9.68
2026-03-11 15:00:00,9.69,9.7,9.51,9.6
2026-03-11 16:00:00,9.6,9.68,9.57,9.64
2026-03-11 17:00:00,9.64,9.75,9.61,9.68
2026-03-11 18:00:00,9.68,9.76,9.67,9.74
2026-03-11 19:00:00,9.74,9.75,9.69,9.7
2026-03-11 20:00:00,9.7,9.71,9.64,9.67
2026-03-11 21:00:00,9.67,9.67,9.61,9.65
2026-03-11 22:00:00,9.64,9.66,9.58,9.6
2026-03-11 23:00:00,9.61,9.62,9.53,9.55
2026-03-12 00:00:00,9.56,9.57,9.52,9.55
2026-03-12 01:00:00,9.54,9.55,9.49,9.51
2026-03-12 02:00:00,9.51,9.53,9.43,9.45
2026-03-12 03:00:00,9.45,9.52,9.44,9.49
2026-03-12 04:00:00,9.49,9.53,9.47,9.48
2026-03-12 05:00:00,9.48,9.5,9.45,9.47
2026-03-12 06:00:00,9.47,9.55,9.46,9.53
2026-03-12 07:00:00,9.53,9.59,9.5,9.59
2026-03-12 08:00:00,9.58,9.65,9.54,9.58
2026-03-12 09:00:00,9.58,9.64,9.51,9.59
2026-03-12 10:00:00,9.58,9.66,9.57,9.62
2026-03-12 11:00:00,9.61,9.63,9.55,9.57
2026-03-12 12:00:00,9.58,9.65,9.54,9.61
2026-03-12 13:00:00,9.61,9.64,9.51,9.57
2026-03-12 14:00:00,9.57,9.64,9.44,9.51
2026-03-12 15:00:00,9.5,9.63,9.49,9.59
2026-03-12 16:00:00,9.59,9.62,9.53,9.59
2026-03-12 17:00:00,9.6,9.61,9.52,9.55
2026-03-12 18:00:00,9.56,9.59,9.53,9.54
2026-03-12 19:00:00,9.54,9.62,9.52,9.61
2026-03-12 20:00:00,9.6,9.62,9.59,9.61
2026-03-12 21:00:00,9.61,9.67,9.61,9.66
2026-03-12 22:00:00,9.65,9.69,9.62,9.65
2026-03-12 23:00:00,9.65,9.74,9.65,9.67
2026-03-13 00:00:00,9.67,9.95,9.65,9.82
2026-03-13 01:00:00,9.82,9.97,9.82,9.95
2026-03-13 02:00:00,9.96,10.01,9.86,9.89
2026-03-13 03:00:00,9.9,9.98,9.85,9.95
2026-03-13 04:00:00,9.95,9.95,9.87,9.91
2026-03-13 05:00:00,9.92,10,9.88,9.95
2026-03-13 06:00:00,9.96,9.97,9.82,9.86
2026-03-13 07:00:00,9.85,9.89,9.82,9.85
2026-03-13 08:00:00,9.86,9.94,9.8,9.85
2026-03-13 09:00:00,9.84,9.97,9.81,9.95
2026-03-13 10:00:00,9.95,10.04,9.94,10.01
2026-03-13 11:00:00,10.02,10.02,9.98,10.01
2026-03-13 12:00:00,10.01,10.18,9.99,10.09
2026-03-13 13:00:00,10.09,10.29,10.07,10.22
2026-03-13 14:00:00,10.22,10.27,9.94,9.97
2026-03-13 15:00:00,9.97,10.04,9.87,9.89
2026-03-13 16:00:00,9.89,9.93,9.83,9.89
2026-03-13 17:00:00,9.89,9.92,9.73,9.76
2026-03-13 18:00:00,9.76,9.83,9.74,9.79
2026-03-13 19:00:00,9.79,9.79,9.74,9.77
2026-03-13 20:00:00,9.78,9.81,9.75,9.79
2026-03-13 21:00:00,9.8,9.83,9.74,9.76
2026-03-13 22:00:00,9.76,9.77,9.67,9.71
2026-03-13 23:00:00,9.71,9.73,9.69,9.72
2026-03-14 00:00:00,9.72,9.72,9.65,9.67
2026-03-14 01:00:00,9.66,9.71,9.63,9.7
2026-03-14 02:00:00,9.7,9.73,9.67,9.71
2026-03-14 03:00:00,9.71,9.76,9.7,9.74
2026-03-14 04:00:00,9.74,9.78,9.7,9.71
2026-03-14 05:00:00,9.72,9.72,9.64,9.67
2026-03-14 06:00:00,9.67,9.67,9.58,9.62
2026-03-14 07:00:00,9.62,9.62,9.59,9.59
2026-03-14 08:00:00,9.59,9.62,9.58,9.59
2026-03-14 09:00:00,9.6,9.62,9.55,9.56
2026-03-14 10:00:00,9.56,9.57,9.52,9.55
2026-03-14 11:00:00,9.55,9.59,9.54,9.58
2026-03-14 12:00:00,9.57,9.58,9.54,9.56
2026-03-14 13:00:00,9.57,9.59,9.55,9.58
2026-03-14 14:00:00,9.58,9.59,9.54,9.55
2026-03-14 15:00:00,9.55,9.58,9.54,9.56
2026-03-14 16:00:00,9.56,9.61,9.55,9.6
2026-03-14 17:00:00,9.61,9.61,9.57,9.58
2026-03-14 18:00:00,9.58,9.59,9.55,9.57
2026-03-14 19:00:00,9.57,9.58,9.56,9.57
2026-03-14 20:00:00,9.57,9.6,9.56,9.59
2026-03-14 21:00:00,9.59,9.62,9.57,9.61
2026-03-14 22:00:00,9.62,9.64,9.61,9.62
2026-03-14 23:00:00,9.63,9.73,9.63,9.73
2026-03-15 00:00:00,9.73,9.74,9.68,9.69
2026-03-15 01:00:00,9.69,9.73,9.65,9.71
2026-03-15 02:00:00,9.72,9.8,9.7,9.78
2026-03-15 03:00:00,9.79,9.81,9.69,9.71
2026-03-15 04:00:00,9.71,9.76,9.68,9.72
2026-03-15 05:00:00,9.71,9.76,9.69,9.71
2026-03-15 06:00:00,9.72,9.73,9.66,9.7
2026-03-15 07:00:00,9.71,9.75,9.7,9.72
2026-03-15 08:00:00,9.72,9.79,9.71,9.78
2026-03-15 09:00:00,9.79,9.87,9.78,9.78
2026-03-15 10:00:00,9.78,9.83,9.78,9.8
2026-03-15 11:00:00,9.81,9.82,9.79,9.8
2026-03-15 12:00:00,9.8,9.88,9.79,9.84
2026-03-15 13:00:00,9.84,9.85,9.7,9.76
2026-03-15 14:00:00,9.76,9.81,9.71,9.75
2026-03-15 15:00:00,9.76,9.76,9.71,9.71
2026-03-15 16:00:00,9.71,9.74,9.68,9.7
2026-03-15 17:00:00,9.7,9.8,9.69,9.77
2026-03-15 18:00:00,9.77,9.8,9.67,9.69
2026-03-15 19:00:00,9.7,9.78,9.68,9.77
2026-03-15 20:00:00,9.76,9.84,9.73,9.79
2026-03-15 21:00:00,9.8,9.87,9.76,9.84
2026-03-15 22:00:00,9.85,10.02,9.79,9.97
2026-03-15 23:00:00,9.98,10.04,9.87,9.95
2026-03-16 00:00:00,9.94,10,9.89,9.94
2026-03-16 01:00:00,9.94,10.04,9.88,10.01
2026-03-16 02:00:00,10,10.03,9.89,9.96
2026-03-16 03:00:00,9.96,10.41,9.95,10.26
2026-03-16 04:00:00,10.27,10.47,10.26,10.43
2026-03-16 05:00:00,10.42,10.52,10.38,10.49
2026-03-16 06:00:00,10.49,10.5,10.39,10.41
2026-03-16 07:00:00,10.41,10.46,10.34,10.37
2026-03-16 08:00:00,10.37,10.45,10.23,10.24
2026-03-16 09:00:00,10.24,10.31,10.24,10.27
2026-03-16 10:00:00,10.27,10.3,10.19,10.27
2026-03-16 11:00:00,10.27,10.29,10.18,10.22
2026-03-16 12:00:00,10.21,10.28,10.16,10.18
2026-03-16 13:00:00,10.17,10.28,10.15,10.19
2026-03-16 14:00:00,10.2,10.24,10.04,10.14
2026-03-16 15:00:00,10.15,10.2,10.07,10.08
2026-03-16 16:00:00,10.08,10.27,10.07,10.25
2026-03-16 17:00:00,10.25,10.31,10.21,10.26
2026-03-16 18:00:00,10.25,10.34,10.23,10.24
2026-03-16 19:00:00,10.24,10.33,10.19,10.27
2026-03-16 20:00:00,10.28,10.38,10.26,10.33
2026-03-16 21:00:00,10.33,10.45,10.32,10.38
2026-03-16 22:00:00,10.38,10.51,10.37,10.5
2026-03-16 23:00:00,10.5,10.51,10.35,10.49
2026-03-17 00:00:00,10.48,10.55,10.45,10.5
2026-03-17 01:00:00,10.51,10.52,10.44,10.5
2026-03-17 02:00:00,10.5,10.51,10.45,10.48
2026-03-17 03:00:00,10.47,10.48,10.28,10.35
2026-03-17 04:00:00,10.35,10.39,10.25,10.29
2026-03-17 05:00:00,10.29,10.33,10.24,10.28
2026-03-17 06:00:00,10.29,10.38,10.25,10.3
2026-03-17 07:00:00,10.29,10.39,10.29,10.31
2026-03-17 08:00:00,10.32,10.36,10.27,10.29
2026-03-17 09:00:00,10.29,10.31,10.25,10.27
2026-03-17 10:00:00,10.27,10.3,10.23,10.26
2026-03-17 11:00:00,10.27,10.31,10.26,10.26
2026-03-17 12:00:00,10.26,10.28,10.21,10.24
2026-03-17 13:00:00,10.25,10.3,10.23,10.25
2026-03-17 14:00:00,10.26,10.31,10.23,10.28
2026-03-17 15:00:00,10.28,10.34,10.22,10.27
2026-03-17 16:00:00,10.27,10.33,10.25,10.27
2026-03-17 17:00:00,10.26,10.31,10.25,10.29
2026-03-17 18:00:00,10.29,10.33,10.27,10.3
2026-03-17 19:00:00,10.3,10.31,10.24,10.25
2026-03-17 20:00:00,10.25,10.3,10.24,10.28
2026-03-17 21:00:00,10.28,10.33,10.27,10.3
2026-03-17 22:00:00,10.3,10.34,10.22,10.27
2026-03-17 23:00:00,10.26,10.27,10.18,10.2
2026-03-18 00:00:00,10.2,10.23,10.16,10.2
2026-03-18 01:00:00,10.21,10.25,10.2,10.23
2026-03-18 02:00:00,10.22,10.3,10.22,10.26
2026-03-18 03:00:00,10.27,10.36,10.26,10.32
2026-03-18 04:00:00,10.32,10.32,10.23,10.25
2026-03-18 05:00:00,10.26,10.33,10.22,10.24
2026-03-18 06:00:00,10.25,10.32,10.24,10.26
2026-03-18 07:00:00,10.26,10.26,10.22,10.25
2026-03-18 08:00:00,10.25,10.29,10.24,10.25
2026-03-18 09:00:00,10.24,10.28,10.24,10.25
2026-03-18 10:00:00,10.25,10.26,10.2,10.21
2026-03-18 11:00:00,10.21,10.25,9.93,9.98
2026-03-18 12:00:00,9.98,9.98,9.73,9.81
2026-03-18 13:00:00,9.8,9.84,9.75,9.8
2026-03-18 14:00:00,9.8,9.81,9.56,9.57
2026-03-18 15:00:00,9.57,9.59,9.48,9.57
2026-03-18 16:00:00,9.56,9.57,9.49,9.54
2026-03-18 17:00:00,9.54,9.65,9.52,9.62
2026-03-18 18:00:00,9.63,9.72,9.56,9.6
2026-03-18 19:00:00,9.6,9.68,9.59,9.62
2026-03-18 20:00:00,9.62,9.68,9.54,9.66
2026-03-18 21:00:00,9.66,9.74,9.66,9.72
2026-03-18 22:00:00,9.72,9.72,9.66,9.69
2026-03-18 23:00:00,9.7,9.71,9.63,9.69
2026-03-19 00:00:00,9.68,9.7,9.65,9.66
2026-03-19 01:00:00,9.67,9.69,9.65,9.66
2026-03-19 02:00:00,9.66,9.67,9.61,9.62
2026-03-19 03:00:00,9.63,9.75,9.62,9.67
2026-03-19 04:00:00,9.66,9.67,9.61,9.62
2026-03-19 05:00:00,9.62,9.64,9.59,9.6
2026-03-19 06:00:00,9.61,9.63,9.57,9.6
2026-03-19 07:00:00,9.6,9.61,9.44,9.51
2026-03-19 08:00:00,9.52,9.55,9.48,9.52
2026-03-19 09:00:00,9.52,9.61,9.51,9.6
2026-03-19 10:00:00,9.6,9.62,9.54,9.55
2026-03-19 11:00:00,9.54,9.58,9.53,9.54
2026-03-19 12:00:00,9.55,9.55,9.43,9.44
2026-03-19 13:00:00,9.43,9.49,9.36,9.47
2026-03-19 14:00:00,9.48,9.51,9.37,9.43
2026-03-19 15:00:00,9.43,9.48,9.33,9.4
2026-03-19 16:00:00,9.41,9.41,9.35,9.37
2026-03-19 17:00:00,9.38,9.48,9.33,9.46
2026-03-19 18:00:00,9.47,9.47,9.42,9.46
2026-03-19 19:00:00,9.46,9.58,9.45,9.51
2026-03-19 20:00:00,9.51,9.55,9.49,9.5
2026-03-19 21:00:00,9.51,9.53,9.5,9.52
2026-03-19 22:00:00,9.52,9.52,9.42,9.46
2026-03-19 23:00:00,9.47,9.5,9.44,9.48
2026-03-20 00:00:00,9.48,9.53,9.46,9.52
2026-03-20 01:00:00,9.53,9.6,9.52,9.56
2026-03-20 02:00:00,9.56,9.57,9.5,9.55
2026-03-20 03:00:00,9.54,9.58,9.52,9.57
2026-03-20 04:00:00,9.57,9.58,9.52,9.58
2026-03-20 05:00:00,9.57,9.6,9.55,9.57
2026-03-20 06:00:00,9.56,9.56,9.51,9.51
2026-03-20 07:00:00,9.51,9.56,9.45,9.53
2026-03-20 08:00:00,9.53,9.61,9.52,9.58
2026-03-20 09:00:00,9.57,9.57,9.49,9.53
2026-03-20 10:00:00,9.53,9.56,9.49,9.54
2026-03-20 11:00:00,9.55,9.59,9.49,9.52
2026-03-20 12:00:00,9.52,9.55,9.47,9.49
2026-03-20 13:00:00,9.49,9.54,9.44,9.46
2026-03-20 14:00:00,9.45,9.54,9.42,9.45
2026-03-20 15:00:00,9.45,9.5,9.42,9.49
2026-03-20 16:00:00,9.49,9.51,9.45,9.48
2026-03-20 17:00:00,9.47,9.5,9.41,9.5
2026-03-20 18:00:00,9.5,9.54,9.44,9.47
2026-03-20 19:00:00,9.47,9.54,9.43,9.53
2026-03-20 20:00:00,9.54,9.55,9.45,9.52
2026-03-20 21:00:00,9.51,9.61,9.48,9.57
2026-03-20 22:00:00,9.58,9.65,9.57,9.59
2026-03-20 23:00:00,9.58,9.59,9.53,9.56
2026-03-21 00:00:00,9.57,9.61,9.53,9.56
2026-03-21 01:00:00,9.56,9.59,9.53,9.55
2026-03-21 02:00:00,9.55,9.61,9.53,9.61
2026-03-21 03:00:00,9.61,9.62,9.57,9.59
2026-03-21 04:00:00,9.59,9.62,9.55,9.57
2026-03-21 05:00:00,9.57,9.62,9.56,9.59
2026-03-21 06:00:00,9.59,9.64,9.58,9.62
2026-03-21 07:00:00,9.62,9.63,9.58,9.59
2026-03-21 08:00:00,9.59,9.59,9.54,9.57
2026-03-21 09:00:00,9.57,9.6,9.54,9.55
2026-03-21 10:00:00,9.54,9.55,9.49,9.5
2026-03-21 11:00:00,9.5,9.52,9.49,9.51
2026-03-21 12:00:00,9.5,9.52,9.49,9.51
2026-03-21 13:00:00,9.5,9.51,9.48,9.49
2026-03-21 14:00:00,9.5,9.55,9.46,9.47
2026-03-21 15:00:00,9.47,9.55,9.47,9.54
2026-03-21 16:00:00,9.54,9.57,9.49,9.49
2026-03-21 17:00:00,9.5,9.51,9.48,9.5
2026-03-21 18:00:00,9.5,9.51,9.48,9.49
2026-03-21 19:00:00,9.49,9.5,9.47,9.5
2026-03-21 20:00:00,9.5,9.53,9.49,9.53
2026-03-21 21:00:00,9.53,9.53,9.5,9.5
2026-03-21 22:00:00,9.5,9.52,9.48,9.5
2026-03-21 23:00:00,9.5,9.5,9.15,9.21
2026-03-22 00:00:00,9.21,9.27,9.05,9.22
2026-03-22 01:00:00,9.23,9.26,9.2,9.23
2026-03-22 02:00:00,9.23,9.32,9.22,9.29
2026-03-22 03:00:00,9.28,9.36,9.25,9.28
2026-03-22 04:00:00,9.28,9.32,9.26,9.3
2026-03-22 05:00:00,9.3,9.31,9.24,9.25
2026-03-22 06:00:00,9.24,9.25,9.21,9.24
2026-03-22 07:00:00,9.24,9.26,9.19,9.19
2026-03-22 08:00:00,9.19,9.19,9.1,9.15
2026-03-22 09:00:00,9.16,9.19,9.12,9.14
2026-03-22 10:00:00,9.14,9.14,9.09,9.11
2026-03-22 11:00:00,9.11,9.12,9.06,9.07
2026-03-22 12:00:00,9.06,9.14,9.06,9.12
2026-03-22 13:00:00,9.12,9.14,9.07,9.1
2026-03-22 14:00:00,9.1,9.14,9.07,9.08
2026-03-22 15:00:00,9.09,9.11,9.07,9.1
2026-03-22 16:00:00,9.1,9.11,9.08,9.08
2026-03-22 17:00:00,9.08,9.1,9.06,9.08
2026-03-22 18:00:00,9.07,9.09,8.99,9.04
2026-03-22 19:00:00,9.04,9.04,8.95,8.98
2026-03-22 20:00:00,8.98,9.03,8.96,8.99
2026-03-22 21:00:00,8.99,8.99,8.87,8.98
2026-03-22 22:00:00,8.98,9.09,8.93,9.05
2026-03-22 23:00:00,9.05,9.09,9.01,9.03
2026-03-23 00:00:00,9.03,9.07,8.99,9.05
2026-03-23 01:00:00,9.04,9.11,9.03,9.07
2026-03-23 02:00:00,9.07,9.14,9.05,9.12
2026-03-23 03:00:00,9.12,9.19,9.09,9.1
2026-03-23 04:00:00,9.11,9.16,9.1,9.16
2026-03-23 05:00:00,9.15,9.18,9.11,9.16
2026-03-23 06:00:00,9.16,9.16,8.99,9.03
2026-03-23 07:00:00,9.03,9.06,8.95,9.02
2026-03-23 08:00:00,9.03,9.06,8.97,8.98
2026-03-23 09:00:00,8.99,9.02,8.92,9
2026-03-23 10:00:00,9.01,9.06,8.98,9
2026-03-23 11:00:00,9.01,9.59,9,9.38
2026-03-23 12:00:00,9.39,9.49,9.34,9.47
2026-03-23 13:00:00,9.47,9.64,9.43,9.62
2026-03-23 14:00:00,9.63,9.76,9.59,9.64
2026-03-23 15:00:00,9.64,9.67,9.4,9.42
2026-03-23 16:00:00,9.42,9.48,9.36,9.46
2026-03-23 17:00:00,9.46,9.56,9.43,9.52
2026-03-23 18:00:00,9.53,9.55,9.43,9.53
2026-03-23 19:00:00,9.53,9.58,9.45,9.47
2026-03-23 20:00:00,9.46,9.54,9.44,9.54
2026-03-23 21:00:00,9.54,9.58,9.52,9.57
2026-03-23 22:00:00,9.57,9.58,9.51,9.56
2026-03-23 23:00:00,9.56,9.57,9.49,9.56
2026-03-24 00:00:00,9.56,9.59,9.48,9.54
2026-03-24 01:00:00,9.53,9.54,9.45,9.5
2026-03-24 02:00:00,9.51,9.57,9.49,9.52
2026-03-24 03:00:00,9.52,9.6,9.51,9.57
2026-03-24 04:00:00,9.58,9.62,9.5,9.52
2026-03-24 05:00:00,9.52,9.56,9.47,9.53
2026-03-24 06:00:00,9.53,9.55,9.49,9.55
2026-03-24 07:00:00,9.55,9.62,9.54,9.6
2026-03-24 08:00:00,9.61,9.64,9.56,9.59
2026-03-24 09:00:00,9.59,9.62,9.54,9.6
2026-03-24 10:00:00,9.59,9.6,9.55,9.57
2026-03-24 11:00:00,9.57,9.57,9.51,9.55
2026-03-24 12:00:00,9.55,9.56,9.51,9.55
2026-03-24 13:00:00,9.55,9.56,9.43,9.45
2026-03-24 14:00:00,9.45,9.5,9.39,9.47
2026-03-24 15:00:00,9.47,9.5,9.44,9.44
2026-03-24 16:00:00,9.44,9.48,9.4,9.4
2026-03-24 17:00:00,9.4,9.42,9.35,9.39
2026-03-24 18:00:00,9.39,9.45,9.38,9.41
2026-03-24 19:00:00,9.41,9.43,9.38,9.39
2026-03-24 20:00:00,9.39,9.58,9.38,9.56
2026-03-24 21:00:00,9.56,9.58,9.51,9.56
2026-03-24 22:00:00,9.56,9.6,9.54,9.57
2026-03-24 23:00:00,9.58,9.65,9.56,9.62
2026-03-25 00:00:00,9.63,9.66,9.58,9.64
2026-03-25 01:00:00,9.64,9.65,9.6,9.6
2026-03-25 02:00:00,9.6,9.62,9.58,9.58
2026-03-25 03:00:00,9.58,9.63,9.56,9.62
2026-03-25 04:00:00,9.62,9.66,9.6,9.64
2026-03-25 05:00:00,9.64,9.69,9.62,9.64
2026-03-25 06:00:00,9.64,9.69,9.61,9.64
2026-03-25 07:00:00,9.65,9.71,9.63,9.64
2026-03-25 08:00:00,9.65,9.74,9.62,9.7
2026-03-25 09:00:00,9.69,9.72,9.65,9.71
2026-03-25 10:00:00,9.7,9.74,9.69,9.71
2026-03-25 11:00:00,9.72,9.78,9.69,9.75
2026-03-25 12:00:00,9.75,9.8,9.67,9.74
2026-03-25 13:00:00,9.73,9.77,9.71,9.73
2026-03-25 14:00:00,9.73,9.74,9.69,9.7
2026-03-25 15:00:00,9.7,9.71,9.59,9.67
2026-03-25 16:00:00,9.67,9.76,9.65,9.7
2026-03-25 17:00:00,9.71,9.71,9.63,9.65
2026-03-25 18:00:00,9.65,9.7,9.65,9.66
2026-03-25 19:00:00,9.66,9.71,9.65,9.68
2026-03-25 20:00:00,9.68,9.69,9.61,9.65
2026-03-25 21:00:00,9.65,9.68,9.63,9.64
2026-03-25 22:00:00,9.65,9.73,9.64,9.68
2026-03-25 23:00:00,9.68,9.7,9.66,9.68
2026-03-26 00:00:00,9.69,9.69,9.65,9.68
2026-03-26 01:00:00,9.68,9.69,9.64,9.67
2026-03-26 02:00:00,9.66,9.67,9.56,9.6
2026-03-26 03:00:00,9.59,9.61,9.54,9.57
2026-03-26 04:00:00,9.57,9.57,9.53,9.55
2026-03-26 05:00:00,9.55,9.56,9.44,9.45
2026-03-26 06:00:00,9.44,9.46,9.42,9.43
2026-03-26 07:00:00,9.43,9.46,9.41,9.44
2026-03-26 08:00:00,9.45,9.45,9.38,9.41
2026-03-26 09:00:00,9.41,9.42,9.27,9.29
2026-03-26 10:00:00,9.29,9.3,9.24,9.26
2026-03-26 11:00:00,9.27,9.29,9.23,9.23
2026-03-26 12:00:00,9.23,9.26,9.21,9.25
2026-03-26 13:00:00,9.25,9.34,9.24,9.3
2026-03-26 14:00:00,9.3,9.32,9.22,9.24
2026-03-26 15:00:00,9.24,9.25,9.13,9.18
2026-03-26 16:00:00,9.19,9.21,9.13,9.14
2026-03-26 17:00:00,9.14,9.17,9.03,9.06
2026-03-26 18:00:00,9.06,9.07,8.99,9.02
2026-03-26 19:00:00,9.03,9.04,8.99,9.02
2026-03-26 20:00:00,9.01,9.15,9,9.1
2026-03-26 21:00:00,9.09,9.15,9.08,9.11
2026-03-26 22:00:00,9.11,9.12,9.07,9.12
2026-03-26 23:00:00,9.12,9.14,9.08,9.11
2026-03-27 00:00:00,9.1,9.12,9.08,9.11
2026-03-27 01:00:00,9.11,9.14,9.07,9.14
2026-03-27 02:00:00,9.14,9.15,9.11,9.13
2026-03-27 03:00:00,9.13,9.13,9.07,9.08
2026-03-27 04:00:00,9.07,9.08,9,9.06
2026-03-27 05:00:00,9.05,9.1,9.04,9.08
2026-03-27 06:00:00,9.07,9.1,9.05,9.09
2026-03-27 07:00:00,9.08,9.1,9.03,9.07
2026-03-27 08:00:00,9.07,9.08,8.91,8.98
2026-03-27 09:00:00,8.98,8.99,8.91,8.94
2026-03-27 10:00:00,8.93,8.96,8.7,8.72
2026-03-27 11:00:00,8.72,8.77,8.66,8.76
2026-03-27 12:00:00,8.76,8.79,8.73,8.78
2026-03-27 13:00:00,8.79,8.84,8.75,8.79
2026-03-27 14:00:00,8.78,8.83,8.73,8.8
2026-03-27 15:00:00,8.8,8.89,8.78,8.8
2026-03-27 16:00:00,8.81,8.81,8.75,8.77
2026-03-27 17:00:00,8.77,8.82,8.72,8.73
2026-03-27 18:00:00,8.72,8.74,8.66,8.72
2026-03-27 19:00:00,8.72,8.77,8.69,8.77
2026-03-27 20:00:00,8.77,8.78,8.72,8.77
2026-03-27 21:00:00,8.77,8.81,8.77,8.77
2026-03-27 22:00:00,8.78,8.79,8.74,8.77
2026-03-27 23:00:00,8.77,8.8,8.74,8.79
2026-03-28 00:00:00,8.79,8.79,8.76,8.77
2026-03-28 01:00:00,8.77,8.77,8.7,8.74
2026-03-28 02:00:00,8.75,8.78,8.72,8.74
2026-03-28 03:00:00,8.74,8.76,8.73,8.74
2026-03-28 04:00:00,8.74,8.75,8.71,8.74
2026-03-28 05:00:00,8.74,8.77,8.72,8.77
2026-03-28 06:00:00,8.76,8.8,8.75,8.79
2026-03-28 07:00:00,8.79,8.83,8.77,8.83
2026-03-28 08:00:00,8.84,8.85,8.8,8.81
2026-03-28 09:00:00,8.81,8.82,8.79,8.8
2026-03-28 10:00:00,8.8,8.84,8.77,8.8
2026-03-28 11:00:00,8.8,8.82,8.79,8.82
2026-03-28 12:00:00,8.82,8.84,8.78,8.79
2026-03-28 13:00:00,8.79,8.94,8.77,8.89
2026-03-28 14:00:00,8.9,8.93,8.85,8.88
2026-03-28 15:00:00,8.88,8.99,8.87,8.94
2026-03-28 16:00:00,8.94,8.95,8.89,8.91
2026-03-28 17:00:00,8.92,8.94,8.86,8.88
2026-03-28 18:00:00,8.89,8.92,8.87,8.91
2026-03-28 19:00:00,8.9,8.91,8.86,8.89
2026-03-28 20:00:00,8.88,8.91,8.87,8.89
2026-03-28 21:00:00,8.88,8.89,8.82,8.84
2026-03-28 22:00:00,8.83,8.85,8.81,8.83
2026-03-28 23:00:00,8.84,8.84,8.73,8.75
2026-03-29 00:00:00,8.76,8.78,8.73,8.75
2026-03-29 01:00:00,8.75,8.78,8.73,8.77
2026-03-29 02:00:00,8.76,8.79,8.75,8.78
2026-03-29 03:00:00,8.78,8.82,8.76,8.8
2026-03-29 04:00:00,8.79,8.81,8.76,8.78
2026-03-29 05:00:00,8.77,8.78,8.74,8.77
2026-03-29 06:00:00,8.77,8.79,8.75,8.76
2026-03-29 07:00:00,8.75,8.76,8.72,8.75
2026-03-29 08:00:00,8.75,8.76,8.73,8.75
2026-03-29 09:00:00,8.75,8.76,8.72,8.73
2026-03-29 10:00:00,8.72,8.72,8.67,8.7
2026-03-29 11:00:00,8.7,8.75,8.69,8.73
2026-03-29 12:00:00,8.72,8.73,8.68,8.7
2026-03-29 13:00:00,8.71,8.71,8.62,8.65
2026-03-29 14:00:00,8.65,8.71,8.64,8.69
2026-03-29 15:00:00,8.69,8.71,8.63,8.66
2026-03-29 16:00:00,8.66,8.68,8.63,8.63
2026-03-29 17:00:00,8.63,8.65,8.57,8.61
2026-03-29 18:00:00,8.61,8.64,8.59,8.62
2026-03-29 19:00:00,8.62,8.64,8.6,8.61
2026-03-29 20:00:00,8.61,8.68,8.6,8.65
2026-03-29 21:00:00,8.65,8.67,8.64,8.67
2026-03-29 22:00:00,8.66,8.66,8.37,8.56
2026-03-29 23:00:00,8.56,8.63,8.53,8.6
2026-03-30 00:00:00,8.6,8.76,8.56,8.67
2026-03-30 01:00:00,8.67,8.75,8.67,8.73
2026-03-30 02:00:00,8.73,8.86,8.72,8.8
2026-03-30 03:00:00,8.8,8.83,8.76,8.81
2026-03-30 04:00:00,8.81,8.86,8.81,8.85
2026-03-30 05:00:00,8.85,8.89,8.82,8.84
2026-03-30 06:00:00,8.84,8.86,8.8,8.82
2026-03-30 07:00:00,8.82,8.92,8.81,8.92
2026-03-30 08:00:00,8.92,9.08,8.91,9
2026-03-30 09:00:00,9.01,9.02,8.91,8.92
2026-03-30 10:00:00,8.91,8.94,8.89,8.94
2026-03-30 11:00:00,8.93,9.05,8.93,8.99
2026-03-30 12:00:00,8.99,9.01,8.96,9
2026-03-30 13:00:00,9.01,9.03,8.93,8.94
2026-03-30 14:00:00,8.95,8.98,8.87,8.98
2026-03-30 15:00:00,8.98,8.99,8.9,8.94
2026-03-30 16:00:00,8.95,8.96,8.88,8.92
2026-03-30 17:00:00,8.91,8.94,8.82,8.84
2026-03-30 18:00:00,8.85,8.86,8.77,8.79
2026-03-30 19:00:00,8.78,8.81,8.74,8.8
2026-03-30 20:00:00,8.8,8.83,8.78,8.8
2026-03-30 21:00:00,8.8,8.88,8.78,8.85
2026-03-30 22:00:00,8.84,8.86,8.8,8.83
2026-03-30 23:00:00,8.82,8.82,8.76,8.81
2026-03-31 00:00:00,8.81,8.88,8.79,8.86
2026-03-31 01:00:00,8.86,9.07,8.84,9.01
2026-03-31 02:00:00,9.01,9.07,8.98,9.03
2026-03-31 03:00:00,9.02,9.04,8.96,8.97
2026-03-31 04:00:00,8.98,9,8.93,8.93
2026-03-31 05:00:00,8.93,8.96,8.9,8.94
2026-03-31 06:00:00,8.95,8.97,8.9,8.96
2026-03-31 07:00:00,8.96,8.96,8.88,8.92
2026-03-31 08:00:00,8.92,8.92,8.8,8.81
2026-03-31 09:00:00,8.81,8.84,8.69,8.72
2026-03-31 10:00:00,8.72,8.75,8.71,8.72
2026-03-31 11:00:00,8.73,8.8,8.71,8.77
2026-03-31 12:00:00,8.77,8.81,8.74,8.78
2026-03-31 13:00:00,8.77,8.9,8.77,8.87
2026-03-31 14:00:00,8.87,8.96,8.74,8.77
2026-03-31 15:00:00,8.78,8.88,8.74,8.74
2026-03-31 16:00:00,8.75,8.91,8.72,8.86
2026-03-31 17:00:00,8.87,8.96,8.8,8.82
2026-03-31 18:00:00,8.83,8.91,8.83,8.9
2026-03-31 19:00:00,8.91,8.93,8.88,8.91
2026-03-31 20:00:00,8.9,8.96,8.9,8.94
2026-03-31 21:00:00,8.94,8.95,8.87,8.9
2026-03-31 22:00:00,8.9,8.91,8.85,8.89
2026-03-31 23:00:00,8.89,8.93,8.88,8.91
2026-04-01 00:00:00,8.91,8.98,8.89,8.97
2026-04-01 01:00:00,8.97,8.98,8.89,8.9
2026-04-01 02:00:00,8.91,8.92,8.87,8.88
2026-04-01 03:00:00,8.89,8.99,8.89,8.96
2026-04-01 04:00:00,8.96,8.99,8.95,8.97
2026-04-01 05:00:00,8.97,9.12,8.95,9.09
2026-04-01 06:00:00,9.09,9.43,9.09,9.39
2026-04-01 07:00:00,9.39,9.48,9.33,9.34
2026-04-01 08:00:00,9.34,9.36,9.24,9.24
2026-04-01 09:00:00,9.24,9.25,9.18,9.21
2026-04-01 10:00:00,9.22,9.23,9.15,9.17
2026-04-01 11:00:00,9.18,9.23,9.16,9.21
2026-04-01 12:00:00,9.2,9.31,9.19,9.23
2026-04-01 13:00:00,9.24,9.26,9.14,9.17
2026-04-01 14:00:00,9.16,9.22,9.15,9.2
2026-04-01 15:00:00,9.21,9.23,9.17,9.22
2026-04-01 16:00:00,9.22,9.26,9.17,9.23
2026-04-01 17:00:00,9.24,9.31,9.18,9.19
2026-04-01 18:00:00,9.19,9.19,9.12,9.12
2026-04-01 19:00:00,9.13,9.19,9.12,9.16
2026-04-01 20:00:00,9.17,9.17,9.09,9.13
2026-04-01 21:00:00,9.13,9.21,9.12,9.18
2026-04-01 22:00:00,9.18,9.19,9.11,9.12
2026-04-01 23:00:00,9.12,9.14,9.1,9.13
2026-04-02 00:00:00,9.13,9.19,9.12,9.19
2026-04-02 01:00:00,9.18,9.19,8.86,8.93
2026-04-02 02:00:00,8.92,8.94,8.77,8.81
2026-04-02 03:00:00,8.8,8.83,8.73,8.78
2026-04-02 04:00:00,8.77,8.79,8.66,8.68
2026-04-02 05:00:00,8.68,8.72,8.66,8.71
2026-04-02 06:00:00,8.71,8.74,8.69,8.71
2026-04-02 07:00:00,8.7,8.75,8.67,8.75
2026-04-02 08:00:00,8.74,8.74,8.66,8.67
2026-04-02 09:00:00,8.67,8.68,8.64,8.67
2026-04-02 10:00:00,8.66,8.69,8.63,8.68
2026-04-02 11:00:00,8.68,8.7,8.64,8.69
2026-04-02 12:00:00,8.68,8.7,8.65,8.66
2026-04-02 13:00:00,8.66,8.69,8.62,8.69
2026-04-02 14:00:00,8.69,8.85,8.66,8.82
2026-04-02 15:00:00,8.81,8.82,8.71,8.73
2026-04-02 16:00:00,8.74,8.79,8.69,8.73
2026-04-02 17:00:00,8.73,8.78,8.64,8.65
2026-04-02 18:00:00,8.65,8.72,8.64,8.7
2026-04-02 19:00:00,8.69,8.72,8.66,8.71
2026-04-02 20:00:00,8.7,8.75,8.67,8.71
2026-04-02 21:00:00,8.71,8.73,8.68,8.73
2026-04-02 22:00:00,8.72,8.75,8.7,8.73
2026-04-02 23:00:00,8.73,8.77,8.71,8.75
2026-04-03 00:00:00,8.75,8.78,8.74,8.78
2026-04-03 01:00:00,8.78,8.81,8.74,8.76
2026-04-03 02:00:00,8.76,8.82,8.73,8.78
2026-04-03 03:00:00,8.78,8.82,8.76,8.81
2026-04-03 04:00:00,8.81,8.85,8.77,8.83
2026-04-03 05:00:00,8.83,8.95,8.8,8.89
2026-04-03 06:00:00,8.9,8.95,8.86,8.92
2026-04-03 07:00:00,8.91,8.95,8.88,8.9
2026-04-03 08:00:00,8.9,8.93,8.88,8.91
2026-04-03 09:00:00,8.91,8.96,8.89,8.93
2026-04-03 10:00:00,8.93,8.96,8.91,8.94
2026-04-03 11:00:00,8.95,8.97,8.92,8.96
2026-04-03 12:00:00,8.96,9.07,8.94,8.96
2026-04-03 13:00:00,8.97,8.99,8.93,8.99
2026-04-03 14:00:00,8.98,9.05,8.96,9.03
2026-04-03 15:00:00,9.03,9.06,9,9.01
2026-04-03 16:00:00,9.01,9.13,9.01,9.12
2026-04-03 17:00:00,9.12,9.15,9,9.03
2026-04-03 18:00:00,9.03,9.05,8.98,8.99
2026-04-03 19:00:00,9,9.01,8.93,8.96
2026-04-03 20:00:00,8.96,8.99,8.94,8.94
2026-04-03 21:00:00,8.94,8.98,8.93,8.94
2026-04-03 22:00:00,8.94,8.96,8.9,8.91
2026-04-03 23:00:00,8.9,8.92,8.87,8.91
2026-04-04 00:00:00,8.91,8.92,8.85,8.87
2026-04-04 01:00:00,8.86,8.9,8.86,8.9
2026-04-04 02:00:00,8.9,8.92,8.88,8.89
2026-04-04 03:00:00,8.9,8.92,8.88,8.9
2026-04-04 04:00:00,8.9,8.92,8.87,8.91
2026-04-04 05:00:00,8.9,8.91,8.86,8.87
2026-04-04 06:00:00,8.87,8.91,8.85,8.9
2026-04-04 07:00:00,8.91,8.91,8.87,8.87
2026-04-04 08:00:00,8.88,8.89,8.84,8.86
2026-04-04 09:00:00,8.85,8.89,8.84,8.85
2026-04-04 10:00:00,8.85,8.9,8.85,8.89
2026-04-04 11:00:00,8.9,8.91,8.87,8.89
2026-04-04 12:00:00,8.89,8.91,8.88,8.89
2026-04-04 13:00:00,8.9,8.91,8.85,8.87
2026-04-04 14:00:00,8.87,8.89,8.83,8.89
2026-04-04 15:00:00,8.89,8.97,8.88,8.95
2026-04-04 16:00:00,8.95,9.02,8.93,8.93
2026-04-04 17:00:00,8.94,9.05,8.92,9.04
2026-04-04 18:00:00,9.05,9.07,9.01,9.03
2026-04-04 19:00:00,9.03,9.11,9.01,9.02
2026-04-04 20:00:00,9.02,9.04,8.98,9
2026-04-04 21:00:00,8.99,9.03,8.98,9
2026-04-04 22:00:00,9,9.02,8.99,8.99
2026-04-04 23:00:00,8.99,9,8.96,8.99
2026-04-05 00:00:00,8.99,9.02,8.98,9.01
2026-04-05 01:00:00,9.01,9.03,8.97,8.98
2026-04-05 02:00:00,8.97,9,8.95,8.97
2026-04-05 03:00:00,8.97,8.99,8.94,8.95
2026-04-05 04:00:00,8.95,8.96,8.93,8.94
2026-04-05 05:00:00,8.93,8.93,8.87,8.87
2026-04-05 06:00:00,8.87,8.88,8.79,8.82
2026-04-05 07:00:00,8.82,8.84,8.78,8.8
2026-04-05 08:00:00,8.8,8.84,8.79,8.82
2026-04-05 09:00:00,8.83,8.85,8.8,8.83
2026-04-05 10:00:00,8.83,8.86,8.8,8.81
2026-04-05 11:00:00,8.81,8.83,8.79,8.82
2026-04-05 12:00:00,8.82,8.82,8.74,8.79
2026-04-05 13:00:00,8.78,8.82,8.75,8.81
2026-04-05 14:00:00,8.82,8.84,8.8,8.82
2026-04-05 15:00:00,8.81,8.95,8.8,8.87
2026-04-05 16:00:00,8.88,8.89,8.84,8.84
2026-04-05 17:00:00,8.84,8.87,8.81,8.87
2026-04-05 18:00:00,8.87,8.87,8.83,8.85
2026-04-05 19:00:00,8.86,8.89,8.82,8.85
2026-04-05 20:00:00,8.85,8.9,8.85,8.89
2026-04-05 21:00:00,8.88,8.89,8.83,8.86
2026-04-05 22:00:00,8.86,8.97,8.81,8.96
2026-04-05 23:00:00,8.96,9.09,8.94,9.06
2026-04-06 00:00:00,9.07,9.43,9.07,9.42
2026-04-06 01:00:00,9.42,9.61,9.39,9.43
2026-04-06 02:00:00,9.43,9.66,9.42,9.59
2026-04-06 03:00:00,9.6,9.62,9.44,9.45
2026-04-06 04:00:00,9.45,9.52,9.4,9.48
2026-04-06 05:00:00,9.49,9.54,9.46,9.47
2026-04-06 06:00:00,9.47,9.52,9.37,9.39
2026-04-06 07:00:00,9.4,9.43,9.37,9.39
2026-04-06 08:00:00,9.39,9.45,9.38,9.42
2026-04-06 09:00:00,9.41,9.51,9.41,9.45
2026-04-06 10:00:00,9.45,9.5,9.44,9.46
2026-04-06 11:00:00,9.45,9.47,9.44,9.44
2026-04-06 12:00:00,9.45,9.46,9.4,9.41
2026-04-06 13:00:00,9.41,9.41,9.33,9.36
2026-04-06 14:00:00,9.36,9.4,9.33,9.36
2026-04-06 15:00:00,9.36,9.39,9.34,9.39
2026-04-06 16:00:00,9.38,9.4,9.32,9.33
2026-04-06 17:00:00,9.34,9.35,9.27,9.33
2026-04-06 18:00:00,9.32,9.36,9.3,9.34
2026-04-06 19:00:00,9.34,9.34,9.29,9.32
2026-04-06 20:00:00,9.32,9.36,9.31,9.34
2026-04-06 21:00:00,9.33,9.33,9.26,9.28
2026-04-06 22:00:00,9.27,9.27,9.12,9.12
2026-04-06 23:00:00,9.12,9.12,8.81,8.91
2026-04-07 00:00:00,8.9,8.93,8.81,8.83
2026-04-07 01:00:00,8.83,8.83,8.69,8.71
2026-04-07 02:00:00,8.71,8.72,8.63,8.67
2026-04-07 03:00:00,8.67,8.71,8.64,8.69
2026-04-07 04:00:00,8.68,8.73,8.65,8.71
2026-04-07 05:00:00,8.7,8.71,8.53,8.56
2026-04-07 06:00:00,8.56,8.59,8.46,8.58
2026-04-07 07:00:00,8.59,8.66,8.57,8.65
2026-04-07 08:00:00,8.65,8.71,8.64,8.69
2026-04-07 09:00:00,8.7,8.73,8.67,8.7
2026-04-07 10:00:00,8.7,8.71,8.61,8.63
2026-04-07 11:00:00,8.63,8.64,8.58,8.62
2026-04-07 12:00:00,8.61,8.69,8.55,8.66
2026-04-07 13:00:00,8.66,8.69,8.6,8.6
2026-04-07 14:00:00,8.61,8.62,8.52,8.56
2026-04-07 15:00:00,8.56,8.62,8.54,8.59
2026-04-07 16:00:00,8.59,8.64,8.56,8.57
2026-04-07 17:00:00,8.57,8.7,8.56,8.61
2026-04-07 18:00:00,8.6,8.66,8.6,8.64
2026-04-07 19:00:00,8.64,8.81,8.63,8.79
2026-04-07 20:00:00,8.8,8.89,8.74,8.76
2026-04-07 21:00:00,8.77,9.13,8.75,9.04
2026-04-07 22:00:00,9.05,9.36,9.04,9.35
2026-04-07 23:00:00,9.35,9.62,9.35,9.43
2026-04-08 00:00:00,9.43,9.48,9.34,9.37
2026-04-08 01:00:00,9.37,9.45,9.32,9.41
2026-04-08 02:00:00,9.42,9.52,9.41,9.43
2026-04-08 03:00:00,9.43,9.48,9.42,9.44
2026-04-08 04:00:00,9.43,9.56,9.43,9.46
2026-04-08 05:00:00,9.46,9.52,9.42,9.46
2026-04-08 06:00:00,9.46,9.48,9.4,9.41
2026-04-08 07:00:00,9.41,9.45,9.37,9.39
2026-04-08 08:00:00,9.4,9.4,9.36,9.38
2026-04-08 09:00:00,9.38,9.41,9.35,9.36
2026-04-08 10:00:00,9.36,9.39,9.34,9.36
2026-04-08 11:00:00,9.35,9.36,9.28,9.3
2026-04-08 12:00:00,9.3,9.37,9.27,9.36
2026-04-08 13:00:00,9.35,9.44,9.31,9.32
2026-04-08 14:00:00,9.33,9.34,9.14,9.18
2026-04-08 15:00:00,9.18,9.23,9.17,9.22
2026-04-08 16:00:00,9.21,9.25,9.17,9.22
2026-04-08 17:00:00,9.23,9.29,9.2,9.27
2026-04-08 18:00:00,9.27,9.29,9.12,9.14
2026-04-08 19:00:00,9.14,9.19,9.12,9.19
2026-04-08 20:00:00,9.19,9.22,9.13,9.15
2026-04-08 21:00:00,9.14,9.22,9.13,9.2
2026-04-08 22:00:00,9.19,9.19,9.11,9.12
2026-04-08 23:00:00,9.12,9.12,9.04,9.05
2026-04-09 00:00:00,9.05,9.06,8.94,8.97
2026-04-09 01:00:00,8.96,8.99,8.92,8.99
2026-04-09 02:00:00,8.99,9.06,8.96,9.04
2026-04-09 03:00:00,9.03,9.06,9.01,9.03
2026-04-09 04:00:00,9.02,9.07,9.01,9.04
2026-04-09 05:00:00,9.05,9.06,9,9.02
2026-04-09 06:00:00,9.01,9.06,9.01,9.05
2026-04-09 07:00:00,9.06,9.09,9.05,9.08
2026-04-09 08:00:00,9.08,9.17,9.05,9.16
2026-04-09 09:00:00,9.16,9.16,9.06,9.13
2026-04-09 10:00:00,9.13,9.16,9.1,9.1
2026-04-09 11:00:00,9.1,9.11,9.04,9.08
2026-04-09 12:00:00,9.09,9.13,9.06,9.1
2026-04-09 13:00:00,9.11,9.12,9.06,9.1
2026-04-09 14:00:00,9.1,9.18,9.06,9.16
2026-04-09 15:00:00,9.16,9.37,9.13,9.34
2026-04-09 16:00:00,9.34,9.39,9.24,9.29
2026-04-09 17:00:00,9.29,9.39,9.28,9.36
2026-04-09 18:00:00,9.36,9.37,9.26,9.28
2026-04-09 19:00:00,9.28,9.35,9.25,9.31
2026-04-09 20:00:00,9.31,9.35,9.28,9.33
2026-04-09 21:00:00,9.33,9.46,9.31,9.42
2026-04-09 22:00:00,9.42,9.7,9.39,9.48
2026-04-09 23:00:00,9.48,9.52,9.34,9.37
2026-04-10 00:00:00,9.37,9.41,9.31,9.34
2026-04-10 01:00:00,9.33,9.42,9.27,9.35
2026-04-10 02:00:00,9.35,9.38,9.31,9.33
2026-04-10 03:00:00,9.33,9.36,9.28,9.31
2026-04-10 04:00:00,9.31,9.4,9.3,9.38
2026-04-10 05:00:00,9.39,9.42,9.36,9.37
2026-04-10 06:00:00,9.38,9.4,9.28,9.3
2026-04-10 07:00:00,9.31,9.32,9.27,9.28
2026-04-10 08:00:00,9.28,9.33,9.25,9.27
2026-04-10 09:00:00,9.27,9.33,9.27,9.31
2026-04-10 10:00:00,9.31,9.31,9.26,9.28
2026-04-10 11:00:00,9.28,9.34,9.26,9.3
2026-04-10 12:00:00,9.31,9.38,9.3,9.38
2026-04-10 13:00:00,9.38,9.42,9.32,9.37
2026-04-10 14:00:00,9.37,9.47,9.33,9.44
2026-04-10 15:00:00,9.45,9.51,9.39,9.42
2026-04-10 16:00:00,9.42,9.46,9.4,9.42
2026-04-10 17:00:00,9.42,9.42,9.35,9.4
2026-04-10 18:00:00,9.4,9.53,9.38,9.52
2026-04-10 19:00:00,9.52,9.56,9.49,9.53
2026-04-10 20:00:00,9.53,9.56,9.49,9.51
2026-04-10 21:00:00,9.51,9.52,9.4,9.45
2026-04-10 22:00:00,9.45,9.46,9.39,9.42
2026-04-10 23:00:00,9.42,9.42,9.38,9.39
2026-04-11 00:00:00,9.39,9.4,9.35,9.35
2026-04-11 01:00:00,9.35,9.36,9.31,9.35
2026-04-11 02:00:00,9.35,9.38,9.33,9.35
2026-04-11 03:00:00,9.34,9.37,9.31,9.33
2026-04-11 04:00:00,9.32,9.35,9.3,9.31
2026-04-11 05:00:00,9.3,9.31,9.25,9.26
2026-04-11 06:00:00,9.26,9.29,9.23,9.28
2026-04-11 07:00:00,9.28,9.31,9.26,9.28
2026-04-11 08:00:00,9.29,9.32,9.27,9.28
2026-04-11 09:00:00,9.28,9.32,9.26,9.28
2026-04-11 10:00:00,9.28,9.29,9.25,9.27
2026-04-11 11:00:00,9.26,9.29,9.25,9.28
2026-04-11 12:00:00,9.28,9.3,9.26,9.27
2026-04-11 13:00:00,9.27,9.28,9.19,9.24
2026-04-11 14:00:00,9.23,9.28,9.23,9.27
2026-04-11 15:00:00,9.28,9.34,9.27,9.34
2026-04-11 16:00:00,9.33,9.47,9.33,9.44
2026-04-11 17:00:00,9.45,9.46,9.38,9.39
2026-04-11 18:00:00,9.39,9.53,9.36,9.5
2026-04-11 19:00:00,9.49,9.61,9.48,9.58
2026-04-11 20:00:00,9.58,9.61,9.43,9.46
2026-04-11 21:00:00,9.46,9.5,9.43,9.47
2026-04-11 22:00:00,9.46,9.52,9.39,9.42
2026-04-11 23:00:00,9.41,9.42,9.33,9.38
2026-04-12 00:00:00,9.37,9.38,9.32,9.37
2026-04-12 01:00:00,9.37,9.39,9.03,9.09
2026-04-12 02:00:00,9.08,9.14,9.03,9.13
2026-04-12 03:00:00,9.13,9.13,9.08,9.09
2026-04-12 04:00:00,9.08,9.1,9.06,9.07
2026-04-12 05:00:00,9.08,9.09,9.05,9.07
2026-04-12 06:00:00,9.07,9.09,9.04,9.05
2026-04-12 07:00:00,9.05,9.05,9,9.02
2026-04-12 08:00:00,9.02,9.05,9,9.04
2026-04-12 09:00:00,9.04,9.05,9,9.03
2026-04-12 10:00:00,9.02,9.05,8.98,9
2026-04-12 11:00:00,8.99,9.05,8.98,9.03
2026-04-12 12:00:00,9.03,9.06,9,9.02
2026-04-12 13:00:00,9.02,9.05,8.96,8.97
2026-04-12 14:00:00,8.96,9.01,8.96,8.98
2026-04-12 15:00:00,8.98,8.99,8.92,8.96
2026-04-12 16:00:00,8.96,9.02,8.95,9.02
2026-04-12 17:00:00,9.02,9.13,9.01,9.11
2026-04-12 18:00:00,9.12,9.17,9.09,9.11
2026-04-12 19:00:00,9.11,9.11,9.06,9.08
2026-04-12 20:00:00,9.09,9.15,9.06,9.13
2026-04-12 21:00:00,9.14,9.17,9.11,9.15
2026-04-12 22:00:00,9.15,9.15,9.02,9.06
2026-04-12 23:00:00,9.06,9.06,9.01,9.03
2026-04-13 00:00:00,9.04,9.12,9.02,9.1
2026-04-13 01:00:00,9.1,9.17,9.09,9.14
2026-04-13 02:00:00,9.14,9.15,9.05,9.06
2026-04-13 03:00:00,9.06,9.08,9.04,9.07
2026-04-13 04:00:00,9.07,9.12,9.05,9.05
2026-04-13 05:00:00,9.05,9.07,9.01,9.07
2026-04-13 06:00:00,9.07,9.2,9.06,9.15
2026-04-13 07:00:00,9.16,9.16,9.04,9.06
2026-04-13 08:00:00,9.06,9.07,9.01,9.03
2026-04-13 09:00:00,9.02,9.09,9.02,9.08
2026-04-13 10:00:00,9.08,9.09,8.98,8.99
2026-04-13 11:00:00,9,9.08,8.97,9.07
2026-04-13 12:00:00,9.06,9.19,9.03,9.15
2026-04-13 13:00:00,9.16,9.28,9.1,9.26
2026-04-13 14:00:00,9.27,9.33,9.15,9.31
2026-04-13 15:00:00,9.32,9.33,9.15,9.21
2026-04-13 16:00:00,9.21,9.31,9.15,9.28
2026-04-13 17:00:00,9.29,9.39,9.25,9.26
2026-04-13 18:00:00,9.26,9.27,9.18,9.26
2026-04-13 19:00:00,9.27,9.42,9.26,9.4
2026-04-13 20:00:00,9.41,9.42,9.27,9.3
2026-04-13 21:00:00,9.3,9.33,9.25,9.32
2026-04-13 22:00:00,9.31,9.62,9.31,9.59
2026-04-13 23:00:00,9.6,9.71,9.56,9.66
2026-04-14 00:00:00,9.66,9.71,9.49,9.51
2026-04-14 01:00:00,9.51,9.54,9.46,9.5
2026-04-14 02:00:00,9.5,9.5,9.43,9.46
2026-04-14 03:00:00,9.45,9.49,9.43,9.46
2026-04-14 04:00:00,9.45,9.47,9.43,9.45
2026-04-14 05:00:00,9.45,9.45,9.37,9.39
2026-04-14 06:00:00,9.38,9.44,9.38,9.42
2026-04-14 07:00:00,9.42,9.46,9.39,9.42
2026-04-14 08:00:00,9.42,9.46,9.39,9.45
2026-04-14 09:00:00,9.44,9.45,9.39,9.43
2026-04-14 10:00:00,9.42,9.45,9.4,9.41
2026-04-14 11:00:00,9.41,9.41,9.38,9.39
2026-04-14 12:00:00,9.39,9.4,9.36,9.38
2026-04-14 13:00:00,9.38,9.5,9.37,9.49
2026-04-14 14:00:00,9.5,9.54,9.39,9.39
2026-04-14 15:00:00,9.4,9.47,9.28,9.42
2026-04-14 16:00:00,9.42,9.49,9.37,9.39
2026-04-14 17:00:00,9.39,9.45,9.32,9.38
2026-04-14 18:00:00,9.38,9.4,9.21,9.25
2026-04-14 19:00:00,9.25,9.35,9.25,9.35
2026-04-14 20:00:00,9.36,9.38,9.3,9.32
2026-04-14 21:00:00,9.33,9.39,9.32,9.37
2026-04-14 22:00:00,9.36,9.39,9.29,9.31
2026-04-14 23:00:00,9.31,9.33,9.27,9.31
2026-04-15 00:00:00,9.3,9.38,9.3,9.34
2026-04-15 01:00:00,9.33,9.39,9.32,9.36
2026-04-15 02:00:00,9.37,9.39,9.28,9.32
2026-04-15 03:00:00,9.32,9.36,9.29,9.35
2026-04-15 04:00:00,9.35,9.45,9.34,9.41
2026-04-15 05:00:00,9.41,9.45,9.32,9.35
2026-04-15 06:00:00,9.34,9.34,9.29,9.31
2026-04-15 07:00:00,9.31,9.33,9.26,9.27
2026-04-15 08:00:00,9.27,9.4,9.26,9.35
2026-04-15 09:00:00,9.36,9.37,9.3,9.32
2026-04-15 10:00:00,9.32,9.4,9.29,9.34
2026-04-15 11:00:00,9.34,9.46,9.34,9.43
2026-04-15 12:00:00,9.42,9.44,9.38,9.44
2026-04-15 13:00:00,9.43,9.45,9.36,9.39
2026-04-15 14:00:00,9.39,9.47,9.38,9.45
2026-04-15 15:00:00,9.46,9.46,9.33,9.37
2026-04-15 16:00:00,9.36,9.46,9.36,9.43
2026-04-15 17:00:00,9.44,9.48,9.4,9.45
2026-04-15 18:00:00,9.45,9.5,9.44,9.47
2026-04-15 19:00:00,9.47,9.57,9.45,9.53
2026-04-15 20:00:00,9.53,9.54,9.45,9.47
2026-04-15 21:00:00,9.47,9.51,9.43,9.5
2026-04-15 22:00:00,9.5,9.56,9.48,9.49
2026-04-15 23:00:00,9.48,9.48,9.39,9.43
2026-04-16 00:00:00,9.44,9.45,9.37,9.4
2026-04-16 01:00:00,9.41,9.41,9.35,9.37
2026-04-16 02:00:00,9.37,9.49,9.37,9.44
2026-04-16 03:00:00,9.44,9.51,9.41,9.49
2026-04-16 04:00:00,9.49,9.55,9.47,9.48
2026-04-16 05:00:00,9.49,9.52,9.46,9.49
2026-04-16 06:00:00,9.5,9.57,9.5,9.56
2026-04-16 07:00:00,9.57,9.62,9.49,9.51
2026-04-16 08:00:00,9.51,9.52,9.44,9.45
2026-04-16 09:00:00,9.44,9.51,9.43,9.43
2026-04-16 10:00:00,9.43,9.45,9.35,9.41
2026-04-16 11:00:00,9.41,9.48,9.38,9.46
2026-04-16 12:00:00,9.47,9.56,9.47,9.5
2026-04-16 13:00:00,9.51,9.62,9.31,9.41
2026-04-16 14:00:00,9.41,9.42,9.26,9.4
2026-04-16 15:00:00,9.4,9.61,9.39,9.58
2026-04-16 16:00:00,9.59,9.65,9.42,9.46
2026-04-16 17:00:00,9.46,9.55,9.41,9.53
2026-04-16 18:00:00,9.52,9.85,9.49,9.78
2026-04-16 19:00:00,9.78,9.87,9.74,9.86
2026-04-16 20:00:00,9.85,9.89,9.66,9.7
2026-04-16 21:00:00,9.7,9.74,9.65,9.73
2026-04-16 22:00:00,9.73,9.77,9.68,9.71
2026-04-16 23:00:00,9.71,9.78,9.69,9.73
2026-04-17 00:00:00,9.72,9.75,9.67,9.69
2026-04-17 01:00:00,9.69,9.72,9.6,9.64
2026-04-17 02:00:00,9.63,9.65,9.55,9.59
2026-04-17 03:00:00,9.58,9.59,9.54,9.55
2026-04-17 04:00:00,9.55,9.59,9.53,9.55
2026-04-17 05:00:00,9.55,9.56,9.45,9.45
2026-04-17 06:00:00,9.45,9.58,9.45,9.56
2026-04-17 07:00:00,9.57,9.63,9.56,9.62
2026-04-17 08:00:00,9.63,9.71,9.62,9.67
2026-04-17 09:00:00,9.67,9.74,9.6,9.68
2026-04-17 10:00:00,9.68,9.71,9.5,9.55
2026-04-17 11:00:00,9.54,9.68,9.53,9.65
2026-04-17 12:00:00,9.66,9.76,9.61,9.74
2026-04-17 13:00:00,9.73,9.92,9.71,9.9
2026-04-17 14:00:00,9.89,10.01,9.86,9.94
2026-04-17 15:00:00,9.94,9.94,9.75,9.82
2026-04-17 16:00:00,9.81,9.95,9.8,9.92
2026-04-17 17:00:00,9.93,9.93,9.77,9.84
2026-04-17 18:00:00,9.84,9.85,9.74,9.77
2026-04-17 19:00:00,9.77,9.84,9.75,9.79
2026-04-17 20:00:00,9.79,9.83,9.72,9.79
2026-04-17 21:00:00,9.78,9.85,9.76,9.79
2026-04-17 22:00:00,9.79,9.85,9.77,9.8
2026-04-17 23:00:00,9.8,9.8,9.69,9.72
2026-04-18 00:00:00,9.72,9.77,9.7,9.74
2026-04-18 01:00:00,9.75,9.79,9.68,9.7
2026-04-18 02:00:00,9.7,9.75,9.68,9.71
2026-04-18 03:00:00,9.71,9.72,9.63,9.64
2026-04-18 04:00:00,9.65,9.68,9.62,9.66
2026-04-18 05:00:00,9.66,9.72,9.66,9.7
2026-04-18 06:00:00,9.69,9.73,9.65,9.69
2026-04-18 07:00:00,9.69,9.74,9.68,9.7
2026-04-18 08:00:00,9.7,9.71,9.51,9.56
2026-04-18 09:00:00,9.56,9.57,9.48,9.53
2026-04-18 10:00:00,9.53,9.53,9.42,9.43
2026-04-18 11:00:00,9.44,9.44,9.35,9.4
2026-04-18 12:00:00,9.39,9.42,9.38,9.41
2026-04-18 13:00:00,9.42,9.43,9.33,9.4
2026-04-18 14:00:00,9.39,9.44,9.37,9.43
2026-04-18 15:00:00,9.42,9.45,9.39,9.4
2026-04-18 16:00:00,9.41,9.44,9.36,9.39
2026-04-18 17:00:00,9.39,9.42,9.35,9.39
2026-04-18 18:00:00,9.39,9.4,9.3,9.34
2026-04-18 19:00:00,9.33,9.4,9.33,9.38
2026-04-18 20:00:00,9.38,9.42,9.35,9.4
2026-04-18 21:00:00,9.4,9.41,9.37,9.39
2026-04-18 22:00:00,9.4,9.4,9.35,9.39
2026-04-18 23:00:00,9.38,9.4,9.32,9.33
2026-04-19 00:00:00,9.33,9.34,9.27,9.3
2026-04-19 01:00:00,9.3,9.33,9.25,9.28
2026-04-19 02:00:00,9.28,9.29,9.21,9.27
2026-04-19 03:00:00,9.28,9.33,9.24,9.3
2026-04-19 04:00:00,9.29,9.33,9.25,9.29
2026-04-19 05:00:00,9.3,9.32,9.26,9.27
2026-04-19 06:00:00,9.27,9.31,9.23,9.28
2026-04-19 07:00:00,9.28,9.28,9.13,9.22
2026-04-19 08:00:00,9.21,9.22,9.18,9.2
2026-04-19 09:00:00,9.2,9.22,9.17,9.18
2026-04-19 10:00:00,9.17,9.2,9.15,9.18
2026-04-19 11:00:00,9.18,9.28,9.17,9.25
2026-04-19 12:00:00,9.25,9.29,9.24,9.27
2026-04-19 13:00:00,9.27,9.36,9.26,9.29
2026-04-19 14:00:00,9.3,9.36,9.24,9.32
2026-04-19 15:00:00,9.31,9.32,9.2,9.28
2026-04-19 16:00:00,9.29,9.29,9.21,9.22
2026-04-19 17:00:00,9.22,9.24,9.14,9.15
2026-04-19 18:00:00,9.15,9.19,9.13,9.18
2026-04-19 19:00:00,9.18,9.24,9.17,9.2
2026-04-19 20:00:00,9.19,9.2,9.12,9.15
2026-04-19 21:00:00,9.15,9.18,9.11,9.13
2026-04-19 22:00:00,9.12,9.12,8.96,9.01
2026-04-19 23:00:00,9,9.02,8.97,9
2026-04-20 00:00:00,9,9.1,8.98,9.08
2026-04-20 01:00:00,9.07,9.14,9.07,9.13
2026-04-20 02:00:00,9.13,9.14,9.07,9.11
2026-04-20 03:00:00,9.11,9.17,9.11,9.15
2026-04-20 04:00:00,9.16,9.17,9.11,9.14
2026-04-20 05:00:00,9.14,9.14,9.05,9.08
2026-04-20 06:00:00,9.08,9.17,9.06,9.15
2026-04-20 07:00:00,9.15,9.33,9.14,9.22
2026-04-20 08:00:00,9.23,9.24,9.16,9.16
2026-04-20 09:00:00,9.17,9.25,9.16,9.21
2026-04-20 10:00:00,9.2,9.28,9.2,9.22
2026-04-20 11:00:00,9.21,9.23,9.17,9.22
2026-04-20 12:00:00,9.22,9.27,9.19,9.25
2026-04-20 13:00:00,9.26,9.29,9.22,9.26
2026-04-20 14:00:00,9.25,9.3,9.17,9.2
2026-04-20 15:00:00,9.21,9.25,9.15,9.23
2026-04-20 16:00:00,9.23,9.24,9.16,9.17
2026-04-20 17:00:00,9.18,9.27,9.17,9.26
2026-04-20 18:00:00,9.27,9.35,9.27,9.33
2026-04-20 19:00:00,9.32,9.36,9.3,9.31
2026-04-20 20:00:00,9.32,9.4,9.29,9.38
2026-04-20 21:00:00,9.38,9.44,9.35,9.4
2026-04-20 22:00:00,9.4,9.42,9.34,9.37
2026-04-20 23:00:00,9.36,9.36,9.26,9.27
2026-04-21 00:00:00,9.27,9.34,9.27,9.33
2026-04-21 01:00:00,9.32,9.37,9.31,9.31
2026-04-21 02:00:00,9.31,9.32,9.27,9.28
2026-04-21 03:00:00,9.27,9.32,9.25,9.29
2026-04-21 04:00:00,9.28,9.33,9.26,9.32
2026-04-21 05:00:00,9.32,9.38,9.31,9.36
2026-04-21 06:00:00,9.37,9.38,9.3,9.33
2026-04-21 07:00:00,9.32,9.38,9.28,9.34
2026-04-21 08:00:00,9.34,9.43,9.33,9.37
2026-04-21 09:00:00,9.37,9.42,9.34,9.39
2026-04-21 10:00:00,9.39,9.44,9.39,9.41
2026-04-21 11:00:00,9.42,9.53,9.38,9.44
2026-04-21 12:00:00,9.44,9.46,9.34,9.4
2026-04-21 13:00:00,9.39,9.4,9.33,9.37
2026-04-21 14:00:00,9.38,9.47,9.34,9.36
2026-04-21 15:00:00,9.36,9.4,9.32,9.39
2026-04-21 16:00:00,9.39,9.44,9.31,9.33
2026-04-21 17:00:00,9.33,9.39,9.21,9.33
2026-04-21 18:00:00,9.33,9.35,9.26,9.32
2026-04-21 19:00:00,9.32,9.35,9.17,9.2
2026-04-21 20:00:00,9.21,9.36,9.2,9.31
2026-04-21 21:00:00,9.3,9.33,9.29,9.3
2026-04-21 22:00:00,9.3,9.32,9.26,9.3
2026-04-21 23:00:00,9.3,9.4,9.3,9.39
2026-04-22 00:00:00,9.4,9.43,9.38,9.42
2026-04-22 01:00:00,9.42,9.43,9.36,9.39
2026-04-22 02:00:00,9.4,9.59,9.38,9.58
2026-04-22 03:00:00,9.59,9.61,9.5,9.56
2026-04-22 04:00:00,9.57,9.59,9.53,9.56
2026-04-22 05:00:00,9.56,9.68,9.54,9.62
2026-04-22 06:00:00,9.61,9.62,9.58,9.61
2026-04-22 07:00:00,9.61,9.61,9.55,9.57
2026-04-22 08:00:00,9.58,9.59,9.53,9.56
2026-04-22 09:00:00,9.56,9.64,9.54,9.6
2026-04-22 10:00:00,9.61,9.64,9.55,9.58
2026-04-22 11:00:00,9.58,9.6,9.56,9.58
2026-04-22 12:00:00,9.57,9.59,9.51,9.53
2026-04-22 13:00:00,9.52,9.57,9.49,9.55
2026-04-22 14:00:00,9.56,9.6,9.52,9.57
2026-04-22 15:00:00,9.57,9.59,9.54,9.54
2026-04-22 16:00:00,9.55,9.57,9.49,9.49
2026-04-22 17:00:00,9.5,9.55,9.49,9.52
2026-04-22 18:00:00,9.53,9.58,9.51,9.51
2026-04-22 19:00:00,9.52,9.53,9.43,9.48
2026-04-22 20:00:00,9.48,9.48,9.43,9.44
2026-04-22 21:00:00,9.44,9.49,9.44,9.48
2026-04-22 22:00:00,9.47,9.49,9.42,9.43
2026-04-22 23:00:00,9.43,9.43,9.33,9.33
2026-04-23 00:00:00,9.33,9.36,9.21,9.35
2026-04-23 01:00:00,9.35,9.35,9.28,9.33
2026-04-23 02:00:00,9.34,9.34,9.27,9.31
2026-04-23 03:00:00,9.31,9.31,9.22,9.27
2026-04-23 04:00:00,9.27,9.32,9.26,9.32
2026-04-23 05:00:00,9.32,9.35,9.25,9.28
2026-04-23 06:00:00,9.28,9.34,9.27,9.33
2026-04-23 07:00:00,9.32,9.33,9.27,9.28
2026-04-23 08:00:00,9.29,9.29,9.24,9.29
2026-04-23 09:00:00,9.29,9.29,9.22,9.24
2026-04-23 10:00:00,9.25,9.26,9.19,9.22
2026-04-23 11:00:00,9.23,9.3,9.22,9.27
2026-04-23 12:00:00,9.28,9.31,9.26,9.29
2026-04-23 13:00:00,9.3,9.31,9.26,9.28
2026-04-23 14:00:00,9.27,9.36,9.24,9.36
2026-04-23 15:00:00,9.36,9.45,9.34,9.4
2026-04-23 16:00:00,9.4,9.41,9.33,9.33
2026-04-23 17:00:00,9.33,9.35,9.16,9.26
2026-04-23 18:00:00,9.26,9.31,9.25,9.26
2026-04-23 19:00:00,9.26,9.31,9.24,9.28
2026-04-23 20:00:00,9.27,9.35,9.27,9.32
2026-04-23 21:00:00,9.32,9.37,9.3,9.34
2026-04-23 22:00:00,9.34,9.38,9.34,9.36
2026-04-23 23:00:00,9.35,9.41,9.34,9.38
2026-04-24 00:00:00,9.39,9.42,9.39,9.41
2026-04-24 01:00:00,9.42,9.44,9.36,9.43
2026-04-24 02:00:00,9.43,9.44,9.36,9.36
2026-04-24 03:00:00,9.36,9.37,9.28,9.33
2026-04-24 04:00:00,9.33,9.34,9.3,9.32
2026-04-24 05:00:00,9.32,9.38,9.3,9.36
2026-04-24 06:00:00,9.37,9.41,9.35,9.37
2026-04-24 07:00:00,9.37,9.41,9.34,9.37
2026-04-24 08:00:00,9.37,9.4,9.35,9.37
2026-04-24 09:00:00,9.37,9.38,9.32,9.36
2026-04-24 10:00:00,9.35,9.42,9.33,9.39
2026-04-24 11:00:00,9.4,9.47,9.4,9.44
2026-04-24 12:00:00,9.44,9.47,9.39,9.41
2026-04-24 13:00:00,9.41,9.45,9.4,9.41
2026-04-24 14:00:00,9.42,9.43,9.37,9.41
2026-04-24 15:00:00,9.41,9.46,9.34,9.46
2026-04-24 16:00:00,9.46,9.48,9.39,9.43
2026-04-24 17:00:00,9.42,9.45,9.4,9.42
2026-04-24 18:00:00,9.42,9.45,9.38,9.42
2026-04-24 19:00:00,9.43,9.45,9.41,9.44
2026-04-24 20:00:00,9.44,9.47,9.39,9.46
2026-04-24 21:00:00,9.46,9.48,9.43,9.45
2026-04-24 22:00:00,9.45,9.45,9.37,9.39
2026-04-24 23:00:00,9.39,9.41,9.37,9.4
2026-04-25 00:00:00,9.4,9.42,9.38,9.41
2026-04-25 01:00:00,9.41,9.46,9.41,9.43
2026-04-25 02:00:00,9.44,9.44,9.4,9.44
2026-04-25 03:00:00,9.44,9.46,9.41,9.44
2026-04-25 04:00:00,9.44,9.46,9.42,9.44
2026-04-25 05:00:00,9.44,9.46,9.39,9.45
2026-04-25 06:00:00,9.45,9.5,9.45,9.46
2026-04-25 07:00:00,9.45,9.47,9.43,9.45
2026-04-25 08:00:00,9.45,9.47,9.43,9.46
2026-04-25 09:00:00,9.45,9.49,9.45,9.48
2026-04-25 10:00:00,9.47,9.49,9.46,9.47
2026-04-25 11:00:00,9.48,9.48,9.38,9.4
2026-04-25 12:00:00,9.4,9.41,9.37,9.39
2026-04-25 13:00:00,9.38,9.44,9.38,9.42
2026-04-25 14:00:00,9.42,9.43,9.38,9.38
2026-04-25 15:00:00,9.39,9.4,9.32,9.34
2026-04-25 16:00:00,9.34,9.37,9.3,9.33
2026-04-25 17:00:00,9.33,9.34,9.28,9.3
2026-04-25 18:00:00,9.3,9.34,9.29,9.31
2026-04-25 19:00:00,9.31,9.33,9.3,9.3
2026-04-25 20:00:00,9.31,9.33,9.29,9.33
2026-04-25 21:00:00,9.32,9.35,9.32,9.33
2026-04-25 22:00:00,9.33,9.37,9.32,9.34
2026-04-25 23:00:00,9.34,9.37,9.34,9.36
2026-04-26 00:00:00,9.36,9.37,9.32,9.33
2026-04-26 01:00:00,9.33,9.34,9.31,9.32
2026-04-26 02:00:00,9.32,9.37,9.32,9.35
2026-04-26 03:00:00,9.34,9.36,9.31,9.34
2026-04-26 04:00:00,9.35,9.4,9.32,9.37
2026-04-26 05:00:00,9.36,9.44,9.36,9.4
2026-04-26 06:00:00,9.4,9.44,9.39,9.42
2026-04-26 07:00:00,9.41,9.44,9.4,9.43
2026-04-26 08:00:00,9.43,9.45,9.41,9.44
2026-04-26 09:00:00,9.43,9.46,9.43,9.45
2026-04-26 10:00:00,9.45,9.46,9.43,9.45
2026-04-26 11:00:00,9.45,9.53,9.45,9.48
2026-04-26 12:00:00,9.49,9.5,9.42,9.43
2026-04-26 13:00:00,9.44,9.45,9.41,9.41
2026-04-26 14:00:00,9.41,9.49,9.4,9.47
2026-04-26 15:00:00,9.46,9.49,9.45,9.49
2026-04-26 16:00:00,9.48,9.49,9.43,9.43
2026-04-26 17:00:00,9.43,9.44,9.4,9.43
2026-04-26 18:00:00,9.42,9.55,9.41,9.48
2026-04-26 19:00:00,9.48,9.52,9.46,9.48
2026-04-26 20:00:00,9.48,9.49,9.45,9.45
2026-04-26 21:00:00,9.45,9.47,9.39,9.46
2026-04-26 22:00:00,9.46,9.51,9.42,9.45
2026-04-26 23:00:00,9.44,9.5,9.43,9.45
2026-04-27 00:00:00,9.46,9.51,9.42,9.51
2026-04-27 01:00:00,9.51,9.56,9.47,9.55
2026-04-27 02:00:00,9.55,9.56,9.5,9.54
2026-04-27 03:00:00,9.53,9.57,9.51,9.51
2026-04-27 04:00:00,9.51,9.54,9.48,9.5
2026-04-27 05:00:00,9.5,9.5,9.27,9.29
2026-04-27 06:00:00,9.29,9.3,9.21,9.26
2026-04-27 07:00:00,9.25,9.27,9.23,9.23
2026-04-27 08:00:00,9.23,9.26,9.22,9.25
2026-04-27 09:00:00,9.26,9.28,9.24,9.26
2026-04-27 10:00:00,9.25,9.28,9.25,9.26
2026-04-27 11:00:00,9.26,9.28,9.24,9.27
2026-04-27 12:00:00,9.26,9.27,9.24,9.24
2026-04-27 13:00:00,9.24,9.26,9.19,9.24
2026-04-27 14:00:00,9.23,9.32,9.23,9.27
2026-04-27 15:00:00,9.28,9.28,9.08,9.13
2026-04-27 16:00:00,9.13,9.18,9.1,9.16
2026-04-27 17:00:00,9.16,9.2,9.15,9.17
2026-04-27 18:00:00,9.17,9.21,9.16,9.19
2026-04-27 19:00:00,9.19,9.21,9.13,9.18
2026-04-27 20:00:00,9.17,9.2,9.17,9.17
2026-04-27 21:00:00,9.17,9.2,9.16,9.18
2026-04-27 22:00:00,9.18,9.23,9.16,9.22
2026-04-27 23:00:00,9.22,9.28,9.22,9.27
2026-04-28 00:00:00,9.26,9.27,9.23,9.26
2026-04-28 01:00:00,9.25,9.27,9.23,9.25
2026-04-28 02:00:00,9.25,9.28,9.2,9.21
2026-04-28 03:00:00,9.22,9.23,9.2,9.22
2026-04-28 04:00:00,9.22,9.25,9.21,9.22
2026-04-28 05:00:00,9.22,9.26,9.21,9.22
2026-04-28 06:00:00,9.23,9.25,9.16,9.19
2026-04-28 07:00:00,9.18,9.19,9.14,9.18
2026-04-28 08:00:00,9.17,9.21,9.16,9.18
2026-04-28 09:00:00,9.19,9.19,9.13,9.15
2026-04-28 10:00:00,9.16,9.21,9.15,9.21
2026-04-28 11:00:00,9.22,9.23,9.12,9.15
2026-04-28 12:00:00,9.16,9.2,9.14,9.19
2026-04-28 13:00:00,9.2,9.23,9.13,9.19
2026-04-28 14:00:00,9.19,9.2,9.11,9.17
2026-04-28 15:00:00,9.17,9.2,9.13,9.17
2026-04-28 16:00:00,9.16,9.18,9.14,9.17
2026-04-28 17:00:00,9.16,9.2,9.13,9.16
2026-04-28 18:00:00,9.16,9.19,9.12,9.17
2026-04-28 19:00:00,9.17,9.19,9.14,9.18
2026-04-28 20:00:00,9.19,9.2,9.17,9.18
2026-04-28 21:00:00,9.19,9.21,9.17,9.18
2026-04-28 22:00:00,9.18,9.2,9.15,9.16
2026-04-28 23:00:00,9.17,9.18,9.15,9.17
2026-04-29 00:00:00,9.17,9.18,9.15,9.18
2026-04-29 01:00:00,9.17,9.19,9.14,9.18
2026-04-29 02:00:00,9.18,9.2,9.15,9.18
2026-04-29 03:00:00,9.18,9.26,9.18,9.26
2026-04-29 04:00:00,9.26,9.35,9.24,9.34
2026-04-29 05:00:00,9.34,9.35,9.32,9.33
2026-04-29 06:00:00,9.33,9.35,9.28,9.3
2026-04-29 07:00:00,9.3,9.33,9.28,9.3
2026-04-29 08:00:00,9.3,9.3,9.25,9.27
2026-04-29 09:00:00,9.26,9.42,9.25,9.4
2026-04-29 10:00:00,9.4,9.45,9.36,9.4
2026-04-29 11:00:00,9.39,9.4,9.33,9.35
2026-04-29 12:00:00,9.34,9.35,9.2,9.27
2026-04-29 13:00:00,9.26,9.28,9.16,9.22
2026-04-29 14:00:00,9.21,9.24,9.17,9.2
2026-04-29 15:00:00,9.19,9.21,9.08,9.12
2026-04-29 16:00:00,9.12,9.16,9.1,9.12
2026-04-29 17:00:00,9.12,9.19,9.11,9.18
2026-04-29 18:00:00,9.19,9.19,8.92,9.07
2026-04-29 19:00:00,9.07,9.08,9.02,9.06
2026-04-29 20:00:00,9.06,9.13,9.05,9.1
2026-04-29 21:00:00,9.1,9.16,9.09,9.13
2026-04-29 22:00:00,9.12,9.14,9.1,9.12
2026-04-29 23:00:00,9.12,9.13,9.09,9.12
2026-04-30 00:00:00,9.12,9.23,9.12,9.21
2026-04-30 01:00:00,9.22,9.22,9.17,9.19
2026-04-30 02:00:00,9.2,9.22,9.09,9.12
2026-04-30 03:00:00,9.12,9.17,9.12,9.16
2026-04-30 04:00:00,9.17,9.17,9.08,9.08
2026-04-30 05:00:00,9.09,9.12,9.05,9.09
2026-04-30 06:00:00,9.1,9.13,9.08,9.11
2026-04-30 07:00:00,9.11,9.16,9.09,9.15
2026-04-30 08:00:00,9.16,9.17,9.14,9.15
2026-04-30 09:00:00,9.15,9.23,9.14,9.18
2026-04-30 10:00:00,9.18,9.19,9.13,9.14
2026-04-30 11:00:00,9.15,9.19,9.11,9.14
2026-04-30 12:00:00,9.15,9.18,9.13,9.13
2026-04-30 13:00:00,9.13,9.16,9.09,9.13
2026-04-30 14:00:00,9.13,9.16,9.08,9.12
2026-04-30 15:00:00,9.12,9.17,9.09,9.13
2026-04-30 16:00:00,9.14,9.14,9.08,9.1
2026-04-30 17:00:00,9.09,9.11,9.07,9.1
2026-04-30 18:00:00,9.09,9.13,9.08,9.1
2026-04-30 19:00:00,9.1,9.13,9.09,9.1
2026-04-30 20:00:00,9.11,9.12,9.09,9.09
2026-04-30 21:00:00,9.09,9.11,9.08,9.09
2026-04-30 22:00:00,9.09,9.1,9.06,9.06
2026-04-30 23:00:00,9.07,9.1,9.06,9.09
2026-05-01 00:00:00,9.1,9.14,9.09,9.1
2026-05-01 01:00:00,9.11,9.14,9.1,9.13
2026-05-01 02:00:00,9.12,9.13,9.09,9.11
2026-05-01 03:00:00,9.11,9.21,9.1,9.15
2026-05-01 04:00:00,9.16,9.18,9.12,9.12
2026-05-01 05:00:00,9.12,9.14,9.1,9.12
2026-05-01 06:00:00,9.12,9.13,9.06,9.09
2026-05-01 07:00:00,9.08,9.12,9.07,9.1
2026-05-01 08:00:00,9.1,9.15,9.1,9.14
2026-05-01 09:00:00,9.14,9.14,9.08,9.11
2026-05-01 10:00:00,9.11,9.12,9.06,9.11
2026-05-01 11:00:00,9.12,9.13,9.09,9.13
2026-05-01 12:00:00,9.12,9.2,9.11,9.16
2026-05-01 13:00:00,9.17,9.26,9.17,9.25
2026-05-01 14:00:00,9.25,9.27,9.18,9.22
2026-05-01 15:00:00,9.21,9.24,9.16,9.2
2026-05-01 16:00:00,9.2,9.22,9.14,9.17
2026-05-01 17:00:00,9.16,9.19,9.13,9.19
2026-05-01 18:00:00,9.19,9.19,9.16,9.17
2026-05-01 19:00:00,9.17,9.19,9.15,9.16
2026-05-01 20:00:00,9.15,9.16,9.07,9.08
2026-05-01 21:00:00,9.08,9.13,9.08,9.11
2026-05-01 22:00:00,9.11,9.13,9.08,9.09
2026-05-01 23:00:00,9.09,9.1,9.06,9.08
2026-05-02 00:00:00,9.09,9.11,9.07,9.09
2026-05-02 01:00:00,9.09,9.12,9.08,9.11
2026-05-02 02:00:00,9.1,9.13,9.09,9.11
2026-05-02 03:00:00,9.11,9.14,9.09,9.12
2026-05-02 04:00:00,9.13,9.13,9.07,9.08
2026-05-02 05:00:00,9.09,9.1,9.06,9.08
2026-05-02 06:00:00,9.07,9.11,9.07,9.1
2026-05-02 07:00:00,9.11,9.11,9.09,9.1
2026-05-02 08:00:00,9.09,9.1,9.08,9.09
2026-05-02 09:00:00,9.1,9.13,9.09,9.11
2026-05-02 10:00:00,9.11,9.13,9.1,9.13
2026-05-02 11:00:00,9.12,9.12,9.07,9.08
2026-05-02 12:00:00,9.09,9.11,9.08,9.08
2026-05-02 13:00:00,9.09,9.12,9.08,9.12
2026-05-02 14:00:00,9.11,9.14,9.11,9.13
2026-05-02 15:00:00,9.13,9.16,9.12,9.15
2026-05-02 16:00:00,9.15,9.18,9.14,9.17
2026-05-02 17:00:00,9.17,9.17,9.14,9.14
2026-05-02 18:00:00,9.13,9.16,9.1,9.15
2026-05-02 19:00:00,9.15,9.17,9.14,9.17
2026-05-02 20:00:00,9.17,9.19,9.15,9.17
2026-05-02 21:00:00,9.18,9.25,9.15,9.21
2026-05-02 22:00:00,9.21,9.22,9.18,9.21
2026-05-02 23:00:00,9.21,9.21,9.17,9.18
2026-05-03 00:00:00,9.19,9.2,9.12,9.14
2026-05-03 01:00:00,9.13,9.14,9.07,9.08
2026-05-03 02:00:00,9.07,9.09,9.04,9.06
2026-05-03 03:00:00,9.06,9.07,9.02,9.05
2026-05-03 04:00:00,9.04,9.05,9.02,9.02
2026-05-03 05:00:00,9.02,9.06,9.02,9.04
2026-05-03 06:00:00,9.03,9.07,9,9.05
2026-05-03 07:00:00,9.05,9.08,9.04,9.06
2026-05-03 08:00:00,9.05,9.08,9.03,9.03
2026-05-03 09:00:00,9.03,9.08,8.97,9.06
2026-05-03 10:00:00,9.06,9.07,9.04,9.05
2026-05-03 11:00:00,9.04,9.11,9.03,9.08
2026-05-03 12:00:00,9.08,9.13,9.08,9.09
2026-05-03 13:00:00,9.09,9.1,9.05,9.06
2026-05-03 14:00:00,9.06,9.11,9.05,9.09
2026-05-03 15:00:00,9.1,9.13,9.08,9.11
2026-05-03 16:00:00,9.11,9.11,9.07,9.09
2026-05-03 17:00:00,9.09,9.11,9.07,9.1
2026-05-03 18:00:00,9.1,9.12,9.09,9.1
2026-05-03 19:00:00,9.11,9.14,9.1,9.13
2026-05-03 20:00:00,9.13,9.18,9.11,9.12
2026-05-03 21:00:00,9.13,9.15,9.06,9.08
2026-05-03 22:00:00,9.09,9.2,9.08,9.17
2026-05-03 23:00:00,9.17,9.18,9.08,9.08
2026-05-04 00:00:00,9.08,9.09,8.99,9.06
2026-05-04 01:00:00,9.06,9.21,9.01,9.19
2026-05-04 02:00:00,9.2,9.31,9.18,9.29
2026-05-04 03:00:00,9.29,9.34,9.25,9.29
2026-05-04 04:00:00,9.29,9.38,9.28,9.33
2026-05-04 05:00:00,9.33,9.34,9.25,9.32
2026-05-04 06:00:00,9.32,9.33,9.21,9.26
2026-05-04 07:00:00,9.26,9.29,9.23,9.24
2026-05-04 08:00:00,9.23,9.24,9.17,9.2
2026-05-04 09:00:00,9.2,9.32,9.16,9.29
2026-05-04 10:00:00,9.29,9.29,9.03,9.12
2026-05-04 11:00:00,9.12,9.15,9.11,9.14
2026-05-04 12:00:00,9.14,9.17,9.11,9.11
2026-05-04 13:00:00,9.1,9.15,9.07,9.12
2026-05-04 14:00:00,9.12,9.28,9.07,9.23
2026-05-04 15:00:00,9.24,9.24,9.1,9.14
2026-05-04 16:00:00,9.14,9.24,9.09,9.19
2026-05-04 17:00:00,9.2,9.3,9.18,9.26
2026-05-04 18:00:00,9.25,9.29,9.23,9.27
2026-05-04 19:00:00,9.27,9.27,9.2,9.23
2026-05-04 20:00:00,9.23,9.24,9.13,9.15
2026-05-04 21:00:00,9.15,9.26,9.14,9.23
2026-05-04 22:00:00,9.23,9.26,9.18,9.19
2026-05-04 23:00:00,9.18,9.19,9.14,9.18
2026-05-05 00:00:00,9.18,9.22,9.17,9.21
2026-05-05 01:00:00,9.21,9.26,9.2,9.24
2026-05-05 02:00:00,9.24,9.3,9.23,9.26
2026-05-05 03:00:00,9.26,9.32,9.24,9.28
2026-05-05 04:00:00,9.29,9.3,9.26,9.27
2026-05-05 05:00:00,9.27,9.31,9.26,9.3
2026-05-05 06:00:00,9.3,9.33,9.27,9.33
2026-05-05 07:00:00,9.33,9.38,9.31,9.33
2026-05-05 08:00:00,9.33,9.36,9.32,9.34
2026-05-05 09:00:00,9.34,9.37,9.31,9.34
2026-05-05 10:00:00,9.34,9.43,9.33,9.4
2026-05-05 11:00:00,9.41,9.41,9.34,9.39
2026-05-05 12:00:00,9.39,9.43,9.38,9.42
2026-05-05 13:00:00,9.42,9.52,9.41,9.47
2026-05-05 14:00:00,9.48,9.52,9.4,9.45
2026-05-05 15:00:00,9.45,9.49,9.4,9.41
2026-05-05 16:00:00,9.41,9.43,9.33,9.37
2026-05-05 17:00:00,9.38,9.4,9.35,9.38
2026-05-05 18:00:00,9.38,9.41,9.37,9.4
2026-05-05 19:00:00,9.4,9.43,9.38,9.4
2026-05-05 20:00:00,9.41,9.46,9.4,9.44
2026-05-05 21:00:00,9.44,9.49,9.43,9.45
2026-05-05 22:00:00,9.46,9.49,9.37,9.42
2026-05-05 23:00:00,9.42,9.43,9.36,9.4
2026-05-06 00:00:00,9.4,9.42,9.37,9.4
2026-05-06 01:00:00,9.4,9.53,9.4,9.49
2026-05-06 02:00:00,9.5,9.51,9.43,9.49
2026-05-06 03:00:00,9.49,9.58,9.48,9.56
2026-05-06 04:00:00,9.57,9.59,9.49,9.51
2026-05-06 05:00:00,9.52,9.56,9.49,9.55
2026-05-06 06:00:00,9.56,9.57,9.5,9.53
2026-05-06 07:00:00,9.52,9.59,9.52,9.56
2026-05-06 08:00:00,9.56,9.74,9.56,9.73
2026-05-06 09:00:00,9.72,9.75,9.67,9.73
2026-05-06 10:00:00,9.73,9.76,9.7,9.74
2026-05-06 11:00:00,9.73,9.76,9.7,9.74
2026-05-06 12:00:00,9.75,9.78,9.71,9.75
2026-05-06 13:00:00,9.75,9.75,9.55,9.57
2026-05-06 14:00:00,9.56,9.62,9.46,9.55
2026-05-06 15:00:00,9.55,9.63,9.53,9.62
2026-05-06 16:00:00,9.62,9.67,9.57,9.62
2026-05-06 17:00:00,9.63,9.65,9.59,9.59
2026-05-06 18:00:00,9.6,9.62,9.57,9.57
2026-05-06 19:00:00,9.57,9.62,9.56,9.61
2026-05-06 20:00:00,9.6,9.65,9.56,9.6
2026-05-06 21:00:00,9.6,9.67,9.57,9.65
2026-05-06 22:00:00,9.66,9.66,9.57,9.6
2026-05-06 23:00:00,9.59,9.62,9.52,9.61
2026-05-07 00:00:00,9.61,9.63,9.52,9.54
2026-05-07 01:00:00,9.53,9.56,9.47,9.52
2026-05-07 02:00:00,9.53,9.53,9.45,9.51
2026-05-07 03:00:00,9.5,9.52,9.46,9.47
2026-05-07 04:00:00,9.46,9.57,9.46,9.57
2026-05-07 05:00:00,9.56,9.62,9.56,9.58
2026-05-07 06:00:00,9.58,9.66,9.53,9.66
2026-05-07 07:00:00,9.66,9.7,9.64,9.68
2026-05-07 08:00:00,9.69,9.69,9.64,9.64
2026-05-07 09:00:00,9.64,9.65,9.56,9.57
2026-05-07 10:00:00,9.56,9.6,9.52,9.58
2026-05-07 11:00:00,9.58,9.61,9.55,9.57
2026-05-07 12:00:00,9.58,9.65,9.57,9.64
2026-05-07 13:00:00,9.64,9.65,9.49,9.54
2026-05-07 14:00:00,9.53,9.56,9.41,9.46
2026-05-07 15:00:00,9.46,9.48,9.37,9.41
2026-05-07 16:00:00,9.42,9.48,9.4,9.45
2026-05-07 17:00:00,9.45,9.51,9.4,9.51
2026-05-07 18:00:00,9.5,9.55,9.47,9.5
2026-05-07 19:00:00,9.5,9.51,9.46,9.47
2026-05-07 20:00:00,9.47,9.53,9.44,9.44
2026-05-07 21:00:00,9.44,9.49,9.41,9.45
2026-05-07 22:00:00,9.45,9.49,9.41,9.46
2026-05-07 23:00:00,9.45,9.51,9.45,9.5
2026-05-08 00:00:00,9.51,9.54,9.47,9.5
2026-05-08 01:00:00,9.51,9.52,9.46,9.49
2026-05-08 02:00:00,9.49,9.52,9.43,9.49
2026-05-08 03:00:00,9.48,9.51,9.43,9.49
2026-05-08 04:00:00,9.49,9.53,9.47,9.5
2026-05-08 05:00:00,9.51,9.52,9.48,9.49
2026-05-08 06:00:00,9.48,9.5,9.45,9.49
2026-05-08 07:00:00,9.49,9.52,9.44,9.52
2026-05-08 08:00:00,9.51,9.58,9.51,9.54
2026-05-08 09:00:00,9.54,9.63,9.53,9.56
2026-05-08 10:00:00,9.57,9.62,9.55,9.59
2026-05-08 11:00:00,9.59,9.61,9.56,9.59
2026-05-08 12:00:00,9.59,9.62,9.55,9.57
2026-05-08 13:00:00,9.58,9.59,9.5,9.54
2026-05-08 14:00:00,9.55,9.72,9.54,9.71
2026-05-08 15:00:00,9.7,9.78,9.62,9.78
2026-05-08 16:00:00,9.78,9.8,9.72,9.74
2026-05-08 17:00:00,9.74,9.86,9.7,9.81
2026-05-08 18:00:00,9.81,9.94,9.8,9.9
2026-05-08 19:00:00,9.9,9.96,9.87,9.91
2026-05-08 20:00:00,9.91,9.92,9.86,9.89
2026-05-08 21:00:00,9.89,10,9.88,9.98
2026-05-08 22:00:00,9.98,10.02,9.92,9.95
2026-05-08 23:00:00,9.95,9.95,9.86,9.91
2026-05-09 00:00:00,9.91,10.01,9.89,10
2026-05-09 01:00:00,10,10.12,9.99,10.08
2026-05-09 02:00:00,10.09,10.1,10.02,10.04
2026-05-09 03:00:00,10.03,10.05,9.96,9.98
2026-05-09 04:00:00,9.99,10.04,9.95,9.97
2026-05-09 05:00:00,9.97,10.02,9.94,10
2026-05-09 06:00:00,10,10.02,9.94,9.95
2026-05-09 07:00:00,9.96,9.99,9.93,9.95
2026-05-09 08:00:00,9.95,10,9.94,9.97
2026-05-09 09:00:00,9.97,9.97,9.88,9.89
2026-05-09 10:00:00,9.9,9.92,9.86,9.91
2026-05-09 11:00:00,9.91,9.95,9.9,9.93
2026-05-09 12:00:00,9.94,9.96,9.9,9.93
2026-05-09 13:00:00,9.93,9.98,9.89,9.9
2026-05-09 14:00:00,9.9,9.91,9.81,9.85
2026-05-09 15:00:00,9.84,9.86,9.8,9.83
2026-05-09 16:00:00,9.84,9.88,9.81,9.84
2026-05-09 17:00:00,9.85,9.97,9.84,9.95
2026-05-09 18:00:00,9.95,9.98,9.93,9.96
2026-05-09 19:00:00,9.96,10,9.94,10
2026-05-09 20:00:00,10,10.01,9.94,9.97
2026-05-09 21:00:00,9.97,9.99,9.94,9.97
2026-05-09 22:00:00,9.96,10.01,9.94,9.98
2026-05-09 23:00:00,9.99,10.01,9.93,9.97
2026-05-10 00:00:00,9.96,10,9.91,9.93
2026-05-10 01:00:00,9.92,9.92,9.86,9.89
2026-05-10 02:00:00,9.89,9.93,9.85,9.92
2026-05-10 03:00:00,9.91,9.95,9.9,9.91
2026-05-10 04:00:00,9.91,9.94,9.89,9.91
2026-05-10 05:00:00,9.92,9.95,9.89,9.93
2026-05-10 06:00:00,9.93,9.96,9.91,9.95
2026-05-10 07:00:00,9.95,10.02,9.92,9.92
2026-05-10 08:00:00,9.92,10.07,9.91,10.03
2026-05-10 09:00:00,10.04,10.07,9.97,10
2026-05-10 10:00:00,10,10.02,9.94,10.01
2026-05-10 11:00:00,10,10.02,9.94,9.98
2026-05-10 12:00:00,9.99,10.01,9.95,10
2026-05-10 13:00:00,10,10.08,9.99,10.08
2026-05-10 14:00:00,10.08,10.12,10.01,10.05
2026-05-10 15:00:00,10.05,10.17,10.05,10.15
2026-05-10 16:00:00,10.16,10.26,10.14,10.25
2026-05-10 17:00:00,10.25,10.37,10.19,10.36
2026-05-10 18:00:00,10.36,10.43,10.33,10.4
2026-05-10 19:00:00,10.4,10.49,10.34,10.41
2026-05-10 20:00:00,10.41,10.47,9.95,10.09
2026-05-10 21:00:00,10.09,10.19,10.03,10.14
2026-05-10 22:00:00,10.13,10.3,10.11,10.28
2026-05-10 23:00:00,10.29,10.3,10.21,10.23
2026-05-11 00:00:00,10.23,10.26,10.11,10.16
2026-05-11 01:00:00,10.15,10.22,10.11,10.15
2026-05-11 02:00:00,10.15,10.15,10.01,10.06
2026-05-11 03:00:00,10.06,10.07,9.97,10.03
2026-05-11 04:00:00,10.03,10.05,9.98,10.04
2026-05-11 05:00:00,10.03,10.11,10.02,10.08
2026-05-11 06:00:00,10.09,10.15,10.08,10.11
2026-05-11 07:00:00,10.1,10.11,10.04,10.09
2026-05-11 08:00:00,10.09,10.11,10.02,10.07
2026-05-11 09:00:00,10.08,10.16,10.07,10.15
2026-05-11 10:00:00,10.15,10.21,10.1,10.11
2026-05-11 11:00:00,10.11,10.16,10.09,10.12
2026-05-11 12:00:00,10.13,10.15,10.06,10.07
2026-05-11 13:00:00,10.08,10.15,10.03,10.11
2026-05-11 14:00:00,10.11,10.17,10,10.11
2026-05-11 15:00:00,10.11,10.25,10.08,10.24
2026-05-11 16:00:00,10.24,10.27,10.14,10.18
2026-05-11 17:00:00,10.18,10.23,10.14,10.22
2026-05-11 18:00:00,10.22,10.23,10.15,10.17
2026-05-11 19:00:00,10.16,10.23,10.15,10.21
2026-05-11 20:00:00,10.21,10.23,10.17,10.19
2026-05-11 21:00:00,10.18,10.21,10.16,10.16
2026-05-11 22:00:00,10.16,10.2,10.13,10.15
2026-05-11 23:00:00,10.15,10.17,10.11,10.14
2026-05-12 00:00:00,10.14,10.17,10.1,10.15
2026-05-12 01:00:00,10.16,10.17,9.98,10.03
2026-05-12 02:00:00,10.02,10.08,10.02,10.06
2026-05-12 03:00:00,10.06,10.08,10,10.02
2026-05-12 04:00:00,10.01,10.05,10,10.03
2026-05-12 05:00:00,10.03,10.08,10.03,10.05
2026-05-12 06:00:00,10.04,10.07,10.01,10.03
2026-05-12 07:00:00,10.02,10.03,9.94,10.02
2026-05-12 08:00:00,10.01,10.02,9.94,9.97
2026-05-12 09:00:00,9.96,9.97,9.89,9.91
2026-05-12 10:00:00,9.91,9.93,9.84,9.86
2026-05-12 11:00:00,9.87,9.88,9.81,9.87
2026-05-12 12:00:00,9.87,9.93,9.82,9.89
2026-05-12 13:00:00,9.89,9.91,9.77,9.79
2026-05-12 14:00:00,9.79,9.84,9.69,9.74
2026-05-12 15:00:00,9.74,9.78,9.66,9.74
2026-05-12 16:00:00,9.73,9.77,9.68,9.7
2026-05-12 17:00:00,9.7,9.81,9.7,9.79
2026-05-12 18:00:00,9.8,9.85,9.78,9.83
2026-05-12 19:00:00,9.84,9.89,9.83,9.87
2026-05-12 20:00:00,9.87,9.89,9.84,9.86
2026-05-12 21:00:00,9.87,9.89,9.85,9.88
2026-05-12 22:00:00,9.88,9.9,9.86,9.87
2026-05-12 23:00:00,9.88,9.89,9.83,9.83
2026-05-13 00:00:00,9.83,9.89,9.82,9.88
2026-05-13 01:00:00,9.88,9.97,9.88,9.94
2026-05-13 02:00:00,9.95,10,9.93,9.98
2026-05-13 03:00:00,9.98,10.05,9.97,10.03
2026-05-13 04:00:00,10.04,10.06,10.01,10.05
2026-05-13 05:00:00,10.04,10.05,9.96,10
2026-05-13 06:00:00,10,10.03,9.97,9.97
2026-05-13 07:00:00,9.98,10.02,9.97,10
2026-05-13 08:00:00,10,10.06,9.98,10.03
2026-05-13 09:00:00,10.04,10.15,10.03,10.14
2026-05-13 10:00:00,10.15,10.16,10.05,10.08
2026-05-13 11:00:00,10.07,10.08,9.94,9.95
2026-05-13 12:00:00,9.95,9.98,9.79,9.86
2026-05-13 13:00:00,9.87,9.91,9.74,9.76
2026-05-13 14:00:00,9.76,9.83,9.7,9.81
2026-05-13 15:00:00,9.81,9.83,9.62,9.64
2026-05-13 16:00:00,9.64,9.76,9.63,9.73
2026-05-13 17:00:00,9.74,9.79,9.74,9.77
2026-05-13 18:00:00,9.77,9.82,9.77,9.78
2026-05-13 19:00:00,9.78,9.79,9.71,9.74
2026-05-13 20:00:00,9.73,9.8,9.72,9.79
2026-05-13 21:00:00,9.79,9.79,9.7,9.71
2026-05-13 22:00:00,9.72,9.77,9.69,9.76
2026-05-13 23:00:00,9.76,9.78,9.74,9.76
2026-05-14 00:00:00,9.76,9.82,9.76,9.8
2026-05-14 01:00:00,9.79,9.81,9.77,9.79
2026-05-14 02:00:00,9.8,9.82,9.72,9.73
2026-05-14 03:00:00,9.73,9.75,9.63,9.65
2026-05-14 04:00:00,9.66,9.72,9.64,9.72
2026-05-14 05:00:00,9.72,9.8,9.7,9.78
2026-05-14 06:00:00,9.79,9.79,9.74,9.74
2026-05-14 07:00:00,9.74,9.76,9.7,9.71
2026-05-14 08:00:00,9.71,9.73,9.68,9.71
2026-05-14 09:00:00,9.71,9.72,9.63,9.68
2026-05-14 10:00:00,9.67,9.73,9.66,9.71
2026-05-14 11:00:00,9.71,9.73,9.66,9.68
2026-05-14 12:00:00,9.67,9.78,9.66,9.76
2026-05-14 13:00:00,9.77,9.83,9.75,9.78
2026-05-14 14:00:00,9.78,10.05,9.74,10.03
2026-05-14 15:00:00,10.04,10.07,9.98,10.05
2026-05-14 16:00:00,10.06,10.1,9.93,10.05
2026-05-14 17:00:00,10.05,10.08,9.94,10.01
2026-05-14 18:00:00,10.01,10.12,9.98,10.09
2026-05-14 19:00:00,10.09,10.14,10,10.02
2026-05-14 20:00:00,10.01,10.03,9.94,9.99
2026-05-14 21:00:00,9.99,10.02,9.94,9.98
2026-05-14 22:00:00,9.98,10.01,9.97,9.98
2026-05-14 23:00:00,9.97,9.98,9.89,9.91
2026-05-15 00:00:00,9.9,9.96,9.89,9.95
2026-05-15 01:00:00,9.95,9.97,9.87,9.88
2026-05-15 02:00:00,9.87,9.93,9.82,9.92
2026-05-15 03:00:00,9.92,9.93,9.86,9.88
2026-05-15 04:00:00,9.88,9.88,9.8,9.81
2026-05-15 05:00:00,9.8,9.83,9.68,9.7
2026-05-15 06:00:00,9.7,9.78,9.69,9.76
2026-05-15 07:00:00,9.75,9.86,9.74,9.82
2026-05-15 08:00:00,9.82,9.82,9.74,9.78
2026-05-15 09:00:00,9.79,9.8,9.73,9.75
2026-05-15 10:00:00,9.75,9.83,9.74,9.82
2026-05-15 11:00:00,9.82,9.82,9.77,9.79
2026-05-15 12:00:00,9.78,9.79,9.72,9.73
2026-05-15 13:00:00,9.72,9.73,9.43,9.46
2026-05-15 14:00:00,9.46,9.53,9.41,9.48
2026-05-15 15:00:00,9.49,9.51,9.45,9.48
2026-05-15 16:00:00,9.49,9.59,9.47,9.56
2026-05-15 17:00:00,9.56,9.61,9.56,9.59
2026-05-15 18:00:00,9.6,9.61,9.54,9.58
2026-05-15 19:00:00,9.57,9.58,9.53,9.55
2026-05-15 20:00:00,9.54,9.55,9.5,9.53
2026-05-15 21:00:00,9.52,9.56,9.5,9.52
2026-05-15 22:00:00,9.52,9.56,9.51,9.55
2026-05-15 23:00:00,9.56,9.57,9.53,9.54
2026-05-16 00:00:00,9.53,9.58,9.52,9.54
2026-05-16 01:00:00,9.55,9.56,9.51,9.56
2026-05-16 02:00:00,9.55,9.56,9.52,9.54
2026-05-16 03:00:00,9.55,9.56,9.52,9.53
2026-05-16 04:00:00,9.54,9.54,9.44,9.49
2026-05-16 05:00:00,9.49,9.49,9.46,9.47
2026-05-16 06:00:00,9.47,9.48,9.34,9.37
2026-05-16 07:00:00,9.37,9.38,9.22,9.34
2026-05-16 08:00:00,9.35,9.38,9.34,9.34
2026-05-16 09:00:00,9.34,9.35,9.2,9.25
2026-05-16 10:00:00,9.24,9.27,9.19,9.24
2026-05-16 11:00:00,9.25,9.29,9.25,9.26
2026-05-16 12:00:00,9.26,9.29,9.24,9.28
2026-05-16 13:00:00,9.27,9.31,9.26,9.27
2026-05-16 14:00:00,9.27,9.34,9.25,9.29
2026-05-16 15:00:00,9.29,9.33,9.28,9.32
2026-05-16 16:00:00,9.32,9.36,9.31,9.33
2026-05-16 17:00:00,9.33,9.38,9.33,9.35
2026-05-16 18:00:00,9.36,9.37,9.33,9.33
2026-05-16 19:00:00,9.33,9.34,9.31,9.31
2026-05-16 20:00:00,9.32,9.34,9.29,9.31
2026-05-16 21:00:00,9.31,9.33,9.3,9.32
2026-05-16 22:00:00,9.31,9.32,9.29,9.3
2026-05-16 23:00:00,9.3,9.31,9.28,9.29
2026-05-17 00:00:00,9.3,9.31,9.23,9.24
2026-05-17 01:00:00,9.24,9.27,9.18,9.21
2026-05-17 02:00:00,9.21,9.24,9.2,9.23
2026-05-17 03:00:00,9.22,9.3,9.22,9.27
2026-05-17 04:00:00,9.27,9.33,9.27,9.3
2026-05-17 05:00:00,9.31,9.36,9.3,9.32
2026-05-17 06:00:00,9.33,9.35,9.31,9.35
2026-05-17 07:00:00,9.35,9.36,9.3,9.32
2026-05-17 08:00:00,9.32,9.32,9.29,9.3
2026-05-17 09:00:00,9.3,9.38,9.29,9.36
2026-05-17 10:00:00,9.37,9.42,9.36,9.37
2026-05-17 11:00:00,9.38,9.38,9.34,9.36
2026-05-17 12:00:00,9.36,9.4,9.35,9.36
2026-05-17 13:00:00,9.35,9.36,9.31,9.33
2026-05-17 14:00:00,9.33,9.34,9.26,9.3
2026-05-17 15:00:00,9.29,9.31,9.27,9.3
2026-05-17 16:00:00,9.3,9.32,9.26,9.27
2026-05-17 17:00:00,9.27,9.28,9.23,9.26
2026-05-17 18:00:00,9.26,9.29,9.23,9.28
2026-05-17 19:00:00,9.29,9.33,9.28,9.31
2026-05-17 20:00:00,9.32,9.32,9.28,9.3
2026-05-17 21:00:00,9.3,9.35,9.28,9.32
2026-05-17 22:00:00,9.32,9.33,9.22,9.25
2026-05-17 23:00:00,9.24,9.24,8.96,9.2
2026-05-18 00:00:00,9.19,9.2,9.11,9.19
2026-05-18 01:00:00,9.19,9.2,9.11,9.17
2026-05-18 02:00:00,9.16,9.24,9.15,9.2
2026-05-18 03:00:00,9.2,9.23,9.17,9.2
2026-05-18 04:00:00,9.2,9.23,9.15,9.22
2026-05-18 05:00:00,9.22,9.23,9.15,9.16
2026-05-18 06:00:00,9.16,9.18,9.06,9.13
2026-05-18 07:00:00,9.14,9.15,9.08,9.11
2026-05-18 08:00:00,9.12,9.14,9.1,9.13
2026-05-18 09:00:00,9.14,9.14,9.08,9.08
2026-05-18 10:00:00,9.08,9.09,9.04,9.07
2026-05-18 11:00:00,9.06,9.21,9.05,9.16
2026-05-18 12:00:00,9.16,9.23,9.16,9.2
2026-05-18 13:00:00,9.2,9.2,9.08,9.15
2026-05-18 14:00:00,9.14,9.14,9.03,9.07
2026-05-18 15:00:00,9.07,9.11,9.01,9.09
2026-05-18 16:00:00,9.09,9.12,9.05,9.09
2026-05-18 17:00:00,9.1,9.15,9.09,9.12
2026-05-18 18:00:00,9.13,9.13,9.01,9.02
2026-05-18 19:00:00,9.02,9.2,9.02,9.18
2026-05-18 20:00:00,9.18,9.22,9.15,9.18
2026-05-18 21:00:00,9.18,9.26,9.16,9.25
2026-05-18 22:00:00,9.25,9.27,9.21,9.24
2026-05-18 23:00:00,9.25,9.27,9.22,9.24
2026-05-19 00:00:00,9.25,9.32,9.24,9.28
2026-05-19 01:00:00,9.28,9.28,9.22,9.24
2026-05-19 02:00:00,9.23,9.28,9.2,9.21
2026-05-19 03:00:00,9.21,9.26,9.19,9.24
2026-05-19 04:00:00,9.24,9.27,9.21,9.24
2026-05-19 05:00:00,9.24,9.27,9.19,9.24
2026-05-19 06:00:00,9.25,9.28,9.23,9.25
2026-05-19 07:00:00,9.26,9.3,9.24,9.28
2026-05-19 08:00:00,9.28,9.28,9.21,9.24
2026-05-19 09:00:00,9.23,9.25,9.17,9.19
2026-05-19 10:00:00,9.19,9.2,9.13,9.16
2026-05-19 11:00:00,9.16,9.16,9.08,9.1
2026-05-19 12:00:00,9.1,9.16,9.09,9.15
2026-05-19 13:00:00,9.15,9.16,9.1,9.12
2026-05-19 14:00:00,9.11,9.14,9.02,9.07
2026-05-19 15:00:00,9.07,9.12,9.06,9.1
2026-05-19 16:00:00,9.1,9.17,9.08,9.17
2026-05-19 17:00:00,9.16,9.19,9.13,9.16
2026-05-19 18:00:00,9.15,9.17,9.1,9.14
2026-05-19 19:00:00,9.13,9.18,9.1,9.11
2026-05-19 20:00:00,9.12,9.15,9.11,9.14
2026-05-19 21:00:00,9.14,9.15,9.12,9.13
2026-05-19 22:00:00,9.13,9.13,9.06,9.08
2026-05-19 23:00:00,9.08,9.14,9.08,9.11
2026-05-20 00:00:00,9.1,9.12,9.07,9.1
2026-05-20 01:00:00,9.11,9.12,9.06,9.11
2026-05-20 02:00:00,9.12,9.13,9.08,9.1
2026-05-20 03:00:00,9.09,9.14,9.08,9.12
2026-05-20 04:00:00,9.12,9.13,9.09,9.13
2026-05-20 05:00:00,9.13,9.21,9.13,9.193
2026-05-20 06:00:00,9.194,9.245,9.194,9.236
2026-05-20 07:00:00,9.236,9.239,9.197,9.207
2026-05-20 08:00:00,9.208,9.267,9.205,9.24
2026-05-20 09:00:00,9.239,9.24,9.2,9.204
2026-05-20 10:00:00,9.205,9.25,9.205,9.225
2026-05-20 11:00:00,9.224,9.238,9.185,9.205
2026-05-20 12:00:00,9.204,9.272,9.195,9.253
2026-05-20 13:00:00,9.252,9.258,9.153,9.193
2026-05-20 14:00:00,9.194,9.332,9.165,9.312
2026-05-20 15:00:00,9.312,9.368,9.268,9.34
2026-05-20 16:00:00,9.341,9.374,9.271,9.336
2026-05-20 17:00:00,9.335,9.4,9.315,9.342
2026-05-20 18:00:00,9.341,9.349,9.272,9.291
2026-05-20 19:00:00,9.291,9.336,9.275,9.318
2026-05-20 20:00:00,9.317,9.336,9.262,9.307
2026-05-20 21:00:00,9.305,9.315,9.266,9.268
2026-05-20 22:00:00,9.268,9.285,9.22,9.274
2026-05-20 23:00:00,9.273,9.299,9.249,9.298
2026-05-21 00:00:00,9.297,9.365,9.292,9.355
2026-05-21 01:00:00,9.355,9.387,9.333,9.354
2026-05-21 02:00:00,9.353,9.392,9.345,9.361
2026-05-21 03:00:00,9.361,9.388,9.353,9.383
2026-05-21 04:00:00,9.384,9.402,9.355,9.388
2026-05-21 05:00:00,9.388,9.399,9.304,9.347
2026-05-21 06:00:00,9.347,9.42,9.343,9.389
2026-05-21 07:00:00,9.39,9.485,9.375,9.471
2026-05-21 08:00:00,9.472,9.517,9.379,9.411
2026-05-21 09:00:00,9.411,9.45,9.378,9.378
2026-05-21 10:00:00,9.378,9.384,9.284,9.323
2026-05-21 11:00:00,9.323,9.341,9.296,9.296
2026-05-21 12:00:00,9.297,9.326,9.263,9.307
2026-05-21 13:00:00,9.307,9.35,9.25,9.33
2026-05-21 14:00:00,9.329,9.378,9.292,9.316
2026-05-21 15:00:00,9.315,9.405,9.295,9.376
2026-05-21 16:00:00,9.377,9.394,9.298,9.332
2026-05-21 17:00:00,9.333,9.516,9.333,9.478
2026-05-21 18:00:00,9.478,9.51,9.414,9.454
2026-05-21 19:00:00,9.454,9.508,9.447,9.493
2026-05-21 20:00:00,9.493,9.505,9.457,9.481
2026-05-21 21:00:00,9.482,9.502,9.464,9.47
2026-05-21 22:00:00,9.471,9.484,9.448,9.454
2026-05-21 23:00:00,9.453,9.468,9.428,9.453
2026-05-22 00:00:00,9.453,9.462,9.387,9.392
2026-05-22 01:00:00,9.391,9.436,9.384,9.432
2026-05-22 02:00:00,9.433,9.49,9.433,9.472
2026-05-22 03:00:00,9.472,9.507,9.452,9.503
2026-05-22 04:00:00,9.504,9.552,9.493,9.517
2026-05-22 05:00:00,9.517,9.575,9.508,9.534
2026-05-22 06:00:00,9.534,9.54,9.481,9.493
2026-05-22 07:00:00,9.492,9.548,9.458,9.51
2026-05-22 08:00:00,9.51,9.566,9.486,9.509
2026-05-22 09:00:00,9.509,9.55,9.491,9.493
2026-05-22 10:00:00,9.492,9.5,9.459,9.496
2026-05-22 11:00:00,9.496,9.532,9.467,9.531
2026-05-22 12:00:00,9.531,9.591,9.517,9.59
2026-05-22 13:00:00,9.589,9.602,9.494,9.537
2026-05-22 14:00:00,9.537,9.537,9.401,9.428
2026-05-22 15:00:00,9.427,9.464,9.373,9.433
2026-05-22 16:00:00,9.433,9.46,9.403,9.438
2026-05-22 17:00:00,9.439,9.466,9.402,9.408
2026-05-22 18:00:00,9.408,9.408,9.204,9.296
2026-05-22 19:00:00,9.296,9.313,9.148,9.22
2026-05-22 20:00:00,9.22,9.259,9.201,9.252
2026-05-22 21:00:00,9.251,9.285,9.245,9.262
2026-05-22 22:00:00,9.262,9.265,9.209,9.231
2026-05-22 23:00:00,9.232,9.25,9.099,9.154
2026-05-23 00:00:00,9.155,9.174,9.109,9.17
2026-05-23 01:00:00,9.17,9.192,9.151,9.182
2026-05-23 02:00:00,9.183,9.192,9.17,9.192
2026-05-23 03:00:00,9.192,9.215,9.191,9.201
2026-05-23 04:00:00,9.2,9.201,9.151,9.158
2026-05-23 05:00:00,9.159,9.167,9.126,9.147
2026-05-23 06:00:00,9.148,9.152,9.108,9.118
2026-05-23 07:00:00,9.119,9.123,8.842,8.92
2026-05-23 08:00:00,8.92,8.93,8.834,8.89
2026-05-23 09:00:00,8.889,8.896,8.842,8.875
2026-05-23 10:00:00,8.875,8.917,8.872,8.906
2026-05-23 11:00:00,8.906,8.926,8.9,8.9
2026-05-23 12:00:00,8.901,8.94,8.877,8.929
2026-05-23 13:00:00,8.928,9.022,8.927,9.013
2026-05-23 14:00:00,9.014,9.112,9.001,9.105
2026-05-23 15:00:00,9.106,9.169,9.095,9.134
2026-05-23 16:00:00,9.135,9.162,9.11,9.153
2026-05-23 17:00:00,9.154,9.173,9.117,9.144
2026-05-23 18:00:00,9.144,9.334,9.139,9.274
2026-05-23 19:00:00,9.275,9.306,9.253,9.285
2026-05-23 20:00:00,9.286,9.544,9.269,9.541
2026-05-23 21:00:00,9.542,9.59,9.438,9.482
2026-05-23 22:00:00,9.482,9.513,9.364,9.414
2026-05-23 23:00:00,9.413,9.424,9.383,9.39
2026-05-24 00:00:00,9.391,9.422,9.378,9.406
2026-05-24 01:00:00,9.406,9.429,9.389,9.408
2026-05-24 02:00:00,9.409,9.417,9.338,9.359
2026-05-24 03:00:00,9.359,9.377,9.32,9.33
2026-05-24 04:00:00,9.331,9.361,9.331,9.357
2026-05-24 05:00:00,9.356,9.36,9.326,9.353
2026-05-24 06:00:00,9.352,9.374,9.323,9.363
2026-05-24 07:00:00,9.364,9.374,9.322,9.327
2026-05-24 08:00:00,9.328,9.349,9.316,9.345
2026-05-24 09:00:00,9.344,9.371,9.335,9.357
2026-05-24 10:00:00,9.357,9.385,9.322,9.346
2026-05-24 11:00:00,9.347,9.367,9.341,9.352
2026-05-24 12:00:00,9.353,9.354,9.296,9.322
2026-05-24 13:00:00,9.323,9.334,9.254,9.278
2026-05-24 14:00:00,9.278,9.282,9.138,9.237
2026-05-24 15:00:00,9.237,9.247,9.219,9.237
2026-05-24 16:00:00,9.236,9.264,9.217,9.257
2026-05-24 17:00:00,9.256,9.272,9.247,9.26
2026-05-24 18:00:00,9.26,9.263,9.222,9.234
2026-05-24 19:00:00,9.234,9.244,9.21,9.235
2026-05-24 20:00:00,9.236,9.241,9.194,9.201
2026-05-24 21:00:00,9.202,9.211,9.069,9.079
2026-05-24 22:00:00,9.08,9.208,9.08,9.168
2026-05-24 23:00:00,9.169,9.235,9.169,9.212
2026-05-25 00:00:00,9.212,9.24,9.205,9.224
2026-05-25 01:00:00,9.224,9.232,9.153,9.156
2026-05-25 02:00:00,9.156,9.228,9.156,9.179
2026-05-25 03:00:00,9.18,9.19,9.161,9.17
2026-05-25 04:00:00,9.17,9.26,9.161,9.252
2026-05-25 05:00:00,9.253,9.307,9.252,9.292
2026-05-25 06:00:00,9.291,9.324,9.273,9.319
2026-05-25 07:00:00,9.32,9.36,9.293,9.342
2026-05-25 08:00:00,9.343,9.364,9.325,9.357
2026-05-25 09:00:00,9.357,9.385,9.34,9.375
2026-05-25 10:00:00,9.374,9.422,9.374,9.417
2026-05-25 11:00:00,9.416,9.42,9.367,9.377
2026-05-25 12:00:00,9.378,9.414,9.365,9.389
2026-05-25 13:00:00,9.388,9.416,9.383,9.408
2026-05-25 14:00:00,9.408,9.495,9.408,9.472
2026-05-25 15:00:00,9.472,9.506,9.414,9.433
2026-05-25 16:00:00,9.433,9.484,9.418,9.461
2026-05-25 17:00:00,9.462,9.471,9.424,9.435
2026-05-25 18:00:00,9.434,9.459,9.394,9.399
2026-05-25 19:00:00,9.398,9.413,9.363,9.386
2026-05-25 20:00:00,9.385,9.401,9.328,9.348
2026-05-25 21:00:00,9.347,9.375,9.33,9.341
2026-05-25 22:00:00,9.342,9.346,9.276,9.283
2026-05-25 23:00:00,9.282,9.324,9.274,9.31
2026-05-26 00:00:00,9.31,9.313,9.2,9.254
2026-05-26 01:00:00,9.253,9.259,9.176,9.208
2026-05-26 02:00:00,9.209,9.223,9.188,9.208
2026-05-26 03:00:00,9.208,9.226,9.168,9.225
2026-05-26 04:00:00,9.226,9.277,9.211,9.257
2026-05-26 05:00:00,9.256,9.332,9.243,9.303
2026-05-26 06:00:00,9.303,9.33,9.264,9.306
2026-05-26 07:00:00,9.306,9.31,9.239,9.27
2026-05-26 08:00:00,9.269,9.297,9.262,9.281
2026-05-26 09:00:00,9.282,9.307,9.266,9.289
2026-05-26 10:00:00,9.288,9.463,9.268,9.429
2026-05-26 11:00:00,9.429,9.436,9.382,9.382
2026-05-26 12:00:00,9.382,9.403,9.344,9.389
2026-05-26 13:00:00,9.39,9.436,9.334,9.424
2026-05-26 14:00:00,9.425,9.49,9.326,9.357
2026-05-26 15:00:00,9.356,9.366,9.235,9.291
2026-05-26 16:00:00,9.291,9.291,9.217,9.256
2026-05-26 17:00:00,9.257,9.278,9.12,9.172
2026-05-26 18:00:00,9.172,9.225,9.136,9.155
2026-05-26 19:00:00,9.156,9.193,9.125,9.173
2026-05-26 20:00:00,9.174,9.186,9.159,9.183
2026-05-26 21:00:00,9.183,9.189,9.128,9.145
2026-05-26 22:00:00,9.146,9.163,9.119,9.137
2026-05-26 23:00:00,9.138,9.164,9.135,9.14
2026-05-27 00:00:00,9.14,9.193,9.14,9.193
2026-05-27 01:00:00,9.193,9.202,9.145,9.149
2026-05-27 02:00:00,9.15,9.172,9.114,9.172
2026-05-27 03:00:00,9.172,9.178,9.13,9.142
2026-05-27 04:00:00,9.141,9.147,9.045,9.14
2026-05-27 05:00:00,9.141,9.176,9.137,9.169
2026-05-27 06:00:00,9.17,9.199,9.161,9.196
2026-05-27 07:00:00,9.196,9.215,9.173,9.196
2026-05-27 08:00:00,9.195,9.227,9.158,9.166
2026-05-27 09:00:00,9.166,9.168,9.13,9.138
2026-05-27 10:00:00,9.138,9.176,9.126,9.161
2026-05-27 11:00:00,9.16,9.193,9.152,9.153
2026-05-27 12:00:00,9.153,9.244,9.121,9.188
2026-05-27 13:00:00,9.187,9.198,9.081,9.152
2026-05-27 14:00:00,9.153,9.193,9.096,9.171
2026-05-27 15:00:00,9.17,9.291,9.168,9.242
2026-05-27 16:00:00,9.242,9.254,9.168,9.21
2026-05-27 17:00:00,9.21,9.21,9.088,9.112
2026-05-27 18:00:00,9.111,9.167,9.079,9.163
2026-05-27 19:00:00,9.164,9.205,9.16,9.19
2026-05-27 20:00:00,9.19,9.222,9.177,9.194
2026-05-27 21:00:00,9.193,9.2,9,9.043
2026-05-27 22:00:00,9.043,9.085,9.014,9.031
2026-05-27 23:00:00,9.03,9.056,8.994,9.043
2026-05-28 00:00:00,9.042,9.067,9.019,9.057
2026-05-28 01:00:00,9.057,9.063,8.976,9.048
2026-05-28 02:00:00,9.049,9.071,9.026,9.054
2026-05-28 03:00:00,9.054,9.059,8.86,8.88
2026-05-28 04:00:00,8.879,8.879,8.72,8.826
2026-05-28 05:00:00,8.827,8.837,8.715,8.774
2026-05-28 06:00:00,8.773,8.819,8.755,8.804
2026-05-28 07:00:00,8.805,8.85,8.788,8.847
2026-05-28 08:00:00,8.847,8.852,8.792,8.806
2026-05-28 09:00:00,8.807,8.879,8.803,8.871
2026-05-28 10:00:00,8.871,8.885,8.797,8.807
2026-05-28 11:00:00,8.807,8.83,8.795,8.819
2026-05-28 12:00:00,8.818,8.861,8.771,8.852
2026-05-28 13:00:00,8.853,8.878,8.803,8.832
2026-05-28 14:00:00,8.832,8.925,8.746,8.869
2026-05-28 15:00:00,8.869,8.884,8.782,8.852
2026-05-28 16:00:00,8.851,8.982,8.815,8.962
2026-05-28 17:00:00,8.963,9.016,8.93,8.991
2026-05-28 18:00:00,8.99,9.074,8.983,8.988
2026-05-28 19:00:00,8.988,8.996,8.912,8.916
2026-05-28 20:00:00,8.916,8.969,8.888,8.938
2026-05-28 21:00:00,8.939,8.994,8.931,8.973
2026-05-28 22:00:00,8.972,8.992,8.901,8.909
2026-05-28 23:00:00,8.909,8.943,8.907,8.928
2026-05-29 00:00:00,8.928,8.962,8.928,8.946
2026-05-29 01:00:00,8.947,8.974,8.928,8.942
2026-05-29 02:00:00,8.943,8.952,8.869,8.872
2026-05-29 03:00:00,8.873,8.94,8.873,8.882
2026-05-29 04:00:00,8.882,8.903,8.834,8.903
2026-05-29 05:00:00,8.904,8.936,8.899,8.929
2026-05-29 06:00:00,8.929,8.982,8.923,8.954
2026-05-29 07:00:00,8.953,8.972,8.889,8.926
2026-05-29 08:00:00,8.926,8.963,8.922,8.932
2026-05-29 09:00:00,8.933,8.977,8.931,8.965
2026-05-29 10:00:00,8.964,8.964,8.906,8.914
2026-05-29 11:00:00,8.913,8.923,8.836,8.874
2026-05-29 12:00:00,8.873,8.876,8.807,8.833
2026-05-29 13:00:00,8.832,8.85,8.787,8.819
2026-05-29 14:00:00,8.82,8.84,8.656,8.715
2026-05-29 15:00:00,8.716,9.003,8.712,8.925
2026-05-29 16:00:00,8.925,8.975,8.856,8.954
2026-05-29 17:00:00,8.954,8.988,8.916,8.927
2026-05-29 18:00:00,8.927,8.952,8.8,8.844
2026-05-29 19:00:00,8.844,8.874,8.774,8.837
2026-05-29 20:00:00,8.837,8.879,8.798,8.815
2026-05-29 21:00:00,8.815,8.854,8.791,8.791
2026-05-29 22:00:00,8.791,8.833,8.787,8.815
2026-05-29 23:00:00,8.815,8.838,8.789,8.827
2026-05-30 00:00:00,8.827,8.88,8.812,8.872
2026-05-30 01:00:00,8.873,8.97,8.866,8.948
2026-05-30 02:00:00,8.948,9.019,8.948,9.016
2026-05-30 03:00:00,9.016,9.049,8.963,8.973
2026-05-30 04:00:00,8.973,8.996,8.821,8.901
2026-05-30 05:00:00,8.9,8.949,8.886,8.94
2026-05-30 06:00:00,8.94,8.955,8.913,8.92
2026-05-30 07:00:00,8.92,8.929,8.897,8.916
2026-05-30 08:00:00,8.916,8.924,8.894,8.897
2026-05-30 09:00:00,8.897,8.942,8.885,8.93
2026-05-30 10:00:00,8.93,8.942,8.916,8.917
2026-05-30 11:00:00,8.916,8.935,8.895,8.921
2026-05-30 12:00:00,8.921,8.935,8.908,8.932
2026-05-30 13:00:00,8.931,8.96,8.912,8.952
2026-05-30 14:00:00,8.953,8.981,8.938,8.968
2026-05-30 15:00:00,8.968,8.994,8.948,8.965
2026-05-30 16:00:00,8.964,8.99,8.952,8.985
2026-05-30 17:00:00,8.984,8.993,8.942,8.99
2026-05-30 18:00:00,8.989,9.009,8.969,8.994
2026-05-30 19:00:00,8.995,8.997,8.966,8.991
2026-05-30 20:00:00,8.991,9.007,8.977,8.999
2026-05-30 21:00:00,8.999,9.016,8.998,8.999
2026-05-30 22:00:00,8.999,8.999,8.919,8.94
2026-05-30 23:00:00,8.94,8.957,8.916,8.946
2026-05-31 00:00:00,8.947,8.983,8.933,8.975
2026-05-31 01:00:00,8.974,9.004,8.971,8.987
2026-05-31 02:00:00,8.987,9.04,8.975,9.016
2026-05-31 03:00:00,9.016,9.025,9.002,9.011
2026-05-31 04:00:00,9.012,9.041,8.997,9.035
2026-05-31 05:00:00,9.034,9.084,9.022,9.045
2026-05-31 06:00:00,9.045,9.056,9.027,9.027
2026-05-31 07:00:00,9.027,9.027,8.973,8.991
2026-05-31 08:00:00,8.99,9.019,8.977,9.001
2026-05-31 09:00:00,9.001,9.038,8.977,8.988
2026-05-31 10:00:00,8.987,8.995,8.957,8.99
2026-05-31 11:00:00,8.99,9.026,8.99,9.016
2026-05-31 12:00:00,9.016,9.05,8.998,9.03
2026-05-31 13:00:00,9.031,9.05,9,9.01
2026-05-31 14:00:00,9.009,9.01,8.85,8.877
2026-05-31 15:00:00,8.878,8.934,8.873,8.884
2026-05-31 16:00:00,8.884,8.898,8.813,8.83
2026-05-31 17:00:00,8.829,8.872,8.814,8.868
2026-05-31 18:00:00,8.868,8.868,8.836,8.858
2026-05-31 19:00:00,8.858,8.868,8.8,8.839
2026-05-31 20:00:00,8.839,8.895,8.839,8.894
2026-05-31 21:00:00,8.894,8.952,8.88,8.94
2026-05-31 22:00:00,8.94,8.985,8.91,8.982
2026-05-31 23:00:00,8.982,9.029,8.912,8.983
2026-06-01 00:00:00,8.983,9.074,8.976,9.039
2026-06-01 01:00:00,9.038,9.043,8.891,8.891
2026-06-01 02:00:00,8.89,9.045,8.868,9.03
2026-06-01 03:00:00,9.029,9.073,9.005,9.02
2026-06-01 04:00:00,9.02,9.044,8.898,8.95
2026-06-01 05:00:00,8.949,8.954,8.874,8.89
2026-06-01 06:00:00,8.89,8.903,8.815,8.846
2026-06-01 07:00:00,8.846,8.868,8.78,8.792
2026-06-01 08:00:00,8.793,8.844,8.761,8.838
2026-06-01 09:00:00,8.839,8.893,8.838,8.864
2026-06-01 10:00:00,8.865,8.875,8.834,8.863
2026-06-01 11:00:00,8.864,8.882,8.805,8.832
2026-06-01 12:00:00,8.833,8.878,8.768,8.834
2026-06-01 13:00:00,8.834,8.846,8.722,8.783
2026-06-01 14:00:00,8.784,8.811,8.711,8.752
2026-06-01 15:00:00,8.753,8.778,8.677,8.732
2026-06-01 16:00:00,8.731,8.885,8.686,8.876
2026-06-01 17:00:00,8.876,8.954,8.856,8.924
2026-06-01 18:00:00,8.923,8.947,8.889,8.895
2026-06-01 19:00:00,8.895,8.969,8.876,8.959
2026-06-01 20:00:00,8.959,8.986,8.911,8.938
2026-06-01 21:00:00,8.939,8.943,8.862,8.881
2026-06-01 22:00:00,8.881,8.932,8.83,8.929
2026-06-01 23:00:00,8.929,8.96,8.897,8.936
2026-06-02 00:00:00,8.936,8.944,8.869,8.883
2026-06-02 01:00:00,8.884,8.897,8.772,8.777
2026-06-02 02:00:00,8.776,8.86,8.675,8.86
2026-06-02 03:00:00,8.86,8.895,8.829,8.884
2026-06-02 04:00:00,8.884,8.895,8.803,8.811
2026-06-02 05:00:00,8.81,8.837,8.736,8.74
2026-06-02 06:00:00,8.739,8.761,8.663,8.715
2026-06-02 07:00:00,8.716,8.753,8.67,8.717
2026-06-02 08:00:00,8.718,8.741,8.696,8.708
2026-06-02 09:00:00,8.709,8.718,8.66,8.685
2026-06-02 10:00:00,8.685,8.744,8.661,8.741
2026-06-02 11:00:00,8.74,8.74,8.672,8.683
2026-06-02 12:00:00,8.683,8.722,8.659,8.699
2026-06-02 13:00:00,8.7,8.72,8.678,8.694
2026-06-02 14:00:00,8.694,8.697,8.4,8.46
2026-06-02 15:00:00,8.461,8.479,8.273,8.366
2026-06-02 16:00:00,8.366,8.509,8.328,8.411
2026-06-02 17:00:00,8.412,8.494,8.41,8.452
2026-06-02 18:00:00,8.452,8.48,8.316,8.35
2026-06-02 19:00:00,8.35,8.374,8.176,8.332
2026-06-02 20:00:00,8.333,8.388,8.267,8.335
2026-06-02 21:00:00,8.336,8.391,8.297,8.331
2026-06-02 22:00:00,8.331,8.331,8.093,8.127
2026-06-02 23:00:00,8.128,8.185,8.029,8.18
2026-06-03 00:00:00,8.181,8.249,8.158,8.216
2026-06-03 01:00:00,8.217,8.266,8.191,8.242
2026-06-03 02:00:00,8.242,8.242,8.157,8.184
2026-06-03 03:00:00,8.184,8.206,7.993,8.052
2026-06-03 04:00:00,8.051,8.187,8.051,8.17
2026-06-03 05:00:00,8.171,8.316,8.171,8.287
2026-06-03 06:00:00,8.286,8.327,8.263,8.27
2026-06-03 07:00:00,8.27,8.345,8.258,8.321
2026-06-03 08:00:00,8.32,8.338,8.288,8.31
2026-06-03 09:00:00,8.309,8.327,8.244,8.281
2026-06-03 10:00:00,8.282,8.361,8.277,8.355
2026-06-03 11:00:00,8.355,8.372,8.277,8.302
2026-06-03 12:00:00,8.302,8.309,8.24,8.306
2026-06-03 13:00:00,8.307,8.346,8.256,8.313
2026-06-03 14:00:00,8.313,8.32,8.226,8.275
2026-06-03 15:00:00,8.276,8.285,8.179,8.191
2026-06-03 16:00:00,8.192,8.198,8.029,8.123
2026-06-03 17:00:00,8.124,8.192,8.069,8.14
2026-06-03 18:00:00,8.141,8.189,8.077,8.185
2026-06-03 19:00:00,8.185,8.194,8.03,8.044
2026-06-03 20:00:00,8.043,8.096,7.909,7.958
2026-06-03 21:00:00,7.957,8.179,7.928,8.173
2026-06-03 22:00:00,8.173,8.191,8.079,8.107
2026-06-03 23:00:00,8.107,8.115,8.037,8.049
2026-06-04 00:00:00,8.048,8.117,7.93,7.989
2026-06-04 01:00:00,7.989,8.024,7.744,7.765
2026-06-04 02:00:00,7.766,7.889,7.519,7.841
2026-06-04 03:00:00,7.842,8.064,7.841,8.035
2026-06-04 04:00:00,8.036,8.077,7.974,7.987
2026-06-04 05:00:00,7.986,7.986,7.859,7.898
2026-06-04 06:00:00,7.897,8.001,7.884,7.929
2026-06-04 07:00:00,7.93,7.939,7.819,7.824
2026-06-04 08:00:00,7.825,7.85,7.74,7.801
2026-06-04 09:00:00,7.801,7.804,7.601,7.719
2026-06-04 10:00:00,7.719,7.721,7.544,7.575
2026-06-04 11:00:00,7.575,7.68,7.543,7.663
2026-06-04 12:00:00,7.663,7.826,7.616,7.804
2026-06-04 13:00:00,7.804,7.828,7.679,7.788
2026-06-04 14:00:00,7.789,7.808,7.727,7.771
2026-06-04 15:00:00,7.77,7.858,7.75,7.762
2026-06-04 16:00:00,7.764,7.798,7.707,7.759
2026-06-04 17:00:00,7.758,7.796,7.672,7.753
2026-06-04 18:00:00,7.754,7.842,7.69,7.81
2026-06-04 19:00:00,7.809,7.847,7.764,7.78
2026-06-04 20:00:00,7.779,7.781,7.704,7.74
2026-06-04 21:00:00,7.739,7.764,7.567,7.596
2026-06-04 22:00:00,7.596,7.679,7.575,7.672
2026-06-04 23:00:00,7.671,7.712,7.616,7.707
2026-06-05 00:00:00,7.706,7.724,7.632,7.637
2026-06-05 01:00:00,7.637,7.682,7.564,7.647
2026-06-05 02:00:00,7.647,7.651,7.418,7.434
2026-06-05 03:00:00,7.435,7.502,7.313,7.317
2026-06-05 04:00:00,7.318,7.487,7.293,7.482
2026-06-05 05:00:00,7.482,7.509,7.252,7.263
2026-06-05 06:00:00,7.263,7.283,7.005,7.181
2026-06-05 07:00:00,7.18,7.319,7.056,7.305
2026-06-05 08:00:00,7.306,7.307,7.124,7.158
2026-06-05 09:00:00,7.159,7.283,7.158,7.254
2026-06-05 10:00:00,7.255,7.269,7.137,7.158
2026-06-05 11:00:00,7.157,7.159,7.063,7.077
2026-06-05 12:00:00,7.076,7.13,7.016,7.086
2026-06-05 13:00:00,7.087,7.223,6.968,6.974
2026-06-05 14:00:00,6.974,7.127,6.891,7.077
2026-06-05 15:00:00,7.077,7.092,6.851,6.904
2026-06-05 16:00:00,6.903,7.081,6.79,7.062
2026-06-05 17:00:00,7.062,7.109,6.982,7.021
2026-06-05 18:00:00,7.022,7.066,6.808,6.826
2026-06-05 19:00:00,6.825,6.83,6.584,6.7
2026-06-05 20:00:00,6.697,6.98,6.613,6.908
2026-06-05 21:00:00,6.907,7.01,6.889,6.957
2026-06-05 22:00:00,6.956,6.959,6.769,6.807
2026-06-05 23:00:00,6.808,6.854,6.634,6.729
2026-06-06 00:00:00,6.73,6.909,6.728,6.899
2026-06-06 01:00:00,6.9,6.933,6.726,6.744
2026-06-06 02:00:00,6.743,6.75,6.653,6.658
2026-06-06 03:00:00,6.657,6.657,6.515,6.526
2026-06-06 04:00:00,6.526,6.552,6.224,6.307
2026-06-06 05:00:00,6.306,6.584,6.256,6.582
2026-06-06 06:00:00,6.583,6.689,6.543,6.546
2026-06-06 07:00:00,6.547,6.716,6.523,6.676
2026-06-06 08:00:00,6.677,6.759,6.634,6.746
2026-06-06 09:00:00,6.746,6.838,6.701,6.713
2026-06-06 10:00:00,6.714,6.714,6.571,6.62
2026-06-06 11:00:00,6.619,6.705,6.607,6.683
2026-06-06 12:00:00,6.683,6.804,6.655,6.786
2026-06-06 13:00:00,6.785,6.82,6.743,6.762
2026-06-06 14:00:00,6.763,6.828,6.749,6.754
2026-06-06 15:00:00,6.755,6.77,6.602,6.693
2026-06-06 16:00:00,6.692,6.715,6.629,6.697
2026-06-06 17:00:00,6.698,6.706,6.596,6.613
2026-06-06 18:00:00,6.612,6.666,6.597,6.64
2026-06-06 19:00:00,6.64,6.672,6.608,6.608
2026-06-06 20:00:00,6.608,6.63,6.567,6.623
2026-06-06 21:00:00,6.624,6.672,6.624,6.629
2026-06-06 22:00:00,6.628,6.657,6.586,6.634
2026-06-06 23:00:00,6.634,6.689,6.631,6.664
2026-06-07 00:00:00,6.665,6.702,6.652,6.663
2026-06-07 01:00:00,6.661,6.841,6.653,6.782
2026-06-07 02:00:00,6.783,6.796,6.717,6.775
2026-06-07 03:00:00,6.775,6.801,6.725,6.757
2026-06-07 04:00:00,6.756,6.787,6.69,6.78
2026-06-07 05:00:00,6.779,6.82,6.751,6.772
2026-06-07 06:00:00,6.771,6.835,6.728,6.792
2026-06-07 07:00:00,6.791,6.833,6.758,6.825
2026-06-07 08:00:00,6.825,6.886,6.779,6.874
2026-06-07 09:00:00,6.874,6.88,6.77,6.771
2026-06-07 10:00:00,6.772,6.781,6.696,6.714
2026-06-07 11:00:00,6.714,6.755,6.695,6.729
2026-06-07 12:00:00,6.73,6.735,6.593,6.651
2026-06-07 13:00:00,6.651,6.676,6.627,6.66
2026-06-07 14:00:00,6.66,6.777,6.646,6.725
2026-06-07 15:00:00,6.725,6.725,6.669,6.71
2026-06-07 16:00:00,6.71,6.723,6.669,6.698
2026-06-07 17:00:00,6.698,6.743,6.664,6.688
2026-06-07 18:00:00,6.688,6.724,6.667,6.671
2026-06-07 19:00:00,6.672,6.672,6.508,6.541
2026-06-07 20:00:00,6.54,6.62,6.519,6.61
2026-06-07 21:00:00,6.609,6.628,6.561,6.595
2026-06-07 22:00:00,6.596,6.964,6.59,6.75
2026-06-07 23:00:00,6.749,6.839,6.736,6.819
2026-06-08 00:00:00,6.818,6.864,6.765,6.822
2026-06-08 01:00:00,6.823,6.825,6.636,6.712
2026-06-08 02:00:00,6.713,6.731,6.669,6.7
2026-06-08 03:00:00,6.7,6.736,6.637,6.668
2026-06-08 04:00:00,6.669,6.678,6.585,6.589
2026-06-08 05:00:00,6.589,6.615,6.538,6.596
2026-06-08 06:00:00,6.596,6.667,6.594,6.648
2026-06-08 07:00:00,6.648,6.705,6.607,6.703
2026-06-08 08:00:00,6.703,6.705,6.629,6.663
2026-06-08 09:00:00,6.662,6.715,6.621,6.709
2026-06-08 10:00:00,6.708,6.745,6.664,6.702
2026-06-08 11:00:00,6.702,6.824,6.688,6.785
2026-06-08 12:00:00,6.785,6.822,6.708,6.812
2026-06-08 13:00:00,6.813,6.827,6.702,6.732
2026-06-08 14:00:00,6.733,6.823,6.701,6.817
2026-06-08 15:00:00,6.818,6.88,6.797,6.809
2026-06-08 16:00:00,6.81,6.856,6.787,6.804
2026-06-08 17:00:00,6.804,6.835,6.771,6.832
2026-06-08 18:00:00,6.831,6.864,6.79,6.821
2026-06-08 19:00:00,6.821,6.847,6.804,6.822
2026-06-08 20:00:00,6.823,6.825,6.752,6.798
2026-06-08 21:00:00,6.799,6.882,6.796,6.818
2026-06-08 22:00:00,6.817,6.817,6.773,6.802
2026-06-08 23:00:00,6.802,6.823,6.745,6.766
2026-06-09 00:00:00,6.767,6.777,6.593,6.616
2026-06-09 01:00:00,6.615,6.664,6.598,6.657
2026-06-09 02:00:00,6.657,6.678,6.601,6.66
2026-06-09 03:00:00,6.661,6.685,6.623,6.67
2026-06-09 04:00:00,6.67,6.778,6.645,6.744
2026-06-09 05:00:00,6.744,6.793,6.739,6.779
2026-06-09 06:00:00,6.78,6.788,6.753,6.755
2026-06-09 07:00:00,6.756,6.787,6.729,6.748
2026-06-09 08:00:00,6.749,6.751,6.701,6.719
2026-06-09 09:00:00,6.718,6.728,6.663,6.677
2026-06-09 10:00:00,6.678,6.703,6.66,6.696
2026-06-09 11:00:00,6.695,6.718,6.667,6.711
2026-06-09 12:00:00,6.71,6.743,6.701,6.735
2026-06-09 13:00:00,6.735,6.748,6.672,6.69
2026-06-09 14:00:00,6.69,6.705,6.531,6.61
2026-06-09 15:00:00,6.609,6.643,6.518,6.526
2026-06-09 16:00:00,6.526,6.554,6.445,6.521
2026-06-09 17:00:00,6.521,6.641,6.517,6.608
2026-06-09 18:00:00,6.608,6.675,6.59,6.65
2026-06-09 19:00:00,6.65,6.68,6.631,6.658
2026-06-09 20:00:00,6.659,6.7,6.656,6.68
2026-06-09 21:00:00,6.68,6.69,6.614,6.625
2026-06-09 22:00:00,6.625,6.657,6.611,6.619
2026-06-09 23:00:00,6.619,6.652,6.611,6.639
2026-06-10 00:00:00,6.639,6.676,6.601,6.668
2026-06-10 01:00:00,6.668,6.68,6.619,6.635
2026-06-10 02:00:00,6.636,6.65,6.556,6.566
2026-06-10 03:00:00,6.567,6.611,6.557,6.583
2026-06-10 04:00:00,6.583,6.593,6.532,6.547
2026-06-10 05:00:00,6.548,6.564,6.489,6.515
2026-06-10 06:00:00,6.515,6.551,6.497,6.528
2026-06-10 07:00:00,6.527,6.585,6.526,6.563
2026-06-10 08:00:00,6.564,6.564,6.442,6.473
2026-06-10 09:00:00,6.474,6.509,6.432,6.494
2026-06-10 10:00:00,6.495,6.504,6.44,6.499
2026-06-10 11:00:00,6.5,6.509,6.419,6.462
2026-06-10 12:00:00,6.462,6.601,6.439,6.543
2026-06-10 13:00:00,6.543,6.664,6.529,6.599
2026-06-10 14:00:00,6.6,6.61,6.51,6.554
2026-06-10 15:00:00,6.555,6.617,6.502,6.58
2026-06-10 16:00:00,6.58,6.583,6.461,6.506
2026-06-10 17:00:00,6.506,6.535,6.429,6.49
2026-06-10 18:00:00,6.49,6.535,6.479,6.535
2026-06-10 19:00:00,6.534,6.536,6.442,6.461
2026-06-10 20:00:00,6.462,6.484,6.423,6.443
2026-06-10 21:00:00,6.442,6.443,6.301,6.338
2026-06-10 22:00:00,6.339,6.392,6.312,6.333
2026-06-10 23:00:00,6.333,6.407,6.306,6.383
2026-06-11 00:00:00,6.382,6.451,6.381,6.435
2026-06-11 01:00:00,6.434,6.52,6.433,6.501
2026-06-11 02:00:00,6.501,6.508,6.444,6.482
2026-06-11 03:00:00,6.482,6.64,6.458,6.597
2026-06-11 04:00:00,6.597,6.63,6.57,6.607
2026-06-11 05:00:00,6.606,6.606,6.566,6.567
2026-06-11 06:00:00,6.567,6.609,6.549,6.578
2026-06-11 07:00:00,6.577,6.61,6.573,6.593
2026-06-11 08:00:00,6.593,6.642,6.586,6.614
2026-06-11 09:00:00,6.613,6.613,6.54,6.579
2026-06-11 10:00:00,6.578,6.588,6.552,6.577
2026-06-11 11:00:00,6.576,6.622,6.554,6.598
2026-06-11 12:00:00,6.599,6.6,6.501,6.558
2026-06-11 13:00:00,6.557,6.611,6.537,6.585
2026-06-11 14:00:00,6.585,6.597,6.523,6.544
2026-06-11 15:00:00,6.544,6.573,6.51,6.544
2026-06-11 16:00:00,6.545,6.561,6.511,6.517
2026-06-11 17:00:00,6.516,6.689,6.476,6.672
2026-06-11 18:00:00,6.673,6.692,6.628,6.651
2026-06-11 19:00:00,6.65,6.707,6.634,6.667
2026-06-11 20:00:00,6.668,6.678,6.607,6.634
2026-06-11 21:00:00,6.634,6.672,6.633,6.651
2026-06-11 22:00:00,6.651,6.677,6.634,6.646
2026-06-11 23:00:00,6.646,6.672,6.626,6.648
2026-06-12 00:00:00,6.648,6.667,6.637,6.64
2026-06-12 01:00:00,6.639,6.641,6.601,6.629
2026-06-12 02:00:00,6.63,6.677,6.63,6.661
2026-06-12 03:00:00,6.661,6.665,6.637,6.659
2026-06-12 04:00:00,6.659,6.69,6.641,6.664
2026-06-12 05:00:00,6.665,6.665,6.612,6.619
2026-06-12 06:00:00,6.617,6.625,6.527,6.546
2026-06-12 07:00:00,6.546,6.584,6.546,6.571
2026-06-12 08:00:00,6.572,6.637,6.568,6.624
2026-06-12 09:00:00,6.623,6.668,6.615,6.647
2026-06-12 10:00:00,6.647,6.662,6.614,6.637
2026-06-12 11:00:00,6.637,6.659,6.629,6.638
2026-06-12 12:00:00,6.637,6.65,6.607,6.617
2026-06-12 13:00:00,6.617,6.62,6.52,6.542
2026-06-12 14:00:00,6.542,6.673,6.537,6.667
2026-06-12 15:00:00,6.668,6.7,6.546,6.554
2026-06-12 16:00:00,6.552,6.623,6.523,6.622
2026-06-12 17:00:00,6.623,6.654,6.59,6.596
2026-06-12 18:00:00,6.596,6.617,6.559,6.586
2026-06-12 19:00:00,6.587,6.628,6.581,6.586
2026-06-12 20:00:00,6.587,6.606,6.571,6.581
2026-06-12 21:00:00,6.582,6.603,6.554,6.565
2026-06-12 22:00:00,6.565,6.588,6.55,6.571
2026-06-12 23:00:00,6.571,6.575,6.54,6.571
2026-06-13 00:00:00,6.57,6.595,6.557,6.586
2026-06-13 01:00:00,6.586,6.635,6.581,6.62
2026-06-13 02:00:00,6.62,6.625,6.591,6.605
2026-06-13 03:00:00,6.605,6.616,6.573,6.597
2026-06-13 04:00:00,6.598,6.622,6.573,6.588
2026-06-13 05:00:00,6.589,6.62,6.569,6.592
2026-06-13 06:00:00,6.593,6.643,6.573,6.635
2026-06-13 07:00:00,6.634,6.686,6.618,6.666
2026-06-13 08:00:00,6.667,6.683,6.648,6.661
2026-06-13 09:00:00,6.661,6.671,6.648,6.651
2026-06-13 10:00:00,6.653,6.663,6.63,6.645
2026-06-13 11:00:00,6.645,6.678,6.643,6.674
2026-06-13 12:00:00,6.674,6.695,6.663,6.68
2026-06-13 13:00:00,6.68,6.685,6.66,6.676
2026-06-13 14:00:00,6.676,6.694,6.669,6.691
2026-06-13 15:00:00,6.692,6.76,6.685,6.754
2026-06-13 16:00:00,6.754,6.769,6.679,6.717
2026-06-13 17:00:00,6.716,6.728,6.683,6.697
2026-06-13 18:00:00,6.696,6.722,6.691,6.708
2026-06-13 19:00:00,6.707,6.734,6.69,6.715
2026-06-13 20:00:00,6.715,6.724,6.699,6.72
2026-06-13 21:00:00,6.72,6.776,6.702,6.749
2026-06-13 22:00:00,6.751,6.753,6.719,6.72
2026-06-13 23:00:00,6.719,6.735,6.705,6.719
2026-06-14 00:00:00,6.718,6.718,6.694,6.702
2026-06-14 01:00:00,6.703,6.735,6.69,6.708
2026-06-14 02:00:00,6.708,6.731,6.703,6.712
2026-06-14 03:00:00,6.712,6.727,6.7,6.722
2026-06-14 04:00:00,6.723,6.724,6.663,6.676
2026-06-14 05:00:00,6.676,6.687,6.651,6.678
2026-06-14 06:00:00,6.679,6.698,6.656,6.659
2026-06-14 07:00:00,6.659,6.663,6.642,6.658
2026-06-14 08:00:00,6.657,6.669,6.647,6.652
2026-06-14 09:00:00,6.652,6.678,6.624,6.675
2026-06-14 10:00:00,6.674,6.683,6.644,6.645
2026-06-14 11:00:00,6.645,6.658,6.636,6.646
2026-06-14 12:00:00,6.646,6.652,6.601,6.609
2026-06-14 13:00:00,6.609,6.615,6.561,6.581
2026-06-14 14:00:00,6.582,6.582,6.495,6.53
2026-06-14 15:00:00,6.53,6.541,6.515,6.531
2026-06-14 16:00:00,6.53,6.552,6.512,6.526
2026-06-14 17:00:00,6.525,6.53,6.463,6.473
2026-06-14 18:00:00,6.473,6.474,6.376,6.402
2026-06-14 19:00:00,6.402,6.472,6.397,6.434
2026-06-14 20:00:00,6.434,6.486,6.413,6.462
2026-06-14 21:00:00,6.462,6.771,6.456,6.714
2026-06-14 22:00:00,6.715,6.765,6.69,6.725
2026-06-14 23:00:00,6.725,6.791,6.699,6.79
2026-06-15 00:00:00,6.789,6.805,6.73,6.753
2026-06-15 01:00:00,6.754,6.755,6.7,6.718
2026-06-15 02:00:00,6.719,6.775,6.71,6.734
2026-06-15 03:00:00,6.734,6.777,6.725,6.764
2026-06-15 04:00:00,6.764,6.78,6.742,6.747
2026-06-15 05:00:00,6.746,6.802,6.735,6.787
2026-06-15 06:00:00,6.787,6.804,6.762,6.772
2026-06-15 07:00:00,6.773,6.806,6.753,6.758
2026-06-15 08:00:00,6.758,6.796,6.751,6.774
2026-06-15 09:00:00,6.774,6.79,6.74,6.762
2026-06-15 10:00:00,6.762,6.858,6.757,6.839
2026-06-15 11:00:00,6.839,6.953,6.812,6.909
2026-06-15 12:00:00,6.909,6.952,6.877,6.929
2026-06-15 13:00:00,6.929,7.01,6.92,6.975
2026-06-15 14:00:00,6.976,6.978,6.914,6.948
2026-06-15 15:00:00,6.947,7.035,6.913,7.035
2026-06-15 16:00:00,7.036,7.079,7.012,7.035
2026-06-15 17:00:00,7.034,7.052,6.979,7.018
2026-06-15 18:00:00,7.017,7.032,6.973,6.978
2026-06-15 19:00:00,6.978,7.004,6.883,6.897
2026-06-15 20:00:00,6.897,6.926,6.873,6.882
2026-06-15 21:00:00,6.883,6.902,6.858,6.876
2026-06-15 22:00:00,6.876,6.898,6.81,6.83
2026-06-15 23:00:00,6.83,6.849,6.803,6.84
2026-06-16 00:00:00,6.839,6.872,6.827,6.835
2026-06-16 01:00:00,6.836,6.874,6.831,6.836
2026-06-16 02:00:00,6.835,6.841,6.746,6.771
2026-06-16 03:00:00,6.771,6.835,6.76,6.835
2026-06-16 04:00:00,6.834,6.842,6.76,6.769
2026-06-16 05:00:00,6.77,6.816,6.77,6.806
2026-06-16 06:00:00,6.807,6.867,6.807,6.86
2026-06-16 07:00:00,6.861,6.928,6.854,6.924
2026-06-16 08:00:00,6.923,7.05,6.915,7.032
2026-06-16 09:00:00,7.032,7.038,6.948,6.959
2026-06-16 10:00:00,6.959,6.988,6.943,6.955
2026-06-16 11:00:00,6.955,6.975,6.922,6.951
2026-06-16 12:00:00,6.951,7.001,6.927,6.968
2026-06-16 13:00:00,6.968,6.975,6.836,6.837
2026-06-16 14:00:00,6.838,6.869,6.714,6.762
2026-06-16 15:00:00,6.761,6.817,6.752,6.79
2026-06-16 16:00:00,6.79,6.804,6.767,6.782
2026-06-16 17:00:00,6.783,6.857,6.782,6.853
2026-06-16 18:00:00,6.854,6.91,6.848,6.879
2026-06-16 19:00:00,6.879,6.898,6.825,6.864
2026-06-16 20:00:00,6.864,6.951,6.847,6.932
2026-06-16 21:00:00,6.932,6.946,6.889,6.918
2026-06-16 22:00:00,6.918,6.924,6.883,6.906
2026-06-16 23:00:00,6.907,6.915,6.871,6.88
2026-06-17 00:00:00,6.881,6.923,6.881,6.897
2026-06-17 01:00:00,6.898,6.971,6.871,6.966
2026-06-17 02:00:00,6.965,7.022,6.946,6.984
2026-06-17 03:00:00,6.983,6.983,6.932,6.954
2026-06-17 04:00:00,6.955,6.987,6.938,6.953
2026-06-17 05:00:00,6.954,6.975,6.907,6.941
2026-06-17 06:00:00,6.941,6.965,6.884,6.904
2026-06-17 07:00:00,6.905,6.955,6.87,6.899
2026-06-17 08:00:00,6.9,6.903,6.793,6.811
2026-06-17 09:00:00,6.81,6.85,6.81,6.838
2026-06-17 10:00:00,6.839,6.847,6.81,6.814
2026-06-17 11:00:00,6.814,6.823,6.774,6.806
2026-06-17 12:00:00,6.806,6.851,6.768,6.849
2026-06-17 13:00:00,6.849,6.872,6.815,6.832
2026-06-17 14:00:00,6.831,6.873,6.79,6.837
2026-06-17 15:00:00,6.837,6.971,6.827,6.968
2026-06-17 16:00:00,6.968,7.018,6.91,6.91
2026-06-17 17:00:00,6.911,6.97,6.884,6.965
2026-06-17 18:00:00,6.964,6.964,6.775,6.897
2026-06-17 19:00:00,6.897,6.915,6.703,6.737
2026-06-17 20:00:00,6.736,6.796,6.718,6.791
2026-06-17 21:00:00,6.791,6.796,6.718,6.741
2026-06-17 22:00:00,6.741,6.768,6.653,6.738
2026-06-17 23:00:00,6.739,6.778,6.739,6.766
2026-06-18 00:00:00,6.766,6.795,6.759,6.762
2026-06-18 01:00:00,6.762,6.804,6.761,6.772
2026-06-18 02:00:00,6.773,6.798,6.752,6.789
2026-06-18 03:00:00,6.788,6.788,6.703,6.712
2026-06-18 04:00:00,6.713,6.714,6.623,6.639
2026-06-18 05:00:00,6.638,6.64,6.575,6.62
2026-06-18 06:00:00,6.62,6.65,6.596,6.646
2026-06-18 07:00:00,6.646,6.684,6.62,6.676
2026-06-18 08:00:00,6.677,6.698,6.652,6.67
2026-06-18 09:00:00,6.67,6.683,6.643,6.674
2026-06-18 10:00:00,6.674,6.675,6.626,6.651
2026-06-18 11:00:00,6.651,6.662,6.607,6.62
2026-06-18 12:00:00,6.621,6.669,6.609,6.666
2026-06-18 13:00:00,6.666,6.68,6.559,6.619
2026-06-18 14:00:00,6.619,6.673,6.568,6.593
2026-06-18 15:00:00,6.593,6.594,6.214,6.245
2026-06-18 16:00:00,6.244,6.338,6.228,6.334
2026-06-18 17:00:00,6.335,6.341,6.252,6.291
2026-06-18 18:00:00,6.291,6.32,6.264,6.306
2026-06-18 19:00:00,6.305,6.368,6.298,6.356
2026-06-18 20:00:00,6.357,6.386,6.326,6.352
2026-06-18 21:00:00,6.352,6.354,6.277,6.293
2026-06-18 22:00:00,6.293,6.311,6.28,6.307
2026-06-18 23:00:00,6.306,6.322,6.275,6.318
2026-06-19 00:00:00,6.317,6.324,6.29,6.309
2026-06-19 01:00:00,6.309,6.321,6.273,6.306
2026-06-19 02:00:00,6.306,6.323,6.245,6.277
2026-06-19 03:00:00,6.277,6.29,6.111,6.15
2026-06-19 04:00:00,6.15,6.15,6.029,6.042
2026-06-19 05:00:00,6.043,6.091,6.041,6.071
2026-06-19 06:00:00,6.071,6.084,6.006,6.047
2026-06-19 07:00:00,6.047,6.047,5.968,5.992
2026-06-19 08:00:00,5.992,6.057,5.987,6.056
2026-06-19 09:00:00,6.057,6.102,6.03,6.063
2026-06-19 10:00:00,6.063,6.071,6.008,6.042
2026-06-19 11:00:00,6.042,6.073,6.01,6.047
2026-06-19 12:00:00,6.047,6.124,6.035,6.11
2026-06-19 13:00:00,6.11,6.193,6.086,6.165
2026-06-19 14:00:00,6.166,6.178,6.11,6.119
2026-06-19 15:00:00,6.119,6.15,6.11,6.122
2026-06-19 16:00:00,6.123,6.157,6.069,6.071
2026-06-19 17:00:00,6.071,6.133,5.983,5.993
2026-06-19 18:00:00,5.993,6.052,5.734,5.921
2026-06-19 19:00:00,5.92,5.92,5.681,5.879
2026-06-19 20:00:00,5.88,5.937,5.802,5.933
2026-06-19 21:00:00,5.932,5.948,5.872,5.942
2026-06-19 22:00:00,5.941,5.975,5.926,5.933
2026-06-19 23:00:00,5.932,5.939,5.873,5.896
2026-06-20 00:00:00,5.896,5.972,5.883,5.902
2026-06-20 01:00:00,5.903,5.975,5.899,5.941
2026-06-20 02:00:00,5.941,5.956,5.91,5.941
2026-06-20 03:00:00,5.941,5.968,5.907,5.95
2026-06-20 04:00:00,5.949,5.997,5.933,5.98
2026-06-20 05:00:00,5.981,6.053,5.98,6.029
2026-06-20 06:00:00,6.028,6.047,5.819,5.94
2026-06-20 07:00:00,5.939,6.259,5.866,6.148
2026-06-20 08:00:00,6.149,6.177,6.098,6.163
2026-06-20 09:00:00,6.163,6.211,6.163,6.188
2026-06-20 10:00:00,6.188,6.216,6.167,6.214
2026-06-20 11:00:00,6.214,6.221,6.141,6.162
2026-06-20 12:00:00,6.163,6.188,6.141,6.168
2026-06-20 13:00:00,6.167,6.174,6.027,6.122
2026-06-20 14:00:00,6.121,6.161,6.047,6.107
2026-06-20 15:00:00,6.107,6.162,6.09,6.15
2026-06-20 16:00:00,6.151,6.152,6.099,6.142
2026-06-20 17:00:00,6.142,6.145,6.068,6.109
2026-06-20 18:00:00,6.109,6.127,6.085,6.09
2026-06-20 19:00:00,6.089,6.121,6.069,6.116
2026-06-20 20:00:00,6.117,6.148,6.106,6.14
2026-06-20 21:00:00,6.139,6.204,6.136,6.182
2026-06-20 22:00:00,6.182,6.256,6.166,6.242
2026-06-20 23:00:00,6.241,6.263,6.228,6.239
2026-06-21 00:00:00,6.24,6.292,6.233,6.266
2026-06-21 01:00:00,6.266,6.273,6.228,6.248
2026-06-21 02:00:00,6.248,6.248,6.216,6.237
2026-06-21 03:00:00,6.236,6.272,6.225,6.263
2026-06-21 04:00:00,6.263,6.286,6.23,6.237
2026-06-21 05:00:00,6.237,6.26,6.204,6.22
2026-06-21 06:00:00,6.22,6.25,6.211,6.241
2026-06-21 07:00:00,6.241,6.345,6.218,6.287
2026-06-21 08:00:00,6.288,6.318,6.235,6.288
2026-06-21 09:00:00,6.288,6.342,6.264,6.314
2026-06-21 10:00:00,6.314,6.326,6.282,6.303
2026-06-21 11:00:00,6.303,6.312,6.26,6.267
2026-06-21 12:00:00,6.267,6.289,6.24,6.282
2026-06-21 13:00:00,6.283,6.309,6.269,6.297
2026-06-21 14:00:00,6.297,6.372,6.263,6.324
2026-06-21 15:00:00,6.325,6.348,6.311,6.331
2026-06-21 16:00:00,6.331,6.335,6.241,6.273
2026-06-21 17:00:00,6.273,6.298,6.233,6.247
2026-06-21 18:00:00,6.247,6.276,6.228,6.267
2026-06-21 19:00:00,6.266,6.277,6.254,6.263
2026-06-21 20:00:00,6.263,6.268,6.175,6.2
2026-06-21 21:00:00,6.2,6.207,6.128,6.174
2026-06-21 22:00:00,6.174,6.204,6.123,6.144
2026-06-21 23:00:00,6.144,6.144,6.097,6.113
2026-06-22 00:00:00,6.113,6.213,6.113,6.202
2026-06-22 01:00:00,6.202,6.336,6.192,6.268
2026-06-22 02:00:00,6.268,6.274,6.228,6.231
2026-06-22 03:00:00,6.232,6.293,6.202,6.23
2026-06-22 04:00:00,6.23,6.286,6.218,6.276
2026-06-22 05:00:00,6.275,6.32,6.27,6.301
2026-06-22 06:00:00,6.302,6.306,6.196,6.251
2026-06-22 07:00:00,6.251,6.308,6.246,6.286
2026-06-22 08:00:00,6.286,6.288,6.22,6.265
2026-06-22 09:00:00,6.264,6.274,6.239,6.24
2026-06-22 10:00:00,6.24,6.285,6.24,6.269
2026-06-22 11:00:00,6.268,6.379,6.26,6.365
2026-06-22 12:00:00,6.365,6.426,6.352,6.405
2026-06-22 13:00:00,6.406,6.472,6.363,6.463
2026-06-22 14:00:00,6.464,6.468,6.304,6.331
2026-06-22 15:00:00,6.331,6.35,6.283,6.307
2026-06-22 16:00:00,6.307,6.331,6.281,6.313
2026-06-22 17:00:00,6.312,6.329,6.268,6.32
2026-06-22 18:00:00,6.319,6.336,6.262,6.271
2026-06-22 19:00:00,6.27,6.279,6.234,6.271
2026-06-22 20:00:00,6.272,6.297,6.265,6.277
2026-06-22 21:00:00,6.278,6.283,6.216,6.25
2026-06-22 22:00:00,6.251,6.269,6.166,6.211
2026-06-22 23:00:00,6.21,6.247,6.193,6.241
2026-06-23 00:00:00,6.241,6.277,6.214,6.276
2026-06-23 01:00:00,6.275,6.298,6.224,6.27
2026-06-23 02:00:00,6.269,6.313,6.246,6.301
2026-06-23 03:00:00,6.302,6.313,6.276,6.313
2026-06-23 04:00:00,6.314,6.334,6.265,6.273
2026-06-23 05:00:00,6.274,6.295,6.212,6.238
2026-06-23 06:00:00,6.239,6.246,6.065,6.167
2026-06-23 07:00:00,6.166,6.215,6.145,6.157
2026-06-23 08:00:00,6.157,6.166,6.013,6.125
2026-06-23 09:00:00,6.124,6.214,6.124,6.211
2026-06-23 10:00:00,6.211,6.246,6.171,6.202
2026-06-23 11:00:00,6.202,6.258,6.201,6.257
2026-06-23 12:00:00,6.258,6.305,6.233,6.247
2026-06-23 13:00:00,6.247,6.307,6.217,6.285
2026-06-23 14:00:00,6.286,6.456,6.275,6.327
2026-06-23 15:00:00,6.327,6.388,6.292,6.371
2026-06-23 16:00:00,6.372,6.408,6.328,6.335
2026-06-23 17:00:00,6.335,6.352,6.275,6.283
2026-06-23 18:00:00,6.283,6.313,6.271,6.302
2026-06-23 19:00:00,6.302,6.353,6.296,6.34
2026-06-23 20:00:00,6.341,6.45,6.341,6.413
2026-06-23 21:00:00,6.413,6.451,6.409,6.431
2026-06-23 22:00:00,6.43,6.527,6.423,6.473
2026-06-23 23:00:00,6.472,6.514,6.442,6.484
2026-06-24 00:00:00,6.484,6.544,6.484,6.514
2026-06-24 01:00:00,6.515,6.54,6.455,6.455
2026-06-24 02:00:00,6.456,6.464,6.412,6.437
2026-06-24 03:00:00,6.438,6.453,6.407,6.417
2026-06-24 04:00:00,6.417,6.443,6.367,6.428
2026-06-24 05:00:00,6.427,6.458,6.427,6.437
2026-06-24 06:00:00,6.436,6.458,6.411,6.422
2026-06-24 07:00:00,6.422,6.428,6.356,6.395
2026-06-24 08:00:00,6.394,6.415,6.378,6.407
2026-06-24 09:00:00,6.406,6.418,6.386,6.411
2026-06-24 10:00:00,6.411,6.431,6.386,6.404
2026-06-24 11:00:00,6.403,6.496,6.371,6.447
2026-06-24 12:00:00,6.447,6.45,6.413,6.427
2026-06-24 13:00:00,6.427,6.431,6.286,6.308
2026-06-24 14:00:00,6.307,6.36,6.287,6.329
2026-06-24 15:00:00,6.33,6.335,6.206,6.234
2026-06-24 16:00:00,6.233,6.306,6.106,6.144
2026-06-24 17:00:00,6.146,6.173,5.998,6.023
2026-06-24 18:00:00,6.023,6.158,6.005,6.098
2026-06-24 19:00:00,6.098,6.148,6.073,6.144
2026-06-24 20:00:00,6.143,6.366,6.119,6.337
2026-06-24 21:00:00,6.338,6.387,6.305,6.38
2026-06-24 22:00:00,6.381,6.492,6.381,6.424
2026-06-24 23:00:00,6.425,6.472,6.402,6.444
2026-06-25 00:00:00,6.444,6.483,6.391,6.403
2026-06-25 01:00:00,6.403,6.433,6.396,6.425
2026-06-25 02:00:00,6.424,6.46,6.39,6.411
2026-06-25 03:00:00,6.411,6.435,6.391,6.414
2026-06-25 04:00:00,6.414,6.509,6.389,6.485
2026-06-25 05:00:00,6.485,6.64,6.484,6.551
2026-06-25 06:00:00,6.55,6.622,6.55,6.578
2026-06-25 07:00:00,6.579,6.589,6.515,6.531
2026-06-25 08:00:00,6.531,6.534,6.489,6.509
2026-06-25 09:00:00,6.51,6.515,6.488,6.503
2026-06-25 10:00:00,6.503,6.51,6.424,6.432
2026-06-25 11:00:00,6.432,6.445,6.385,6.404
2026-06-25 12:00:00,6.404,6.447,6.34,6.379
2026-06-25 13:00:00,6.379,6.393,5.954,5.979
2026-06-25 14:00:00,5.98,6.232,5.98,6.125
2026-06-25 15:00:00,6.125,6.135,6.037,6.118
2026-06-25 16:00:00,6.119,6.173,6.073,6.106
2026-06-25 17:00:00,6.108,6.26,6.108,6.258
2026-06-25 18:00:00,6.258,6.26,6.12,6.14
2026-06-25 19:00:00,6.14,6.14,6.046,6.109
2026-06-25 20:00:00,6.11,6.181,6.11,6.141
2026-06-25 21:00:00,6.141,6.254,6.138,6.254
2026-06-25 22:00:00,6.253,6.259,6.193,6.203
2026-06-25 23:00:00,6.204,6.269,6.2,6.235
2026-06-26 00:00:00,6.235,6.249,6.205,6.212
2026-06-26 01:00:00,6.211,6.229,6.121,6.129
2026-06-26 02:00:00,6.13,6.133,5.986,5.998
2026-06-26 03:00:00,5.999,6.157,5.963,6.143
2026-06-26 04:00:00,6.144,6.158,6.081,6.086
2026-06-26 05:00:00,6.087,6.132,6.072,6.107
2026-06-26 06:00:00,6.108,6.256,6.077,6.247
2026-06-26 07:00:00,6.246,6.335,6.243,6.312
2026-06-26 08:00:00,6.312,6.322,6.215,6.226
2026-06-26 09:00:00,6.227,6.26,6.152,6.159
2026-06-26 10:00:00,6.16,6.179,6.141,6.151
2026-06-26 11:00:00,6.152,6.175,6.105,6.136
2026-06-26 12:00:00,6.136,6.191,6.072,6.099
2026-06-26 13:00:00,6.1,6.261,6.043,6.256
2026-06-26 14:00:00,6.255,6.287,6.205,6.226
2026-06-26 15:00:00,6.228,6.377,6.21,6.373
2026-06-26 16:00:00,6.374,6.458,6.343,6.383
2026-06-26 17:00:00,6.382,6.523,6.375,6.471
2026-06-26 18:00:00,6.47,6.504,6.39,6.401
2026-06-26 19:00:00,6.402,6.447,6.373,6.383
2026-06-26 20:00:00,6.383,6.451,6.342,6.359
2026-06-26 21:00:00,6.358,6.386,6.335,6.349
2026-06-26 22:00:00,6.348,6.55,6.32,6.533
2026-06-26 23:00:00,6.532,6.634,6.527,6.633
2026-06-27 00:00:00,6.633,6.67,6.521,6.59
2026-06-27 01:00:00,6.59,6.59,6.527,6.537
2026-06-27 02:00:00,6.537,6.671,6.499,6.654
2026-06-27 03:00:00,6.653,6.653,6.544,6.549
2026-06-27 04:00:00,6.55,6.596,6.543,6.554
2026-06-27 05:00:00,6.555,6.576,6.521,6.569
2026-06-27 06:00:00,6.569,6.637,6.54,6.593
2026-06-27 07:00:00,6.593,6.6,6.556,6.563
2026-06-27 08:00:00,6.562,6.584,6.543,6.565
2026-06-27 09:00:00,6.566,6.573,6.513,6.533
2026-06-27 10:00:00,6.533,6.543,6.503,6.526
2026-06-27 11:00:00,6.525,6.581,6.45,6.579
2026-06-27 12:00:00,6.58,6.581,6.521,6.538
2026-06-27 13:00:00,6.538,6.588,6.533,6.58
2026-06-27 14:00:00,6.581,6.646,6.567,6.615
2026-06-27 15:00:00,6.616,6.676,6.608,6.637
2026-06-27 16:00:00,6.638,6.653,6.614,6.623
2026-06-27 17:00:00,6.623,6.623,6.532,6.535
2026-06-27 18:00:00,6.535,6.536,6.499,6.508
2026-06-27 19:00:00,6.509,6.521,6.4,6.431
2026-06-27 20:00:00,6.431,6.46,6.427,6.432
2026-06-27 21:00:00,6.433,6.459,6.374,6.402
2026-06-27 22:00:00,6.401,6.434,6.336,6.429
2026-06-27 23:00:00,6.43,6.464,6.414,6.433
2026-06-28 00:00:00,6.433,6.443,6.411,6.429
2026-06-28 01:00:00,6.429,6.43,6.385,6.394
2026-06-28 02:00:00,6.395,6.423,6.366,6.372
2026-06-28 03:00:00,6.372,6.413,6.369,6.406
2026-06-28 04:00:00,6.405,6.41,6.376,6.398
2026-06-28 05:00:00,6.399,6.399,6.355,6.374
2026-06-28 06:00:00,6.375,6.385,6.302,6.331
2026-06-28 07:00:00,6.33,6.361,6.318,6.341
2026-06-28 08:00:00,6.341,6.384,6.307,6.368
2026-06-28 09:00:00,6.369,6.395,6.313,6.327
2026-06-28 10:00:00,6.327,6.356,6.313,6.322
2026-06-28 11:00:00,6.323,6.364,6.312,6.358
2026-06-28 12:00:00,6.357,6.357,6.306,6.324
2026-06-28 13:00:00,6.324,6.324,6.28,6.302
2026-06-28 14:00:00,6.302,6.342,6.294,6.321
2026-06-28 15:00:00,6.322,6.355,6.311,6.327
2026-06-28 16:00:00,6.327,6.33,6.27,6.312
2026-06-28 17:00:00,6.311,6.336,6.279,6.32
2026-06-28 18:00:00,6.319,6.353,6.315,6.349
2026-06-28 19:00:00,6.349,6.369,6.308,6.335
2026-06-28 20:00:00,6.334,6.475,6.33,6.406
2026-06-28 21:00:00,6.407,6.42,6.299,6.327
2026-06-28 22:00:00,6.328,6.445,6.316,6.351
2026-06-28 23:00:00,6.35,6.487,6.337,6.448
2026-06-29 00:00:00,6.45,6.489,6.364,6.483
2026-06-29 01:00:00,6.484,6.546,6.425,6.508
2026-06-29 02:00:00,6.509,6.541,6.406,6.521
2026-06-29 03:00:00,6.522,6.663,6.521,6.617
2026-06-29 04:00:00,6.618,6.634,6.526,6.588
2026-06-29 05:00:00,6.588,6.617,6.504,6.613
2026-06-29 06:00:00,6.614,6.65,6.531,6.539
2026-06-29 07:00:00,6.539,6.566,6.5,6.55
2026-06-29 08:00:00,6.551,6.577,6.5,6.529
2026-06-29 09:00:00,6.529,6.613,6.523,6.613
2026-06-29 10:00:00,6.613,6.63,6.564,6.599
2026-06-29 11:00:00,6.599,6.611,6.538,6.574
2026-06-29 12:00:00,6.574,6.714,6.529,6.569
2026-06-29 13:00:00,6.569,6.621,6.525,6.564
2026-06-29 14:00:00,6.565,6.567,6.448,6.566
2026-06-29 15:00:00,6.566,6.671,6.497,6.659
2026-06-29 16:00:00,6.66,6.703,6.626,6.688
2026-06-29 17:00:00,6.688,6.822,6.686,6.757
2026-06-29 18:00:00,6.757,6.77,6.721,6.727
2026-06-29 19:00:00,6.727,6.744,6.707,6.725
2026-06-29 20:00:00,6.725,6.736,6.671,6.671
2026-06-29 21:00:00,6.671,6.716,6.662,6.703
2026-06-29 22:00:00,6.704,6.72,6.688,6.696
2026-06-29 23:00:00,6.696,6.701,6.661,6.679
2026-06-30 00:00:00,6.678,6.681,6.611,6.655
2026-06-30 01:00:00,6.654,6.677,6.627,6.659
2026-06-30 02:00:00,6.659,6.677,6.628,6.671
2026-06-30 03:00:00,6.671,6.671,6.622,6.629
2026-06-30 04:00:00,6.629,6.64,6.601,6.633
2026-06-30 05:00:00,6.633,6.638,6.581,6.611
2026-06-30 06:00:00,6.612,6.616,6.576,6.599
2026-06-30 07:00:00,6.598,6.616,6.568,6.579
2026-06-30 08:00:00,6.579,6.648,6.565,6.64
2026-06-30 09:00:00,6.641,6.655,6.6,6.634
2026-06-30 10:00:00,6.635,6.639,6.599,6.608
2026-06-30 11:00:00,6.607,6.613,6.525,6.535
2026-06-30 12:00:00,6.534,6.534,6.387,6.397
2026-06-30 13:00:00,6.397,6.48,6.385,6.475
2026-06-30 14:00:00,6.475,6.531,6.436,6.45
2026-06-30 15:00:00,6.45,6.533,6.432,6.499
2026-06-30 16:00:00,6.5,6.558,6.466,6.54
2026-06-30 17:00:00,6.54,6.578,6.504,6.504
2026-06-30 18:00:00,6.504,6.561,6.489,6.558
2026-06-30 19:00:00,6.557,6.598,6.538,6.575
2026-06-30 20:00:00,6.575,6.594,6.543,6.555
2026-06-30 21:00:00,6.555,6.563,6.529,6.554
2026-06-30 22:00:00,6.554,6.578,6.511,6.519
2026-06-30 23:00:00,6.52,6.541,6.508,6.538
2026-07-01 00:00:00,6.539,6.555,6.513,6.541
2026-07-01 01:00:00,6.542,6.596,6.427,6.571
2026-07-01 02:00:00,6.571,6.626,6.55,6.605
2026-07-01 03:00:00,6.605,6.727,6.605,6.704
2026-07-01 04:00:00,6.705,6.723,6.672,6.699
2026-07-01 05:00:00,6.699,6.705,6.651,6.682
2026-07-01 06:00:00,6.682,6.686,6.605,6.635
2026-07-01 07:00:00,6.636,6.664,6.619,6.654
2026-07-01 08:00:00,6.654,6.671,6.617,6.669
2026-07-01 09:00:00,6.668,6.697,6.65,6.686
2026-07-01 10:00:00,6.686,6.695,6.62,6.647
2026-07-01 11:00:00,6.648,6.671,6.629,6.659
2026-07-01 12:00:00,6.66,6.664,6.595,6.609
2026-07-01 13:00:00,6.61,6.663,6.561,6.647
2026-07-01 14:00:00,6.647,6.715,6.633,6.669
2026-07-01 15:00:00,6.67,6.748,6.664,6.73
2026-07-01 16:00:00,6.73,6.758,6.688,6.695
2026-07-01 17:00:00,6.696,6.754,6.667,6.744
2026-07-01 18:00:00,6.745,6.751,6.703,6.722
2026-07-01 19:00:00,6.721,6.735,6.678,6.695
2026-07-01 20:00:00,6.695,6.711,6.672,6.711
2026-07-01 21:00:00,6.712,6.795,6.707,6.781
2026-07-01 22:00:00,6.78,6.814,6.721,6.73
2026-07-01 23:00:00,6.729,6.729,6.663,6.666
2026-07-02 00:00:00,6.667,6.668,6.613,6.643
2026-07-02 01:00:00,6.644,6.729,6.641,6.696
2026-07-02 02:00:00,6.695,6.704,6.669,6.672
2026-07-02 03:00:00,6.672,6.727,6.654,6.716
2026-07-02 04:00:00,6.715,6.731,6.703,6.728
2026-07-02 05:00:00,6.727,6.735,6.683,6.695
2026-07-02 06:00:00,6.694,6.707,6.663,6.672
2026-07-02 07:00:00,6.672,6.689,6.666,6.671
2026-07-02 08:00:00,6.672,6.715,6.666,6.711
2026-07-02 09:00:00,6.711,6.778,6.695,6.764
2026-07-02 10:00:00,6.764,6.797,6.75,6.796
2026-07-02 11:00:00,6.797,6.814,6.764,6.782
2026-07-02 12:00:00,6.781,6.833,6.756,6.819
2026-07-02 13:00:00,6.82,6.88,6.796,6.818
2026-07-02 14:00:00,6.819,6.846,6.74,6.768
2026-07-02 15:00:00,6.768,6.79,6.741,6.777
2026-07-02 16:00:00,6.777,6.784,6.738,6.775
2026-07-02 17:00:00,6.775,6.79,6.736,6.754
2026-07-02 18:00:00,6.754,6.769,6.747,6.757
2026-07-02 19:00:00,6.757,6.763,6.717,6.744
2026-07-02 20:00:00,6.745,6.761,6.723,6.753
2026-07-02 21:00:00,6.754,6.798,6.752,6.787
2026-07-02 22:00:00,6.786,6.823,6.762,6.812
2026-07-02 23:00:00,6.812,6.814,6.788,6.8
2026-07-03 00:00:00,6.801,6.812,6.783,6.789
2026-07-03 01:00:00,6.789,6.868,6.787,6.854
2026-07-03 02:00:00,6.855,6.872,6.824,6.859
2026-07-03 03:00:00,6.858,6.88,6.813,6.85
2026-07-03 04:00:00,6.851,6.854,6.812,6.818
2026-07-03 05:00:00,6.818,6.871,6.812,6.85
2026-07-03 06:00:00,6.85,6.878,6.838,6.855
2026-07-03 07:00:00,6.856,6.861,6.83,6.838
2026-07-03 08:00:00,6.839,6.891,6.826,6.843
2026-07-03 09:00:00,6.842,6.858,6.831,6.838
2026-07-03 10:00:00,6.837,6.908,6.835,6.881
2026-07-03 11:00:00,6.881,6.913,6.873,6.901
2026-07-03 12:00:00,6.9,6.924,6.849,6.872
2026-07-03 13:00:00,6.873,6.878,6.839,6.854
2026-07-03 14:00:00,6.853,6.862,6.807,6.858
2026-07-03 15:00:00,6.859,6.895,6.821,6.83
2026-07-03 16:00:00,6.83,6.835,6.792,6.824
2026-07-03 17:00:00,6.823,6.877,6.816,6.868
2026-07-03 18:00:00,6.869,6.888,6.857,6.875
2026-07-03 19:00:00,6.874,6.937,6.87,6.915
2026-07-03 20:00:00,6.916,7.004,6.912,6.99
2026-07-03 21:00:00,6.99,7.035,6.952,7.002
2026-07-03 22:00:00,7.003,7.004,6.934,6.946
2026-07-03 23:00:00,6.947,6.97,6.92,6.948
2026-07-04 00:00:00,6.949,6.972,6.929,6.932
2026-07-04 01:00:00,6.931,6.931,6.865,6.883
2026-07-04 02:00:00,6.883,6.911,6.872,6.901
2026-07-04 03:00:00,6.902,6.937,6.89,6.933
2026-07-04 04:00:00,6.934,6.949,6.904,6.929
2026-07-04 05:00:00,6.929,6.944,6.897,6.897
2026-07-04 06:00:00,6.897,6.92,6.847,6.867
2026-07-04 07:00:00,6.867,6.877,6.841,6.867
2026-07-04 08:00:00,6.868,6.877,6.851,6.861
2026-07-04 09:00:00,6.862,6.865,6.818,6.824
2026-07-04 10:00:00,6.824,6.849,6.817,6.843
2026-07-04 11:00:00,6.842,6.867,6.835,6.858
2026-07-04 12:00:00,6.858,6.888,6.857,6.887
2026-07-04 13:00:00,6.886,6.918,6.865,6.884
2026-07-04 14:00:00,6.884,6.948,6.884,6.94
2026-07-04 15:00:00,6.94,7.007,6.94,6.987
2026-07-04 16:00:00,6.988,6.997,6.963,6.979
2026-07-04 17:00:00,6.98,7.115,6.941,7.088
2026-07-04 18:00:00,7.088,7.097,7.029,7.048
2026-07-04 19:00:00,7.048,7.061,7,7.012
2026-07-04 20:00:00,7.012,7.023,6.976,6.993
2026-07-04 21:00:00,6.994,7.028,6.989,7.018
2026-07-04 22:00:00,7.018,7.025,6.981,6.996
2026-07-04 23:00:00,6.996,6.996,6.919,6.968
2026-07-05 00:00:00,6.967,6.971,6.9,6.918
2026-07-05 01:00:00,6.919,6.933,6.881,6.898
2026-07-05 02:00:00,6.897,6.903,6.803,6.808
2026-07-05 03:00:00,6.808,6.832,6.786,6.806
2026-07-05 04:00:00,6.806,6.819,6.779,6.788
2026-07-05 05:00:00,6.788,6.808,6.763,6.779
2026-07-05 06:00:00,6.779,6.805,6.753,6.8
2026-07-05 07:00:00,6.8,6.83,6.779,6.818
2026-07-05 08:00:00,6.817,6.837,6.809,6.82
2026-07-05 09:00:00,6.82,6.834,6.775,6.787
2026-07-05 10:00:00,6.786,6.872,6.773,6.85
2026-07-05 11:00:00,6.849,6.892,6.843,6.88
2026-07-05 12:00:00,6.88,6.913,6.854,6.881
2026-07-05 13:00:00,6.881,6.913,6.865,6.912
2026-07-05 14:00:00,6.911,6.912,6.877,6.912
2026-07-05 15:00:00,6.911,6.949,6.903,6.928
2026-07-05 16:00:00,6.929,6.943,6.916,6.934
2026-07-05 17:00:00,6.934,6.977,6.916,6.923
2026-07-05 18:00:00,6.922,6.952,6.916,6.929
2026-07-05 19:00:00,6.929,6.943,6.903,6.918
2026-07-05 20:00:00,6.918,6.918,6.895,6.907
2026-07-05 21:00:00,6.907,6.975,6.882,6.958
2026-07-05 22:00:00,6.958,7.008,6.934,6.952
2026-07-05 23:00:00,6.952,6.982,6.919,6.924
2026-07-06 00:00:00,6.925,6.933,6.85,6.909
2026-07-06 01:00:00,6.908,6.954,6.884,6.888
2026-07-06 02:00:00,6.887,6.921,6.864,6.907
2026-07-06 03:00:00,6.906,6.931,6.883,6.918
2026-07-06 04:00:00,6.918,6.967,6.908,6.933
2026-07-06 05:00:00,6.933,6.935,6.832,6.871
2026-07-06 06:00:00,6.871,6.902,6.858,6.887
2026-07-06 07:00:00,6.886,6.956,6.876,6.932
2026-07-06 08:00:00,6.931,6.94,6.855,6.873
2026-07-06 09:00:00,6.873,6.873,6.819,6.827
2026-07-06 10:00:00,6.827,6.864,6.822,6.857
2026-07-06 11:00:00,6.858,6.863,6.818,6.818
2026-07-06 12:00:00,6.818,6.818,6.716,6.744
2026-07-06 13:00:00,6.743,6.811,6.714,6.792
2026-07-06 14:00:00,6.792,6.842,6.776,6.804
2026-07-06 15:00:00,6.804,6.924,6.803,6.919
2026-07-06 16:00:00,6.92,6.99,6.909,6.957
2026-07-06 17:00:00,6.956,6.961,6.896,6.907
2026-07-06 18:00:00,6.906,6.983,6.906,6.956
2026-07-06 19:00:00,6.956,6.993,6.953,6.96
2026-07-06 20:00:00,6.96,6.961,6.891,6.915
2026-07-06 21:00:00,6.915,7.088,6.915,7.01
2026-07-06 22:00:00,7.01,7.021,6.991,6.998
2026-07-06 23:00:00,6.999,7.01,6.922,6.93
2026-07-07 00:00:00,6.929,6.949,6.888,6.9
2026-07-07 01:00:00,6.899,6.899,6.817,6.836
2026-07-07 02:00:00,6.836,6.847,6.8,6.823
2026-07-07 03:00:00,6.823,6.829,6.782,6.804
2026-07-07 04:00:00,6.805,6.805,6.75,6.771
2026-07-07 05:00:00,6.77,6.77,6.698,6.757
2026-07-07 06:00:00,6.757,6.788,6.738,6.777
2026-07-07 07:00:00,6.777,6.818,6.749,6.764
2026-07-07 08:00:00,6.765,6.766,6.736,6.752
2026-07-07 09:00:00,6.751,6.792,6.746,6.782
2026-07-07 10:00:00,6.782,6.802,6.748,6.756
2026-07-07 11:00:00,6.756,6.798,6.743,6.795
2026-07-07 12:00:00,6.795,6.823,6.769,6.771
2026-07-07 13:00:00,6.771,6.783,6.728,6.758
2026-07-07 14:00:00,6.759,6.791,6.65,6.726
2026-07-07 15:00:00,6.725,6.796,6.702,6.77
2026-07-07 16:00:00,6.77,6.809,6.747,6.785
2026-07-07 17:00:00,6.785,6.804,6.769,6.801
2026-07-07 18:00:00,6.802,6.808,6.738,6.745
2026-07-07 19:00:00,6.744,6.769,6.695,6.758
2026-07-07 20:00:00,6.759,6.773,6.728,6.743
2026-07-07 21:00:00,6.744,6.751,6.68,6.688
2026-07-07 22:00:00,6.687,6.725,6.66,6.707
2026-07-07 23:00:00,6.707,6.721,6.685,6.689
2026-07-08 00:00:00,6.689,6.698,6.65,6.669
2026-07-08 01:00:00,6.669,6.674,6.484,6.499
2026-07-08 02:00:00,6.499,6.499,6.351,6.407
2026-07-08 03:00:00,6.408,6.441,6.385,6.394
2026-07-08 04:00:00,6.394,6.416,6.368,6.406
2026-07-08 05:00:00,6.406,6.45,6.398,6.417
2026-07-08 06:00:00,6.417,6.418,6.378,6.403
2026-07-08 07:00:00,6.402,6.458,6.385,6.448
2026-07-08 08:00:00,6.448,6.455,6.317,6.353
2026-07-08 09:00:00,6.354,6.385,6.342,6.373
2026-07-08 10:00:00,6.374,6.441,6.352,6.421
2026-07-08 11:00:00,6.421,6.455,6.401,6.441
2026-07-08 12:00:00,6.441,6.443,6.402,6.402
2026-07-08 13:00:00,6.403,6.476,6.369,6.453
2026-07-08 14:00:00,6.454,6.469,6.377,6.407
2026-07-08 15:00:00,6.408,6.411,6.348,6.382
2026-07-08 16:00:00,6.382,6.438,6.38,6.425
2026-07-08 17:00:00,6.426,6.473,6.421,6.435
2026-07-08 18:00:00,6.434,6.483,6.431,6.462
2026-07-08 19:00:00,6.463,6.472,6.444,6.456
2026-07-08 20:00:00,6.457,6.467,6.431,6.435
2026-07-08 21:00:00,6.436,6.473,6.417,6.457
2026-07-08 22:00:00,6.457,6.471,6.454,6.457
2026-07-08 23:00:00,6.457,6.476,6.45,6.475
2026-07-09 00:00:00,6.474,6.5,6.44,6.449
2026-07-09 01:00:00,6.45,6.547,6.449,6.492
2026-07-09 02:00:00,6.492,6.532,6.442,6.442
2026-07-09 03:00:00,6.442,6.481,6.428,6.465
2026-07-09 04:00:00,6.466,6.531,6.463,6.529
2026-07-09 05:00:00,6.529,6.613,6.517,6.602
2026-07-09 06:00:00,6.601,6.778,6.585,6.77
2026-07-09 07:00:00,6.77,6.813,6.733,6.746
2026-07-09 08:00:00,6.746,6.768,6.724,6.737
2026-07-09 09:00:00,6.736,6.755,6.704,6.727
2026-07-09 10:00:00,6.728,6.738,6.665,6.687
2026-07-09 11:00:00,6.687,6.715,6.676,6.709
2026-07-09 12:00:00,6.71,6.743,6.686,6.726
2026-07-09 13:00:00,6.725,6.784,6.714,6.772
2026-07-09 14:00:00,6.773,6.79,6.714,6.722
2026-07-09 15:00:00,6.722,6.782,6.721,6.753
2026-07-09 16:00:00,6.753,6.765,6.696,6.708
2026-07-09 17:00:00,6.708,6.752,6.703,6.746
2026-07-09 18:00:00,6.747,6.778,6.742,6.742
2026-07-09 19:00:00,6.742,6.752,6.721,6.725
2026-07-09 20:00:00,6.725,6.728,6.686,6.721
2026-07-09 21:00:00,6.722,6.735,6.71,6.723
2026-07-09 22:00:00,6.723,6.731,6.697,6.699
2026-07-09 23:00:00,6.699,6.709,6.679,6.679
2026-07-10 00:00:00,6.679,6.697,6.668,6.685
2026-07-10 01:00:00,6.685,6.815,6.672,6.774
2026-07-10 02:00:00,6.775,6.799,6.771,6.789
2026-07-10 03:00:00,6.788,6.791,6.734,6.779
2026-07-10 04:00:00,6.779,6.808,6.775,6.794
2026-07-10 05:00:00,6.794,6.834,6.785,6.801
2026-07-10 06:00:00,6.801,6.807,6.774,6.782
2026-07-10 07:00:00,6.782,6.784,6.74,6.752
2026-07-10 08:00:00,6.753,6.815,6.752,6.775
2026-07-10 09:00:00,6.774,6.777,6.737,6.756
2026-07-10 10:00:00,6.756,6.788,6.741,6.77
2026-07-10 11:00:00,6.769,6.778,6.743,6.752
2026-07-10 12:00:00,6.751,6.77,6.722,6.733
2026-07-10 13:00:00,6.732,6.786,6.72,6.772
2026-07-10 14:00:00,6.772,6.775,6.649,6.692
2026-07-10 15:00:00,6.692,6.743,6.689,6.743
2026-07-10 16:00:00,6.743,6.772,6.722,6.757
2026-07-10 17:00:00,6.757,6.767,6.735,6.735
2026-07-10 18:00:00,6.736,6.758,6.708,6.718
2026-07-10 19:00:00,6.717,6.768,6.711,6.742
2026-07-10 20:00:00,6.743,6.753,6.73,6.739
2026-07-10 21:00:00,6.74,6.767,6.74,6.757
2026-07-10 22:00:00,6.758,6.767,6.752,6.753
2026-07-10 23:00:00,6.753,6.753,6.737,6.739
2026-07-11 00:00:00,6.74,6.756,6.721,6.734
2026-07-11 01:00:00,6.733,6.75,6.709,6.711
2026-07-11 02:00:00,6.71,6.74,6.707,6.732
2026-07-11 03:00:00,6.731,6.734,6.713,6.725
2026-07-11 04:00:00,6.724,6.738,6.716,6.727
2026-07-11 05:00:00,6.727,6.727,6.702,6.71
2026-07-11 06:00:00,6.709,6.725,6.698,6.709
2026-07-11 07:00:00,6.708,6.721,6.706,6.71
2026-07-11 08:00:00,6.709,6.718,6.696,6.714
2026-07-11 09:00:00,6.715,6.721,6.688,6.697
2026-07-11 10:00:00,6.697,6.728,6.692,6.713
2026-07-11 11:00:00,6.714,6.739,6.71,6.72
2026-07-11 12:00:00,6.719,6.746,6.719,6.736
2026-07-11 13:00:00,6.735,6.748,6.719,6.742
2026-07-11 14:00:00,6.742,6.791,6.74,6.752
2026-07-11 15:00:00,6.752,6.789,6.719,6.752
2026-07-11 16:00:00,6.751,6.752,6.729,6.742
2026-07-11 17:00:00,6.743,6.776,6.734,6.76
2026-07-11 18:00:00,6.759,6.787,6.749,6.764
2026-07-11 19:00:00,6.764,6.771,6.744,6.752
2026-07-11 20:00:00,6.751,6.761,6.749,6.753
2026-07-11 21:00:00,6.753,6.759,6.731,6.736
2026-07-11 22:00:00,6.735,6.736,6.682,6.686
2026-07-11 23:00:00,6.685,6.699,6.542,6.552
2026-07-12 00:00:00,6.551,6.551,6.426,6.454
2026-07-12 01:00:00,6.454,6.518,6.445,6.518
2026-07-12 02:00:00,6.517,6.517,6.491,6.499
2026-07-12 03:00:00,6.499,6.535,6.495,6.527
2026-07-12 04:00:00,6.526,6.541,6.407,6.438
2026-07-12 05:00:00,6.439,6.469,6.434,6.446
2026-07-12 06:00:00,6.446,6.447,6.282,6.345
2026-07-12 07:00:00,6.345,6.402,6.325,6.379
2026-07-12 08:00:00,6.379,6.411,6.371,6.395
2026-07-12 09:00:00,6.396,6.422,6.38,6.414
2026-07-12 10:00:00,6.415,6.416,6.4,6.407
2026-07-12 11:00:00,6.407,6.449,6.377,6.433
2026-07-12 12:00:00,6.432,6.458,6.42,6.438
2026-07-12 13:00:00,6.437,6.458,6.43,6.448
2026-07-12 14:00:00,6.448,6.481,6.429,6.458
2026-07-12 15:00:00,6.459,6.473,6.435,6.441
2026-07-12 16:00:00,6.44,6.445,6.392,6.424
2026-07-12 17:00:00,6.423,6.442,6.401,6.423
2026-07-12 18:00:00,6.423,6.479,6.419,6.478
2026-07-12 19:00:00,6.478,6.48,6.453,6.472
2026-07-12 20:00:00,6.472,6.478,6.45,6.465
2026-07-12 21:00:00,6.465,6.483,6.423,6.429
2026-07-12 22:00:00,6.429,6.429,6.373,6.399
2026-07-12 23:00:00,6.399,6.419,6.386,6.407
2026-07-13 00:00:00,6.407,6.562,6.403,6.462
2026-07-13 01:00:00,6.461,6.47,6.409,6.425
2026-07-13 02:00:00,6.424,6.532,6.407,6.491
2026-07-13 03:00:00,6.49,6.497,6.418,6.49
2026-07-13 04:00:00,6.49,6.519,6.464,6.479
2026-07-13 05:00:00,6.48,6.528,6.456,6.495
2026-07-13 06:00:00,6.496,6.515,6.478,6.49
2026-07-13 07:00:00,6.49,6.516,6.48,6.509
2026-07-13 08:00:00,6.509,6.534,6.492,6.53
2026-07-13 09:00:00,6.531,6.672,6.529,6.638
2026-07-13 10:00:00,6.637,6.672,6.602,6.627
2026-07-13 11:00:00,6.627,6.669,6.621,6.646
2026-07-13 12:00:00,6.646,6.655,6.565,6.605
2026-07-13 13:00:00,6.605,6.683,6.557,6.56
2026-07-13 14:00:00,6.559,6.679,6.531,6.659
2026-07-13 15:00:00,6.659,6.674,6.556,6.563
2026-07-13 16:00:00,6.563,6.585,6.49,6.511
2026-07-13 17:00:00,6.512,6.522,6.427,6.436
2026-07-13 18:00:00,6.437,6.468,6.422,6.443
2026-07-13 19:00:00,6.443,6.487,6.439,6.476
2026-07-13 20:00:00,6.476,6.49,6.43,6.449
2026-07-13 21:00:00,6.449,6.449,6.338,6.398
2026-07-13 22:00:00,6.398,6.431,6.398,6.398
2026-07-13 23:00:00,6.398,6.457,6.381,6.452
2026-07-14 00:00:00,6.452,6.488,6.441,6.482
2026-07-14 01:00:00,6.482,6.502,6.453,6.49
2026-07-14 02:00:00,6.491,6.497,6.451,6.452
2026-07-14 03:00:00,6.453,6.46,6.42,6.443
2026-07-14 04:00:00,6.444,6.477,6.441,6.452
2026-07-14 05:00:00,6.452,6.5,6.445,6.491
2026-07-14 06:00:00,6.491,6.516,6.481,6.508
2026-07-14 07:00:00,6.507,6.512,6.48,6.481
2026-07-14 08:00:00,6.48,6.537,6.479,6.508
2026-07-14 09:00:00,6.508,6.525,6.468,6.474
2026-07-14 10:00:00,6.475,6.495,6.453,6.473
2026-07-14 11:00:00,6.473,6.473,6.439,6.44
2026-07-14 12:00:00,6.44,6.609,6.422,6.592
2026-07-14 13:00:00,6.593,6.67,6.563,6.659
2026-07-14 14:00:00,6.659,6.675,6.605,6.657
2026-07-14 15:00:00,6.657,6.712,6.621,6.656
2026-07-14 16:00:00,6.656,6.685,6.641,6.644
2026-07-14 17:00:00,6.643,6.67,6.604,6.663
2026-07-14 18:00:00,6.662,6.672,6.64,6.669
2026-07-14 19:00:00,6.668,6.688,6.652,6.674
2026-07-14 20:00:00,6.674,6.679,6.637,6.645
2026-07-14 21:00:00,6.644,6.65,6.632,6.637
2026-07-14 22:00:00,6.637,6.698,6.625,6.669
2026-07-14 23:00:00,6.67,6.712,6.649,6.712
2026-07-15 00:00:00,6.713,6.757,6.665,6.678
2026-07-15 01:00:00,6.678,6.69,6.638,6.643
2026-07-15 02:00:00,6.642,6.646,6.609,6.61
2026-07-15 03:00:00,6.61,6.667,6.606,6.658
2026-07-15 04:00:00,6.657,6.672,6.636,6.661
2026-07-15 05:00:00,6.662,6.69,6.635,6.685
2026-07-15 06:00:00,6.686,6.734,6.682,6.684
2026-07-15 07:00:00,6.685,6.685,6.609,6.621
2026-07-15 08:00:00,6.622,6.659,6.614,6.653
2026-07-15 09:00:00,6.652,6.689,6.652,6.663
2026-07-15 10:00:00,6.662,6.683,6.652,6.654
2026-07-15 11:00:00,6.655,6.687,6.653,6.669
2026-07-15 12:00:00,6.669,6.756,6.658,6.746
2026-07-15 13:00:00,6.746,6.773,6.677,6.7
2026-07-15 14:00:00,6.701,6.725,6.667,6.707
2026-07-15 15:00:00,6.706,6.743,6.689,6.728
2026-07-15 16:00:00,6.728,6.741,6.647,6.697
2026-07-15 17:00:00,6.696,6.73,6.693,6.726
2026-07-15 18:00:00,6.726,6.749,6.694,6.697
2026-07-15 19:00:00,6.698,6.712,6.687,6.696
2026-07-15 20:00:00,6.696,6.737,6.692,6.699
2026-07-15 21:00:00,6.699,6.712,6.675,6.684
2026-07-15 22:00:00,6.684,6.717,6.675,6.697
2026-07-15 23:00:00,6.696,6.719,6.69,6.702
2026-07-16 00:00:00,6.701,6.725,6.691,6.714
2026-07-16 01:00:00,6.714,6.724,6.661,6.713
2026-07-16 02:00:00,6.713,6.724,6.697,6.721
2026-07-16 03:00:00,6.72,6.731,6.704,6.712
2026-07-16 04:00:00,6.713,6.721,6.69,6.706
2026-07-16 05:00:00,6.707,6.739,6.702,6.714
2026-07-16 06:00:00,6.714,6.73,6.656,6.683
2026-07-16 07:00:00,6.682,6.684,6.612,6.628
2026-07-16 08:00:00,6.628,6.631,6.546,6.589
2026-07-16 09:00:00,6.59,6.605,6.577,6.581
2026-07-16 10:00:00,6.581,6.609,6.572,6.596
2026-07-16 11:00:00,6.596,6.596,6.559,6.578
2026-07-16 12:00:00,6.578,6.578,6.513,6.536
2026-07-16 13:00:00,6.536,6.632,6.531,6.622
2026-07-16 14:00:00,6.622,6.657,6.607,6.632
2026-07-16 15:00:00,6.632,6.657,6.594,6.628
2026-07-16 16:00:00,6.629,6.64,6.596,6.607
2026-07-16 17:00:00,6.606,6.607,6.523,6.54
2026-07-16 18:00:00,6.54,6.586,6.527,6.58
2026-07-16 19:00:00,6.579,6.608,6.578,6.598
2026-07-16 20:00:00,6.598,6.604,6.58,6.597
2026-07-16 21:00:00,6.597,6.622,6.591,6.602
2026-07-16 22:00:00,6.603,6.632,6.549,6.558
2026-07-16 23:00:00,6.558,6.558,6.481,6.514
2026-07-17 00:00:00,6.514,6.517,6.437,6.502
2026-07-17 01:00:00,6.503,6.525,6.459,6.463
2026-07-17 02:00:00,6.463,6.492,6.444,6.478
2026-07-17 03:00:00,6.478,6.553,6.476,6.528
2026-07-17 04:00:00,6.528,6.532,6.482,6.522
2026-07-17 05:00:00,6.521,6.524,6.442,6.458
2026-07-17 06:00:00,6.457,6.504,6.444,6.5
2026-07-17 07:00:00,6.5,6.5,6.466,6.479
2026-07-17 08:00:00,6.479,6.481,6.423,6.47
2026-07-17 09:00:00,6.47,6.505,6.468,6.501
2026-07-17 10:00:00,6.501,6.51,6.49,6.492
2026-07-17 11:00:00,6.492,6.501,6.483,6.488
2026-07-17 12:00:00,6.488,6.496,6.451,6.454
2026-07-17 13:00:00,6.453,6.474,6.373,6.469
2026-07-17 14:00:00,6.47,6.515,6.458,6.459
2026-07-17 15:00:00,6.458,6.482,6.409,6.482
2026-07-17 16:00:00,6.482,6.582,6.464,6.56
2026-07-17 17:00:00,6.56,6.62,6.56,6.598
2026-07-17 18:00:00,6.598,6.651,6.579,6.624
2026-07-17 19:00:00,6.623,6.623,6.557,6.574
2026-07-17 20:00:00,6.574,6.581,6.546,6.564
2026-07-17 21:00:00,6.563,6.583,6.556,6.571
2026-07-17 22:00:00,6.572,6.579,6.552,6.561
2026-07-17 23:00:00,6.561,6.591,6.541,6.591
2026-07-18 00:00:00,6.59,6.609,6.578,6.591
2026-07-18 01:00:00,6.591,6.637,6.585,6.618
2026-07-18 02:00:00,6.619,6.642,6.616,6.626
2026-07-18 03:00:00,6.627,6.658,6.621,6.644
2026-07-18 04:00:00,6.644,6.664,6.602,6.604
2026-07-18 05:00:00,6.603,6.629,6.591,6.602
2026-07-18 06:00:00,6.603,6.613,6.594,6.61
2026-07-18 07:00:00,6.61,6.635,6.596,6.609
2026-07-18 08:00:00,6.608,6.62,6.572,6.577
2026-07-18 09:00:00,6.577,6.578,6.528,6.545
2026-07-18 10:00:00,6.544,6.555,6.534,6.546
2026-07-18 11:00:00,6.546,6.554,6.538,6.546
2026-07-18 12:00:00,6.546,6.567,6.514,6.548
2026-07-18 13:00:00,6.548,6.551,6.525,6.541
2026-07-18 14:00:00,6.541,6.571,6.54,6.567
2026-07-18 15:00:00,6.568,6.577,6.543,6.543
2026-07-18 16:00:00,6.543,6.561,6.525,6.553
2026-07-18 17:00:00,6.554,6.588,6.53,6.571
2026-07-18 18:00:00,6.571,6.6,6.556,6.567
2026-07-18 19:00:00,6.567,6.579,6.562,6.574
2026-07-18 20:00:00,6.574,6.588,6.565,6.574
2026-07-18 21:00:00,6.574,6.605,6.569,6.576
2026-07-18 22:00:00,6.575,6.594,6.575,6.591
2026-07-18 23:00:00,6.591,6.598,6.57,6.574
2026-07-19 00:00:00,6.573,6.605,6.573,6.578
2026-07-19 01:00:00,6.579,6.588,6.573,6.575
2026-07-19 02:00:00,6.576,6.637,6.576,6.622
2026-07-19 03:00:00,6.622,6.627,6.583,6.585
2026-07-19 04:00:00,6.585,6.588,6.561,6.568
2026-07-19 05:00:00,6.567,6.596,6.564,6.564
2026-07-19 06:00:00,6.563,6.584,6.557,6.583
2026-07-19 07:00:00,6.583,6.583,6.554,6.557
2026-07-19 08:00:00,6.558,6.57,6.545,6.562
2026-07-19 09:00:00,6.563,6.566,6.489,6.497
2026-07-19 10:00:00,6.497,6.539,6.477,6.506
2026-07-19 11:00:00,6.506,6.524,6.476,6.485
2026-07-19 12:00:00,6.486,6.487,6.406,6.433
2026-07-19 13:00:00,6.434,6.447,6.42,6.438
2026-07-19 14:00:00,6.437,6.479,6.434,6.469
2026-07-19 15:00:00,6.47,6.473,6.441,6.455
2026-07-19 16:00:00,6.456,6.466,6.444,6.446
2026-07-19 17:00:00,6.445,6.497,6.413,6.473
2026-07-19 18:00:00,6.474,6.477,6.392,6.41
2026-07-19 19:00:00,6.411,6.437,6.404,6.437
2026-07-19 20:00:00,6.437,6.449,6.434,6.449
2026-07-19 21:00:00,6.45,6.451,6.409,6.417
2026-07-19 22:00:00,6.417,6.49,6.41,6.456
2026-07-19 23:00:00,6.457,6.469,6.424,6.465
2026-07-20 00:00:00,6.466,6.552,6.444,6.486
2026-07-20 01:00:00,6.487,6.574,6.484,6.511
2026-07-20 02:00:00,6.512,6.631,6.511,6.619
2026-07-20 03:00:00,6.62,6.65,6.569,6.599
2026-07-20 04:00:00,6.599,6.602,6.536,6.545
2026-07-20 05:00:00,6.544,6.547,6.457,6.48
2026-07-20 06:00:00,6.48,6.506,6.446,6.471
2026-07-20 07:00:00,6.472,6.549,6.472,6.547
2026-07-20 08:00:00,6.547,6.562,6.492,6.508
2026-07-20 09:00:00,6.509,6.574,6.502,6.556
2026-07-20 10:00:00,6.557,6.574,6.543,6.543
2026-07-20 11:00:00,6.544,6.635,6.541,6.63
2026-07-20 12:00:00,6.628,6.628,6.561,6.564
2026-07-20 13:00:00,6.563,6.609,6.52,6.532
2026-07-20 14:00:00,6.533,6.554,6.48,6.528
2026-07-20 15:00:00,6.528,6.634,6.526,6.612
2026-07-20 16:00:00,6.612,6.62,6.557,6.577
2026-07-20 17:00:00,6.576,6.602,6.566,6.597
2026-07-20 18:00:00,6.598,6.628,6.567,6.57
2026-07-20 19:00:00,6.569,6.574,6.546,6.567
2026-07-20 20:00:00,6.567,6.607,6.557,6.599
2026-07-20 21:00:00,6.598,6.624,6.583,6.584
2026-07-20 22:00:00,6.584,6.587,6.551,6.557
2026-07-20 23:00:00,6.557,6.599,6.554,6.579
2026-07-21 00:00:00,6.579,6.622,6.567,6.615
2026-07-21 01:00:00,6.614,6.632,6.599,6.616
2026-07-21 02:00:00,6.617,6.642,6.59,6.628
2026-07-21 03:00:00,6.628,6.666,6.625,6.642
2026-07-21 04:00:00,6.642,6.65,6.604,6.616
2026-07-21 05:00:00,6.615,6.668,6.615,6.654
2026-07-21 06:00:00,6.654,6.688,6.641,6.675
2026-07-21 07:00:00,6.675,6.684,6.647,6.677
2026-07-21 08:00:00,6.676,6.687,6.655,6.662
2026-07-21 09:00:00,6.661,6.67,6.641,6.658
2026-07-21 10:00:00,6.659,6.669,6.62,6.628
2026-07-21 11:00:00,6.628,6.643,6.615,6.638
2026-07-21 12:00:00,6.639,6.66,6.621,6.65
2026-07-21 13:00:00,6.65,6.655,6.615,6.646
2026-07-21 14:00:00,6.647,6.649,6.578,6.603
2026-07-21 15:00:00,6.602,6.627,6.583,6.62
2026-07-21 16:00:00,6.619,6.641,6.608,6.632
2026-07-21 17:00:00,6.632,6.636,6.581,6.615
2026-07-21 18:00:00,6.615,6.635,6.596,6.61
2026-07-21 19:00:00,6.611,6.628,6.604,6.614
2026-07-21 20:00:00,6.614,6.615,6.578,6.581
2026-07-21 21:00:00,6.581,6.581,6.544,6.566
2026-07-21 22:00:00,6.565,6.567,6.546,6.56
2026-07-21 23:00:00,6.56,6.573,6.524,6.571
2026-07-22 00:00:00,6.572,6.615,6.562,6.613
2026-07-22 01:00:00,6.613,6.613,6.563,6.584
2026-07-22 02:00:00,6.585,6.615,6.573,6.595
2026-07-22 03:00:00,6.595,6.601,6.545,6.549
2026-07-22 04:00:00,6.548,6.583,6.539,6.559
2026-07-22 05:00:00,6.559,6.56,6.478,6.499
2026-07-22 06:00:00,6.5,6.509,6.464,6.509
2026-07-22 07:00:00,6.508,6.51,6.49,6.502
2026-07-22 08:00:00,6.503,6.53,6.499,6.517
2026-07-22 09:00:00,6.517,6.524,6.485,6.51
2026-07-22 10:00:00,6.511,6.531,6.502,6.519
2026-07-22 11:00:00,6.519,6.522,6.502,6.516
2026-07-22 12:00:00,6.517,6.517,6.49,6.509
2026-07-22 13:00:00,6.509,6.565,6.503,6.562
2026-07-22 14:00:00,6.563,6.6,6.535,6.573
2026-07-22 15:00:00,6.573,6.654,6.573,6.637
2026-07-22 16:00:00,6.638,6.657,6.605,6.631
2026-07-22 17:00:00,6.632,6.639,6.607,6.609
2026-07-22 18:00:00,6.61,6.627,6.591,6.611
2026-07-22 19:00:00,6.612,6.617,6.568,6.6
2026-07-22 20:00:00,6.599,6.645,6.592,6.636
2026-07-22 21:00:00,6.636,6.664,6.629,6.644
2026-07-22 22:00:00,6.645,6.649,6.605,6.632
2026-07-22 23:00:00,6.632,6.632,6.576,6.626
2026-07-23 00:00:00,6.626,6.655,6.604,6.631
2026-07-23 01:00:00,6.631,6.637,6.607,6.615
2026-07-23 02:00:00,6.616,6.617,6.57,6.578
2026-07-23 03:00:00,6.578,6.581,6.524,6.531
2026-07-23 04:00:00,6.531,6.566,6.521,6.543
2026-07-23 05:00:00,6.543,6.581,6.533,6.57
2026-07-23 06:00:00,6.57,6.587,6.563,6.584
2026-07-23 07:00:00,6.585,6.586,6.522,6.561
2026-07-23 08:00:00,6.56,6.586,6.551,6.581
2026-07-23 09:00:00,6.581,6.592,6.573,6.577
2026-07-23 10:00:00,6.578,6.598,6.571,6.594
2026-07-23 11:00:00,6.594,6.612,6.581,6.585
2026-07-23 12:00:00,6.585,6.589,6.473,6.512
2026-07-23 13:00:00,6.513,6.513,6.423,6.45
2026-07-23 14:00:00,6.45,6.505,6.433,6.452
2026-07-23 15:00:00,6.453,6.453,6.393,6.451
2026-07-23 16:00:00,6.451,6.451,6.409,6.435
2026-07-23 17:00:00,6.434,6.439,6.304,6.326
2026-07-23 18:00:00,6.326,6.326,6.197,6.275
2026-07-23 19:00:00,6.275,6.298,6.258,6.285
2026-07-23 20:00:00,6.285,6.325,6.282,6.315
2026-07-23 21:00:00,6.315,6.327,6.291,6.304
2026-07-23 22:00:00,6.304,6.314,6.28,6.308
2026-07-23 23:00:00,6.308,6.311,6.26,6.268
2026-07-24 00:00:00,6.268,6.283,6.23,6.269
2026-07-24 01:00:00,6.27,6.289,6.226,6.236
2026-07-24 02:00:00,6.237,6.261,6.212,6.243
2026-07-24 03:00:00,6.244,6.281,6.239,6.27
2026-07-24 04:00:00,6.271,6.283,6.257,6.263
2026-07-24 05:00:00,6.263,6.3,6.246,6.249
2026-07-24 06:00:00,6.25,6.285,6.233,6.261
2026-07-24 07:00:00,6.262,6.32,6.25,6.282
2026-07-24 08:00:00,6.283,6.287,6.238,6.26
2026-07-24 09:00:00,6.26,6.285,6.225,6.275
2026-07-24 10:00:00,6.274,6.282,6.244,6.274
2026-07-24 11:00:00,6.274,6.274,6.237,6.259
2026-07-24 12:00:00,6.258,6.26,6.214,6.219
2026-07-24 13:00:00,6.218,6.221,6.137,6.204
2026-07-24 14:00:00,6.205,6.211,6.161,6.205
2026-07-24 15:00:00,6.205,6.223,6.181,6.202
2026-07-24 16:00:00,6.202,6.21,6.175,6.195
2026-07-24 17:00:00,6.194,6.234,6.181,6.224
2026-07-24 18:00:00,6.223,6.241,6.212,6.236
2026-07-24 19:00:00,6.237,6.244,6.216,6.234
2026-07-24 20:00:00,6.235,6.249,6.226,6.243
2026-07-24 21:00:00,6.243,6.263,6.229,6.242
2026-07-24 22:00:00,6.242,6.277,6.238,6.272
2026-07-24 23:00:00,6.273,6.315,6.272,6.304
2026-07-25 00:00:00,6.304,6.317,6.243,6.263
2026-07-25 01:00:00,6.262,6.278,6.255,6.271
2026-07-25 02:00:00,6.272,6.273,6.252,6.261
2026-07-25 03:00:00,6.262,6.268,6.239,6.247
2026-07-25 04:00:00,6.247,6.27,6.247,6.262
2026-07-25 05:00:00,6.262,6.278,6.261,6.268
2026-07-25 06:00:00,6.269,6.283,6.242,6.26
2026-07-25 07:00:00,6.26,6.265,6.24,6.245
2026-07-25 08:00:00,6.246,6.278,6.231,6.241
2026-07-25 09:00:00,6.24,6.291,6.238,6.275
2026-07-25 10:00:00,6.275,6.284,6.27,6.28
2026-07-25 11:00:00,6.28,6.302,6.274,6.289
2026-07-25 12:00:00,6.29,6.344,6.279,6.318
2026-07-25 13:00:00,6.318,6.507,6.309,6.478
2026-07-25 14:00:00,6.479,6.6,6.479,6.557
2026-07-25 15:00:00,6.557,6.599,6.534,6.58
2026-07-25 16:00:00,6.58,6.735,6.575,6.667
2026-07-25 17:00:00,6.667,6.689,6.646,6.665
2026-07-25 18:00:00,6.665,6.717,6.624,6.694
2026-07-25 19:00:00,6.694,6.722,6.661,6.713
2026-07-25 20:00:00,6.713,6.749,6.677,6.73
2026-07-25 21:00:00,6.731,6.8,6.725,6.754
2026-07-25 22:00:00,6.755,6.845,6.752,6.8
2026-07-25 23:00:00,6.801,6.81,6.724,6.777
2026-07-26 00:00:00,6.777,6.801,6.733,6.776
2026-07-26 01:00:00,6.776,6.815,6.758,6.782
2026-07-26 02:00:00,6.782,6.805,6.756,6.793
2026-07-26 03:00:00,6.794,6.794,6.737,6.764
2026-07-26 04:00:00,6.764,6.783,6.749,6.755
2026-07-26 05:00:00,6.755,6.807,6.74,6.784
2026-07-26 06:00:00,6.784,6.819,6.776,6.794
2026-07-26 07:00:00,6.793,6.831,6.754,6.784
2026-07-26 08:00:00,6.783,6.786,6.739,6.758
2026-07-26 09:00:00,6.758,6.762,6.729,6.736
2026-07-26 10:00:00,6.736,6.738,6.7,6.724
2026-07-26 11:00:00,6.724,6.733,6.694,6.7
2026-07-26 12:00:00,6.701,6.722,6.687,6.702
2026-07-26 13:00:00,6.702,6.702,6.666,6.675
2026-07-26 14:00:00,6.674,6.706,6.645,6.67
2026-07-26 15:00:00,6.671,6.702,6.666,6.695
2026-07-26 16:00:00,6.694,6.725,6.681,6.691
2026-07-26 17:00:00,6.691,6.703,6.681,6.684
2026-07-26 18:00:00,6.683,6.686,6.675,6.675
