datetime,open,high,low,close
2024-04-13 10:00:00,151.18,152.17,150,151.98
2024-04-13 11:00:00,151.97,153.39,150.95,151.23
2024-04-13 12:00:00,151.22,152.55,150.14,151.81
2024-04-13 13:00:00,151.81,153,150.69,151.1
2024-04-13 14:00:00,151.1,151.6,149.02,149.86
2024-04-13 15:00:00,149.87,151.75,148,148.99
2024-04-13 16:00:00,148.99,149.64,144.43,145.61
2024-04-13 17:00:00,145.6,145.62,136.3,139.35
2024-04-13 18:00:00,139.36,144.23,136.59,143.55
2024-04-13 19:00:00,143.55,144.04,130,133.73
2024-04-13 20:00:00,133.73,134.73,116,124.4
2024-04-13 21:00:00,124.4,134.5,123.03,133.42
2024-04-13 22:00:00,133.43,143.46,129.6,141.01
2024-04-13 23:00:00,141.01,142.5,138.05,138.47
2024-04-14 00:00:00,138.47,140.96,135.14,137.91
2024-04-14 01:00:00,137.91,140.13,135.77,138.42
2024-04-14 02:00:00,138.42,139.38,134.1,134.38
2024-04-14 03:00:00,134.37,135.6,130.45,134.91
2024-04-14 04:00:00,134.9,142.18,133.85,140.26
2024-04-14 05:00:00,140.26,143.75,139.75,142.59
2024-04-14 06:00:00,142.59,144.44,141.06,143.09
2024-04-14 07:00:00,143.1,144.56,141.84,144.06
2024-04-14 08:00:00,144.05,145.6,142.54,142.99
2024-04-14 09:00:00,142.98,144.4,140.47,141.45
2024-04-14 10:00:00,141.46,143.82,141.44,142.61
2024-04-14 11:00:00,142.62,143.09,138.25,138.84
2024-04-14 12:00:00,138.84,143.16,138.05,141.5
2024-04-14 13:00:00,141.49,143.27,137.43,137.75
2024-04-14 14:00:00,137.74,139.53,135.49,137.24
2024-04-14 15:00:00,137.24,140.42,136.83,137.99
2024-04-14 16:00:00,137.99,141.71,137.56,139.14
2024-04-14 17:00:00,139.13,140.24,133.44,137.75
2024-04-14 18:00:00,137.76,143.16,137.31,142.36
2024-04-14 19:00:00,142.35,142.95,140.54,141.78
2024-04-14 20:00:00,141.77,143.76,140.63,141.15
2024-04-14 21:00:00,141.15,141.94,139.83,141.56
2024-04-14 22:00:00,141.57,150.96,141.57,150.61
2024-04-14 23:00:00,150.61,152.84,150.22,151.25
2024-04-15 00:00:00,151.26,151.27,147.62,148.51
2024-04-15 01:00:00,148.5,149.45,147.07,148.3
2024-04-15 02:00:00,148.31,148.74,146.4,146.96
2024-04-15 03:00:00,146.97,149,146.65,148.11
2024-04-15 04:00:00,148.11,148.67,146.08,148.31
2024-04-15 05:00:00,148.32,151.93,148.01,151.8
2024-04-15 06:00:00,151.79,156,150.94,155.42
2024-04-15 07:00:00,155.41,156.06,153.69,153.75
2024-04-15 08:00:00,153.74,155,152.81,153.34
2024-04-15 09:00:00,153.33,154.82,152.16,154.06
2024-04-15 10:00:00,154.06,154.4,153.24,153.33
2024-04-15 11:00:00,153.33,154.05,150.79,150.95
2024-04-15 12:00:00,150.94,151.75,149.55,150.94
2024-04-15 13:00:00,150.93,152.24,148.71,149.45
2024-04-15 14:00:00,149.46,150.75,143.94,144.73
2024-04-15 15:00:00,144.73,146.49,141.39,143.31
2024-04-15 16:00:00,143.32,144.56,139.56,139.95
2024-04-15 17:00:00,139.95,143,137.71,139.47
2024-04-15 18:00:00,139.46,140.17,135.41,135.69
2024-04-15 19:00:00,135.68,139.24,133.56,137.89
2024-04-15 20:00:00,137.89,139.48,135.98,136.16
2024-04-15 21:00:00,136.15,138.76,135.4,138.52
2024-04-15 22:00:00,138.52,139.99,136.9,139.94
2024-04-15 23:00:00,139.94,140.17,137.75,138.51
2024-04-16 00:00:00,138.51,138.96,135.47,137.45
2024-04-16 01:00:00,137.46,140.57,136.87,137.65
2024-04-16 02:00:00,137.64,139,135.83,137.76
2024-04-16 03:00:00,137.76,138.55,133.62,134.6
2024-04-16 04:00:00,134.6,135.38,130.14,132.44
2024-04-16 05:00:00,132.44,134.56,131.8,133.75
2024-04-16 06:00:00,133.75,136.39,133.56,135.7
2024-04-16 07:00:00,135.71,138.9,135.47,137.87
2024-04-16 08:00:00,137.86,138.04,136.14,136.68
2024-04-16 09:00:00,136.67,138.02,135.66,136.02
2024-04-16 10:00:00,136.02,136.3,129.77,133.27
2024-04-16 11:00:00,133.26,136.78,132.36,136.18
2024-04-16 12:00:00,136.19,136.19,133,133.6
2024-04-16 13:00:00,133.61,133.97,129.06,131.9
2024-04-16 14:00:00,131.91,134.59,130.54,131.04
2024-04-16 15:00:00,131.06,132,127.43,127.62
2024-04-16 16:00:00,127.61,132.39,126.4,132.15
2024-04-16 17:00:00,132.15,135.43,129.3,132.27
2024-04-16 18:00:00,132.26,134.66,131.56,134
2024-04-16 19:00:00,134,134.84,131.7,132.14
2024-04-16 20:00:00,132.14,134.21,131.63,134.1
2024-04-16 21:00:00,134.09,137.96,133.97,137.14
2024-04-16 22:00:00,137.13,137.94,135.9,137.59
2024-04-16 23:00:00,137.59,137.89,135.95,136.22
2024-04-17 00:00:00,136.21,138.24,135.41,137.38
2024-04-17 01:00:00,137.37,137.79,134.88,137.04
2024-04-17 02:00:00,137.05,137.46,135.21,136.9
2024-04-17 03:00:00,136.9,137.7,136.36,137.41
2024-04-17 04:00:00,137.41,142.77,136.67,141.46
2024-04-17 05:00:00,141.46,142.14,139.09,139.48
2024-04-17 06:00:00,139.47,141.5,138.48,140.41
2024-04-17 07:00:00,140.42,140.76,138.27,139.46
2024-04-17 08:00:00,139.46,140.25,137.82,138.74
2024-04-17 09:00:00,138.74,139.82,138.26,139.05
2024-04-17 10:00:00,139.06,139.11,136.21,136.61
2024-04-17 11:00:00,136.62,137.47,134,134.29
2024-04-17 12:00:00,134.28,135,130.68,132.16
2024-04-17 13:00:00,132.16,135.15,131.64,133.72
2024-04-17 14:00:00,133.72,133.79,128.5,131.56
2024-04-17 15:00:00,131.57,132,127.59,128.71
2024-04-17 16:00:00,128.72,131.51,126.87,128.29
2024-04-17 17:00:00,128.3,132.89,128.07,132.53
2024-04-17 18:00:00,132.54,137.91,131.88,135.6
2024-04-17 19:00:00,135.6,135.83,132.7,134.62
2024-04-17 20:00:00,134.62,136.48,132.91,133.39
2024-04-17 21:00:00,133.39,138,133.39,135.15
2024-04-17 22:00:00,135.16,135.57,133.81,134.58
2024-04-17 23:00:00,134.58,135.21,131.61,131.84
2024-04-18 00:00:00,131.84,133.01,129.65,132.25
2024-04-18 01:00:00,132.26,133.74,131.74,133.46
2024-04-18 02:00:00,133.45,134.82,132,134.07
2024-04-18 03:00:00,134.06,136.65,134,135.58
2024-04-18 04:00:00,135.57,136.83,134.23,134.32
2024-04-18 05:00:00,134.32,136.18,132.77,133.11
2024-04-18 06:00:00,133.12,133.37,129.79,131.09
2024-04-18 07:00:00,131.09,131.82,128.96,129.43
2024-04-18 08:00:00,129.44,131.18,127.62,130.14
2024-04-18 09:00:00,130.15,131.63,129.52,130.96
2024-04-18 10:00:00,130.96,133.94,130.51,133.19
2024-04-18 11:00:00,133.19,137,133.19,135.81
2024-04-18 12:00:00,135.8,136.2,131.95,133.3
2024-04-18 13:00:00,133.3,134.9,131.98,134.49
2024-04-18 14:00:00,134.49,139.8,133.29,138.83
2024-04-18 15:00:00,138.84,141.5,138.27,138.99
2024-04-18 16:00:00,139,141.53,138.52,139.4
2024-04-18 17:00:00,139.39,139.94,136.6,136.89
2024-04-18 18:00:00,136.89,139,135.51,138.86
2024-04-18 19:00:00,138.87,140.77,138.48,140.29
2024-04-18 20:00:00,140.3,140.99,139.55,140.24
2024-04-18 21:00:00,140.25,141.74,139.63,140.62
2024-04-18 22:00:00,140.63,144.25,140.17,142.89
2024-04-18 23:00:00,142.89,143.81,141.75,142.07
2024-04-19 00:00:00,142.08,142.08,138,138.22
2024-04-19 01:00:00,138.22,138.29,131.41,132.29
2024-04-19 02:00:00,132.29,133.26,128.5,132.95
2024-04-19 03:00:00,132.95,136.56,132.48,136.54
2024-04-19 04:00:00,136.54,140.69,136.2,139.35
2024-04-19 05:00:00,139.36,140.88,137,138.99
2024-04-19 06:00:00,138.99,146.43,137.54,145.06
2024-04-19 07:00:00,145.05,146.93,142.63,143.32
2024-04-19 08:00:00,143.31,145.68,142.51,144.19
2024-04-19 09:00:00,144.2,144.88,142.31,143.41
2024-04-19 10:00:00,143.43,145.5,143.12,144.94
2024-04-19 11:00:00,144.95,146.01,144.21,144.44
2024-04-19 12:00:00,144.43,145.45,143,143.93
2024-04-19 13:00:00,143.93,144.97,142.87,144.33
2024-04-19 14:00:00,144.33,146.93,141.67,145.57
2024-04-19 15:00:00,145.56,147.49,144.41,146.19
2024-04-19 16:00:00,146.18,147.46,143.61,145.75
2024-04-19 17:00:00,145.76,146.88,144.75,146.38
2024-04-19 18:00:00,146.38,146.49,144.37,144.86
2024-04-19 19:00:00,144.85,145.87,144.25,145.49
2024-04-19 20:00:00,145.5,145.73,142.52,143
2024-04-19 21:00:00,143,144.88,142.94,144.5
2024-04-19 22:00:00,144.5,145.73,143.49,143.66
2024-04-19 23:00:00,143.65,144.02,139.97,142.5
2024-04-20 00:00:00,142.5,143.34,140.4,140.74
2024-04-20 01:00:00,140.74,142.68,139.66,142.07
2024-04-20 02:00:00,142.06,143.5,141.43,142.65
2024-04-20 03:00:00,142.66,143.05,142,142.4
2024-04-20 04:00:00,142.4,144.95,141.59,144.86
2024-04-20 05:00:00,144.86,145,143.04,143.66
2024-04-20 06:00:00,143.66,144.97,142.75,143.94
2024-04-20 07:00:00,143.94,144.28,143.33,143.51
2024-04-20 08:00:00,143.52,143.57,141.98,142.42
2024-04-20 09:00:00,142.42,142.55,140,141.06
2024-04-20 10:00:00,141.06,141.87,140.1,141.34
2024-04-20 11:00:00,141.34,142.08,140.92,141.55
2024-04-20 12:00:00,141.55,142.99,140.96,142.31
2024-04-20 13:00:00,142.31,143.37,142.22,142.53
2024-04-20 14:00:00,142.53,143.32,141.92,142.91
2024-04-20 15:00:00,142.91,147.8,142.12,147.19
2024-04-20 16:00:00,147.2,148.37,146.32,147.42
2024-04-20 17:00:00,147.42,150.92,147.41,150.62
2024-04-20 18:00:00,150.62,151.72,149.47,150.53
2024-04-20 19:00:00,150.53,151.99,149.95,151.2
2024-04-20 20:00:00,151.2,152.39,150.52,151.26
2024-04-20 21:00:00,151.26,151.92,150.32,150.69
2024-04-20 22:00:00,150.69,150.84,149.17,149.17
2024-04-20 23:00:00,149.18,151.48,149.1,151.22
2024-04-21 00:00:00,151.21,151.25,148.07,148.64
2024-04-21 01:00:00,148.64,150.54,148.63,149.41
2024-04-21 02:00:00,149.41,152.05,149.14,152.05
2024-04-21 03:00:00,152.06,153.5,150.22,150.63
2024-04-21 04:00:00,150.63,151.29,149.9,150.92
2024-04-21 05:00:00,150.93,151.74,149.88,150.41
2024-04-21 06:00:00,150.41,151.74,150,151.03
2024-04-21 07:00:00,151.02,151.63,150.21,151.12
2024-04-21 08:00:00,151.12,152.65,150.9,151.62
2024-04-21 09:00:00,151.62,152.24,150.85,151.07
2024-04-21 10:00:00,151.06,151.53,149.57,150.99
2024-04-21 11:00:00,150.99,152.4,150.52,151.46
2024-04-21 12:00:00,151.46,151.74,149.71,150.1
2024-04-21 13:00:00,150.1,150.84,148.4,148.9
2024-04-21 14:00:00,148.9,150.12,148.53,149.09
2024-04-21 15:00:00,149.1,150.75,149.06,150.14
2024-04-21 16:00:00,150.14,150.32,146.68,147.89
2024-04-21 17:00:00,147.9,149.23,147.17,148.94
2024-04-21 18:00:00,148.95,149.18,148.03,148.59
2024-04-21 19:00:00,148.58,149.3,148,148
2024-04-21 20:00:00,147.99,149.37,147.46,149.24
2024-04-21 21:00:00,149.25,150.8,148.49,148.93
2024-04-21 22:00:00,148.93,150.49,148.46,148.95
2024-04-21 23:00:00,148.95,149.08,148.1,148.8
2024-04-22 00:00:00,148.81,150.45,148.38,148.94
2024-04-22 01:00:00,148.93,151.5,147.98,148.03
2024-04-22 02:00:00,148.03,148.54,146.63,147.38
2024-04-22 03:00:00,147.39,151.38,147.21,150.35
2024-04-22 04:00:00,150.35,152,149.93,150.91
2024-04-22 05:00:00,150.91,153.26,150.77,153.18
2024-04-22 06:00:00,153.18,156.64,152.82,154.91
2024-04-22 07:00:00,154.91,155.86,153.46,153.62
2024-04-22 08:00:00,153.63,154.28,152.23,152.63
2024-04-22 09:00:00,152.64,153.95,152.46,153.89
2024-04-22 10:00:00,153.89,154.64,153.51,154.08
2024-04-22 11:00:00,154.08,154.22,152.5,153.28
2024-04-22 12:00:00,153.29,154.91,153.2,154.17
2024-04-22 13:00:00,154.18,154.86,152.82,154.26
2024-04-22 14:00:00,154.26,154.95,153.01,153.38
2024-04-22 15:00:00,153.37,153.87,151.55,153.45
2024-04-22 16:00:00,153.44,154.77,152.41,153.47
2024-04-22 17:00:00,153.48,156.11,153.47,154.97
2024-04-22 18:00:00,154.97,155.3,153.83,154.15
2024-04-22 19:00:00,154.15,154.78,153.37,154.55
2024-04-22 20:00:00,154.55,155.64,154.12,154.83
2024-04-22 21:00:00,154.83,155.73,154.25,155.55
2024-04-22 22:00:00,155.55,158.5,155.55,158.03
2024-04-22 23:00:00,158.03,158.32,156.74,156.95
2024-04-23 00:00:00,156.94,159.33,156.61,158.88
2024-04-23 01:00:00,158.89,159.09,157.5,157.65
2024-04-23 02:00:00,157.65,158.46,156.78,157.01
2024-04-23 03:00:00,157.01,157.71,155.43,155.51
2024-04-23 04:00:00,155.5,156.82,154.31,154.75
2024-04-23 05:00:00,154.75,156.16,154.65,155.69
2024-04-23 06:00:00,155.69,155.89,153.7,154.37
2024-04-23 07:00:00,154.37,154.77,153.04,153.62
2024-04-23 08:00:00,153.62,154.68,153.16,154.25
2024-04-23 09:00:00,154.25,154.58,153.42,153.84
2024-04-23 10:00:00,153.84,155.6,153.81,155.11
2024-04-23 11:00:00,155.11,155.24,153.5,154.08
2024-04-23 12:00:00,154.07,154.84,153.57,154.76
2024-04-23 13:00:00,154.75,156.39,153.84,156.1
2024-04-23 14:00:00,156.09,158.45,155.79,158.26
2024-04-23 15:00:00,158.27,159.77,157.4,157.92
2024-04-23 16:00:00,157.93,159.19,157.39,158.06
2024-04-23 17:00:00,158.07,160,157.53,159.22
2024-04-23 18:00:00,159.23,159.72,158.1,159.14
2024-04-23 19:00:00,159.14,159.14,157.12,157.48
2024-04-23 20:00:00,157.49,157.78,155.6,156.47
2024-04-23 21:00:00,156.47,157.36,155.84,156.29
2024-04-23 22:00:00,156.28,156.86,155.13,155.28
2024-04-23 23:00:00,155.29,155.29,154.57,154.75
2024-04-24 00:00:00,154.75,156.74,154.42,156.7
2024-04-24 01:00:00,156.71,158.89,156.57,157.91
2024-04-24 02:00:00,157.91,158.2,155.32,155.89
2024-04-24 03:00:00,155.9,157.32,155.76,156.73
2024-04-24 04:00:00,156.72,159.34,156.26,159.15
2024-04-24 05:00:00,159.16,159.8,157.67,157.97
2024-04-24 06:00:00,157.97,158.85,157.11,158.24
2024-04-24 07:00:00,158.23,158.86,157.63,157.84
2024-04-24 08:00:00,157.84,158.32,156.85,157.33
2024-04-24 09:00:00,157.34,157.43,156.5,157.21
2024-04-24 10:00:00,157.2,158.18,156.95,157.75
2024-04-24 11:00:00,157.75,159.39,157.61,159.33
2024-04-24 12:00:00,159.32,159.67,158.5,158.64
2024-04-24 13:00:00,158.65,158.68,156.06,156.74
2024-04-24 14:00:00,156.74,157.37,152.71,155.08
2024-04-24 15:00:00,155.08,155.15,151.1,151.51
2024-04-24 16:00:00,151.51,152.79,150.66,151.82
2024-04-24 17:00:00,151.81,153.85,151.18,152.32
2024-04-24 18:00:00,152.32,152.33,148.59,148.63
2024-04-24 19:00:00,148.64,151.39,147.4,149.83
2024-04-24 20:00:00,149.82,150.49,148.38,149.03
2024-04-24 21:00:00,149.03,150.2,148.18,150.03
2024-04-24 22:00:00,150.03,150.03,146.33,146.92
2024-04-24 23:00:00,146.93,147.99,145.58,147.78
2024-04-25 00:00:00,147.79,149.6,147.4,148.61
2024-04-25 01:00:00,148.6,149.18,145.81,145.97
2024-04-25 02:00:00,145.96,147.19,144.75,146.49
2024-04-25 03:00:00,146.5,147.15,145.42,146.03
2024-04-25 04:00:00,146.03,147.52,144.73,147.38
2024-04-25 05:00:00,147.38,148.41,146.28,147.82
2024-04-25 06:00:00,147.81,148.55,147.05,147.39
2024-04-25 07:00:00,147.39,147.84,145.68,146.3
2024-04-25 08:00:00,146.3,147.38,145.31,146.43
2024-04-25 09:00:00,146.43,147.5,145.7,146.27
2024-04-25 10:00:00,146.28,146.3,143.46,143.74
2024-04-25 11:00:00,143.73,145.53,143.13,144.8
2024-04-25 12:00:00,144.8,146.58,143.11,143.57
2024-04-25 13:00:00,143.56,144.9,142.09,144.62
2024-04-25 14:00:00,144.62,146.44,144.32,145
2024-04-25 15:00:00,145,148.47,144.49,147.81
2024-04-25 16:00:00,147.81,148.58,146.78,148.56
2024-04-25 17:00:00,148.55,149.44,147.43,148.43
2024-04-25 18:00:00,148.43,148.71,147.37,148.08
2024-04-25 19:00:00,148.09,149.6,146.53,146.86
2024-04-25 20:00:00,146.86,147.87,145.68,147.4
2024-04-25 21:00:00,147.4,148.9,147.04,147.14
2024-04-25 22:00:00,147.13,147.16,145.2,145.28
2024-04-25 23:00:00,145.28,146.02,144.71,144.84
2024-04-26 00:00:00,144.83,145.09,142.13,143.07
2024-04-26 01:00:00,143.07,144.7,141.44,143.65
2024-04-26 02:00:00,143.64,145.03,143.51,144.24
2024-04-26 03:00:00,144.23,144.79,143.06,143.25
2024-04-26 04:00:00,143.26,144.14,142.4,143.13
2024-04-26 05:00:00,143.13,144.78,142.83,144.78
2024-04-26 06:00:00,144.77,144.85,143.47,143.65
2024-04-26 07:00:00,143.66,144.46,142.83,143.45
2024-04-26 08:00:00,143.46,144.45,143.28,144.2
2024-04-26 09:00:00,144.2,144.6,143.71,144.17
2024-04-26 10:00:00,144.17,144.43,142.26,142.43
2024-04-26 11:00:00,142.43,143.22,142.31,143.15
2024-04-26 12:00:00,143.15,144.33,142.37,143.11
2024-04-26 13:00:00,143.1,144.59,141.11,144.39
2024-04-26 14:00:00,144.39,146.19,142.96,143.37
2024-04-26 15:00:00,143.37,143.9,141.93,142.7
2024-04-26 16:00:00,142.7,143.27,141.69,142.22
2024-04-26 17:00:00,142.23,143.72,142.1,143.41
2024-04-26 18:00:00,143.41,144.19,143.12,144.1
2024-04-26 19:00:00,144.09,144.25,142.59,142.65
2024-04-26 20:00:00,142.69,143.81,142.54,142.85
2024-04-26 21:00:00,142.85,143.11,141.73,142.69
2024-04-26 22:00:00,142.69,142.77,138.74,139.21
2024-04-26 23:00:00,139.2,139.98,138.94,139.23
2024-04-27 00:00:00,139.23,140.22,136.25,137.73
2024-04-27 01:00:00,137.74,137.77,132.88,134.96
2024-04-27 02:00:00,134.96,136.97,134.59,135.42
2024-04-27 03:00:00,135.41,136.85,135.11,136.3
2024-04-27 04:00:00,136.29,137.23,136.15,137.06
2024-04-27 05:00:00,137.06,137.14,135.54,136.26
2024-04-27 06:00:00,136.26,136.72,135.79,136.12
2024-04-27 07:00:00,136.12,136.98,135.95,136.15
2024-04-27 08:00:00,136.16,136.81,135.67,136.11
2024-04-27 09:00:00,136.12,136.71,135.66,136.18
2024-04-27 10:00:00,136.19,136.46,135.47,135.79
2024-04-27 11:00:00,135.79,136.49,135.26,135.89
2024-04-27 12:00:00,135.88,137.7,135.68,137.34
2024-04-27 13:00:00,137.35,139.05,137.05,138.92
2024-04-27 14:00:00,138.93,139.83,137.89,138.22
2024-04-27 15:00:00,138.23,138.64,137.27,137.72
2024-04-27 16:00:00,137.72,138.72,137.46,138.19
2024-04-27 17:00:00,138.19,142.28,138.15,141.66
2024-04-27 18:00:00,141.67,142.5,139.55,141.28
2024-04-27 19:00:00,141.29,142.4,140.96,142.3
2024-04-27 20:00:00,142.3,143.04,140.88,141.2
2024-04-27 21:00:00,141.19,141.22,140,140.49
2024-04-27 22:00:00,140.49,140.98,140,140.68
2024-04-27 23:00:00,140.67,141.93,140.67,141.31
2024-04-28 00:00:00,141.31,142.24,140.74,141.96
2024-04-28 01:00:00,141.96,143.4,141.42,143.13
2024-04-28 02:00:00,143.14,144.82,142.61,144.09
2024-04-28 03:00:00,144.1,144.74,143.72,143.83
2024-04-28 04:00:00,143.83,144,142.88,142.98
2024-04-28 05:00:00,142.98,144.47,142.93,143.55
2024-04-28 06:00:00,143.55,144.07,143.03,143.9
2024-04-28 07:00:00,143.9,144.41,143.27,143.54
2024-04-28 08:00:00,143.54,143.93,142.37,142.71
2024-04-28 09:00:00,142.71,143.27,142.04,142.34
2024-04-28 10:00:00,142.33,142.72,141.32,142.37
2024-04-28 11:00:00,142.38,142.43,140.89,141.2
2024-04-28 12:00:00,141.19,141.94,141.11,141.68
2024-04-28 13:00:00,141.68,142.96,141.55,142.6
2024-04-28 14:00:00,142.6,142.66,141.68,142.1
2024-04-28 15:00:00,142.11,142.47,141.72,141.98
2024-04-28 16:00:00,141.98,142.82,141.79,142.48
2024-04-28 17:00:00,142.48,143.02,142.24,142.99
2024-04-28 18:00:00,142.99,143.97,142.67,143.83
2024-04-28 19:00:00,143.83,144,142.04,142.06
2024-04-28 20:00:00,142.06,142.34,141.1,141.83
2024-04-28 21:00:00,141.84,142.03,141.24,141.37
2024-04-28 22:00:00,141.38,141.7,138.32,139.07
2024-04-28 23:00:00,139.07,139.07,137.03,137.99
2024-04-29 00:00:00,137.99,138.93,137.52,138.38
2024-04-29 01:00:00,138.37,138.89,137.65,138.53
2024-04-29 02:00:00,138.54,138.78,135.86,136.31
2024-04-29 03:00:00,136.31,136.61,134.52,134.93
2024-04-29 04:00:00,134.93,136.45,134.3,136.13
2024-04-29 05:00:00,136.13,136.77,135.46,136.73
2024-04-29 06:00:00,136.73,136.74,134,135
2024-04-29 07:00:00,134.99,135.46,134.41,134.96
2024-04-29 08:00:00,134.95,135.24,133.67,134.9
2024-04-29 09:00:00,134.89,135.98,134.49,135.62
2024-04-29 10:00:00,135.62,136.71,134.69,135.23
2024-04-29 11:00:00,135.22,135.46,134.27,134.68
2024-04-29 12:00:00,134.67,136.04,133.94,136.04
2024-04-29 13:00:00,136.05,136.69,134.15,134.79
2024-04-29 14:00:00,134.78,137.68,134.34,136.78
2024-04-29 15:00:00,136.78,137,135.66,136.49
2024-04-29 16:00:00,136.49,136.68,133.38,133.63
2024-04-29 17:00:00,133.63,135.44,133.52,135.08
2024-04-29 18:00:00,135.08,135.11,133.6,134.58
2024-04-29 19:00:00,134.57,135.34,133.61,134.98
2024-04-29 20:00:00,134.98,135.74,134.6,134.97
2024-04-29 21:00:00,134.96,135.2,134.05,134.9
2024-04-29 22:00:00,134.9,138.12,134.73,137.64
2024-04-29 23:00:00,137.63,138.69,137.57,137.77
2024-04-30 00:00:00,137.79,139.77,136.93,139.15
2024-04-30 01:00:00,139.16,139.26,136.46,136.52
2024-04-30 02:00:00,136.52,137.6,134.98,137.26
2024-04-30 03:00:00,137.25,137.44,136.28,136.51
2024-04-30 04:00:00,136.52,136.77,135.28,135.66
2024-04-30 05:00:00,135.67,136.05,134.66,135.34
2024-04-30 06:00:00,135.33,136.38,135,135.81
2024-04-30 07:00:00,135.81,136.19,135,135.1
2024-04-30 08:00:00,135.08,135.53,130.04,130.87
2024-04-30 09:00:00,130.88,131.69,130,130.12
2024-04-30 10:00:00,130.12,130.79,129.5,130.07
2024-04-30 11:00:00,130.06,130.07,128.26,128.78
2024-04-30 12:00:00,128.78,129.34,126.74,129
2024-04-30 13:00:00,129.01,129.49,126.73,127.7
2024-04-30 14:00:00,127.68,130.39,127.29,128.8
2024-04-30 15:00:00,128.8,129.49,126.7,127.76
2024-04-30 16:00:00,127.75,127.75,122.54,125.57
2024-04-30 17:00:00,125.57,125.97,123.7,124.65
2024-04-30 18:00:00,124.65,125.24,123.42,124.21
2024-04-30 19:00:00,124.2,124.81,121.21,123.04
2024-04-30 20:00:00,123.04,126,123.01,124.94
2024-04-30 21:00:00,124.93,126.72,124.89,125.68
2024-04-30 22:00:00,125.67,128.81,125.61,127.38
2024-04-30 23:00:00,127.38,127.87,126.3,126.77
2024-05-01 00:00:00,126.76,127.33,124.57,125.17
2024-05-01 01:00:00,125.17,127.57,124.51,126.94
2024-05-01 02:00:00,126.93,127.04,123.77,125.13
2024-05-01 03:00:00,125.13,126.66,124.76,126.23
2024-05-01 04:00:00,126.23,126.9,125.66,125.97
2024-05-01 05:00:00,125.99,126.69,124.64,125.17
2024-05-01 06:00:00,125.17,125.4,122.56,122.89
2024-05-01 07:00:00,122.88,123.45,118.47,120.58
2024-05-01 08:00:00,120.57,121.26,118.89,121.24
2024-05-01 09:00:00,121.24,122.57,118.6,120.83
2024-05-01 10:00:00,120.84,121.92,120.36,121.71
2024-05-01 11:00:00,121.71,123.09,121.33,123.06
2024-05-01 12:00:00,123.06,125.03,122.48,123.86
2024-05-01 13:00:00,123.86,124.1,122.34,123.48
2024-05-01 14:00:00,123.48,124.08,122,123.52
2024-05-01 15:00:00,123.52,123.58,121.41,123.4
2024-05-01 16:00:00,123.4,126.72,122.64,124.55
2024-05-01 17:00:00,124.55,127.95,123.79,126.85
2024-05-01 18:00:00,126.85,135.97,126.42,133.96
2024-05-01 19:00:00,133.96,135.23,128.51,129.73
2024-05-01 20:00:00,129.74,133.22,128.81,131.79
2024-05-01 21:00:00,131.79,134.83,130.94,133.41
2024-05-01 22:00:00,133.41,134.56,133.34,133.38
2024-05-01 23:00:00,133.38,135.21,132.94,134.64
2024-05-02 00:00:00,134.64,134.98,131.25,131.48
2024-05-02 01:00:00,131.49,132.07,129.11,129.69
2024-05-02 02:00:00,129.68,130.56,128.66,129.58
2024-05-02 03:00:00,129.58,131,129.42,130.06
2024-05-02 04:00:00,130.06,131.12,129.11,129.6
2024-05-02 05:00:00,129.6,129.8,128.19,129.6
2024-05-02 06:00:00,129.59,130.41,129.37,129.75
2024-05-02 07:00:00,129.74,135.5,129.72,131.39
2024-05-02 08:00:00,131.38,133.97,131.08,133.35
2024-05-02 09:00:00,133.36,133.85,132.46,133.75
2024-05-02 10:00:00,133.74,137.08,132.79,134.44
2024-05-02 11:00:00,134.44,138.97,134.31,138.74
2024-05-02 12:00:00,138.74,139.2,136.82,136.96
2024-05-02 13:00:00,136.97,137.57,135.41,135.83
2024-05-02 14:00:00,135.83,139.27,135.06,138.74
2024-05-02 15:00:00,138.74,140.46,138.22,139.09
2024-05-02 16:00:00,139.1,139.27,137.71,137.76
2024-05-02 17:00:00,137.77,139.84,137.63,139.07
2024-05-02 18:00:00,139.08,139.6,137.79,137.89
2024-05-02 19:00:00,137.89,138.32,136.96,138.05
2024-05-02 20:00:00,138.06,138.5,135.55,136.54
2024-05-02 21:00:00,136.55,138.77,136.39,138.55
2024-05-02 22:00:00,138.54,140.9,138.42,138.74
2024-05-02 23:00:00,138.74,139.2,137.48,137.58
2024-05-03 00:00:00,137.58,138.81,136.72,137.8
2024-05-03 01:00:00,137.8,141.09,137.62,139.54
2024-05-03 02:00:00,139.54,141.96,139.13,139.74
2024-05-03 03:00:00,139.74,141.44,139.67,141.01
2024-05-03 04:00:00,141.01,141.55,139.86,140.06
2024-05-03 05:00:00,140.07,140.88,139.01,139.23
2024-05-03 06:00:00,139.23,139.52,138.25,138.53
2024-05-03 07:00:00,138.53,139.25,136.68,137.23
2024-05-03 08:00:00,137.23,138.6,136.75,137.43
2024-05-03 09:00:00,137.43,139.18,137.26,138.62
2024-05-03 10:00:00,138.62,138.65,136.26,137.29
2024-05-03 11:00:00,137.3,137.39,135.88,136.88
2024-05-03 12:00:00,136.88,142.53,136.47,141.96
2024-05-03 13:00:00,141.96,143.97,141.21,142.97
2024-05-03 14:00:00,142.98,143.96,141.62,142.58
2024-05-03 15:00:00,142.58,142.77,140.85,142.09
2024-05-03 16:00:00,142.09,143.16,141.5,141.7
2024-05-03 17:00:00,141.7,142.5,141.21,142.19
2024-05-03 18:00:00,142.18,142.77,141.47,141.59
2024-05-03 19:00:00,141.59,142.83,141.14,142.77
2024-05-03 20:00:00,142.76,145,142.45,143.8
2024-05-03 21:00:00,143.8,144.35,142.53,143.13
2024-05-03 22:00:00,143.14,143.97,142.97,143.37
2024-05-03 23:00:00,143.38,144.97,143.33,143.69
2024-05-04 00:00:00,143.7,145,143.53,144.2
2024-05-04 01:00:00,144.2,144.81,143.45,143.5
2024-05-04 02:00:00,143.49,143.98,142.22,143.62
2024-05-04 03:00:00,143.62,144.56,143.47,144.22
2024-05-04 04:00:00,144.21,146.5,144.12,145.44
2024-05-04 05:00:00,145.44,145.63,144.15,145.09
2024-05-04 06:00:00,145.09,145.13,144,144.05
2024-05-04 07:00:00,144.05,144.5,143.71,143.96
2024-05-04 08:00:00,143.96,145.24,143.92,144.93
2024-05-04 09:00:00,144.92,145.23,144.38,144.94
2024-05-04 10:00:00,144.95,149.03,144.56,148.86
2024-05-04 11:00:00,148.85,149.14,146.02,146.49
2024-05-04 12:00:00,146.52,148.05,146.22,148.02
2024-05-04 13:00:00,148.01,148.26,145.79,146.89
2024-05-04 14:00:00,146.88,147.06,145.83,146.66
2024-05-04 15:00:00,146.65,146.7,145.6,146.18
2024-05-04 16:00:00,146.18,146.83,145.25,146.81
2024-05-04 17:00:00,146.82,146.88,145.32,146.36
2024-05-04 18:00:00,146.37,147.44,145.87,146.8
2024-05-04 19:00:00,146.8,147.5,146.63,147.4
2024-05-04 20:00:00,147.41,147.87,146.88,147.17
2024-05-04 21:00:00,147.16,147.84,145.84,146.52
2024-05-04 22:00:00,146.53,146.7,145.8,146
2024-05-04 23:00:00,146.01,146.52,146,146.05
2024-05-05 00:00:00,146.05,147.25,144.06,145.18
2024-05-05 01:00:00,145.19,145.5,143.1,144.54
2024-05-05 02:00:00,144.55,145.51,144.38,144.48
2024-05-05 03:00:00,144.49,144.71,143.41,144.62
2024-05-05 04:00:00,144.62,144.88,144.14,144.71
2024-05-05 05:00:00,144.73,145.89,144.2,144.47
2024-05-05 06:00:00,144.48,145.27,144.17,144.57
2024-05-05 07:00:00,144.58,146,144.42,145.64
2024-05-05 08:00:00,145.65,146.74,145.4,145.93
2024-05-05 09:00:00,145.94,145.98,145.11,145.72
2024-05-05 10:00:00,145.73,146.2,145.21,146.07
2024-05-05 11:00:00,146.07,146.7,145.67,146.63
2024-05-05 12:00:00,146.63,146.91,145.8,145.97
2024-05-05 13:00:00,145.96,147.43,145.35,146.94
2024-05-05 14:00:00,146.94,148,145.83,147.86
2024-05-05 15:00:00,147.86,147.98,146.97,147.49
2024-05-05 16:00:00,147.5,147.86,146.52,147.11
2024-05-05 17:00:00,147.1,147.88,146.59,146.77
2024-05-05 18:00:00,146.78,146.79,145.67,146.19
2024-05-05 19:00:00,146.19,146.67,146,146.07
2024-05-05 20:00:00,146.07,146.09,145,145.42
2024-05-05 21:00:00,145.41,145.69,144.74,145.64
2024-05-05 22:00:00,145.64,145.7,144.7,145.16
2024-05-05 23:00:00,145.16,146.13,145.16,145.73
2024-05-06 00:00:00,145.74,147.29,145.74,147.07
2024-05-06 01:00:00,147.08,148.08,146.58,146.81
2024-05-06 02:00:00,146.81,147.54,146.04,146.09
2024-05-06 03:00:00,146.09,146.46,145.4,146.28
2024-05-06 04:00:00,146.27,148.43,145.93,147.85
2024-05-06 05:00:00,147.86,148.96,147.24,148.74
2024-05-06 06:00:00,148.74,149.27,148.39,148.71
2024-05-06 07:00:00,148.7,149.34,147.5,148.73
2024-05-06 08:00:00,148.74,154.73,148.73,154.4
2024-05-06 09:00:00,154.4,156.55,154.35,156.37
2024-05-06 10:00:00,156.37,156.89,151.69,152.54
2024-05-06 11:00:00,152.54,154.69,152.46,153.99
2024-05-06 12:00:00,153.99,154.59,149.72,151
2024-05-06 13:00:00,151,154.61,150.59,153.59
2024-05-06 14:00:00,153.6,156.31,152.45,152.66
2024-05-06 15:00:00,152.65,154.63,151.75,153.82
2024-05-06 16:00:00,153.83,154.21,151.21,151.69
2024-05-06 17:00:00,151.68,153.38,150.84,151.57
2024-05-06 18:00:00,151.58,153.42,151.19,152.94
2024-05-06 19:00:00,152.93,153.49,151,153.48
2024-05-06 20:00:00,153.49,155.18,152.78,154.48
2024-05-06 21:00:00,154.48,155.74,154.26,155.56
2024-05-06 22:00:00,155.56,155.67,154.16,154.59
2024-05-06 23:00:00,154.58,154.58,152.5,152.82
2024-05-07 00:00:00,152.81,154.67,151.92,153.56
2024-05-07 01:00:00,153.56,158.01,153.28,157.44
2024-05-07 02:00:00,157.44,158.05,155.99,156.8
2024-05-07 03:00:00,156.8,156.99,152.68,153.89
2024-05-07 04:00:00,153.88,155.85,153.76,155.08
2024-05-07 05:00:00,155.08,155.87,153.97,154.94
2024-05-07 06:00:00,154.94,155.54,153.13,154.22
2024-05-07 07:00:00,154.21,156.27,153.88,155.13
2024-05-07 08:00:00,155.14,158.89,154.85,158.44
2024-05-07 09:00:00,158.44,159.19,157.38,157.39
2024-05-07 10:00:00,157.4,157.69,155.89,156.96
2024-05-07 11:00:00,156.96,157.12,154.84,154.97
2024-05-07 12:00:00,154.97,155.74,152.98,155.33
2024-05-07 13:00:00,155.33,155.66,152.37,153.35
2024-05-07 14:00:00,153.35,156,152.01,155.86
2024-05-07 15:00:00,155.86,157.07,154.27,154.71
2024-05-07 16:00:00,154.7,155.5,153.63,155.16
2024-05-07 17:00:00,155.17,155.21,152.48,153.3
2024-05-07 18:00:00,153.3,153.32,150.77,151.78
2024-05-07 19:00:00,151.78,151.8,150.78,151.19
2024-05-07 20:00:00,151.18,152.43,150.93,151.42
2024-05-07 21:00:00,151.42,152.16,150.08,150.97
2024-05-07 22:00:00,150.97,151.2,149.82,150.02
2024-05-07 23:00:00,150.03,150.18,147.76,148.03
2024-05-08 00:00:00,148.03,149.66,147.2,149.24
2024-05-08 01:00:00,149.25,149.43,148.1,148.56
2024-05-08 02:00:00,148.56,149.96,148.46,149.16
2024-05-08 03:00:00,149.16,149.67,148.41,149.5
2024-05-08 04:00:00,149.5,149.99,146.45,147.36
2024-05-08 05:00:00,147.36,147.94,146.34,147.21
2024-05-08 06:00:00,147.21,152,145.74,147.63
2024-05-08 07:00:00,147.62,148.42,146.18,146.42
2024-05-08 08:00:00,146.41,147,145.14,146.52
2024-05-08 09:00:00,146.52,146.71,144.78,145.97
2024-05-08 10:00:00,145.98,146.87,145.51,146.62
2024-05-08 11:00:00,146.62,146.91,144.83,145.39
2024-05-08 12:00:00,145.39,146.24,144.4,145.68
2024-05-08 13:00:00,145.68,147.81,144.77,147.72
2024-05-08 14:00:00,147.73,148.94,146.91,147.77
2024-05-08 15:00:00,147.76,148.15,144.84,145.86
2024-05-08 16:00:00,145.86,146.06,144.65,146.05
2024-05-08 17:00:00,146.05,146.93,145.91,146.51
2024-05-08 18:00:00,146.52,149.12,146.29,147
2024-05-08 19:00:00,147,147.73,144.91,145.48
2024-05-08 20:00:00,145.48,145.93,140.26,141.08
2024-05-08 21:00:00,141.08,142.18,140,141.22
2024-05-08 22:00:00,141.21,142.39,140.56,141.53
2024-05-08 23:00:00,141.54,142.8,141.09,142.18
2024-05-09 00:00:00,142.17,143.64,141.92,143.38
2024-05-09 01:00:00,143.38,144.5,143.2,144.41
2024-05-09 02:00:00,144.4,144.87,143.49,144.22
2024-05-09 03:00:00,144.23,144.68,143.19,144.14
2024-05-09 04:00:00,144.13,144.8,143.62,143.78
2024-05-09 05:00:00,143.78,145.05,143.65,144.49
2024-05-09 06:00:00,144.49,145.89,144.4,144.97
2024-05-09 07:00:00,144.98,145.2,142.09,143.27
2024-05-09 08:00:00,143.26,143.94,142.94,143.8
2024-05-09 09:00:00,143.79,144.01,141.76,142.9
2024-05-09 10:00:00,142.9,143.03,140.72,140.81
2024-05-09 11:00:00,140.82,143.27,140.61,142.8
2024-05-09 12:00:00,142.8,144.43,142.73,144.19
2024-05-09 13:00:00,144.18,144.79,141.62,142.93
2024-05-09 14:00:00,142.93,144.91,142.56,144.89
2024-05-09 15:00:00,144.88,148,144.43,146.47
2024-05-09 16:00:00,146.47,148.89,146.05,146.16
2024-05-09 17:00:00,146.15,147.47,145.73,146.62
2024-05-09 18:00:00,146.61,147.87,146.44,147.75
2024-05-09 19:00:00,147.74,150.98,147.7,150.86
2024-05-09 20:00:00,150.85,151.47,149.25,150.25
2024-05-09 21:00:00,150.25,150.84,149.56,150.35
2024-05-09 22:00:00,150.35,153.39,150.14,152.95
2024-05-09 23:00:00,152.95,153.14,151.18,152.57
2024-05-10 00:00:00,152.56,153.22,151.34,152.02
2024-05-10 01:00:00,152.02,155,151.42,153.4
2024-05-10 02:00:00,153.4,153.8,152.69,153.61
2024-05-10 03:00:00,153.61,154.33,152.82,153.93
2024-05-10 04:00:00,153.93,154.67,153.44,153.74
2024-05-10 05:00:00,153.74,154.08,152.27,153.26
2024-05-10 06:00:00,153.26,155.07,153.12,154.94
2024-05-10 07:00:00,154.94,155.75,154.22,154.34
2024-05-10 08:00:00,154.35,154.48,153.44,154.06
2024-05-10 09:00:00,154.07,154.79,153.22,154.15
2024-05-10 10:00:00,154.15,154.26,153.21,154.11
2024-05-10 11:00:00,154.11,155.18,152.97,155.01
2024-05-10 12:00:00,155.01,155.4,153.09,153.29
2024-05-10 13:00:00,153.29,153.67,152.45,153.03
2024-05-10 14:00:00,153.02,153.22,145.72,147.49
2024-05-10 15:00:00,147.5,148.61,145.34,146.94
2024-05-10 16:00:00,146.95,148.78,145.12,147.97
2024-05-10 17:00:00,147.97,148.24,145.7,146.58
2024-05-10 18:00:00,146.57,148.32,145.87,148.13
2024-05-10 19:00:00,148.13,148.73,146.53,147.17
2024-05-10 20:00:00,147.17,148.05,146,146.15
2024-05-10 21:00:00,146.14,147.06,145.76,146.49
2024-05-10 22:00:00,146.49,146.67,144.49,145.82
2024-05-10 23:00:00,145.82,146.63,145.8,146.01
2024-05-11 00:00:00,146.02,146.81,145.14,146.06
2024-05-11 01:00:00,146.06,147.7,145.72,146.05
2024-05-11 02:00:00,146.05,146.26,143.55,144.47
2024-05-11 03:00:00,144.48,144.75,143.33,143.64
2024-05-11 04:00:00,143.65,145.09,143.54,144.67
2024-05-11 05:00:00,144.66,145.8,144.63,145.46
2024-05-11 06:00:00,145.46,146.46,145.21,145.54
2024-05-11 07:00:00,145.55,146,145.15,145.78
2024-05-11 08:00:00,145.77,145.86,144.04,144.05
2024-05-11 09:00:00,144.06,145.12,143.91,145.12
2024-05-11 10:00:00,145.12,145.12,143.72,144.14
2024-05-11 11:00:00,144.14,144.66,143.12,144.25
2024-05-11 12:00:00,144.24,145.2,143.86,144.56
2024-05-11 13:00:00,144.56,145.5,144.15,145.25
2024-05-11 14:00:00,145.24,145.49,144.46,144.88
2024-05-11 15:00:00,144.88,147.04,144.31,145.65
2024-05-11 16:00:00,145.65,146.65,145.29,145.72
2024-05-11 17:00:00,145.73,146,144.81,145.75
2024-05-11 18:00:00,145.75,146.71,145.62,146.32
2024-05-11 19:00:00,146.32,146.54,145.87,146.44
2024-05-11 20:00:00,146.43,146.54,145.19,145.96
2024-05-11 21:00:00,145.97,146,145.36,145.56
2024-05-11 22:00:00,145.56,145.97,145.09,145.8
2024-05-11 23:00:00,145.8,146.22,145.14,145.42
2024-05-12 00:00:00,145.42,146.46,145.2,145.62
2024-05-12 01:00:00,145.62,146.3,145.48,145.61
2024-05-12 02:00:00,145.61,146.95,145.6,146.71
2024-05-12 03:00:00,146.72,146.85,146.23,146.4
2024-05-12 04:00:00,146.41,147.5,146.18,147.1
2024-05-12 05:00:00,147.09,147.55,146.77,147.51
2024-05-12 06:00:00,147.52,147.8,146.23,146.41
2024-05-12 07:00:00,146.42,146.81,143.65,144.22
2024-05-12 08:00:00,144.23,145.07,143.83,144.99
2024-05-12 09:00:00,144.98,145.12,144.54,144.95
2024-05-12 10:00:00,144.95,146.36,144.85,145.45
2024-05-12 11:00:00,145.45,145.64,144.83,145.07
2024-05-12 12:00:00,145.07,145.72,145,145.28
2024-05-12 13:00:00,145.29,145.49,144.72,145.23
2024-05-12 14:00:00,145.23,145.48,144.02,144.44
2024-05-12 15:00:00,144.45,145.49,144,145.2
2024-05-12 16:00:00,145.2,146.4,144.88,144.96
2024-05-12 17:00:00,144.96,145.57,144.35,145.31
2024-05-12 18:00:00,145.3,145.77,145,145.12
2024-05-12 19:00:00,145.13,145.3,144.74,144.96
2024-05-12 20:00:00,144.96,145.27,144.35,144.65
2024-05-12 21:00:00,144.66,144.8,142.5,143.85
2024-05-12 22:00:00,143.85,143.9,143.08,143.23
2024-05-12 23:00:00,143.22,143.99,143.07,143.43
2024-05-13 00:00:00,143.42,145.94,143.42,145.19
2024-05-13 01:00:00,145.2,145.39,142.25,143.1
2024-05-13 02:00:00,143.1,143.27,139.84,140.48
2024-05-13 03:00:00,140.49,140.55,138.35,140.13
2024-05-13 04:00:00,140.13,140.13,137.87,138.73
2024-05-13 05:00:00,138.73,139.43,137.78,138.23
2024-05-13 06:00:00,138.24,141.66,138.13,141.22
2024-05-13 07:00:00,141.23,144.2,140.91,143.56
2024-05-13 08:00:00,143.56,146,143.55,144.62
2024-05-13 09:00:00,144.62,147.5,144.62,146.04
2024-05-13 10:00:00,146.04,146.23,144.14,145.23
2024-05-13 11:00:00,145.22,146.11,144.57,145.62
2024-05-13 12:00:00,145.61,146.38,144.8,145.94
2024-05-13 13:00:00,145.93,146.16,144.96,145.56
2024-05-13 14:00:00,145.57,147.3,145.46,145.7
2024-05-13 15:00:00,145.7,148.28,145.6,147.26
2024-05-13 16:00:00,147.26,150.88,147.07,149.64
2024-05-13 17:00:00,149.63,149.95,146.66,147.48
2024-05-13 18:00:00,147.47,147.73,145.79,147.71
2024-05-13 19:00:00,147.72,149.07,147.71,148.81
2024-05-13 20:00:00,148.8,149.61,147.85,148.8
2024-05-13 21:00:00,148.8,149.02,147.34,147.74
2024-05-13 22:00:00,147.75,148,146.76,146.92
2024-05-13 23:00:00,146.92,147.88,146.91,147.54
2024-05-14 00:00:00,147.53,148.27,146.45,146.79
2024-05-14 01:00:00,146.78,147.96,146.5,147.57
2024-05-14 02:00:00,147.56,148.06,146.11,146.65
2024-05-14 03:00:00,146.65,146.92,145.7,146.34
2024-05-14 04:00:00,146.32,148,146.23,147.88
2024-05-14 05:00:00,147.86,149.09,147.53,148.62
2024-05-14 06:00:00,148.62,148.64,143.71,146.07
2024-05-14 07:00:00,146.06,146.72,145.67,146.54
2024-05-14 08:00:00,146.54,146.58,145.36,146.09
2024-05-14 09:00:00,146.07,147.48,145.85,146.23
2024-05-14 10:00:00,146.22,146.85,145.38,146.04
2024-05-14 11:00:00,146.04,146.88,145.97,146.59
2024-05-14 12:00:00,146.59,148.42,145.5,146.55
2024-05-14 13:00:00,146.55,147.07,144.27,144.37
2024-05-14 14:00:00,144.37,145.55,141.84,143.49
2024-05-14 15:00:00,143.49,144.64,142.52,142.92
2024-05-14 16:00:00,142.92,143.44,141.82,143.13
2024-05-14 17:00:00,143.14,143.44,142.06,142.87
2024-05-14 18:00:00,142.88,144,142.51,143.87
2024-05-14 19:00:00,143.87,144.68,143.62,143.8
2024-05-14 20:00:00,143.8,143.91,142.84,143
2024-05-14 21:00:00,142.99,143.59,142.45,143.32
2024-05-14 22:00:00,143.31,143.32,142.29,143.06
2024-05-14 23:00:00,143.06,143.1,141.9,142.03
2024-05-15 00:00:00,142.03,143.55,141.21,141.71
2024-05-15 01:00:00,141.71,143.36,141.61,142.88
2024-05-15 02:00:00,142.88,143.34,142.44,142.95
2024-05-15 03:00:00,142.94,144.18,142.91,143.96
2024-05-15 04:00:00,143.96,144.13,143.36,143.48
2024-05-15 05:00:00,143.48,144.52,143.36,144.06
2024-05-15 06:00:00,144.06,144.62,143.12,143.81
2024-05-15 07:00:00,143.81,144.5,143.35,144.29
2024-05-15 08:00:00,144.28,144.68,143.57,144.21
2024-05-15 09:00:00,144.2,146.08,143.19,145.05
2024-05-15 10:00:00,145.06,145.74,144.46,144.64
2024-05-15 11:00:00,144.64,144.9,143.11,144.19
2024-05-15 12:00:00,144.19,149.9,143.64,148.96
2024-05-15 13:00:00,148.97,153.15,148.28,150.94
2024-05-15 14:00:00,150.94,152.9,150.86,152.46
2024-05-15 15:00:00,152.47,154.06,151.4,151.61
2024-05-15 16:00:00,151.61,153.58,150.99,153.09
2024-05-15 17:00:00,153.09,154.27,153.07,153.71
2024-05-15 18:00:00,153.71,154.83,152.44,154.01
2024-05-15 19:00:00,154.02,155,153.11,154.92
2024-05-15 20:00:00,154.92,156.87,154.25,156.62
2024-05-15 21:00:00,156.61,156.94,155.58,155.69
2024-05-15 22:00:00,155.68,156.55,155.46,155.88
2024-05-15 23:00:00,155.88,158.88,155.7,158.52
2024-05-16 00:00:00,158.52,162,158.14,161.53
2024-05-16 01:00:00,161.52,161.8,159.78,160.34
2024-05-16 02:00:00,160.35,161.7,160.35,161.46
2024-05-16 03:00:00,161.46,163.9,161.03,163.11
2024-05-16 04:00:00,163.11,163.45,162.37,162.97
2024-05-16 05:00:00,162.97,163.02,161.31,161.7
2024-05-16 06:00:00,161.69,161.92,161.33,161.71
2024-05-16 07:00:00,161.72,163.64,161.64,162.78
2024-05-16 08:00:00,162.78,163.5,162.3,162.93
2024-05-16 09:00:00,162.93,164.79,161.77,164.39
2024-05-16 10:00:00,164.38,164.39,162.46,163.12
2024-05-16 11:00:00,163.11,163.88,162,163.73
2024-05-16 12:00:00,163.72,163.74,160.18,161.65
2024-05-16 13:00:00,161.65,163.44,160.1,162.95
2024-05-16 14:00:00,162.95,163.31,158.31,158.51
2024-05-16 15:00:00,158.52,161.08,157.6,160.45
2024-05-16 16:00:00,160.46,160.55,157.62,158.15
2024-05-16 17:00:00,158.15,159.67,156.46,159.45
2024-05-16 18:00:00,159.45,160.22,158.24,159.61
2024-05-16 19:00:00,159.6,160.38,159.01,159.08
2024-05-16 20:00:00,159.09,159.39,158.06,158.83
2024-05-16 21:00:00,158.84,159.44,158.08,159
2024-05-16 22:00:00,159,159.06,157.41,158.86
2024-05-16 23:00:00,158.87,159.59,158.5,159.37
2024-05-17 00:00:00,159.36,162.33,159.32,162.31
2024-05-17 01:00:00,162.31,162.32,159.84,161.21
2024-05-17 02:00:00,161.22,161.33,160.15,160.36
2024-05-17 03:00:00,160.36,162.85,159.76,162.19
2024-05-17 04:00:00,162.2,162.8,161,161.45
2024-05-17 05:00:00,161.46,163.9,161.34,163.49
2024-05-17 06:00:00,163.49,167.5,162.5,166.79
2024-05-17 07:00:00,166.79,170,166.79,169.2
2024-05-17 08:00:00,169.2,170,167.8,168.36
2024-05-17 09:00:00,168.36,169.15,167.43,168.02
2024-05-17 10:00:00,168.02,169.12,167.4,169.04
2024-05-17 11:00:00,169.04,169.07,167.21,167.46
2024-05-17 12:00:00,167.46,168.8,165.78,167.99
2024-05-17 13:00:00,167.98,168.35,166.08,166.4
2024-05-17 14:00:00,166.4,168.39,166.38,168.32
2024-05-17 15:00:00,168.33,170.93,167.53,169.69
2024-05-17 16:00:00,169.68,174,168.27,168.27
2024-05-17 17:00:00,168.27,168.77,167.1,167.33
2024-05-17 18:00:00,167.33,168.46,166.19,168.16
2024-05-17 19:00:00,168.16,168.9,167.53,168.89
2024-05-17 20:00:00,168.89,169.05,168.25,168.61
2024-05-17 21:00:00,168.62,168.99,167.62,167.64
2024-05-17 22:00:00,167.63,168.73,167.35,168.65
2024-05-17 23:00:00,168.65,169.85,168.19,169.44
2024-05-18 00:00:00,169.43,170.64,168.65,170.33
2024-05-18 01:00:00,170.33,171.96,169.78,171.89
2024-05-18 02:00:00,171.89,174.86,171.71,172.83
2024-05-18 03:00:00,172.82,173.46,172.06,173.2
2024-05-18 04:00:00,173.21,173.9,172.51,173.16
2024-05-18 05:00:00,173.16,173.21,172.21,172.74
2024-05-18 06:00:00,172.74,172.91,172.05,172.87
2024-05-18 07:00:00,172.87,173.3,172.1,172.31
2024-05-18 08:00:00,172.3,173.49,172.13,173.32
2024-05-18 09:00:00,173.32,175.61,172.91,175.04
2024-05-18 10:00:00,175.05,176,174.45,175.27
2024-05-18 11:00:00,175.27,176.06,174.27,174.4
2024-05-18 12:00:00,174.41,174.59,173.12,173.34
2024-05-18 13:00:00,173.34,174.7,172.97,173.52
2024-05-18 14:00:00,173.5,173.98,171.65,172.35
2024-05-18 15:00:00,172.36,172.92,171.79,172.42
2024-05-18 16:00:00,172.42,172.65,170,170.66
2024-05-18 17:00:00,170.66,171.66,170.6,171.42
2024-05-18 18:00:00,171.42,172.22,171.34,171.64
2024-05-18 19:00:00,171.65,172.4,171.45,172.25
2024-05-18 20:00:00,172.25,173.38,172.1,173.1
2024-05-18 21:00:00,173.1,173.65,171.99,172.44
2024-05-18 22:00:00,172.44,172.75,171.73,172.02
2024-05-18 23:00:00,172.01,172.77,171.62,172.4
2024-05-19 00:00:00,172.4,173.45,171.98,173.17
2024-05-19 01:00:00,173.16,174.03,172.89,173.17
2024-05-19 02:00:00,173.17,174.31,173.01,174.17
2024-05-19 03:00:00,174.16,175.16,173.94,174.32
2024-05-19 04:00:00,174.32,174.5,173.31,174.5
2024-05-19 05:00:00,174.5,175.5,173.86,174.07
2024-05-19 06:00:00,174.07,174.34,172.5,173.18
2024-05-19 07:00:00,173.19,174.17,172.35,174.17
2024-05-19 08:00:00,174.16,174.58,172.98,173.2
2024-05-19 09:00:00,173.21,173.55,171.92,172.98
2024-05-19 10:00:00,172.98,174.25,172.3,172.63
2024-05-19 11:00:00,172.63,172.81,170.79,171.76
2024-05-19 12:00:00,171.75,171.84,169.11,169.14
2024-05-19 13:00:00,169.13,169.5,167.33,168.83
2024-05-19 14:00:00,168.81,169.39,167.52,167.86
2024-05-19 15:00:00,167.87,168.43,165.96,168.29
2024-05-19 16:00:00,168.28,168.8,167.24,167.99
2024-05-19 17:00:00,168,171.79,167.77,170.1
2024-05-19 18:00:00,170.1,170.64,168.67,169
2024-05-19 19:00:00,169,170.3,168.42,169.3
2024-05-19 20:00:00,169.31,170.62,169.04,170.06
2024-05-19 21:00:00,170.05,170.53,168.21,170.1
2024-05-19 22:00:00,170.09,171.7,169.73,171.42
2024-05-19 23:00:00,171.42,171.5,169.58,169.93
2024-05-20 00:00:00,169.93,170.75,168.89,170.35
2024-05-20 01:00:00,170.36,170.94,167.47,170.46
2024-05-20 02:00:00,170.46,173.11,170.08,172.76
2024-05-20 03:00:00,172.76,173.5,171.98,172.15
2024-05-20 04:00:00,172.14,175.6,171.8,175.54
2024-05-20 05:00:00,175.55,178.56,175.54,178.23
2024-05-20 06:00:00,178.23,178.66,175.08,176.03
2024-05-20 07:00:00,176.05,178.61,175.49,178.03
2024-05-20 08:00:00,178.02,179.41,177.4,177.59
2024-05-20 09:00:00,177.59,178.3,176.7,176.88
2024-05-20 10:00:00,176.88,178.48,175.69,177.69
2024-05-20 11:00:00,177.69,178.96,177.46,177.7
2024-05-20 12:00:00,177.72,178.38,176.6,177.08
2024-05-20 13:00:00,177.09,177.85,175.98,177.16
2024-05-20 14:00:00,177.17,177.3,175.33,176.29
2024-05-20 15:00:00,176.3,179.5,175.52,179.01
2024-05-20 16:00:00,179.01,181,178.11,179.87
2024-05-20 17:00:00,179.86,181.55,179.46,181.44
2024-05-20 18:00:00,181.45,181.55,179.45,180.18
2024-05-20 19:00:00,180.19,188.32,179.42,187.25
2024-05-20 20:00:00,187.25,187.7,183,183.8
2024-05-20 21:00:00,183.8,185.39,182.25,184.84
2024-05-20 22:00:00,184.83,186.6,184.2,185.6
2024-05-20 23:00:00,185.6,187,184.26,186.7
2024-05-21 00:00:00,186.69,188.89,185.35,185.91
2024-05-21 01:00:00,185.9,185.91,183.39,184.82
2024-05-21 02:00:00,184.82,185.11,182.79,183.31
2024-05-21 03:00:00,183.31,184.87,183.06,184.27
2024-05-21 04:00:00,184.27,185.03,182.43,182.44
2024-05-21 05:00:00,182.44,183.06,181.3,182.05
2024-05-21 06:00:00,182.05,183.6,181.49,181.97
2024-05-21 07:00:00,181.97,182.06,180.02,181.28
2024-05-21 08:00:00,181.28,182.18,181.04,181.56000
2024-05-21 09:00:00,181.67999,183.5,181.34000,183.08
2024-05-21 10:00:00,183.07,183.84,182.45,182.83
2024-05-21 11:00:00,182.83,183.13,180.39,180.4
2024-05-21 12:00:00,180.41,180.94,179,180.11
2024-05-21 13:00:00,180.11,181.41,178.38,178.97
2024-05-21 14:00:00,178.96,179.85,177.09,177.24
2024-05-21 15:00:00,177.25,178.5,176,176.75
2024-05-21 16:00:00,176.75,178.92,176.38,176.43
2024-05-21 17:00:00,176.43,178.23,175.89,177.59
2024-05-21 18:00:00,177.59,178.05,176.31,177.62
2024-05-21 19:00:00,177.62,177.72,174.37,175.3
2024-05-21 20:00:00,175.32,178.34,175.15,177.92
2024-05-21 21:00:00,177.92,178.52,176.41,178.26
2024-05-21 22:00:00,178.26,178.63,177.6,178.5
2024-05-21 23:00:00,178.5,178.57,177.91,178.15
2024-05-22 00:00:00,178.15,179.29,177.7,177.74
2024-05-22 01:00:00,177.74,178.8,177.41,178.48
2024-05-22 02:00:00,178.47,178.53,177.15,177.65
2024-05-22 03:00:00,177.64,178.07,176.51,177.95
2024-05-22 04:00:00,177.95,178.26,174.96,177.29
2024-05-22 05:00:00,177.29,181.64,176.38,181.5
2024-05-22 06:00:00,181.5,183.09,181.25,181.64
2024-05-22 07:00:00,181.64,182.02,179.55,179.89
2024-05-22 08:00:00,179.89,180.66,178.5,180.55
2024-05-22 09:00:00,180.55,180.94,179.16,180.63
2024-05-22 10:00:00,180.63,181.2,180.05,180.96
2024-05-22 11:00:00,180.97,181.35,178.02,178.06
2024-05-22 12:00:00,178.07,179.85,176.09,176.98
2024-05-22 13:00:00,176.98,179.88,176.9,179.83
2024-05-22 14:00:00,179.84,182.6,178.75,181.87
2024-05-22 15:00:00,181.87,182.77,179.76,181.39
2024-05-22 16:00:00,181.39,185,180.33,181.05
2024-05-22 17:00:00,181.04,182.3,179.5,179.73
2024-05-22 18:00:00,179.74,180.3,177.35,179.07
2024-05-22 19:00:00,179.07,179.3,177.75,178.36
2024-05-22 20:00:00,178.36,179.81,177.22,177.53
2024-05-22 21:00:00,177.54,180.8,176.49,180.22
2024-05-22 22:00:00,180.21,180.56,177.44,177.5
2024-05-22 23:00:00,177.5,177.63,176.29,176.95
2024-05-23 00:00:00,176.96,178.53,176.89,177.11
2024-05-23 01:00:00,177.1,178.26,175.62,177.63
2024-05-23 02:00:00,177.62,178.88,177.25,178.88
2024-05-23 03:00:00,178.88,179.37,177.95,178.79
2024-05-23 04:00:00,178.79,178.86,177.03,177.61
2024-05-23 05:00:00,177.6,177.93,177.13,177.38
2024-05-23 06:00:00,177.38,177.99,176.25,177.83
2024-05-23 07:00:00,177.82,178.09,176.66,177.44
2024-05-23 08:00:00,177.45,177.8,177,177.76
2024-05-23 09:00:00,177.77,177.98,176.05,176.29
2024-05-23 10:00:00,176.3,176.75,172.59,173.65
2024-05-23 11:00:00,173.65,175.95,173.55,175.67
2024-05-23 12:00:00,175.67,176.99,171.24,172.75
2024-05-23 13:00:00,172.76,173.67,168.82,171.32
2024-05-23 14:00:00,171.32,172.46,170.3,170.45
2024-05-23 15:00:00,170.45,173.4,170.24,172.7
2024-05-23 16:00:00,172.69,173.48,172.07,173.34
2024-05-23 17:00:00,173.33,175.25,172.08,172.1
2024-05-23 18:00:00,172.1,172.86,171,171.92
2024-05-23 19:00:00,171.9,172.5,170.54,170.92
2024-05-23 20:00:00,170.92,175.1,165.35,172.30000
2024-05-23 21:00:00,172.80000,181.04,171.77000,178.97
2024-05-23 22:00:00,178.98,179.59,175.71,176.23
2024-05-23 23:00:00,176.24,176.92,174.73,176.16
2024-05-24 00:00:00,176.15,176.15,174.14,174.35
2024-05-24 01:00:00,174.35,174.35,172.82,172.99
2024-05-24 02:00:00,172.98,173.91,171.53,172.89
2024-05-24 03:00:00,172.88,173.25,171.53,172.01
2024-05-24 04:00:00,172,172.01,168.98,169.08
2024-05-24 05:00:00,169.07,169.09,166.1,167.37
2024-05-24 06:00:00,167.38,168.08,165.58,166.36
2024-05-24 07:00:00,166.36,167.2,165.12,166.16
2024-05-24 08:00:00,166.15,166.33,162.5,165.37
2024-05-24 09:00:00,165.37,165.98,164.38,165.82
2024-05-24 10:00:00,165.81,166.03,164.86,165.51
2024-05-24 11:00:00,165.51,166.62,165.1,166.34
2024-05-24 12:00:00,166.34,167.68,166.08,166.72
2024-05-24 13:00:00,166.71,167.33,165.2,165.61
2024-05-24 14:00:00,165.61,168.5,165.11,167.5
2024-05-24 15:00:00,167.5,169.12,166.62,167.29
2024-05-24 16:00:00,167.29,167.35,164.73,165.68
2024-05-24 17:00:00,165.69,168.63,165.3,168.6
2024-05-24 18:00:00,168.59,170.61,168.2,168.71
2024-05-24 19:00:00,168.72,169.1,167.66,168.33
2024-05-24 20:00:00,168.33,168.75,167.5,168.14
2024-05-24 21:00:00,168.13,168.51,167.09,167.51
2024-05-24 22:00:00,167.51,167.9,166.66,167.25
2024-05-24 23:00:00,167.26,168.17,167.12,167.7
2024-05-25 00:00:00,167.7,167.7,166.07,166.13
2024-05-25 01:00:00,166.13,168.38,165.9,167.84
2024-05-25 02:00:00,167.85,169.8,167.73,169.17
2024-05-25 03:00:00,169.18,169.66,168.2,169.66
2024-05-25 04:00:00,169.65,170.16,169.02,169.9
2024-05-25 05:00:00,169.91,169.96,168.81,169.53
2024-05-25 06:00:00,169.52,169.58,168.4,168.4
2024-05-25 07:00:00,168.4,169.51,168.11,168.99
2024-05-25 08:00:00,168.99,169.97,168.42,168.67
2024-05-25 09:00:00,168.66,169.94,168.37,169.62
2024-05-25 10:00:00,169.62,170.27,168.93,170.12
2024-05-25 11:00:00,170.1,170.55,168.57,168.61
2024-05-25 12:00:00,168.61,168.91,167.49,167.97
2024-05-25 13:00:00,167.98,168.47,166.48,167.03
2024-05-25 14:00:00,167.04,168.62,167,168.28
2024-05-25 15:00:00,168.28,168.86,167.52,167.83
2024-05-25 16:00:00,167.83,168.08,166.88,167.16
2024-05-25 17:00:00,167.17,167.83,166.55,166.73
2024-05-25 18:00:00,166.74,167.51,166.35,167.5
2024-05-25 19:00:00,167.5,167.79,166.99,167.23
2024-05-25 20:00:00,167.23,167.65,166.55,167.12
2024-05-25 21:00:00,167.12,167.55,166.95,167.45
2024-05-25 22:00:00,167.45,167.98,167.06,167.93
2024-05-25 23:00:00,167.92,168.66,167.82,168.35
2024-05-26 00:00:00,168.35,168.4,167.53,167.58
2024-05-26 01:00:00,167.59,168.19,166.82,166.83
2024-05-26 02:00:00,166.84,166.94,165,165.79
2024-05-26 03:00:00,165.79,166.47,164.81,166.28
2024-05-26 04:00:00,166.28,166.28,165,165.64
2024-05-26 05:00:00,165.65,166.75,164.87,166.72
2024-05-26 06:00:00,166.71,167.02,165.87,166.06
2024-05-26 07:00:00,166.07,166.81,164.56,165.33
2024-05-26 08:00:00,165.33,165.65,163.92,164.32
2024-05-26 09:00:00,164.32,164.66,162.23,162.95
2024-05-26 10:00:00,162.95,164.29,162.91,164.23
2024-05-26 11:00:00,164.23,164.54,163.64,164.02
2024-05-26 12:00:00,164.03,164.03,162.55,163.57
2024-05-26 13:00:00,163.57,164.82,163.26,164.82
2024-05-26 14:00:00,164.81,165.42,163.79,165.25
2024-05-26 15:00:00,165.25,165.85,162.37,162.85
2024-05-26 16:00:00,162.85,163.49,161.95,163
2024-05-26 17:00:00,163,163.22,161.58,162.01
2024-05-26 18:00:00,162.01,162.76,161.14,161.83
2024-05-26 19:00:00,161.84,162.78,161.64,162.71
2024-05-26 20:00:00,162.71,162.85,161.93,162.13
2024-05-26 21:00:00,162.14,163.39,161,163.31
2024-05-26 22:00:00,163.3,164.16,163.01,163.76
2024-05-26 23:00:00,163.75,163.84,162.71,163.41
2024-05-27 00:00:00,163.42,166.2,163.26,165.59
2024-05-27 01:00:00,165.6,166.65,164.91,165.69
2024-05-27 02:00:00,165.68,165.96,164.01,164.34
2024-05-27 03:00:00,164.33,166.65,164.08,165.38
2024-05-27 04:00:00,165.38,166.43,165.32,165.79
2024-05-27 05:00:00,165.8,166.24,163.83,164.72
2024-05-27 06:00:00,164.71,165.56,164.51,164.62
2024-05-27 07:00:00,164.62,165.64,164.06,165.52
2024-05-27 08:00:00,165.53,166.63,165.11,165.53
2024-05-27 09:00:00,165.53,166.08,165,165.7
2024-05-27 10:00:00,165.7,166.44,165.24,166.41
2024-05-27 11:00:00,166.4,168.08,166.1,167.74
2024-05-27 12:00:00,167.73,168.08,166.68,166.87
2024-05-27 13:00:00,166.88,169.11,166.83,168.25
2024-05-27 14:00:00,168.25,169.3,167.58,169.09
2024-05-27 15:00:00,169.08,171.47,168.84,171.04
2024-05-27 16:00:00,171.03,172.1,170.48,171.47
2024-05-27 17:00:00,171.48,172.28,171.13,171.2
2024-05-27 18:00:00,171.21,171.7,170.12,170.28
2024-05-27 19:00:00,170.27,170.77,166.98,168.65
2024-05-27 20:00:00,168.64,170.78,168.36,170.75
2024-05-27 21:00:00,170.75,171.22,170.05,170.58
2024-05-27 22:00:00,170.59,171.67,170.17,171.15
2024-05-27 23:00:00,171.15,171.15,169.03,170.15
2024-05-28 00:00:00,170.15,170.95,169.22,169.84
2024-05-28 01:00:00,169.84,172.09,167.85,168.18
2024-05-28 02:00:00,168.17,169.48,166.65,168.81
2024-05-28 03:00:00,168.81,169.29,166.05,167.4
2024-05-28 04:00:00,167.4,167.58,164.92,165.7
2024-05-28 05:00:00,165.7,166.91,165.13,166.83
2024-05-28 06:00:00,166.83,167.27,166,166.83
2024-05-28 07:00:00,166.84,166.98,165.63,166.09
2024-05-28 08:00:00,166.1,168.07,165.88,167.67
2024-05-28 09:00:00,167.66,168.27,167.05,167.85
2024-05-28 10:00:00,167.85,170.38,167.69,169.56
2024-05-28 11:00:00,169.55,170.1,168.54,169.81
2024-05-28 12:00:00,169.81,171.92,169.42,171.25
2024-05-28 13:00:00,171.25,173.24,169.24,169.77
2024-05-28 14:00:00,169.77,172.2,167.09,168.59
2024-05-28 15:00:00,168.59,169.13,166.72,168.28
2024-05-28 16:00:00,168.3,168.7,166,166.84
2024-05-28 17:00:00,166.85,167.91,166.57,167.03
2024-05-28 18:00:00,167.02,168.08,166.1,167.75
2024-05-28 19:00:00,167.76,170.78,167.73,170.39
2024-05-28 20:00:00,170.39,170.74,169.42,169.72
2024-05-28 21:00:00,169.71,169.95,168.91,168.92
2024-05-28 22:00:00,168.91,169.81,168.87,169.03
2024-05-28 23:00:00,169.03,169.36,168.31,168.68
2024-05-29 00:00:00,168.68,169.18,168.04,168.47
2024-05-29 01:00:00,168.48,168.99,167.44,168.21
2024-05-29 02:00:00,168.21,169.83,167.93,169.66
2024-05-29 03:00:00,169.66,172.55,169.66,172.35
2024-05-29 04:00:00,172.35,172.96,171.72,172.13
2024-05-29 05:00:00,172.13,172.15,171.26,171.99
2024-05-29 06:00:00,172,173.93,171.81,173.14
2024-05-29 07:00:00,173.14,173.3,170.79,170.8
2024-05-29 08:00:00,170.81,171.06,168.09,168.99
2024-05-29 09:00:00,168.99,169.69,167.56,168.85
2024-05-29 10:00:00,168.85,170.15,168.53,170.15
2024-05-29 11:00:00,170.15,170.2,168.21,168.28
2024-05-29 12:00:00,168.28,169.29,167,168.79
2024-05-29 13:00:00,168.79,170,167.78,168.7
2024-05-29 14:00:00,168.71,169.62,167.93,169.25
2024-05-29 15:00:00,169.25,169.82,168.03,168.6
2024-05-29 16:00:00,168.61,171.86,167.53,171.56
2024-05-29 17:00:00,171.55,171.6,168.99,170.33
2024-05-29 18:00:00,170.34,171.14,168.27,169.5
2024-05-29 19:00:00,169.5,171.44,169.26,169.41
2024-05-29 20:00:00,169.41,169.73,168.6,168.99
2024-05-29 21:00:00,168.99,169.88,167.77,169.35
2024-05-29 22:00:00,169.34,169.94,168.66,169.64
2024-05-29 23:00:00,169.65,169.78,167.99,168.32
2024-05-30 00:00:00,168.32,169.4,167.92,168.03
2024-05-30 01:00:00,168.04,168.67,167.9,168.42
2024-05-30 02:00:00,168.43,170.97,168.37,170
2024-05-30 03:00:00,170.01,170.35,169.28,169.99
2024-05-30 04:00:00,169.99,170.89,169.27,170.05
2024-05-30 05:00:00,170.04,170.06,168.2,168.67
2024-05-30 06:00:00,168.68,168.69,166,166.08
2024-05-30 07:00:00,166.08,166.55,164.23,165
2024-05-30 08:00:00,164.99,165.63,163.55,165.47
2024-05-30 09:00:00,165.46,165.85,164.63,165.74
2024-05-30 10:00:00,165.74,167.21,164.97,166.66
2024-05-30 11:00:00,166.66,167.28,166.12,166.2
2024-05-30 12:00:00,166.2,167.8,166,167.51
2024-05-30 13:00:00,167.5,168.67,167.03,168.19
2024-05-30 14:00:00,168.2,169.66,167.49,167.98
2024-05-30 15:00:00,167.97,168.95,167.29,168.48
2024-05-30 16:00:00,168.47,169.94,168.15,169.82
2024-05-30 17:00:00,169.81,173,169.26,171.34
2024-05-30 18:00:00,171.35,171.86,170.4,170.78
2024-05-30 19:00:00,170.79,170.88,167.88,168.42
2024-05-30 20:00:00,168.43,168.43,166.18,167.27
2024-05-30 21:00:00,167.26,167.46,166.55,166.84
2024-05-30 22:00:00,166.83,167.2,166.38,167.2
2024-05-30 23:00:00,167.19,167.63,166.77,166.88
2024-05-31 00:00:00,166.88,166.98,165.52,166.55
2024-05-31 01:00:00,166.56,167.51,166.07,166.21
2024-05-31 02:00:00,166.22,167.56,166.16,167.02
2024-05-31 03:00:00,167.03,167.53,166.84,167.24
2024-05-31 04:00:00,167.25,167.68,166.93,167.06
2024-05-31 05:00:00,167.05,167.11,165,165.95
2024-05-31 06:00:00,165.96,166.74,165.59,165.9
2024-05-31 07:00:00,165.9,166.65,165.86,166.62
2024-05-31 08:00:00,166.62,167.41,166.48,167.04
2024-05-31 09:00:00,167.05,167.22,166.03,166.82
2024-05-31 10:00:00,166.82,167.7,166.68,167.52
2024-05-31 11:00:00,167.52,168.98,167.41,168.75
2024-05-31 12:00:00,168.74,170.94,168.42,169.54
2024-05-31 13:00:00,169.55,170.51,167.36000,167.36000
2024-05-31 14:00:00,166.83000,167.30000,165.81000,166.58000
2024-05-31 15:00:00,166.64000,166.83000,164.78000,164.96001
2024-05-31 16:00:00,164.81000,165.86000,164.059998,165.86000
2024-05-31 17:00:00,165.87000,166.039993,165.36000,166
2024-05-31 18:00:00,165.95000,166.21001,165.42000,165.91000
2024-05-31 19:00:00,165.77000,166.92999,165.77000,166.28000
2024-05-31 20:00:00,166.50999,166.77000,166.080002,166.64999
2024-05-31 21:00:00,166.59000,166.96001,166.39999,166.69000
2024-05-31 22:00:00,166.57001,166.71001,166.17000,166.17000
2024-05-31 23:00:00,166.17000,166.25999,165.14999,165.61000
2024-06-01 00:00:00,165.64999,167.050003,165.64999,166.77000
2024-06-01 01:00:00,166.81000,167.14000,166.32001,166.86000
2024-06-01 02:00:00,166.87000,167.56000,166.72000,167.56000
2024-06-01 03:00:00,167.5,167.80000,166.99001,167.0099945
2024-06-01 04:00:00,167.10001,167.45000,166.75999,167.32001
2024-06-01 05:00:00,167.33000,167.33000,166.75999,167
2024-06-01 06:00:00,167.080002,167.17000,166.84000,167.080002
2024-06-01 07:00:00,167.14999,167.16000,166.57001,166.80000
2024-06-01 08:00:00,166.89000,167.33000,166.77000,167.22000
2024-06-01 09:00:00,167.30000,167.34000,166.89999,166.98000
2024-06-01 10:00:00,167,167.21001,166.64999,166.69000
2024-06-01 11:00:00,166.69000,166.94000,166.61000,166.89000
2024-06-01 12:00:00,166.87000,167.25,166.82001,166.82001
2024-06-01 13:00:00,166.88000,167.37000,166.84000,167.27000
2024-06-01 14:00:00,167.20000,167.67000,167.13000,167.44000
2024-06-01 15:00:00,167.52000,167.89000,167.34000,167.36000
2024-06-01 16:00:00,167.20000,167.48000,166.92999,167.16000
2024-06-01 17:00:00,167.11000,167.41000,166.87000,167.41000
2024-06-01 18:00:00,167.28999,167.48000,167.050003,167.31000
2024-06-01 19:00:00,167.34000,167.55000,167.14000,167.42999
2024-06-01 20:00:00,167.46001,167.75,167.19000,167.30000
2024-06-01 21:00:00,167.27000,167.32001,166.85001,166.99001
2024-06-01 22:00:00,167.070007,167.20000,166.71001,166.75
2024-06-01 23:00:00,166.70000,166.82001,165.69000,166.14000
2024-06-02 00:00:00,166.14999,166.88000,165.97000,166.81000
2024-06-02 01:00:00,166.58000,167.070007,166.38000,166.47000
2024-06-02 02:00:00,166.46001,166.74001,165.52000,165.91000
2024-06-02 03:00:00,165.77000,166.27000,165.77000,166.20000
2024-06-02 04:00:00,166.17999,166.25999,165.84000,165.91000
2024-06-02 05:00:00,166.0099945,166.21001,165.92999,166.059998
2024-06-02 06:00:00,166.080002,166.50999,166.059998,166.27000
2024-06-02 07:00:00,166.22000,166.33000,164.96001,165.070007
2024-06-02 08:00:00,165.0099945,165.50999,164.98000,165.28000
2024-06-02 09:00:00,165.28999,165.38000,164.24001,164.60001
2024-06-02 10:00:00,164.58000,164.66000,164.080002,164.59000
2024-06-02 11:00:00,164.50999,166.14999,164.19000,166.039993
2024-06-02 12:00:00,166.17999,166.22000,164.96001,165.029999
2024-06-02 13:00:00,165.10001,165.78000,164.70000,165.78000
2024-06-02 14:00:00,165.63000,165.97000,164.92000,165.67000
2024-06-02 15:00:00,165.53999,165.53999,164.97000,165.16000
2024-06-02 16:00:00,165.11000,165.35001,164.17999,164.46001
2024-06-02 17:00:00,164.39000,164.42000,162.39000,162.39000
2024-06-02 18:00:00,162.050003,163.35001,161.42000,162.92000
2024-06-02 19:00:00,163.089996,163.23000,162.27000,163.13000
2024-06-02 20:00:00,163.020004,163.21001,161.75999,163.14999
2024-06-02 21:00:00,163.16000,163.34000,162.62000,162.62000
2024-06-02 22:00:00,162.62000,163.50999,162.62000,163.30000
2024-06-02 23:00:00,163.22000,163.64000,163.14999,163.32001
2024-06-03 00:00:00,163.039993,163.39999,161.85001,162.5
2024-06-03 01:00:00,162.44000,164.75999,162.44000,164.59000
2024-06-03 02:00:00,164.86000,165.17999,163.95000,164.11000
2024-06-03 03:00:00,164.020004,164.020004,163.080002,163.66000
2024-06-03 04:00:00,163.63000,164.0099945,162.80000,163.74001
2024-06-03 05:00:00,164.080002,165,163.89000,164.50999
2024-06-03 06:00:00,164.59000,165.74001,164.41000,165.50999
2024-06-03 07:00:00,165.56000,165.67999,164.67000,165.30000
2024-06-03 08:00:00,165.5,166.83000,165.23000,165.74001
2024-06-03 09:00:00,165.67999,165.70000,164.80000,165.28999
2024-06-03 10:00:00,165.24001,165.74001,164.74001,164.75
2024-06-03 11:00:00,164.75,165.25,164.57001,164.83000
2024-06-03 12:00:00,164.99001,166.56000,164.99001,166.55000
2024-06-03 13:00:00,166.66000,167.13000,166.12000,166.28999
2024-06-03 14:00:00,166.38000,166.38000,163.080002,163.36000
2024-06-03 15:00:00,163.46001,165.14999,163.46001,164.81000
2024-06-03 16:00:00,164.85001,164.85001,163.75,164.19000
2024-06-03 17:00:00,164.17000,165.89999,163.74001,165.33000
2024-06-03 18:00:00,165.28999,166.13000,164.95000,166.089996
2024-06-03 19:00:00,166.11000,166.87000,165.83000,166.87000
2024-06-03 20:00:00,167,167.11000,165.63000,165.64999
2024-06-03 21:00:00,165.55000,165.98000,165.0099945,165.45000
2024-06-03 22:00:00,165.5,165.57001,164.97000,165.44000
2024-06-03 23:00:00,165.49001,165.5,164.46001,164.89000
2024-06-04 00:00:00,164.80000,165.70000,164.42000,165.35001
2024-06-04 01:00:00,165.20000,166.80000,164.91000,166.5
2024-06-04 02:00:00,166.41000,166.44000,165.75,166.17000
2024-06-04 03:00:00,166.11000,166.52000,165.92000,166.50999
2024-06-04 04:00:00,166.49001,166.98000,165.99001,166.19000
2024-06-04 05:00:00,166.059998,166.48000,165.37000,165.38000
2024-06-04 06:00:00,165.28999,165.94000,164.94000,165.61000
2024-06-04 07:00:00,165.57001,165.87000,165.14999,165.14999
2024-06-04 08:00:00,165.39999,165.77000,164.91000,164.91000
2024-06-04 09:00:00,164.88000,165.20000,164.48000,164.61000
2024-06-04 10:00:00,164.57001,165.59000,164.56000,165.44000
2024-06-04 11:00:00,165.46001,165.72000,165.17999,165.50999
2024-06-04 12:00:00,165.55000,166.070007,165.36000,165.67999
2024-06-04 13:00:00,165.72000,166.46001,165.37000,166.37000
2024-06-04 14:00:00,166.34000,167.16000,165.92000,165.97000
2024-06-04 15:00:00,165.94000,167.88000,165.73000,167.88000
2024-06-04 16:00:00,168.080002,169.92000,167.92000,169.28999
2024-06-04 17:00:00,169.39000,169.47000,168.19000,169.14999
2024-06-04 18:00:00,169.33000,170.36000,169.33000,169.88000
2024-06-04 19:00:00,169.86000,169.86000,168.33000,169.57001
2024-06-04 20:00:00,169.39999,169.84000,168.33000,169.50999
2024-06-04 21:00:00,169.49001,170,169.020004,169.58000
2024-06-04 22:00:00,169.86000,170.95000,169.70000,170.83000
2024-06-04 23:00:00,170.88000,171.86000,170.56000,171.78000
2024-06-05 00:00:00,171.84000,172.28000,171.25,172.050003
2024-06-05 01:00:00,171.88000,173.48000,171.55000,172.95000
2024-06-05 02:00:00,173.46001,174.81000,172.89000,173.42000
2024-06-05 03:00:00,173.34000,173.81000,172.61000,172.96001
2024-06-05 04:00:00,173.059998,173.44000,172.36000,173.31000
2024-06-05 05:00:00,173.25999,173.70000,172.46001,173.42000
2024-06-05 06:00:00,173.47000,174.16000,173.45000,173.92999
2024-06-05 07:00:00,173.89999,174.20000,173.39000,173.56000
2024-06-05 08:00:00,173.49001,173.62000,172.63000,172.99001
2024-06-05 09:00:00,172.95000,174.11000,172.80000,173.41000
2024-06-05 10:00:00,173.44000,173.63000,172.55000,172.55000
2024-06-05 11:00:00,172.53999,173.020004,172.28000,172.92999
2024-06-05 12:00:00,172.89000,173.67000,172.16000,172.97000
2024-06-05 13:00:00,172.89000,173.92000,172.34000,172.42999
2024-06-05 14:00:00,172.28000,173.14999,171.33000,172.83000
2024-06-05 15:00:00,172.94000,175.070007,172.86000,174.75
2024-06-05 16:00:00,174.81000,175.57001,173.81000,174.039993
2024-06-05 17:00:00,174.080002,174.77000,174.0099945,174.74001
2024-06-05 18:00:00,174.78999,175.14000,172.69000,173.32001
2024-06-05 19:00:00,173.28000,173.45000,172.59000,173.080002
2024-06-05 20:00:00,173.039993,173.5,172.75,173.37000
2024-06-05 21:00:00,173.42999,173.55000,172.86000,173.17000
2024-06-05 22:00:00,173.14000,173.80000,172.96001,173.25
2024-06-05 23:00:00,173.20000,173.70000,173.14000,173.5
2024-06-06 00:00:00,173.55000,173.80000,173.16000,173.64999
2024-06-06 01:00:00,173.67000,174.17999,173.24001,173.60001
2024-06-06 02:00:00,173.50999,174.38000,173.50999,174.28999
2024-06-06 03:00:00,174.22000,174.31000,173.64000,173.86000
2024-06-06 04:00:00,174,174,173.0099945,173.64999
2024-06-06 05:00:00,173.69000,173.69000,172.30000,172.35001
2024-06-06 06:00:00,172.38000,172.55000,171.63000,171.95000
2024-06-06 07:00:00,171.89999,172.74001,171.60001,172.59000
2024-06-06 08:00:00,172.66000,173.070007,172.14000,173
2024-06-06 09:00:00,173.11000,173.39999,172.63000,172.80000
2024-06-06 10:00:00,172.78000,172.83000,172.32001,172.71001
2024-06-06 11:00:00,172.80000,173.10001,172.55000,173.080002
2024-06-06 12:00:00,173.070007,173.5,172.56000,172.95000
2024-06-06 13:00:00,172.89999,173.36000,172.55000,172.62000
2024-06-06 14:00:00,172.53999,173.27000,172.41000,173.24001
2024-06-06 15:00:00,173.30000,173.64999,173.020004,173.020004
2024-06-06 16:00:00,172.99001,173.050003,171.48000,171.59000
2024-06-06 17:00:00,171.62000,172.37000,171.059998,171.86000
2024-06-06 18:00:00,171.84000,172.0099945,171.080002,171.080002
2024-06-06 19:00:00,171.089996,171.089996,168.75999,169.10001
2024-06-06 20:00:00,168.94000,170.78999,167.77000,170.66000
2024-06-06 21:00:00,170.39000,170.78000,169.89999,170.22000
2024-06-06 22:00:00,170.089996,170.70000,169.95000,170.55000
2024-06-06 23:00:00,170.42999,170.78999,169.98000,170.14999
2024-06-07 00:00:00,170.039993,170.59000,169.87000,170.23000
2024-06-07 01:00:00,170.16000,170.30000,169.45000,170.17000
2024-06-07 02:00:00,170.24001,170.33000,169.059998,169.89000
2024-06-07 03:00:00,169.87000,170.57001,169.70000,170.57001
2024-06-07 04:00:00,170.5,172.14999,170.46001,172.059998
2024-06-07 05:00:00,172.13000,172.45000,171.74001,172.050003
2024-06-07 06:00:00,172.089996,172.39000,171.81000,172.32001
2024-06-07 07:00:00,172.44000,172.49001,171.98000,172.020004
2024-06-07 08:00:00,172.059998,172.39999,171.84000,172.13000
2024-06-07 09:00:00,172.12000,172.12000,171.44000,171.66000
2024-06-07 10:00:00,171.61000,171.94000,170.95000,171.47000
2024-06-07 11:00:00,171.39000,172.25,171.080002,172.12000
2024-06-07 12:00:00,172.25999,172.60001,169.31000,171.24001
2024-06-07 13:00:00,171.19000,171.71001,170.60001,171.42000
2024-06-07 14:00:00,171.42999,171.63000,170.91000,171.41000
2024-06-07 15:00:00,171.21001,171.41000,169.47000,170.14000
2024-06-07 16:00:00,170.050003,170.34000,168.62000,168.67000
2024-06-07 17:00:00,168.46001,168.46001,165.66000,165.66000
2024-06-07 18:00:00,165.38000,165.38000,154.38000,161.27000
2024-06-07 19:00:00,160.92999,163.089996,160.27000,162.25999
2024-06-07 20:00:00,161.64999,162.96001,161.10001,162.74001
2024-06-07 21:00:00,162.53999,163.029999,162.25999,162.58000
2024-06-07 22:00:00,162.41000,163.089996,162.31000,163.089996
2024-06-07 23:00:00,163.11000,163.11000,162.42000,162.50999
2024-06-08 00:00:00,162.36000,162.36000,161.92000,162.17000
2024-06-08 01:00:00,162.13000,163.10001,162.0099945,163.10001
2024-06-08 02:00:00,163.029999,163.029999,162.23000,162.67999
2024-06-08 03:00:00,162.64000,162.89999,162.37000,162.70000
2024-06-08 04:00:00,162.64000,162.67999,162.029999,162.080002
2024-06-08 05:00:00,161.99001,162.71001,161.62000,162.44000
2024-06-08 06:00:00,162.47000,162.74001,162.14999,162.53000
2024-06-08 07:00:00,162.77000,163.73000,162.72000,163.57001
2024-06-08 08:00:00,163.62000,163.62000,162.56000,162.58000
2024-06-08 09:00:00,162.64000,162.64000,162.070007,162.30000
2024-06-08 10:00:00,162.38000,162.42999,161.5,161.96001
2024-06-08 11:00:00,162.10001,162.21001,160.20000,160.48000
2024-06-08 12:00:00,160.41000,160.77000,159.47000,160.11000
2024-06-08 13:00:00,159.91000,160.42000,158.53999,160.42000
2024-06-08 14:00:00,160.31000,161.22000,159.98000,161.16000
2024-06-08 15:00:00,161.25,161.34000,159.97000,160.10001
2024-06-08 16:00:00,160.17999,160.47000,158.95000,159.71001
2024-06-08 17:00:00,159.67000,160.30000,158.91000,160.22000
2024-06-08 18:00:00,160.25,161.029999,160.020004,160.059998
2024-06-08 19:00:00,160.13000,160.41000,159.42999,159.85001
2024-06-08 20:00:00,159.89999,159.98000,158.69000,159.31000
2024-06-08 21:00:00,159.22000,159.38000,158.72000,158.87000
2024-06-08 22:00:00,158.82001,158.96001,157.41000,158.46001
2024-06-08 23:00:00,158.46001,158.60001,157.72000,157.83000
2024-06-09 00:00:00,157.87000,158.48000,157.78999,158.12000
2024-06-09 01:00:00,158.11000,158.78000,158.070007,158.61000
2024-06-09 02:00:00,158.46001,158.57001,157.059998,157.28000
2024-06-09 03:00:00,157.28000,158,156.63000,157.78000
2024-06-09 04:00:00,157.88000,158.64000,157.85001,158.039993
2024-06-09 05:00:00,157.96001,158.95000,157.28000,158.92000
2024-06-09 06:00:00,158.92000,159.38000,158.81000,159.27000
2024-06-09 07:00:00,159.34000,159.64999,158.98000,159.020004
2024-06-09 08:00:00,158.89999,159.61000,158.69000,159.50999
2024-06-09 09:00:00,159.52000,159.80000,159.28000,159.45000
2024-06-09 10:00:00,159.47000,159.47000,158.95000,158.98000
2024-06-09 11:00:00,158.97000,159.57001,158.95000,159.47000
2024-06-09 12:00:00,159.39000,161.56000,159.25,161.070007
2024-06-09 13:00:00,161.17999,161.25,159.64000,160.50999
2024-06-09 14:00:00,160.47000,161.42999,160.37000,161.36000
2024-06-09 15:00:00,161.35001,161.78000,161.17999,161.62000
2024-06-09 16:00:00,161.75999,161.75999,161.10001,161.13000
2024-06-09 17:00:00,161.20000,161.27000,160.56000,160.83000
2024-06-09 18:00:00,160.83000,162.60001,160.63000,162.42999
2024-06-09 19:00:00,162.45000,163.029999,162.14999,162.14999
2024-06-09 20:00:00,162.0099945,162.14000,161.28000,161.52000
2024-06-09 21:00:00,161.47000,161.98000,161.30000,161.89000
2024-06-09 22:00:00,161.75,162.37000,161.62000,161.87000
2024-06-09 23:00:00,161.91000,162.17000,161.83000,162.12000
2024-06-10 00:00:00,162.17999,162.17999,160.67000,161.17000
2024-06-10 01:00:00,161.11000,161.72000,160.83000,161.19000
2024-06-10 02:00:00,161.13000,161.67999,160.86000,160.99001
2024-06-10 03:00:00,160.92999,160.92999,159.75999,159.81000
2024-06-10 04:00:00,159.72000,160.55000,159.42000,160.25999
2024-06-10 05:00:00,160.20000,160.22000,159.71001,159.82001
2024-06-10 06:00:00,159.82001,160.020004,158.87000,159.30000
2024-06-10 07:00:00,159.21001,159.25,157.60001,157.60001
2024-06-10 08:00:00,157.91000,159.78000,157.91000,159.34000
2024-06-10 09:00:00,159.32001,160.13000,158.60001,160.039993
2024-06-10 10:00:00,160.13000,160.14999,159.62000,159.85001
2024-06-10 11:00:00,159.86000,159.92000,159.22000,159.45000
2024-06-10 12:00:00,159.44000,159.44000,158.45000,158.45000
2024-06-10 13:00:00,158.41000,159.14000,157.74001,158.78000
2024-06-10 14:00:00,158.95000,159.99001,158.23000,159.87000
2024-06-10 15:00:00,160.029999,163.13000,159.86000,162.37000
2024-06-10 16:00:00,162.71001,162.71001,160.89000,162
2024-06-10 17:00:00,161.82001,162.67000,161.31000,162.67000
2024-06-10 18:00:00,162.70000,162.78999,161.13000,161.91000
2024-06-10 19:00:00,161.92999,161.92999,160.080002,160.33000
2024-06-10 20:00:00,160.25,160.62000,158.99001,159.92000
2024-06-10 21:00:00,159.98000,160.32001,158.99001,159.55000
2024-06-10 22:00:00,159.63000,159.63000,158.82001,159.30000
2024-06-10 23:00:00,159.38000,159.46001,158.33000,159.050003
2024-06-11 00:00:00,158.98000,159.64999,158.67000,158.89999
2024-06-11 01:00:00,158.99001,159.64000,155.41000,156.49001
2024-06-11 02:00:00,156.059998,157.78000,154.91000,156.67000
2024-06-11 03:00:00,156.50999,156.95000,155.78999,156.070007
2024-06-11 04:00:00,155.91000,156.14000,152.84000,154.49001
2024-06-11 05:00:00,154.45000,154.53000,153.60001,154.31000
2024-06-11 06:00:00,154.17999,154.72000,153.17000,153.47000
2024-06-11 07:00:00,153.25999,154.23000,152.66000,153.48000
2024-06-11 08:00:00,153.25999,154.37000,153.25999,153.85001
2024-06-11 09:00:00,153.98000,154.36000,152.89999,154.089996
2024-06-11 10:00:00,154.0099945,155.25999,153.75,154.62000
2024-06-11 11:00:00,154.69000,154.83000,153.78000,153.78000
2024-06-11 12:00:00,153.73000,154.44000,153.53000,153.64999
2024-06-11 13:00:00,153.28999,154.39000,150.99001,151.12000
2024-06-11 14:00:00,151.25999,152.73000,150.88000,152.0099945
2024-06-11 15:00:00,151.95000,152.44000,146.62000,147.39000
2024-06-11 16:00:00,147.46001,149.28000,147.050003,147.74001
2024-06-11 17:00:00,147.91000,147.91000,145.71001,147.62000
2024-06-11 18:00:00,147.67999,148.95000,147.33000,148.64999
2024-06-11 19:00:00,148.75999,149.72000,147.84000,149.22000
2024-06-11 20:00:00,149.11000,149.11000,148.14000,148.39000
2024-06-11 21:00:00,148.5,149.58000,148.34000,149.33000
2024-06-11 22:00:00,149.32001,149.94000,148.96001,149.48000
2024-06-11 23:00:00,149.75999,150.17000,148.96001,149.35001
2024-06-12 00:00:00,149.37000,149.50999,148.0099945,148.20000
2024-06-12 01:00:00,148.31000,148.5,145.5,146.87000
2024-06-12 02:00:00,147.10001,149.48000,146.73000,149.28000
2024-06-12 03:00:00,149.62000,149.82001,149.12000,149.70000
2024-06-12 04:00:00,149.75,151.95000,149.63000,151.28000
2024-06-12 05:00:00,151.23000,151.23000,150.13000,150.14999
2024-06-12 06:00:00,150.21001,151.45000,150.17999,150.92999
2024-06-12 07:00:00,150.88000,151.89999,150.88000,151.75999
2024-06-12 08:00:00,151.78000,152.28000,151.27000,151.28000
2024-06-12 09:00:00,151.20000,152.48000,151.059998,152.25
2024-06-12 10:00:00,152.42999,153.5,152.39999,152.75999
2024-06-12 11:00:00,152.80000,153,151.71001,151.80000
2024-06-12 12:00:00,151.75,159.53999,151.71001,158.80000
2024-06-12 13:00:00,159.37000,161.59000,158.35001,159.19000
2024-06-12 14:00:00,159.53000,160.62000,159.41000,159.98000
2024-06-12 15:00:00,159.78000,160.059998,158.0099945,158.83000
2024-06-12 16:00:00,159.050003,159.56000,157.87000,158.82001
2024-06-12 17:00:00,158.75,159.75,158.22000,159.61000
2024-06-12 18:00:00,156.75,158.78000,155.88000,155.97000
2024-06-12 19:00:00,156.28000,158.25,151.77000,152.89999
2024-06-12 20:00:00,153.28999,155.20000,152.99001,154.98000
2024-06-12 21:00:00,154.94000,155.41000,154.75,155.27000
2024-06-12 22:00:00,155.050003,155.59000,154.82001,155.49001
2024-06-12 23:00:00,155.5,155.5,154.39999,155.24001
2024-06-13 00:00:00,155.10001,155.10001,153.78000,154.67000
2024-06-13 01:00:00,154.61000,155.16000,152.80000,152.91000
2024-06-13 02:00:00,152.58000,153.60001,151.70000,151.73000
2024-06-13 03:00:00,151.5,151.64999,150.070007,151.52000
2024-06-13 04:00:00,151.42000,152.81000,151.42000,152.13000
2024-06-13 05:00:00,152.25999,152.58000,152.089996,152.25999
2024-06-13 06:00:00,152.46001,152.46001,150.91000,151.35001
2024-06-13 07:00:00,151.41000,152.12000,150.92000,152.089996
2024-06-13 08:00:00,152.0099945,152.41000,151.55000,151.86000
2024-06-13 09:00:00,151.80000,151.89000,150.42000,151.11000
2024-06-13 10:00:00,151.080002,151.92999,150.17000,151.67999
2024-06-13 11:00:00,151.64000,151.71001,149.27000,149.59000
2024-06-13 12:00:00,149.50999,151.91000,149.48000,149.98000
2024-06-13 13:00:00,150.28999,151.80000,149.47000,150.10001
2024-06-13 14:00:00,150,150.49001,148.69000,149.14000
2024-06-13 15:00:00,148.84000,149.25999,146.25999,147.070007
2024-06-13 16:00:00,146.77000,147.82001,146.44000,147.62000
2024-06-13 17:00:00,147.72000,148.69000,147.080002,148.69000
2024-06-13 18:00:00,148.44000,148.89999,147.98000,148.78000
2024-06-13 19:00:00,148.80000,148.89000,147.88000,147.99001
2024-06-13 20:00:00,147.64000,148.23000,146.75999,147.22000
2024-06-13 21:00:00,147.22000,148.050003,146.050003,147.98000
2024-06-13 22:00:00,147.99001,148.39999,147.19000,148.17999
2024-06-13 23:00:00,147.80000,147.80000,146.92999,147.25
2024-06-14 00:00:00,147.50999,148.089996,146.48000,147.14999
2024-06-14 01:00:00,147.050003,147.89999,146.039993,147.89999
2024-06-14 02:00:00,148.21001,148.37000,147.59000,148.30000
2024-06-14 03:00:00,148.21001,148.28999,147.27000,147.5
2024-06-14 04:00:00,147.71001,148.050003,147.070007,147.070007
2024-06-14 05:00:00,147.20000,148.71001,146.82001,148.69000
2024-06-14 06:00:00,148.67999,148.67999,147.47000,147.92000
2024-06-14 07:00:00,148.080002,148.080002,147.38000,147.64000
2024-06-14 08:00:00,147.59000,148.72000,147.52000,148.44000
2024-06-14 09:00:00,148.38000,148.38000,147.70000,147.80000
2024-06-14 10:00:00,147.89000,148.39999,147.56000,147.86000
2024-06-14 11:00:00,147.81000,148.28999,147.31000,148.020004
2024-06-14 12:00:00,148.22000,148.96001,147.97000,148.32001
2024-06-14 13:00:00,148.25,148.69000,147.73000,147.98000
2024-06-14 14:00:00,147.48000,147.48000,144.039993,145.089996
2024-06-14 15:00:00,144.98000,145.67000,143.14999,143.67000
2024-06-14 16:00:00,143.67999,143.88000,140.42000,141.63000
2024-06-14 17:00:00,141.67999,142.67999,140.53000,141.64999
2024-06-14 18:00:00,141.44000,141.64000,139.92999,141.39000
2024-06-14 19:00:00,141.12000,142.24001,141.12000,141.71001
2024-06-14 20:00:00,141.69000,142.95000,141.69000,141.94000
2024-06-14 21:00:00,141.84000,145.059998,141.42999,143.97000
2024-06-14 22:00:00,144.14999,144.14999,142.24001,143.30000
2024-06-14 23:00:00,143.080002,143.44000,142.64999,143.070007
2024-06-15 00:00:00,143.070007,143.99001,143,143.61000
2024-06-15 01:00:00,143.61000,144.46001,143.25,143.33000
2024-06-15 02:00:00,143.31000,143.97000,143.19000,143.73000
2024-06-15 03:00:00,143.89000,144.92999,143.77000,144.92999
2024-06-15 04:00:00,144.78999,145.16000,144.13000,144.77000
2024-06-15 05:00:00,144.77000,145.50999,144.77000,144.92999
2024-06-15 06:00:00,145.0099945,145.41000,144.12000,144.20000
2024-06-15 07:00:00,144.34000,144.80000,143.72000,143.72000
2024-06-15 08:00:00,143.83000,144.37000,143.57001,143.99001
2024-06-15 09:00:00,144.020004,144.31000,143.27000,143.55000
2024-06-15 10:00:00,143.64000,144.029999,143.12000,144.020004
2024-06-15 11:00:00,144.11000,144.62000,143.84000,144.47000
2024-06-15 12:00:00,144.56000,144.82001,144.039993,144.62000
2024-06-15 13:00:00,144.67000,144.78000,144.19000,144.78000
2024-06-15 14:00:00,144.89999,144.95000,144.32001,144.52000
2024-06-15 15:00:00,144.35001,145.41000,144.33000,145.21001
2024-06-15 16:00:00,145.16000,145.69000,145.089996,145.20000
2024-06-15 17:00:00,145.14000,145.56000,144.92000,145.49001
2024-06-15 18:00:00,145.46001,145.46001,144.69000,144.85001
2024-06-15 19:00:00,144.95000,145.0099945,144.13000,144.64000
2024-06-15 20:00:00,144.64000,144.91000,143.98000,144.34000
2024-06-15 21:00:00,144.32001,145.55000,144.23000,145.27000
2024-06-15 22:00:00,145.14999,145.45000,144.88000,145.45000
2024-06-15 23:00:00,145.5,145.63000,145.25,145.52000
2024-06-16 00:00:00,145.56000,145.56000,144.70000,144.70000
2024-06-16 01:00:00,144.61000,145.11000,144.30000,144.64000
2024-06-16 02:00:00,144.55000,144.64000,144.28999,144.31000
2024-06-16 03:00:00,144.24001,144.55000,143.92999,144.0099945
2024-06-16 04:00:00,144,144.029999,143.16000,143.17999
2024-06-16 05:00:00,143.12000,144.41000,143.12000,144.39999
2024-06-16 06:00:00,144.39999,144.88000,144.089996,144.83000
2024-06-16 07:00:00,144.86000,145.21001,144.46001,144.46001
2024-06-16 08:00:00,144.42000,144.77000,144.0099945,144.19000
2024-06-16 09:00:00,144.11000,144.67000,144,144.67000
2024-06-16 10:00:00,144.74001,145.67000,144.39000,145.37000
2024-06-16 11:00:00,145.49001,145.49001,144.89999,145.029999
2024-06-16 12:00:00,144.94000,145.39999,144.81000,145.089996
2024-06-16 13:00:00,145.11000,145.89000,145.070007,145.74001
2024-06-16 14:00:00,145.85001,146.83000,145.60001,146.28999
2024-06-16 15:00:00,146.39000,148.66000,146.39000,148.56000
2024-06-16 16:00:00,148.64000,149.14000,148.029999,148.25
2024-06-16 17:00:00,148.25,148.89999,147.78000,147.92000
2024-06-16 18:00:00,147.91000,148.50999,147.60001,148.39000
2024-06-16 19:00:00,148.50999,148.97000,148.27000,148.84000
2024-06-16 20:00:00,148.75999,149.32001,148.38000,148.91000
2024-06-16 21:00:00,148.89999,149.53999,148.75999,149.14999
2024-06-16 22:00:00,149.34000,150.87000,149.23000,150.38000
2024-06-16 23:00:00,150.66000,151.27000,150.34000,151.27000
2024-06-17 00:00:00,151.12000,151.77000,150.39999,150.53000
2024-06-17 01:00:00,150.39999,150.56000,148.62000,149
2024-06-17 02:00:00,148.92999,149.029999,147.92000,148.62000
2024-06-17 03:00:00,148.57001,148.60001,147.23000,147.31000
2024-06-17 04:00:00,147.21001,148.46001,146.67999,148.46001
2024-06-17 05:00:00,148.32001,149.17000,147.59000,148.0099945
2024-06-17 06:00:00,147.91000,147.91000,146.33000,146.38000
2024-06-17 07:00:00,146.47000,147.22000,145.92000,147.22000
2024-06-17 08:00:00,147.0099945,147.20000,145.57001,145.89999
2024-06-17 09:00:00,145.84000,146.70000,144.37000,144.44000
2024-06-17 10:00:00,144.39999,144.71001,141.86000,143.28000
2024-06-17 11:00:00,143.14999,144.32001,143.14999,144.029999
2024-06-17 12:00:00,143.83000,144.070007,143.22000,143.24001
2024-06-17 13:00:00,143.20000,143.96001,141.94000,142.46001
2024-06-17 14:00:00,142.53999,144.53000,142.5,143.47000
2024-06-17 15:00:00,143.41000,143.89000,140.97000,141.050003
2024-06-17 16:00:00,140.64000,143.77000,140,143.32001
2024-06-17 17:00:00,143.49001,144.99001,143.38000,144.53999
2024-06-17 18:00:00,144.86000,146.66000,144.75999,146.32001
2024-06-17 19:00:00,146.32001,146.32001,144.47000,144.50999
2024-06-17 20:00:00,144.34000,144.42000,142.33000,143.20000
2024-06-17 21:00:00,143.13000,143.75999,141.70000,143.12000
2024-06-17 22:00:00,143,143.92000,142.74001,143.82001
2024-06-17 23:00:00,143.66000,144.070007,142.94000,143.23000
2024-06-18 00:00:00,143.28999,143.78000,140.33000,141.50999
2024-06-18 01:00:00,142.0099945,142.0099945,129,132.81000
2024-06-18 02:00:00,132.45000,135.56000,131.25,134.88000
2024-06-18 03:00:00,134.70000,135.67999,133.81000,135.61000
2024-06-18 04:00:00,135.44000,137.059998,134.83000,136.78999
2024-06-18 05:00:00,136.85001,137.85001,136.46001,136.55000
2024-06-18 06:00:00,136.63000,137.14999,135.61000,136.10001
2024-06-18 07:00:00,136.35001,137.020004,136.12000,136.78000
2024-06-18 08:00:00,136.66000,138.81000,136.60001,138.5
2024-06-18 09:00:00,138.60001,138.74001,137.28000,137.28000
2024-06-18 10:00:00,137.39000,138.39999,136.86000,137.72000
2024-06-18 11:00:00,137.62000,137.92000,136.13000,137.14999
2024-06-18 12:00:00,137.36000,137.55000,135.41000,135.78999
2024-06-18 13:00:00,136.16000,136.16000,133.14000,134.33000
2024-06-18 14:00:00,134.029999,137.61000,133.050003,135.050003
2024-06-18 15:00:00,134.92000,136.85001,134.38000,135.84000
2024-06-18 16:00:00,135.82001,136,133.49001,134.74001
2024-06-18 17:00:00,135.0099945,135.070007,132.73000,132.73000
2024-06-18 18:00:00,132.48000,134.19000,131.95000,132.28000
2024-06-18 19:00:00,132.56000,132.71001,130.42999,132.71001
2024-06-18 20:00:00,133.33000,136.64999,132.27000,136.61000
2024-06-18 21:00:00,136.91000,138.37000,136.41000,137.75
2024-06-18 22:00:00,137.69000,137.69000,136.45000,137.67000
2024-06-18 23:00:00,137.61000,137.69000,136.59000,137.41000
2024-06-19 00:00:00,137.17999,138.14000,136.13000,138.059998
2024-06-19 01:00:00,137.83000,139.61000,137.23000,137.89000
2024-06-19 02:00:00,138,139.99001,138,139.11000
2024-06-19 03:00:00,139.039993,141.28000,139.039993,140.14999
2024-06-19 04:00:00,140.19000,141.050003,139.96001,140.60001
2024-06-19 05:00:00,140.74001,141,139.58000,139.92999
2024-06-19 06:00:00,139.99001,141.67000,139.75,141.67000
2024-06-19 07:00:00,141.58000,141.77000,139.86000,139.99001
2024-06-19 08:00:00,140.11000,140.14000,138.52000,138.75999
2024-06-19 09:00:00,139.020004,139.22000,137.83000,138.5
2024-06-19 10:00:00,138.52000,139.44000,137.92999,139.42000
2024-06-19 11:00:00,139.32001,139.32001,137.17000,138
2024-06-19 12:00:00,137.83000,138.74001,137.34000,138.44000
2024-06-19 13:00:00,138.49001,138.75,137.46001,137.5
2024-06-19 14:00:00,137.45000,137.45000,135.56000,136.37000
2024-06-19 15:00:00,136.35001,137.13000,136.19000,136.89000
2024-06-19 16:00:00,136.91000,137.49001,136.12000,136.92000
2024-06-19 17:00:00,136.88000,138.81000,136.88000,137.81000
2024-06-19 18:00:00,137.89000,138.49001,137.55000,137.67999
2024-06-19 19:00:00,137.57001,137.60001,135.67000,136.66000
2024-06-19 20:00:00,136.73000,136.78999,134.89000,135.36000
2024-06-19 21:00:00,135.39000,135.98000,134.86000,135.78999
2024-06-19 22:00:00,135.84000,135.92000,134.73000,134.73000
2024-06-19 23:00:00,134.70000,135.85001,134.67000,135.66000
2024-06-20 00:00:00,135.49001,136.080002,134.89000,135.24001
2024-06-20 01:00:00,135.22000,137.17999,134.67000,135
2024-06-20 02:00:00,134.91000,134.94000,133.89999,134.48000
2024-06-20 03:00:00,134.42000,134.50999,132.67000,133.039993
2024-06-20 04:00:00,133.029999,134.31000,132.63000,134.30000
2024-06-20 05:00:00,134.33000,136.27000,134.33000,136.19000
2024-06-20 06:00:00,136.17999,136.86000,135.41000,135.66000
2024-06-20 07:00:00,135.49001,137.86000,135.45000,137.12000
2024-06-20 08:00:00,137.059998,137.63000,136.5,137.63000
2024-06-20 09:00:00,137.71001,137.89000,137.14000,137.36000
2024-06-20 10:00:00,137.47000,139.23000,136.88000,139.23000
2024-06-20 11:00:00,139.31000,141.059998,138.64999,139.14999
2024-06-20 12:00:00,139.35001,139.69000,138.30000,138.30000
2024-06-20 13:00:00,138.33000,138.33000,134.95000,134.95000
2024-06-20 14:00:00,134.85001,134.85001,132.62000,134.55000
2024-06-20 15:00:00,134.61000,134.81000,133.16000,133.28000
2024-06-20 16:00:00,133.27000,133.94000,131.99001,133.13000
2024-06-20 17:00:00,133.14999,134.75,132.85001,134.71001
2024-06-20 18:00:00,134.86000,135.78000,134.35001,134.44000
2024-06-20 19:00:00,134.17000,134.52000,133.61000,133.92999
2024-06-20 20:00:00,134.11000,134.48000,133.67999,134.25
2024-06-20 21:00:00,134.25,134.87000,133.67999,133.67999
2024-06-20 22:00:00,133.70000,134.41000,133.67000,133.88000
2024-06-20 23:00:00,133.88000,134.20000,133.47000,133.53000
2024-06-21 00:00:00,133.57001,133.97000,132.34000,133
2024-06-21 01:00:00,132.94000,134.28999,132.84000,134.24001
2024-06-21 02:00:00,134.28999,134.70000,132.92999,133.050003
2024-06-21 03:00:00,133.020004,133.10001,131.94000,132.69000
2024-06-21 04:00:00,132.35001,133.28999,132,133.070007
2024-06-21 05:00:00,133.020004,133.20000,132.21001,133.039993
2024-06-21 06:00:00,133.070007,133.20000,132.12000,132.60001
2024-06-21 07:00:00,132.63000,132.99001,130.67000,131.48000
2024-06-21 08:00:00,131.55000,131.85001,129.77000,130.25
2024-06-21 09:00:00,130.089996,132.67000,130.080002,132.35001
2024-06-21 10:00:00,132.34000,132.64999,131.71001,132.050003
2024-06-21 11:00:00,132.17000,132.70000,131.69000,132.13000
2024-06-21 12:00:00,132.19000,132.52000,130.62000,131.23000
2024-06-21 13:00:00,131.21001,131.21001,129.75999,130.22000
2024-06-21 14:00:00,130.23000,133.46001,129.82001,132.94000
2024-06-21 15:00:00,133.089996,133.70000,130.80000,131.36000
2024-06-21 16:00:00,131.36000,131.64000,130.46001,130.88000
2024-06-21 17:00:00,130.50999,131.029999,129.080002,129.23000
2024-06-21 18:00:00,129.17999,132.42999,128.81000,132.42999
2024-06-21 19:00:00,132.080002,133.85001,131.71001,132.69000
2024-06-21 20:00:00,133.32001,134.67999,132.99001,133.34000
2024-06-21 21:00:00,133.53999,134.21001,131.98000,133.87000
2024-06-21 22:00:00,133.86000,134.89000,133.28999,134.86000
2024-06-21 23:00:00,134.96001,135.31000,133.86000,134.55000
2024-06-22 00:00:00,134.67000,134.67000,133.070007,133.53999
2024-06-22 01:00:00,133.42999,134.0099945,133.28000,133.69000
2024-06-22 02:00:00,133.82001,135.21001,133.64000,134.89000
2024-06-22 03:00:00,134.99001,135.24001,134.25999,134.92000
2024-06-22 04:00:00,135.14000,135.22000,134.77000,135.14999
2024-06-22 05:00:00,135.14000,135.92000,134.97000,135.92000
2024-06-22 06:00:00,135.95000,136.64000,135.28000,135.35001
2024-06-22 07:00:00,135.49001,135.5,134.53999,134.82001
2024-06-22 08:00:00,134.80000,134.86000,133.83000,134
2024-06-22 09:00:00,133.95000,134.58000,133.78999,134.5
2024-06-22 10:00:00,134.59000,134.67999,133.96001,134.23000
2024-06-22 11:00:00,134.27000,134.61000,133.92000,134.47000
2024-06-22 12:00:00,134.60001,134.75999,134.25,134.25999
2024-06-22 13:00:00,134.20000,134.42000,133.89999,134.070007
2024-06-22 14:00:00,134.10001,134.69000,134.10001,134.5
2024-06-22 15:00:00,134.42000,134.66000,134.029999,134.25999
2024-06-22 16:00:00,134.22000,134.61000,134.0099945,134.61000
2024-06-22 17:00:00,134.89000,134.91000,133.96001,133.96001
2024-06-22 18:00:00,133.97000,134.28999,133.97000,134.12000
2024-06-22 19:00:00,134.13000,134.48000,134.050003,134.41000
2024-06-22 20:00:00,134.52000,134.52000,134.050003,134.25
2024-06-22 21:00:00,134.22000,134.50999,134.14999,134.50999
2024-06-22 22:00:00,134.53999,134.60001,134.17999,134.27000
2024-06-22 23:00:00,134.20000,134.28000,133.20000,133.70000
2024-06-23 00:00:00,133.71001,135.039993,133.60001,134.62000
2024-06-23 01:00:00,134.71001,135.059998,134.25,134.91000
2024-06-23 02:00:00,135.0099945,135.080002,134.28999,134.75
2024-06-23 03:00:00,134.77000,135.050003,134.44000,134.72000
2024-06-23 04:00:00,134.87000,134.95000,134.58000,134.62000
2024-06-23 05:00:00,134.60001,134.85001,134.25999,134.42999
2024-06-23 06:00:00,134.47000,134.69000,134.35001,134.39999
2024-06-23 07:00:00,134.42000,134.80000,134.39999,134.73000
2024-06-23 08:00:00,134.75999,134.75999,134.48000,134.55000
2024-06-23 09:00:00,134.66000,134.83000,134.22000,134.67999
2024-06-23 10:00:00,134.66000,134.74001,133.75999,133.98000
2024-06-23 11:00:00,133.81000,134.19000,133.55000,134.029999
2024-06-23 12:00:00,134.080002,134.36000,133.91000,133.92000
2024-06-23 13:00:00,134.020004,134.21001,133.50999,133.58000
2024-06-23 14:00:00,133.59000,133.63000,132.11000,132.21001
2024-06-23 15:00:00,132.16000,132.67999,131.5,131.55000
2024-06-23 16:00:00,131.50999,132.070007,130.52000,130.75999
2024-06-23 17:00:00,130.84000,131.58000,130.69000,131.20000
2024-06-23 18:00:00,131.44000,131.91000,131.41000,131.73000
2024-06-23 19:00:00,131.69000,132.5,131.39999,131.39999
2024-06-23 20:00:00,131.34000,131.50999,129.69000,130.52000
2024-06-23 21:00:00,130.50999,130.78999,129.56000,130.62000
2024-06-23 22:00:00,130.33000,130.33000,128.72000,129.22000
2024-06-23 23:00:00,129.22000,129.42000,128.24001,128.66000
2024-06-24 00:00:00,128.53999,129.75999,128.32001,129.10001
2024-06-24 01:00:00,128.95000,129.14000,126.80000,127.66000
2024-06-24 02:00:00,127.63000,128.080002,126.019997,126.68000
2024-06-24 03:00:00,126.88000,127.56000,126.15000,126.19000
2024-06-24 04:00:00,126.22000,126.66000,125.52000,126.099998
2024-06-24 05:00:00,126.24000,126.24000,123.55000,123.88000
2024-06-24 06:00:00,124.42000,125.040001,124.27000,124.98000
2024-06-24 07:00:00,124.91000,125.73000,124.52000,125.11000
2024-06-24 08:00:00,125.27000,126.58000,124.71000,125.80000
2024-06-24 09:00:00,126.070000,126.52000,123.64000,126.14000
2024-06-24 10:00:00,126.44000,127.36000,126.080002,126.84000
2024-06-24 11:00:00,126.89000,127.40000,125.95000,127.15000
2024-06-24 12:00:00,126.96000,128.71001,126.81000,128.21001
2024-06-24 13:00:00,128.0099945,129.28999,126.38000,129.12000
2024-06-24 14:00:00,129.029999,129.82001,127.79000,128.47000
2024-06-24 15:00:00,128.49001,128.66000,125.87000,126.080002
2024-06-24 16:00:00,126.12000,127.49000,125.88000,126.86000
2024-06-24 17:00:00,126.58000,128.91000,126.58000,128.20000
2024-06-24 18:00:00,128.14999,130.34000,126.77000,130.34000
2024-06-24 19:00:00,129.91000,130.020004,127.12000,127.13000
2024-06-24 20:00:00,128.28999,128.78999,125.66000,128.23000
2024-06-24 21:00:00,128.17000,131.19000,128.17000,130.82001
2024-06-24 22:00:00,131.029999,131.28999,130.16000,130.25999
2024-06-24 23:00:00,130.33000,132.57001,130.32001,132.34000
2024-06-25 00:00:00,132.27000,132.92999,131.83000,132.27000
2024-06-25 01:00:00,132.24001,132.39999,131.22000,132.17999
2024-06-25 02:00:00,132.34000,133.21001,131.64000,133.080002
2024-06-25 03:00:00,132.85001,136.50999,132.81000,135.81000
2024-06-25 04:00:00,135.99001,136.39000,135.20000,136.35001
2024-06-25 05:00:00,136.44000,136.80000,135.55000,135.73000
2024-06-25 06:00:00,135.70000,136.14000,135.41000,136.029999
2024-06-25 07:00:00,135.98000,136.23000,134.78999,134.78999
2024-06-25 08:00:00,134.97000,134.97000,133.64999,134.30000
2024-06-25 09:00:00,134.42000,137.38000,134.070007,137.070007
2024-06-25 10:00:00,137.080002,139.050003,136.62000,138.84000
2024-06-25 11:00:00,138.75,138.85001,137.23000,137.95000
2024-06-25 12:00:00,138.020004,138.13000,136.55000,136.73000
2024-06-25 13:00:00,136.84000,137.56000,136.57001,136.80000
2024-06-25 14:00:00,137.11000,138.96001,136.71001,138.23000
2024-06-25 15:00:00,138.35001,139.82001,137.37000,139.47000
2024-06-25 16:00:00,139.55000,139.57001,137.36000,137.49001
2024-06-25 17:00:00,137.69000,138.61000,137.34000,137.34000
2024-06-25 18:00:00,137.25,139.33000,137.13000,139.25
2024-06-25 19:00:00,138.98000,139.19000,138.41000,138.74001
2024-06-25 20:00:00,138.88000,138.98000,138.17999,138.24001
2024-06-25 21:00:00,138.25999,138.25999,137.32001,137.39000
2024-06-25 22:00:00,137.50999,138.080002,136.75999,136.95000
2024-06-25 23:00:00,136.95000,136.95000,135.99001,136.59000
2024-06-26 00:00:00,136.56000,137.11000,136.16000,136.44000
2024-06-26 01:00:00,136.61000,139.19000,136.30000,139.050003
2024-06-26 02:00:00,138.95000,140.32001,138.67000,138.88000
2024-06-26 03:00:00,139.039993,139.14999,137.88000,138.50999
2024-06-26 04:00:00,138.57001,138.75,136.88000,136.97000
2024-06-26 05:00:00,136.97000,137.42999,136.33000,136.82001
2024-06-26 06:00:00,137.0099945,137.44000,136.60001,136.92999
2024-06-26 07:00:00,137.059998,137.96001,136.85001,137.96001
2024-06-26 08:00:00,137.99001,137.99001,136.28000,136.52000
2024-06-26 09:00:00,136.57001,137.12000,136.25999,136.88000
2024-06-26 10:00:00,137.029999,137.029999,136.039993,136.59000
2024-06-26 11:00:00,136.74001,137.53999,136.64999,137.32001
2024-06-26 12:00:00,137.39000,137.62000,136.52000,136.91000
2024-06-26 13:00:00,137.14000,138.86000,136.60001,138.56000
2024-06-26 14:00:00,138.62000,139.36000,137.60001,137.87000
2024-06-26 15:00:00,137.87000,137.87000,136.13000,136.94000
2024-06-26 16:00:00,136.95000,137.42999,135.66000,135.97000
2024-06-26 17:00:00,136.080002,136.24001,134.92000,136.24001
2024-06-26 18:00:00,136.050003,136.12000,135.16000,135.69000
2024-06-26 19:00:00,135.59000,137.75999,135.44000,137.73000
2024-06-26 20:00:00,137.67999,138.36000,136.27000,137.11000
2024-06-26 21:00:00,137.14999,137.89999,136.69000,137.66000
2024-06-26 22:00:00,137.78000,138.35001,137.059998,137.39999
2024-06-26 23:00:00,137.5,137.5,136.44000,136.81000
2024-06-27 00:00:00,136.85001,137.47000,136.089996,136.80000
2024-06-27 01:00:00,136.89000,136.92999,136.21001,136.64000
2024-06-27 02:00:00,136.5,136.95000,135.72000,136.82001
2024-06-27 03:00:00,136.87000,137.87000,136.50999,137.42999
2024-06-27 04:00:00,137.58000,137.66000,136.95000,137.020004
2024-06-27 05:00:00,137.029999,137.16000,136.029999,136.14999
2024-06-27 06:00:00,136.13000,136.25999,135.23000,135.89000
2024-06-27 07:00:00,135.89000,136.22000,135.56000,135.94000
2024-06-27 08:00:00,135.99001,136.42000,135.57001,136.42000
2024-06-27 09:00:00,136.45000,138.34000,136.14999,138.25999
2024-06-27 10:00:00,138.44000,139.36000,138.020004,138.42000
2024-06-27 11:00:00,138.58000,139.41000,138.42999,139.12000
2024-06-27 12:00:00,139.089996,140.36000,138.78999,139.59000
2024-06-27 13:00:00,139.66000,149.66000,139.66000,147.91000
2024-06-27 14:00:00,148.27000,151.0099945,147.55000,147.95000
2024-06-27 15:00:00,148.039993,148.28999,146.78999,147.60001
2024-06-27 16:00:00,147.81000,148.21001,146.67000,147.80000
2024-06-27 17:00:00,147.78000,148.63000,147.70000,148.28999
2024-06-27 18:00:00,148.27000,149.37000,147.88000,148.77000
2024-06-27 19:00:00,148.82001,148.82001,147.80000,148.39000
2024-06-27 20:00:00,148.56000,149.61000,148.12000,149.56000
2024-06-27 21:00:00,149.52000,150.31000,149.25,149.99001
2024-06-27 22:00:00,149.97000,150.35001,149.58000,150.22000
2024-06-27 23:00:00,150.25999,150.32001,149.14999,149.74001
2024-06-28 00:00:00,149.63000,149.85001,147.36000,147.57001
2024-06-28 01:00:00,147.42999,150.38000,147.33000,148.95000
2024-06-28 02:00:00,148.89999,149.21001,146.80000,147.059998
2024-06-28 03:00:00,147.070007,147.61000,146.71001,147.53000
2024-06-28 04:00:00,147.50999,147.55000,145.64000,146.14999
2024-06-28 05:00:00,146,146,143.84000,144.22000
2024-06-28 06:00:00,144.35001,145.28999,144.21001,145.10001
2024-06-28 07:00:00,145.21001,145.33000,144.30000,145.33000
2024-06-28 08:00:00,145.32001,145.69000,144.88000,145.49001
2024-06-28 09:00:00,145.45000,146.14999,144.88000,145.87000
2024-06-28 10:00:00,146,146,145.029999,145.38000
2024-06-28 11:00:00,145.28000,145.97000,145.080002,145.52000
2024-06-28 12:00:00,145.42999,146.74001,144.24001,144.46001
2024-06-28 13:00:00,144.67000,145.61000,143.27000,143.56000
2024-06-28 14:00:00,143.63000,144.080002,141.57001,141.88000
2024-06-28 15:00:00,141.67000,144.98000,141.14000,144.36000
2024-06-28 16:00:00,143.33000,143.66000,141.44000,143.44000
2024-06-28 17:00:00,143.059998,143.12000,140.61000,141.28000
2024-06-28 18:00:00,141.27000,142.070007,140.99001,141.72000
2024-06-28 19:00:00,141.64000,142.080002,140.42999,140.89999
2024-06-28 20:00:00,140.99001,141.63000,139.81000,140.25999
2024-06-28 21:00:00,140.080002,140.66000,139.029999,140.30000
2024-06-28 22:00:00,140.41000,140.64999,139.85001,140.12000
2024-06-28 23:00:00,140.080002,140.19000,139.67000,140.029999
2024-06-29 00:00:00,140.050003,141.55000,140.050003,141.029999
2024-06-29 01:00:00,141,142.50999,140.96001,142.039993
2024-06-29 02:00:00,142.080002,142.35001,141.67000,142.070007
2024-06-29 03:00:00,142.080002,142.19000,141.57001,141.78999
2024-06-29 04:00:00,141.77000,141.89999,141.25,141.35001
2024-06-29 05:00:00,141.33000,141.39999,140.24001,140.64999
2024-06-29 06:00:00,140.70000,141.32001,140.67000,141.13000
2024-06-29 07:00:00,141.17999,142.52000,141.17999,142
2024-06-29 08:00:00,142.089996,142.36000,141.50999,142.25999
2024-06-29 09:00:00,142.19000,142.78000,141.74001,142.77000
2024-06-29 10:00:00,142.82001,143.080002,142.56000,142.63000
2024-06-29 11:00:00,142.61000,142.75999,142.27000,142.66000
2024-06-29 12:00:00,142.70000,143,142.0099945,142.27000
2024-06-29 13:00:00,142.28000,142.46001,141.94000,142.10001
2024-06-29 14:00:00,142.17999,142.57001,141.58000,141.83000
2024-06-29 15:00:00,141.83000,142.72000,141.53000,142.66000
2024-06-29 16:00:00,142.64999,142.64999,141.92999,142.25
2024-06-29 17:00:00,142.25999,142.45000,141.70000,142.34000
2024-06-29 18:00:00,142.39000,142.39000,141.80000,142.0099945
2024-06-29 19:00:00,141.95000,142.12000,141.10001,141.72000
2024-06-29 20:00:00,141.71001,141.81000,140.89999,141.070007
2024-06-29 21:00:00,140.98000,141.14000,140.52000,140.69000
2024-06-29 22:00:00,140.71001,140.86000,139.77000,140.029999
2024-06-29 23:00:00,140.0099945,140.53999,139.98000,140.25
2024-06-30 00:00:00,140.17999,141.089996,140.029999,140.78000
2024-06-30 01:00:00,140.80000,140.80000,139.78000,140.089996
2024-06-30 02:00:00,140.14000,140.16000,138.37000,138.95000
2024-06-30 03:00:00,138.92000,139.24001,138.28999,138.28999
2024-06-30 04:00:00,138.24001,138.24001,137.42000,137.57001
2024-06-30 05:00:00,137.59000,137.81000,137.24001,137.67999
2024-06-30 06:00:00,137.64999,139.10001,137.52000,139.10001
2024-06-30 07:00:00,139.089996,141.089996,139.089996,140.55000
2024-06-30 08:00:00,140.67000,141.57001,140.49001,141.30000
2024-06-30 09:00:00,141.30000,141.78000,140.86000,140.96001
2024-06-30 10:00:00,140.94000,141.24001,140.36000,140.78999
2024-06-30 11:00:00,140.73000,141.5,140.73000,141.16000
2024-06-30 12:00:00,141.21001,141.59000,140.59000,141.0099945
2024-06-30 13:00:00,141.17000,142.49001,141.17000,142.49001
2024-06-30 14:00:00,142.39000,142.44000,141.73000,142.13000
2024-06-30 15:00:00,142.14999,143.95000,142.14999,143.81000
2024-06-30 16:00:00,143.82001,143.91000,142.78000,143.22000
2024-06-30 17:00:00,143.23000,144.17999,143.029999,144.070007
2024-06-30 18:00:00,144.17000,145.80000,143.91000,145.30000
2024-06-30 19:00:00,145.34000,145.34000,144.60001,144.81000
2024-06-30 20:00:00,144.92000,145.85001,144.47000,144.47000
2024-06-30 21:00:00,144.55000,144.80000,144.059998,144.53999
2024-06-30 22:00:00,144.74001,147.47000,144.59000,147.10001
2024-06-30 23:00:00,147.14000,147.14000,146.41000,146.60001
2024-07-01 00:00:00,146.74001,148.089996,146.029999,147.99001
2024-07-01 01:00:00,147.86000,148.70000,147.5,148.14000
2024-07-01 02:00:00,148.24001,148.71001,147.059998,147.42000
2024-07-01 03:00:00,147.49001,147.92999,147.35001,147.52000
2024-07-01 04:00:00,147.67999,148.11000,147.25,147.42000
2024-07-01 05:00:00,147.53999,148.48000,147.53999,148.020004
2024-07-01 06:00:00,148,148.10001,147.19000,148
2024-07-01 07:00:00,147.94000,148.59000,147.52000,148.28000
2024-07-01 08:00:00,148.33000,148.97000,146.95000,147.57001
2024-07-01 09:00:00,147.49001,148,146.88000,147.89000
2024-07-01 10:00:00,147.78000,147.88000,146.78000,146.88000
2024-07-01 11:00:00,146.80000,146.92999,145.89999,146.12000
2024-07-01 12:00:00,146.11000,147.48000,146.11000,147.45000
2024-07-01 13:00:00,147.49001,148.31000,146.36000,146.94000
2024-07-01 14:00:00,147.029999,148.020004,146.25999,147.80000
2024-07-01 15:00:00,147.85001,148.61000,147.55000,148.45000
2024-07-01 16:00:00,148.39999,149.12000,147.69000,147.92999
2024-07-01 17:00:00,147.92000,148.42000,147.080002,148.059998
2024-07-01 18:00:00,148.070007,148.71001,147.32001,147.81000
2024-07-01 19:00:00,147.75,147.83000,146.71001,147.45000
2024-07-01 20:00:00,147.25999,148,147.23000,147.52000
2024-07-01 21:00:00,147.52000,148.24001,147.24001,147.67999
2024-07-01 22:00:00,147.39999,147.70000,146.059998,146.88000
2024-07-01 23:00:00,146.82001,147.089996,146.080002,146.71001
2024-07-02 00:00:00,146.67999,147.63000,146.16000,147.55000
2024-07-02 01:00:00,147.36000,147.83000,146.98000,147.64000
2024-07-02 02:00:00,147.62000,149.029999,147.62000,149.029999
2024-07-02 03:00:00,148.98000,149.62000,148.48000,149.16000
2024-07-02 04:00:00,149.24001,149.82001,148.89000,148.89000
2024-07-02 05:00:00,148.87000,149.25,148.77000,149.089996
2024-07-02 06:00:00,149.089996,149.17000,147.63000,147.75
2024-07-02 07:00:00,147.71001,147.75999,147.029999,147.41000
2024-07-02 08:00:00,147.48000,148.34000,146.92999,148.0099945
2024-07-02 09:00:00,148.050003,148.5,147.80000,148.36000
2024-07-02 10:00:00,148.25999,148.88000,147.73000,148.71001
2024-07-02 11:00:00,148.80000,150.029999,148.53000,149.69000
2024-07-02 12:00:00,149.61000,151.42999,148.95000,150.58000
2024-07-02 13:00:00,150.42000,151.47000,148.89000,148.95000
2024-07-02 14:00:00,148.96001,149.14999,147.39000,148.25999
2024-07-02 15:00:00,148.28000,148.96001,147.83000,148.37000
2024-07-02 16:00:00,148.25999,149.080002,147.75,149.020004
2024-07-02 17:00:00,148.96001,149.95000,148.30000,149.95000
2024-07-02 18:00:00,150.25999,153.14999,150.14999,153.0099945
2024-07-02 19:00:00,153.11000,153.41000,152.24001,152.64999
2024-07-02 20:00:00,152.85001,153.39000,152.35001,153.13000
2024-07-02 21:00:00,153.32001,154,152.96001,153.69000
2024-07-02 22:00:00,153.92000,154.82001,153.73000,154.71001
2024-07-02 23:00:00,154.67000,154.99001,153.73000,153.92999
2024-07-03 00:00:00,154.080002,154.48000,153.44000,153.57001
2024-07-03 01:00:00,153.50999,153.89000,151.97000,152.020004
2024-07-03 02:00:00,151.97000,152.71001,151.66000,152.14000
2024-07-03 03:00:00,152.10001,152.10001,149.48000,150.53999
2024-07-03 04:00:00,150.39999,150.39999,147.82001,148.22000
2024-07-03 05:00:00,148.34000,149.39000,148.24001,149.39000
2024-07-03 06:00:00,149.38000,149.62000,148.74001,148.74001
2024-07-03 07:00:00,148.92000,148.92000,146.47000,146.80000
2024-07-03 08:00:00,146.24001,146.78999,145.14999,146.39000
2024-07-03 09:00:00,146.46001,147.27000,146.39999,146.5
2024-07-03 10:00:00,146.42999,146.42999,143.96001,144.19000
2024-07-03 11:00:00,144.039993,144.37000,143.039993,144.070007
2024-07-03 12:00:00,143.85001,143.91000,141.33000,141.33000
2024-07-03 13:00:00,141.50999,144.10001,141.28000,144.089996
2024-07-03 14:00:00,143.91000,143.96001,141.66000,141.66000
2024-07-03 15:00:00,141.64000,142.67000,141.22000,141.72000
2024-07-03 16:00:00,141.52000,143.13000,141.39999,142.57001
2024-07-03 17:00:00,142.55000,142.78000,141.44000,142
2024-07-03 18:00:00,141.89000,142.56000,141.38000,141.83000
2024-07-03 19:00:00,141.61000,141.84000,139.64000,140.39999
2024-07-03 20:00:00,140.75999,141.50999,139.95000,139.95000
2024-07-03 21:00:00,140.21001,142.039993,139.55000,141.77000
2024-07-03 22:00:00,141.55000,141.80000,140.66000,141.36000
2024-07-03 23:00:00,141.34000,141.34000,140.49001,140.78000
2024-07-04 00:00:00,140.83000,142.71001,140.83000,141.47000
2024-07-04 01:00:00,141.41000,141.56000,133.5,134.31000
2024-07-04 02:00:00,134.0099945,136.84000,133.75999,136.020004
2024-07-04 03:00:00,136.059998,137.22000,135.72000,137.029999
2024-07-04 04:00:00,136.89000,137.30000,136.25,136.62000
2024-07-04 05:00:00,136.75999,136.75999,135.97000,136.0099945
2024-07-04 06:00:00,135.91000,136.039993,134.13000,134.64000
2024-07-04 07:00:00,134.58000,135.22000,134.070007,134.30000
2024-07-04 08:00:00,134.25999,135.53000,133.64000,135.53000
2024-07-04 09:00:00,135.39000,135.81000,133.95000,134.38000
2024-07-04 10:00:00,134.14999,134.38000,132.39000,134.32001
2024-07-04 11:00:00,134.27000,134.5,132.59000,132.74001
2024-07-04 12:00:00,132.45000,134.31000,132.37000,133.059998
2024-07-04 13:00:00,132.89999,133.47000,129.87000,133.19000
2024-07-04 14:00:00,133.5,135.029999,132.60001,134.41000
2024-07-04 15:00:00,134.28999,135.61000,133.78999,135.33000
2024-07-04 16:00:00,135.34000,135.34000,134.029999,135.17999
2024-07-04 17:00:00,135.45000,135.55000,134.74001,135.20000
2024-07-04 18:00:00,135.20000,135.22000,133.75999,134.059998
2024-07-04 19:00:00,134.22000,135.91000,133.99001,133.99001
2024-07-04 20:00:00,133.95000,135.050003,133.38000,135.050003
2024-07-04 21:00:00,134.82001,135.60001,134.38000,134.97000
2024-07-04 22:00:00,134.91000,135.25999,132.46001,132.57001
2024-07-04 23:00:00,132.48000,132.48000,127.23000,127.66000
2024-07-05 00:00:00,128.039993,128.75,125.25,128.56000
2024-07-05 01:00:00,128.84000,128.99001,126.73000,128.69000
2024-07-05 02:00:00,128.46001,128.46001,123.5,123.5
2024-07-05 03:00:00,123.25,124.16000,121.73000,123.73000
2024-07-05 04:00:00,123.70000,126.74000,121.070000,125.45000
2024-07-05 05:00:00,125.35000,127.64000,125.35000,127.30000
2024-07-05 06:00:00,127.040001,127.040001,124.62000,125.099998
2024-07-05 07:00:00,125.050003,127.019997,124.26000,126.63000
2024-07-05 08:00:00,126.74000,126.74000,122.78000,122.78000
2024-07-05 09:00:00,122.87000,126.39000,122.30000,126.070000
2024-07-05 10:00:00,126.15000,129.57001,125.88000,128.53999
2024-07-05 11:00:00,128.70000,130.74001,128.67999,130.13000
2024-07-05 12:00:00,129.78000,132.60001,128.87000,128.87000
2024-07-05 13:00:00,129.059998,133.42999,128.64000,133.21001
2024-07-05 14:00:00,133.059998,133.53999,130.97000,132.63000
2024-07-05 15:00:00,132.44000,134.92999,132.23000,134.92999
2024-07-05 16:00:00,134.53000,136.10001,134.039993,134.67999
2024-07-05 17:00:00,134.53999,135.47000,133.91000,135.039993
2024-07-05 18:00:00,135.029999,135.91000,134.14000,135.71001
2024-07-05 19:00:00,135.66000,135.80000,134.67999,134.92000
2024-07-05 20:00:00,134.94000,135.39000,134.28999,135.27000
2024-07-05 21:00:00,135.49001,135.77000,134.53000,134.82001
2024-07-05 22:00:00,134.85001,135.25999,134.13000,134.17000
2024-07-05 23:00:00,134.38000,134.95000,134.25,134.30000
2024-07-06 00:00:00,134.20000,137.66000,133.52000,135.25999
2024-07-06 01:00:00,135.22000,135.22000,133.39000,133.45000
2024-07-06 02:00:00,133.63000,133.94000,132.47000,133.62000
2024-07-06 03:00:00,133.66000,134.92000,133.66000,134.42000
2024-07-06 04:00:00,134.34000,134.84000,133.58000,133.58000
2024-07-06 05:00:00,133.64999,134.88000,133.64999,134.44000
2024-07-06 06:00:00,134.36000,136.74001,134.36000,136
2024-07-06 07:00:00,135.87000,137.32001,135.87000,136.99001
2024-07-06 08:00:00,136.92999,137.98000,136.49001,137.21001
2024-07-06 09:00:00,137.070007,139.99001,136.78000,139.99001
2024-07-06 10:00:00,139.78999,140.49001,139.44000,139.81000
2024-07-06 11:00:00,139.74001,139.74001,138.61000,138.85001
2024-07-06 12:00:00,138.74001,139.10001,137.82001,138.77000
2024-07-06 13:00:00,138.94000,140.25,138.24001,139.48000
2024-07-06 14:00:00,139.56000,140.16000,138.22000,139.87000
2024-07-06 15:00:00,139.86000,142.020004,139.41000,141.58000
2024-07-06 16:00:00,141.88000,143.48000,141,142.58000
2024-07-06 17:00:00,142.39999,142.89000,141.83000,142.44000
2024-07-06 18:00:00,142.42999,142.55000,141.82001,142.49001
2024-07-06 19:00:00,142.44000,143.080002,142.050003,142.85001
2024-07-06 20:00:00,142.92999,143.71001,142.25999,142.53000
2024-07-06 21:00:00,142.73000,144.13000,142.73000,143.070007
2024-07-06 22:00:00,143.17000,144.0099945,143.050003,143.92000
2024-07-06 23:00:00,143.94000,144.070007,142.78999,143.13000
2024-07-07 00:00:00,143.31000,143.31000,141.12000,141.21001
2024-07-07 01:00:00,141.36000,141.59000,140.35001,141.10001
2024-07-07 02:00:00,141.21001,142.95000,141.20000,142.63000
2024-07-07 03:00:00,142.50999,142.50999,140.84000,142.12000
2024-07-07 04:00:00,142.059998,142.059998,139.34000,139.37000
2024-07-07 05:00:00,139.44000,140.34000,138.62000,140.13000
2024-07-07 06:00:00,140.089996,140.95000,139.70000,139.78999
2024-07-07 07:00:00,139.77000,140.41000,138.10001,139.070007
2024-07-07 08:00:00,139.19000,139.63000,138.75999,139.42999
2024-07-07 09:00:00,139.57001,140.39999,139.21001,139.91000
2024-07-07 10:00:00,139.89999,140.58000,139.24001,139.55000
2024-07-07 11:00:00,139.52000,140.16000,139.22000,139.91000
2024-07-07 12:00:00,139.78000,140.67999,138.75999,139.67999
2024-07-07 13:00:00,139.69000,139.69000,136.62000,136.85001
2024-07-07 14:00:00,136.81000,137.13000,135.74001,137.020004
2024-07-07 15:00:00,136.89000,138.039993,136.44000,137.070007
2024-07-07 16:00:00,137.38000,138.64999,136.92000,138.22000
2024-07-07 17:00:00,138.39999,138.89999,137.37000,138.66000
2024-07-07 18:00:00,138.78000,139.38000,137.84000,138.039993
2024-07-07 19:00:00,137.88000,138.28999,137.13000,137.30000
2024-07-07 20:00:00,137.28000,137.80000,136.53000,136.83000
2024-07-07 21:00:00,136.89999,136.89999,133.67999,134.47000
2024-07-07 22:00:00,134.25,135.039993,133.11000,133.11000
2024-07-07 23:00:00,133.32001,133.64999,131.39999,131.53000
2024-07-08 00:00:00,131.83000,132.92000,128.85001,129.10001
2024-07-08 01:00:00,128.87000,129.74001,128.089996,129.47000
2024-07-08 02:00:00,129.53999,131.99001,128.66000,131.029999
2024-07-08 03:00:00,131.10001,132.039993,130.25,130.74001
2024-07-08 04:00:00,130.82001,133.41000,129.95000,133.13000
2024-07-08 05:00:00,132.99001,133.91000,132.020004,132.80000
2024-07-08 06:00:00,133.020004,133.69000,132.059998,132.60001
2024-07-08 07:00:00,132.64000,132.91000,131.66000,132.57001
2024-07-08 08:00:00,132.35001,140.55000,132.35001,140.55000
2024-07-08 09:00:00,140.14999,141.72000,139.029999,139.47000
2024-07-08 10:00:00,139.71001,140.95000,138.22000,138.33000
2024-07-08 11:00:00,138.53000,141.73000,138.53000,140.61000
2024-07-08 12:00:00,140.62000,141.60001,139.42000,140.53000
2024-07-08 13:00:00,140.33000,141.39000,139.84000,140.69000
2024-07-08 14:00:00,140.71001,141.33000,134.48000,138.33000
2024-07-08 15:00:00,138.44000,139.75,136.81000,137.34000
2024-07-08 16:00:00,137.64000,138.5,135.33000,136.58000
2024-07-08 17:00:00,136.50999,137.61000,135.78000,137.039993
2024-07-08 18:00:00,137.080002,138.14999,136.46001,137.80000
2024-07-08 19:00:00,137.78999,138.42999,137.30000,138.35001
2024-07-08 20:00:00,138.33000,139.50999,137.36000,138.57001
2024-07-08 21:00:00,138.63000,140.98000,138.47000,140.070007
2024-07-08 22:00:00,140.0099945,140.99001,139.66000,140.35001
2024-07-08 23:00:00,140.14999,140.45000,139.16000,139.71001
2024-07-09 00:00:00,139.81000,139.81000,137.92000,138.24001
2024-07-09 01:00:00,138.31000,141.070007,137.070007,137.22000
2024-07-09 02:00:00,137.059998,139.92000,136.53000,139.78000
2024-07-09 03:00:00,139.75999,140.69000,138.56000,140.42999
2024-07-09 04:00:00,140.47000,141.64000,140.11000,140.75
2024-07-09 05:00:00,140.63000,141.59000,140.58000,141.55000
2024-07-09 06:00:00,141.28000,143.24001,141.020004,142.66000
2024-07-09 07:00:00,142.78000,143.37000,141.88000,141.94000
2024-07-09 08:00:00,142.11000,144.059998,141.53000,142.53999
2024-07-09 09:00:00,142.31000,143.14000,141.81000,141.81000
2024-07-09 10:00:00,141.83000,142.13000,140.89000,141.42999
2024-07-09 11:00:00,141.49001,142.11000,140.44000,142
2024-07-09 12:00:00,142.029999,142.22000,140.83000,141.050003
2024-07-09 13:00:00,141.14000,141.39000,139.71001,140.57001
2024-07-09 14:00:00,140.71001,142.82001,139.21001,139.21001
2024-07-09 15:00:00,138.94000,140.60001,138.74001,140.60001
2024-07-09 16:00:00,140.55000,142.62000,140.20000,142.62000
2024-07-09 17:00:00,142.80000,142.94000,140.96001,141.42999
2024-07-09 18:00:00,141.63000,142.96001,141.039993,142.59000
2024-07-09 19:00:00,142.56000,142.56000,141.71001,142.17000
2024-07-09 20:00:00,142.10001,143.42000,141.95000,142.55000
2024-07-09 21:00:00,142.67000,143.28000,141.95000,142.059998
2024-07-09 22:00:00,142.050003,142.32001,140.97000,141.24001
2024-07-09 23:00:00,141.27000,141.98000,141.050003,141.37000
2024-07-10 00:00:00,141.42000,141.42000,139.13000,139.13000
2024-07-10 01:00:00,139.070007,140.67999,138.67999,140.089996
2024-07-10 02:00:00,140.24001,141.12000,139.50999,141.080002
2024-07-10 03:00:00,141,141.80000,140.75,141.78999
2024-07-10 04:00:00,141.75999,145.64999,141.75999,145.20000
2024-07-10 05:00:00,145.35001,145.95000,143.83000,144.059998
2024-07-10 06:00:00,144.029999,144.99001,143.55000,144.89000
2024-07-10 07:00:00,145,145,143.34000,144.17999
2024-07-10 08:00:00,144.33000,144.47000,143.36000,143.94000
2024-07-10 09:00:00,143.59000,143.95000,142.42999,143.11000
2024-07-10 10:00:00,143.050003,143.92999,143.050003,143.92999
2024-07-10 11:00:00,143.94000,143.97000,142.36000,142.86000
2024-07-10 12:00:00,142.78999,143.12000,140.64000,142.020004
2024-07-10 13:00:00,141.87000,142.89999,141.17999,141.83000
2024-07-10 14:00:00,141.57001,142.41000,140.28000,140.86000
2024-07-10 15:00:00,140.77000,141.69000,140.059998,141.17000
2024-07-10 16:00:00,141.23000,142.52000,140.98000,141.19000
2024-07-10 17:00:00,141.12000,141.25,140.39000,141.020004
2024-07-10 18:00:00,141.13000,141.56000,140.60001,140.86000
2024-07-10 19:00:00,140.72000,141.42999,140.38000,141.22000
2024-07-10 20:00:00,141.27000,141.53000,140.60001,140.81000
2024-07-10 21:00:00,140.81000,141.25999,140.28999,141.20000
2024-07-10 22:00:00,141.33000,141.97000,141.12000,141.63000
2024-07-10 23:00:00,141.56000,142.37000,141.30000,142.080002
2024-07-11 00:00:00,141.96001,141.96001,140.46001,141.69000
2024-07-11 01:00:00,141.64999,142.99001,140.89000,142.92000
2024-07-11 02:00:00,142.95000,143.11000,141.74001,141.74001
2024-07-11 03:00:00,141.81000,141.81000,139.25,140.31000
2024-07-11 04:00:00,140.14000,140.92999,140.12000,140.50999
2024-07-11 05:00:00,140.52000,141.21001,140.25,141.17000
2024-07-11 06:00:00,141.21001,141.75999,140.86000,141.53000
2024-07-11 07:00:00,141.55000,142.46001,141.14999,142.089996
2024-07-11 08:00:00,142.30000,142.91000,142.14999,142.48000
2024-07-11 09:00:00,142.64999,142.91000,142.33000,142.69000
2024-07-11 10:00:00,142.75999,143.080002,142.13000,142.99001
2024-07-11 11:00:00,143.050003,143.94000,142.98000,143.56000
2024-07-11 12:00:00,143.60001,145.39999,143.20000,143.56000
2024-07-11 13:00:00,143.64999,143.77000,141.95000,142.36000
2024-07-11 14:00:00,142.59000,142.59000,140.11000,140.82001
2024-07-11 15:00:00,140.73000,141.12000,137.82001,138.31000
2024-07-11 16:00:00,138.28000,138.94000,137.47000,138.32001
2024-07-11 17:00:00,138.32001,138.95000,138.039993,138.22000
2024-07-11 18:00:00,138.14999,138.84000,138.059998,138.66000
2024-07-11 19:00:00,138.70000,138.70000,136.56000,136.62000
2024-07-11 20:00:00,136.53000,137.36000,135.72000,136.99001
2024-07-11 21:00:00,136.99001,137.39999,135.96001,136.62000
2024-07-11 22:00:00,136.47000,137.13000,136.17000,136.77000
2024-07-11 23:00:00,136.70000,136.98000,135.77000,135.77000
2024-07-12 00:00:00,135.72000,137.089996,135.46001,135.84000
2024-07-12 01:00:00,135.94000,136.42999,134.089996,136.25
2024-07-12 02:00:00,136.31000,138.17000,135.85001,138.039993
2024-07-12 03:00:00,138.0099945,138.0099945,136.14999,136.52000
2024-07-12 04:00:00,136.67999,136.82001,135.47000,136.10001
2024-07-12 05:00:00,136.17999,136.17999,135.10001,135.64000
2024-07-12 06:00:00,135.48000,137.029999,135.48000,136.30000
2024-07-12 07:00:00,136.37000,136.67000,134.67999,135.42999
2024-07-12 08:00:00,135.35001,135.78999,135.050003,135.78999
2024-07-12 09:00:00,135.86000,135.87000,134.45000,134.67000
2024-07-12 10:00:00,134.58000,135.59000,134.17000,135.59000
2024-07-12 11:00:00,135.59000,135.83000,135.17999,135.57001
2024-07-12 12:00:00,135.64000,136.86000,135.53999,136.67000
2024-07-12 13:00:00,136.73000,139.14999,136.63000,138.77000
2024-07-12 14:00:00,138.99001,138.99001,137.70000,137.83000
2024-07-12 15:00:00,137.81000,139.24001,137.81000,138.92999
2024-07-12 16:00:00,138.85001,139.32001,137.83000,138.49001
2024-07-12 17:00:00,138.48000,139.12000,137.94000,138.92999
2024-07-12 18:00:00,138.88000,140.48000,138.61000,139.91000
2024-07-12 19:00:00,139.88000,140.11000,138.5,138.5
2024-07-12 20:00:00,138.64000,138.64000,136.85001,138.12000
2024-07-12 21:00:00,138.14999,138.28000,137.58000,138.28000
2024-07-12 22:00:00,138.14999,138.73000,138.029999,138.70000
2024-07-12 23:00:00,138.77000,139.53000,138.53000,139.48000
2024-07-13 00:00:00,139.48000,139.48000,138.69000,138.97000
2024-07-13 01:00:00,139.0099945,139.88000,138.87000,139.10001
2024-07-13 02:00:00,139.11000,139.13000,138.28999,139.039993
2024-07-13 03:00:00,139.089996,139.27000,138.73000,138.75
2024-07-13 04:00:00,138.83000,138.83000,138.10001,138.16000
2024-07-13 05:00:00,138.12000,139.14999,137.98000,139.14999
2024-07-13 06:00:00,139.16000,139.46001,138.72000,138.95000
2024-07-13 07:00:00,138.92999,139.38000,138.64000,139.38000
2024-07-13 08:00:00,139.39000,139.58000,138.53999,138.63000
2024-07-13 09:00:00,138.53000,140.67999,138.45000,140.67000
2024-07-13 10:00:00,140.67000,140.72000,139.27000,139.84000
2024-07-13 11:00:00,139.63000,140.17000,139.36000,140.070007
2024-07-13 12:00:00,140.14999,140.53000,139.75999,140.28999
2024-07-13 13:00:00,140.31000,140.45000,139.69000,140.10001
2024-07-13 14:00:00,140,140.020004,139.32001,139.92999
2024-07-13 15:00:00,139.89999,140.48000,139.57001,140.39999
2024-07-13 16:00:00,140.42000,140.77000,139.35001,139.71001
2024-07-13 17:00:00,139.61000,139.84000,139.34000,139.64999
2024-07-13 18:00:00,139.63000,139.87000,139.24001,139.42000
2024-07-13 19:00:00,139.34000,139.92999,139.34000,139.88000
2024-07-13 20:00:00,139.77000,140.20000,139.72000,139.78000
2024-07-13 21:00:00,139.73000,140.20000,139.45000,140.20000
2024-07-13 22:00:00,140.20000,142.20000,139.14999,142.20000
2024-07-13 23:00:00,142.55000,143.48000,141.52000,141.87000
2024-07-14 00:00:00,142.11000,145.020004,142.089996,144.94000
2024-07-14 01:00:00,145.039993,145.089996,143.70000,145
2024-07-14 02:00:00,145.020004,145.089996,143.17000,143.64000
2024-07-14 03:00:00,143.73000,144.50999,143.66000,144.039993
2024-07-14 04:00:00,143.92000,145.89999,143.92000,144.98000
2024-07-14 05:00:00,145.10001,145.75999,144.17999,145.62000
2024-07-14 06:00:00,145.87000,145.92000,144.39999,144.55000
2024-07-14 07:00:00,144.46001,145.14999,144.35001,144.78000
2024-07-14 08:00:00,144.89999,145.46001,144.86000,145.36000
2024-07-14 09:00:00,145.45000,146.88000,145.080002,146.64000
2024-07-14 10:00:00,146.55000,146.75999,145.059998,145.059998
2024-07-14 11:00:00,145.080002,145.60001,144.84000,144.84000
2024-07-14 12:00:00,144.86000,144.92999,143.75,143.95000
2024-07-14 13:00:00,144.020004,144.78999,144.020004,144.42999
2024-07-14 14:00:00,144.39999,145.10001,143.59000,145.059998
2024-07-14 15:00:00,145,146,144.69000,145.89000
2024-07-14 16:00:00,145.91000,145.92000,145.11000,145.53999
2024-07-14 17:00:00,145.48000,145.58000,144.77000,145.14999
2024-07-14 18:00:00,145.14000,145.23000,144.82001,145.059998
2024-07-14 19:00:00,144.99001,145.31000,144.70000,145.25999
2024-07-14 20:00:00,145.22000,146.39000,145.13000,145.69000
2024-07-14 21:00:00,145.63000,148.050003,145.46001,148.0099945
2024-07-14 22:00:00,148.14999,148.14999,146.64000,147.14999
2024-07-14 23:00:00,147.22000,148.53000,147.12000,147.72000
2024-07-15 00:00:00,147.67999,150.74001,147.039993,150.39999
2024-07-15 01:00:00,150.32001,151.31000,149.84000,150.73000
2024-07-15 02:00:00,150.92999,152.020004,150.53999,151.92000
2024-07-15 03:00:00,151.92000,151.99001,150.82001,151.39000
2024-07-15 04:00:00,151.46001,151.95000,150.75999,151.86000
2024-07-15 05:00:00,151.99001,152.12000,151.49001,151.92999
2024-07-15 06:00:00,152.0099945,153.53000,151.80000,153.0099945
2024-07-15 07:00:00,153.24001,154.0099945,153.029999,153.33000
2024-07-15 08:00:00,153.23000,154.0099945,152.70000,152.70000
2024-07-15 09:00:00,152.74001,152.89000,152.12000,152.14999
2024-07-15 10:00:00,152.30000,152.58000,151.32001,151.32001
2024-07-15 11:00:00,151.53999,151.99001,151.050003,151.64000
2024-07-15 12:00:00,151.71001,152.92999,151.71001,152.28999
2024-07-15 13:00:00,152.16000,153.78000,151.77000,153.28000
2024-07-15 14:00:00,153.25999,153.47000,151.84000,153.38000
2024-07-15 15:00:00,153.56000,153.98000,152.28999,152.86000
2024-07-15 16:00:00,152.91000,154.89999,152.60001,153.99001
2024-07-15 17:00:00,153.42999,154.87000,153.42999,154.21001
2024-07-15 18:00:00,154.23000,156.25,153.94000,155.85001
2024-07-15 19:00:00,155.86000,156.94000,154.75999,155.36000
2024-07-15 20:00:00,155.25999,157.039993,155.25999,156.64999
2024-07-15 21:00:00,156.70000,157.45000,155.97000,155.97000
2024-07-15 22:00:00,156.17000,159.44000,156.0099945,158.71001
2024-07-15 23:00:00,158.78000,159.89999,158.32001,159.62000
2024-07-16 00:00:00,159.38000,160.059998,157.88000,158
2024-07-16 01:00:00,158.20000,158.63000,157.38000,158.23000
2024-07-16 02:00:00,158.14999,158.20000,156.32001,156.59000
2024-07-16 03:00:00,156.58000,158.039993,156.16000,157.86000
2024-07-16 04:00:00,157.85001,158.41000,157.38000,158.12000
2024-07-16 05:00:00,158.070007,158.69000,154.86000,155.5
2024-07-16 06:00:00,155.75,156.88000,153.82001,153.82001
2024-07-16 07:00:00,154.070007,155.64999,154.070007,154.39999
2024-07-16 08:00:00,154.70000,155.44000,152.74001,154.45000
2024-07-16 09:00:00,154.25999,155.78999,153.96001,155.13000
2024-07-16 10:00:00,155.13000,156.50999,154.70000,156.46001
2024-07-16 11:00:00,156.46001,157.50999,155.92000,157.32001
2024-07-16 12:00:00,157.5,157.75,155.81000,155.84000
2024-07-16 13:00:00,155.80000,157.14999,155.64000,155.92000
2024-07-16 14:00:00,155.60001,156.20000,154.67999,155.78999
2024-07-16 15:00:00,155.83000,161.34000,155.74001,161.050003
2024-07-16 16:00:00,160.97000,161.75,159.039993,160.89999
2024-07-16 17:00:00,160.80000,162.19000,160.25,162.14999
2024-07-16 18:00:00,162.14999,162.30000,161.16000,161.98000
2024-07-16 19:00:00,161.94000,162.42000,160.98000,162
2024-07-16 20:00:00,161.86000,161.94000,159.74001,159.74001
2024-07-16 21:00:00,159.67000,161.23000,159.58000,160.55000
2024-07-16 22:00:00,160.59000,160.64000,159.20000,159.96001
2024-07-16 23:00:00,159.97000,161.70000,159.74001,160.5
2024-07-17 00:00:00,160.63000,161.44000,160.44000,161.23000
2024-07-17 01:00:00,161.39999,163.57001,161.31000,162.020004
2024-07-17 02:00:00,161.87000,162.42000,161.039993,161.039993
2024-07-17 03:00:00,161.029999,161.029999,160.12000,160.95000
2024-07-17 04:00:00,160.89999,161.53000,160.28999,161.35001
2024-07-17 05:00:00,161.39000,162.48000,161.059998,161.45000
2024-07-17 06:00:00,161.56000,162.25,160.95000,161.20000
2024-07-17 07:00:00,161.050003,161.14000,160.089996,160.59000
2024-07-17 08:00:00,160.69000,162.55000,159.60001,161.98000
2024-07-17 09:00:00,161.95000,163.57001,161.50999,163.55000
2024-07-17 10:00:00,163.41000,163.41000,162.41000,162.62000
2024-07-17 11:00:00,162.57001,162.57001,160.32001,160.77000
2024-07-17 12:00:00,160.75999,161.33000,160.5,160.83000
2024-07-17 13:00:00,160.89000,162.029999,159.86000,161.92999
2024-07-17 14:00:00,161.85001,161.99001,160.070007,160.31000
2024-07-17 15:00:00,160.36000,160.56000,157.96001,158.23000
2024-07-17 16:00:00,157.91000,158.089996,154.71001,155.91000
2024-07-17 17:00:00,155.82001,157.35001,155.75,156.53000
2024-07-17 18:00:00,156.60001,157.31000,156.22000,156.57001
2024-07-17 19:00:00,156.67999,157.37000,156.14999,156.82001
2024-07-17 20:00:00,156.73000,157.21001,156.31000,156.31000
2024-07-17 21:00:00,156.24001,156.78000,154.98000,156.39999
2024-07-17 22:00:00,156.52000,156.91000,155.67999,156
2024-07-17 23:00:00,155.92999,156.21001,155.30000,155.30000
2024-07-18 00:00:00,155.52000,158.22000,155.52000,157.89000
2024-07-18 01:00:00,157.91000,159.22000,157.64999,159.22000
2024-07-18 02:00:00,159.21001,159.78000,157.029999,158.60001
2024-07-18 03:00:00,158.70000,159.42000,158.35001,158.98000
2024-07-18 04:00:00,159.020004,159.020004,157.50999,157.73000
2024-07-18 05:00:00,157.83000,159.60001,157.070007,159.22000
2024-07-18 06:00:00,159.25,160,158.71001,159.81000
2024-07-18 07:00:00,159.89999,159.89999,158.63000,158.64999
2024-07-18 08:00:00,158.73000,159.53000,158.17000,159.39000
2024-07-18 09:00:00,159.42000,159.85001,158.98000,159.42999
2024-07-18 10:00:00,159.38000,159.38000,158.31000,159.089996
2024-07-18 11:00:00,159.23000,159.52000,158.45000,159.39999
2024-07-18 12:00:00,159.49001,161.46001,159.49001,160.99001
2024-07-18 13:00:00,161.0099945,161.55000,160.20000,160.64999
2024-07-18 14:00:00,160.78000,161.0099945,157.80000,158.17000
2024-07-18 15:00:00,157.92000,157.97000,156.24001,156.41000
2024-07-18 16:00:00,156.34000,157.59000,155.31000,157.49001
2024-07-18 17:00:00,157.47000,157.66000,155.87000,156.050003
2024-07-18 18:00:00,155.96001,157.37000,155.47000,156.55000
2024-07-18 19:00:00,156.38000,157.48000,155.52000,156.88000
2024-07-18 20:00:00,156.81000,158,156.36000,158
2024-07-18 21:00:00,157.92999,158.47000,157.47000,158.45000
2024-07-18 22:00:00,158.27000,160.25999,157.94000,159.98000
2024-07-18 23:00:00,159.97000,160.21001,158.92999,159.22000
2024-07-19 00:00:00,159.21001,159.33000,157.82001,157.99001
2024-07-19 01:00:00,157.77000,158.60001,156.25999,158.60001
2024-07-19 02:00:00,158.58000,159.69000,158.059998,158.75999
2024-07-19 03:00:00,158.72000,161.96001,158.72000,161.94000
2024-07-19 04:00:00,161.92999,162.35001,160.83000,160.95000
2024-07-19 05:00:00,160.81000,162.33000,160.75999,162.33000
2024-07-19 06:00:00,162.13000,165.57001,162.13000,164.39000
2024-07-19 07:00:00,164.45000,164.45000,160.95000,161.42999
2024-07-19 08:00:00,161.39999,162.22000,159.39999,161.84000
2024-07-19 09:00:00,161.86000,163.36000,160.53999,160.99001
2024-07-19 10:00:00,160.46001,162.91000,160.46001,162.0099945
2024-07-19 11:00:00,162.14000,162.87000,161.75999,162.55000
2024-07-19 12:00:00,162.84000,164.17999,162.39999,164
2024-07-19 13:00:00,163.92000,167.67000,162.63000,167.38000
2024-07-19 14:00:00,167.029999,168.80000,166.78000,168.74001
2024-07-19 15:00:00,168.83000,168.98000,167.17999,168.66000
2024-07-19 16:00:00,168.78999,171.24001,168.78999,169.49001
2024-07-19 17:00:00,169.32001,170.64999,168.92999,170.52000
2024-07-19 18:00:00,170.37000,170.44000,168.36000,169.85001
2024-07-19 19:00:00,170.24001,170.86000,169.64999,170.42999
2024-07-19 20:00:00,170.53000,170.53000,168.81000,169.13000
2024-07-19 21:00:00,169.070007,169.89000,168.029999,168.080002
2024-07-19 22:00:00,168.44000,169.28999,168.21001,168.63000
2024-07-19 23:00:00,168.73000,169.59000,168.70000,169.13000
2024-07-20 00:00:00,169.23000,169.67999,168.36000,169.42999
2024-07-20 01:00:00,169.89000,170.75999,169.49001,170.21001
2024-07-20 02:00:00,170.35001,171.74001,169.82001,170.95000
2024-07-20 03:00:00,170.99001,171.41000,169.5,169.57001
2024-07-20 04:00:00,169.55000,170.35001,169.55000,170.33000
2024-07-20 05:00:00,170.17999,170.20000,169.25999,169.97000
2024-07-20 06:00:00,169.86000,170.25999,169.14000,169.21001
2024-07-20 07:00:00,169.24001,169.46001,168.55000,168.55000
2024-07-20 08:00:00,168.63000,169.38000,168.35001,168.64000
2024-07-20 09:00:00,168.61000,169.77000,168.31000,169.14000
2024-07-20 10:00:00,169.059998,169.42000,168.46001,168.64999
2024-07-20 11:00:00,168.61000,168.64000,167.67000,168.0099945
2024-07-20 12:00:00,168.0099945,168.95000,168.0099945,168.38000
2024-07-20 13:00:00,168.38000,168.64999,167.35001,168.16000
2024-07-20 14:00:00,168.22000,169.37000,168.12000,169.059998
2024-07-20 15:00:00,169.080002,169.66000,168.87000,169.25
2024-07-20 16:00:00,169.22000,170.38000,169.029999,169.67000
2024-07-20 17:00:00,169.60001,174.41000,169.39999,174.059998
2024-07-20 18:00:00,174.5,174.5,173.21001,173.56000
2024-07-20 19:00:00,173.46001,174.10001,172.28999,172.42999
2024-07-20 20:00:00,172.55000,174.039993,172.55000,173.70000
2024-07-20 21:00:00,173.69000,174.5,172.75999,174.47000
2024-07-20 22:00:00,174.5,175.0099945,172.89999,173.35001
2024-07-20 23:00:00,173.42999,174.32001,173.21001,173.60001
2024-07-21 00:00:00,173.88000,174.10001,172.83000,172.96001
2024-07-21 01:00:00,173.14000,174.45000,173,174.080002
2024-07-21 02:00:00,174.039993,175.28999,173.72000,173.72000
2024-07-21 03:00:00,173.53000,174,173.080002,173.13000
2024-07-21 04:00:00,173.13000,173.77000,172.98000,173
2024-07-21 05:00:00,173.12000,173.39999,172.60001,173.080002
2024-07-21 06:00:00,173.16000,173.39999,171.14000,171.34000
2024-07-21 07:00:00,171.38000,171.87000,171.029999,171.33000
2024-07-21 08:00:00,171.25999,171.96001,171.25999,171.42999
2024-07-21 09:00:00,171.33000,172.69000,171.33000,172.69000
2024-07-21 10:00:00,172.64999,173,172.16000,172.21001
2024-07-21 11:00:00,172.21001,172.92999,172.17000,172.92999
2024-07-21 12:00:00,172.81000,173.37000,172.36000,172.71001
2024-07-21 13:00:00,172.80000,173.36000,171.60001,172.11000
2024-07-21 14:00:00,172.28000,174.45000,171.49001,174.020004
2024-07-21 15:00:00,174.080002,176.45000,173.45000,175.35001
2024-07-21 16:00:00,175.38000,176.99001,174.50999,176.91000
2024-07-21 17:00:00,177.050003,177.059998,172.89000,173.64999
2024-07-21 18:00:00,173.14999,177.64999,170.70000,174.94000
2024-07-21 19:00:00,174.83000,177.98000,174.47000,177.97000
2024-07-21 20:00:00,178,184.14999,177.53999,182.22000
2024-07-21 21:00:00,182.48000,184.80000,181.56000,184.17999
2024-07-21 22:00:00,184.38000,184.38000,182.75999,183.92999
2024-07-21 23:00:00,183.98000,184.97000,183.73000,184.42000
2024-07-22 00:00:00,184.52000,184.86000,182.87000,183.0099945
2024-07-22 01:00:00,183.14000,183.30000,181.33000,181.33000
2024-07-22 02:00:00,181.48000,183.19000,181.14999,182.36000
2024-07-22 03:00:00,182.22000,182.44000,180.81000,180.95000
2024-07-22 04:00:00,180.98000,181.64999,180.70000,181.28000
2024-07-22 05:00:00,181.32001,181.50999,178.70000,179.24001
2024-07-22 06:00:00,179.21001,180.039993,178.33000,179.49001
2024-07-22 07:00:00,179.48000,179.48000,177.88000,178.49001
2024-07-22 08:00:00,178.32001,179.34000,176.88000,177.24001
2024-07-22 09:00:00,177.23000,178.92000,176.84000,178.92000
2024-07-22 10:00:00,178.97000,180.87000,178.75,179.50999
2024-07-22 11:00:00,179.48000,180.85001,179.28000,180.57001
2024-07-22 12:00:00,180.30000,181.13000,179.5,180.47000
2024-07-22 13:00:00,180.31000,181.66000,178.21001,178.92000
2024-07-22 14:00:00,178.63000,180.089996,177.30000,178.14999
2024-07-22 15:00:00,177.59000,180.53000,177.12000,179.85001
2024-07-22 16:00:00,179.92000,180.67999,179.020004,179.19000
2024-07-22 17:00:00,179.12000,181.27000,178.72000,181.27000
2024-07-22 18:00:00,181.21001,182.83000,180.86000,181.13000
2024-07-22 19:00:00,180.98000,182.99001,180.78999,182.78999
2024-07-22 20:00:00,182.70000,183.21001,181.75999,182.52000
2024-07-22 21:00:00,182.28000,182.28000,179.80000,180.14999
2024-07-22 22:00:00,180.12000,180.17000,178.14000,178.47000
2024-07-22 23:00:00,178.64999,179.28999,177.21001,178.95000
2024-07-23 00:00:00,178.78000,180.48000,178.64000,178.74001
2024-07-23 01:00:00,178.85001,179.36000,177.64999,178.30000
2024-07-23 02:00:00,178.34000,179.52000,177.22000,179.41000
2024-07-23 03:00:00,179.55000,179.81000,178.97000,179.089996
2024-07-23 04:00:00,178.99001,178.99001,175.63000,175.63000
2024-07-23 05:00:00,175.58000,175.81000,173.86000,174.35001
2024-07-23 06:00:00,174.080002,175.80000,174.080002,175
2024-07-23 07:00:00,174.89000,176.25,174.78000,175.97000
2024-07-23 08:00:00,175.77000,177.98000,175.77000,177.25
2024-07-23 09:00:00,177.28999,178.22000,176.70000,177.86000
2024-07-23 10:00:00,177.78000,178.60001,177.30000,177.30000
2024-07-23 11:00:00,176.84000,176.84000,174.28999,175.58000
2024-07-23 12:00:00,175.80000,175.89999,174.24001,175.36000
2024-07-23 13:00:00,175.57001,175.89000,172.21001,173.97000
2024-07-23 14:00:00,173.83000,178.22000,173.83000,177.98000
2024-07-23 15:00:00,178.020004,178.10001,175.77000,176.62000
2024-07-23 16:00:00,176.33000,176.91000,171.49001,171.49001
2024-07-23 17:00:00,172,173.85001,170.87000,173.74001
2024-07-23 18:00:00,173.55000,174.35001,172.47000,172.56000
2024-07-23 19:00:00,172.70000,173.67000,171.53000,172
2024-07-23 20:00:00,171.91000,174.089996,171.91000,173.95000
2024-07-23 21:00:00,173.72000,174.72000,173.11000,173.14999
2024-07-23 22:00:00,173.14000,173.53999,172.45000,172.81000
2024-07-23 23:00:00,172.92000,173.33000,171.24001,173.0099945
2024-07-24 00:00:00,173.050003,174.25999,171.080002,171.080002
2024-07-24 01:00:00,171.47000,173.27000,171.039993,171.57001
2024-07-24 02:00:00,171.84000,173.35001,171.13000,173.35001
2024-07-24 03:00:00,173.71001,174.46001,172.78999,173.64999
2024-07-24 04:00:00,173.64999,173.69000,172.87000,173.52000
2024-07-24 05:00:00,173.55000,173.55000,172.27000,173.13000
2024-07-24 06:00:00,172.92999,174.20000,172.70000,173.82001
2024-07-24 07:00:00,173.82001,174.57001,173.56000,174.23000
2024-07-24 08:00:00,174.22000,177.36000,173.70000,176.69000
2024-07-24 09:00:00,176.95000,176.95000,175.92000,176.42000
2024-07-24 10:00:00,176.56000,177.52000,176.34000,177.46001
2024-07-24 11:00:00,177.56000,178.28999,177.50999,177.92000
2024-07-24 12:00:00,177.89999,177.95000,176.36000,176.46001
2024-07-24 13:00:00,176.53999,178.99001,176.53999,177.36000
2024-07-24 14:00:00,177.14999,181.75999,177.14999,180.95000
2024-07-24 15:00:00,181.32001,181.67999,177.75999,177.75999
2024-07-24 16:00:00,177.73000,180.25999,176.63000,179.91000
2024-07-24 17:00:00,180.57001,182.39999,180.39999,181.50999
2024-07-24 18:00:00,181.52000,181.52000,177.42999,177.42999
2024-07-24 19:00:00,177.99001,179.97000,177.39999,178.14999
2024-07-24 20:00:00,178.30000,180.24001,178.21001,180.039993
2024-07-24 21:00:00,180.10001,180.33000,176.17999,177.58000
2024-07-24 22:00:00,177.53999,179.19000,177.21001,177.44000
2024-07-24 23:00:00,177.35001,178.16000,176.10001,178.16000
2024-07-25 00:00:00,178.0099945,179.53999,177.28999,178.62000
2024-07-25 01:00:00,178.45000,178.45000,172.32001,175.67999
2024-07-25 02:00:00,174.87000,174.87000,168.89000,170.98000
2024-07-25 03:00:00,170.46001,171,169.34000,170.74001
2024-07-25 04:00:00,170.37000,172.77000,169.67000,172.20000
2024-07-25 05:00:00,172.080002,172.85001,170.30000,170.52000
2024-07-25 06:00:00,170.53000,171.88000,169.77000,171.64999
2024-07-25 07:00:00,171.83000,172.020004,169.31000,169.31000
2024-07-25 08:00:00,169.34000,170.85001,168.92999,170.23000
2024-07-25 09:00:00,170.30000,171.25,169.66000,170.059998
2024-07-25 10:00:00,169.95000,169.95000,167.31000,167.97000
2024-07-25 11:00:00,168.12000,169.25999,167.69000,169.070007
2024-07-25 12:00:00,168.81000,169.77000,166.48000,167.46001
2024-07-25 13:00:00,167.070007,168.67999,166.72000,167.64000
2024-07-25 14:00:00,168.14000,171.27000,165.89000,171.21001
2024-07-25 15:00:00,171.33000,171.98000,169.66000,170.32001
2024-07-25 16:00:00,170.32001,172.39999,169.47000,170.85001
2024-07-25 17:00:00,170.75,171.67000,169.75999,170.22000
2024-07-25 18:00:00,170.30000,170.83000,167.14000,167.60001
2024-07-25 19:00:00,167.59000,168.64999,166.72000,168.10001
2024-07-25 20:00:00,167.92999,169.81000,165.71001,169.78000
2024-07-25 21:00:00,170.62000,172.64000,170.16000,171.91000
2024-07-25 22:00:00,172.10001,172.57001,171.22000,172.22000
2024-07-25 23:00:00,172.31000,172.78000,171.25,171.85001
2024-07-26 00:00:00,171.99001,173.28999,171.92999,173.039993
2024-07-26 01:00:00,173.020004,174.17000,172.67000,174.13000
2024-07-26 02:00:00,174.21001,175.92999,173.86000,175.77000
2024-07-26 03:00:00,175.63000,176.89000,175.28000,175.71001
2024-07-26 04:00:00,175.83000,177.17000,175.67000,177.080002
2024-07-26 05:00:00,177.13000,177.72000,176.47000,177.020004
2024-07-26 06:00:00,177.059998,177.69000,176.85001,177.24001
2024-07-26 07:00:00,177.19000,177.69000,176.71001,176.71001
2024-07-26 08:00:00,176.86000,178.27000,176.86000,178.12000
2024-07-26 09:00:00,178.19000,179.98000,178.19000,179.30000
2024-07-26 10:00:00,178.98000,179.60001,178.21001,178.64999
2024-07-26 11:00:00,178.82001,178.96001,178.19000,178.78999
2024-07-26 12:00:00,178.97000,179.36000,177.87000,178.080002
2024-07-26 13:00:00,178.20000,183.039993,177.56000,183.039993
2024-07-26 14:00:00,182.75999,183.029999,179.20000,180.98000
2024-07-26 15:00:00,180.98000,182.080002,180.77000,181.62000
2024-07-26 16:00:00,181.66000,182.029999,180.73000,181.10001
2024-07-26 17:00:00,181.080002,182.50999,181.080002,181.80000
2024-07-26 18:00:00,181.78000,182.48000,181.50999,182.42999
2024-07-26 19:00:00,182.53999,182.91000,181.96001,182.070007
2024-07-26 20:00:00,182.32001,182.32001,181.17999,181.5
2024-07-26 21:00:00,181.52000,182.89000,181.23000,182.47000
2024-07-26 22:00:00,182.33000,183.39999,182.029999,183.059998
2024-07-26 23:00:00,183.27000,183.50999,182.83000,183.059998
2024-07-27 00:00:00,183.14999,183.14999,181.92000,182.64999
2024-07-27 01:00:00,182.44000,182.44000,181.55000,181.64000
2024-07-27 02:00:00,181.55000,184.10001,181.36000,184.10001
2024-07-27 03:00:00,184.050003,184.25999,182.48000,182.66000
2024-07-27 04:00:00,182.66000,183.99001,182.60001,183.99001
2024-07-27 05:00:00,183.96001,184.97000,183.63000,183.71001
2024-07-27 06:00:00,183.55000,184.92000,183.55000,184.78000
2024-07-27 07:00:00,184.73000,186.059998,183.88000,185.89000
2024-07-27 08:00:00,186.11000,187.32001,185.86000,187.32001
2024-07-27 09:00:00,187.14999,187.19000,186.22000,186.33000
2024-07-27 10:00:00,186.42000,186.42000,185.27000,185.41000
2024-07-27 11:00:00,185.48000,185.48000,184.33000,185.41000
2024-07-27 12:00:00,185.42000,186.70000,185.42000,186.059998
2024-07-27 13:00:00,186.14999,188.10001,185.86000,187.67000
2024-07-27 14:00:00,187.5,187.59000,184.52000,185.16000
2024-07-27 15:00:00,185.24001,185.5,181.63000,182.49001
2024-07-27 16:00:00,182.45000,183.10001,181.66000,181.80000
2024-07-27 17:00:00,181.78999,182.48000,180.69000,180.78000
2024-07-27 18:00:00,180.75999,182.82001,180.75999,181.33000
2024-07-27 19:00:00,181.11000,181.53000,179.66000,181.42999
2024-07-27 20:00:00,181.059998,183.11000,178.12000,183.11000
2024-07-27 21:00:00,182.35001,186.67000,182.35001,185.95000
2024-07-27 22:00:00,186.050003,186.72000,185.44000,185.67999
2024-07-27 23:00:00,185.60001,185.60001,183.72000,183.83000
2024-07-28 00:00:00,183.64999,185.14000,182.55000,184.63000
2024-07-28 01:00:00,184.92999,186.58000,184.92999,185.73000
2024-07-28 02:00:00,185.84000,186.17000,184.72000,185.059998
2024-07-28 03:00:00,185.12000,185.12000,184.14999,184.31000
2024-07-28 04:00:00,184.31000,184.86000,182.82001,182.82001
2024-07-28 05:00:00,182.50999,182.95000,181.31000,182.67000
2024-07-28 06:00:00,182.69000,182.81000,181.72000,182.17000
2024-07-28 07:00:00,182.020004,184.039993,181.80000,183.84000
2024-07-28 08:00:00,183.92999,184.47000,183.13000,183.83000
2024-07-28 09:00:00,183.85001,184.49001,183.56000,183.73000
2024-07-28 10:00:00,183.61000,184.77000,183.56000,184.62000
2024-07-28 11:00:00,184.53999,185.84000,184.48000,185.35001
2024-07-28 12:00:00,185.25999,186.37000,184.92000,185.85001
2024-07-28 13:00:00,185.87000,186.56000,185.73000,186.39000
2024-07-28 14:00:00,186.53999,186.53999,184.17000,184.75
2024-07-28 15:00:00,184.77000,184.94000,183.81000,184.089996
2024-07-28 16:00:00,184.12000,185.020004,183.59000,183.60001
2024-07-28 17:00:00,183.70000,184.32001,183.19000,183.96001
2024-07-28 18:00:00,183.89999,185.45000,183.59000,185.14999
2024-07-28 19:00:00,185.20000,185.53999,184.39999,184.78000
2024-07-28 20:00:00,185,185.36000,184.50999,185.28999
2024-07-28 21:00:00,185.24001,185.36000,183.75999,184.55000
2024-07-28 22:00:00,184.53999,184.96001,182.69000,183.42000
2024-07-28 23:00:00,183.32001,184.92000,183.13000,184.89999
2024-07-29 00:00:00,184.89999,188.84000,184.44000,188.13000
2024-07-29 01:00:00,188.23000,188.91000,187.49001,187.70000
2024-07-29 02:00:00,187.53000,192.39000,187.32001,192.38000
2024-07-29 03:00:00,192.14999,193.25999,191.75999,192.27000
2024-07-29 04:00:00,192.5,193.71001,191.96001,193.50999
2024-07-29 05:00:00,193.78000,193.89999,193.0099945,193.55000
2024-07-29 06:00:00,193.52000,193.71001,192.62000,192.64000
2024-07-29 07:00:00,192.69000,193,191.30000,192.37000
2024-07-29 08:00:00,192.32001,192.32001,191.35001,191.57001
2024-07-29 09:00:00,191.53999,192.089996,191.36000,191.87000
2024-07-29 10:00:00,191.82001,191.87000,190.67999,190.78000
2024-07-29 11:00:00,190.83000,191.83000,190.33000,190.84000
2024-07-29 12:00:00,191.0099945,192.99001,190.69000,192.50999
2024-07-29 13:00:00,192.28000,192.67999,190.53000,190.53000
2024-07-29 14:00:00,190.85001,190.85001,187.13000,187.82001
2024-07-29 15:00:00,187.39999,188.17000,185.73000,186.92000
2024-07-29 16:00:00,186.77000,187.39000,184.44000,184.77000
2024-07-29 17:00:00,184.85001,186.95000,184.75999,186.56000
2024-07-29 18:00:00,186.49001,187.23000,185.71001,185.75999
2024-07-29 19:00:00,185.58000,186.82001,185.080002,186.77000
2024-07-29 20:00:00,186.57001,186.84000,185.72000,185.88000
2024-07-29 21:00:00,185.75,185.78000,183.039993,183.84000
2024-07-29 22:00:00,183.71001,185.029999,183.16000,183.30000
2024-07-29 23:00:00,183.31000,183.64000,181.66000,182.55000
2024-07-30 00:00:00,183.19000,183.77000,181.44000,182.84000
2024-07-30 01:00:00,182.72000,183.58000,180.34000,180.34000
2024-07-30 02:00:00,180.56000,181.56000,179.57001,181
2024-07-30 03:00:00,180.75999,182.73000,180.55000,182.59000
2024-07-30 04:00:00,182.57001,183.27000,182.25,183.27000
2024-07-30 05:00:00,183.80000,184.75999,181.39999,182.0099945
2024-07-30 06:00:00,182.14999,182.91000,181.82001,182.57001
2024-07-30 07:00:00,182.62000,183.64000,182.35001,182.39000
2024-07-30 08:00:00,182.13000,182.75999,180.86000,181.070007
2024-07-30 09:00:00,181.059998,182.0099945,181.059998,181.61000
2024-07-30 10:00:00,181.73000,181.73000,180.32001,180.88000
2024-07-30 11:00:00,180.80000,181.14999,180.089996,181.050003
2024-07-30 12:00:00,180.81000,181.46001,179.44000,181.30000
2024-07-30 13:00:00,181.50999,182.60001,179.34000,179.50999
2024-07-30 14:00:00,179.12000,181.87000,178.80000,180.47000
2024-07-30 15:00:00,180,181.96001,179.28999,181
2024-07-30 16:00:00,181.050003,181.55000,180.0099945,180.0099945
2024-07-30 17:00:00,179.83000,179.83000,177.23000,177.33000
2024-07-30 18:00:00,177.25999,178.25999,176.74001,177.94000
2024-07-30 19:00:00,177.72000,178.14000,176.39999,177.88000
2024-07-30 20:00:00,177.61000,179.89000,175.70000,179.89000
2024-07-30 21:00:00,179.47000,179.89000,179.0099945,179.52000
2024-07-30 22:00:00,179.48000,179.48000,178.74001,179.35001
2024-07-30 23:00:00,179.45000,179.88000,178.88000,179.089996
2024-07-31 00:00:00,179.19000,180.89999,178.16000,180.83000
2024-07-31 01:00:00,180.66000,181.53000,179.82001,181.39000
2024-07-31 02:00:00,181.31000,181.64999,180.070007,180.39999
2024-07-31 03:00:00,180.21001,181.47000,180.21001,181.039993
2024-07-31 04:00:00,180.89000,181.029999,178.17999,179.14999
2024-07-31 05:00:00,179.14999,181.75999,178.34000,181.64000
2024-07-31 06:00:00,181.53999,183.64999,181.53999,183.36000
2024-07-31 07:00:00,183.58000,183.78999,182.99001,183.14000
2024-07-31 08:00:00,183.35001,184.050003,182.5,184
2024-07-31 09:00:00,184,184.24001,183.19000,183.56000
2024-07-31 10:00:00,183.44000,183.56000,182.14999,182.22000
2024-07-31 11:00:00,182.35001,182.67999,181.42000,181.71001
2024-07-31 12:00:00,181.74001,182.39000,181.14999,181.20000
2024-07-31 13:00:00,181.25,184.17000,181.19000,182.64000
2024-07-31 14:00:00,182.58000,183.78999,180.19000,180.34000
2024-07-31 15:00:00,180.56000,181.12000,179.84000,180.039993
2024-07-31 16:00:00,180.029999,181.87000,179.60001,180.33000
2024-07-31 17:00:00,180.19000,182.57001,179.88000,181.72000
2024-07-31 18:00:00,182.21001,182.21001,179.080002,180.67999
2024-07-31 19:00:00,180.67999,181.25999,175.19000,176.60001
2024-07-31 20:00:00,176.21001,176.97000,173.64000,173.64000
2024-07-31 21:00:00,173.64000,175.059998,172.82001,173.88000
2024-07-31 22:00:00,173.60001,173.64000,171.89000,173.34000
2024-07-31 23:00:00,173.34000,173.44000,171.73000,171.73000
2024-08-01 00:00:00,171.88000,172.78999,171.28000,172.089996
2024-08-01 01:00:00,172.029999,172.35001,170.36000,171.13000
2024-08-01 02:00:00,171.23000,171.60001,169.36000,170.039993
2024-08-01 03:00:00,169.78999,170.0099945,168.61000,168.71001
2024-08-01 04:00:00,168.64999,169.14000,166.12000,166.46001
2024-08-01 05:00:00,166.5,169.53999,166.20000,169.0099945
2024-08-01 06:00:00,168.92000,169.67999,168.44000,168.44000
2024-08-01 07:00:00,168.58000,169.42999,168.050003,168.17999
2024-08-01 08:00:00,168.19000,169.39000,168.19000,169.37000
2024-08-01 09:00:00,169.37000,169.89999,168.19000,168.19000
2024-08-01 10:00:00,168.19000,169.19000,168.089996,169.17000
2024-08-01 11:00:00,169.25,169.87000,168.52000,169.66000
2024-08-01 12:00:00,169.67999,171.46001,169.53999,171.039993
2024-08-01 13:00:00,171.25999,171.28000,169.16000,169.63000
2024-08-01 14:00:00,169.53999,169.98000,165.78999,165.78999
2024-08-01 15:00:00,164.80000,164.80000,161.84000,162.85001
2024-08-01 16:00:00,162.58000,162.88000,160.83000,162.13000
2024-08-01 17:00:00,162.10001,162.35001,159.84000,162.35001
2024-08-01 18:00:00,162.029999,162.029999,158.029999,159.86000
2024-08-01 19:00:00,160,162.66000,160,162.32001
2024-08-01 20:00:00,162.16000,164.71001,161.28999,164.56000
2024-08-01 21:00:00,164.99001,167.71001,164.72000,166.37000
2024-08-01 22:00:00,166.47000,168.39000,166.28000,167.44000
2024-08-01 23:00:00,167.53000,168.14999,167.070007,167.52000
2024-08-02 00:00:00,167.39999,169.37000,167.10001,167.10001
2024-08-02 01:00:00,167,167,164.46001,164.72000
2024-08-02 02:00:00,164.49001,165.17999,161.66000,163.13000
2024-08-02 03:00:00,163.17000,164.66000,162.63000,164.42999
2024-08-02 04:00:00,164.46001,165.21001,163.87000,165.21001
2024-08-02 05:00:00,165.039993,165.039993,162.28000,162.41000
2024-08-02 06:00:00,162.38000,162.74001,159.20000,162.059998
2024-08-02 07:00:00,162.19000,162.39999,160.25,161.42999
2024-08-02 08:00:00,161.41000,163.25999,160.53999,163.12000
2024-08-02 09:00:00,163.25999,164.42000,163.25999,163.92999
2024-08-02 10:00:00,163.98000,164.89999,163.35001,164.37000
2024-08-02 11:00:00,164.62000,165.38000,164.17000,164.37000
2024-08-02 12:00:00,164.41000,165.14999,162.42000,163.95000
2024-08-02 13:00:00,163.75,167.60001,162.73000,166.21001
2024-08-02 14:00:00,166.050003,166.050003,157.55000,158
2024-08-02 15:00:00,157.45000,157.66000,153.23000,156.89000
2024-08-02 16:00:00,156.66000,157.27000,154.34000,154.44000
2024-08-02 17:00:00,154.49001,156.46001,153.53000,154.47000
2024-08-02 18:00:00,154.33000,154.92000,152.81000,153.37000
2024-08-02 19:00:00,153.38000,153.56000,150.11000,151.25
2024-08-02 20:00:00,151.77000,153.83000,150.38000,153.22000
2024-08-02 21:00:00,153.059998,154.88000,150.77000,154.88000
2024-08-02 22:00:00,154.37000,154.94000,152.38000,152.80000
2024-08-02 23:00:00,153.21001,153.67999,151.39999,152.88000
2024-08-03 00:00:00,152.83000,153.95000,150.10001,151
2024-08-03 01:00:00,151.32001,152.58000,148.84000,152.28000
2024-08-03 02:00:00,151.94000,152.71001,150.66000,150.66000
2024-08-03 03:00:00,150.59000,153.53999,150.24001,153.45000
2024-08-03 04:00:00,153.42000,153.44000,151.28999,151.58000
2024-08-03 05:00:00,151.71001,152.53000,151.23000,151.88000
2024-08-03 06:00:00,151.62000,152.66000,151.45000,152.5
2024-08-03 07:00:00,152.60001,153.42000,151.67999,151.67999
2024-08-03 08:00:00,151.47000,151.91000,149.37000,150.31000
2024-08-03 09:00:00,150.33000,151.039993,148.41000,150.96001
2024-08-03 10:00:00,150.99001,152,150.38000,151.81000
2024-08-03 11:00:00,151.78000,152.56000,151.39000,152.25
2024-08-03 12:00:00,152.39999,153.50999,151.94000,152.59000
2024-08-03 13:00:00,152.64999,152.75,151.46001,152
2024-08-03 14:00:00,152.089996,152.74001,151.089996,151.30000
2024-08-03 15:00:00,151.34000,151.99001,146.16000,146.30000
2024-08-03 16:00:00,146.67000,147.56000,144.75999,145.85001
2024-08-03 17:00:00,146.16000,146.39000,142.25,142.56000
2024-08-03 18:00:00,142.029999,142.82001,140.31000,141.64000
2024-08-03 19:00:00,141.91000,142.92000,140.63000,140.63000
2024-08-03 20:00:00,140.44000,142.37000,140.12000,140.67000
2024-08-03 21:00:00,140.82001,143.25999,140.42000,142.67000
2024-08-03 22:00:00,142.71001,143.11000,142.029999,142.80000
2024-08-03 23:00:00,142.70000,143.88000,142.36000,142.44000
2024-08-04 00:00:00,142.48000,144.14999,142.34000,144.10001
2024-08-04 01:00:00,144.16000,144.21001,141.89000,144.21001
2024-08-04 02:00:00,144.11000,146.029999,144.11000,145.33000
2024-08-04 03:00:00,145.47000,145.77000,144.089996,144.34000
2024-08-04 04:00:00,144.36000,144.42999,142.96001,142.96001
2024-08-04 05:00:00,142.95000,144.37000,142.95000,143.66000
2024-08-04 06:00:00,143.64000,143.96001,143.020004,143.66000
2024-08-04 07:00:00,143.72000,143.72000,140.70000,140.78000
2024-08-04 08:00:00,140.87000,142.52000,139.61000,142.23000
2024-08-04 09:00:00,142.27000,143.50999,142.059998,143.39000
2024-08-04 10:00:00,143.5,144.14999,142.64999,144.14999
2024-08-04 11:00:00,144.14000,144.44000,143.27000,143.50999
2024-08-04 12:00:00,143.45000,145,143.17000,144.92999
2024-08-04 13:00:00,144.91000,144.97000,143.73000,143.97000
2024-08-04 14:00:00,143.64000,143.87000,137.62000,137.64999
2024-08-04 15:00:00,137.56000,137.67999,135.0099945,135.30000
2024-08-04 16:00:00,135.23000,136.61000,133.070007,133.21001
2024-08-04 17:00:00,133.13000,135.56000,132,134.94000
2024-08-04 18:00:00,134.67000,140.0099945,134.67000,139.22000
2024-08-04 19:00:00,139.42999,142.71001,138.25,142.050003
2024-08-04 20:00:00,142.12000,143.86000,141.27000,142.46001
2024-08-04 21:00:00,142.81000,142.81000,140.10001,140.42999
2024-08-04 22:00:00,140.62000,142.66000,140.050003,140.66000
2024-08-04 23:00:00,140.77000,140.77000,137.42999,138.19000
2024-08-05 00:00:00,138.30000,139.050003,130.59000,131.81000
2024-08-05 01:00:00,131.42999,133.25999,122.67000,131.070007
2024-08-05 02:00:00,130.87000,131.27000,126.27000,130.72000
2024-08-05 03:00:00,130.92000,130.92000,126.66000,126.66000
2024-08-05 04:00:00,125.87000,129.66000,123.68000,124
2024-08-05 05:00:00,123.96000,123.96000,114.68000,118.53000
2024-08-05 06:00:00,119.31000,119.53000,110.070000,117.5
2024-08-05 07:00:00,116.85000,124.040001,116.82000,122.80000
2024-08-05 08:00:00,122.61000,123.72000,119.59000,120.94000
2024-08-05 09:00:00,121.38000,122.19000,118.11000,119.89000
2024-08-05 10:00:00,119.42000,119.99000,115.059998,115.83000
2024-08-05 11:00:00,115.75,116.91000,110.69000,115.98000
2024-08-05 12:00:00,115.86000,118.099998,111.84000,111.92000
2024-08-05 13:00:00,111.42000,123.41000,110.27000,122.62000
2024-08-05 14:00:00,124.86000,131,124.52000,128.78999
2024-08-05 15:00:00,129.49001,132.23000,127.80000,130.39999
2024-08-05 16:00:00,130.16000,135.27000,130.16000,131.24001
2024-08-05 17:00:00,131.75999,135,130.75,134.32001
2024-08-05 18:00:00,134.12000,134.20000,128.91000,128.91000
2024-08-05 19:00:00,128.45000,130.46001,126.92000,128.50999
2024-08-05 20:00:00,128.70000,132.39000,128.70000,131.52000
2024-08-05 21:00:00,131.88000,134.84000,130.64999,131.14000
2024-08-05 22:00:00,131.42999,134.0099945,131.050003,132.49001
2024-08-05 23:00:00,132.47000,134.56000,129.67000,129.67000
2024-08-06 00:00:00,129.50999,138.53999,129.50999,138.48000
2024-08-06 01:00:00,138.64999,140.61000,137.39000,138.63000
2024-08-06 02:00:00,138.72000,141.029999,138.36000,139.64000
2024-08-06 03:00:00,139.39000,139.59000,137.94000,138.67999
2024-08-06 04:00:00,138.64000,141.13000,137.59000,141.13000
2024-08-06 05:00:00,141.44000,143.17000,139.39999,143.070007
2024-08-06 06:00:00,142.78999,143.77000,141.49001,141.55000
2024-08-06 07:00:00,141.47000,142.37000,140.080002,142.029999
2024-08-06 08:00:00,141.86000,142.059998,136.67999,137.78999
2024-08-06 09:00:00,137.30000,139.21001,136.63000,138.85001
2024-08-06 10:00:00,138.96001,139.69000,137.97000,139.22000
2024-08-06 11:00:00,139.41000,140.92000,138.089996,139.89000
2024-08-06 12:00:00,139.49001,140.42999,137.66000,137.82001
2024-08-06 13:00:00,137.92000,139.75,136.42000,139.19000
2024-08-06 14:00:00,138.75,146.020004,138.75,144.59000
2024-08-06 15:00:00,144.95000,146.19000,143.88000,145.92999
2024-08-06 16:00:00,146,147.78000,145.050003,147.42999
2024-08-06 17:00:00,147.38000,148.22000,145.28999,145.28999
2024-08-06 18:00:00,145.14999,147.74001,145.14999,146.5
2024-08-06 19:00:00,145.60001,147.78999,145.20000,146.56000
2024-08-06 20:00:00,146.13000,147.66000,145.17000,147.27000
2024-08-06 21:00:00,146.82001,147.53000,146.11000,147.41000
2024-08-06 22:00:00,147.21001,149.31000,144.91000,145.13000
2024-08-06 23:00:00,144.96001,145.92000,143.39000,144.39999
2024-08-07 00:00:00,144.38000,145.61000,142.80000,144.87000
2024-08-07 01:00:00,144.80000,148.98000,142.67000,148.98000
2024-08-07 02:00:00,148.84000,151.58000,147.81000,149.17000
2024-08-07 03:00:00,149.61000,151.58000,149.089996,151.58000
2024-08-07 04:00:00,151.49001,154.20000,151.39000,153.36000
2024-08-07 05:00:00,153.34000,154.96001,152.94000,153.53000
2024-08-07 06:00:00,153.28999,153.81000,151.88000,151.94000
2024-08-07 07:00:00,151.89000,153.020004,150.53000,152.36000
2024-08-07 08:00:00,152.27000,154.30000,152.11000,153.78999
2024-08-07 09:00:00,153.67999,154.86000,152.81000,152.81000
2024-08-07 10:00:00,152.94000,154.31000,152.46001,152.52000
2024-08-07 11:00:00,152.62000,152.62000,150.78999,151.63000
2024-08-07 12:00:00,151.84000,153.64999,151.17000,153.25999
2024-08-07 13:00:00,153.32001,154.35001,151.28000,151.94000
2024-08-07 14:00:00,152.10001,152.64999,146.58000,147.19000
2024-08-07 15:00:00,147.58000,148.97000,146.50999,148.25999
2024-08-07 16:00:00,148.24001,149.31000,146.53000,147.78999
2024-08-07 17:00:00,148.16000,148.24001,145.36000,146.48000
2024-08-07 18:00:00,146.029999,146.33000,143.39999,143.66000
2024-08-07 19:00:00,143.55000,144.86000,142.5,143.10001
2024-08-07 20:00:00,143.059998,145.78000,142.48000,144.58000
2024-08-07 21:00:00,144.77000,147.44000,144.28999,146.59000
2024-08-07 22:00:00,146.47000,146.57001,142.60001,145.63000
2024-08-07 23:00:00,145.84000,146.74001,144.27000,144.42999
2024-08-08 00:00:00,144.71001,145.41000,141.47000,144.029999
2024-08-08 01:00:00,144.17999,152.87000,143.57001,152.82001
2024-08-08 02:00:00,153.5,155.25999,153.42999,154.78000
2024-08-08 03:00:00,154.91000,156.25999,153.070007,153.070007
2024-08-08 04:00:00,153.38000,154.36000,151.67000,151.73000
2024-08-08 05:00:00,151.71001,153.53000,151.71001,153.029999
2024-08-08 06:00:00,152.92999,154.45000,151.92999,154.14000
2024-08-08 07:00:00,154.16000,155.50999,153.49001,153.64999
2024-08-08 08:00:00,153.73000,154.83000,153.45000,154.60001
2024-08-08 09:00:00,154.75999,155.58000,153.97000,154.39999
2024-08-08 10:00:00,154.46001,154.57001,153.17999,153.89999
2024-08-08 11:00:00,153.80000,155.020004,153.50999,154.10001
2024-08-08 12:00:00,154.21001,158.38000,152.60001,155.62000
2024-08-08 13:00:00,156.050003,157.67000,153.17000,153.96001
2024-08-08 14:00:00,153.97000,159.96001,153.97000,159.55000
2024-08-08 15:00:00,159.44000,160.46001,158.70000,160.42999
2024-08-08 16:00:00,160.48000,162.74001,159.080002,159.080002
2024-08-08 17:00:00,159.14000,159.25999,156.92000,156.94000
2024-08-08 18:00:00,156.78000,157.64999,156.64000,157.11000
2024-08-08 19:00:00,156.82001,157.17000,155.32001,155.32001
2024-08-08 20:00:00,155.62000,156.45000,155.44000,155.88000
2024-08-08 21:00:00,155.88000,160.56000,155.88000,160.56000
2024-08-08 22:00:00,160.34000,161.87000,158.10001,161.64000
2024-08-08 23:00:00,161.46001,163.23000,160.74001,162.99001
2024-08-09 00:00:00,163.25,163.53000,161.0099945,161.34000
2024-08-09 01:00:00,161.10001,161.78999,160.14999,160.30000
2024-08-09 02:00:00,160.35001,160.78000,158.36000,158.53000
2024-08-09 03:00:00,158.35001,160.22000,158.35001,159.020004
2024-08-09 04:00:00,158.78999,159.029999,156.059998,156.12000
2024-08-09 05:00:00,156.029999,157.48000,155.85001,157.039993
2024-08-09 06:00:00,157.16000,158.050003,156.17000,157.39999
2024-08-09 07:00:00,157.36000,158.92999,157.36000,157.81000
2024-08-09 08:00:00,157.95000,159.64000,157.87000,159.50999
2024-08-09 09:00:00,159.33000,159.46001,157.0099945,157.25
2024-08-09 10:00:00,157.49001,157.53999,155.55000,156.20000
2024-08-09 11:00:00,156.14000,156.92000,155.44000,156.64999
2024-08-09 12:00:00,156.59000,156.67999,154.60001,155.32001
2024-08-09 13:00:00,155.080002,155.75999,153.37000,155.35001
2024-08-09 14:00:00,155.16000,157.050003,151.78999,153.80000
2024-08-09 15:00:00,153.77000,154.28000,151.19000,151.19000
2024-08-09 16:00:00,151.32001,152.57001,151.10001,152.57001
2024-08-09 17:00:00,152.41000,154.17999,152.070007,152.95000
2024-08-09 18:00:00,152.97000,153.64000,151.70000,153.39999
2024-08-09 19:00:00,153.39000,154.21001,153.020004,153.58000
2024-08-09 20:00:00,153.62000,154.34000,152.95000,153.28000
2024-08-09 21:00:00,153.029999,154.25,151.55000,154.25
2024-08-09 22:00:00,154.17000,155.71001,152.42000,155.66000
2024-08-09 23:00:00,156.059998,157.11000,153.95000,156.23000
2024-08-10 00:00:00,156.14999,158.48000,154.84000,154.88000
2024-08-10 01:00:00,154.92000,156.30000,153.96001,154.67999
2024-08-10 02:00:00,154.86000,156.14000,154.32001,154.32001
2024-08-10 03:00:00,154.42999,154.63000,153.53000,154.039993
2024-08-10 04:00:00,154.070007,154.070007,152.69000,153.55000
2024-08-10 05:00:00,153.53000,154.49001,153.029999,153.98000
2024-08-10 06:00:00,154.20000,154.94000,153.89000,154.57001
2024-08-10 07:00:00,154.58000,155.41000,154.19000,155.41000
2024-08-10 08:00:00,155.46001,155.72000,153.96001,154.12000
2024-08-10 09:00:00,154.25999,155.5,153.64000,154.75999
2024-08-10 10:00:00,154.92000,155.33000,154.30000,154.39999
2024-08-10 11:00:00,154.42000,155.080002,153.97000,154.85001
2024-08-10 12:00:00,154.91000,155.12000,154.41000,154.57001
2024-08-10 13:00:00,154.49001,154.5,152.95000,152.96001
2024-08-10 14:00:00,152.98000,153.87000,152.91000,153.72000
2024-08-10 15:00:00,153.78999,155.059998,153.46001,154.20000
2024-08-10 16:00:00,153.95000,154.21001,153.089996,153.38000
2024-08-10 17:00:00,153.57001,154.37000,153.17999,154.10001
2024-08-10 18:00:00,154.19000,155.12000,154.039993,154.039993
2024-08-10 19:00:00,153.83000,155.25999,153.55000,154.48000
2024-08-10 20:00:00,154.63000,154.89000,153.81000,154.42999
2024-08-10 21:00:00,154.39999,155.13000,154.39999,154.86000
2024-08-10 22:00:00,154.88000,155.11000,154.48000,154.69000
2024-08-10 23:00:00,154.64999,154.64999,153.64999,154.0099945
2024-08-11 00:00:00,154.039993,155.020004,153.74001,154.69000
2024-08-11 01:00:00,154.67999,155.33000,154.25999,155.21001
2024-08-11 02:00:00,155.28000,155.48000,154.59000,154.84000
2024-08-11 03:00:00,154.85001,156.94000,154.85001,155.67000
2024-08-11 04:00:00,155.97000,155.97000,154.81000,155
2024-08-11 05:00:00,154.98000,155.82001,154.85001,155.55000
2024-08-11 06:00:00,155.50999,155.75,155.17000,155.48000
2024-08-11 07:00:00,155.64000,156.83000,155.64000,156.73000
2024-08-11 08:00:00,156.72000,157.10001,156.39999,156.46001
2024-08-11 09:00:00,156.42999,157.77000,155.37000,155.62000
2024-08-11 10:00:00,155.42000,156.16000,155.13000,155.16000
2024-08-11 11:00:00,155.17000,155.17000,153.080002,153.67999
2024-08-11 12:00:00,153.64000,153.74001,150.72000,151.56000
2024-08-11 13:00:00,151.39999,151.84000,150.039993,151.52000
2024-08-11 14:00:00,151.44000,151.64999,148.63000,149.30000
2024-08-11 15:00:00,149.13000,149.41000,148.089996,148.73000
2024-08-11 16:00:00,148.60001,149.27000,148.21001,148.71001
2024-08-11 17:00:00,148.82001,149.60001,148.080002,149.11000
2024-08-11 18:00:00,149.17000,149.17000,147.35001,147.94000
2024-08-11 19:00:00,147.81000,147.83000,145.70000,145.78000
2024-08-11 20:00:00,145.75,145.75,143.89000,143.89000
2024-08-11 21:00:00,143.83000,144.28000,143.16000,143.44000
2024-08-11 22:00:00,143.25,144.30000,141.27000,142.31000
2024-08-11 23:00:00,142.14999,142.17000,141.25,141.47000
2024-08-12 00:00:00,141.41000,143.49001,141.41000,142.73000
2024-08-12 01:00:00,142.61000,144.029999,142.32001,143.59000
2024-08-12 02:00:00,143.42999,144.41000,142.75,144.16000
2024-08-12 03:00:00,144.22000,144.66000,143.22000,143.94000
2024-08-12 04:00:00,143.91000,144.42000,143.42999,143.45000
2024-08-12 05:00:00,143.62000,143.87000,142.56000,143.25
2024-08-12 06:00:00,143.14999,143.55000,142.48000,143.52000
2024-08-12 07:00:00,143.42000,146.67000,142.25,146.11000
2024-08-12 08:00:00,145.95000,147.95000,144.47000,144.91000
2024-08-12 09:00:00,145.17000,145.78000,144.16000,144.31000
2024-08-12 10:00:00,144.35001,147.37000,143.67999,147.37000
2024-08-12 11:00:00,147.49001,150.66000,147.19000,150.37000
2024-08-12 12:00:00,150.25999,150.28000,148.31000,149.25999
2024-08-12 13:00:00,149.21001,149.59000,143.94000,144.5
2024-08-12 14:00:00,144.24001,150.34000,143.17000,149.27000
2024-08-12 15:00:00,149.36000,149.92000,145.46001,147.58000
2024-08-12 16:00:00,146.97000,147.73000,145.81000,146.95000
2024-08-12 17:00:00,146.98000,147.57001,145.35001,145.35001
2024-08-12 18:00:00,145.23000,146.28999,143.029999,143.029999
2024-08-12 19:00:00,143.37000,144.55000,143.37000,143.75
2024-08-12 20:00:00,143.82001,145.20000,143.25,143.5
2024-08-12 21:00:00,143.28000,144.35001,141.87000,143.49001
2024-08-12 22:00:00,143.53000,144.55000,143.44000,144.14999
2024-08-12 23:00:00,144.17000,147.42000,144.17000,146.28999
2024-08-13 00:00:00,146.020004,147.24001,145.71001,146.71001
2024-08-13 01:00:00,146.78999,147.029999,145.42000,147.029999
2024-08-13 02:00:00,146.81000,146.81000,144.64000,145.70000
2024-08-13 03:00:00,145.69000,145.69000,142.98000,143.58000
2024-08-13 04:00:00,143.66000,144.92999,143.029999,144.87000
2024-08-13 05:00:00,144.84000,146,144.35001,145.62000
2024-08-13 06:00:00,145.67000,146.70000,144.60001,146.52000
2024-08-13 07:00:00,146.42000,146.97000,145.92000,145.98000
2024-08-13 08:00:00,145.96001,146.28000,144.61000,145.47000
2024-08-13 09:00:00,145.31000,145.50999,143.88000,144.69000
2024-08-13 10:00:00,144.56000,145.050003,143.38000,144.59000
2024-08-13 11:00:00,144.63000,145.89999,144.28000,145.67999
2024-08-13 12:00:00,145.99001,146.62000,145.32001,146.42000
2024-08-13 13:00:00,146.34000,147.62000,145.82001,147.22000
2024-08-13 14:00:00,147.12000,147.59000,144.82001,146.28000
2024-08-13 15:00:00,146.42999,146.62000,145.28000,146.14000
2024-08-13 16:00:00,146.070007,149.37000,146.039993,149.36000
2024-08-13 17:00:00,149.47000,149.70000,147.75999,148.36000
2024-08-13 18:00:00,148.029999,148.029999,146.59000,146.78000
2024-08-13 19:00:00,146.59000,146.82001,144.92999,146.57001
2024-08-13 20:00:00,146.56000,146.89000,145.89000,145.97000
2024-08-13 21:00:00,145.92000,147.86000,145.89000,147.86000
2024-08-13 22:00:00,147.78000,147.78000,146.62000,147.059998
2024-08-13 23:00:00,147.28000,147.41000,146.28000,146.64999
2024-08-14 00:00:00,146.63000,147.13000,145.92999,145.95000
2024-08-14 01:00:00,145.95000,146.14999,143.77000,144.039993
2024-08-14 02:00:00,143.81000,145.029999,143.81000,144.98000
2024-08-14 03:00:00,145.0099945,146.16000,144.64000,145.17999
2024-08-14 04:00:00,145.13000,145.25,144.45000,144.60001
2024-08-14 05:00:00,144.48000,145.56000,144.41000,144.75
2024-08-14 06:00:00,144.58000,145.59000,144.20000,145.28999
2024-08-14 07:00:00,145.28999,145.72000,144.92999,145.71001
2024-08-14 08:00:00,145.71001,145.81000,144.91000,145.61000
2024-08-14 09:00:00,145.62000,146.41000,145.50999,146.36000
2024-08-14 10:00:00,146.39999,148.039993,146.39999,146.82001
2024-08-14 11:00:00,146.87000,148.99001,146.63000,148.020004
2024-08-14 12:00:00,148.070007,151.82001,147.70000,149.83000
2024-08-14 13:00:00,150.089996,150.85001,146.72000,147.070007
2024-08-14 14:00:00,146.88000,147.53000,145.66000,146.73000
2024-08-14 15:00:00,146.74001,147.16000,144.84000,146.67000
2024-08-14 16:00:00,146.41000,147.17999,144.20000,144.96001
2024-08-14 17:00:00,145.029999,145.48000,144.50999,144.67000
2024-08-14 18:00:00,144.59000,145.24001,143.91000,144.49001
2024-08-14 19:00:00,144.39000,144.73000,143.81000,144.25
2024-08-14 20:00:00,144.25999,144.67000,144.070007,144.20000
2024-08-14 21:00:00,144.16000,144.50999,143.75999,143.86000
2024-08-14 22:00:00,143.89999,144.33000,142.56000,144.32001
2024-08-14 23:00:00,144.39000,144.39000,143.75,143.75999
2024-08-15 00:00:00,143.77000,145.32001,143.71001,144.98000
2024-08-15 01:00:00,144.92000,145.39000,144.41000,144.41000
2024-08-15 02:00:00,144.31000,145.17999,143.23000,144.63000
2024-08-15 03:00:00,144.67000,145.20000,144.45000,144.70000
2024-08-15 04:00:00,144.72000,144.84000,143.85001,144.69000
2024-08-15 05:00:00,144.55000,144.85001,142.83000,142.83000
2024-08-15 06:00:00,142.84000,143.059998,141.32001,141.89999
2024-08-15 07:00:00,141.89000,142.63000,141.089996,142.48000
2024-08-15 08:00:00,142.36000,143.13000,141.73000,143.13000
2024-08-15 09:00:00,143.12000,143.42999,142.12000,142.17999
2024-08-15 10:00:00,142.10001,142.30000,141.34000,141.67999
2024-08-15 11:00:00,141.84000,143.41000,141.84000,143.14999
2024-08-15 12:00:00,143.21001,145.31000,142.77000,143.070007
2024-08-15 13:00:00,142.94000,145.050003,142.23000,144.86000
2024-08-15 14:00:00,145.070007,146,144.25,145.029999
2024-08-15 15:00:00,145.0099945,146.25999,144.46001,146.050003
2024-08-15 16:00:00,145.95000,147.39000,145.57001,145.82001
2024-08-15 17:00:00,145.89999,145.89999,143.25999,143.25999
2024-08-15 18:00:00,143.11000,143.11000,138.22000,138.81000
2024-08-15 19:00:00,138.42999,140.58000,138.10001,140.17000
2024-08-15 20:00:00,139.98000,140.37000,138.91000,139.39000
2024-08-15 21:00:00,140.33000,141.78999,140.020004,141.78999
2024-08-15 22:00:00,141.60001,144.75,140.92999,143.69000
2024-08-15 23:00:00,143.91000,144.10001,142.49001,142.49001
2024-08-16 00:00:00,142.28000,142.77000,141.74001,141.94000
2024-08-16 01:00:00,141.92000,142.53999,140.78999,142.0099945
2024-08-16 02:00:00,142.14999,144.33000,141.28000,143.21001
2024-08-16 03:00:00,142.99001,143.16000,141.78999,142.050003
2024-08-16 04:00:00,141.92000,142.5,141.69000,142.5
2024-08-16 05:00:00,142.5,143.21001,142.25,143.089996
2024-08-16 06:00:00,143.32001,144.77000,143,144.28999
2024-08-16 07:00:00,144.31000,144.64999,143.94000,144.48000
2024-08-16 08:00:00,144.53000,144.83000,143.45000,143.74001
2024-08-16 09:00:00,143.70000,144.28999,143.56000,144.24001
2024-08-16 10:00:00,144.28999,144.28999,142.99001,143.5
2024-08-16 11:00:00,143.42999,143.89999,141.94000,141.95000
2024-08-16 12:00:00,142.11000,142.56000,139,139.13000
2024-08-16 13:00:00,139.11000,142.22000,139.11000,139.99001
2024-08-16 14:00:00,140.62000,140.62000,137.97000,138.28999
2024-08-16 15:00:00,138.35001,139.14999,136.80000,137.94000
2024-08-16 16:00:00,137.91000,139.62000,137.53999,138.45000
2024-08-16 17:00:00,138.14000,139.67000,136.20000,139.67000
2024-08-16 18:00:00,139.64000,140.23000,138.64999,139.36000
2024-08-16 19:00:00,139.63000,141.34000,139.63000,140.88000
2024-08-16 20:00:00,140.92999,141.82001,140.53000,140.66000
2024-08-16 21:00:00,140.62000,141.17000,139.67999,139.96001
2024-08-16 22:00:00,139.95000,140.25,139.49001,139.60001
2024-08-16 23:00:00,139.59000,139.59000,139.029999,139.029999
2024-08-17 00:00:00,138.89999,139.22000,137.64999,139
2024-08-17 01:00:00,138.97000,139.86000,138.75,139.33000
2024-08-17 02:00:00,139.34000,140.20000,139.27000,139.59000
2024-08-17 03:00:00,139.70000,139.81000,138.17999,138.81000
2024-08-17 04:00:00,138.84000,139.42000,138.70000,139.42000
2024-08-17 05:00:00,139.42000,139.66000,139.029999,139.56000
2024-08-17 06:00:00,139.55000,139.72000,138.84000,138.98000
2024-08-17 07:00:00,139,139.48000,138.63000,139.48000
2024-08-17 08:00:00,139.47000,139.50999,138.99001,139.5
2024-08-17 09:00:00,139.35001,140.080002,139.11000,139.62000
2024-08-17 10:00:00,139.71001,139.71001,138.44000,138.53000
2024-08-17 11:00:00,138.47000,139.39999,138.20000,139.12000
2024-08-17 12:00:00,139.0099945,139.86000,139.0099945,139.71001
2024-08-17 13:00:00,139.75,140.63000,139.55000,139.84000
2024-08-17 14:00:00,139.89000,141.14000,139.75999,141.14000
2024-08-17 15:00:00,141.14000,141.49001,140.13000,140.17000
2024-08-17 16:00:00,140.31000,141.31000,140.25,141.23000
2024-08-17 17:00:00,141.50999,141.64999,140.44000,140.44000
2024-08-17 18:00:00,140.53000,140.67000,140.13000,140.47000
2024-08-17 19:00:00,140.53000,141.28999,140.49001,141.080002
2024-08-17 20:00:00,141.14000,141.34000,140.81000,141
2024-08-17 21:00:00,141,141.25,140.74001,141.22000
2024-08-17 22:00:00,141.36000,141.83000,141.34000,141.42999
2024-08-17 23:00:00,141.57001,141.95000,141.35001,141.92999
2024-08-18 00:00:00,141.95000,143.089996,141.42999,142.60001
2024-08-18 01:00:00,142.63000,142.70000,141.22000,141.27000
2024-08-18 02:00:00,141.30000,143.12000,141.039993,142.89000
2024-08-18 03:00:00,143.11000,143.16000,141.12000,141.17000
2024-08-18 04:00:00,141.070007,141.53999,140.75999,141.17999
2024-08-18 05:00:00,141.22000,141.74001,140.96001,141.25
2024-08-18 06:00:00,141.17999,141.84000,141.16000,141.74001
2024-08-18 07:00:00,141.78999,141.92999,141.30000,141.55000
2024-08-18 08:00:00,141.50999,141.92000,141.34000,141.92000
2024-08-18 09:00:00,141.89999,143,141.83000,142.99001
2024-08-18 10:00:00,143.11000,145.85001,143,143.92000
2024-08-18 11:00:00,143.99001,144.52000,143.80000,144.52000
2024-08-18 12:00:00,144.63000,145.99001,144.10001,145.46001
2024-08-18 13:00:00,145.55000,146.52000,144.81000,144.94000
2024-08-18 14:00:00,144.89999,145.78999,144.89000,145.12000
2024-08-18 15:00:00,145.12000,145.95000,144.86000,145.75999
2024-08-18 16:00:00,145.89000,146.60001,145.44000,146.050003
2024-08-18 17:00:00,146,146.17000,144.38000,144.52000
2024-08-18 18:00:00,144.64999,145.59000,144.31000,145.53999
2024-08-18 19:00:00,145.57001,146.53999,145.52000,146.46001
2024-08-18 20:00:00,146.44000,147.0099945,146.11000,146.66000
2024-08-18 21:00:00,146.57001,146.64999,144.92000,144.95000
2024-08-18 22:00:00,145.050003,145.64000,144.59000,144.60001
2024-08-18 23:00:00,144.62000,144.77000,142.37000,142.38000
2024-08-19 00:00:00,142.25999,143.47000,141.94000,141.97000
2024-08-19 01:00:00,141.89999,142.88000,141.67000,142.11000
2024-08-19 02:00:00,141.98000,142.84000,141.61000,142.75
2024-08-19 03:00:00,142.58000,143.33000,142.44000,143.24001
2024-08-19 04:00:00,143.20000,143.36000,142.58000,143.14000
2024-08-19 05:00:00,143.17000,143.34000,142.0099945,142.22000
2024-08-19 06:00:00,142.27000,143.41000,141.92000,142.88000
2024-08-19 07:00:00,142.85001,143.50999,142.27000,142.33000
2024-08-19 08:00:00,142.36000,142.78999,142.20000,142.58000
2024-08-19 09:00:00,142.63000,143.27000,140.94000,141.039993
2024-08-19 10:00:00,140.82001,141.60001,140.36000,141.10001
2024-08-19 11:00:00,141.12000,142.34000,140.81000,142.34000
2024-08-19 12:00:00,142.25999,143.24001,142.0099945,143.14999
2024-08-19 13:00:00,143.12000,144.52000,142.75,142.77000
2024-08-19 14:00:00,142.63000,144.28999,141.78999,144.28999
2024-08-19 15:00:00,144.34000,144.39000,143.69000,143.94000
2024-08-19 16:00:00,143.84000,144.24001,143.050003,144.23000
2024-08-19 17:00:00,144.27000,145.39999,143.38000,143.69000
2024-08-19 18:00:00,143.70000,144.50999,142.86000,143.58000
2024-08-19 19:00:00,143.61000,143.61000,142.64999,143.19000
2024-08-19 20:00:00,142.86000,144.16000,142.81000,143.39000
2024-08-19 21:00:00,143.35001,144.059998,143.14999,143.70000
2024-08-19 22:00:00,143.64999,144.38000,142.86000,143.57001
2024-08-19 23:00:00,143.61000,144.46001,142.94000,144.32001
2024-08-20 00:00:00,144.16000,146.82001,143.49001,146.57001
2024-08-20 01:00:00,146.86000,147.59000,145.53999,145.82001
2024-08-20 02:00:00,145.85001,145.85001,144.89999,145.34000
2024-08-20 03:00:00,145.42000,145.73000,145.17000,145.46001
2024-08-20 04:00:00,145.66000,147.28999,145.46001,147.029999
2024-08-20 05:00:00,147.059998,148.60001,146.96001,147.64999
2024-08-20 06:00:00,147.59000,147.59000,146.75,147.020004
2024-08-20 07:00:00,147.029999,147.47000,146.95000,147.47000
2024-08-20 08:00:00,147.49001,147.64999,146.050003,146.24001
2024-08-20 09:00:00,146.28999,146.83000,146.12000,146.53999
2024-08-20 10:00:00,146.55000,146.61000,146.10001,146.19000
2024-08-20 11:00:00,146.17000,146.30000,145.23000,145.32001
2024-08-20 12:00:00,145.39999,146.10001,145.35001,145.91000
2024-08-20 13:00:00,145.63000,146.39999,145.089996,146.10001
2024-08-20 14:00:00,146.13000,146.13000,142.5,142.5
2024-08-20 15:00:00,142.27000,142.60001,141.19000,142.10001
2024-08-20 16:00:00,141.85001,142.86000,141.67000,142.62000
2024-08-20 17:00:00,142.57001,143.41000,142.45000,143.32001
2024-08-20 18:00:00,143.33000,143.95000,143.020004,143.32001
2024-08-20 19:00:00,143.38000,144.25,143.36000,143.95000
2024-08-20 20:00:00,143.97000,144.39000,143.53000,143.53000
2024-08-20 21:00:00,143.52000,143.52000,142.64000,143.070007
2024-08-20 22:00:00,143.089996,143.55000,143.059998,143.14999
2024-08-20 23:00:00,143.19000,143.32001,142.27000,142.28999
2024-08-21 00:00:00,142.28999,142.95000,141.83000,141.83000
2024-08-21 01:00:00,141.89000,142.61000,141.69000,142.56000
2024-08-21 02:00:00,142.45000,143.039993,142.31000,142.81000
2024-08-21 03:00:00,142.77000,142.85001,142.22000,142.45000
2024-08-21 04:00:00,142.53999,142.82001,142.30000,142.67000
2024-08-21 05:00:00,142.72000,143.33000,142.56000,143.33000
2024-08-21 06:00:00,143.25999,143.53000,143.21001,143.39000
2024-08-21 07:00:00,143.41000,143.77000,142.75,143.12000
2024-08-21 08:00:00,143.21001,143.52000,141.91000,142.17999
2024-08-21 09:00:00,142.21001,142.21001,141.0099945,141.49001
2024-08-21 10:00:00,141.52000,142.27000,141.28000,142.14000
2024-08-21 11:00:00,142.17000,142.22000,141.28999,141.47000
2024-08-21 12:00:00,141.28999,141.81000,140.86000,141.25
2024-08-21 13:00:00,141.25999,141.53000,139,141.42000
2024-08-21 14:00:00,141.31000,142.37000,139.30000,139.78000
2024-08-21 15:00:00,139.57001,140.78999,139.41000,140.33000
2024-08-21 16:00:00,140.37000,141.080002,139.67999,141.080002
2024-08-21 17:00:00,141.20000,142.050003,140.97000,141.5
2024-08-21 18:00:00,141.47000,142.94000,141.38000,142.75999
2024-08-21 19:00:00,142.72000,143.64999,142.24001,143.49001
2024-08-21 20:00:00,143.57001,144.33000,142.62000,143.039993
2024-08-21 21:00:00,143.070007,143.88000,142.67000,143.56000
2024-08-21 22:00:00,143.67000,143.83000,142.95000,142.96001
2024-08-21 23:00:00,142.95000,143.20000,142.10001,142.72000
2024-08-22 00:00:00,142.94000,143.22000,142.45000,142.45000
2024-08-22 01:00:00,142.53999,143.17000,142.42999,143.10001
2024-08-22 02:00:00,143.080002,143.080002,140.84000,141.52000
2024-08-22 03:00:00,141.44000,141.88000,141.12000,141.74001
2024-08-22 04:00:00,141.70000,142.17999,141.42999,142.17999
2024-08-22 05:00:00,142.21001,142.25999,141.91000,142.17000
2024-08-22 06:00:00,142.13000,142.78000,142.13000,142.70000
2024-08-22 07:00:00,142.70000,143.64000,142.39999,143.33000
2024-08-22 08:00:00,143.42000,143.55000,143.020004,143.16000
2024-08-22 09:00:00,143.12000,143.22000,142.66000,142.92000
2024-08-22 10:00:00,142.89999,144.17999,142.78999,144.070007
2024-08-22 11:00:00,144.029999,144.77000,143.59000,144.55000
2024-08-22 12:00:00,144.57001,144.75999,143.050003,143.19000
2024-08-22 13:00:00,143.28999,143.83000,142.53999,143.039993
2024-08-22 14:00:00,142.97000,143.16000,142.25,142.92000
2024-08-22 15:00:00,142.78999,143.50999,142.14999,142.64999
2024-08-22 16:00:00,142.57001,143.31000,142.57001,142.78000
2024-08-22 17:00:00,142.72000,143.22000,142.47000,142.48000
2024-08-22 18:00:00,142.50999,143.50999,142.44000,142.95000
2024-08-22 19:00:00,142.96001,143.17000,142.67000,142.67000
2024-08-22 20:00:00,142.73000,143.39999,142.70000,143.39999
2024-08-22 21:00:00,143.34000,143.73000,143.029999,143.34000
2024-08-22 22:00:00,143.37000,143.42000,143.080002,143.20000
2024-08-22 23:00:00,143.19000,143.41000,143.059998,143.22000
2024-08-23 00:00:00,143.25999,145.30000,143.20000,144.41000
2024-08-23 01:00:00,144.41000,144.71001,144,144.70000
2024-08-23 02:00:00,144.72000,145.60001,144.55000,144.82001
2024-08-23 03:00:00,144.82001,145.070007,144.46001,144.49001
2024-08-23 04:00:00,144.49001,145.029999,144.39000,144.42000
2024-08-23 05:00:00,144.97000,145.88000,144.97000,145.49001
2024-08-23 06:00:00,145.48000,145.89000,144.92000,145.52000
2024-08-23 07:00:00,145.60001,145.75,145.0099945,145.089996
2024-08-23 08:00:00,145.14999,145.44000,145,145.13000
2024-08-23 09:00:00,145.089996,145.10001,144.31000,144.32001
2024-08-23 10:00:00,144.32001,144.75,144.31000,144.31000
2024-08-23 11:00:00,144.33000,144.33000,143.44000,143.5
2024-08-23 12:00:00,143.53000,144.53999,143.53000,144.50999
2024-08-23 13:00:00,144.42000,144.63000,143.67000,144.59000
2024-08-23 14:00:00,144.86000,147.020004,142.70000,143.50999
2024-08-23 15:00:00,143.50999,144.97000,143.46001,144.39999
2024-08-23 16:00:00,144.13000,145.20000,144.13000,145.059998
2024-08-23 17:00:00,145.059998,148.50999,145.059998,148.059998
2024-08-23 18:00:00,148.45000,149.49001,147.84000,148.27000
2024-08-23 19:00:00,148.30000,150.020004,148.14000,149.71001
2024-08-23 20:00:00,149.75999,151.52000,149.75999,150.69000
2024-08-23 21:00:00,150.89000,152.17999,150.72000,152.039993
2024-08-23 22:00:00,152.39000,153.75,151.83000,151.83000
2024-08-23 23:00:00,152.0099945,153.5,152.0099945,153.13000
2024-08-24 00:00:00,153.28999,154.039993,152.75999,153.070007
2024-08-24 01:00:00,153.050003,153.28999,152.0099945,153.28999
2024-08-24 02:00:00,153.25,154.52000,153.23000,153.38000
2024-08-24 03:00:00,153.36000,153.56000,153,153.17999
2024-08-24 04:00:00,153.24001,154.070007,153.16000,154.039993
2024-08-24 05:00:00,154.059998,155.28999,154,154.50999
2024-08-24 06:00:00,154.35001,154.80000,154.080002,154.10001
2024-08-24 07:00:00,154.10001,154.64000,154.10001,154.63000
2024-08-24 08:00:00,154.52000,155.53999,154.35001,155.53999
2024-08-24 09:00:00,155.64000,157.82001,155.0099945,157.67999
2024-08-24 10:00:00,157.78000,158.69000,156.97000,157.64000
2024-08-24 11:00:00,157.92000,158.55000,157.36000,157.39999
2024-08-24 12:00:00,157.63000,158.25,157.020004,157.32001
2024-08-24 13:00:00,157.47000,157.92999,157.21001,157.92999
2024-08-24 14:00:00,157.92999,158.66000,157.35001,158.66000
2024-08-24 15:00:00,158.62000,159.69000,158.30000,159.10001
2024-08-24 16:00:00,159.44000,162.059998,159.37000,161.28999
2024-08-24 17:00:00,161.19000,162.14000,160.57001,160.57001
2024-08-24 18:00:00,160.73000,162.039993,160.25,161.49001
2024-08-24 19:00:00,161.45000,161.95000,160.58000,160.62000
2024-08-24 20:00:00,160.62000,161.11000,160.27000,160.27000
2024-08-24 21:00:00,160.42000,160.42000,157.39999,157.67999
2024-08-24 22:00:00,157.80000,159.35001,157.80000,159.10001
2024-08-24 23:00:00,159.059998,160.78999,158.99001,160.66000
2024-08-25 00:00:00,160.64000,160.64000,158.62000,158.87000
2024-08-25 01:00:00,158.86000,159.84000,157.48000,158.52000
2024-08-25 02:00:00,158.23000,159.050003,158.17000,158.73000
2024-08-25 03:00:00,158.78999,158.78999,157.38000,158.23000
2024-08-25 04:00:00,158.28999,158.74001,157.45000,158.73000
2024-08-25 05:00:00,158.78000,159.029999,158.24001,158.33000
2024-08-25 06:00:00,158.27000,158.41000,157.53000,157.78000
2024-08-25 07:00:00,157.67999,157.67999,155.31000,156.22000
2024-08-25 08:00:00,156.059998,157.25,155.85001,157.12000
2024-08-25 09:00:00,157.20000,157.75,156.72000,157.39000
2024-08-25 10:00:00,157.34000,157.5,156.35001,156.78000
2024-08-25 11:00:00,156.92999,157.94000,156.92999,157.28000
2024-08-25 12:00:00,157.27000,157.83000,156.98000,157.78000
2024-08-25 13:00:00,157.75999,159,157.75999,158.50999
2024-08-25 14:00:00,158.49001,159.66000,158.49001,159
2024-08-25 15:00:00,159.020004,159.88000,158.69000,159.24001
2024-08-25 16:00:00,159.31000,160.17000,158.56000,158.96001
2024-08-25 17:00:00,159,159.69000,158.80000,159.55000
2024-08-25 18:00:00,159.64000,159.96001,158.97000,159.53999
2024-08-25 19:00:00,159.5,159.80000,158.75999,159.12000
2024-08-25 20:00:00,159.11000,159.5,158.64000,158.89000
2024-08-25 21:00:00,158.98000,161.52000,158.89000,161.30000
2024-08-25 22:00:00,161.45000,161.96001,160.23000,160.62000
2024-08-25 23:00:00,160.61000,161.19000,158.52000,159.10001
2024-08-26 00:00:00,159.27000,159.81000,158.31000,159.080002
2024-08-26 01:00:00,159.17999,159.21001,158.039993,158.089996
2024-08-26 02:00:00,158.11000,158.57001,157.78000,158.53000
2024-08-26 03:00:00,158.53999,160.16000,158.39000,160.16000
2024-08-26 04:00:00,160.11000,161.11000,159.82001,160.97000
2024-08-26 05:00:00,160.92000,160.92000,159.47000,159.47000
2024-08-26 06:00:00,159.55000,159.60001,158.41000,158.98000
2024-08-26 07:00:00,158.91000,159.44000,158.50999,159.14999
2024-08-26 08:00:00,159.13000,160.67000,158.86000,159.73000
2024-08-26 09:00:00,159.86000,160.62000,158.57001,160.62000
2024-08-26 10:00:00,160.58000,161.87000,160.39999,161.23000
2024-08-26 11:00:00,161.14000,161.78999,160.25999,160.35001
2024-08-26 12:00:00,160.42999,161.10001,158.86000,159.47000
2024-08-26 13:00:00,159.27000,160.5,159.020004,160.21001
2024-08-26 14:00:00,160.21001,161.41000,156.020004,157.14999
2024-08-26 15:00:00,157.25,158.28999,156.059998,157.56000
2024-08-26 16:00:00,157.45000,158.11000,157.050003,157.75999
2024-08-26 17:00:00,157.75,157.86000,155.57001,157.49001
2024-08-26 18:00:00,157.38000,159.32001,156.48000,158.92000
2024-08-26 19:00:00,158.83000,158.96001,157.69000,157.69000
2024-08-26 20:00:00,158.0099945,159.25,157.46001,158.83000
2024-08-26 21:00:00,158.72000,158.77000,156.5,157.56000
2024-08-26 22:00:00,157.88000,158.22000,157.16000,157.58000
2024-08-26 23:00:00,157.41000,158.22000,156.82001,157.14000
2024-08-27 00:00:00,157.11000,158.21001,157.11000,157.5
2024-08-27 01:00:00,157.58000,158.92000,157.53000,158.25999
2024-08-27 02:00:00,158.14999,158.99001,158.10001,158.39000
2024-08-27 03:00:00,158.14000,158.61000,157.49001,158.56000
2024-08-27 04:00:00,158.52000,158.92999,158.059998,158.59000
2024-08-27 05:00:00,158.57001,159.55000,158.53999,159.36000
2024-08-27 06:00:00,159.23000,159.23000,157.58000,158.10001
2024-08-27 07:00:00,158.10001,158.27000,157.39000,157.70000
2024-08-27 08:00:00,157.72000,157.97000,156.75999,157.0099945
2024-08-27 09:00:00,157,157.69000,156.22000,156.50999
2024-08-27 10:00:00,156.41000,156.41000,153.64000,153.67999
2024-08-27 11:00:00,153.5,154.81000,153.5,154.24001
2024-08-27 12:00:00,153.95000,154.36000,153.11000,154.28999
2024-08-27 13:00:00,154.24001,155.31000,153.53000,154.24001
2024-08-27 14:00:00,154.14999,155.59000,153.64000,153.78000
2024-08-27 15:00:00,153.71001,154.89999,153.34000,153.75
2024-08-27 16:00:00,153.55000,154.94000,153.28999,153.64999
2024-08-27 17:00:00,153.75999,154.89999,153.49001,154.89999
2024-08-27 18:00:00,154.75,155.50999,154.36000,155.39999
2024-08-27 19:00:00,155.38000,155.38000,154.39000,154.64999
2024-08-27 20:00:00,154.91000,155.029999,153.98000,153.98000
2024-08-27 21:00:00,154.050003,154.17000,147.42999,149.17000
2024-08-27 22:00:00,149.10001,149.32001,145.28999,147.46001
2024-08-27 23:00:00,147.080002,147.77000,146.38000,146.89000
2024-08-28 00:00:00,146.67999,146.82001,145.42999,145.97000
2024-08-28 01:00:00,146.020004,147.11000,145.44000,147
2024-08-28 02:00:00,146.96001,146.96001,145.84000,146.71001
2024-08-28 03:00:00,146.71001,148.24001,146.64999,148.17000
2024-08-28 04:00:00,148.13000,148.24001,147.33000,147.41000
2024-08-28 05:00:00,147.31000,148.70000,147.19000,147.36000
2024-08-28 06:00:00,147.35001,147.46001,147,147.24001
2024-08-28 07:00:00,147.039993,147.38000,143.86000,143.86000
2024-08-28 08:00:00,143.88000,145.72000,142.96001,145.14000
2024-08-28 09:00:00,145.089996,147.99001,144.96001,147.99001
2024-08-28 10:00:00,147.95000,147.95000,146.67000,146.75
2024-08-28 11:00:00,146.64000,147.60001,146.58000,147.17000
2024-08-28 12:00:00,147.12000,148.5,147.0099945,147.67000
2024-08-28 13:00:00,147.69000,147.73000,145.36000,145.42000
2024-08-28 14:00:00,145.16000,146.80000,144.14999,144.75999
2024-08-28 15:00:00,144.85001,144.85001,143.39000,144.21001
2024-08-28 16:00:00,144.020004,144.020004,140.63000,143.10001
2024-08-28 17:00:00,143.25999,143.25999,141.70000,142.14999
2024-08-28 18:00:00,142.14000,144.53999,142.089996,144.53999
2024-08-28 19:00:00,144.77000,145.57001,143.78000,144.25999
2024-08-28 20:00:00,144.34000,145.75,143.38000,144.23000
2024-08-28 21:00:00,144.039993,144.78999,143.33000,143.33000
2024-08-28 22:00:00,142.87000,143.49001,141.75,143.49001
2024-08-28 23:00:00,143.42000,144.24001,143.19000,143.91000
2024-08-29 00:00:00,143.80000,144.97000,143.80000,144.28000
2024-08-29 01:00:00,144.22000,144.82001,143.25999,143.42999
2024-08-29 02:00:00,143.44000,143.98000,143.070007,143.97000
2024-08-29 03:00:00,143.96001,144.089996,143.13000,143.28000
2024-08-29 04:00:00,143.36000,143.81000,143.24001,143.53000
2024-08-29 05:00:00,143.52000,144.28000,143.22000,144.25
2024-08-29 06:00:00,144.19000,145.14999,144.12000,144.74001
2024-08-29 07:00:00,144.78000,144.97000,144.56000,144.75
2024-08-29 08:00:00,144.69000,145.16000,144.45000,144.88000
2024-08-29 09:00:00,145.0099945,145.85001,144.89000,145.28000
2024-08-29 10:00:00,145.35001,145.78999,144.99001,145.17999
2024-08-29 11:00:00,145.17000,146.85001,145.16000,145.83000
2024-08-29 12:00:00,145.56000,145.96001,145.24001,145.50999
2024-08-29 13:00:00,145.46001,145.77000,144.75,145.48000
2024-08-29 14:00:00,145.56000,145.89000,144.80000,145.35001
2024-08-29 15:00:00,145.38000,147.30000,145.34000,146.12000
2024-08-29 16:00:00,146.029999,146.78000,143.85001,144.14000
2024-08-29 17:00:00,144.19000,144.61000,143.71001,144.45000
2024-08-29 18:00:00,144.31000,144.39999,139.53999,139.78999
2024-08-29 19:00:00,139.64999,141.21001,138.70000,140.27000
2024-08-29 20:00:00,140.19000,141.24001,139.31000,140.28000
2024-08-29 21:00:00,140.17000,140.17000,139.33000,139.33000
2024-08-29 22:00:00,139,140.020004,138.13000,139.85001
2024-08-29 23:00:00,139.74001,140.30000,139.44000,140.0099945
2024-08-30 00:00:00,139.74001,141.059998,139.58000,140.39000
2024-08-30 01:00:00,140.36000,140.73000,139.53999,139.98000
2024-08-30 02:00:00,139.99001,140.14999,138.56000,139.30000
2024-08-30 03:00:00,139.21001,139.24001,138.45000,138.85001
2024-08-30 04:00:00,138.78000,139.82001,138.78000,139.19000
2024-08-30 05:00:00,139.20000,139.20000,137.31000,137.99001
2024-08-30 06:00:00,137.96001,139.62000,137.53999,139.62000
2024-08-30 07:00:00,139.61000,139.81000,139.0099945,139.020004
2024-08-30 08:00:00,139.070007,139.85001,139.0099945,139.41000
2024-08-30 09:00:00,139.46001,140.0099945,139.37000,139.71001
2024-08-30 10:00:00,139.80000,139.99001,139.25999,139.55000
2024-08-30 11:00:00,139.46001,139.67999,138.42000,138.64999
2024-08-30 12:00:00,138.59000,140.57001,138.53000,139.86000
2024-08-30 13:00:00,139.78000,140.5,138.080002,139.81000
2024-08-30 14:00:00,139.73000,140.37000,136.21001,136.21001
2024-08-30 15:00:00,135.75,135.75,132.85001,133.22000
2024-08-30 16:00:00,133.029999,134.46001,132.33000,133.85001
2024-08-30 17:00:00,133.83000,134.91000,133.44000,134.44000
2024-08-30 18:00:00,134.39999,137.67000,134.39999,137
2024-08-30 19:00:00,136.94000,136.99001,135.60001,135.87000
2024-08-30 20:00:00,136.13000,136.5,135.67000,136.39999
2024-08-30 21:00:00,136.35001,136.86000,136.19000,136.42000
2024-08-30 22:00:00,136.42000,137.95000,136.42000,137.70000
2024-08-30 23:00:00,137.64999,138.47000,137.64999,137.98000
2024-08-31 00:00:00,138.020004,139.19000,137.92000,138.39000
2024-08-31 01:00:00,138.33000,138.52000,137.89000,137.94000
2024-08-31 02:00:00,138.0099945,138.089996,137.57001,138.089996
2024-08-31 03:00:00,138.16000,138.75999,137.98000,138.28000
2024-08-31 04:00:00,138.31000,138.77000,138.24001,138.71001
2024-08-31 05:00:00,138.60001,138.60001,137.67000,137.67000
2024-08-31 06:00:00,137.64999,138.34000,137.53999,137.95000
2024-08-31 07:00:00,137.98000,138.16000,137.52000,137.63000
2024-08-31 08:00:00,137.64999,137.85001,136,136
2024-08-31 09:00:00,135.97000,136.73000,135.96001,136.66000
2024-08-31 10:00:00,136.61000,137.48000,136.49001,137.11000
2024-08-31 11:00:00,137.14999,137.36000,136.85001,136.98000
2024-08-31 12:00:00,136.99001,137.27000,136.61000,136.99001
2024-08-31 13:00:00,136.99001,137.059998,135.83000,135.83000
2024-08-31 14:00:00,135.64999,136.5,135.64999,136.19000
2024-08-31 15:00:00,136.27000,136.63000,135.95000,136.63000
2024-08-31 16:00:00,136.66000,136.66000,135.77000,136.12000
2024-08-31 17:00:00,135.95000,136.28999,135.039993,135.77000
2024-08-31 18:00:00,135.71001,136.47000,135.32001,135.42000
2024-08-31 19:00:00,135.42000,135.47000,134.64000,134.99001
2024-08-31 20:00:00,134.83000,135.53999,134.55000,135.31000
2024-08-31 21:00:00,135.31000,136.28000,135.10001,135.98000
2024-08-31 22:00:00,135.88000,136.20000,135.37000,135.39999
2024-08-31 23:00:00,135.37000,135.59000,134.88000,135.35001
2024-09-01 00:00:00,135.36000,135.58000,135.020004,135.42000
2024-09-01 01:00:00,135.32001,135.5,133.53000,133.63000
2024-09-01 02:00:00,133.52000,133.92000,132.92000,133.92000
2024-09-01 03:00:00,133.84000,134.38000,133.75,134.089996
2024-09-01 04:00:00,134.070007,134.080002,133.34000,133.72000
2024-09-01 05:00:00,133.75,133.88000,131.14999,131.59000
2024-09-01 06:00:00,131.63000,132.75,131.63000,132.75
2024-09-01 07:00:00,132.84000,132.98000,132.14999,132.69000
2024-09-01 08:00:00,132.77000,132.78999,131.28999,131.42999
2024-09-01 09:00:00,131.41000,132.17999,131.10001,131.28999
2024-09-01 10:00:00,131.22000,131.34000,130.30000,130.30000
2024-09-01 11:00:00,130.39999,131.96001,130.31000,131.85001
2024-09-01 12:00:00,131.86000,132.13000,130.96001,130.99001
2024-09-01 13:00:00,131.059998,131.64999,130.28999,131.47000
2024-09-01 14:00:00,131.58000,132.55000,130.28000,131.77000
2024-09-01 15:00:00,131.78999,134.80000,131.71001,134.21001
2024-09-01 16:00:00,134.14000,134.64999,132.75999,133.080002
2024-09-01 17:00:00,132.95000,133.5,131.95000,132.66000
2024-09-01 18:00:00,132.63000,135.039993,132.57001,134.85001
2024-09-01 19:00:00,134.97000,135.77000,134.21001,135.17000
2024-09-01 20:00:00,135.27000,136.050003,134.53000,135.050003
2024-09-01 21:00:00,134.96001,134.96001,133.14999,133.86000
2024-09-01 22:00:00,133.82001,133.89000,129.029999,129.029999
2024-09-01 23:00:00,129.25,130.49001,127.85000,128.53999
2024-09-02 00:00:00,128.80000,130.13000,128.52000,129.71001
2024-09-02 01:00:00,129.81000,130.44000,129.24001,129.69000
2024-09-02 02:00:00,129.64999,130.45000,128.5,129.45000
2024-09-02 03:00:00,129.31000,130.52000,129.31000,130.19000
2024-09-02 04:00:00,130.27000,130.27000,127.55000,127.61000
2024-09-02 05:00:00,127.67000,129.71001,127.62000,129.17000
2024-09-02 06:00:00,129.16000,129.59000,128.39000,128.75
2024-09-02 07:00:00,128.83000,129.37000,127.13000,127.51000
2024-09-02 08:00:00,127.75,130.63000,127.31000,130.039993
2024-09-02 09:00:00,129.96001,131.73000,129.12000,131.71001
2024-09-02 10:00:00,131.44000,132.80000,131.39999,132.059998
2024-09-02 11:00:00,132.039993,132.58000,131.58000,131.83000
2024-09-02 12:00:00,131.86000,132.35001,131.34000,131.97000
2024-09-02 13:00:00,131.92999,132.39999,130.75999,130.75999
2024-09-02 14:00:00,130.87000,133.24001,130.14000,132.89999
2024-09-02 15:00:00,132.78999,133.31000,132.36000,132.49001
2024-09-02 16:00:00,132.57001,133.28999,131.74001,131.74001
2024-09-02 17:00:00,131.89999,133.38000,131.89999,133.34000
2024-09-02 18:00:00,133.46001,133.83000,132.63000,133.33000
2024-09-02 19:00:00,133.20000,133.50999,132.87000,133.020004
2024-09-02 20:00:00,133.10001,134.75,132.83000,134.67000
2024-09-02 21:00:00,134.95000,134.95000,133.87000,134.19000
2024-09-02 22:00:00,134.19000,134.89999,134.059998,134.74001
2024-09-02 23:00:00,134.83000,135.38000,134.62000,134.95000
2024-09-03 00:00:00,134.94000,135.13000,134.24001,135.029999
2024-09-03 01:00:00,134.99001,135.47000,134.53999,135.47000
2024-09-03 02:00:00,135.45000,137.25,135.41000,135.80000
2024-09-03 03:00:00,135.70000,136.19000,135.42999,135.42999
2024-09-03 04:00:00,135.56000,135.81000,134.70000,134.91000
2024-09-03 05:00:00,134.94000,135.38000,134.53000,135.029999
2024-09-03 06:00:00,134.95000,134.95000,133.71001,133.71001
2024-09-03 07:00:00,133.86000,134.69000,133.75,134.61000
2024-09-03 08:00:00,134.62000,134.62000,132.89000,133.28999
2024-09-03 09:00:00,133.30000,133.98000,133.30000,133.62000
2024-09-03 10:00:00,133.53999,134.41000,133.53999,133.87000
2024-09-03 11:00:00,133.92999,134.50999,133.75999,134.42999
2024-09-03 12:00:00,134.31000,135.45000,134.31000,134.41000
2024-09-03 13:00:00,134.45000,134.73000,131.39000,131.53999
2024-09-03 14:00:00,131.30000,131.36000,130.14999,130.28000
2024-09-03 15:00:00,130.25999,130.75999,129.5,129.75
2024-09-03 16:00:00,129.67999,130.49001,129.36000,129.94000
2024-09-03 17:00:00,129.99001,131.24001,129.99001,130.22000
2024-09-03 18:00:00,130.27000,131.24001,129.81000,130.99001
2024-09-03 19:00:00,131.13000,132.12000,130.80000,130.88000
2024-09-03 20:00:00,130.96001,131.55000,130.12000,130.49001
2024-09-03 21:00:00,130.62000,130.67000,129.41000,130.11000
2024-09-03 22:00:00,130.020004,130.25999,129.45000,129.48000
2024-09-03 23:00:00,129.57001,129.57001,127.36000,127.51000
2024-09-04 00:00:00,127.62000,128.86000,126.74000,126.74000
2024-09-04 01:00:00,126.32000,127.55000,122.72000,126.81000
2024-09-04 02:00:00,126.76000,127.45000,126.31000,127.11000
2024-09-04 03:00:00,127.17000,127.94000,127.14000,127.77000
2024-09-04 04:00:00,127.63000,127.91000,126.99000,127.80000
2024-09-04 05:00:00,127.74000,127.74000,126.65000,126.83000
2024-09-04 06:00:00,126.93000,128.75999,126.93000,128.20000
2024-09-04 07:00:00,128.28000,131.19000,128.11000,130.30000
2024-09-04 08:00:00,130.44000,130.64000,129.74001,129.94000
2024-09-04 09:00:00,129.89000,130.64999,129.56000,129.56000
2024-09-04 10:00:00,129.59000,129.78999,128.49001,128.57001
2024-09-04 11:00:00,128.69000,129.22000,128.17000,128.49001
2024-09-04 12:00:00,128.53999,129.52000,128.17000,128.78000
2024-09-04 13:00:00,128.75,129.33000,127.96000,129.14000
2024-09-04 14:00:00,128.74001,133.35001,128.74001,132.81000
2024-09-04 15:00:00,133.039993,134.039993,131.78999,134.039993
2024-09-04 16:00:00,133.91000,134.83000,133.029999,133.87000
2024-09-04 17:00:00,133.95000,134.020004,132.62000,132.62000
2024-09-04 18:00:00,132.63000,133.5,132.62000,133.0099945
2024-09-04 19:00:00,132.96001,133.80000,132.71001,133.22000
2024-09-04 20:00:00,133.25,133.99001,132.89999,133.89000
2024-09-04 21:00:00,134.089996,134.39999,133.61000,134.25999
2024-09-04 22:00:00,134.33000,134.55000,133.45000,134.059998
2024-09-04 23:00:00,134.11000,134.25999,133.27000,133.64999
2024-09-05 00:00:00,133.50999,134.34000,132.99001,132.99001
2024-09-05 01:00:00,133.039993,134.20000,132.97000,133.83000
2024-09-05 02:00:00,133.99001,134.12000,133,133.050003
2024-09-05 03:00:00,132.99001,132.99001,131.48000,131.58000
2024-09-05 04:00:00,131.48000,134.14000,131.38000,133.50999
2024-09-05 05:00:00,133.56000,133.56000,132.22000,132.34000
2024-09-05 06:00:00,132.36000,132.55000,130.89999,132.10001
2024-09-05 07:00:00,132.050003,133.30000,132.050003,133.080002
2024-09-05 08:00:00,133.080002,133.72000,132.41000,132.74001
2024-09-05 09:00:00,132.75,132.81000,131.83000,132.19000
2024-09-05 10:00:00,132.25999,132.72000,131.75999,132.48000
2024-09-05 11:00:00,132.5,133.13000,132.059998,132.82001
2024-09-05 12:00:00,132.89000,133.91000,131.92000,133.46001
2024-09-05 13:00:00,133.45000,134.84000,133.19000,134.63000
2024-09-05 14:00:00,134.62000,135.39000,132.050003,132.17999
2024-09-05 15:00:00,131.89999,132.25,130.17999,130.64000
2024-09-05 16:00:00,130.70000,131.029999,129.64000,130.11000
2024-09-05 17:00:00,130.12000,130.78999,129.78999,130.78999
2024-09-05 18:00:00,131,131,130.16000,130.5
2024-09-05 19:00:00,130.39000,130.59000,127.93000,128.35001
2024-09-05 20:00:00,128.24001,129.020004,128.17000,128.47000
2024-09-05 21:00:00,128.36000,129.64000,128.36000,129.52000
2024-09-05 22:00:00,129.63000,129.89999,128.42999,129.53000
2024-09-05 23:00:00,129.53999,129.70000,129.10001,129.47000
2024-09-06 00:00:00,129.36000,129.85001,128.70000,129.44000
2024-09-06 01:00:00,129.22000,130.39999,128.84000,130.31000
2024-09-06 02:00:00,130.32001,131.49001,130.080002,131.17000
2024-09-06 03:00:00,131.32001,131.50999,130.71001,130.71001
2024-09-06 04:00:00,130.88000,131.14000,130.44000,130.48000
2024-09-06 05:00:00,130.41000,130.66000,129.53999,130.22000
2024-09-06 06:00:00,130.23000,130.35001,129.74001,130.28999
2024-09-06 07:00:00,130.17000,130.20000,127.49000,128.33000
2024-09-06 08:00:00,128.11000,129.020004,128.11000,128.53999
2024-09-06 09:00:00,128.44000,129.45000,128.32001,129.33000
2024-09-06 10:00:00,129.39000,131,129.39000,130.45000
2024-09-06 11:00:00,130.49001,130.61000,129.83000,130.27000
2024-09-06 12:00:00,130.30000,134.039993,129.75,133.61000
2024-09-06 13:00:00,133.83000,134.23000,130.73000,130.73000
2024-09-06 14:00:00,130.11000,130.74001,128.55000,129.11000
2024-09-06 15:00:00,129.86000,129.86000,127.36000,128.19000
2024-09-06 16:00:00,127.91000,128.32001,125.79000,126.47000
2024-09-06 17:00:00,126.47000,127.86000,125.83000,126.73000
2024-09-06 18:00:00,126.78000,126.78000,124.86000,124.86000
2024-09-06 19:00:00,124.89000,125.91000,124.010002,125.22000
2024-09-06 20:00:00,125.080002,125.94000,121.089996,121.24000
2024-09-06 21:00:00,121.15000,124.65000,120.90000,124.65000
2024-09-06 22:00:00,124.61000,125.40000,124.050003,124.76000
2024-09-06 23:00:00,124.82000,125.21000,124.57000,125.040001
2024-09-07 00:00:00,124.93000,125.64000,124.83000,124.99000
2024-09-07 01:00:00,125.040001,125.18000,124.24000,124.52000
2024-09-07 02:00:00,124.47000,125.40000,124.44000,125.11000
2024-09-07 03:00:00,125.14000,125.46000,125.040001,125.16000
2024-09-07 04:00:00,125.28000,126.23000,125.12000,126.23000
2024-09-07 05:00:00,126.18000,127.17000,126.17000,126.84000
2024-09-07 06:00:00,126.95000,127.44000,126.79000,127.40000
2024-09-07 07:00:00,127.41000,128.33000,127.12000,127.71000
2024-09-07 08:00:00,127.60000,127.68000,126.92000,127.45000
2024-09-07 09:00:00,127.46000,127.65000,126.82000,127.12000
2024-09-07 10:00:00,127.18000,127.53000,126.89000,126.89000
2024-09-07 11:00:00,126.88000,127.29000,126.79000,127.080002
2024-09-07 12:00:00,127.099998,127.71000,127.080002,127.37000
2024-09-07 13:00:00,127.47000,127.75,126.93000,127.089996
2024-09-07 14:00:00,127.040001,127.74000,127.010002,127.74000
2024-09-07 15:00:00,128.22000,129.32001,128.22000,128.87000
2024-09-07 16:00:00,128.88000,129.050003,127.51000,127.63000
2024-09-07 17:00:00,127.53000,127.92000,126.78000,126.83000
2024-09-07 18:00:00,126.81000,127.78000,126.41000,127.62000
2024-09-07 19:00:00,127.67000,128.81000,127.53000,128.34000
2024-09-07 20:00:00,128.37000,128.38000,127.36000,127.36000
2024-09-07 21:00:00,127.28000,127.83000,126.71000,126.71000
2024-09-07 22:00:00,126.91000,127.23000,126.63000,126.81000
2024-09-07 23:00:00,126.84000,127.82000,126.45000,127.74000
2024-09-08 00:00:00,127.81000,127.92000,126.93000,127.52000
2024-09-08 01:00:00,127.54000,128.17000,127.54000,127.90000
2024-09-08 02:00:00,127.97000,128.35001,127.90000,128.17999
2024-09-08 03:00:00,128.25,128.42999,127.90000,128.19000
2024-09-08 04:00:00,128.24001,128.71001,128.080002,128.49001
2024-09-08 05:00:00,128.42999,128.44000,127.87000,127.87000
2024-09-08 06:00:00,127.95000,128.5,127.95000,128.38000
2024-09-08 07:00:00,128.36000,130.070007,128.36000,129.60001
2024-09-08 08:00:00,129.64000,129.86000,129.21001,129.80000
2024-09-08 09:00:00,129.77000,130.97000,129.64999,129.64999
2024-09-08 10:00:00,129.75999,130.70000,129.75999,130.70000
2024-09-08 11:00:00,130.70000,130.92999,130.039993,130.070007
2024-09-08 12:00:00,130,130.20000,128.69000,128.88000
2024-09-08 13:00:00,128.75999,129.059998,128.38000,128.99001
2024-09-08 14:00:00,129.039993,129.10001,127.65000,127.65000
2024-09-08 15:00:00,127.70000,127.95000,126.65000,126.65000
2024-09-08 16:00:00,126.81000,128.23000,126.71000,127.82000
2024-09-08 17:00:00,127.80000,129.16000,127.80000,129.16000
2024-09-08 18:00:00,129.30000,129.30000,128.64000,128.75999
2024-09-08 19:00:00,128.84000,129.059998,128.44000,128.75
2024-09-08 20:00:00,128.82001,128.92000,128.36000,128.80000
2024-09-08 21:00:00,128.85001,129.86000,128.84000,129.14000
2024-09-08 22:00:00,129.25,131.53000,128.78000,129.39999
2024-09-08 23:00:00,129.28000,130.27000,129.28000,130.14999
2024-09-09 00:00:00,130.23000,130.99001,129.30000,129.97000
2024-09-09 01:00:00,130.12000,130.69000,129.25,129.88000
2024-09-09 02:00:00,129.78999,129.91000,128.42999,129.32001
2024-09-09 03:00:00,129.34000,129.34000,128.0099945,128.57001
2024-09-09 04:00:00,128.64000,128.78999,127.91000,128.31000
2024-09-09 05:00:00,128.31000,128.49001,127.53000,127.82000
2024-09-09 06:00:00,127.81000,128.64000,127.77000,128.62000
2024-09-09 07:00:00,128.66000,129.39999,128.24001,129.33000
2024-09-09 08:00:00,129.24001,130.20000,129.24001,129.98000
2024-09-09 09:00:00,130.0099945,130.80000,129.37000,129.46001
2024-09-09 10:00:00,129.53999,130.36000,129.28999,129.83000
2024-09-09 11:00:00,129.95000,129.95000,129.28999,129.41000
2024-09-09 12:00:00,129.39999,129.5,128.53999,129.30000
2024-09-09 13:00:00,129.28000,130.050003,128.71001,130.050003
2024-09-09 14:00:00,129.73000,129.91000,127.089996,127.18000
2024-09-09 15:00:00,127.099998,128.58000,127.099998,128.39000
2024-09-09 16:00:00,128.39000,133.020004,128.39000,132.72000
2024-09-09 17:00:00,132.74001,133.74001,132.50999,132.82001
2024-09-09 18:00:00,133.070007,133.47000,132.42000,133.21001
2024-09-09 19:00:00,133.17999,134.92000,133.10001,134.92000
2024-09-09 20:00:00,134.99001,134.99001,133.77000,134.62000
2024-09-09 21:00:00,134.67999,136.84000,134.5,135.25
2024-09-09 22:00:00,135.25,135.52000,134.11000,134.45000
2024-09-09 23:00:00,134.47000,135.22000,134.10001,135.050003
2024-09-10 00:00:00,135.080002,135.080002,133.48000,134
2024-09-10 01:00:00,134.029999,134.19000,133.080002,133.34000
2024-09-10 02:00:00,133.38000,133.56000,132.85001,133.38000
2024-09-10 03:00:00,133.32001,133.5,132.84000,132.96001
2024-09-10 04:00:00,133.029999,133.42999,132.58000,132.96001
2024-09-10 05:00:00,133,134.55000,132.89000,134.55000
2024-09-10 06:00:00,134.35001,134.35001,133.78000,133.89999
2024-09-10 07:00:00,133.87000,135.22000,133.70000,134.95000
2024-09-10 08:00:00,134.89000,135.37000,134.47000,134.66000
2024-09-10 09:00:00,134.67000,134.98000,134.25999,134.53999
2024-09-10 10:00:00,134.57001,135.12000,134.089996,134.83000
2024-09-10 11:00:00,135.089996,135.37000,134.66000,135.23000
2024-09-10 12:00:00,135.35001,135.5,134.39000,134.42999
2024-09-10 13:00:00,134.49001,134.49001,133.42000,133.92000
2024-09-10 14:00:00,133.95000,135.97000,133.81000,135.029999
2024-09-10 15:00:00,135.059998,136.28000,134.32001,134.32001
2024-09-10 16:00:00,134.38000,134.82001,133.80000,134.57001
2024-09-10 17:00:00,134.50999,136.25,134.49001,135.77000
2024-09-10 18:00:00,135.98000,137.86000,135.98000,136.75999
2024-09-10 19:00:00,136.78999,136.96001,135.84000,136.87000
2024-09-10 20:00:00,136.67999,136.71001,135.72000,135.78000
2024-09-10 21:00:00,135.78999,136.0099945,135.23000,135.27000
2024-09-10 22:00:00,135.44000,136.080002,135.25999,136
2024-09-10 23:00:00,135.94000,136.059998,135.41000,135.61000
2024-09-11 00:00:00,135.63000,135.87000,135.14999,135.64000
2024-09-11 01:00:00,135.42000,135.52000,133.42000,133.47000
2024-09-11 02:00:00,133.62000,134.41000,133.49001,134.10001
2024-09-11 03:00:00,133.92999,134.089996,133.39000,133.64999
2024-09-11 04:00:00,133.45000,133.5,131.73000,132.24001
2024-09-11 05:00:00,132.23000,132.23000,131.38000,131.38000
2024-09-11 06:00:00,131.42000,132.24001,131.19000,131.61000
2024-09-11 07:00:00,131.60001,132.53000,131.60001,132.42000
2024-09-11 08:00:00,132.42000,132.42000,131.10001,131.42000
2024-09-11 09:00:00,131.28000,131.75,131.20000,131.46001
2024-09-11 10:00:00,131.50999,131.50999,130.53000,130.92999
2024-09-11 11:00:00,131.0099945,132.23000,130.99001,131.99001
2024-09-11 12:00:00,131.78999,132.67000,130.88000,131.92999
2024-09-11 13:00:00,131.98000,133.21001,129.67999,129.75
2024-09-11 14:00:00,129.39000,130.039993,128.39000,129.57001
2024-09-11 15:00:00,129.58000,132.35001,129.23000,131.11000
2024-09-11 16:00:00,131.14000,132.39000,131.14000,132.020004
2024-09-11 17:00:00,131.97000,133.36000,131.95000,132.97000
2024-09-11 18:00:00,133.14999,133.53999,131.89000,132.25999
2024-09-11 19:00:00,132.11000,132.92000,131.67999,132.81000
2024-09-11 20:00:00,132.82001,133.059998,132.34000,132.62000
2024-09-11 21:00:00,132.74001,132.88000,132.059998,132.36000
2024-09-11 22:00:00,132.38000,132.57001,132.19000,132.56000
2024-09-11 23:00:00,132.67999,132.82001,132.25999,132.39999
2024-09-12 00:00:00,132.49001,134.17000,132.42999,133.62000
2024-09-12 01:00:00,133.81000,134.62000,133.81000,134.47000
2024-09-12 02:00:00,134.98000,135.91000,134.97000,135.42000
2024-09-12 03:00:00,135.41000,136,135.14000,135.66000
2024-09-12 04:00:00,135.69000,136.20000,135.10001,135.23000
2024-09-12 05:00:00,135.21001,135.5,134.49001,134.96001
2024-09-12 06:00:00,134.94000,135.38000,134.46001,134.63000
2024-09-12 07:00:00,134.56000,135.14999,134.47000,134.85001
2024-09-12 08:00:00,134.89000,135.33000,134.82001,134.92000
2024-09-12 09:00:00,134.94000,135.050003,134.46001,134.46001
2024-09-12 10:00:00,134.42000,134.80000,134.25,134.31000
2024-09-12 11:00:00,134.30000,135.070007,134.30000,134.81000
2024-09-12 12:00:00,134.80000,135.080002,134.12000,134.12000
2024-09-12 13:00:00,134.19000,135.070007,134.10001,134.45000
2024-09-12 14:00:00,134.32001,136.66000,134.32001,134.46001
2024-09-12 15:00:00,134.28000,135.47000,133.53999,133.56000
2024-09-12 16:00:00,133.52000,134.80000,133.52000,134.69000
2024-09-12 17:00:00,134.73000,135.39000,134.48000,135.28999
2024-09-12 18:00:00,135.32001,135.64000,134.70000,135.059998
2024-09-12 19:00:00,134.99001,135.70000,134.99001,135.70000
2024-09-12 20:00:00,135.61000,136.16000,135.080002,135.86000
2024-09-12 21:00:00,135.83000,136.28999,135.27000,135.57001
2024-09-12 22:00:00,135.67000,136.64999,135.58000,136.39000
2024-09-12 23:00:00,136.25,136.41000,136.029999,136.039993
2024-09-13 00:00:00,136.14000,136.21001,135.5,135.5
2024-09-13 01:00:00,135.61000,135.61000,134.38000,134.89000
2024-09-13 02:00:00,134.86000,134.98000,134.47000,134.67000
2024-09-13 03:00:00,134.67999,134.95000,134.44000,134.44000
2024-09-13 04:00:00,134.39999,134.78000,134.14999,134.31000
2024-09-13 05:00:00,134.35001,134.81000,134.35001,134.72000
2024-09-13 06:00:00,134.67000,134.70000,133.84000,133.85001
2024-09-13 07:00:00,133.80000,134.59000,133.80000,134.59000
2024-09-13 08:00:00,134.59000,134.63000,133.80000,133.85001
2024-09-13 09:00:00,133.85001,134.34000,133.62000,133.64999
2024-09-13 10:00:00,133.57001,134.34000,133.17999,134.10001
2024-09-13 11:00:00,134.12000,134.12000,132.55000,132.57001
2024-09-13 12:00:00,132.61000,132.80000,131.81000,132.52000
2024-09-13 13:00:00,132.41000,132.83000,131.92000,132.83000
2024-09-13 14:00:00,132.35001,133.80000,132.059998,133.75
2024-09-13 15:00:00,133.78999,136.66000,133.78999,136.57001
2024-09-13 16:00:00,136.88000,137.31000,136.13000,136.42000
2024-09-13 17:00:00,136.5,137.59000,136.5,136.69000
2024-09-13 18:00:00,136.56000,138.16000,136.56000,137.75999
2024-09-13 19:00:00,137.89000,138.17000,137.58000,138.0099945
2024-09-13 20:00:00,138.039993,138.82001,137.99001,138.32001
2024-09-13 21:00:00,138.20000,139.55000,138.20000,138.80000
2024-09-13 22:00:00,138.98000,139.74001,138.98000,139.33000
2024-09-13 23:00:00,139.41000,139.41000,138.42000,139.050003
2024-09-14 00:00:00,139.13000,139.36000,138.49001,138.57001
2024-09-14 01:00:00,138.60001,139.53999,138.56000,139.19000
2024-09-14 02:00:00,139.28999,139.59000,138.91000,138.91000
2024-09-14 03:00:00,138.92999,139.74001,138.92999,139.39000
2024-09-14 04:00:00,139.44000,139.50999,139.059998,139.080002
2024-09-14 05:00:00,139.11000,139.30000,138,138
2024-09-14 06:00:00,138.020004,138.28000,137.57001,137.94000
2024-09-14 07:00:00,137.91000,137.91000,137.45000,137.50999
2024-09-14 08:00:00,137.5,137.53999,136.66000,136.89999
2024-09-14 09:00:00,136.96001,137.50999,136.92999,137.50999
2024-09-14 10:00:00,137.30000,137.32001,136.84000,137.23000
2024-09-14 11:00:00,137.070007,137.070007,136.53000,136.80000
2024-09-14 12:00:00,136.75999,137.28000,136.57001,137.17000
2024-09-14 13:00:00,137.070007,137.19000,136.67000,137.16000
2024-09-14 14:00:00,137.10001,138.11000,136.88000,137.97000
2024-09-14 15:00:00,137.82001,137.91000,137.10001,137.41000
2024-09-14 16:00:00,137.42000,137.83000,137.22000,137.39000
2024-09-14 17:00:00,137.27000,137.27000,136.87000,136.91000
2024-09-14 18:00:00,136.87000,137.089996,135.73000,136.92999
2024-09-14 19:00:00,136.85001,136.91000,136.5,136.59000
2024-09-14 20:00:00,136.67999,137.19000,136.62000,137.050003
2024-09-14 21:00:00,137.020004,137.28999,136.89999,137.029999
2024-09-14 22:00:00,136.94000,137.31000,136.80000,137.19000
2024-09-14 23:00:00,137.17999,137.34000,136.96001,137.14999
2024-09-15 00:00:00,137.16000,137.72000,137.080002,137.47000
2024-09-15 01:00:00,137.55000,137.86000,137.28999,137.86000
2024-09-15 02:00:00,137.86000,137.92000,137.42000,137.80000
2024-09-15 03:00:00,137.69000,137.81000,137.44000,137.44000
2024-09-15 04:00:00,137.46001,137.57001,137.029999,137.029999
2024-09-15 05:00:00,136.84000,137.32001,136.84000,137.089996
2024-09-15 06:00:00,137.21001,137.47000,137.21001,137.41000
2024-09-15 07:00:00,137.42999,137.42999,136.95000,137.16000
2024-09-15 08:00:00,137.16000,137.16000,136.60001,136.75999
2024-09-15 09:00:00,136.70000,136.86000,136.39000,136.5
2024-09-15 10:00:00,136.41000,136.53999,135.91000,135.96001
2024-09-15 11:00:00,135.88000,135.88000,135.24001,135.62000
2024-09-15 12:00:00,135.41000,135.89000,135.13000,135.89000
2024-09-15 13:00:00,135.92000,136.30000,135.55000,135.75
2024-09-15 14:00:00,135.66000,135.95000,134.73000,135.69000
2024-09-15 15:00:00,135.75,135.89999,135.36000,135.78999
2024-09-15 16:00:00,135.77000,135.81000,133.78999,133.80000
2024-09-15 17:00:00,133.73000,134.10001,133.020004,133.37000
2024-09-15 18:00:00,133.31000,134.31000,133.31000,133.66000
2024-09-15 19:00:00,133.67999,134.14999,133.42999,133.46001
2024-09-15 20:00:00,133.42000,133.5,132.95000,133.14999
2024-09-15 21:00:00,133.10001,133.10001,131.84000,132.12000
2024-09-15 22:00:00,131.80000,132.089996,131.22000,131.89999
2024-09-15 23:00:00,131.81000,132.28000,130.78999,131.39000
2024-09-16 00:00:00,131.36000,131.80000,130.99001,131.059998
2024-09-16 01:00:00,130.96001,130.98000,129.91000,130.33000
2024-09-16 02:00:00,130.35001,130.45000,129.32001,129.55000
2024-09-16 03:00:00,129.58000,130.67999,129.58000,130.62000
2024-09-16 04:00:00,130.58000,130.96001,130.57001,130.60001
2024-09-16 05:00:00,130.61000,131.33000,130.61000,131.24001
2024-09-16 06:00:00,131.22000,131.34000,130.44000,130.57001
2024-09-16 07:00:00,130.53000,131.34000,130.52000,131.25999
2024-09-16 08:00:00,131.25,132.28000,131.14000,131.70000
2024-09-16 09:00:00,131.67999,132.24001,130.88000,130.88000
2024-09-16 10:00:00,130.86000,132.17000,130.69000,131.97000
2024-09-16 11:00:00,132.059998,132.19000,131.74001,131.88000
2024-09-16 12:00:00,131.87000,132.32001,131.52000,131.86000
2024-09-16 13:00:00,131.69000,132.14000,131.27000,132.14000
2024-09-16 14:00:00,132.25,132.25,130.17000,130.47000
2024-09-16 15:00:00,130.39000,131.92000,130.39000,131.53999
2024-09-16 16:00:00,131.60001,131.70000,130.49001,130.52000
2024-09-16 17:00:00,130.47000,131.73000,129.050003,131.44000
2024-09-16 18:00:00,131.39999,131.50999,130.050003,130.53999
2024-09-16 19:00:00,130.57001,131.25,130.25,130.92000
2024-09-16 20:00:00,130.98000,131.53999,130.12000,130.12000
2024-09-16 21:00:00,130.12000,131.48000,130.089996,131.48000
2024-09-16 22:00:00,131.42000,131.42000,130.48000,130.71001
2024-09-16 23:00:00,130.82001,131.86000,130.82001,131.41000
2024-09-17 00:00:00,131.41000,131.95000,130.74001,130.74001
2024-09-17 01:00:00,130.67999,131.21001,130.36000,130.56000
2024-09-17 02:00:00,130.58000,131.5,130.50999,130.78999
2024-09-17 03:00:00,130.82001,131.39999,130.75999,131.12000
2024-09-17 04:00:00,131.080002,131.47000,130.75999,131.24001
2024-09-17 05:00:00,131.31000,132.83000,131.31000,132.57001
2024-09-17 06:00:00,132.48000,132.53999,131.96001,132.0099945
2024-09-17 07:00:00,132.050003,132.39000,131.88000,132.25999
2024-09-17 08:00:00,132.30000,132.78000,132.30000,132.53000
2024-09-17 09:00:00,132.39000,132.81000,131.78000,132.53999
2024-09-17 10:00:00,132.59000,133.25999,132.36000,132.73000
2024-09-17 11:00:00,132.75,133.080002,131.82001,131.94000
2024-09-17 12:00:00,132,132.47000,131.50999,132.39999
2024-09-17 13:00:00,132.27000,132.63000,131.029999,131.11000
2024-09-17 14:00:00,131.14999,134.69000,131.12000,133.30000
2024-09-17 15:00:00,133.59000,135.50999,133.50999,134.61000
2024-09-17 16:00:00,134.75999,134.89000,132.12000,132.36000
2024-09-17 17:00:00,132.42000,133.67000,132.24001,133.14999
2024-09-17 18:00:00,133.16000,133.48000,132.089996,132.47000
2024-09-17 19:00:00,132.36000,132.74001,131.16000,132.16000
2024-09-17 20:00:00,132.17999,132.57001,131.81000,131.99001
2024-09-17 21:00:00,131.99001,132.71001,131.99001,132.53000
2024-09-17 22:00:00,132.38000,132.39000,131.75,131.75999
2024-09-17 23:00:00,131.71001,131.71001,131.21001,131.53999
2024-09-18 00:00:00,131.44000,131.58000,130.28999,131.31000
2024-09-18 01:00:00,131.27000,131.57001,130.71001,130.89999
2024-09-18 02:00:00,130.89999,131.67000,130.83000,131.67000
2024-09-18 03:00:00,131.70000,132.10001,131.70000,131.72000
2024-09-18 04:00:00,131.66000,131.84000,130.61000,131.089996
2024-09-18 05:00:00,131,131.17999,130.64999,130.97000
2024-09-18 06:00:00,130.92000,131.34000,130.81000,131.28999
2024-09-18 07:00:00,131.22000,131.53000,131.16000,131.36000
2024-09-18 08:00:00,131.31000,131.33000,130.63000,130.78000
2024-09-18 09:00:00,130.70000,130.78000,129.17999,129.17999
2024-09-18 10:00:00,129.089996,129.53000,128.12000,129.38000
2024-09-18 11:00:00,129.41000,129.87000,129.14000,129.37000
2024-09-18 12:00:00,129.25,130.020004,128.89999,130
2024-09-18 13:00:00,129.96001,130.23000,128.32001,128.49001
2024-09-18 14:00:00,128.53999,128.66000,127.84000,128.0099945
2024-09-18 15:00:00,128.070007,128.53000,127.17000,127.66000
2024-09-18 16:00:00,127.63000,128.99001,127.40000,128.85001
2024-09-18 17:00:00,128.89000,129.61000,127.94000,129.27000
2024-09-18 18:00:00,130.20000,132.88000,130.039993,131.39999
2024-09-18 19:00:00,131.14000,131.19000,129.25999,129.48000
2024-09-18 20:00:00,129.49001,130.88000,128.71001,130.81000
2024-09-18 21:00:00,130.82001,131.53000,130.70000,131.19000
2024-09-18 22:00:00,131.39000,131.63000,130.77000,131.42999
2024-09-18 23:00:00,131.48000,134.34000,131.48000,134.34000
2024-09-19 00:00:00,134.50999,136.25,134.32001,135.67999
2024-09-19 01:00:00,135.92000,136,134.73000,135.44000
2024-09-19 02:00:00,135.33000,137.28000,135.059998,137.17000
2024-09-19 03:00:00,137.32001,138.58000,137.21001,138.0099945
2024-09-19 04:00:00,138.31000,139.10001,137.87000,139.0099945
2024-09-19 05:00:00,138.88000,139.050003,138.21001,138.42000
2024-09-19 06:00:00,138.47000,138.92999,137.61000,138.53999
2024-09-19 07:00:00,138.64000,138.91000,138.30000,138.58000
2024-09-19 08:00:00,138.56000,138.98000,138.39000,138.44000
2024-09-19 09:00:00,138.47000,139.12000,138.27000,138.64999
2024-09-19 10:00:00,138.78000,139.37000,138.5,138.55000
2024-09-19 11:00:00,138.67000,139.60001,138.56000,139.55000
2024-09-19 12:00:00,139.50999,140.88000,139.50999,140.59000
2024-09-19 13:00:00,140.58000,141.59000,140.10001,140.56000
2024-09-19 14:00:00,140.63000,141.83000,140.50999,140.88000
2024-09-19 15:00:00,140.92999,142.98000,140.83000,142.98000
2024-09-19 16:00:00,143,143.80000,142.63000,143.22000
2024-09-19 17:00:00,143.48000,143.77000,142.66000,143.17000
2024-09-19 18:00:00,143.070007,143.77000,143.070007,143.71001
2024-09-19 19:00:00,143.75,143.89999,142.98000,143.16000
2024-09-19 20:00:00,143.16000,143.74001,143.10001,143.64999
2024-09-19 21:00:00,143.69000,143.69000,141.72000,141.72000
2024-09-19 22:00:00,141.69000,142.81000,141.17000,142.42999
2024-09-19 23:00:00,142.41000,142.88000,142.13000,142.88000
2024-09-20 00:00:00,143.14999,143.37000,141.83000,141.83000
2024-09-20 01:00:00,141.81000,142.49001,141.22000,142.070007
2024-09-20 02:00:00,142.14999,142.39999,141.34000,142.39999
2024-09-20 03:00:00,142.46001,144.25999,142.35001,144.25999
2024-09-20 04:00:00,144.55000,148.55000,144.55000,148.16000
2024-09-20 05:00:00,148.28999,149.50999,147.57001,148.21001
2024-09-20 06:00:00,148.39000,152.10001,147.88000,151.37000
2024-09-20 07:00:00,151.19000,151.49001,149.84000,151.050003
2024-09-20 08:00:00,150.99001,151.64000,150.080002,150.80000
2024-09-20 09:00:00,150.89000,151.60001,150.60001,150.96001
2024-09-20 10:00:00,151.059998,151.60001,150.30000,151.60001
2024-09-20 11:00:00,151.59000,151.59000,150.14999,150.59000
2024-09-20 12:00:00,150.57001,151.080002,150.27000,150.35001
2024-09-20 13:00:00,150.50999,150.50999,146.91000,147.21001
2024-09-20 14:00:00,147.24001,149.25,146.070007,147.75
2024-09-20 15:00:00,147.92000,148.70000,146.88000,147.86000
2024-09-20 16:00:00,147.92000,148.39999,147.21001,147.85001
2024-09-20 17:00:00,147.75999,147.94000,145.78000,145.78000
2024-09-20 18:00:00,145.92999,146.33000,144.88000,146.22000
2024-09-20 19:00:00,146.11000,147.28999,146.0099945,146.70000
2024-09-20 20:00:00,146.78999,147.25999,146.35001,146.61000
2024-09-20 21:00:00,146.61000,147.89999,146.61000,147.22000
2024-09-20 22:00:00,147.31000,147.67000,146.95000,147.13000
2024-09-20 23:00:00,147.0099945,147.13000,146.38000,146.70000
2024-09-21 00:00:00,146.55000,147.91000,145.75999,147.11000
2024-09-21 01:00:00,147.12000,147.31000,145.36000,145.36000
2024-09-21 02:00:00,145.49001,145.89000,145.039993,145.57001
2024-09-21 03:00:00,145.59000,146.5,145.39999,146
2024-09-21 04:00:00,145.96001,146.12000,144.67000,145.39000
2024-09-21 05:00:00,145.39000,146.0099945,145.23000,145.92999
2024-09-21 06:00:00,145.92000,147.19000,145.74001,146.83000
2024-09-21 07:00:00,146.95000,147.71001,146.71001,147.47000
2024-09-21 08:00:00,147.52000,147.92999,147.020004,147.089996
2024-09-21 09:00:00,147.14999,147.69000,147.029999,147.50999
2024-09-21 10:00:00,147.49001,147.49001,146.44000,146.72000
2024-09-21 11:00:00,146.84000,147.28999,146.75999,147.21001
2024-09-21 12:00:00,147.27000,147.44000,146.75999,147.44000
2024-09-21 13:00:00,147.5,148.53999,147,148.32001
2024-09-21 14:00:00,148.55000,149.36000,148.33000,149.039993
2024-09-21 15:00:00,148.88000,148.88000,147.53000,147.63000
2024-09-21 16:00:00,147.64999,148.089996,147.31000,147.78999
2024-09-21 17:00:00,147.88000,148.5,147.56000,148.080002
2024-09-21 18:00:00,148.16000,148.72000,147.78000,147.80000
2024-09-21 19:00:00,147.89999,148.16000,147.27000,147.36000
2024-09-21 20:00:00,147.37000,147.80000,147.25,147.59000
2024-09-21 21:00:00,147.59000,148.13000,147.38000,147.87000
2024-09-21 22:00:00,147.82001,148.55000,147.78999,148.55000
2024-09-21 23:00:00,148.59000,149.80000,148.28000,149.39000
2024-09-22 00:00:00,149.42999,149.87000,148.24001,148.85001
2024-09-22 01:00:00,148.83000,148.89999,147.75999,147.89000
2024-09-22 02:00:00,148,148.050003,147.16000,147.72000
2024-09-22 03:00:00,147.61000,148.25,147.5,148.070007
2024-09-22 04:00:00,148.070007,148.98000,148.070007,148.47000
2024-09-22 05:00:00,148.41000,148.49001,147.17000,147.24001
2024-09-22 06:00:00,147.22000,147.58000,146.39000,146.53999
2024-09-22 07:00:00,146.58000,147.14000,146.44000,147.13000
2024-09-22 08:00:00,147.16000,147.53999,146.88000,147.28000
2024-09-22 09:00:00,147.25999,147.28000,145,145.0099945
2024-09-22 10:00:00,145.10001,145.50999,144.61000,145.050003
2024-09-22 11:00:00,145.050003,145.080002,144.19000,144.86000
2024-09-22 12:00:00,144.88000,145.16000,144.44000,144.85001
2024-09-22 13:00:00,144.83000,144.96001,143.33000,143.58000
2024-09-22 14:00:00,143.66000,144.029999,142.64999,143.25999
2024-09-22 15:00:00,143.30000,143.82001,143.080002,143.17000
2024-09-22 16:00:00,143.080002,143.82001,142.45000,143.58000
2024-09-22 17:00:00,143.56000,145.34000,143.56000,145.0099945
2024-09-22 18:00:00,145.020004,145.020004,143.85001,144.19000
2024-09-22 19:00:00,144.27000,144.82001,143.38000,144.64999
2024-09-22 20:00:00,144.61000,145.16000,144.34000,144.35001
2024-09-22 21:00:00,144.45000,144.91000,142.080002,142.19000
2024-09-22 22:00:00,142.31000,145.61000,141.28000,145.42000
2024-09-22 23:00:00,145.44000,145.75,144.24001,144.69000
2024-09-23 00:00:00,144.75999,146.34000,142.19000,145.75999
2024-09-23 01:00:00,145.64999,147.42999,145.49001,146.71001
2024-09-23 02:00:00,146.64999,146.94000,145.92999,146.77000
2024-09-23 03:00:00,146.72000,148.99001,146.72000,147.74001
2024-09-23 04:00:00,147.73000,148.19000,146.63000,147.080002
2024-09-23 05:00:00,147.050003,147.17000,146.11000,146.64999
2024-09-23 06:00:00,146.58000,147.25,146.49001,146.87000
2024-09-23 07:00:00,146.97000,146.97000,145.19000,145.48000
2024-09-23 08:00:00,145.44000,145.64999,143.49001,143.78999
2024-09-23 09:00:00,143.64000,144.95000,143.64000,144.73000
2024-09-23 10:00:00,144.73000,144.84000,143.59000,143.87000
2024-09-23 11:00:00,143.87000,144.0099945,143.14999,143.45000
2024-09-23 12:00:00,143.52000,143.61000,142.66000,143.13000
2024-09-23 13:00:00,143.17999,143.75999,142.64000,143.10001
2024-09-23 14:00:00,143.10001,145.30000,142.97000,143.74001
2024-09-23 15:00:00,143.59000,144.87000,142.77000,144.17000
2024-09-23 16:00:00,144.24001,144.86000,143.050003,143.28999
2024-09-23 17:00:00,143.14999,143.64000,142.77000,143.53999
2024-09-23 18:00:00,143.53000,144.23000,143.42999,143.95000
2024-09-23 19:00:00,143.89000,144.19000,143.28000,143.28000
2024-09-23 20:00:00,143.22000,143.69000,143.080002,143.42000
2024-09-23 21:00:00,143.49001,144.27000,142.58000,144.10001
2024-09-23 22:00:00,143.89000,144.46001,143.71001,144.37000
2024-09-23 23:00:00,144.37000,145.19000,144.059998,144.69000
2024-09-24 00:00:00,144.78999,145.19000,143.33000,143.92999
2024-09-24 01:00:00,143.89999,145.059998,143.33000,144.38000
2024-09-24 02:00:00,144.32001,146.70000,143.44000,146.42999
2024-09-24 03:00:00,146.72000,146.78999,145.87000,146.64999
2024-09-24 04:00:00,146.87000,146.87000,145.47000,145.58000
2024-09-24 05:00:00,145.64000,146.50999,145.64000,146.22000
2024-09-24 06:00:00,146.23000,146.64000,145.83000,146.25
2024-09-24 07:00:00,146.21001,147.31000,146.14000,147.19000
2024-09-24 08:00:00,147.30000,148.70000,147.070007,148.39999
2024-09-24 09:00:00,148.39999,148.44000,146.60001,146.60001
2024-09-24 10:00:00,146.44000,147.089996,146.36000,146.78000
2024-09-24 11:00:00,146.64999,146.69000,146.0099945,146.46001
2024-09-24 12:00:00,146.64999,147.75,146.63000,147.37000
2024-09-24 13:00:00,147.48000,148.48000,147,147.5
2024-09-24 14:00:00,147.050003,147.050003,144.49001,145.83000
2024-09-24 15:00:00,145.74001,146.17000,145.039993,145.53000
2024-09-24 16:00:00,145.75999,146.64000,145.39000,146.53999
2024-09-24 17:00:00,146.35001,148.33000,146.35001,147.47000
2024-09-24 18:00:00,147.53999,147.78000,146.70000,147.089996
2024-09-24 19:00:00,147.029999,148.41000,146.78999,148.41000
2024-09-24 20:00:00,148.34000,149.20000,148.080002,148.39999
2024-09-24 21:00:00,148.46001,148.83000,148.10001,148.78000
2024-09-24 22:00:00,148.96001,153.96001,148.96001,153.42000
2024-09-24 23:00:00,153.35001,153.63000,152.48000,152.66000
2024-09-25 00:00:00,152.89999,153.56000,151.74001,152.029999
2024-09-25 01:00:00,152.059998,153.75999,151.89999,152.75
2024-09-25 02:00:00,152.62000,152.69000,151.58000,151.60001
2024-09-25 03:00:00,151.44000,152.35001,151.13000,152
2024-09-25 04:00:00,152.0099945,152.22000,150.69000,150.69000
2024-09-25 05:00:00,150.80000,151.28999,150.24001,150.34000
2024-09-25 06:00:00,150.27000,150.5,149.52000,149.82001
2024-09-25 07:00:00,149.80000,149.92000,149.039993,149.77000
2024-09-25 08:00:00,149.71001,150.39000,149.71001,150.35001
2024-09-25 09:00:00,150.28999,150.64000,149.83000,149.83000
2024-09-25 10:00:00,149.87000,150.41000,149.55000,150.029999
2024-09-25 11:00:00,150.089996,151.0099945,149.92999,151.0099945
2024-09-25 12:00:00,150.98000,150.98000,149.92000,149.96001
2024-09-25 13:00:00,149.99001,150.91000,149.87000,150.78000
2024-09-25 14:00:00,150.92000,151.89999,150.70000,151.89999
2024-09-25 15:00:00,151.78000,152.80000,150.37000,150.49001
2024-09-25 16:00:00,150.39999,151.91000,150.28000,151.45000
2024-09-25 17:00:00,151.58000,151.58000,148.89999,149.52000
2024-09-25 18:00:00,149.46001,150.55000,149.34000,150.55000
2024-09-25 19:00:00,150.48000,151.13000,150.070007,150.070007
2024-09-25 20:00:00,150.19000,150.88000,150.19000,150.37000
2024-09-25 21:00:00,150.42000,150.42000,149.50999,149.50999
2024-09-25 22:00:00,149.56000,149.61000,148.53999,149.14000
2024-09-25 23:00:00,149.17999,149.17999,147.37000,148
2024-09-26 00:00:00,148.020004,148.67000,146.58000,147.35001
2024-09-26 01:00:00,147.20000,148.31000,147.029999,148.31000
2024-09-26 02:00:00,148.41000,149.25999,148.28999,149.25
2024-09-26 03:00:00,149.24001,149.56000,148.78000,149.21001
2024-09-26 04:00:00,149.16000,149.42999,148.74001,149.050003
2024-09-26 05:00:00,148.96001,150.31000,148.94000,149.97000
2024-09-26 06:00:00,150.0099945,151.28999,149.91000,150.60001
2024-09-26 07:00:00,150.77000,151.85001,150.62000,151.85001
2024-09-26 08:00:00,151.85001,151.97000,150.88000,150.88000
2024-09-26 09:00:00,150.89999,151.42999,150.53000,150.72000
2024-09-26 10:00:00,150.80000,152.88000,150.69000,152.73000
2024-09-26 11:00:00,152.85001,153.10001,152.19000,152.92999
2024-09-26 12:00:00,152.91000,153.41000,152.27000,152.38000
2024-09-26 13:00:00,152.35001,152.66000,151.45000,152.029999
2024-09-26 14:00:00,152.11000,155.63000,152.11000,153.39000
2024-09-26 15:00:00,153.38000,158,152.97000,157.039993
2024-09-26 16:00:00,157.22000,157.86000,156.62000,156.62000
2024-09-26 17:00:00,156.70000,157.59000,155.62000,155.62000
2024-09-26 18:00:00,155.53000,156.74001,155.47000,156.64999
2024-09-26 19:00:00,156.58000,156.58000,155.53999,155.53999
2024-09-26 20:00:00,155.70000,156.039993,154.5,154.62000
2024-09-26 21:00:00,154.50999,155.70000,154.50999,155.56000
2024-09-26 22:00:00,155.41000,156.28999,155.41000,156.28000
2024-09-26 23:00:00,156.19000,156.19000,154.11000,155.55000
2024-09-27 00:00:00,155.50999,156.30000,154.86000,156.19000
2024-09-27 01:00:00,156.14999,156.17999,154.28999,154.85001
2024-09-27 02:00:00,154.96001,155.20000,154.039993,154.21001
2024-09-27 03:00:00,154.22000,155.80000,154.0099945,155.67000
2024-09-27 04:00:00,155.63000,157.14000,155.63000,156.82001
2024-09-27 05:00:00,156.74001,157.37000,156.17999,157.36000
2024-09-27 06:00:00,157.30000,158.85001,157.30000,157.66000
2024-09-27 07:00:00,157.72000,158.0099945,156.92999,157.47000
2024-09-27 08:00:00,157.46001,158.87000,157.44000,158.25999
2024-09-27 09:00:00,158.30000,159.080002,157.75,157.89000
2024-09-27 10:00:00,157.82001,157.89000,155.99001,155.99001
2024-09-27 11:00:00,155.82001,156.60001,155.75,156.11000
2024-09-27 12:00:00,155.98000,157.41000,155.61000,157.23000
2024-09-27 13:00:00,157.11000,157.32001,155.66000,157.029999
2024-09-27 14:00:00,156.77000,160.95000,156.77000,159.95000
2024-09-27 15:00:00,159.75999,160.99001,159.089996,159.14999
2024-09-27 16:00:00,159.070007,159.55000,158.059998,159.30000
2024-09-27 17:00:00,159.31000,159.31000,157.17000,157.92000
2024-09-27 18:00:00,157.69000,158.45000,157.16000,158.45000
2024-09-27 19:00:00,158.44000,158.69000,157.21001,157.61000
2024-09-27 20:00:00,157.67999,158.39999,157.35001,158.0099945
2024-09-27 21:00:00,158,158.32001,157.5,157.64999
2024-09-27 22:00:00,157.75999,158.28000,157.42000,158.10001
2024-09-27 23:00:00,158.080002,158.24001,157.41000,157.64000
2024-09-28 00:00:00,157.70000,158.27000,157.70000,158.14999
2024-09-28 01:00:00,158.14999,158.52000,157.77000,158.50999
2024-09-28 02:00:00,158.53000,159.39999,158.16000,158.77000
2024-09-28 03:00:00,158.62000,159.12000,158.20000,158.62000
2024-09-28 04:00:00,158.60001,158.83000,158.20000,158.35001
2024-09-28 05:00:00,158.39000,158.52000,157.61000,157.67000
2024-09-28 06:00:00,157.64000,157.74001,156.27000,156.36000
2024-09-28 07:00:00,156.45000,156.87000,156.30000,156.48000
2024-09-28 08:00:00,156.42000,156.42000,155.32001,155.38000
2024-09-28 09:00:00,155.45000,156.84000,155.14999,156.84000
2024-09-28 10:00:00,156.75999,157.55000,156.56000,157.47000
2024-09-28 11:00:00,157.45000,157.57001,156.81000,157.17000
2024-09-28 12:00:00,157.19000,157.19000,156.46001,157.10001
2024-09-28 13:00:00,157.10001,157.14999,156.25999,156.97000
2024-09-28 14:00:00,157.070007,157.98000,157.070007,157.98000
2024-09-28 15:00:00,157.97000,157.97000,156.80000,156.88000
2024-09-28 16:00:00,156.81000,157.13000,156.42999,156.62000
2024-09-28 17:00:00,156.64000,157.28999,156.58000,156.74001
2024-09-28 18:00:00,156.70000,157.25,156.63000,156.63000
2024-09-28 19:00:00,156.61000,156.97000,156.59000,156.88000
2024-09-28 20:00:00,156.88000,157.039993,156.44000,156.50999
2024-09-28 21:00:00,156.63000,156.67000,155.63000,156.66000
2024-09-28 22:00:00,156.64999,156.91000,156.21001,156.75
2024-09-28 23:00:00,156.75,156.94000,156.23000,156.71001
2024-09-29 00:00:00,156.86000,157.52000,156.33000,156.77000
2024-09-29 01:00:00,156.78000,157.97000,156.75,157.95000
2024-09-29 02:00:00,157.99001,158.5,157.67999,157.67999
2024-09-29 03:00:00,157.73000,157.88000,157.12000,157.77000
2024-09-29 04:00:00,157.84000,157.89000,156.83000,157.23000
2024-09-29 05:00:00,157.25999,158.17000,156.27000,156.27000
2024-09-29 06:00:00,156.33000,156.49001,155.31000,155.46001
2024-09-29 07:00:00,155.49001,155.91000,155.20000,155.49001
2024-09-29 08:00:00,155.53000,156.12000,155.14000,155.94000
2024-09-29 09:00:00,155.94000,156.62000,155.94000,156.11000
2024-09-29 10:00:00,156.10001,156.31000,155.17000,156.16000
2024-09-29 11:00:00,156.14999,156.86000,156.13000,156.75999
2024-09-29 12:00:00,156.75999,157.20000,156.19000,156.25
2024-09-29 13:00:00,156.14000,157.53000,155.72000,157.35001
2024-09-29 14:00:00,157.36000,157.47000,156.73000,156.89000
2024-09-29 15:00:00,156.91000,157.49001,156.41000,157.20000
2024-09-29 16:00:00,157.27000,157.44000,156.70000,157.41000
2024-09-29 17:00:00,157.39000,158.14000,157.39000,157.71001
2024-09-29 18:00:00,157.80000,158.25999,157.60001,157.99001
2024-09-29 19:00:00,158.059998,159.64999,158.059998,159.42999
2024-09-29 20:00:00,159.52000,160.62000,159.24001,160.089996
2024-09-29 21:00:00,160.38000,161.73000,159.75999,160.050003
2024-09-29 22:00:00,159.89999,160.75,158.99001,158.99001
2024-09-29 23:00:00,159.089996,159.19000,157.91000,158.46001
2024-09-30 00:00:00,158.53999,159.039993,156.89000,158.73000
2024-09-30 01:00:00,158.66000,159.71001,157.14999,157.20000
2024-09-30 02:00:00,157.31000,157.72000,156.0099945,156.0099945
2024-09-30 03:00:00,156,156.86000,155.36000,156.14999
2024-09-30 04:00:00,156.089996,156.11000,155.34000,156
2024-09-30 05:00:00,155.92000,156.94000,155.77000,156.86000
2024-09-30 06:00:00,156.91000,157.41000,156.53999,156.53999
2024-09-30 07:00:00,156.56000,157.75,156.56000,156.85001
2024-09-30 08:00:00,156.85001,156.85001,156.050003,156.5
2024-09-30 09:00:00,156.41000,156.41000,154.78999,154.78999
2024-09-30 10:00:00,154.45000,154.75999,153.81000,154.31000
2024-09-30 11:00:00,154.25999,155.67000,153.95000,155.67000
2024-09-30 12:00:00,155.47000,156.88000,155.38000,156.87000
2024-09-30 13:00:00,156.77000,157.30000,156.53000,156.92999
2024-09-30 14:00:00,156.85001,157.28000,155.80000,156.45000
2024-09-30 15:00:00,156.33000,156.87000,154.16000,154.16000
2024-09-30 16:00:00,154.25,155.14999,154.21001,154.77000
2024-09-30 17:00:00,154.85001,155.62000,154.32001,155.62000
2024-09-30 18:00:00,155.57001,155.67999,154,154.95000
2024-09-30 19:00:00,154.95000,155.25999,154.39000,155.020004
2024-09-30 20:00:00,155.12000,156.86000,155.10001,156.64999
2024-09-30 21:00:00,156.62000,156.94000,155.74001,155.87000
2024-09-30 22:00:00,155.75999,156.12000,154.41000,154.41000
2024-09-30 23:00:00,154.31000,154.52000,151.89999,152.63000
2024-10-01 00:00:00,152.64000,154.28000,151.50999,154.13000
2024-10-01 01:00:00,154.16000,154.66000,153.98000,154.35001
2024-10-01 02:00:00,154.28999,154.28999,153.059998,153.89000
2024-10-01 03:00:00,153.86000,155.22000,153.83000,155.089996
2024-10-01 04:00:00,155.070007,155.86000,154.89999,155.75
2024-10-01 05:00:00,155.75999,155.77000,155.070007,155.46001
2024-10-01 06:00:00,155.5,157.0099945,155.5,156.85001
2024-10-01 07:00:00,156.85001,156.85001,156.20000,156.78999
2024-10-01 08:00:00,156.77000,156.92999,156.020004,156.37000
2024-10-01 09:00:00,156.35001,157.30000,156.22000,156.82001
2024-10-01 10:00:00,156.92999,157.25999,156.67000,157.11000
2024-10-01 11:00:00,157.23000,157.24001,156.47000,156.47000
2024-10-01 12:00:00,156.5,156.67000,155.82001,156.13000
2024-10-01 13:00:00,156.16000,156.16000,152.56000,153.77000
2024-10-01 14:00:00,153.75,154.36000,150.62000,150.89000
2024-10-01 15:00:00,150.87000,150.92999,146.64999,149.72000
2024-10-01 16:00:00,149.25,149.83000,146.67000,148.62000
2024-10-01 17:00:00,148.25,148.28000,142.86000,147.75999
2024-10-01 18:00:00,147.89999,149.37000,146.78999,147.37000
2024-10-01 19:00:00,147.19000,147.73000,145.57001,145.57001
2024-10-01 20:00:00,145.39999,145.91000,142.70000,145.16000
2024-10-01 21:00:00,145.020004,146.35001,144.5,146.35001
2024-10-01 22:00:00,145.86000,145.86000,143.99001,144.59000
2024-10-01 23:00:00,144.71001,145.42000,144.17000,145.25
2024-10-02 00:00:00,145.19000,145.55000,143.46001,144.52000
2024-10-02 01:00:00,144.37000,146.30000,144.36000,146.20000
2024-10-02 02:00:00,146.089996,147.33000,145.75999,147.33000
2024-10-02 03:00:00,147.27000,147.92999,147.10001,147.24001
2024-10-02 04:00:00,147.14000,147.21001,146.50999,146.67999
2024-10-02 05:00:00,146.74001,147.12000,146.25999,146.62000
2024-10-02 06:00:00,146.67999,148.91000,146.39000,148.38000
2024-10-02 07:00:00,148.5,148.64999,147.66000,147.85001
2024-10-02 08:00:00,147.75,148.42999,147.28000,148.059998
2024-10-02 09:00:00,148.11000,148.14999,145.84000,146.029999
2024-10-02 10:00:00,145.88000,147.17000,145.78000,145.78000
2024-10-02 11:00:00,145.82001,146.60001,145.19000,146.13000
2024-10-02 12:00:00,146.059998,146.070007,143.67000,143.96001
2024-10-02 13:00:00,143.84000,146.25999,142.84000,146
2024-10-02 14:00:00,145.75999,146.92000,145.19000,145.42000
2024-10-02 15:00:00,145.38000,147.61000,145.38000,147.38000
2024-10-02 16:00:00,147.41000,148.35001,146,146
2024-10-02 17:00:00,145.98000,146.24001,144.97000,145.80000
2024-10-02 18:00:00,145.67999,145.82001,142.23000,142.23000
2024-10-02 19:00:00,142.16000,142.67000,138.82001,140.020004
2024-10-02 20:00:00,140.31000,141.49001,138.67000,140.92999
2024-10-02 21:00:00,140.75,141.48000,139.84000,140.87000
2024-10-02 22:00:00,140.75,141.45000,139.38000,141.45000
2024-10-02 23:00:00,141.63000,141.63000,140.23000,140.23000
2024-10-03 00:00:00,140.19000,141.25,138.87000,140.73000
2024-10-03 01:00:00,140.77000,142.12000,140.66000,141.39999
2024-10-03 02:00:00,141.28999,142.39000,141.16000,142.059998
2024-10-03 03:00:00,142.039993,142.89999,141.69000,142.89999
2024-10-03 04:00:00,142.81000,142.81000,141.83000,142.089996
2024-10-03 05:00:00,142.070007,142.25999,141.070007,141.31000
2024-10-03 06:00:00,141.25,142.14999,141.10001,141.71001
2024-10-03 07:00:00,141.70000,142.089996,140.0099945,140.020004
2024-10-03 08:00:00,139.89999,139.98000,135.89999,136.14000
2024-10-03 09:00:00,135.95000,137.59000,135.42000,137.35001
2024-10-03 10:00:00,137.25,138.070007,136.75999,138.070007
2024-10-03 11:00:00,138.25999,138.39000,136.81000,136.97000
2024-10-03 12:00:00,136.85001,136.85001,135.38000,136.21001
2024-10-03 13:00:00,136.10001,137.35001,134.47000,136.92999
2024-10-03 14:00:00,137.080002,138.23000,134.73000,134.78000
2024-10-03 15:00:00,134.95000,135.97000,133.37000,135.63000
2024-10-03 16:00:00,135.53000,136.38000,133.67999,135.029999
2024-10-03 17:00:00,134.66000,136.63000,134.089996,135.89999
2024-10-03 18:00:00,135.97000,136.61000,135.14999,136.080002
2024-10-03 19:00:00,136.029999,137.41000,135.42999,137.32001
2024-10-03 20:00:00,137.20000,137.82001,136.020004,136.080002
2024-10-03 21:00:00,136.080002,137.19000,135.31000,137.11000
2024-10-03 22:00:00,136.97000,137.38000,136.45000,136.91000
2024-10-03 23:00:00,137.039993,137.35001,136.020004,136.85001
2024-10-04 00:00:00,136.82001,137.28000,135.99001,136.039993
2024-10-04 01:00:00,135.98000,138.53000,135.98000,138.22000
2024-10-04 02:00:00,138.19000,138.37000,137.32001,137.60001
2024-10-04 03:00:00,137.61000,137.62000,136.85001,137.28000
2024-10-04 04:00:00,137.33000,138.34000,137.33000,137.73000
2024-10-04 05:00:00,137.67999,139.44000,137.67999,139.31000
2024-10-04 06:00:00,139.28000,139.53999,138.42000,138.5
2024-10-04 07:00:00,138.33000,139.75,138.33000,139.53999
2024-10-04 08:00:00,139.59000,140.94000,139.28999,140.029999
2024-10-04 09:00:00,140.089996,140.53000,139.60001,139.78999
2024-10-04 10:00:00,139.82001,140.17999,139.17000,139.45000
2024-10-04 11:00:00,139.48000,140.17999,139.42000,140.14999
2024-10-04 12:00:00,140.14000,142.25,139.55000,142.25
2024-10-04 13:00:00,142.039993,142.58000,140.69000,141.029999
2024-10-04 14:00:00,141.12000,141.12000,138.23000,139.84000
2024-10-04 15:00:00,139.94000,142.5,139.94000,142.41000
2024-10-04 16:00:00,142.52000,144.32001,141.94000,143.95000
2024-10-04 17:00:00,143.81000,143.99001,142.56000,142.88000
2024-10-04 18:00:00,142.84000,143.77000,142.38000,143.71001
2024-10-04 19:00:00,143.92000,144.47000,143.58000,144
2024-10-04 20:00:00,143.88000,143.92000,142.88000,143.81000
2024-10-04 21:00:00,143.71001,144.45000,143.36000,143.53000
2024-10-04 22:00:00,143.73000,143.73000,142.64000,142.91000
2024-10-04 23:00:00,142.94000,143.27000,142.62000,143.14999
2024-10-05 00:00:00,143.28999,144,143.14000,144
2024-10-05 01:00:00,144,144,142.92999,143.56000
2024-10-05 02:00:00,143.62000,143.67999,142.35001,142.36000
2024-10-05 03:00:00,142.12000,142.36000,141.73000,141.83000
2024-10-05 04:00:00,141.78000,142.69000,141.61000,142.33000
2024-10-05 05:00:00,142.39000,143.55000,142.39000,143.53000
2024-10-05 06:00:00,143.48000,144.39999,143.10001,144.35001
2024-10-05 07:00:00,144.38000,144.52000,143.87000,143.87000
2024-10-05 08:00:00,143.81000,144.88000,143.71001,144.5
2024-10-05 09:00:00,144.53000,144.86000,144.42000,144.72000
2024-10-05 10:00:00,144.64999,144.67999,143.92000,144.0099945
2024-10-05 11:00:00,143.99001,144.22000,143.38000,143.44000
2024-10-05 12:00:00,143.52000,144.080002,143.42000,144.080002
2024-10-05 13:00:00,144.10001,144.14999,142.74001,142.78000
2024-10-05 14:00:00,142.78000,143.49001,142.56000,143.13000
2024-10-05 15:00:00,143.22000,143.22000,142.61000,142.95000
2024-10-05 16:00:00,142.89000,142.99001,142.23000,142.24001
2024-10-05 17:00:00,142.25999,142.84000,142.14000,142.71001
2024-10-05 18:00:00,142.75,142.83000,142.10001,142.28000
2024-10-05 19:00:00,142.28000,142.45000,142.050003,142.17000
2024-10-05 20:00:00,142.14000,142.23000,141.089996,141.17999
2024-10-05 21:00:00,141.28000,142.25999,141.19000,141.67999
2024-10-05 22:00:00,141.86000,142.92999,141.86000,142.92999
2024-10-05 23:00:00,142.72000,142.78000,142.34000,142.58000
2024-10-06 00:00:00,142.62000,142.62000,142,142.30000
2024-10-06 01:00:00,142.28999,143.42000,142.14999,143.42000
2024-10-06 02:00:00,143.53000,143.53000,142.89999,143.17000
2024-10-06 03:00:00,143.17999,143.64000,142.70000,142.70000
2024-10-06 04:00:00,142.74001,143.10001,142.089996,142.38000
2024-10-06 05:00:00,142.37000,142.89000,142.17000,142.62000
2024-10-06 06:00:00,142.59000,143.37000,142.56000,142.98000
2024-10-06 07:00:00,143.13000,143.39999,142.83000,142.96001
2024-10-06 08:00:00,143.0099945,143.42999,142.64000,143.28999
2024-10-06 09:00:00,143.32001,144.16000,143.30000,143.75999
2024-10-06 10:00:00,143.82001,143.94000,143.36000,143.55000
2024-10-06 11:00:00,143.56000,144.32001,143.42999,144.070007
2024-10-06 12:00:00,144.17000,144.53999,143.96001,144.50999
2024-10-06 13:00:00,144.61000,144.89000,144.44000,144.45000
2024-10-06 14:00:00,144.41000,146.50999,144.24001,146.37000
2024-10-06 15:00:00,146.55000,146.62000,145.21001,146
2024-10-06 16:00:00,146.059998,146.48000,144.94000,144.94000
2024-10-06 17:00:00,144.99001,145.61000,144.95000,145.11000
2024-10-06 18:00:00,145.19000,145.97000,145.19000,145.92000
2024-10-06 19:00:00,146.029999,146.5,145.39999,145.42000
2024-10-06 20:00:00,145.42000,145.53999,145.17000,145.48000
2024-10-06 21:00:00,145.81000,145.96001,144.35001,144.39000
2024-10-06 22:00:00,144.58000,145.42000,144.58000,145.35001
2024-10-06 23:00:00,145.74001,146.67999,145.62000,146.48000
2024-10-07 00:00:00,146.46001,149.39000,146.050003,149.17000
2024-10-07 01:00:00,149.21001,150.30000,148.86000,150.28999
2024-10-07 02:00:00,150.36000,150.84000,149.31000,149.31000
2024-10-07 03:00:00,149.55000,150.070007,149.089996,149.97000
2024-10-07 04:00:00,150.039993,150.53000,149.56000,149.56000
2024-10-07 05:00:00,149.57001,150.039993,148.78000,148.85001
2024-10-07 06:00:00,148.75,149.50999,148.75,149.50999
2024-10-07 07:00:00,149.47000,149.47000,147.96001,148
2024-10-07 08:00:00,147.99001,149.19000,147.99001,148.46001
2024-10-07 09:00:00,148.38000,148.58000,146.77000,147.38000
2024-10-07 10:00:00,147.27000,147.28999,146.14999,146.64000
2024-10-07 11:00:00,146.64999,147.37000,145.67999,147.37000
2024-10-07 12:00:00,147.20000,147.25,146.53999,146.53999
2024-10-07 13:00:00,146.52000,147.81000,146.42000,147.52000
2024-10-07 14:00:00,147.89999,152.23000,147.87000,150.53000
2024-10-07 15:00:00,150.42999,150.42999,148.5,148.81000
2024-10-07 16:00:00,148.71001,149.37000,147.81000,149.14000
2024-10-07 17:00:00,149.16000,149.30000,148.39999,149.039993
2024-10-07 18:00:00,149.10001,149.10001,145.71001,145.73000
2024-10-07 19:00:00,145.80000,147.19000,145.75,147.039993
2024-10-07 20:00:00,147.070007,147.12000,145.66000,145.66000
2024-10-07 21:00:00,145.74001,147.029999,145.74001,146.86000
2024-10-07 22:00:00,146.78000,146.82001,144.53000,144.53000
2024-10-07 23:00:00,144.039993,145.52000,143.58000,143.91000
2024-10-08 00:00:00,144.24001,145,143.52000,144.86000
2024-10-08 01:00:00,144.80000,145.41000,144.0099945,145.070007
2024-10-08 02:00:00,145.17999,145.55000,144.12000,145.25
2024-10-08 03:00:00,145.22000,145.25999,144.55000,144.69000
2024-10-08 04:00:00,144.71001,145.020004,143.73000,144.32001
2024-10-08 05:00:00,144.28000,144.36000,142.96001,143.66000
2024-10-08 06:00:00,143.74001,144.34000,142.89000,144.10001
2024-10-08 07:00:00,144.070007,144.070007,142.33000,143.080002
2024-10-08 08:00:00,142.89999,143.67999,142.78000,143.5
2024-10-08 09:00:00,143.55000,143.92999,142.92999,143.69000
2024-10-08 10:00:00,143.78999,144.33000,143.30000,144.080002
2024-10-08 11:00:00,144.059998,144.55000,144.059998,144.47000
2024-10-08 12:00:00,144.50999,144.50999,143.28999,143.28999
2024-10-08 13:00:00,143.24001,144.75,142.70000,144.75
2024-10-08 14:00:00,145.039993,145.34000,142.62000,144.17999
2024-10-08 15:00:00,144.14000,144.25,141.22000,142.81000
2024-10-08 16:00:00,142.61000,143.82001,141.89000,143.77000
2024-10-08 17:00:00,143.89000,143.89000,142.39999,143.35001
2024-10-08 18:00:00,143.31000,143.86000,142.46001,142.89000
2024-10-08 19:00:00,142.89000,144.050003,142.28999,143.73000
2024-10-08 20:00:00,143.67000,144.44000,143.42000,144.44000
2024-10-08 21:00:00,144.48000,144.60001,144.020004,144.17000
2024-10-08 22:00:00,144.13000,144.16000,143.17,143.24
2024-10-08 23:00:00,143.24,143.64,142.67,143.49
2024-10-09 00:00:00,143.5,144.25,143.09,144.25
2024-10-09 01:00:00,144.25,145.34,144,144.83
2024-10-09 02:00:00,144.83,144.88,143.9,143.91
2024-10-09 03:00:00,143.91,144.6,143.51,143.94
2024-10-09 04:00:00,143.93,144.08,143.16,143.33
2024-10-09 05:00:00,143.33,144.31,143.02,144.2
2024-10-09 06:00:00,144.2,144.24,143.31,143.55
2024-10-09 07:00:00,143.54,143.54,142.68,143.17
2024-10-09 08:00:00,143.16,143.5,142.49,142.92
2024-10-09 09:00:00,142.92,143.31,142.66,143.25
2024-10-09 10:00:00,143.25,143.42,142.47,142.65
2024-10-09 11:00:00,142.64,143.32,142.58,143.2
2024-10-09 12:00:00,143.19,143.34,141.22,141.85
2024-10-09 13:00:00,141.84,142.2,140.19,141.11
2024-10-09 14:00:00,141.12,142.07,140.69,141.32
2024-10-09 15:00:00,141.32,143.1,141.32,142.83
2024-10-09 16:00:00,142.83,142.9,140.61,140.85
2024-10-09 17:00:00,140.84,141.45,140.4,141.17
2024-10-09 18:00:00,141.16,141.43,139.75,140.56
2024-10-09 19:00:00,140.57,141.16,140.04,141.12
2024-10-09 20:00:00,141.11,141.11,138.68,138.79
2024-10-09 21:00:00,138.8,140.07,138.66,139.86
2024-10-09 22:00:00,139.86,139.89,139.16,139.2
2024-10-09 23:00:00,139.2,139.71,139.06,139.33
2024-10-10 00:00:00,139.33,139.36,137.66,138.49
2024-10-10 01:00:00,138.48,139.81,138.46,139.3
2024-10-10 02:00:00,139.31,139.94,139.27,139.74
2024-10-10 03:00:00,139.74,140.41,139.58,139.89
2024-10-10 04:00:00,139.89,140.3,139.68,139.86
2024-10-10 05:00:00,139.87,140.92,139.48,140.55
2024-10-10 06:00:00,140.55,140.72,140.14,140.48
2024-10-10 07:00:00,140.49,140.49,139.69,139.69
2024-10-10 08:00:00,139.7,140.13,138.53,138.65
2024-10-10 09:00:00,138.64,138.82,137.43,138.43
2024-10-10 10:00:00,138.42,139.69,138.35,139.47
2024-10-10 11:00:00,139.47,140.5,139.33,140.44
2024-10-10 12:00:00,140.44,140.83,138.29,138.95
2024-10-10 13:00:00,138.96,140.19,137.29,138.08
2024-10-10 14:00:00,138.09,138.68,136.2,137.51
2024-10-10 15:00:00,137.52,138.67,137.04,138.67
2024-10-10 16:00:00,138.66,139.09,137.75,138.06
2024-10-10 17:00:00,138.05,138.52,136.52,136.62
2024-10-10 18:00:00,136.63,137.33,135.52,137.32
2024-10-10 19:00:00,137.31,138.17,136.96,138.11
2024-10-10 20:00:00,138.11,138.79,137.14,137.62
2024-10-10 21:00:00,137.61,138.67,137.35,138.67
2024-10-10 22:00:00,138.66,138.87,137.86,138.56
2024-10-10 23:00:00,138.57,139.07,138.56,139.03
2024-10-11 00:00:00,139.04,139.84,138.86,139.37
2024-10-11 01:00:00,139.37,140.55,138.68,140.26
2024-10-11 02:00:00,140.25,141.01,139.6,140.93
2024-10-11 03:00:00,140.93,141.56,140.83,140.83
2024-10-11 04:00:00,140.83,141.18,140.64,141.08
2024-10-11 05:00:00,141.08,141.42,140.85,140.95
2024-10-11 06:00:00,140.94,141.92,140.94,141.5
2024-10-11 07:00:00,141.51,142.12,141.06,141.17
2024-10-11 08:00:00,141.17,141.69,140.98,141.46
2024-10-11 09:00:00,141.46,142.31,141.42,142.14
2024-10-11 10:00:00,142.13,142.7,141.69,141.99
2024-10-11 11:00:00,141.99,142.3,141.55,141.97
2024-10-11 12:00:00,141.98,143.12,141.88,143
2024-10-11 13:00:00,143,143.89,142.3,143.62
2024-10-11 14:00:00,143.61,144.34,143.45,143.84
2024-10-11 15:00:00,143.85,145.52,143.65,144.41
2024-10-11 16:00:00,144.41,144.79,143.92,144.73
2024-10-11 17:00:00,144.73,146.19,144.64,145.88
2024-10-11 18:00:00,145.87,146.17,145.13,145.81
2024-10-11 19:00:00,145.82,146.62,145.2,145.45
2024-10-11 20:00:00,145.44,146.17,145.15,146.12
2024-10-11 21:00:00,146.12,146.41,145.81,145.88
2024-10-11 22:00:00,145.88,146.11,145.32,145.85
2024-10-11 23:00:00,145.86,145.94,145.18,145.53
2024-10-12 00:00:00,145.52,146.6,145.5,146.25
2024-10-12 01:00:00,146.26,146.49,145.71,145.87
2024-10-12 02:00:00,145.87,145.9,144.88,145.04
2024-10-12 03:00:00,145.04,145.27,144.71,145.14
2024-10-12 04:00:00,145.15,145.94,145.15,145.37
2024-10-12 05:00:00,145.38,145.94,145.33,145.9
2024-10-12 06:00:00,145.91,145.98,145.54,145.76
2024-10-12 07:00:00,145.76,145.93,145.26,145.58
2024-10-12 08:00:00,145.58,145.9,145.47,145.69
2024-10-12 09:00:00,145.69,145.85,145.47,145.85
2024-10-12 10:00:00,145.84,146.95,145.69,146.81
2024-10-12 11:00:00,146.81,147.28,146.21,146.26
2024-10-12 12:00:00,146.26,147.2,145.8,147.02
2024-10-12 13:00:00,147.01,147.27,146.22,146.52
2024-10-12 14:00:00,146.53,147.25,146.2,146.92
2024-10-12 15:00:00,146.92,147.22,145.71,146.09
2024-10-12 16:00:00,146.08,146.93,146.08,146.43
2024-10-12 17:00:00,146.42,147.06,146.32,146.99
2024-10-12 18:00:00,146.98,147.19,146.24,146.45
2024-10-12 19:00:00,146.46,146.93,146.21,146.79
2024-10-12 20:00:00,146.79,146.94,146.59,146.72
2024-10-12 21:00:00,146.73,147.29,146.5,146.74
2024-10-12 22:00:00,146.74,147.32,146.41,147.06
2024-10-12 23:00:00,147.06,147.16,146.34,146.4
2024-10-13 00:00:00,146.39,147.06,146.39,146.67
2024-10-13 01:00:00,146.66,146.67,145.72,145.95
2024-10-13 02:00:00,145.96,146.13,145.73,146.12
2024-10-13 03:00:00,146.13,146.13,145.13,145.3
2024-10-13 04:00:00,145.31,145.99,145.27,145.91
2024-10-13 05:00:00,145.91,146.7,145.85,146.53
2024-10-13 06:00:00,146.53,146.99,146.24,146.41
2024-10-13 07:00:00,146.42,146.59,146,146.42
2024-10-13 08:00:00,146.42,147.09,146.42,146.64
2024-10-13 09:00:00,146.64,147.94,146.6,147.68
2024-10-13 10:00:00,147.67,148.39,147.15,147.15
2024-10-13 11:00:00,147.15,147.58,146.4,146.47
2024-10-13 12:00:00,146.47,147.66,146.44,147.3
2024-10-13 13:00:00,147.31,148.11,147.19,147.23
2024-10-13 14:00:00,147.22,147.25,145.3,145.44
2024-10-13 15:00:00,145.44,146.01,144.45,145.34
2024-10-13 16:00:00,145.34,146.14,144.89,145.98
2024-10-13 17:00:00,145.98,146.53,145.2,145.43
2024-10-13 18:00:00,145.44,145.83,144.7,145.34
2024-10-13 19:00:00,145.35,146.14,145.35,146.03
2024-10-13 20:00:00,146.02,146.34,145.65,146.33
2024-10-13 21:00:00,146.34,148,145.99,147.89
2024-10-13 22:00:00,147.89,148.86,147.42,147.81
2024-10-13 23:00:00,147.8,147.8,146.9,147.74
2024-10-14 00:00:00,147.74,147.98,146.8,147.2
2024-10-14 01:00:00,147.2,148.3,147.2,147.79
2024-10-14 02:00:00,147.8,148.85,147.14,148.42
2024-10-14 03:00:00,148.42,152.58,148.37,152.51
2024-10-14 04:00:00,152.51,153.5,152.03,152.19
2024-10-14 05:00:00,152.19,152.46,150.9,151.47
2024-10-14 06:00:00,151.47,152.6,151,151.99
2024-10-14 07:00:00,151.99,153.12,151.59,153.04
2024-10-14 08:00:00,153.04,153.45,152.34,152.47
2024-10-14 09:00:00,152.47,153.66,152.04,152.99
2024-10-14 10:00:00,152.99,154.02,152.68,153.16
2024-10-14 11:00:00,153.17,153.31,152.68,153.16
2024-10-14 12:00:00,153.15,153.55,152.57,153.15
2024-10-14 13:00:00,153.15,154.2,152.62,153.67
2024-10-14 14:00:00,153.68,155.99,153.62,155.01
2024-10-14 15:00:00,155,158.1,154.98,156.71
2024-10-14 16:00:00,156.7,156.9,154.56,155.09
2024-10-14 17:00:00,155.09,156.09,154.98,155.62
2024-10-14 18:00:00,155.62,156.29,155.22,155.85
2024-10-14 19:00:00,155.85,156.3,155.52,155.66
2024-10-14 20:00:00,155.65,156.43,155.41,156.09
2024-10-14 21:00:00,156.1,156.5,155.52,155.74
2024-10-14 22:00:00,155.74,158.08,155.7,157.98
2024-10-14 23:00:00,157.98,158.01,156.85,157.59
2024-10-15 00:00:00,157.59,158.44,156.82,157.45
2024-10-15 01:00:00,157.45,158.2,156.71,157.19
2024-10-15 02:00:00,157.19,158.07,156.83,157.46
2024-10-15 03:00:00,157.46,157.5,155,155.46
2024-10-15 04:00:00,155.47,156.34,155.06,156.04
2024-10-15 05:00:00,156.03,156.1,154.01,154.38
2024-10-15 06:00:00,154.38,154.95,153.71,154.83
2024-10-15 07:00:00,154.83,155.4,154.71,155.13
2024-10-15 08:00:00,155.13,155.5,154.73,154.86
2024-10-15 09:00:00,154.87,154.89,154.08,154.4
2024-10-15 10:00:00,154.4,155.22,154.07,154.93
2024-10-15 11:00:00,154.93,154.95,151.8,152.41
2024-10-15 12:00:00,152.42,153.97,152.04,153.52
2024-10-15 13:00:00,153.51,158.9,152.93,158.55
2024-10-15 14:00:00,158.55,159.73,151.49,152.37
2024-10-15 15:00:00,152.38,154.85,150.3,153.29
2024-10-15 16:00:00,153.3,156.34,153.07,154.94
2024-10-15 17:00:00,154.95,155.64,153.95,154.77
2024-10-15 18:00:00,154.78,156.4,154.57,155.06
2024-10-15 19:00:00,155.06,155.52,154.19,155.16
2024-10-15 20:00:00,155.17,155.28,152,152.78
2024-10-15 21:00:00,152.78,153.58,152.31,153.58
2024-10-15 22:00:00,153.57,154.08,152.96,152.99
2024-10-15 23:00:00,152.99,155.1,152.96,154.76
2024-10-16 00:00:00,154.76,155,153.36,153.79
2024-10-16 01:00:00,153.8,155,153,154.77
2024-10-16 02:00:00,154.77,156.1,154.4,154.49
2024-10-16 03:00:00,154.5,154.72,153.77,154.23
2024-10-16 04:00:00,154.22,154.77,153.18,153.9
2024-10-16 05:00:00,153.9,154.63,153.74,154.23
2024-10-16 06:00:00,154.23,154.96,153.3,154.05
2024-10-16 07:00:00,154.06,154.06,153.01,153.67
2024-10-16 08:00:00,153.67,154.9,153.4,154.49
2024-10-16 09:00:00,154.48,155.9,154.42,155.33
2024-10-16 10:00:00,155.33,156.35,154.97,155.93
2024-10-16 11:00:00,155.92,158.41,155.23,155.88
2024-10-16 12:00:00,155.88,156.51,155.13,155.46
2024-10-16 13:00:00,155.46,155.92,153.69,154.43
2024-10-16 14:00:00,154.43,156.89,154.12,155.19
2024-10-16 15:00:00,155.2,155.96,154.1,155.71
2024-10-16 16:00:00,155.71,155.97,154.17,155.32
2024-10-16 17:00:00,155.32,155.75,154.8,155.11
2024-10-16 18:00:00,155.1,155.28,154.32,154.42
2024-10-16 19:00:00,154.43,154.72,154.1,154.35
2024-10-16 20:00:00,154.34,155.14,154,154.42
2024-10-16 21:00:00,154.41,154.76,153.64,153.91
2024-10-16 22:00:00,153.92,155.07,153.88,154.83
2024-10-16 23:00:00,154.83,154.93,154.07,154.28
2024-10-17 00:00:00,154.28,155.55,154.28,154.9
2024-10-17 01:00:00,154.9,155.67,154.09,155.59
2024-10-17 02:00:00,155.6,155.73,153.85,153.91
2024-10-17 03:00:00,153.91,154.78,153.56,154.62
2024-10-17 04:00:00,154.62,154.78,152.99,153.24
2024-10-17 05:00:00,153.25,153.66,152.38,152.68
2024-10-17 06:00:00,152.68,153.31,152.09,152.33
2024-10-17 07:00:00,152.34,152.68,151.6,152.61
2024-10-17 08:00:00,152.61,153.28,152.14,153.23
2024-10-17 09:00:00,153.23,153.47,152.81,153.05
2024-10-17 10:00:00,153.06,153.32,151.3,152.41
2024-10-17 11:00:00,152.42,152.59,151.11,151.31
2024-10-17 12:00:00,151.31,152.54,151.03,152.53
2024-10-17 13:00:00,152.53,153.25,151.35,152.12
2024-10-17 14:00:00,152.12,152.34,150.77,151.99
2024-10-17 15:00:00,151.99,153.12,151.17,152.89
2024-10-17 16:00:00,152.89,152.92,150.68,151.29
2024-10-17 17:00:00,151.3,151.49,149.23,149.47
2024-10-17 18:00:00,149.47,149.54,147.66,148.52
2024-10-17 19:00:00,148.53,149.67,148.33,149.38
2024-10-17 20:00:00,149.39,150.46,149.27,149.64
2024-10-17 21:00:00,149.63,150.25,149.63,150.12
2024-10-17 22:00:00,150.11,150.98,150.11,150.93
2024-10-17 23:00:00,150.92,150.93,150.22,150.5
2024-10-18 00:00:00,150.5,150.77,149.66,149.75
2024-10-18 01:00:00,149.75,152.79,149.56,152.42
2024-10-18 02:00:00,152.42,153.25,152.03,153.19
2024-10-18 03:00:00,153.18,153.24,151.76,151.88
2024-10-18 04:00:00,151.88,152.73,151.88,152.43
2024-10-18 05:00:00,152.43,153.06,152.23,153.03
2024-10-18 06:00:00,153.03,154.02,152.88,153.7
2024-10-18 07:00:00,153.7,154.23,153.32,153.89
2024-10-18 08:00:00,153.9,154.3,153.53,153.71
2024-10-18 09:00:00,153.7,154.12,153.16,153.54
2024-10-18 10:00:00,153.54,153.97,153.41,153.71
2024-10-18 11:00:00,153.7,154.03,152.85,153
2024-10-18 12:00:00,152.99,153.3,152.14,152.4
2024-10-18 13:00:00,152.4,153.97,152.25,153.79
2024-10-18 14:00:00,153.8,154.77,153,154.42
2024-10-18 15:00:00,154.42,155.24,153.92,154.72
2024-10-18 16:00:00,154.71,156.07,153.62,155.69
2024-10-18 17:00:00,155.69,156.23,155.34,155.49
2024-10-18 18:00:00,155.5,156.65,155.2,156.11
2024-10-18 19:00:00,156.11,156.17,154.52,154.84
2024-10-18 20:00:00,154.84,154.93,154.18,154.58
2024-10-18 21:00:00,154.59,154.77,153.77,154.37
2024-10-18 22:00:00,154.36,154.4,153.87,154.29
2024-10-18 23:00:00,154.29,155.18,154.26,154.94
2024-10-19 00:00:00,154.93,155.1,154.4,154.54
2024-10-19 01:00:00,154.55,155,154.37,154.38
2024-10-19 02:00:00,154.38,155.04,154.2,155
2024-10-19 03:00:00,155,156.05,154.55,154.56
2024-10-19 04:00:00,154.56,154.98,154.16,154.19
2024-10-19 05:00:00,154.2,155,154.18,154.98
2024-10-19 06:00:00,154.97,155.14,154.52,154.59
2024-10-19 07:00:00,154.58,154.68,154.12,154.56
2024-10-19 08:00:00,154.56,154.97,154.56,154.81
2024-10-19 09:00:00,154.81,154.94,154.57,154.84
2024-10-19 10:00:00,154.83,155.04,154.25,154.41
2024-10-19 11:00:00,154.41,154.77,153.45,153.83
2024-10-19 12:00:00,153.83,154.83,153.8,154.62
2024-10-19 13:00:00,154.62,154.95,154.26,154.8
2024-10-19 14:00:00,154.8,157,154.79,156.97
2024-10-19 15:00:00,156.97,157.5,155.98,156.51
2024-10-19 16:00:00,156.51,156.97,155.79,156.09
2024-10-19 17:00:00,156.08,156.3,155.32,155.64
2024-10-19 18:00:00,155.64,156.29,155.58,155.88
2024-10-19 19:00:00,155.88,156.89,155.77,156.37
2024-10-19 20:00:00,156.38,156.9,156.13,156.78
2024-10-19 21:00:00,156.78,157.87,156.74,157
2024-10-19 22:00:00,157.01,158.93,156.9,158.91
2024-10-19 23:00:00,158.91,159.85,158.6,159.79
2024-10-20 00:00:00,159.79,160.62,158.76,158.76
2024-10-20 01:00:00,158.77,159.37,158.48,158.8
2024-10-20 02:00:00,158.8,159.29,158.29,158.59
2024-10-20 03:00:00,158.6,159.06,158.14,159.03
2024-10-20 04:00:00,159.03,159.98,158.67,159.48
2024-10-20 05:00:00,159.49,160.64,159.22,159.34
2024-10-20 06:00:00,159.35,159.42,158.58,159.26
2024-10-20 07:00:00,159.26,159.44,158.66,158.78
2024-10-20 08:00:00,158.78,159.32,158.38,158.78
2024-10-20 09:00:00,158.79,159.42,158.57,159.13
2024-10-20 10:00:00,159.13,159.42,158.65,158.78
2024-10-20 11:00:00,158.79,159.31,158.77,159.2
2024-10-20 12:00:00,159.19,159.29,158.3,158.33
2024-10-20 13:00:00,158.34,158.73,157.58,158.12
2024-10-20 14:00:00,158.12,161.5,158.08,160.8
2024-10-20 15:00:00,160.8,160.97,158.86,160.01
2024-10-20 16:00:00,160.02,160.33,159.37,159.85
2024-10-20 17:00:00,159.84,160.66,159.3,160.21
2024-10-20 18:00:00,160.21,161.22,160.1,160.44
2024-10-20 19:00:00,160.45,160.58,159.54,160.38
2024-10-20 20:00:00,160.38,163.22,160.14,162.73
2024-10-20 21:00:00,162.72,163.86,162.66,163.76
2024-10-20 22:00:00,163.77,167.36,163.42,166.69
2024-10-20 23:00:00,166.7,167.94,166.41,167.4
2024-10-21 00:00:00,167.4,169.95,167.2,168.73
2024-10-21 01:00:00,168.73,170.08,168.47,169.82
2024-10-21 02:00:00,169.82,170.14,168.04,168.45
2024-10-21 03:00:00,168.46,169.55,168.25,169.51
2024-10-21 04:00:00,169.5,171,168.65,170.62
2024-10-21 05:00:00,170.62,171.76,169.49,169.61
2024-10-21 06:00:00,169.61,171.07,168.73,169.13
2024-10-21 07:00:00,169.13,169.87,168.58,168.64
2024-10-21 08:00:00,168.65,169.62,166.5,166.54
2024-10-21 09:00:00,166.53,167.65,165.72,166.93
2024-10-21 10:00:00,166.93,167.37,165.89,166.13
2024-10-21 11:00:00,166.13,166.93,165.74,166.42
2024-10-21 12:00:00,166.42,167.07,165.39,165.69
2024-10-21 13:00:00,165.68,166.2,160.99,162.58
2024-10-21 14:00:00,162.58,164.9,162.44,164.26
2024-10-21 15:00:00,164.27,165.28,163,165.27
2024-10-21 16:00:00,165.27,165.32,163.02,164.61
2024-10-21 17:00:00,164.62,166.18,164.49,165.72
2024-10-21 18:00:00,165.71,166.11,164.85,165.76
2024-10-21 19:00:00,165.77,168.08,165.75,167.81
2024-10-21 20:00:00,167.81,167.81,166.12,166.52
2024-10-21 21:00:00,166.52,168.16,166.46,167.5
2024-10-21 22:00:00,167.5,168.13,166.89,167.8
2024-10-21 23:00:00,167.8,167.8,166.06,166.17
2024-10-22 00:00:00,166.16,166.54,162.99,165.4
2024-10-22 01:00:00,165.41,167.33,164.98,167.05
2024-10-22 02:00:00,167.06,167.9,165.95,165.99
2024-10-22 03:00:00,166,166.56,165.51,166.45
2024-10-22 04:00:00,166.45,167.46,166.18,167.45
2024-10-22 05:00:00,167.45,168.94,167.12,168.47
2024-10-22 06:00:00,168.47,168.96,168.22,168.3
2024-10-22 07:00:00,168.3,168.6,166.94,167.11
2024-10-22 08:00:00,167.1,167.22,164.91,165.66
2024-10-22 09:00:00,165.67,165.82,163.53,165.01
2024-10-22 10:00:00,165.01,166.9,164.16,166.43
2024-10-22 11:00:00,166.44,169.21,166.33,167.88
2024-10-22 12:00:00,167.88,169.4,165.66,166.19
2024-10-22 13:00:00,166.19,167.15,164.79,166.16
2024-10-22 14:00:00,166.15,170.75,165.62,170.16
2024-10-22 15:00:00,170.16,170.99,167.3,167.78
2024-10-22 16:00:00,167.79,168.16,166.02,166.13
2024-10-22 17:00:00,166.13,167.71,166,167.25
2024-10-22 18:00:00,167.25,168.73,167.16,167.9
2024-10-22 19:00:00,167.9,169.16,167.81,168.48
2024-10-22 20:00:00,168.47,168.85,167.79,168.29
2024-10-22 21:00:00,168.29,168.35,167.07,167.57
2024-10-22 22:00:00,167.57,169.26,167.35,168.97
2024-10-22 23:00:00,168.97,169.15,166.77,167.59
2024-10-23 00:00:00,167.6,167.96,165.91,166.17
2024-10-23 01:00:00,166.17,167.5,166.13,167.38
2024-10-23 02:00:00,167.38,167.53,165.99,166.03
2024-10-23 03:00:00,166.04,166.46,164.49,165.51
2024-10-23 04:00:00,165.51,166.16,165,165.89
2024-10-23 05:00:00,165.89,166.04,164.34,165.1
2024-10-23 06:00:00,165.1,166.51,164.82,165.28
2024-10-23 07:00:00,165.27,165.77,164.68,165.74
2024-10-23 08:00:00,165.73,166.4,164.45,164.88
2024-10-23 09:00:00,164.89,166,164.13,165.75
2024-10-23 10:00:00,165.75,166.85,165.46,165.59
2024-10-23 11:00:00,165.6,166.94,165.5,166.41
2024-10-23 12:00:00,166.41,167.15,164.97,166.5
2024-10-23 13:00:00,166.5,169.48,166.2,169.07
2024-10-23 14:00:00,169.07,169.25,167.2,167.78
2024-10-23 15:00:00,167.78,168.67,166.32,168.13
2024-10-23 16:00:00,168.14,168.48,165.5,165.57
2024-10-23 17:00:00,165.57,167.29,165.39,166.23
2024-10-23 18:00:00,166.24,170.31,164.7,169.73
2024-10-23 19:00:00,169.72,173.76,168.91,173.02
2024-10-23 20:00:00,173.02,174.3,172.25,173.6
2024-10-23 21:00:00,173.59,173.7,171.14,171.48
2024-10-23 22:00:00,171.49,172,170,170.94
2024-10-23 23:00:00,170.94,171.95,170.67,170.85
2024-10-24 00:00:00,170.86,172.92,170.5,172.92
2024-10-24 01:00:00,172.92,174,172.18,172.94
2024-10-24 02:00:00,172.94,175,172.71,174.55
2024-10-24 03:00:00,174.55,175.03,174.14,174.14
2024-10-24 04:00:00,174.14,175.26,173.48,173.54
2024-10-24 05:00:00,173.53,173.84,172.78,173.2
2024-10-24 06:00:00,173.2,174.15,172.85,173.42
2024-10-24 07:00:00,173.42,173.99,173.05,173.56
2024-10-24 08:00:00,173.55,174.38,172,172.05
2024-10-24 09:00:00,172.06,172.65,171,171.77
2024-10-24 10:00:00,171.77,173.32,171.69,172.96
2024-10-24 11:00:00,172.97,174.11,172.44,173.85
2024-10-24 12:00:00,173.85,175.42,173.72,174.97
2024-10-24 13:00:00,174.97,176.34,174.1,175.82
2024-10-24 14:00:00,175.82,177.22,174.49,175.8
2024-10-24 15:00:00,175.8,177.15,175.14,175.43
2024-10-24 16:00:00,175.43,177.35,174.65,176.71
2024-10-24 17:00:00,176.7,177.08,175.22,175.41
2024-10-24 18:00:00,175.41,176.45,175.3,176.24
2024-10-24 19:00:00,176.23,177.9,176.01,177.4
2024-10-24 20:00:00,177.41,177.49,176.49,177.35
2024-10-24 21:00:00,177.35,178.7,177.16,177.98
2024-10-24 22:00:00,177.98,179.3,177.92,178.74
2024-10-24 23:00:00,178.73,178.79,176.77,177.19
2024-10-25 00:00:00,177.19,177.47,176.18,176.69
2024-10-25 01:00:00,176.68,176.69,175.36,175.72
2024-10-25 02:00:00,175.73,176.53,175.09,175.73
2024-10-25 03:00:00,175.74,176.5,174.38,174.68
2024-10-25 04:00:00,174.69,175.06,172.74,173.25
2024-10-25 05:00:00,173.26,174.16,172.24,173.86
2024-10-25 06:00:00,173.86,174.54,173.37,173.56
2024-10-25 07:00:00,173.56,173.95,171.46,171.9
2024-10-25 08:00:00,171.9,172.94,170.89,172.34
2024-10-25 09:00:00,172.34,173.27,170.66,173.23
2024-10-25 10:00:00,173.23,173.9,172.39,173.58
2024-10-25 11:00:00,173.57,174.14,173.14,173.65
2024-10-25 12:00:00,173.65,174.51,173.24,173.46
2024-10-25 13:00:00,173.46,175.49,172.88,175.21
2024-10-25 14:00:00,175.21,177.6,174.41,175.62
2024-10-25 15:00:00,175.62,176.77,171.15,172.45
2024-10-25 16:00:00,172.45,173.04,170.73,172.02
2024-10-25 17:00:00,172.03,172.35,166.92,167.94
2024-10-25 18:00:00,167.94,171.59,165.11,169.36
2024-10-25 19:00:00,169.36,169.77,167.55,167.95
2024-10-25 20:00:00,167.95,168.84,166.47,167.15
2024-10-25 21:00:00,167.16,168.68,167.11,168.23
2024-10-25 22:00:00,168.23,168.23,163.57,163.79
2024-10-25 23:00:00,163.79,165.39,159.12,164.9
2024-10-26 00:00:00,164.91,165.93,163.84,164.87
2024-10-26 01:00:00,164.87,165.32,163.32,163.33
2024-10-26 02:00:00,163.33,165.94,162.43,164.85
2024-10-26 03:00:00,164.86,165.9,164.16,165.64
2024-10-26 04:00:00,165.64,166.58,165.3,166.55
2024-10-26 05:00:00,166.55,167.72,166.21,166.84
2024-10-26 06:00:00,166.83,168.54,166.32,168.44
2024-10-26 07:00:00,168.44,169.18,167.28,167.35
2024-10-26 08:00:00,167.35,168.6,167.33,168.4
2024-10-26 09:00:00,168.4,169.56,168.08,169.09
2024-10-26 10:00:00,169.1,170.3,168.96,169.24
2024-10-26 11:00:00,169.24,169.63,168.27,168.65
2024-10-26 12:00:00,168.66,169.5,168.35,169.02
2024-10-26 13:00:00,169.02,169.26,167.98,168.07
2024-10-26 14:00:00,168.06,168.62,167.23,167.69
2024-10-26 15:00:00,167.7,169.32,167.38,168.63
2024-10-26 16:00:00,168.63,169.77,168.36,169.23
2024-10-26 17:00:00,169.24,170.21,168.88,170.05
2024-10-26 18:00:00,170.06,170.38,169.52,169.9
2024-10-26 19:00:00,169.89,172.31,169.89,171.52
2024-10-26 20:00:00,171.52,173.12,171.41,172.54
2024-10-26 21:00:00,172.54,173.25,170.91,171.3
2024-10-26 22:00:00,171.29,171.83,170.84,171.37
2024-10-26 23:00:00,171.37,171.53,170.65,170.88
2024-10-27 00:00:00,170.87,171.24,170.26,170.63
2024-10-27 01:00:00,170.64,172.51,170.39,172.4
2024-10-27 02:00:00,172.4,173.26,171.3,171.55
2024-10-27 03:00:00,171.56,172.41,171.1,172.14
2024-10-27 04:00:00,172.14,172.7,171.66,172.52
2024-10-27 05:00:00,172.52,173.09,172.35,172.53
2024-10-27 06:00:00,172.53,173.44,172.16,173.39
2024-10-27 07:00:00,173.4,173.52,172.75,173.27
2024-10-27 08:00:00,173.26,175.53,173.17,175.29
2024-10-27 09:00:00,175.28,175.52,173.69,174.62
2024-10-27 10:00:00,174.61,174.73,173.53,173.68
2024-10-27 11:00:00,173.67,175,173.35,174.02
2024-10-27 12:00:00,174.03,176.09,174.02,175.78
2024-10-27 13:00:00,175.77,176.75,175.54,175.98
2024-10-27 14:00:00,175.98,177.05,175.66,176.44
2024-10-27 15:00:00,176.44,176.92,175.64,175.77
2024-10-27 16:00:00,175.78,176.8,174.74,176.73
2024-10-27 17:00:00,176.72,177.8,176.01,176.19
2024-10-27 18:00:00,176.19,177.34,175.77,175.83
2024-10-27 19:00:00,175.83,177.35,175.62,177.21
2024-10-27 20:00:00,177.21,177.49,176.61,176.91
2024-10-27 21:00:00,176.9,178.1,176.6,177.08
2024-10-27 22:00:00,177.08,178.18,177.08,177.76
2024-10-27 23:00:00,177.76,178.27,176.58,176.63
2024-10-28 00:00:00,176.63,177.19,175.81,176.06
2024-10-28 01:00:00,176.05,176.58,175.5,175.66
2024-10-28 02:00:00,175.66,176.15,174.68,175.16
2024-10-28 03:00:00,175.17,176.72,175.03,175.74
2024-10-28 04:00:00,175.74,175.74,173.72,175.28
2024-10-28 05:00:00,175.27,175.27,173.14,174.38
2024-10-28 06:00:00,174.37,174.71,173.39,174.56
2024-10-28 07:00:00,174.56,176.75,174.41,175.69
2024-10-28 08:00:00,175.69,177.49,175.62,176.87
2024-10-28 09:00:00,176.86,177.86,176.42,177.79
2024-10-28 10:00:00,177.78,178.59,177.19,177.28
2024-10-28 11:00:00,177.29,177.83,176.72,176.95
2024-10-28 12:00:00,176.95,177.95,176.31,177.57
2024-10-28 13:00:00,177.56,177.89,175.03,175.19
2024-10-28 14:00:00,175.19,175.68,173.26,175
2024-10-28 15:00:00,175,175.03,173.25,173.39
2024-10-28 16:00:00,173.39,175.21,173.08,173.82
2024-10-28 17:00:00,173.83,175.91,172.45,174.78
2024-10-28 18:00:00,174.78,175.94,174.62,175.4
2024-10-28 19:00:00,175.39,178.05,175.22,176.42
2024-10-28 20:00:00,176.4,176.63,175.75,176.62
2024-10-28 21:00:00,176.62,177.91,176.31,177.62
2024-10-28 22:00:00,177.62,179.8,177.6,178.64
2024-10-28 23:00:00,178.65,179.5,177.83,178.29
2024-10-29 00:00:00,178.28,179.01,177.32,178.67
2024-10-29 01:00:00,178.67,178.7,177.14,178.29
2024-10-29 02:00:00,178.29,182.3,177.93,180.85
2024-10-29 03:00:00,180.84,182,180.43,181.81
2024-10-29 04:00:00,181.81,182.78,181.59,181.97
2024-10-29 05:00:00,181.98,182,180.35,180.91
2024-10-29 06:00:00,180.9,181.28,180.07,180.32
2024-10-29 07:00:00,180.32,180.61,179.5,180.16
2024-10-29 08:00:00,180.16,181.69,180,181.03
2024-10-29 09:00:00,181.04,181.48,180.67,181.09
2024-10-29 10:00:00,181.09,181.38,180.65,181.05
2024-10-29 11:00:00,181.05,181.84,180.29,180.8
2024-10-29 12:00:00,180.79,180.93,179.25,179.29
2024-10-29 13:00:00,179.29,180.12,178.37,179.84
2024-10-29 14:00:00,179.85,180.7,178.39,179.42
2024-10-29 15:00:00,179.42,180.97,179,180.61
2024-10-29 16:00:00,180.6,183.38,180.56,182.47
2024-10-29 17:00:00,182.48,183.13,180.24,180.9
2024-10-29 18:00:00,180.89,182.09,180.46,181.27
2024-10-29 19:00:00,181.28,181.87,178.1,178.17
2024-10-29 20:00:00,178.17,178.9,176.41,178.44
2024-10-29 21:00:00,178.44,179.46,177.89,178.8
2024-10-29 22:00:00,178.8,180.31,178.6,179.58
2024-10-29 23:00:00,179.58,179.89,178.76,179.42
2024-10-30 00:00:00,179.43,179.51,177.93,178.28
2024-10-30 01:00:00,178.28,180.05,176.94,179.89
2024-10-30 02:00:00,179.9,180.84,179.32,179.65
2024-10-30 03:00:00,179.65,180.45,179.65,180.09
2024-10-30 04:00:00,180.08,180.83,179.85,180.68
2024-10-30 05:00:00,180.68,181.36,179.68,179.98
2024-10-30 06:00:00,179.97,180.6,178.7,178.74
2024-10-30 07:00:00,178.73,178.91,178.16,178.69
2024-10-30 08:00:00,178.69,179.33,177.86,177.94
2024-10-30 09:00:00,177.94,178.74,177.69,178.14
2024-10-30 10:00:00,178.15,178.24,177.2,177.22
2024-10-30 11:00:00,177.23,177.48,175.2,175.71
2024-10-30 12:00:00,175.7,175.99,174.53,175.5
2024-10-30 13:00:00,175.5,176.65,174.07,176.43
2024-10-30 14:00:00,176.43,177.29,175.43,175.83
2024-10-30 15:00:00,175.82,175.97,173.15,173.93
2024-10-30 16:00:00,173.94,175.31,173.33,175.06
2024-10-30 17:00:00,175.06,175.47,174.44,175.38
2024-10-30 18:00:00,175.37,175.79,173.01,174.01
2024-10-30 19:00:00,174,174.77,173.5,174.29
2024-10-30 20:00:00,174.3,176.64,173.03,176.63
2024-10-30 21:00:00,176.63,177.06,174.03,175.13
2024-10-30 22:00:00,175.14,175.61,174.73,175.35
2024-10-30 23:00:00,175.35,176.1,174.82,174.87
2024-10-31 00:00:00,174.87,175.52,174.87,175.33
2024-10-31 01:00:00,175.34,176.2,174.38,175.61
2024-10-31 02:00:00,175.6,176.56,175.04,175.86
2024-10-31 03:00:00,175.86,176.12,174.1,174.35
2024-10-31 04:00:00,174.35,175.35,174.16,175.1
2024-10-31 05:00:00,175.1,176,174.99,175.17
2024-10-31 06:00:00,175.17,175.33,173.55,173.7
2024-10-31 07:00:00,173.7,174.89,173.11,174.5
2024-10-31 08:00:00,174.5,174.57,173.31,174.21
2024-10-31 09:00:00,174.2,175.46,174.07,175.23
2024-10-31 10:00:00,175.23,176.32,174.65,176.29
2024-10-31 11:00:00,176.28,176.36,174.76,175
2024-10-31 12:00:00,175,175.45,174.11,174.23
2024-10-31 13:00:00,174.22,174.45,171.33,171.9
2024-10-31 14:00:00,171.91,172.05,169.3,170.42
2024-10-31 15:00:00,170.42,172.02,170.28,170.65
2024-10-31 16:00:00,170.65,170.72,169.46,169.77
2024-10-31 17:00:00,169.77,170.73,169.4,170.32
2024-10-31 18:00:00,170.32,170.33,168.58,169.65
2024-10-31 19:00:00,169.65,170.37,168.53,168.7
2024-10-31 20:00:00,168.69,170.29,168.34,169.61
2024-10-31 21:00:00,169.61,169.93,169.08,169.13
2024-10-31 22:00:00,169.13,169.72,167.56,169.51
2024-10-31 23:00:00,169.52,169.88,168.46,168.69
2024-11-01 00:00:00,168.69,169.27,168.35,169.09
2024-11-01 01:00:00,169.08,169.42,166.41,167.13
2024-11-01 02:00:00,167.14,167.88,165.38,167.66
2024-11-01 03:00:00,167.66,168,166.84,167.15
2024-11-01 04:00:00,167.14,167.5,166.7,167.39
2024-11-01 05:00:00,167.4,167.63,166.8,166.95
2024-11-01 06:00:00,166.95,167,165.29,165.46
2024-11-01 07:00:00,165.46,166.28,165.05,165.96
2024-11-01 08:00:00,165.96,166.55,165.55,165.8
2024-11-01 09:00:00,165.81,167,165.56,167
2024-11-01 10:00:00,166.99,168.77,166.92,168.19
2024-11-01 11:00:00,168.19,168.69,167.68,167.88
2024-11-01 12:00:00,167.88,169.76,167.69,169.65
2024-11-01 13:00:00,169.65,173,169.16,172.97
2024-11-01 14:00:00,172.96,174,170.5,171.48
2024-11-01 15:00:00,171.49,171.75,163.43,164.09
2024-11-01 16:00:00,164.1,167.67,163.69,166.31
2024-11-01 17:00:00,166.31,167.81,165.9,166.5
2024-11-01 18:00:00,166.49,167.11,165.94,166.18
2024-11-01 19:00:00,166.18,166.83,165.38,166.6
2024-11-01 20:00:00,166.6,167.12,165.61,165.68
2024-11-01 21:00:00,165.67,165.68,163.93,165.26
2024-11-01 22:00:00,165.25,165.93,164.73,165.85
2024-11-01 23:00:00,165.85,166.41,165.58,166.1
2024-11-02 00:00:00,166.11,167.36,166.05,166.87
2024-11-02 01:00:00,166.87,167.75,166.76,167.4
2024-11-02 02:00:00,167.4,168.61,167.21,167.48
2024-11-02 03:00:00,167.49,167.71,166.71,167
2024-11-02 04:00:00,166.99,167.12,166.3,166.32
2024-11-02 05:00:00,166.32,167.01,165.66,166.88
2024-11-02 06:00:00,166.88,167,166.26,166.9
2024-11-02 07:00:00,166.9,167.7,166.45,167.64
2024-11-02 08:00:00,167.63,167.86,166.49,166.61
2024-11-02 09:00:00,166.61,167.11,166.2,166.37
2024-11-02 10:00:00,166.38,166.58,165.92,166.42
2024-11-02 11:00:00,166.41,166.57,165.85,166.04
2024-11-02 12:00:00,166.03,166.44,164.8,164.98
2024-11-02 13:00:00,164.97,165.9,164.14,164.25
2024-11-02 14:00:00,164.25,164.66,162.52,163.46
2024-11-02 15:00:00,163.46,163.94,162.11,163.82
2024-11-02 16:00:00,163.82,165.41,163.59,164.8
2024-11-02 17:00:00,164.8,164.83,163.58,163.98
2024-11-02 18:00:00,163.99,164.28,163,163.96
2024-11-02 19:00:00,163.96,165.36,163.84,165.15
2024-11-02 20:00:00,165.15,166.88,164.94,166.67
2024-11-02 21:00:00,166.66,166.93,166.17,166.2
2024-11-02 22:00:00,166.21,166.68,165.64,165.9
2024-11-02 23:00:00,165.89,166.17,165.2,166.17
2024-11-03 00:00:00,166.16,166.61,165.2,165.2
2024-11-03 01:00:00,165.21,165.45,163.87,163.87
2024-11-03 02:00:00,163.87,164.33,161.04,162.18
2024-11-03 03:00:00,162.19,162.53,160.84,161.94
2024-11-03 04:00:00,161.95,163.63,161.81,163.11
2024-11-03 05:00:00,163.11,163.41,161.98,162
2024-11-03 06:00:00,162.01,163.61,161.79,163.17
2024-11-03 07:00:00,163.17,164.08,162.99,163.53
2024-11-03 08:00:00,163.53,164.03,163.11,163.77
2024-11-03 09:00:00,163.77,164.09,162.65,162.84
2024-11-03 10:00:00,162.85,164.54,162.85,164.14
2024-11-03 11:00:00,164.13,164.85,163.32,163.62
2024-11-03 12:00:00,163.62,164.61,163.19,163.55
2024-11-03 13:00:00,163.56,163.81,160.69,161
2024-11-03 14:00:00,161.01,161.61,158.62,159.31
2024-11-03 15:00:00,159.32,160.26,157.82,159.99
2024-11-03 16:00:00,159.99,161.35,159.38,159.51
2024-11-03 17:00:00,159.5,161.83,159.48,161.03
2024-11-03 18:00:00,161.03,161.34,158.06,158.92
2024-11-03 19:00:00,158.91,161.29,158.82,161.06
2024-11-03 20:00:00,161.06,162.87,160.5,162.73
2024-11-03 21:00:00,162.74,163.83,162.5,163.26
2024-11-03 22:00:00,163.27,163.77,162.33,162.84
2024-11-03 23:00:00,162.83,163.14,161.82,162.53
2024-11-04 00:00:00,162.52,162.53,160.48,161.64
2024-11-04 01:00:00,161.63,163.62,161.22,162.91
2024-11-04 02:00:00,162.91,164.48,162.44,164.46
2024-11-04 03:00:00,164.45,165.04,162.72,162.82
2024-11-04 04:00:00,162.83,163.85,162.77,162.99
2024-11-04 05:00:00,162.99,163.13,161.35,161.49
2024-11-04 06:00:00,161.48,162.75,161.45,162.61
2024-11-04 07:00:00,162.61,162.82,161.4,161.41
2024-11-04 08:00:00,161.41,161.94,160.07,160.65
2024-11-04 09:00:00,160.66,162.03,160.6,161.86
2024-11-04 10:00:00,161.85,163.81,161.59,163.43
2024-11-04 11:00:00,163.43,164.93,163,164.08
2024-11-04 12:00:00,164.08,164.98,163.57,164.2
2024-11-04 13:00:00,164.2,165,163.29,163.34
2024-11-04 14:00:00,163.34,164.4,162.02,162.55
2024-11-04 15:00:00,162.55,163.52,161.62,163.03
2024-11-04 16:00:00,163.04,163.47,159.88,160.19
2024-11-04 17:00:00,160.18,161.66,159.79,160.57
2024-11-04 18:00:00,160.57,161.33,159.14,159.22
2024-11-04 19:00:00,159.22,160.22,159.17,159.59
2024-11-04 20:00:00,159.59,160,158.21,158.35
2024-11-04 21:00:00,158.34,159.16,155.15,155.37
2024-11-04 22:00:00,155.36,158.78,155.11,158.02
2024-11-04 23:00:00,158.02,158.34,157.15,157.95
2024-11-05 00:00:00,157.95,159.12,157.84,158.57
2024-11-05 01:00:00,158.58,158.82,156.86,158.25
2024-11-05 02:00:00,158.25,159.12,157.98,158.27
2024-11-05 03:00:00,158.27,159.71,158.22,159.66
2024-11-05 04:00:00,159.65,160.35,159.35,159.97
2024-11-05 05:00:00,159.97,161.03,159.7,160.78
2024-11-05 06:00:00,160.78,161.07,159.95,160.96
2024-11-05 07:00:00,160.96,162.47,160.65,162.04
2024-11-05 08:00:00,162.04,162.56,161.69,162.55
2024-11-05 09:00:00,162.55,163.08,161.78,161.81
2024-11-05 10:00:00,161.81,161.97,161.03,161.72
2024-11-05 11:00:00,161.72,162.82,161.72,162.39
2024-11-05 12:00:00,162.38,164.25,161.84,163.44
2024-11-05 13:00:00,163.44,163.93,162.81,163.73
2024-11-05 14:00:00,163.73,167.94,163.41,166.9
2024-11-05 15:00:00,166.89,167.56,164.55,165.94
2024-11-05 16:00:00,165.95,168.85,165.64,168.56
2024-11-05 17:00:00,168.56,169.3,166.67,166.72
2024-11-05 18:00:00,166.72,167.35,165.97,166.86
2024-11-05 19:00:00,166.86,167.42,163.36,164.09
2024-11-05 20:00:00,164.09,166.97,163.11,166.83
2024-11-05 21:00:00,166.83,166.96,165.09,165.36
2024-11-05 22:00:00,165.37,167.42,164.49,167.39
2024-11-05 23:00:00,167.39,167.71,166.37,166.62
2024-11-06 00:00:00,166.63,173.09,166.4,172.53
2024-11-06 01:00:00,172.52,174.66,171.6,173.29
2024-11-06 02:00:00,173.29,180,172.57,179.63
2024-11-06 03:00:00,179.63,185,179,184.94
2024-11-06 04:00:00,184.94,188.36,182.69,185.1
2024-11-06 05:00:00,185.08,186.06,183.62,185.22
2024-11-06 06:00:00,185.23,188.13,184.9,185.16
2024-11-06 07:00:00,185.15,188.15,183.04,183.83
2024-11-06 08:00:00,183.82,184.45,180.11,183.16
2024-11-06 09:00:00,183.16,185.05,183.16,184.29
2024-11-06 10:00:00,184.3,185.5,183.56,185.15
2024-11-06 11:00:00,185.14,186.85,184.63,186.72
2024-11-06 12:00:00,186.72,188.7,186.09,186.3
2024-11-06 13:00:00,186.31,187.56,185.47,186.95
2024-11-06 14:00:00,186.94,188.69,184.5,184.94
2024-11-06 15:00:00,184.94,187.81,184.26,185.51
2024-11-06 16:00:00,185.51,186.23,184.74,186.19
2024-11-06 17:00:00,186.18,186.78,185,185.68
2024-11-06 18:00:00,185.67,187.59,185.59,187.57
2024-11-06 19:00:00,187.57,188.37,186.53,188.36
2024-11-06 20:00:00,188.36,188.57,186.42,187.45
2024-11-06 21:00:00,187.45,189.99,186.57,188.86
2024-11-06 22:00:00,188.86,190.01,188.35,189.04
2024-11-06 23:00:00,189.03,189.19,186.55,186.59
2024-11-07 00:00:00,186.59,187.44,185.84,187.27
2024-11-07 01:00:00,187.27,191.85,186.81,189.47
2024-11-07 02:00:00,189.47,191.95,189.35,191.42
2024-11-07 03:00:00,191.43,191.45,188.58,189.08
2024-11-07 04:00:00,189.08,190.04,188.1,188.5
2024-11-07 05:00:00,188.51,188.89,187.68,188.86
2024-11-07 06:00:00,188.86,188.97,186,187.46
2024-11-07 07:00:00,187.45,188.41,187,188.01
2024-11-07 08:00:00,188.01,189.35,187.91,188.97
2024-11-07 09:00:00,188.97,188.99,187.57,188.38
2024-11-07 10:00:00,188.38,188.42,186.57,187.54
2024-11-07 11:00:00,187.53,187.88,185.96,186.04
2024-11-07 12:00:00,186.05,187.97,185.97,187.57
2024-11-07 13:00:00,187.57,188.4,185.96,186.08
2024-11-07 14:00:00,186.08,188.36,185.97,187.67
2024-11-07 15:00:00,187.67,192.78,187.39,192.66
2024-11-07 16:00:00,192.65,194.37,190.94,193.92
2024-11-07 17:00:00,193.91,196.15,192.85,195.95
2024-11-07 18:00:00,195.95,197.84,194.62,196.87
2024-11-07 19:00:00,196.85,197.28,194.26,197
2024-11-07 20:00:00,196.99,197.6,195.83,197.12
2024-11-07 21:00:00,197.12,197.78,196.18,196.22
2024-11-07 22:00:00,196.21,196.84,194.5,195.25
2024-11-07 23:00:00,195.25,196.54,194.13,196.35
2024-11-08 00:00:00,196.36,201,196.35,198.9
2024-11-08 01:00:00,198.9,200.33,197.67,198.29
2024-11-08 02:00:00,198.29,198.5,195.64,195.94
2024-11-08 03:00:00,195.95,198.58,195.74,198.15
2024-11-08 04:00:00,198.16,198.93,197.57,197.77
2024-11-08 05:00:00,197.78,200.18,197.72,199.2
2024-11-08 06:00:00,199.19,199.83,198,198.79
2024-11-08 07:00:00,198.79,200.8,197.39,200.38
2024-11-08 08:00:00,200.38,200.5,198.09,199.26
2024-11-08 09:00:00,199.26,202.86,198.9,202.29
2024-11-08 10:00:00,202.28,204.19,201,203.57
2024-11-08 11:00:00,203.57,205,202.96,203.06
2024-11-08 12:00:00,203.05,204.1,202.34,202.66
2024-11-08 13:00:00,202.65,205,202.16,204.57
2024-11-08 14:00:00,204.56,204.97,199.41,199.61
2024-11-08 15:00:00,199.6,201.99,198.41,200.99
2024-11-08 16:00:00,200.98,201.55,196.96,197.07
2024-11-08 17:00:00,197.07,199.56,196.21,199.14
2024-11-08 18:00:00,199.14,202.1,198.52,199.62
2024-11-08 19:00:00,199.62,201.59,199.53,199.55
2024-11-08 20:00:00,199.54,200.19,197.66,198.47
2024-11-08 21:00:00,198.47,199.15,197.1,198.83
2024-11-08 22:00:00,198.83,199.77,198.27,198.91
2024-11-08 23:00:00,198.92,199.97,198.18,199.85
2024-11-09 00:00:00,199.86,200.12,198.63,199.65
2024-11-09 01:00:00,199.65,200.07,198.7,199.37
2024-11-09 02:00:00,199.36,199.85,197.21,199.55
2024-11-09 03:00:00,199.54,200.26,198.2,198.97
2024-11-09 04:00:00,198.96,200.11,198.96,199.62
2024-11-09 05:00:00,199.63,201.82,199.46,200.94
2024-11-09 06:00:00,200.95,202.41,200.4,200.81
2024-11-09 07:00:00,200.81,200.91,199.64,200.26
2024-11-09 08:00:00,200.27,202.56,199.91,201.43
2024-11-09 09:00:00,201.43,202.62,201.37,201.77
2024-11-09 10:00:00,201.77,203.45,201.38,203.03
2024-11-09 11:00:00,203.02,203.14,201.4,202.18
2024-11-09 12:00:00,202.17,202.56,200,200.01
2024-11-09 13:00:00,200.01,201,199.38,199.59
2024-11-09 14:00:00,199.59,199.6,197.46,198.21
2024-11-09 15:00:00,198.22,198.72,197.35,198.4
2024-11-09 16:00:00,198.39,198.71,196.54,196.75
2024-11-09 17:00:00,196.75,198.1,194.86,198.01
2024-11-09 18:00:00,198.01,198.95,197.77,198.81
2024-11-09 19:00:00,198.82,199.59,197.47,197.75
2024-11-09 20:00:00,197.75,198.65,197.4,198.51
2024-11-09 21:00:00,198.51,199.41,198.03,198.33
2024-11-09 22:00:00,198.33,200.09,198.14,200.05
2024-11-09 23:00:00,200.05,201.99,199.55,199.89
2024-11-10 00:00:00,199.89,201.8,198.68,200.49
2024-11-10 01:00:00,200.49,200.71,198.75,200.1
2024-11-10 02:00:00,200.09,204.91,200,202.39
2024-11-10 03:00:00,202.4,203.31,201.41,201.42
2024-11-10 04:00:00,201.41,205.45,200.92,204.96
2024-11-10 05:00:00,204.95,209,204.33,206.87
2024-11-10 06:00:00,206.86,207.32,204.74,205.72
2024-11-10 07:00:00,205.72,206.78,205.01,205.06
2024-11-10 08:00:00,205.06,205.58,204.02,205.31
2024-11-10 09:00:00,205.31,206.26,204.7,205.31
2024-11-10 10:00:00,205.31,206.12,204.49,205.35
2024-11-10 11:00:00,205.36,207.39,204.75,206.59
2024-11-10 12:00:00,206.59,207.68,203.47,205.49
2024-11-10 13:00:00,205.49,206.83,204.8,206.63
2024-11-10 14:00:00,206.63,209.47,204.36,206.54
2024-11-10 15:00:00,206.55,213.3,205.57,212.23
2024-11-10 16:00:00,212.23,212.75,209,211.05
2024-11-10 17:00:00,211.05,215.27,210.53,212.75
2024-11-10 18:00:00,212.75,214.86,211.88,212.25
2024-11-10 19:00:00,212.25,213.07,206.25,208.47
2024-11-10 20:00:00,208.48,209.54,202.39,202.49
2024-11-10 21:00:00,202.49,208.21,199.73,207.33
2024-11-10 22:00:00,207.33,213.97,206.7,210.53
2024-11-10 23:00:00,210.53,211,208.53,210.07
2024-11-11 00:00:00,210.07,211,209.41,210.67
2024-11-11 01:00:00,210.66,212.38,209.43,210.49
2024-11-11 02:00:00,210.48,211.7,209.5,211.45
2024-11-11 03:00:00,211.44,211.5,208.13,210
2024-11-11 04:00:00,210,210.26,206.43,207.89
2024-11-11 05:00:00,207.89,208.15,204.16,206.14
2024-11-11 06:00:00,206.15,208.22,205.01,207.06
2024-11-11 07:00:00,207.07,208.67,206.48,208.01
2024-11-11 08:00:00,208,209.42,206.6,208.77
2024-11-11 09:00:00,208.77,211.18,208,211.05
2024-11-11 10:00:00,211.06,216.79,210.93,215.7
2024-11-11 11:00:00,215.69,217.67,214.63,217.62
2024-11-11 12:00:00,217.62,219.38,215.3,216.03
2024-11-11 13:00:00,216.03,217.2,214.47,217.04
2024-11-11 14:00:00,217.04,221,216.34,218.81
2024-11-11 15:00:00,218.81,220.69,217.44,219
2024-11-11 16:00:00,219,222,217.65,218
2024-11-11 17:00:00,218,220.45,217.39,219.09
2024-11-11 18:00:00,219.09,219.69,216.61,219.3
2024-11-11 19:00:00,219.3,221.11,216.03,217.82
2024-11-11 20:00:00,217.81,223,217.55,218.75
2024-11-11 21:00:00,218.76,221.22,217.82,218.89
2024-11-11 22:00:00,218.89,220.45,216.67,220.26
2024-11-11 23:00:00,220.26,224,219.51,222.13
2024-11-12 00:00:00,222.12,222.57,215,220.46
2024-11-12 01:00:00,220.46,221.41,218.3,218.98
2024-11-12 02:00:00,218.97,219.93,215.25,217.58
2024-11-12 03:00:00,217.59,220.86,216.46,220.64
2024-11-12 04:00:00,220.63,221.5,218.42,218.44
2024-11-12 05:00:00,218.44,220.24,216.02,217.77
2024-11-12 06:00:00,217.77,221,217.43,219.92
2024-11-12 07:00:00,219.91,221.92,218.6,221.84
2024-11-12 08:00:00,221.84,224.95,220.59,224.86
2024-11-12 09:00:00,224.86,225.21,215.68,215.7
2024-11-12 10:00:00,215.7,217.45,208.49,213.16
2024-11-12 11:00:00,213.15,215.75,210.84,211.13
2024-11-12 12:00:00,211.12,213.98,207.27,208.93
2024-11-12 13:00:00,208.93,210.25,204.71,209.62
2024-11-12 14:00:00,209.62,213.38,206.87,213.3
2024-11-12 15:00:00,213.3,213.62,209.93,210.53
2024-11-12 16:00:00,210.54,212.52,206.61,211.58
2024-11-12 17:00:00,211.59,212.7,209.56,209.62
2024-11-12 18:00:00,209.63,214.35,209.61,213.25
2024-11-12 19:00:00,213.24,215.35,212.87,213.17
2024-11-12 20:00:00,213.17,213.81,211.58,212.86
2024-11-12 21:00:00,212.85,213.6,210.08,212.94
2024-11-12 22:00:00,212.94,215.46,211.79,215.05
2024-11-12 23:00:00,215.04,215.07,211.43,211.64
2024-11-13 00:00:00,211.63,213.2,210.33,210.54
2024-11-13 01:00:00,210.53,211.93,207.78,210.39
2024-11-13 02:00:00,210.4,210.72,204.38,207.4
2024-11-13 03:00:00,207.39,208.16,203.02,203.18
2024-11-13 04:00:00,203.19,205.67,200.67,205.24
2024-11-13 05:00:00,205.24,207.27,203.77,204.52
2024-11-13 06:00:00,204.52,206.42,201.68,202.25
2024-11-13 07:00:00,202.25,205.69,201.44,205.22
2024-11-13 08:00:00,205.22,207.1,203.85,205.84
2024-11-13 09:00:00,205.84,208,205.18,206.3
2024-11-13 10:00:00,206.3,208.44,205.62,207.22
2024-11-13 11:00:00,207.23,209.45,206.84,207.71
2024-11-13 12:00:00,207.71,208.51,205.95,207.47
2024-11-13 13:00:00,207.47,215.29,206.42,212.42
2024-11-13 14:00:00,212.43,217.3,209.87,216.71
2024-11-13 15:00:00,216.72,217.04,211.54,216.4
2024-11-13 16:00:00,216.39,218.34,212.63,217.12
2024-11-13 17:00:00,217.13,220.44,215.9,218.97
2024-11-13 18:00:00,218.97,220,216.7,219.59
2024-11-13 19:00:00,219.6,220.29,210.31,210.87
2024-11-13 20:00:00,210.87,214.33,208.12,211.7
2024-11-13 21:00:00,211.7,212.04,205.93,210.14
2024-11-13 22:00:00,210.14,214.46,209.47,213.05
2024-11-13 23:00:00,213.04,215.5,211.94,215.13
2024-11-14 00:00:00,215.14,215.74,213.05,213.23
2024-11-14 01:00:00,213.23,216.1,212.05,216.05
2024-11-14 02:00:00,216.05,216.31,213.19,214.9
2024-11-14 03:00:00,214.89,219.5,212.78,219.44
2024-11-14 04:00:00,219.44,220.25,216.94,219.98
2024-11-14 05:00:00,219.99,220.09,217.23,218.93
2024-11-14 06:00:00,218.93,220.73,215.81,215.82
2024-11-14 07:00:00,215.82,219,215.16,218.12
2024-11-14 08:00:00,218.12,220.94,217.6,219.34
2024-11-14 09:00:00,219.34,222.8,219.29,221.72
2024-11-14 10:00:00,221.71,222.1,217.01,217.42
2024-11-14 11:00:00,217.42,217.86,213.51,216.04
2024-11-14 12:00:00,216.03,217.5,215.04,216.35
2024-11-14 13:00:00,216.34,217.8,213.51,214.29
2024-11-14 14:00:00,214.28,217.96,210.38,210.48
2024-11-14 15:00:00,210.49,213.53,209.03,210.84
2024-11-14 16:00:00,210.84,217.12,209.85,217.04
2024-11-14 17:00:00,217.04,217.08,214.4,215.41
2024-11-14 18:00:00,215.41,216.79,213.93,214.49
2024-11-14 19:00:00,214.49,216.22,214.31,215.62
2024-11-14 20:00:00,215.61,215.61,212.01,213.69
2024-11-14 21:00:00,213.69,215.27,212.07,214.53
2024-11-14 22:00:00,214.53,214.87,210.01,212.07
2024-11-14 23:00:00,212.06,212.69,206.78,209.57
2024-11-15 00:00:00,209.57,212.88,209.25,209.8
2024-11-15 01:00:00,209.8,211.13,208.34,209.98
2024-11-15 02:00:00,209.98,210.67,208.03,210.22
2024-11-15 03:00:00,210.23,210.67,208.86,209.02
2024-11-15 04:00:00,209.01,209.13,204.48,205.87
2024-11-15 05:00:00,205.87,208.68,204.91,208.48
2024-11-15 06:00:00,208.48,210.42,208.47,209.89
2024-11-15 07:00:00,209.89,210.66,209.17,209.18
2024-11-15 08:00:00,209.19,211.36,207.82,211.32
2024-11-15 09:00:00,211.32,213.44,211,213.06
2024-11-15 10:00:00,213.06,213.93,212.4,213.37
2024-11-15 11:00:00,213.37,213.73,212.25,213.58
2024-11-15 12:00:00,213.57,215.14,212.75,213.97
2024-11-15 13:00:00,213.97,214.98,213.1,214.74
2024-11-15 14:00:00,214.73,215.33,210.2,211.28
2024-11-15 15:00:00,211.26,211.26,206.71,208.32
2024-11-15 16:00:00,208.32,211.33,208.04,209.6
2024-11-15 17:00:00,209.6,212.45,209.28,210.77
2024-11-15 18:00:00,210.77,211.4,208.98,210.64
2024-11-15 19:00:00,210.64,213.52,210.35,212.38
2024-11-15 20:00:00,212.38,216,212.25,215.99
2024-11-15 21:00:00,215.99,219.4,215.52,218.78
2024-11-15 22:00:00,218.77,219.65,217.53,218.24
2024-11-15 23:00:00,218.23,220.5,218.11,218.45
2024-11-16 00:00:00,218.44,218.58,215.88,217.1
2024-11-16 01:00:00,217.11,218.95,216.95,218.43
2024-11-16 02:00:00,218.42,219.96,218.09,218.84
2024-11-16 03:00:00,218.84,221.61,218.64,221.35
2024-11-16 04:00:00,221.34,221.8,219.68,219.92
2024-11-16 05:00:00,219.93,221.99,219.48,220.9
2024-11-16 06:00:00,220.9,220.96,218.45,218.58
2024-11-16 07:00:00,218.59,220.19,218.53,218.91
2024-11-16 08:00:00,218.91,219.62,218.02,219.38
2024-11-16 09:00:00,219.38,219.76,217.46,217.57
2024-11-16 10:00:00,217.57,219.07,217.28,218.38
2024-11-16 11:00:00,218.38,218.93,216.61,218.9
2024-11-16 12:00:00,218.9,221.8,216.2,219.26
2024-11-16 13:00:00,219.25,221.15,217.73,217.88
2024-11-16 14:00:00,217.88,219.16,216.6,217.23
2024-11-16 15:00:00,217.23,217.47,213.72,215.03
2024-11-16 16:00:00,215.03,215.96,213.35,214.42
2024-11-16 17:00:00,214.41,216.3,213.68,215.54
2024-11-16 18:00:00,215.53,216.91,214.98,216.5
2024-11-16 19:00:00,216.5,217,215.81,216.27
2024-11-16 20:00:00,216.27,216.92,214.73,215.33
2024-11-16 21:00:00,215.33,217,215.03,216.98
2024-11-16 22:00:00,216.98,217.36,214.1,214.2
2024-11-16 23:00:00,214.19,216.24,214.01,215.71
2024-11-17 00:00:00,215.72,218.55,215.56,217.7
2024-11-17 01:00:00,217.71,219.5,214.24,216.15
2024-11-17 02:00:00,216.15,217.37,212.1,216.17
2024-11-17 03:00:00,216.17,221.5,215,221.37
2024-11-17 04:00:00,221.37,236,221.37,235.08
2024-11-17 05:00:00,235.07,239.63,234.18,236.59
2024-11-17 06:00:00,236.58,239.9,235.61,239.43
2024-11-17 07:00:00,239.43,239.8,236.5,237.23
2024-11-17 08:00:00,237.22,242.33,237.22,237.74
2024-11-17 09:00:00,237.74,238.75,235.65,238.15
2024-11-17 10:00:00,238.15,241.29,237.42,240.67
2024-11-17 11:00:00,240.66,241.75,234.29,234.81
2024-11-17 12:00:00,234.81,236.01,231.56,234.8
2024-11-17 13:00:00,234.79,234.97,229.4,231.47
2024-11-17 14:00:00,231.46,233.96,231.01,233.4
2024-11-17 15:00:00,233.4,235.18,232.3,233.96
2024-11-17 16:00:00,233.96,234.75,232.29,233.48
2024-11-17 17:00:00,233.48,234.79,231.51,233.86
2024-11-17 18:00:00,233.87,234.58,231.21,232.74
2024-11-17 19:00:00,232.75,235.59,231.64,235.4
2024-11-17 20:00:00,235.4,237.24,233.79,235.87
2024-11-17 21:00:00,235.87,236.72,232.71,233.05
2024-11-17 22:00:00,233.04,235.8,231.59,234.74
2024-11-17 23:00:00,234.73,238.4,233.33,237.47
2024-11-18 00:00:00,237.47,238.56,234.01,235.11
2024-11-18 01:00:00,235.1,239.84,234.38,237.56
2024-11-18 02:00:00,237.56,240,237.23,239.67
2024-11-18 03:00:00,239.67,244.47,237.15,244.18
2024-11-18 04:00:00,244.18,245.27,240.59,242.5
2024-11-18 05:00:00,242.49,244.44,241.51,243.1
2024-11-18 06:00:00,243.1,243.75,241.28,241.95
2024-11-18 07:00:00,241.96,242.57,239.39,242.05
2024-11-18 08:00:00,242.06,243.14,239.74,242.65
2024-11-18 09:00:00,242.66,245.65,241.19,244.7
2024-11-18 10:00:00,244.69,248.44,243.65,247.34
2024-11-18 11:00:00,247.34,247.39,241.49,242.5
2024-11-18 12:00:00,242.51,244.27,241.26,243.02
2024-11-18 13:00:00,243.01,243.86,238.26,238.71
2024-11-18 14:00:00,238.7,245,238.04,241.67
2024-11-18 15:00:00,241.66,244.98,240.36,243.33
2024-11-18 16:00:00,243.33,243.94,238.32,240.04
2024-11-18 17:00:00,240.03,242.32,237.06,239.79
2024-11-18 18:00:00,239.79,241.91,237.05,238.51
2024-11-18 19:00:00,238.51,238.89,234.26,236.28
2024-11-18 20:00:00,236.29,240.44,235.7,238.68
2024-11-18 21:00:00,238.69,240.9,238.11,238.31
2024-11-18 22:00:00,238.3,240.5,238.25,239.43
2024-11-18 23:00:00,239.43,240.3,237.75,239.79
2024-11-19 00:00:00,239.79,240.96,237.54,239.58
2024-11-19 01:00:00,239.57,240.71,238.44,238.66
2024-11-19 02:00:00,238.65,241.35,238.21,241.35
2024-11-19 03:00:00,241.36,243.39,240.44,240.61
2024-11-19 04:00:00,240.6,241.13,238.7,239.86
2024-11-19 05:00:00,239.86,242.27,239.3,240.93
2024-11-19 06:00:00,240.93,243.22,240.66,243.22
2024-11-19 07:00:00,243.22,244.62,242.5,243.32
2024-11-19 08:00:00,243.32,245.35,242.89,244.52
2024-11-19 09:00:00,244.51,246.18,241.93,244.92
2024-11-19 10:00:00,244.92,246,244.35,245.98
2024-11-19 11:00:00,245.99,247,245.47,246.07
2024-11-19 12:00:00,246.07,247.5,244.54,245.24
2024-11-19 13:00:00,245.24,245.47,239.86,239.99
2024-11-19 14:00:00,239.99,240.77,238.36,239.51
2024-11-19 15:00:00,239.52,241.26,238.45,240.58
2024-11-19 16:00:00,240.59,242.4,240.09,242.05
2024-11-19 17:00:00,242.05,243.3,240.71,242.99
2024-11-19 18:00:00,243,244.54,242,243.56
2024-11-19 19:00:00,243.57,244.53,242.08,243.54
2024-11-19 20:00:00,243.54,244.23,238.54,239.68
2024-11-19 21:00:00,239.68,240.43,234.42,236.49
2024-11-19 22:00:00,236.49,237.21,233.4,235.45
2024-11-19 23:00:00,235.46,237.91,234.8,237.63
2024-11-20 00:00:00,237.64,237.73,235.5,236.93
2024-11-20 01:00:00,236.94,237.91,234.22,234.8
2024-11-20 02:00:00,234.8,235.06,232.32,232.87
2024-11-20 03:00:00,232.88,233.88,230.37,233.81
2024-11-20 04:00:00,233.81,234,231.47,233.63
2024-11-20 05:00:00,233.62,235.11,232.64,234.95
2024-11-20 06:00:00,234.96,235.64,234.28,234.67
2024-11-20 07:00:00,234.66,236.36,234.13,235.94
2024-11-20 08:00:00,235.94,238.78,235.5,237.54
2024-11-20 09:00:00,237.56,238.41,236.54,237.56
2024-11-20 10:00:00,237.55,238.37,236.48,236.73
2024-11-20 11:00:00,236.72,238.37,234.77,237.55
2024-11-20 12:00:00,237.55,238.61,235.51,236.43
2024-11-20 13:00:00,236.43,238.8,235.5,238.49
2024-11-20 14:00:00,238.49,242.54,238.09,240.08
2024-11-20 15:00:00,240.08,240.62,235.9,238.37
2024-11-20 16:00:00,238.37,239.14,232.36,234.7
2024-11-20 17:00:00,234.71,235.61,231.72,231.81
2024-11-20 18:00:00,231.82,234.23,231.01,233.13
2024-11-20 19:00:00,233.12,233.37,230.95,233
2024-11-20 20:00:00,233,235.44,231.73,234.98
2024-11-20 21:00:00,234.97,238.06,234.32,236.56
2024-11-20 22:00:00,236.56,237.99,235.2,236.44
2024-11-20 23:00:00,236.43,237.36,234.86,235.48
2024-11-21 00:00:00,235.48,238.3,234.89,237.75
2024-11-21 01:00:00,237.74,238.7,236.36,236.37
2024-11-21 02:00:00,236.37,236.54,229.6,232.15
2024-11-21 03:00:00,232.15,236.89,231.7,235.82
2024-11-21 04:00:00,235.82,241.83,235.66,240.38
2024-11-21 05:00:00,240.39,242,238.24,239.11
2024-11-21 06:00:00,239.11,239.36,236.83,238.09
2024-11-21 07:00:00,238.09,242.78,238.09,241.47
2024-11-21 08:00:00,241.48,242.62,240.79,242.09
2024-11-21 09:00:00,242.08,243.49,241.49,241.78
2024-11-21 10:00:00,241.77,242.77,240.25,241.88
2024-11-21 11:00:00,241.88,242.58,239.79,239.97
2024-11-21 12:00:00,239.98,246.14,239.95,242.48
2024-11-21 13:00:00,242.48,248.63,242.41,245.33
2024-11-21 14:00:00,245.33,253,242.55,251.63
2024-11-21 15:00:00,251.63,252.49,243.42,248.86
2024-11-21 16:00:00,248.87,255.34,248.3,254.76
2024-11-21 17:00:00,254.75,258.99,253.27,257.31
2024-11-21 18:00:00,257.29,259.28,256.1,258.27
2024-11-21 19:00:00,258.27,259.8,253.4,253.93
2024-11-21 20:00:00,253.93,256.89,252.92,254.23
2024-11-21 21:00:00,254.23,255.53,252.89,253.12
2024-11-21 22:00:00,253.11,255.32,253.11,254.92
2024-11-21 23:00:00,254.92,257.5,254.81,256.37
2024-11-22 00:00:00,256.38,258.69,253.96,254.4
2024-11-22 01:00:00,254.4,257.25,252.37,255.05
2024-11-22 02:00:00,255.06,259.67,255.05,257.92
2024-11-22 03:00:00,257.92,264.39,257.01,262.48
2024-11-22 04:00:00,262.48,262.8,260.05,260.82
2024-11-22 05:00:00,260.81,262.59,259.5,260.53
2024-11-22 06:00:00,260.52,261.13,257.84,259.15
2024-11-22 07:00:00,259.15,261.01,258.45,259.22
2024-11-22 08:00:00,259.23,260.96,258.54,259.82
2024-11-22 09:00:00,259.83,259.97,258.3,258.47
2024-11-22 10:00:00,258.46,259.02,256.5,257.21
2024-11-22 11:00:00,257.21,259.51,256.23,259.26
2024-11-22 12:00:00,259.26,260.35,258.5,259.96
2024-11-22 13:00:00,259.95,259.99,252.93,254.96
2024-11-22 14:00:00,254.96,257.03,252.48,253.34
2024-11-22 15:00:00,253.35,256.65,252.85,256.38
2024-11-22 16:00:00,256.38,256.38,253.92,255.16
2024-11-22 17:00:00,255.15,255.99,253.91,254.37
2024-11-22 18:00:00,254.37,255.06,251.47,252.9
2024-11-22 19:00:00,252.91,255.37,251.48,254.04
2024-11-22 20:00:00,254.04,255.44,253.28,255.15
2024-11-22 21:00:00,255.16,257.91,253.59,257.26
2024-11-22 22:00:00,257.26,257.48,254.6,254.84
2024-11-22 23:00:00,254.84,256.9,254.46,256.9
2024-11-23 00:00:00,256.9,257.73,255.3,255.45
2024-11-23 01:00:00,255.46,257.74,254.55,256.57
2024-11-23 02:00:00,256.57,256.66,253.34,254.26
2024-11-23 03:00:00,254.25,257.34,253.46,257.2
2024-11-23 04:00:00,257.2,264,256.9,262.11
2024-11-23 05:00:00,262.1,263.49,258.13,259.9
2024-11-23 06:00:00,259.89,260.3,258.54,259.21
2024-11-23 07:00:00,259.21,260.48,257.42,258.26
2024-11-23 08:00:00,258.27,259.46,257.5,257.98
2024-11-23 09:00:00,257.97,259.07,257.42,258.16
2024-11-23 10:00:00,258.16,258.83,256.5,256.76
2024-11-23 11:00:00,256.77,257.36,255.8,256.14
2024-11-23 12:00:00,256.13,258.3,255.91,257.55
2024-11-23 13:00:00,257.56,260.18,257.54,259.79
2024-11-23 14:00:00,259.79,263.37,258.7,262.83
2024-11-23 15:00:00,262.82,263.6,259.52,259.71
2024-11-23 16:00:00,259.71,260.3,254.72,256.64
2024-11-23 17:00:00,256.65,258.16,254.76,257.21
2024-11-23 18:00:00,257.2,257.21,255.35,256.14
2024-11-23 19:00:00,256.15,256.72,254.15,254.39
2024-11-23 20:00:00,254.38,255.49,252.69,255.46
2024-11-23 21:00:00,255.47,255.76,254.21,255.33
2024-11-23 22:00:00,255.34,256.06,254.5,254.95
2024-11-23 23:00:00,254.96,255.32,252.9,254.89
2024-11-24 00:00:00,254.9,258.38,254.49,258.15
2024-11-24 01:00:00,258.15,259.78,257.88,258.67
2024-11-24 02:00:00,258.68,259.52,258.16,258.41
2024-11-24 03:00:00,258.41,259.15,257.32,258.57
2024-11-24 04:00:00,258.58,259.2,255.64,256.86
2024-11-24 05:00:00,256.86,257.25,254.06,255.15
2024-11-24 06:00:00,255.16,256.48,254.16,256.15
2024-11-24 07:00:00,256.15,256.7,255.47,256.63
2024-11-24 08:00:00,256.63,256.75,253.85,254.01
2024-11-24 09:00:00,254.02,255.2,253,254.4
2024-11-24 10:00:00,254.39,254.57,248.55,251.95
2024-11-24 11:00:00,251.95,252.3,248,248.39
2024-11-24 12:00:00,248.39,250.21,240.93,244.81
2024-11-24 13:00:00,244.82,249.01,243.33,247.64
2024-11-24 14:00:00,247.64,247.81,244.3,247.31
2024-11-24 15:00:00,247.31,247.69,244.03,244.17
2024-11-24 16:00:00,244.18,248.65,243.66,246.84
2024-11-24 17:00:00,246.84,248.09,245.37,247.55
2024-11-24 18:00:00,247.54,250.44,247.05,249.74
2024-11-24 19:00:00,249.74,249.88,247.6,248.58
2024-11-24 20:00:00,248.57,254,248.14,250.75
2024-11-24 21:00:00,250.75,251.48,249.5,251
2024-11-24 22:00:00,250.99,253.47,250.71,253.47
2024-11-24 23:00:00,253.46,254.76,252.32,252.73
2024-11-25 00:00:00,252.74,253.18,250.5,251.06
2024-11-25 01:00:00,251.06,251.4,245.7,248.55
2024-11-25 02:00:00,248.55,251.57,248.39,249.97
2024-11-25 03:00:00,249.98,252.86,249.73,252.46
2024-11-25 04:00:00,252.45,253.82,251.89,252.38
2024-11-25 05:00:00,252.38,254.05,252.35,253.19
2024-11-25 06:00:00,253.19,253.96,251.66,251.91
2024-11-25 07:00:00,251.91,254.06,251.65,253.28
2024-11-25 08:00:00,253.28,255.2,253.04,254.75
2024-11-25 09:00:00,254.76,256.7,254.56,254.83
2024-11-25 10:00:00,254.83,255.67,253.09,253.9
2024-11-25 11:00:00,253.9,253.95,251.26,252.17
2024-11-25 12:00:00,252.17,252.55,250.2,251.11
2024-11-25 13:00:00,251.1,251.74,246.58,248.05
2024-11-25 14:00:00,248.05,248.98,242.01,242.06
2024-11-25 15:00:00,242.06,247.37,235.04,244.97
2024-11-25 16:00:00,244.97,246.13,241.41,243.01
2024-11-25 17:00:00,243.02,243.06,237.26,239.92
2024-11-25 18:00:00,239.93,242.1,238.76,239.94
2024-11-25 19:00:00,239.94,241,237.59,239.65
2024-11-25 20:00:00,239.65,241.15,238.43,239.91
2024-11-25 21:00:00,239.91,240.81,235.37,238.67
2024-11-25 22:00:00,238.67,238.67,231.21,236.75
2024-11-25 23:00:00,236.74,237.87,233.71,234.18
2024-11-26 00:00:00,234.18,238.78,233.57,235.42
2024-11-26 01:00:00,235.42,237.94,235.33,237.5
2024-11-26 02:00:00,237.49,239.62,237.09,238.74
2024-11-26 03:00:00,238.75,238.88,235.99,237.45
2024-11-26 04:00:00,237.44,237.89,235.91,237.2
2024-11-26 05:00:00,237.19,238.75,236.51,238.72
2024-11-26 06:00:00,238.72,239.66,237.72,238.31
2024-11-26 07:00:00,238.32,238.35,234.97,235.73
2024-11-26 08:00:00,235.72,235.89,230.83,232.65
2024-11-26 09:00:00,232.65,236.6,232.29,233.98
2024-11-26 10:00:00,233.98,234.83,226.94,227
2024-11-26 11:00:00,227.01,228.5,221.8,227.73
2024-11-26 12:00:00,227.73,229.77,225.82,227.69
2024-11-26 13:00:00,227.68,229.67,226.11,227.9
2024-11-26 14:00:00,227.91,232.64,225.81,230.79
2024-11-26 15:00:00,230.79,231.68,227.08,227.36
2024-11-26 16:00:00,227.36,232.49,226.61,231.76
2024-11-26 17:00:00,231.76,231.84,229.74,230.19
2024-11-26 18:00:00,230.19,230.3,223.4,225.9
2024-11-26 19:00:00,225.91,229.06,225.36,229.03
2024-11-26 20:00:00,229.03,231.84,227.4,230.7
2024-11-26 21:00:00,230.71,231.57,228.99,230.22
2024-11-26 22:00:00,230.25,232.2,229.74,229.92
2024-11-26 23:00:00,229.92,231.26,229.48,230.69
2024-11-27 00:00:00,230.69,232.75,229.31,229.62
2024-11-27 01:00:00,229.62,232.3,228.14,232.11
2024-11-27 02:00:00,232.12,233.81,230,233.71
2024-11-27 03:00:00,233.72,233.76,231.25,231.51
2024-11-27 04:00:00,231.51,233.78,229.64,229.99
2024-11-27 05:00:00,230,230.03,227.51,228.78
2024-11-27 06:00:00,228.78,231.94,228.76,230.65
2024-11-27 07:00:00,230.64,234.99,230.43,234.34
2024-11-27 08:00:00,234.35,234.45,233.03,233.46
2024-11-27 09:00:00,233.46,233.87,232.04,233.62
2024-11-27 10:00:00,233.62,237.08,232.77,235.92
2024-11-27 11:00:00,235.92,236.33,234.09,235
2024-11-27 12:00:00,234.99,235.27,232.61,234.63
2024-11-27 13:00:00,234.63,237.8,234,237.8
2024-11-27 14:00:00,237.79,240,236.51,239.39
2024-11-27 15:00:00,239.39,240.91,237.58,240.59
2024-11-27 16:00:00,240.59,241.14,238.27,238.75
2024-11-27 17:00:00,238.74,240.11,237.71,239.82
2024-11-27 18:00:00,239.82,240.56,238.99,239.51
2024-11-27 19:00:00,239.52,240.43,238.63,239.07
2024-11-27 20:00:00,239.06,243,238.78,241.66
2024-11-27 21:00:00,241.67,242.44,239.36,240.06
2024-11-27 22:00:00,240.06,242.11,239.78,240.67
2024-11-27 23:00:00,240.67,243.33,240.25,241.96
2024-11-28 00:00:00,241.96,245.28,240.54,245.1
2024-11-28 01:00:00,245.11,245.11,242.1,243.61
2024-11-28 02:00:00,243.61,244.99,241.86,242.14
2024-11-28 03:00:00,242.13,242.85,238.1,240.01
2024-11-28 04:00:00,240.01,241.15,239.22,240.15
2024-11-28 05:00:00,240.14,240.83,237.72,238.32
2024-11-28 06:00:00,238.33,238.87,236.61,238.46
2024-11-28 07:00:00,238.45,239.55,237.36,238.02
2024-11-28 08:00:00,238.03,239.14,236.56,238.65
2024-11-28 09:00:00,238.64,238.82,235.63,235.75
2024-11-28 10:00:00,235.76,236.76,234.37,235.61
2024-11-28 11:00:00,235.61,237.55,234.51,236.9
2024-11-28 12:00:00,236.89,237.24,234.84,235.88
2024-11-28 13:00:00,235.88,236.89,234.01,236.47
2024-11-28 14:00:00,236.46,237.73,234.73,235.26
2024-11-28 15:00:00,235.25,236.05,232.8,233.06
2024-11-28 16:00:00,233.06,235.75,233.06,234.76
2024-11-28 17:00:00,234.75,236.4,234.75,235.2
2024-11-28 18:00:00,235.21,237.04,235.21,236.67
2024-11-28 19:00:00,236.66,236.66,234.57,235.47
2024-11-28 20:00:00,235.47,236.16,234.9,235.76
2024-11-28 21:00:00,235.76,236.66,235.51,235.81
2024-11-28 22:00:00,235.81,238,235.61,237.96
2024-11-28 23:00:00,237.95,238.35,236.88,237.59
2024-11-29 00:00:00,237.58,238.8,236.71,236.88
2024-11-29 01:00:00,236.88,238.3,236.55,238
2024-11-29 02:00:00,238,241.55,237.97,241.5
2024-11-29 03:00:00,241.5,243.11,241.14,241.98
2024-11-29 04:00:00,241.97,242.18,240.2,240.51
2024-11-29 05:00:00,240.51,242.2,240.11,240.57
2024-11-29 06:00:00,240.57,241.28,239.84,240.72
2024-11-29 07:00:00,240.72,241.54,237.54,237.65
2024-11-29 08:00:00,237.66,239.17,237.66,238.98
2024-11-29 09:00:00,238.98,240.86,238.74,240.42
2024-11-29 10:00:00,240.42,241.8,240.26,241.77
2024-11-29 11:00:00,241.77,245.49,241.47,245.22
2024-11-29 12:00:00,245.22,246.77,242.09,243.06
2024-11-29 13:00:00,243.06,243.83,242.43,243.48
2024-11-29 14:00:00,243.49,245.03,242.58,245.02
2024-11-29 15:00:00,245.02,246.59,242.56,243.5
2024-11-29 16:00:00,243.51,244.55,241.92,241.94
2024-11-29 17:00:00,241.94,242.27,240.2,240.23
2024-11-29 18:00:00,240.22,242.44,239.97,241.94
2024-11-29 19:00:00,241.93,241.94,240.08,241.14
2024-11-29 20:00:00,241.14,242.79,240.95,242.48
2024-11-29 21:00:00,242.47,244.38,242.24,244.31
2024-11-29 22:00:00,244.31,245.3,243.76,243.82
2024-11-29 23:00:00,243.81,244.82,243.15,243.33
2024-11-30 00:00:00,243.33,243.35,240.19,240.56
2024-11-30 01:00:00,240.56,241.33,239.01,240.25
2024-11-30 02:00:00,240.25,242.13,240,241.95
2024-11-30 03:00:00,241.95,243.25,241.13,242.88
2024-11-30 04:00:00,242.89,243.24,241.96,242.24
2024-11-30 05:00:00,242.23,243.92,241.57,243.72
2024-11-30 06:00:00,243.72,244.82,242.03,242.74
2024-11-30 07:00:00,242.75,245.13,242.09,244.23
2024-11-30 08:00:00,244.22,245.4,243.39,244.18
2024-11-30 09:00:00,244.17,244.96,243.12,243.75
2024-11-30 10:00:00,243.74,243.88,240.18,240.38
2024-11-30 11:00:00,240.37,242.17,240.06,241.46
2024-11-30 12:00:00,241.47,243.08,241.18,242.43
2024-11-30 13:00:00,242.43,242.68,240.43,240.51
2024-11-30 14:00:00,240.5,241.61,238.92,239.13
2024-11-30 15:00:00,239.13,240.19,238.65,239.87
2024-11-30 16:00:00,239.87,240.55,239.05,240.1
2024-11-30 17:00:00,240.1,240.12,238.82,239.83
2024-11-30 18:00:00,239.83,240.2,238.84,239.72
2024-11-30 19:00:00,239.73,240.36,238.99,239.92
2024-11-30 20:00:00,239.91,241,239.58,240.93
2024-11-30 21:00:00,240.93,241.17,240.26,240.57
2024-11-30 22:00:00,240.57,240.59,237.91,238.41
2024-11-30 23:00:00,238.4,239.27,237.5,237.6
2024-12-01 00:00:00,237.6,239.89,237.01,237.57
2024-12-01 01:00:00,237.57,239.68,236.51,236.89
2024-12-01 02:00:00,236.9,237.4,234.1,234.56
2024-12-01 03:00:00,234.57,236.45,234.5,235.67
2024-12-01 04:00:00,235.66,236.89,235.04,236.72
2024-12-01 05:00:00,236.71,236.76,235.21,235.31
2024-12-01 06:00:00,235.31,236.46,235.02,235.61
2024-12-01 07:00:00,235.6,236.44,235.3,235.46
2024-12-01 08:00:00,235.46,238.74,235.35,238.5
2024-12-01 09:00:00,238.5,238.67,236.82,237.56
2024-12-01 10:00:00,237.55,237.63,235.52,236.16
2024-12-01 11:00:00,236.16,237.28,236.06,237.09
2024-12-01 12:00:00,237.09,237.36,236.52,236.96
2024-12-01 13:00:00,236.96,238.45,236.15,237.85
2024-12-01 14:00:00,237.84,238.73,236.81,238.1
2024-12-01 15:00:00,238.1,239.32,237.17,238.5
2024-12-01 16:00:00,238.51,239.41,238,238.08
2024-12-01 17:00:00,238.08,238.09,236.17,237.02
2024-12-01 18:00:00,237.01,237.62,235.94,236.18
2024-12-01 19:00:00,236.18,236.99,235.05,236.29
2024-12-01 20:00:00,236.28,236.62,234.2,235.7
2024-12-01 21:00:00,235.71,237.63,235.14,237.24
2024-12-01 22:00:00,237.25,238.77,236.42,238.28
2024-12-01 23:00:00,238.27,239.08,236.5,236.8
2024-12-02 00:00:00,236.79,237.06,234.5,235
2024-12-02 01:00:00,235,237.92,234.56,237.75
2024-12-02 02:00:00,237.74,238.2,233.37,234.04
2024-12-02 03:00:00,234.04,234.64,228,228.47
2024-12-02 04:00:00,228.46,230.21,226.3,229.37
2024-12-02 05:00:00,229.38,230.3,227.94,228.5
2024-12-02 06:00:00,228.5,228.7,225.93,228.36
2024-12-02 07:00:00,228.37,229.18,226.85,228.62
2024-12-02 08:00:00,228.62,228.8,223.09,225.73
2024-12-02 09:00:00,225.73,227.89,225.25,227.82
2024-12-02 10:00:00,227.82,227.86,222.84,223.59
2024-12-02 11:00:00,223.58,225.33,222.97,224.77
2024-12-02 12:00:00,224.78,225.46,221.61,222.11
2024-12-02 13:00:00,222.11,225.82,221.7,225.82
2024-12-02 14:00:00,225.81,227.77,224.5,225.7
2024-12-02 15:00:00,225.7,229.6,224.47,229.21
2024-12-02 16:00:00,229.21,229.94,224.28,226.24
2024-12-02 17:00:00,226.24,227.14,220,220.5
2024-12-02 18:00:00,220.5,224.31,220.4,223.51
2024-12-02 19:00:00,223.51,223.98,220.49,223.98
2024-12-02 20:00:00,223.97,225.13,222.11,222.93
2024-12-02 21:00:00,222.93,223.64,221.21,222.18
2024-12-02 22:00:00,222.17,224.65,221.7,224.44
2024-12-02 23:00:00,224.44,225.86,224.05,225.72
2024-12-03 00:00:00,225.73,226.54,224.38,225.69
2024-12-03 01:00:00,225.68,226.6,223.79,224.03
2024-12-03 02:00:00,224.03,229.32,223.15,228.26
2024-12-03 03:00:00,228.26,228.54,227.1,227.95
2024-12-03 04:00:00,227.95,229.3,227.35,228.44
2024-12-03 05:00:00,228.44,228.6,227.17,228.11
2024-12-03 06:00:00,228.11,230.98,226.4,227.16
2024-12-03 07:00:00,227.16,227.95,225.14,226.92
2024-12-03 08:00:00,226.92,228.5,225.74,226.96
2024-12-03 09:00:00,226.95,226.95,223.8,224.91
2024-12-03 10:00:00,224.91,226.04,222.9,223.26
2024-12-03 11:00:00,223.26,225.96,223,225.59
2024-12-03 12:00:00,225.58,225.7,223.8,224.28
2024-12-03 13:00:00,224.28,224.7,215.73,218.24
2024-12-03 14:00:00,218.24,224.51,215,224.26
2024-12-03 15:00:00,224.26,226.34,222.05,223.22
2024-12-03 16:00:00,223.21,225.09,221.51,223
2024-12-03 17:00:00,222.99,224.73,220.27,224.6
2024-12-03 18:00:00,224.6,227.58,223.78,227.05
2024-12-03 19:00:00,227.05,228.43,224.62,228.16
2024-12-03 20:00:00,228.16,230.1,227.73,228.63
2024-12-03 21:00:00,228.64,239.6,227.87,237.47
2024-12-03 22:00:00,237.47,237.8,234.34,236.8
2024-12-03 23:00:00,236.8,236.86,228.8,233.92
2024-12-04 00:00:00,233.92,239.6,233.92,237.46
2024-12-04 01:00:00,237.46,239.58,235.8,239.15
2024-12-04 02:00:00,239.14,240.6,235.09,235.94
2024-12-04 03:00:00,235.93,239.04,235.69,237.7
2024-12-04 04:00:00,237.7,238.28,236.61,237.77
2024-12-04 05:00:00,237.76,241,237.57,237.95
2024-12-04 06:00:00,237.94,238.36,235.79,237.76
2024-12-04 07:00:00,237.76,237.86,236.25,236.58
2024-12-04 08:00:00,236.57,237.28,235.02,235.67
2024-12-04 09:00:00,235.67,237.3,235.38,235.58
2024-12-04 10:00:00,235.58,237.87,235.26,236.67
2024-12-04 11:00:00,236.67,237.37,235.52,235.98
2024-12-04 12:00:00,235.98,236.15,231.7,232.67
2024-12-04 13:00:00,232.68,233.47,230.59,231.22
2024-12-04 14:00:00,231.22,233.74,229.92,232.26
2024-12-04 15:00:00,232.25,235.14,230.29,233.72
2024-12-04 16:00:00,233.73,234.04,224.82,225.76
2024-12-04 17:00:00,225.76,229.36,224.67,229.05
2024-12-04 18:00:00,229.06,231.03,228.19,229.96
2024-12-04 19:00:00,229.96,232.86,229.5,232.67
2024-12-04 20:00:00,232.68,236.23,230.17,232.69
2024-12-04 21:00:00,232.68,234.45,229.44,229.6
2024-12-04 22:00:00,229.59,231.69,228.89,229.02
2024-12-04 23:00:00,229.02,229.46,225.78,229.15
2024-12-05 00:00:00,229.15,229.66,226.03,226.27
2024-12-05 01:00:00,226.27,226.74,222.95,225.77
2024-12-05 02:00:00,225.77,235.31,225.43,231.51
2024-12-05 03:00:00,231.5,238.59,231.46,232.93
2024-12-05 04:00:00,232.92,238.23,232.74,236.71
2024-12-05 05:00:00,236.71,237.25,233.09,234.89
2024-12-05 06:00:00,234.9,235.42,231.39,233.55
2024-12-05 07:00:00,233.56,235.01,233.24,233.89
2024-12-05 08:00:00,233.9,236.48,233.51,235.66
2024-12-05 09:00:00,235.65,238,234.64,237.56
2024-12-05 10:00:00,237.57,239.5,236.78,236.86
2024-12-05 11:00:00,236.86,242.37,236.57,241.79
2024-12-05 12:00:00,241.79,244.77,241.1,241.35
2024-12-05 13:00:00,241.34,242.14,239.4,240.16
2024-12-05 14:00:00,240.16,241.38,238.12,240.97
2024-12-05 15:00:00,240.97,241.85,236.21,239.06
2024-12-05 16:00:00,239.07,242.93,237.52,239.53
2024-12-05 17:00:00,239.53,240.75,238.75,239.97
2024-12-05 18:00:00,239.97,240.23,235.99,236.4
2024-12-05 19:00:00,236.41,237.05,232.35,233.07
2024-12-05 20:00:00,233.08,233.77,229.49,233.06
2024-12-05 21:00:00,233.04,234.21,232.08,233.83
2024-12-05 22:00:00,233.83,235.05,225,235.04
2024-12-05 23:00:00,235.05,240.65,232.77,235.84
2024-12-06 00:00:00,235.84,242.75,234.31,242.6
2024-12-06 01:00:00,242.59,247,239.53,243.79
2024-12-06 02:00:00,243.78,244.08,241.89,242.77
2024-12-06 03:00:00,242.78,242.78,238.34,241.98
2024-12-06 04:00:00,241.98,242.93,240.03,241
2024-12-06 05:00:00,241,241.85,238.45,238.65
2024-12-06 06:00:00,238.64,239.64,237.67,238.79
2024-12-06 07:00:00,238.8,239.34,237.76,239.3
2024-12-06 08:00:00,239.31,240.51,237.86,237.86
2024-12-06 09:00:00,237.85,237.95,235.15,235.59
2024-12-06 10:00:00,235.59,236.1,234.04,235.7
2024-12-06 11:00:00,235.69,236.13,233.61,234.13
2024-12-06 12:00:00,234.12,235.39,230.94,231.27
2024-12-06 13:00:00,231.27,235.11,230.92,234.56
2024-12-06 14:00:00,234.56,237.99,233.42,237.97
2024-12-06 15:00:00,237.97,240,236.2,238.02
2024-12-06 16:00:00,238.01,238.96,237.04,238.81
2024-12-06 17:00:00,238.8,240.43,238.23,239.08
2024-12-06 18:00:00,239.08,240.2,238.47,238.92
2024-12-06 19:00:00,238.92,240.06,238.6,239.7
2024-12-06 20:00:00,239.7,240.73,237.58,238.25
2024-12-06 21:00:00,238.25,239.31,237.54,237.58
2024-12-06 22:00:00,237.59,238.58,237.02,237.43
2024-12-06 23:00:00,237.43,238.06,235.34,236.87
2024-12-07 00:00:00,236.87,237.44,235.5,236.43
2024-12-07 01:00:00,236.43,237.04,234.81,235.51
2024-12-07 02:00:00,235.5,236.6,235.03,235.75
2024-12-07 03:00:00,235.75,236.11,234.12,234.86
2024-12-07 04:00:00,234.86,235.54,234.32,235.33
2024-12-07 05:00:00,235.34,236.08,234.86,235.39
2024-12-07 06:00:00,235.39,236.03,234.63,235.97
2024-12-07 07:00:00,235.96,236.59,235.28,236.21
2024-12-07 08:00:00,236.21,236.48,235.01,235.95
2024-12-07 09:00:00,235.96,238.79,235.93,238.75
2024-12-07 10:00:00,238.76,239.36,237.13,238.4
2024-12-07 11:00:00,238.4,239.21,237.98,238.15
2024-12-07 12:00:00,238.15,238.73,237.17,238.26
2024-12-07 13:00:00,238.26,239.54,237.5,239.35
2024-12-07 14:00:00,239.35,242.9,237.61,242.62
2024-12-07 15:00:00,242.62,243.2,239.72,240.84
2024-12-07 16:00:00,240.85,242.23,238.88,241.98
2024-12-07 17:00:00,241.99,242.15,239.79,241.01
2024-12-07 18:00:00,241.01,242.4,240.16,241.87
2024-12-07 19:00:00,241.87,242.54,240.37,241.67
2024-12-07 20:00:00,241.67,243,240.6,241.18
2024-12-07 21:00:00,241.18,243.08,239.99,241.56
2024-12-07 22:00:00,241.56,243.61,238.39,238.67
2024-12-07 23:00:00,238.67,240.16,237.83,238.14
2024-12-08 00:00:00,238.14,239.46,237.6,239.07
2024-12-08 01:00:00,239.06,240.09,238.38,239.3
2024-12-08 02:00:00,239.3,241.37,239.21,241.2
2024-12-08 03:00:00,241.19,241.51,240.16,240.66
2024-12-08 04:00:00,240.67,241.07,238.4,238.42
2024-12-08 05:00:00,238.41,239.03,236.61,237.25
2024-12-08 06:00:00,237.25,238.54,236.6,238.12
2024-12-08 07:00:00,238.13,238.9,237.39,237.6
2024-12-08 08:00:00,237.6,237.78,234.91,234.93
2024-12-08 09:00:00,234.94,236.06,233.22,233.9
2024-12-08 10:00:00,233.9,235.54,233.84,235.21
2024-12-08 11:00:00,235.2,236.49,234.74,235.96
2024-12-08 12:00:00,235.95,236.67,234.69,236.02
2024-12-08 13:00:00,236.03,237.64,235.35,237.33
2024-12-08 14:00:00,237.34,237.48,235.69,235.77
2024-12-08 15:00:00,235.77,237.5,234.47,237.35
2024-12-08 16:00:00,237.34,237.68,235.56,235.87
2024-12-08 17:00:00,235.87,236.7,235,236.65
2024-12-08 18:00:00,236.65,236.79,235.06,235.15
2024-12-08 19:00:00,235.15,236.74,234.09,236.51
2024-12-08 20:00:00,236.51,236.67,235.2,235.32
2024-12-08 21:00:00,235.32,235.86,234.6,235.68
2024-12-08 22:00:00,235.67,236.72,235.33,236.67
2024-12-08 23:00:00,236.66,237.75,235.85,237.02
2024-12-09 00:00:00,237.02,237.28,233,233.69
2024-12-09 01:00:00,233.68,234.85,231.75,232.33
2024-12-09 02:00:00,232.34,232.97,231,231.94
2024-12-09 03:00:00,231.95,232.82,230.17,231.83
2024-12-09 04:00:00,231.82,232.59,230.62,232.5
2024-12-09 05:00:00,232.5,232.8,231.77,232.53
2024-12-09 06:00:00,232.54,232.59,230.19,230.49
2024-12-09 07:00:00,230.48,232.37,228.11,231.59
2024-12-09 08:00:00,231.59,231.82,226.3,226.61
2024-12-09 09:00:00,226.6,228.07,225.49,226.84
2024-12-09 10:00:00,226.85,228.11,226.4,227.96
2024-12-09 11:00:00,227.96,227.96,225.29,225.99
2024-12-09 12:00:00,225.99,227.83,225,227.68
2024-12-09 13:00:00,227.67,229.81,226.73,229.06
2024-12-09 14:00:00,229.07,231.76,228.19,230.73
2024-12-09 15:00:00,230.73,231.74,222.89,224.29
2024-12-09 16:00:00,224.3,226.15,223.25,224.48
2024-12-09 17:00:00,224.48,225.58,223.06,223.06
2024-12-09 18:00:00,223.07,225.1,223.07,224.35
2024-12-09 19:00:00,224.35,224.35,221.7,221.95
2024-12-09 20:00:00,221.95,225.75,218.38,219.41
2024-12-09 21:00:00,219.4,220.57,203,218
2024-12-09 22:00:00,218.01,218.74,204.85,217.87
2024-12-09 23:00:00,217.86,219.56,216.01,216.63
2024-12-10 00:00:00,216.62,221.06,213.61,217.74
2024-12-10 01:00:00,217.74,219.39,215.81,218.93
2024-12-10 02:00:00,218.93,218.95,212.83,212.87
2024-12-10 03:00:00,212.87,215.8,206.96,215.8
2024-12-10 04:00:00,215.79,216.37,212.14,216.16
2024-12-10 05:00:00,216.16,216.87,214.49,216.34
2024-12-10 06:00:00,216.34,218.74,215.51,218.17
2024-12-10 07:00:00,218.18,218.19,215.82,217.34
2024-12-10 08:00:00,217.33,217.85,215.48,217.19
2024-12-10 09:00:00,217.19,218.59,216.03,217.03
2024-12-10 10:00:00,217.04,218.44,216.94,217.19
2024-12-10 11:00:00,217.19,217.37,215.08,216.21
2024-12-10 12:00:00,216.21,216.72,210.27,211.41
2024-12-10 13:00:00,211.41,215.36,211.1,214.45
2024-12-10 14:00:00,214.45,218.6,214.41,216.6
2024-12-10 15:00:00,216.6,217.89,206.27,206.55
2024-12-10 16:00:00,206.58,211.4,205.04,210.81
2024-12-10 17:00:00,210.82,211.19,203.7,203.75
2024-12-10 18:00:00,203.75,210.95,203.21,209.28
2024-12-10 19:00:00,209.29,212.77,209.01,212.1
2024-12-10 20:00:00,212.09,213.76,211.34,213.49
2024-12-10 21:00:00,213.5,216.29,212.95,213.21
2024-12-10 22:00:00,213.22,214.83,212.64,214.48
2024-12-10 23:00:00,214.49,215.19,212.97,213.6
2024-12-11 00:00:00,213.6,215.54,211.51,215.05
2024-12-11 01:00:00,215.04,216.46,211.54,212.03
2024-12-11 02:00:00,212.03,217.11,211.66,215.98
2024-12-11 03:00:00,215.97,219.4,215.8,219.39
2024-12-11 04:00:00,219.39,219.93,217.94,218.76
2024-12-11 05:00:00,218.77,219.12,216.9,218.36
2024-12-11 06:00:00,218.37,220.32,217.94,219.79
2024-12-11 07:00:00,219.79,220.27,218.29,218.44
2024-12-11 08:00:00,218.45,223,218.31,221.97
2024-12-11 09:00:00,221.98,222.86,220.56,222.68
2024-12-11 10:00:00,222.67,224,222.57,223.96
2024-12-11 11:00:00,223.96,225.41,223.29,224.79
2024-12-11 12:00:00,224.78,226.64,224.27,224.82
2024-12-11 13:00:00,224.83,227.49,224.06,226.5
2024-12-11 14:00:00,226.5,227.55,224.95,227.32
2024-12-11 15:00:00,227.33,230.29,227.28,228.38
2024-12-11 16:00:00,228.38,230.51,228.37,229.37
2024-12-11 17:00:00,229.37,230.32,227.4,228.05
2024-12-11 18:00:00,228.05,228.94,227.29,228.45
2024-12-11 19:00:00,228.45,229.93,227.95,229.77
2024-12-11 20:00:00,229.78,230.65,228.4,228.98
2024-12-11 21:00:00,228.97,229.4,228.25,228.99
2024-12-11 22:00:00,228.99,229.45,228.05,228.27
2024-12-11 23:00:00,228.27,228.61,226.77,227.29
2024-12-12 00:00:00,227.29,227.8,226.42,227.26
2024-12-12 01:00:00,227.27,227.8,225.67,226.08
2024-12-12 02:00:00,226.08,229.44,226.03,229.14
2024-12-12 03:00:00,229.15,231.97,227.69,230.36
2024-12-12 04:00:00,230.37,231.44,228.98,229.87
2024-12-12 05:00:00,229.87,232.98,229.52,231.31
2024-12-12 06:00:00,231.3,231.78,229.18,230.21
2024-12-12 07:00:00,230.21,231.54,229.79,230.01
2024-12-12 08:00:00,230,232.66,229.98,232.31
2024-12-12 09:00:00,232.3,233.53,231.73,231.77
2024-12-12 10:00:00,231.77,231.9,229.25,230.02
2024-12-12 11:00:00,230.02,230.33,228.3,229.59
2024-12-12 12:00:00,229.59,231.78,229.58,231.35
2024-12-12 13:00:00,231.36,232.6,228.61,229.97
2024-12-12 14:00:00,229.96,233.28,229.23,232.54
2024-12-12 15:00:00,232.54,232.66,230.16,231.3
2024-12-12 16:00:00,231.3,233.44,230.58,230.77
2024-12-12 17:00:00,230.77,234.3,230.72,234.03
2024-12-12 18:00:00,234.04,234.69,231.18,231.41
2024-12-12 19:00:00,231.41,231.7,226.59,227.24
2024-12-12 20:00:00,227.25,229.73,227.11,228.78
2024-12-12 21:00:00,228.77,228.85,226.86,227.6
2024-12-12 22:00:00,227.61,228.47,225.71,228.21
2024-12-12 23:00:00,228.2,228.36,226.52,226.96
2024-12-13 00:00:00,226.95,228.39,226.57,227.14
2024-12-13 01:00:00,227.14,227.15,224.27,226.2
2024-12-13 02:00:00,226.2,228.44,225.83,227.4
2024-12-13 03:00:00,227.4,227.95,226.65,227.17
2024-12-13 04:00:00,227.18,227.51,225.47,225.93
2024-12-13 05:00:00,225.93,226.85,225.59,225.64
2024-12-13 06:00:00,225.64,226.68,224,224.09
2024-12-13 07:00:00,224.1,225.21,223.09,224.81
2024-12-13 08:00:00,224.82,226.3,223.89,226.16
2024-12-13 09:00:00,226.16,226.57,224.31,225.36
2024-12-13 10:00:00,225.36,226.57,224.11,226.14
2024-12-13 11:00:00,226.14,227.27,225.58,225.61
2024-12-13 12:00:00,225.6,226.71,225.03,225.54
2024-12-13 13:00:00,225.54,225.59,222.58,223.48
2024-12-13 14:00:00,223.48,224.44,222.07,223.94
2024-12-13 15:00:00,223.94,226.18,220.7,221.13
2024-12-13 16:00:00,221.12,222.97,220.6,221.02
2024-12-13 17:00:00,221.02,223.89,220.9,223.34
2024-12-13 18:00:00,223.33,223.57,221.44,222.11
2024-12-13 19:00:00,222.11,223.53,221.79,223.28
2024-12-13 20:00:00,223.28,224.64,223.13,223.93
2024-12-13 21:00:00,223.93,224.22,223.07,223.75
2024-12-13 22:00:00,223.76,224.38,223.13,223.66
2024-12-13 23:00:00,223.66,224.92,223.28,224.79
2024-12-14 00:00:00,224.79,225.23,223.62,224.41
2024-12-14 01:00:00,224.4,227,224.37,225.64
2024-12-14 02:00:00,225.64,226.18,224.9,225.89
2024-12-14 03:00:00,225.89,226.48,225.57,226.23
2024-12-14 04:00:00,226.23,226.33,225.21,225.44
2024-12-14 05:00:00,225.44,226.2,225.14,226.2
2024-12-14 06:00:00,226.2,227.51,225.99,226.69
2024-12-14 07:00:00,226.69,227.05,225.8,225.97
2024-12-14 08:00:00,225.98,226.75,225.59,226.42
2024-12-14 09:00:00,226.42,226.64,225.47,225.95
2024-12-14 10:00:00,225.95,226.08,224.59,224.95
2024-12-14 11:00:00,224.94,225.32,224.06,224.36
2024-12-14 12:00:00,224.36,224.64,222.07,222.38
2024-12-14 13:00:00,222.38,222.67,220.42,220.86
2024-12-14 14:00:00,220.86,222.36,220.73,221.82
2024-12-14 15:00:00,221.82,223.39,221.48,222.56
2024-12-14 16:00:00,222.55,222.55,220.35,221.57
2024-12-14 17:00:00,221.56,222.04,218.14,218.33
2024-12-14 18:00:00,218.33,219.21,217.46,217.8
2024-12-14 19:00:00,217.81,218.46,216.73,218.03
2024-12-14 20:00:00,218.04,218.59,215.13,215.62
2024-12-14 21:00:00,215.62,217.78,215.53,217.39
2024-12-14 22:00:00,217.39,218.59,216.57,218.01
2024-12-14 23:00:00,218.02,220.91,217.75,219.93
2024-12-15 00:00:00,219.94,220.58,218.87,219.77
2024-12-15 01:00:00,219.77,221.54,219.66,221.23
2024-12-15 02:00:00,221.24,221.79,220.9,220.99
2024-12-15 03:00:00,220.99,221.17,219.42,219.44
2024-12-15 04:00:00,219.44,221.86,219.35,220.3
2024-12-15 05:00:00,220.29,221.34,220.06,220.18
2024-12-15 06:00:00,220.18,220.31,218.22,218.29
2024-12-15 07:00:00,218.3,218.8,215.68,217.27
2024-12-15 08:00:00,217.26,218.71,216.47,218.62
2024-12-15 09:00:00,218.61,219.49,218,219.29
2024-12-15 10:00:00,219.29,220.14,218.1,218.1
2024-12-15 11:00:00,218.11,218.68,217.7,218.41
2024-12-15 12:00:00,218.41,219.94,217.38,219.6
2024-12-15 13:00:00,219.6,221.22,218.17,219.45
2024-12-15 14:00:00,219.45,221.5,219.35,221.37
2024-12-15 15:00:00,221.37,221.44,220,220.88
2024-12-15 16:00:00,220.89,222.49,220.59,222.13
2024-12-15 17:00:00,222.13,222.21,220.94,221.37
2024-12-15 18:00:00,221.37,221.46,220.49,221.02
2024-12-15 19:00:00,221.01,222.08,221,221.24
2024-12-15 20:00:00,221.24,221.49,220.38,220.48
2024-12-15 21:00:00,220.47,220.62,216.6,216.85
2024-12-15 22:00:00,216.84,219.66,216.22,219.31
2024-12-15 23:00:00,219.31,225.5,219.28,224.27
2024-12-16 00:00:00,224.26,227.56,223.41,225.95
2024-12-16 01:00:00,225.95,227.14,225.25,225.58
2024-12-16 02:00:00,225.58,225.74,222,222.3
2024-12-16 03:00:00,222.3,222.94,220.45,221.25
2024-12-16 04:00:00,221.25,222.2,220.77,221.36
2024-12-16 05:00:00,221.35,222.47,220.6,222.35
2024-12-16 06:00:00,222.35,223.42,221.83,222.69
2024-12-16 07:00:00,222.69,223.89,222.37,223.13
2024-12-16 08:00:00,223.12,223.33,219.81,219.97
2024-12-16 09:00:00,219.98,220.38,218.3,218.48
2024-12-16 10:00:00,218.47,218.65,217.08,217.58
2024-12-16 11:00:00,217.57,217.89,213.61,214.1
2024-12-16 12:00:00,214.11,215.73,213.65,214.3
2024-12-16 13:00:00,214.31,216.49,213.26,216.23
2024-12-16 14:00:00,216.23,218.03,215.7,216.54
2024-12-16 15:00:00,216.55,218.09,215.69,216.98
2024-12-16 16:00:00,216.97,219.58,216.81,218.51
2024-12-16 17:00:00,218.5,221,218.5,219.4
2024-12-16 18:00:00,219.41,221.74,218.22,221.71
2024-12-16 19:00:00,221.7,221.74,217.87,218.33
2024-12-16 20:00:00,218.34,218.5,216.09,216.44
2024-12-16 21:00:00,216.45,218.82,216.45,218.75
2024-12-16 22:00:00,218.76,218.97,217.32,217.88
2024-12-16 23:00:00,217.89,218.41,215.86,216.19
2024-12-17 00:00:00,216.19,216.69,211.79,211.8
2024-12-17 01:00:00,211.8,214.83,211.36,214.23
2024-12-17 02:00:00,214.23,215.3,213.49,213.9
2024-12-17 03:00:00,213.89,215.69,213.87,215.45
2024-12-17 04:00:00,215.45,215.72,213,214.31
2024-12-17 05:00:00,214.31,215.2,213.15,215.01
2024-12-17 06:00:00,215,215.55,213.84,215.12
2024-12-17 07:00:00,215.12,216.54,214.94,215.57
2024-12-17 08:00:00,215.57,217.76,215.5,217.23
2024-12-17 09:00:00,217.24,222.33,216.89,221.91
2024-12-17 10:00:00,221.91,223.84,221.57,222.89
2024-12-17 11:00:00,222.89,223.4,221.1,221.59
2024-12-17 12:00:00,221.6,227.55,221.07,227.21
2024-12-17 13:00:00,227.21,227.52,223.21,223.61
2024-12-17 14:00:00,223.6,223.87,219.4,222.06
2024-12-17 15:00:00,222.06,222.06,217,220.53
2024-12-17 16:00:00,220.53,227.33,219.86,226.96
2024-12-17 17:00:00,226.97,228.41,225.15,227.42
2024-12-17 18:00:00,227.41,228.95,226.03,227.82
2024-12-17 19:00:00,227.82,228.77,226.18,227.45
2024-12-17 20:00:00,227.46,228.6,226.02,226.4
2024-12-17 21:00:00,226.39,226.77,224.83,225.66
2024-12-17 22:00:00,225.66,225.95,222.37,223.76
2024-12-17 23:00:00,223.76,223.83,221.65,223.15
2024-12-18 00:00:00,223.16,226.04,221.86,224.19
2024-12-18 01:00:00,224.19,225.16,218.12,218.46
2024-12-18 02:00:00,218.47,220.3,217.9,218.7
2024-12-18 03:00:00,218.7,219.02,217.13,217.5
2024-12-18 04:00:00,217.5,217.95,215.42,217.18
2024-12-18 05:00:00,217.18,218.3,215.35,215.75
2024-12-18 06:00:00,215.75,216.56,213.55,215.41
2024-12-18 07:00:00,215.4,216.45,214.8,215.91
2024-12-18 08:00:00,215.92,216.82,215.31,215.78
2024-12-18 09:00:00,215.79,217.42,215.78,216.73
2024-12-18 10:00:00,216.72,217.63,215.75,217.47
2024-12-18 11:00:00,217.48,218.94,217.31,217.85
2024-12-18 12:00:00,217.85,218.66,216.07,216.46
2024-12-18 13:00:00,216.46,218,215.38,215.67
2024-12-18 14:00:00,215.68,217.49,214.72,215.43
2024-12-18 15:00:00,215.42,218.78,214.64,217.73
2024-12-18 16:00:00,217.73,217.91,215.11,216.13
2024-12-18 17:00:00,216.14,217.26,214.06,216.66
2024-12-18 18:00:00,216.66,218.06,215.81,217.9
2024-12-18 19:00:00,217.9,218.34,211.68,211.69
2024-12-18 20:00:00,211.68,212.8,205.83,207.15
2024-12-18 21:00:00,207.14,210.39,206,208.88
2024-12-18 22:00:00,208.89,209.19,206.3,206.44
2024-12-18 23:00:00,206.44,207.64,204.8,206.53
2024-12-19 00:00:00,206.53,208.62,206.03,208.22
2024-12-19 01:00:00,208.22,208.23,203.12,203.42
2024-12-19 02:00:00,203.42,205.89,199.39,205.85
2024-12-19 03:00:00,205.85,209.27,205.53,208.84
2024-12-19 04:00:00,208.85,209.34,207.4,207.48
2024-12-19 05:00:00,207.48,210.04,207.23,209.9
2024-12-19 06:00:00,209.9,211.31,208.61,210.31
2024-12-19 07:00:00,210.32,212.14,209.98,211.81
2024-12-19 08:00:00,211.82,211.82,208.24,208.71
2024-12-19 09:00:00,208.71,210.28,207.82,210.02
2024-12-19 10:00:00,210.03,211.35,209.2,210.34
2024-12-19 11:00:00,210.35,210.74,209.39,210.48
2024-12-19 12:00:00,210.47,211.09,207.35,207.86
2024-12-19 13:00:00,207.85,209.14,206.13,207.77
2024-12-19 14:00:00,207.77,210.49,206.06,206.3
2024-12-19 15:00:00,206.3,206.38,202.4,205.44
2024-12-19 16:00:00,205.44,206.92,203.75,206.19
2024-12-19 17:00:00,206.18,206.23,195,197.05
2024-12-19 18:00:00,197.06,197.59,190.6,194.73
2024-12-19 19:00:00,194.72,196.25,187,191.88
2024-12-19 20:00:00,191.88,194.67,187.64,193.4
2024-12-19 21:00:00,193.43,198.14,192.26,194.65
2024-12-19 22:00:00,194.65,197.21,193.82,196.87
2024-12-19 23:00:00,196.88,196.9,193.23,193.81
2024-12-20 00:00:00,193.82,196.67,191.7,195.26
2024-12-20 01:00:00,195.27,196.38,193.2,194.16
2024-12-20 02:00:00,194.17,199.81,193.83,198.66
2024-12-20 03:00:00,198.67,199,196.11,196.36
2024-12-20 04:00:00,196.37,197.4,194.71,194.8
2024-12-20 05:00:00,194.8,195.5,192.66,192.67
2024-12-20 06:00:00,192.68,194.4,188.11,189.76
2024-12-20 07:00:00,189.76,194.51,189.74,191.37
2024-12-20 08:00:00,191.36,191.59,180.18,181.68
2024-12-20 09:00:00,181.69,185.95,178.47,182.85
2024-12-20 10:00:00,182.85,184.45,176.36,182.76
2024-12-20 11:00:00,182.75,184.36,175.26,176.01
2024-12-20 12:00:00,176.02,185.52,175.83,183.77
2024-12-20 13:00:00,183.77,188.78,182.23,188.36
2024-12-20 14:00:00,188.37,189.62,186.36,188.31
2024-12-20 15:00:00,188.31,191.27,187.46,189.89
2024-12-20 16:00:00,189.89,192.97,188.29,190.77
2024-12-20 17:00:00,190.77,192.85,189.9,192.12
2024-12-20 18:00:00,192.12,192.47,189.25,190.58
2024-12-20 19:00:00,190.57,193.16,190.44,191.63
2024-12-20 20:00:00,191.63,191.65,188.83,190.14
2024-12-20 21:00:00,190.15,191.1,187.91,190.95
2024-12-20 22:00:00,190.95,192.76,190.33,192.66
2024-12-20 23:00:00,192.65,194.78,192.39,194.48
2024-12-21 00:00:00,194.48,195,193.05,194.15
2024-12-21 01:00:00,194.14,196.69,193.95,195.36
2024-12-21 02:00:00,195.36,195.88,194.03,194.53
2024-12-21 03:00:00,194.53,194.97,193.5,194.28
2024-12-21 04:00:00,194.29,196.45,194.2,196.38
2024-12-21 05:00:00,196.38,199.24,196.21,199.18
2024-12-21 06:00:00,199.19,199.98,197.29,199.38
2024-12-21 07:00:00,199.39,201.98,198.76,198.81
2024-12-21 08:00:00,198.8,198.97,196.49,196.54
2024-12-21 09:00:00,196.54,196.91,194.34,195.1
2024-12-21 10:00:00,195.1,195.95,193.82,194.4
2024-12-21 11:00:00,194.41,194.57,192.2,192.94
2024-12-21 12:00:00,192.93,193.1,186.65,187.13
2024-12-21 13:00:00,187.12,188.69,183.21,185.61
2024-12-21 14:00:00,185.61,187.26,184.19,184.29
2024-12-21 15:00:00,184.29,187.2,184.25,186.65
2024-12-21 16:00:00,186.65,187.5,183.5,183.93
2024-12-21 17:00:00,183.93,185.06,181.66,184.02
2024-12-21 18:00:00,184.03,185.25,180.63,182.19
2024-12-21 19:00:00,182.2,182.36,178.3,181.52
2024-12-21 20:00:00,181.51,183.39,179.9,181.59
2024-12-21 21:00:00,181.61,182.23,178.72,180.69
2024-12-21 22:00:00,180.69,181.94,179.31,181.19
2024-12-21 23:00:00,181.19,181.65,179.02,181.45
2024-12-22 00:00:00,181.46,183.42,179.96,181.92
2024-12-22 01:00:00,181.91,183.95,180.5,182.82
2024-12-22 02:00:00,182.81,183.89,181.15,181.84
2024-12-22 03:00:00,181.84,183.83,180.46,182.56
2024-12-22 04:00:00,182.55,183.32,179.96,179.96
2024-12-22 05:00:00,179.97,180.84,177.88,180.65
2024-12-22 06:00:00,180.64,183.75,180.04,183.31
2024-12-22 07:00:00,183.31,184.81,182.72,184.32
2024-12-22 08:00:00,184.31,185.79,183.86,184.4
2024-12-22 09:00:00,184.4,186.91,183.71,185.58
2024-12-22 10:00:00,185.58,186.94,185.25,185.63
2024-12-22 11:00:00,185.63,186.98,185.39,186.69
2024-12-22 12:00:00,186.69,187.87,185.58,185.93
2024-12-22 13:00:00,185.94,186.88,184.52,184.86
2024-12-22 14:00:00,184.86,185.2,179.03,179.14
2024-12-22 15:00:00,179.14,182.46,179.09,181.87
2024-12-22 16:00:00,181.88,183.47,180.49,182.89
2024-12-22 17:00:00,182.89,183.29,181.25,181.61
2024-12-22 18:00:00,181.62,184.05,181.21,181.89
2024-12-22 19:00:00,181.9,182.29,177.85,178.49
2024-12-22 20:00:00,178.5,181.12,176.88,180.93
2024-12-22 21:00:00,180.94,182.41,180.11,180.67
2024-12-22 22:00:00,180.66,181.61,177.66,181.42
2024-12-22 23:00:00,181.41,182.3,179.74,180.52
2024-12-23 00:00:00,180.53,180.61,177.68,179.11
2024-12-23 01:00:00,179.1,182.1,176.48,178.31
2024-12-23 02:00:00,178.32,180.02,176.61,179.73
2024-12-23 03:00:00,179.74,187.38,179.24,186.24
2024-12-23 04:00:00,186.24,187.73,184.76,184.76
2024-12-23 05:00:00,184.76,185.41,183.05,183.97
2024-12-23 06:00:00,183.97,184.46,180.74,180.8
2024-12-23 07:00:00,180.8,182.82,179.91,182.25
2024-12-23 08:00:00,182.24,184.46,181.74,184.32
2024-12-23 09:00:00,184.33,186.67,184.22,184.87
2024-12-23 10:00:00,184.86,185.85,184.09,185.31
2024-12-23 11:00:00,185.3,185.66,183.45,183.59
2024-12-23 12:00:00,183.59,185.01,182.84,184.34
2024-12-23 13:00:00,184.33,184.52,181.23,182.55
2024-12-23 14:00:00,182.55,185.08,180.94,183.81
2024-12-23 15:00:00,183.81,185.76,180.73,180.87
2024-12-23 16:00:00,180.87,185.66,180.74,185.03
2024-12-23 17:00:00,185.02,186.16,184.13,184.6
2024-12-23 18:00:00,184.6,186.04,184.3,185.11
2024-12-23 19:00:00,185.11,189.66,184.94,187.43
2024-12-23 20:00:00,187.43,191.73,186.73,191.23
2024-12-23 21:00:00,191.23,193.48,189.22,190.08
2024-12-23 22:00:00,190.08,192.69,189.69,192.52
2024-12-23 23:00:00,192.52,192.77,189.78,190.11
2024-12-24 00:00:00,190.12,190.33,188.45,189.95
2024-12-24 01:00:00,189.96,190.41,187.55,187.71
2024-12-24 02:00:00,187.7,188.43,186.13,187.87
2024-12-24 03:00:00,187.88,190.1,187.88,189.97
2024-12-24 04:00:00,189.97,191.21,189.29,190.92
2024-12-24 05:00:00,190.93,191.88,190.55,191.81
2024-12-24 06:00:00,191.81,191.96,190.05,190.27
2024-12-24 07:00:00,190.27,191.56,189.53,191.51
2024-12-24 08:00:00,191.51,193.45,191.01,192.82
2024-12-24 09:00:00,192.82,193.98,191.24,192.56
2024-12-24 10:00:00,192.55,192.99,190.64,190.73
2024-12-24 11:00:00,190.74,193.33,190.56,192.95
2024-12-24 12:00:00,192.95,193.39,191.34,191.62
2024-12-24 13:00:00,191.63,196,191.28,195.47
2024-12-24 14:00:00,195.48,195.76,193.86,194.42
2024-12-24 15:00:00,194.42,199,194.02,197.79
2024-12-24 16:00:00,197.79,198.64,194.99,195.62
2024-12-24 17:00:00,195.63,197.28,195.3,196.73
2024-12-24 18:00:00,196.73,198.6,195.85,196.5
2024-12-24 19:00:00,196.5,196.68,195.14,195.25
2024-12-24 20:00:00,195.25,195.52,193.35,194.58
2024-12-24 21:00:00,194.59,197,194.46,196.72
2024-12-24 22:00:00,196.72,197.66,196.18,196.98
2024-12-24 23:00:00,196.97,198,196.65,197.09
2024-12-25 00:00:00,197.09,197.63,196.4,197.47
2024-12-25 01:00:00,197.47,200.35,197.42,199.23
2024-12-25 02:00:00,199.24,201.85,199.18,201.6
2024-12-25 03:00:00,201.59,201.79,199.53,199.87
2024-12-25 04:00:00,199.86,200.05,198.71,199.37
2024-12-25 05:00:00,199.38,199.78,198.42,199.35
2024-12-25 06:00:00,199.35,200.59,198.63,198.79
2024-12-25 07:00:00,198.79,199.75,197.69,198.13
2024-12-25 08:00:00,198.14,199.06,197.33,197.88
2024-12-25 09:00:00,197.88,198.71,197.34,198.05
2024-12-25 10:00:00,198.04,200.54,196.46,197.4
2024-12-25 11:00:00,197.4,198.08,195,195.79
2024-12-25 12:00:00,195.8,196.88,195.05,196.12
2024-12-25 13:00:00,196.12,197.1,195.92,196.98
2024-12-25 14:00:00,196.98,199.45,196.91,198.92
2024-12-25 15:00:00,198.91,199,196.95,198.27
2024-12-25 16:00:00,198.26,198.79,196,197.46
2024-12-25 17:00:00,197.45,198.88,196.56,198.84
2024-12-25 18:00:00,198.85,199.3,197.91,198.28
2024-12-25 19:00:00,198.27,199.45,198.21,199.25
2024-12-25 20:00:00,199.25,200.13,197.66,198.03
2024-12-25 21:00:00,198.03,198.68,196.1,196.4
2024-12-25 22:00:00,196.4,197.28,195.61,196.76
2024-12-25 23:00:00,196.76,197.88,196.61,197.44
2024-12-26 00:00:00,197.45,199.71,196.22,196.78
2024-12-26 01:00:00,196.77,198.19,196.24,196.92
2024-12-26 02:00:00,196.91,198.99,195.91,197.08
2024-12-26 03:00:00,197.08,197.56,195.71,196.62
2024-12-26 04:00:00,196.61,196.61,194.71,195.18
2024-12-26 05:00:00,195.18,195.64,193.89,194.65
2024-12-26 06:00:00,194.64,195.14,193.61,194.12
2024-12-26 07:00:00,194.11,194.79,193.35,193.43
2024-12-26 08:00:00,193.43,193.84,188.51,189.12
2024-12-26 09:00:00,189.13,190.36,188.96,189.51
2024-12-26 10:00:00,189.5,189.9,188.23,188.93
2024-12-26 11:00:00,188.92,190.99,188.87,189.8
2024-12-26 12:00:00,189.81,190.11,188.68,189.02
2024-12-26 13:00:00,189.02,189.35,188.13,189.09
2024-12-26 14:00:00,189.09,190.16,187.57,188.65
2024-12-26 15:00:00,188.64,189.98,187.97,188.7
2024-12-26 16:00:00,188.7,190.97,188.32,190.6
2024-12-26 17:00:00,190.61,190.68,187.4,188.28
2024-12-26 18:00:00,188.28,189.38,187.4,189.32
2024-12-26 19:00:00,189.33,189.46,187.65,189.17
2024-12-26 20:00:00,189.16,189.75,187.23,188.39
2024-12-26 21:00:00,188.39,189.94,186.54,189.52
2024-12-26 22:00:00,189.52,190.05,188.81,189.05
2024-12-26 23:00:00,189.05,189.24,187.13,188.46
2024-12-27 00:00:00,188.46,189.34,187.28,189.09
2024-12-27 01:00:00,189.08,189.97,188.27,188.99
2024-12-27 02:00:00,188.98,190.5,188.06,188.82
2024-12-27 03:00:00,188.82,189.85,188.4,189.44
2024-12-27 04:00:00,189.45,190.82,189.38,189.77
2024-12-27 05:00:00,189.77,190.05,187.89,189.2
2024-12-27 06:00:00,189.21,190.96,189.21,190.95
2024-12-27 07:00:00,190.95,191.17,185.58,186.67
2024-12-27 08:00:00,186.67,190.45,186.65,188.96
2024-12-27 09:00:00,188.97,194.39,188.88,193.04
2024-12-27 10:00:00,193.03,193.46,188.9,191.02
2024-12-27 11:00:00,191.01,191.51,190.13,191.32
2024-12-27 12:00:00,191.31,191.42,190.48,190.82
2024-12-27 13:00:00,190.82,191.03,189.01,189.41
2024-12-27 14:00:00,189.4,189.55,186.28,187.48
2024-12-27 15:00:00,187.48,187.5,183.3,184.13
2024-12-27 16:00:00,184.12,184.62,182.74,184.51
2024-12-27 17:00:00,184.5,186.5,183.6,186.13
2024-12-27 18:00:00,186.12,187.1,185.64,187.02
2024-12-27 19:00:00,187.01,187.33,186.15,186.9
2024-12-27 20:00:00,186.9,187,185.25,186.01
2024-12-27 21:00:00,186.01,186.23,184.65,184.72
2024-12-27 22:00:00,184.72,185.9,184.08,184.84
2024-12-27 23:00:00,184.83,185.14,183.13,184.22
2024-12-28 00:00:00,184.22,185.57,184.12,185.23
2024-12-28 01:00:00,185.23,186.01,184.31,185.28
2024-12-28 02:00:00,185.28,185.71,183.82,184.04
2024-12-28 03:00:00,184.04,185.64,184.03,185.03
2024-12-28 04:00:00,185.03,185.28,184.26,184.39
2024-12-28 05:00:00,184.39,186.25,184.39,185.81
2024-12-28 06:00:00,185.81,186.1,185.07,185.66
2024-12-28 07:00:00,185.66,186.32,184.89,185.13
2024-12-28 08:00:00,185.13,186.39,185,186.3
2024-12-28 09:00:00,186.3,186.94,186.12,186.29
2024-12-28 10:00:00,186.29,186.51,185.57,185.8
2024-12-28 11:00:00,185.8,187.36,185.8,187.19
2024-12-28 12:00:00,187.19,187.64,186.5,186.83
2024-12-28 13:00:00,186.82,188.49,186.78,188.3
2024-12-28 14:00:00,188.29,190.18,188.02,189.8
2024-12-28 15:00:00,189.8,191.3,189.78,190.18
2024-12-28 16:00:00,190.19,192.63,189.64,192.63
2024-12-28 17:00:00,192.63,195.26,192.62,194.85
2024-12-28 18:00:00,194.84,195.35,193.47,193.7
2024-12-28 19:00:00,193.7,194.12,193.56,193.76
2024-12-28 20:00:00,193.76,194.07,192.71,193.26
2024-12-28 21:00:00,193.26,194.48,192.88,194.46
2024-12-28 22:00:00,194.47,196.1,194.02,195.18
2024-12-28 23:00:00,195.19,195.57,194.29,195.5
2024-12-29 00:00:00,195.5,195.7,193.73,193.98
2024-12-29 01:00:00,193.98,194.5,192.42,192.57
2024-12-29 02:00:00,192.57,194.31,192.42,193.73
2024-12-29 03:00:00,193.73,194.94,193.27,194.78
2024-12-29 04:00:00,194.79,194.9,194.19,194.43
2024-12-29 05:00:00,194.43,195.48,194.07,195.35
2024-12-29 06:00:00,195.35,196.3,194.57,196.29
2024-12-29 07:00:00,196.3,197.37,195.64,196.04
2024-12-29 08:00:00,196.03,196.18,195.07,195.3
2024-12-29 09:00:00,195.31,197,194.88,196.91
2024-12-29 10:00:00,196.91,197.16,196.55,196.81
2024-12-29 11:00:00,196.82,197.34,195.9,196.09
2024-12-29 12:00:00,196.1,196.74,195.89,196.13
2024-12-29 13:00:00,196.14,196.54,195.11,196.32
2024-12-29 14:00:00,196.32,197.71,192.91,193.9
2024-12-29 15:00:00,193.91,195.88,193.25,195.14
2024-12-29 16:00:00,195.15,195.48,192.68,192.85
2024-12-29 17:00:00,192.85,193.64,192.16,193.31
2024-12-29 18:00:00,193.32,193.63,192.27,193.24
2024-12-29 19:00:00,193.24,193.61,192.71,192.71
2024-12-29 20:00:00,192.71,192.81,190.68,192.34
2024-12-29 21:00:00,192.33,192.58,190.26,190.78
2024-12-29 22:00:00,190.77,190.89,189.07,189.51
2024-12-29 23:00:00,189.51,190.37,188.57,189.94
2024-12-30 00:00:00,189.94,192.93,189.08,192.24
2024-12-30 01:00:00,192.25,194.4,191.5,193.1
2024-12-30 02:00:00,193.09,193.54,190.67,192.29
2024-12-30 03:00:00,192.29,193.24,191.05,191.38
2024-12-30 04:00:00,191.37,192.5,189.79,189.79
2024-12-30 05:00:00,189.79,191.41,189.58,191.21
2024-12-30 06:00:00,191.21,193.73,191.11,192.95
2024-12-30 07:00:00,192.94,193.09,190.82,192.36
2024-12-30 08:00:00,192.37,194.13,192.36,193.27
2024-12-30 09:00:00,193.27,193.74,192.23,192.96
2024-12-30 10:00:00,192.95,194.01,192.65,192.65
2024-12-30 11:00:00,192.66,194.14,191.52,193.51
2024-12-30 12:00:00,193.52,194.82,192.88,193.36
2024-12-30 13:00:00,193.35,193.82,188.63,189.07
2024-12-30 14:00:00,189.08,190.38,187.25,187.74
2024-12-30 15:00:00,187.75,188.93,185.99,187.32
2024-12-30 16:00:00,187.32,188.24,185.89,187.28
2024-12-30 17:00:00,187.28,192.67,187,191.57
2024-12-30 18:00:00,191.57,194.83,190.92,194.54
2024-12-30 19:00:00,194.54,196.3,194.3,196.21
2024-12-30 20:00:00,196.2,196.47,194.79,194.85
2024-12-30 21:00:00,194.85,194.94,189.1,189.45
2024-12-30 22:00:00,189.45,191.76,189.27,191.17
2024-12-30 23:00:00,191.17,191.56,189.78,191.38
2024-12-31 00:00:00,191.37,192.05,190.02,190.06
2024-12-31 01:00:00,190.06,190.44,188.33,189.16
2024-12-31 02:00:00,189.17,190.73,188.82,190.3
2024-12-31 03:00:00,190.3,190.74,189.51,189.96
2024-12-31 04:00:00,189.95,190.77,188.42,188.9
2024-12-31 05:00:00,188.9,189.54,188.04,188.52
2024-12-31 06:00:00,188.52,189.79,188.17,189.11
2024-12-31 07:00:00,189.1,190.18,189.07,190.07
2024-12-31 08:00:00,190.07,193.75,190,192.13
2024-12-31 09:00:00,192.12,194.24,191.57,193.32
2024-12-31 10:00:00,193.32,194.96,193.07,194.3
2024-12-31 11:00:00,194.31,194.62,193.68,193.79
2024-12-31 12:00:00,193.8,194.6,193.01,193.06
2024-12-31 13:00:00,193.05,196.3,193.05,195.89
2024-12-31 14:00:00,195.9,198.5,195.77,197.42
2024-12-31 15:00:00,197.42,198.76,196.54,198.44
2024-12-31 16:00:00,198.44,199.21,197.55,198.95
2024-12-31 17:00:00,198.95,199.27,194.02,196.1
2024-12-31 18:00:00,196.1,196.68,194.49,194.67
2024-12-31 19:00:00,194.67,195.17,193.22,193.81
2024-12-31 20:00:00,193.81,194.82,193.76,194.02
2024-12-31 21:00:00,194.02,194.37,192.5,193.16
2024-12-31 22:00:00,193.15,193.15,190.71,191.13
2024-12-31 23:00:00,191.14,191.2,189.2,189.31
2025-01-01 00:00:00,189.31,192.66,189.08,192.54
2025-01-01 01:00:00,192.54,192.64,190.39,190.7
2025-01-01 02:00:00,190.7,192.04,190.44,191.59
2025-01-01 03:00:00,191.59,191.59,190.04,190.43
2025-01-01 04:00:00,190.42,190.43,189.32,189.47
2025-01-01 05:00:00,189.48,190.62,189.35,190.15
2025-01-01 06:00:00,190.15,190.31,189.4,190.3
2025-01-01 07:00:00,190.29,190.35,189.7,190.06
2025-01-01 08:00:00,190.06,190.74,189.3,189.4
2025-01-01 09:00:00,189.4,189.76,188,189.18
2025-01-01 10:00:00,189.19,191.03,189.17,190.24
2025-01-01 11:00:00,190.25,191.86,189.89,191.36
2025-01-01 12:00:00,191.35,191.75,190.42,190.95
2025-01-01 13:00:00,190.94,191.29,189.59,190.25
2025-01-01 14:00:00,190.24,191.48,189.14,190.88
2025-01-01 15:00:00,190.88,192.15,189.98,191.91
2025-01-01 16:00:00,191.91,192.25,190.08,190.51
2025-01-01 17:00:00,190.52,190.65,189.25,190.64
2025-01-01 18:00:00,190.63,192.23,189.89,191.68
2025-01-01 19:00:00,191.69,193.91,191.49,193.1
2025-01-01 20:00:00,193.1,194.56,193.1,194.36
2025-01-01 21:00:00,194.36,195.33,193.71,194.69
2025-01-01 22:00:00,194.68,194.95,193.68,194.53
2025-01-01 23:00:00,194.54,195.16,193.81,194.28
2025-01-02 00:00:00,194.28,197.17,193.43,196.25
2025-01-02 01:00:00,196.25,198.47,196.11,197.71
2025-01-02 02:00:00,197.7,199.42,197.47,199.41
2025-01-02 03:00:00,199.41,199.7,197.8,198.54
2025-01-02 04:00:00,198.55,204.84,198.54,204.47
2025-01-02 05:00:00,204.47,205.5,203.31,204.62
2025-01-02 06:00:00,204.63,205.97,203.96,205.36
2025-01-02 07:00:00,205.36,206.89,205.2,205.91
2025-01-02 08:00:00,205.91,207.09,205.66,206.8
2025-01-02 09:00:00,206.79,207.97,206.34,207.38
2025-01-02 10:00:00,207.38,207.77,206.7,206.98
2025-01-02 11:00:00,206.98,208.88,206.92,208.51
2025-01-02 12:00:00,208.52,209.49,207.64,208.39
2025-01-02 13:00:00,208.4,208.65,207.6,208.17
2025-01-02 14:00:00,208.16,210.48,206.72,208.2
2025-01-02 15:00:00,208.19,208.34,205.45,206.77
2025-01-02 16:00:00,206.77,209.07,205.96,207.45
2025-01-02 17:00:00,207.44,208.2,204.67,206.05
2025-01-02 18:00:00,206.04,206.8,204.96,206.44
2025-01-02 19:00:00,206.43,207.83,206.15,206.69
2025-01-02 20:00:00,206.69,208,206.68,206.82
2025-01-02 21:00:00,206.83,207.13,205.44,206.54
2025-01-02 22:00:00,206.53,206.76,205.2,206.6
2025-01-02 23:00:00,206.6,208.44,206.55,208.31
2025-01-03 00:00:00,208.3,208.45,207,207.15
2025-01-03 01:00:00,207.16,207.33,205.63,206.86
2025-01-03 02:00:00,206.87,208.11,206.34,206.87
2025-01-03 03:00:00,206.87,208.28,206.16,208.05
2025-01-03 04:00:00,208.05,208.1,207.09,207.72
2025-01-03 05:00:00,207.72,209.57,207.12,208.87
2025-01-03 06:00:00,208.87,210,207.67,207.77
2025-01-03 07:00:00,207.77,208.69,207.09,207.95
2025-01-03 08:00:00,207.95,209.94,207.6,209.36
2025-01-03 09:00:00,209.35,212.95,209.09,211.2
2025-01-03 10:00:00,211.19,211.8,210.36,211.13
2025-01-03 11:00:00,211.12,215.18,211,214.51
2025-01-03 12:00:00,214.52,214.99,213.23,213.4
2025-01-03 13:00:00,213.39,214.34,212.09,212.92
2025-01-03 14:00:00,212.91,218.7,212.91,218.3
2025-01-03 15:00:00,218.3,218.48,216.64,217.36
2025-01-03 16:00:00,217.37,219.83,216.46,217.7
2025-01-03 17:00:00,217.7,218.18,216.66,217.39
2025-01-03 18:00:00,217.38,218.57,217.19,218.12
2025-01-03 19:00:00,218.11,218.53,216.5,217.1
2025-01-03 20:00:00,217.1,217.1,215.81,216.05
2025-01-03 21:00:00,216.05,217,215.9,216.34
2025-01-03 22:00:00,216.34,217.28,216.08,217.06
2025-01-03 23:00:00,217.06,218.04,216.87,217.99
2025-01-04 00:00:00,218,218.08,216.64,217
2025-01-04 01:00:00,216.99,217.97,216.03,217.38
2025-01-04 02:00:00,217.39,218.18,216.21,217.47
2025-01-04 03:00:00,217.48,217.71,215.67,216.97
2025-01-04 04:00:00,216.97,216.97,215.58,216.88
2025-01-04 05:00:00,216.88,217.43,216.44,217.23
2025-01-04 06:00:00,217.23,217.96,216.9,217.63
2025-01-04 07:00:00,217.63,217.81,216.34,216.71
2025-01-04 08:00:00,216.7,216.73,215.32,215.72
2025-01-04 09:00:00,215.71,216.42,215.46,215.83
2025-01-04 10:00:00,215.83,215.93,214.4,215.66
2025-01-04 11:00:00,215.66,216.67,215.23,216.45
2025-01-04 12:00:00,216.46,217.19,216.12,217.04
2025-01-04 13:00:00,217.05,217.66,216.64,217.03
2025-01-04 14:00:00,217.02,217.15,215.72,215.88
2025-01-04 15:00:00,215.87,216.56,213.54,214.32
2025-01-04 16:00:00,214.31,215.02,213.73,214.4
2025-01-04 17:00:00,214.39,215.77,214.18,215.75
2025-01-04 18:00:00,215.74,215.96,215.19,215.54
2025-01-04 19:00:00,215.54,215.81,215.13,215.58
2025-01-04 20:00:00,215.58,216.77,215.41,216.43
2025-01-04 21:00:00,216.43,216.63,215.77,216.06
2025-01-04 22:00:00,216.07,217.26,215.76,217.2
2025-01-04 23:00:00,217.2,217.27,216.48,216.67
2025-01-05 00:00:00,216.67,217.88,216.32,217.04
2025-01-05 01:00:00,217.05,217.18,215.27,215.71
2025-01-05 02:00:00,215.71,217.47,215.5,217.08
2025-01-05 03:00:00,217.07,218.99,216.67,217.96
2025-01-05 04:00:00,217.96,219.05,217.9,218.01
2025-01-05 05:00:00,218,218,216.17,216.4
2025-01-05 06:00:00,216.41,217.03,215.97,216.63
2025-01-05 07:00:00,216.63,216.85,216.12,216.47
2025-01-05 08:00:00,216.47,216.57,214.78,215.17
2025-01-05 09:00:00,215.16,215.22,212.91,213.19
2025-01-05 10:00:00,213.19,214.12,212.91,214.08
2025-01-05 11:00:00,214.09,214.7,213.72,213.93
2025-01-05 12:00:00,213.94,214.19,212.99,213.61
2025-01-05 13:00:00,213.61,214.61,212.37,212.59
2025-01-05 14:00:00,212.59,213.52,211.61,213.29
2025-01-05 15:00:00,213.28,213.95,212.13,213.59
2025-01-05 16:00:00,213.58,214.29,212.15,212.47
2025-01-05 17:00:00,212.48,213.29,212,212.65
2025-01-05 18:00:00,212.65,212.76,211.46,212.47
2025-01-05 19:00:00,212.47,213.21,212.18,212.79
2025-01-05 20:00:00,212.79,213.95,212.54,213.01
2025-01-05 21:00:00,213,214,212.85,213.85
2025-01-05 22:00:00,213.85,214.5,213.39,214.22
2025-01-05 23:00:00,214.23,214.54,213.25,213.41
2025-01-06 00:00:00,213.41,214.22,212.04,212.16
2025-01-06 01:00:00,212.17,215.17,211.56,214.67
2025-01-06 02:00:00,214.67,216.99,214.48,215.6
2025-01-06 03:00:00,215.61,216.69,215.27,215.61
2025-01-06 04:00:00,215.61,216.83,215.36,215.85
2025-01-06 05:00:00,215.84,216.9,215.21,215.57
2025-01-06 06:00:00,215.57,216.01,213.97,214.94
2025-01-06 07:00:00,214.93,215.51,213.9,215.22
2025-01-06 08:00:00,215.22,216.23,213.45,214.02
2025-01-06 09:00:00,214.03,214.44,213.23,214.4
2025-01-06 10:00:00,214.41,215.24,213.86,215.03
2025-01-06 11:00:00,215.02,216.27,214.81,216.26
2025-01-06 12:00:00,216.26,217.85,215.77,216.82
2025-01-06 13:00:00,216.81,218.81,215.79,218.7
2025-01-06 14:00:00,218.7,222.14,216.69,221.05
2025-01-06 15:00:00,221.05,222.08,219.87,221.62
2025-01-06 16:00:00,221.62,223.18,220.12,220.85
2025-01-06 17:00:00,220.84,220.84,217.34,218.72
2025-01-06 18:00:00,218.73,219.56,217.95,218.84
2025-01-06 19:00:00,218.84,220.48,218.62,220
2025-01-06 20:00:00,220,220.44,218.24,218.54
2025-01-06 21:00:00,218.53,218.75,217.55,217.85
2025-01-06 22:00:00,217.86,218.8,217.67,218.54
2025-01-06 23:00:00,218.54,218.67,217.85,218.22
2025-01-07 00:00:00,218.22,219.11,217.67,217.78
2025-01-07 01:00:00,217.78,218.8,216.8,218.11
2025-01-07 02:00:00,218.11,218.25,216.49,216.59
2025-01-07 03:00:00,216.59,217.64,216.23,217.34
2025-01-07 04:00:00,217.35,217.45,216.18,216.18
2025-01-07 05:00:00,216.17,216.51,215.64,216.51
2025-01-07 06:00:00,216.5,216.69,215.96,216.36
2025-01-07 07:00:00,216.35,216.7,215.49,216.04
2025-01-07 08:00:00,216.04,216.77,215.35,216.6
2025-01-07 09:00:00,216.61,216.73,214.77,215.1
2025-01-07 10:00:00,215.1,215.22,214.35,214.88
2025-01-07 11:00:00,214.87,215.41,212.88,214.06
2025-01-07 12:00:00,214.07,214.22,212.74,213.49
2025-01-07 13:00:00,213.49,214.32,213.38,213.85
2025-01-07 14:00:00,213.84,214.36,210.87,211.64
2025-01-07 15:00:00,211.63,212.05,205.36,207.76
2025-01-07 16:00:00,207.76,209.09,206.85,207.55
2025-01-07 17:00:00,207.56,207.97,205.4,206.43
2025-01-07 18:00:00,206.43,207.13,204.11,205.06
2025-01-07 19:00:00,205.07,205.64,203.52,204.56
2025-01-07 20:00:00,204.56,204.63,202.65,204.36
2025-01-07 21:00:00,204.35,204.99,202.11,202.12
2025-01-07 22:00:00,202.13,203.96,201.8,203.71
2025-01-07 23:00:00,203.7,203.73,201.92,202.17
2025-01-08 00:00:00,202.17,203.28,201.9,202.62
2025-01-08 01:00:00,202.61,202.63,199.61,201.26
2025-01-08 02:00:00,201.26,201.73,200.1,200.11
2025-01-08 03:00:00,200.11,200.21,196.71,198.67
2025-01-08 04:00:00,198.68,199.57,196.64,196.97
2025-01-08 05:00:00,196.97,197.93,195.75,196.1
2025-01-08 06:00:00,196.1,196.79,193.42,193.45
2025-01-08 07:00:00,193.45,195.95,193.14,195.71
2025-01-08 08:00:00,195.71,197.88,195.6,197.36
2025-01-08 09:00:00,197.35,197.91,195.95,195.96
2025-01-08 10:00:00,195.97,198,195.96,197.21
2025-01-08 11:00:00,197.21,197.62,194.45,195.5
2025-01-08 12:00:00,195.51,196.28,194.86,195.06
2025-01-08 13:00:00,195.07,197.88,195.07,197.14
2025-01-08 14:00:00,197.14,199.27,196.81,197.73
2025-01-08 15:00:00,197.72,199.57,196.3,197.8
2025-01-08 16:00:00,197.8,197.97,194.51,194.68
2025-01-08 17:00:00,194.68,195,188.34,193.2
2025-01-08 18:00:00,193.21,196.91,192.8,193.95
2025-01-08 19:00:00,193.95,196.01,193.27,194.32
2025-01-08 20:00:00,194.31,196.28,193.67,195.76
2025-01-08 21:00:00,195.76,196.15,193.87,195.04
2025-01-08 22:00:00,195.03,197.97,195.03,197.84
2025-01-08 23:00:00,197.83,198.3,196.95,197.48
2025-01-09 00:00:00,197.48,197.93,196.45,197.9
2025-01-09 01:00:00,197.9,199.06,197.35,197.78
2025-01-09 02:00:00,197.79,198.01,195.11,197.13
2025-01-09 03:00:00,197.13,197.3,194.15,194.35
2025-01-09 04:00:00,194.35,195.48,193.64,195.38
2025-01-09 05:00:00,195.38,195.55,194.23,194.29
2025-01-09 06:00:00,194.29,194.94,193.22,193.41
2025-01-09 07:00:00,193.4,193.97,189.76,190.11
2025-01-09 08:00:00,190.11,192.4,189.12,191.14
2025-01-09 09:00:00,191.15,192.45,191,191.66
2025-01-09 10:00:00,191.67,192.12,189.76,191.41
2025-01-09 11:00:00,191.42,192.83,190.62,191.18
2025-01-09 12:00:00,191.17,192.09,189.37,190.33
2025-01-09 13:00:00,190.34,190.6,185.46,185.5
2025-01-09 14:00:00,185.49,188.84,185.07,188.78
2025-01-09 15:00:00,188.78,193.07,187.9,192.22
2025-01-09 16:00:00,192.22,192.81,190.65,191.86
2025-01-09 17:00:00,191.85,192.22,186.17,187.3
2025-01-09 18:00:00,187.3,189.42,187.02,188.45
2025-01-09 19:00:00,188.46,188.98,185.72,185.89
2025-01-09 20:00:00,185.9,186.44,182,185.15
2025-01-09 21:00:00,185.14,187.03,184.64,184.77
2025-01-09 22:00:00,184.78,187.59,183.23,185.92
2025-01-09 23:00:00,185.93,186.17,184.32,184.95
2025-01-10 00:00:00,184.96,187,184.95,186.41
2025-01-10 01:00:00,186.41,188.08,185.77,187.56
2025-01-10 02:00:00,187.55,189.41,187.39,188.3
2025-01-10 03:00:00,188.3,189.56,188,189.14
2025-01-10 04:00:00,189.14,189.98,188.6,189.04
2025-01-10 05:00:00,189.04,191.43,188.38,189.9
2025-01-10 06:00:00,189.9,191.19,189.35,191.07
2025-01-10 07:00:00,191.08,193.02,190.65,191.78
2025-01-10 08:00:00,191.77,192.48,191.4,192.05
2025-01-10 09:00:00,192.05,192.8,191.3,191.99
2025-01-10 10:00:00,192,192.68,191.47,192.65
2025-01-10 11:00:00,192.64,192.87,191.13,191.97
2025-01-10 12:00:00,191.98,192.18,190.54,191.84
2025-01-10 13:00:00,191.85,192.03,184.84,186.51
2025-01-10 14:00:00,186.5,189.35,185.91,187.58
2025-01-10 15:00:00,187.58,188.88,183.51,187.28
2025-01-10 16:00:00,187.28,187.54,184.26,184.72
2025-01-10 17:00:00,184.72,192.07,183.85,191.61
2025-01-10 18:00:00,191.6,191.96,189.29,190.02
2025-01-10 19:00:00,190.01,190.98,189.2,190.22
2025-01-10 20:00:00,190.22,190.5,186.88,187.44
2025-01-10 21:00:00,187.43,188.83,187.1,187.74
2025-01-10 22:00:00,187.75,188.69,186.71,188.09
2025-01-10 23:00:00,188.1,188.53,187.3,187.68
2025-01-11 00:00:00,187.69,188.29,187.18,188.25
2025-01-11 01:00:00,188.24,188.79,185.84,186.38
2025-01-11 02:00:00,186.39,187.17,186.1,186.72
2025-01-11 03:00:00,186.72,186.73,185.61,186.37
2025-01-11 04:00:00,186.37,186.72,185.17,185.78
2025-01-11 05:00:00,185.77,186.23,185.16,186.21
2025-01-11 06:00:00,186.22,187.2,186.12,186.13
2025-01-11 07:00:00,186.12,186.86,185.04,186.24
2025-01-11 08:00:00,186.24,186.88,185.11,185.59
2025-01-11 09:00:00,185.58,186.46,184.2,185.09
2025-01-11 10:00:00,185.08,185.75,184.01,185.16
2025-01-11 11:00:00,185.15,186.83,185.05,186.69
2025-01-11 12:00:00,186.69,187.54,186.42,186.91
2025-01-11 13:00:00,186.92,187.5,186.19,186.54
2025-01-11 14:00:00,186.55,187.96,185.87,187.91
2025-01-11 15:00:00,187.9,188.25,186.67,186.95
2025-01-11 16:00:00,186.96,187.46,186.01,187.21
2025-01-11 17:00:00,187.22,187.28,185.66,186.62
2025-01-11 18:00:00,186.63,187.85,186.4,187.65
2025-01-11 19:00:00,187.64,187.99,187.12,187.75
2025-01-11 20:00:00,187.74,190.76,187.49,190.41
2025-01-11 21:00:00,190.4,191.91,190.2,191.01
2025-01-11 22:00:00,191.01,191.06,188.07,188.31
2025-01-11 23:00:00,188.32,188.75,187.88,188.09
2025-01-12 00:00:00,188.09,188.3,187.26,187.35
2025-01-12 01:00:00,187.36,187.63,186.54,187.59
2025-01-12 02:00:00,187.59,188.39,187.07,188.39
2025-01-12 03:00:00,188.38,188.6,186.92,187.31
2025-01-12 04:00:00,187.31,187.5,186.67,186.81
2025-01-12 05:00:00,186.81,187.24,186.43,186.68
2025-01-12 06:00:00,186.68,186.82,185.92,185.93
2025-01-12 07:00:00,185.92,186.68,185.6,186.57
2025-01-12 08:00:00,186.57,186.92,185.71,185.97
2025-01-12 09:00:00,185.97,186.4,185.17,185.82
2025-01-12 10:00:00,185.83,186.4,185.36,186.12
2025-01-12 11:00:00,186.13,186.99,186,186.68
2025-01-12 12:00:00,186.68,187.55,186.17,187.03
2025-01-12 13:00:00,187.02,188.63,186.72,188.06
2025-01-12 14:00:00,188.05,188.93,187.83,188.42
2025-01-12 15:00:00,188.42,191,188.23,190.45
2025-01-12 16:00:00,190.45,190.76,189.16,190
2025-01-12 17:00:00,189.99,190.58,189.31,189.91
2025-01-12 18:00:00,189.9,190.45,189.14,189.58
2025-01-12 19:00:00,189.58,189.98,188.63,188.9
2025-01-12 20:00:00,188.9,189.98,188.83,189.35
2025-01-12 21:00:00,189.34,189.53,187.94,188.45
2025-01-12 22:00:00,188.44,188.65,186.59,186.99
2025-01-12 23:00:00,186.99,188.73,186.72,188.51
2025-01-13 00:00:00,188.5,191.99,188.3,190.64
2025-01-13 01:00:00,190.63,190.77,186.9,187.42
2025-01-13 02:00:00,187.42,187.66,184.31,185.75
2025-01-13 03:00:00,185.76,186.53,184.21,185.03
2025-01-13 04:00:00,185.02,186.98,184.64,185.36
2025-01-13 05:00:00,185.37,185.52,183.27,183.89
2025-01-13 06:00:00,183.9,184.49,181.7,182.07
2025-01-13 07:00:00,182.08,183.5,181.5,182.46
2025-01-13 08:00:00,182.46,182.53,180.16,180.56
2025-01-13 09:00:00,180.57,180.88,178.69,179.98
2025-01-13 10:00:00,179.98,180.28,178.05,178.4
2025-01-13 11:00:00,178.4,178.44,175.23,175.41
2025-01-13 12:00:00,175.41,177.61,174.77,175.22
2025-01-13 13:00:00,175.21,178.32,174.28,175.89
2025-01-13 14:00:00,175.89,177,168.88,175.48
2025-01-13 15:00:00,175.48,180.34,175.01,178.8
2025-01-13 16:00:00,178.81,179.81,176.15,176.26
2025-01-13 17:00:00,176.27,178.43,175.55,176.37
2025-01-13 18:00:00,176.37,177.97,174.45,175.99
2025-01-13 19:00:00,175.98,178.67,175.13,177.6
2025-01-13 20:00:00,177.6,182.44,176.61,181.58
2025-01-13 21:00:00,181.59,182.13,180.29,181.89
2025-01-13 22:00:00,181.9,183.48,181.61,183.11
2025-01-13 23:00:00,183.1,183.81,182.65,182.87
2025-01-14 00:00:00,182.86,183.06,181.88,182.37
2025-01-14 01:00:00,182.38,184.18,182.33,182.63
2025-01-14 02:00:00,182.62,184.13,181.99,183.39
2025-01-14 03:00:00,183.39,184.63,183.34,184.19
2025-01-14 04:00:00,184.2,185.95,184.2,185.88
2025-01-14 05:00:00,185.87,186.67,184.7,185.19
2025-01-14 06:00:00,185.2,186.91,185.2,186.3
2025-01-14 07:00:00,186.3,186.39,185.34,185.61
2025-01-14 08:00:00,185.61,187.5,185.6,186.88
2025-01-14 09:00:00,186.87,190.09,186.48,189.45
2025-01-14 10:00:00,189.45,189.46,187.53,187.75
2025-01-14 11:00:00,187.74,188.12,186.69,187.06
2025-01-14 12:00:00,187.05,187.26,184.69,186.03
2025-01-14 13:00:00,186.04,188.82,185.58,188.05
2025-01-14 14:00:00,188.05,190.11,186.94,187.2
2025-01-14 15:00:00,187.21,188.63,186.79,186.85
2025-01-14 16:00:00,186.85,187.31,185.72,186.49
2025-01-14 17:00:00,186.48,187.91,185.99,186.63
2025-01-14 18:00:00,186.63,187.25,186,186.63
2025-01-14 19:00:00,186.63,187.6,186.18,187.08
2025-01-14 20:00:00,187.08,187.28,185.82,187.17
2025-01-14 21:00:00,187.17,187.93,186.69,187.26
2025-01-14 22:00:00,187.26,188.8,187.08,188.69
2025-01-14 23:00:00,188.69,188.81,187.38,187.57
2025-01-15 00:00:00,187.57,188.28,187.03,187.44
2025-01-15 01:00:00,187.44,188.89,187.11,188.15
2025-01-15 02:00:00,188.15,188.58,187.03,187.3
2025-01-15 03:00:00,187.31,189.74,187.25,189.73
2025-01-15 04:00:00,189.73,190.08,188.73,189.72
2025-01-15 05:00:00,189.73,189.8,188.35,189.63
2025-01-15 06:00:00,189.63,189.72,188.45,189.36
2025-01-15 07:00:00,189.36,190.77,189.32,190
2025-01-15 08:00:00,189.99,190.7,189.21,189.21
2025-01-15 09:00:00,189.21,189.53,186.44,186.64
2025-01-15 10:00:00,186.65,187.95,186.53,187.56
2025-01-15 11:00:00,187.56,187.67,185.84,186.98
2025-01-15 12:00:00,186.98,187.27,185.99,186.39
2025-01-15 13:00:00,186.39,195.75,186.33,195.73
2025-01-15 14:00:00,195.72,197.12,192.99,195.72
2025-01-15 15:00:00,195.73,198.03,195.67,196.52
2025-01-15 16:00:00,196.52,198.73,196.43,198.07
2025-01-15 17:00:00,198.08,199.34,197.6,197.71
2025-01-15 18:00:00,197.72,201.85,197.72,201.3
2025-01-15 19:00:00,201.29,202.35,200.23,201.9
2025-01-15 20:00:00,201.9,204.78,201.89,202.74
2025-01-15 21:00:00,202.75,203.84,202.46,202.82
2025-01-15 22:00:00,202.83,204.97,202.5,204.49
2025-01-15 23:00:00,204.5,206.04,203.87,205.86
2025-01-16 00:00:00,205.86,206.29,203.05,204.56
2025-01-16 01:00:00,204.57,205.34,203.16,204.09
2025-01-16 02:00:00,204.09,204.09,202.45,202.93
2025-01-16 03:00:00,202.92,203.24,201.36,201.99
2025-01-16 04:00:00,201.98,202.45,201.46,201.84
2025-01-16 05:00:00,201.84,203.2,201.59,203.01
2025-01-16 06:00:00,203.02,203.43,202.47,203.02
2025-01-16 07:00:00,203.02,203.5,202.61,203.14
2025-01-16 08:00:00,203.15,203.4,199.05,199.7
2025-01-16 09:00:00,199.7,201.47,198.47,201.27
2025-01-16 10:00:00,201.27,201.52,200.18,200.41
2025-01-16 11:00:00,200.42,212.98,199.75,212.78
2025-01-16 12:00:00,212.77,217.14,212.66,215.14
2025-01-16 13:00:00,215.15,215.53,208.39,209.88
2025-01-16 14:00:00,209.87,210.88,205.36,207.72
2025-01-16 15:00:00,207.72,209.87,206.36,209.07
2025-01-16 16:00:00,209.07,214.86,208.83,213.11
2025-01-16 17:00:00,213.1,215.44,212.38,214.47
2025-01-16 18:00:00,214.47,215.18,211.36,212.73
2025-01-16 19:00:00,212.72,214.24,212.2,214.19
2025-01-16 20:00:00,214.2,214.54,212.45,213.24
2025-01-16 21:00:00,213.24,213.3,211.37,211.61
2025-01-16 22:00:00,211.61,211.64,208.53,209.78
2025-01-16 23:00:00,209.78,211.53,209.71,211.14
2025-01-17 00:00:00,211.15,212.12,209.84,210.9
2025-01-17 01:00:00,210.9,215.35,210.84,214.49
2025-01-17 02:00:00,214.49,214.96,211.75,212.99
2025-01-17 03:00:00,213,213.06,210.98,211.1
2025-01-17 04:00:00,211.1,212.92,210.94,212.91
2025-01-17 05:00:00,212.9,213.25,211.87,212.51
2025-01-17 06:00:00,212.51,213.62,212.12,212.6
2025-01-17 07:00:00,212.59,213.83,212.3,213.27
2025-01-17 08:00:00,213.27,216.36,213.22,216.28
2025-01-17 09:00:00,216.28,216.83,214.93,215.34
2025-01-17 10:00:00,215.34,217.88,214.61,217.28
2025-01-17 11:00:00,217.29,219.7,216.55,218.77
2025-01-17 12:00:00,218.77,220.43,218.34,220.33
2025-01-17 13:00:00,220.33,222.11,219.65,219.99
2025-01-17 14:00:00,219.99,221.59,218.26,219.29
2025-01-17 15:00:00,219.28,220.67,216.39,218.6
2025-01-17 16:00:00,218.6,221.93,217.86,220.81
2025-01-17 17:00:00,220.82,221.49,216.07,216.52
2025-01-17 18:00:00,216.51,217.33,215.66,216.5
2025-01-17 19:00:00,216.5,218,216.16,217.16
2025-01-17 20:00:00,217.17,221.22,216.46,220.33
2025-01-17 21:00:00,220.33,220.48,216.75,218.47
2025-01-17 22:00:00,218.47,220.6,218.38,219.23
2025-01-17 23:00:00,219.22,220.85,218.75,219.51
2025-01-18 00:00:00,219.52,221.15,219.12,219.95
2025-01-18 01:00:00,219.95,220,217.77,218.82
2025-01-18 02:00:00,218.83,222.09,217.29,222.04
2025-01-18 03:00:00,222.04,228.8,219.31,220.47
2025-01-18 04:00:00,220.47,230.31,219.85,228.46
2025-01-18 05:00:00,228.46,232.03,225.48,226.18
2025-01-18 06:00:00,226.15,238.15,226.07,236.29
2025-01-18 07:00:00,236.28,237.21,232,232.89
2025-01-18 08:00:00,232.89,240.44,230.75,238.79
2025-01-18 09:00:00,238.79,241.86,236.21,238.16
2025-01-18 10:00:00,238.16,245,237.85,243.17
2025-01-18 11:00:00,243.17,244.35,237.78,238.95
2025-01-18 12:00:00,238.95,244.55,238.91,243.4
2025-01-18 13:00:00,243.4,243.95,239.16,240.27
2025-01-18 14:00:00,240.27,243.99,239.88,242.85
2025-01-18 15:00:00,242.85,260,240.84,257.75
2025-01-18 16:00:00,257.75,270.67,242.51,242.65
2025-01-18 17:00:00,242.65,255,242.53,252.1
2025-01-18 18:00:00,252.11,257.98,252.04,254.52
2025-01-18 19:00:00,254.51,259.34,253.74,255.35
2025-01-18 20:00:00,255.35,257.56,247.22,248.44
2025-01-18 21:00:00,248.43,254.61,247.58,252.59
2025-01-18 22:00:00,252.59,256.77,251.94,254.43
2025-01-18 23:00:00,254.43,264.68,254.28,261.97
2025-01-19 00:00:00,261.97,265,256.33,256.6
2025-01-19 01:00:00,256.6,257.67,253.15,255.56
2025-01-19 02:00:00,255.57,259.08,253.5,254.37
2025-01-19 03:00:00,254.36,258.88,252.08,255.6
2025-01-19 04:00:00,255.6,275,254.17,273.69
2025-01-19 05:00:00,273.68,274.3,265,266.38
2025-01-19 06:00:00,266.37,274.9,265.88,274.68
2025-01-19 07:00:00,274.68,277.99,271.2,271.53
2025-01-19 08:00:00,271.52,275.47,268.44,274.5
2025-01-19 09:00:00,274.51,279.23,266.28,274
2025-01-19 10:00:00,274.01,289.75,272.75,284.44
2025-01-19 11:00:00,284.44,295.83,284.2,286.24
2025-01-19 12:00:00,286.23,289.72,275.22,277.34
2025-01-19 13:00:00,277.35,288.25,276.73,282.82
2025-01-19 14:00:00,282.81,285.64,267.38,270.62
2025-01-19 15:00:00,270.62,272.98,262.95,270.58
2025-01-19 16:00:00,270.58,271.26,264.04,268.93
2025-01-19 17:00:00,268.94,271.57,264.23,271.36
2025-01-19 18:00:00,271.35,275.41,270.33,272.21
2025-01-19 19:00:00,272.21,272.98,268,269.5
2025-01-19 20:00:00,269.5,277.78,268.86,277.65
2025-01-19 21:00:00,277.64,278.43,252.27,255.2
2025-01-19 22:00:00,255.21,259.39,240,252.93
2025-01-19 23:00:00,252.94,254.73,236.68,252.42
2025-01-20 00:00:00,252.4,252.76,235.31,236.06
2025-01-20 01:00:00,236.06,247.38,235.61,241.95
2025-01-20 02:00:00,241.95,247.84,230.01,232.04
2025-01-20 03:00:00,232.02,243.74,229.44,241.38
2025-01-20 04:00:00,241.38,246.54,239,243.67
2025-01-20 05:00:00,243.66,248.68,243.37,244.77
2025-01-20 06:00:00,244.78,259.99,242.47,257.84
2025-01-20 07:00:00,257.83,264.3,255.44,261.9
2025-01-20 08:00:00,261.91,269.99,258.83,269.49
2025-01-20 09:00:00,269.49,273.29,261.79,262.79
2025-01-20 10:00:00,262.78,266.33,258.61,259.27
2025-01-20 11:00:00,259.28,260.74,256.64,260.6
2025-01-20 12:00:00,260.6,261.74,249.91,253.35
2025-01-20 13:00:00,253.35,257.82,251,256.21
2025-01-20 14:00:00,256.2,259.21,254.31,257.39
2025-01-20 15:00:00,257.39,259.2,253.31,254.06
2025-01-20 16:00:00,254.07,256.77,247.07,256.48
2025-01-20 17:00:00,256.48,256.72,232.07,243.85
2025-01-20 18:00:00,243.86,250.64,242.11,249.27
2025-01-20 19:00:00,249.27,249.67,244.6,246.26
2025-01-20 20:00:00,246.27,249.16,244.79,245.35
2025-01-20 21:00:00,245.34,250.51,245.07,246.3
2025-01-20 22:00:00,246.3,250.99,242.83,250.1
2025-01-20 23:00:00,250.11,250.34,241.51,242.19
2025-01-21 00:00:00,242.18,245.21,235.02,235.32
2025-01-21 01:00:00,235.31,240.1,232.1,234.34
2025-01-21 02:00:00,234.34,240.27,232.22,240.06
2025-01-21 03:00:00,240.06,241.33,236.12,237.86
2025-01-21 04:00:00,237.87,238.96,231.72,238.55
2025-01-21 05:00:00,238.54,239.15,232.21,232.46
2025-01-21 06:00:00,232.46,237.75,230,237.08
2025-01-21 07:00:00,237.08,238,234.47,236.84
2025-01-21 08:00:00,236.83,239.89,235.59,239.38
2025-01-21 09:00:00,239.38,240.94,236,238.51
2025-01-21 10:00:00,238.51,242.15,237.24,239.54
2025-01-21 11:00:00,239.55,241.53,237.01,239.44
2025-01-21 12:00:00,239.44,242.78,236.6,240.94
2025-01-21 13:00:00,240.94,244.35,239.4,241.34
2025-01-21 14:00:00,241.35,244.84,237.78,239.15
2025-01-21 15:00:00,239.15,241.54,235.77,240.92
2025-01-21 16:00:00,240.92,248.48,239.79,243.82
2025-01-21 17:00:00,243.83,249.73,243.51,249.12
2025-01-21 18:00:00,249.12,259.95,248.39,259.43
2025-01-21 19:00:00,259.42,260.06,252.04,253.41
2025-01-21 20:00:00,253.41,255.99,251.68,253.37
2025-01-21 21:00:00,253.38,255.11,251.57,253.76
2025-01-21 22:00:00,253.76,254.49,249.1,249.38
2025-01-21 23:00:00,249.38,250.7,246.69,250.33
2025-01-22 00:00:00,250.33,253.32,248.43,252.71
2025-01-22 01:00:00,252.71,253.87,250.8,252.12
2025-01-22 02:00:00,252.12,252.83,250.39,252.25
2025-01-22 03:00:00,252.24,256.97,252.03,254.11
2025-01-22 04:00:00,254.11,256.1,252.4,255.62
2025-01-22 05:00:00,255.62,257.93,255.09,256.04
2025-01-22 06:00:00,256.04,257.64,253.92,256.51
2025-01-22 07:00:00,256.5,259.78,255.31,258.51
2025-01-22 08:00:00,258.51,258.94,252.48,255.28
2025-01-22 09:00:00,255.27,255.83,253.19,253.75
2025-01-22 10:00:00,253.75,254.99,252.22,254.94
2025-01-22 11:00:00,254.93,258.75,254.75,257.76
2025-01-22 12:00:00,257.75,259.25,256.41,259.09
2025-01-22 13:00:00,259.08,264.98,257.33,260.32
2025-01-22 14:00:00,260.33,262.63,255.2,256.09
2025-01-22 15:00:00,256.09,258.56,254.48,257.3
2025-01-22 16:00:00,257.31,258.05,253.92,257.28
2025-01-22 17:00:00,257.29,260.54,256.2,259.27
2025-01-22 18:00:00,259.26,260.2,253.22,253.87
2025-01-22 19:00:00,253.87,266.31,253.62,265.29
2025-01-22 20:00:00,265.29,272.03,264.34,268.14
2025-01-22 21:00:00,268.13,268.93,262.31,262.45
2025-01-22 22:00:00,262.45,264.7,259.91,260.08
2025-01-22 23:00:00,260.07,260.47,255.64,257.36
2025-01-23 00:00:00,257.37,258.48,254.02,255.2
2025-01-23 01:00:00,255.21,256.9,252.41,253.18
2025-01-23 02:00:00,253.18,253.78,246.38,248.75
2025-01-23 03:00:00,248.75,251.31,247.73,248.85
2025-01-23 04:00:00,248.84,249.43,245.02,246.58
2025-01-23 05:00:00,246.58,250.19,246.51,249.33
2025-01-23 06:00:00,249.33,250.71,247.51,247.57
2025-01-23 07:00:00,247.57,250,246.31,249.53
2025-01-23 08:00:00,249.52,249.92,245.73,246.21
2025-01-23 09:00:00,246.21,248.57,245.74,247.08
2025-01-23 10:00:00,247.08,248.2,242.33,243.91
2025-01-23 11:00:00,243.91,245.26,242.9,244.19
2025-01-23 12:00:00,244.19,245.69,242.51,243.06
2025-01-23 13:00:00,243.06,247.71,242.19,246.78
2025-01-23 14:00:00,246.79,254.76,244.94,251.42
2025-01-23 15:00:00,251.43,252.81,244.58,249.39
2025-01-23 16:00:00,249.4,256.32,249.14,250.26
2025-01-23 17:00:00,250.25,253.35,247.66,252.25
2025-01-23 18:00:00,252.25,253.19,250.24,250.65
2025-01-23 19:00:00,250.66,250.66,245.27,246.84
2025-01-23 20:00:00,246.84,258.38,245.91,250.79
2025-01-23 21:00:00,250.78,251.58,243.62,245.9
2025-01-23 22:00:00,245.91,251.94,245.47,251.62
2025-01-23 23:00:00,251.62,255,250.54,253.11
2025-01-24 00:00:00,253.12,256.46,252.27,252.73
2025-01-24 01:00:00,252.74,253.05,248.93,250.08
2025-01-24 02:00:00,250.07,251.08,247.5,248.68
2025-01-24 03:00:00,248.69,253.59,247.18,252.23
2025-01-24 04:00:00,252.23,255.39,250.6,255.31
2025-01-24 05:00:00,255.3,261.39,254.55,261.31
2025-01-24 06:00:00,261.31,264.18,259.75,263.61
2025-01-24 07:00:00,263.62,264.44,259.58,259.7
2025-01-24 08:00:00,259.7,265.18,259.68,264.29
2025-01-24 09:00:00,264.29,265.3,262.85,263.82
2025-01-24 10:00:00,263.82,266.79,262.6,264.17
2025-01-24 11:00:00,264.18,267.34,264.09,266.82
2025-01-24 12:00:00,266.83,267.7,264.27,265.31
2025-01-24 13:00:00,265.3,267,263.63,266.88
2025-01-24 14:00:00,266.88,270.18,266.08,268.17
2025-01-24 15:00:00,268.18,269,260.84,262.28
2025-01-24 16:00:00,262.28,264.82,261.8,261.9
2025-01-24 17:00:00,261.91,264.93,261.37,264.53
2025-01-24 18:00:00,264.52,265.49,262.46,262.82
2025-01-24 19:00:00,262.81,263.53,260.45,262.06
2025-01-24 20:00:00,262.06,262.39,257,257.33
2025-01-24 21:00:00,257.34,261.43,256.33,257.61
2025-01-24 22:00:00,257.6,257.83,254.24,254.52
2025-01-24 23:00:00,254.52,255.21,252.74,253.37
2025-01-25 00:00:00,253.36,253.71,248.24,248.25
2025-01-25 01:00:00,248.25,253.08,248.08,251.86
2025-01-25 02:00:00,251.87,252.7,249.72,250.37
2025-01-25 03:00:00,250.36,253,249.6,252.74
2025-01-25 04:00:00,252.73,252.74,250.25,250.35
2025-01-25 05:00:00,250.35,250.8,248.22,248.74
2025-01-25 06:00:00,248.75,249.64,246.49,247.26
2025-01-25 07:00:00,247.25,247.65,246.55,247.28
2025-01-25 08:00:00,247.27,249.74,247.02,249.12
2025-01-25 09:00:00,249.12,249.47,247.32,247.92
2025-01-25 10:00:00,247.92,248.89,246.33,248.74
2025-01-25 11:00:00,248.74,250.78,247.56,249.97
2025-01-25 12:00:00,249.97,249.97,248.25,249.73
2025-01-25 13:00:00,249.73,250.96,249.33,250.35
2025-01-25 14:00:00,250.34,251.43,249.1,251.02
2025-01-25 15:00:00,251.02,254.7,250.93,253.68
2025-01-25 16:00:00,253.68,256.57,253.08,255.85
2025-01-25 17:00:00,255.84,258.15,253.17,257.88
2025-01-25 18:00:00,257.88,260.78,257.8,258.6
2025-01-25 19:00:00,258.61,259.87,257.37,258.5
2025-01-25 20:00:00,258.49,259.52,257.08,257.98
2025-01-25 21:00:00,257.98,259.24,257.16,258.21
2025-01-25 22:00:00,258.21,259.31,257.8,259.02
2025-01-25 23:00:00,259.01,259.75,255.59,256.41
2025-01-26 00:00:00,256.4,257.39,255,256.05
2025-01-26 01:00:00,256.05,257,254.57,254.93
2025-01-26 02:00:00,254.92,255.56,253.58,255.44
2025-01-26 03:00:00,255.43,259.96,255.43,258.42
2025-01-26 04:00:00,258.43,260.16,257.85,258.73
2025-01-26 05:00:00,258.74,259.16,257.36,257.75
2025-01-26 06:00:00,257.75,259.21,257.36,258.22
2025-01-26 07:00:00,258.22,259.97,258.21,258.95
2025-01-26 08:00:00,258.95,258.95,255.8,256.45
2025-01-26 09:00:00,256.45,256.54,254.07,254.9
2025-01-26 10:00:00,254.89,255.75,252.79,253.69
2025-01-26 11:00:00,253.69,255.77,253.23,255.59
2025-01-26 12:00:00,255.58,256.99,254.3,256.98
2025-01-26 13:00:00,256.98,257.55,254.7,255.23
2025-01-26 14:00:00,255.22,255.5,253.32,255.07
2025-01-26 15:00:00,255.07,256.19,254.41,254.58
2025-01-26 16:00:00,254.59,255.86,253.83,255.36
2025-01-26 17:00:00,255.35,258,254.97,256.21
2025-01-26 18:00:00,256.21,257.58,255.72,256.75
2025-01-26 19:00:00,256.75,257.2,255.84,256.28
2025-01-26 20:00:00,256.29,256.63,253.28,253.5
2025-01-26 21:00:00,253.5,253.68,249.13,249.22
2025-01-26 22:00:00,249.21,250.18,245.88,247.16
2025-01-26 23:00:00,247.15,247.55,240.32,240.5
2025-01-27 00:00:00,240.49,242.68,236.25,237.59
2025-01-27 01:00:00,237.59,238.68,235.01,235.82
2025-01-27 02:00:00,235.82,237.54,232.88,235
2025-01-27 03:00:00,234.99,238.21,234.55,235.8
2025-01-27 04:00:00,235.81,235.81,230.6,231.04
2025-01-27 05:00:00,231.04,232.46,229.44,232.05
2025-01-27 06:00:00,232.05,232.87,225.76,227.27
2025-01-27 07:00:00,227.28,229.16,221.71,227.53
2025-01-27 08:00:00,227.52,227.65,222.76,225.55
2025-01-27 09:00:00,225.55,227.9,224.27,226.4
2025-01-27 10:00:00,226.41,226.51,220.89,222.05
2025-01-27 11:00:00,222.04,227.99,221.97,225.85
2025-01-27 12:00:00,225.84,231.7,223.71,231.2
2025-01-27 13:00:00,231.19,236.28,229.84,231.1
2025-01-27 14:00:00,231.1,237.67,229.19,237.01
2025-01-27 15:00:00,237.01,237.24,232.5,233.66
2025-01-27 16:00:00,233.67,235.9,227.48,228.92
2025-01-27 17:00:00,228.92,230.66,226.13,227.16
2025-01-27 18:00:00,227.17,228.25,223.92,224.82
2025-01-27 19:00:00,224.83,228.16,224.72,226.53
2025-01-27 20:00:00,226.54,235.2,226.48,234.4
2025-01-27 21:00:00,234.39,237.9,232.61,233.95
2025-01-27 22:00:00,233.95,236.23,233.51,234.9
2025-01-27 23:00:00,234.91,235.72,233.85,234.89
2025-01-28 00:00:00,234.9,237.69,234.4,235.19
2025-01-28 01:00:00,235.19,235.92,233.06,234.38
2025-01-28 02:00:00,234.38,237.08,234.23,236.28
2025-01-28 03:00:00,236.27,237.8,235.16,236.69
2025-01-28 04:00:00,236.68,242.17,236.66,239.79
2025-01-28 05:00:00,239.78,244,239.63,242.42
2025-01-28 06:00:00,242.42,242.62,239.5,239.63
2025-01-28 07:00:00,239.62,241.32,238.51,238.74
2025-01-28 08:00:00,238.74,238.99,236.82,238.51
2025-01-28 09:00:00,238.5,238.63,235.32,238.17
2025-01-28 10:00:00,238.18,239.72,237.74,238.3
2025-01-28 11:00:00,238.3,239.38,237.05,238.25
2025-01-28 12:00:00,238.25,239.9,235.5,236.24
2025-01-28 13:00:00,236.23,238.74,236.03,236.67
2025-01-28 14:00:00,236.66,237.74,233.75,235.6
2025-01-28 15:00:00,235.61,240.23,235.53,237.49
2025-01-28 16:00:00,237.49,237.78,231.68,234.38
2025-01-28 17:00:00,234.38,237.17,233.65,234.32
2025-01-28 18:00:00,234.32,236,230.63,231.12
2025-01-28 19:00:00,231.13,233.1,230.3,232.19
2025-01-28 20:00:00,232.2,232.6,227.44,228.1
2025-01-28 21:00:00,228.1,229.89,225.51,225.85
2025-01-28 22:00:00,225.84,228.24,225.01,227.09
2025-01-28 23:00:00,227.09,227.6,225.11,227.06
2025-01-29 00:00:00,227.06,229.65,226.79,228.71
2025-01-29 01:00:00,228.71,230.23,228.41,229.66
2025-01-29 02:00:00,229.66,232,229.58,230.09
2025-01-29 03:00:00,230.09,231.83,229.8,231.2
2025-01-29 04:00:00,231.2,231.76,230.33,230.98
2025-01-29 05:00:00,230.97,231.75,229.83,230.88
2025-01-29 06:00:00,230.88,233.83,230.88,233.82
2025-01-29 07:00:00,233.82,234.78,232.8,234.41
2025-01-29 08:00:00,234.42,235.9,233.27,233.79
2025-01-29 09:00:00,233.79,233.98,230.88,231.19
2025-01-29 10:00:00,231.19,232.67,230.14,231.84
2025-01-29 11:00:00,231.85,233.2,231.24,231.99
2025-01-29 12:00:00,231.98,232.03,228.44,228.57
2025-01-29 13:00:00,228.57,228.99,226,227.18
2025-01-29 14:00:00,227.17,228.95,226.5,227.78
2025-01-29 15:00:00,227.78,229.77,227.15,228.4
2025-01-29 16:00:00,228.41,228.81,226.31,226.88
2025-01-29 17:00:00,226.88,230.83,226.71,228.91
2025-01-29 18:00:00,228.92,231.5,227.4,230.99
2025-01-29 19:00:00,230.98,236.12,222.63,231.68
2025-01-29 20:00:00,231.68,238.49,228.71,234.53
2025-01-29 21:00:00,234.52,238.05,232.15,234.66
2025-01-29 22:00:00,234.66,235.49,231.63,231.69
2025-01-29 23:00:00,231.68,232.32,227.61,228.16
2025-01-30 00:00:00,228.16,231.52,226.84,231.32
2025-01-30 01:00:00,231.33,235.6,230.81,234.49
2025-01-30 02:00:00,234.49,237.62,233.49,237.59
2025-01-30 03:00:00,237.6,241.01,236.96,240.24
2025-01-30 04:00:00,240.25,241.67,239.34,240.87
2025-01-30 05:00:00,240.87,242.13,239.03,240.33
2025-01-30 06:00:00,240.34,240.79,238.45,238.85
2025-01-30 07:00:00,238.85,239.66,237.2,238.9
2025-01-30 08:00:00,238.9,240.28,238.01,239.67
2025-01-30 09:00:00,239.68,241.39,239.61,240.48
2025-01-30 10:00:00,240.47,241.58,239.22,241.48
2025-01-30 11:00:00,241.48,241.94,240.41,241.77
2025-01-30 12:00:00,241.77,242,239.43,239.89
2025-01-30 13:00:00,239.89,241.93,239.11,240.95
2025-01-30 14:00:00,240.94,242.75,239.21,242.14
2025-01-30 15:00:00,242.14,244.7,240.65,241.09
2025-01-30 16:00:00,241.08,243.42,240.67,243.21
2025-01-30 17:00:00,243.2,243.22,240.01,241.07
2025-01-30 18:00:00,241.08,241.7,239.33,241.09
2025-01-30 19:00:00,241.09,241.38,238.72,241.13
2025-01-30 20:00:00,241.14,241.23,238.4,238.63
2025-01-30 21:00:00,238.63,240.64,238.62,240.51
2025-01-30 22:00:00,240.51,242.2,239.43,239.97
2025-01-30 23:00:00,239.96,240.81,238.3,238.31
2025-01-31 00:00:00,238.3,239.19,236.16,238.86
2025-01-31 01:00:00,238.86,239.07,236.86,237.72
2025-01-31 02:00:00,237.72,238.42,236.48,237.63
2025-01-31 03:00:00,237.63,237.65,235.13,235.95
2025-01-31 04:00:00,235.95,236.68,234.92,235.91
2025-01-31 05:00:00,235.92,237.84,235.8,237.55
2025-01-31 06:00:00,237.56,238.25,237.1,237.79
2025-01-31 07:00:00,237.78,238.41,235.42,235.73
2025-01-31 08:00:00,235.73,236.17,235,235.12
2025-01-31 09:00:00,235.12,235.83,234.19,235.73
2025-01-31 10:00:00,235.73,236.51,235.01,236.06
2025-01-31 11:00:00,236.06,239.05,236.04,238.76
2025-01-31 12:00:00,238.77,240.95,237.8,240.72
2025-01-31 13:00:00,240.73,241.82,239.36,240.36
2025-01-31 14:00:00,240.35,240.4,236.05,236.49
2025-01-31 15:00:00,236.5,241.14,236.47,240.09
2025-01-31 16:00:00,240.1,240.18,237.51,238.73
2025-01-31 17:00:00,238.72,238.82,235.34,235.35
2025-01-31 18:00:00,235.35,235.62,230.29,230.4
2025-01-31 19:00:00,230.4,232.78,230.17,230.52
2025-01-31 20:00:00,230.51,230.65,228.53,230.01
2025-01-31 21:00:00,230.01,230.48,228.24,230.26
2025-01-31 22:00:00,230.25,231.86,229.68,231.21
2025-01-31 23:00:00,231.2,231.8,230.08,231.77
2025-02-01 00:00:00,231.77,233.16,230.9,232.57
2025-02-01 01:00:00,232.56,234.23,232.36,232.37
2025-02-01 02:00:00,232.36,236.46,231.51,232.82
2025-02-01 03:00:00,232.82,233.13,230.61,231.46
2025-02-01 04:00:00,231.47,232.47,231.05,231.77
2025-02-01 05:00:00,231.78,233.08,231.62,232.21
2025-02-01 06:00:00,232.21,232.22,230.36,231.41
2025-02-01 07:00:00,231.4,231.64,230,230.68
2025-02-01 08:00:00,230.67,230.93,228.65,229.59
2025-02-01 09:00:00,229.59,229.6,226.93,227.01
2025-02-01 10:00:00,227,228.61,226.37,226.47
2025-02-01 11:00:00,226.47,228.15,226.29,228.11
2025-02-01 12:00:00,228.1,229.53,227.61,229.16
2025-02-01 13:00:00,229.16,229.46,226.88,227.03
2025-02-01 14:00:00,227.04,228.2,225.12,225.35
2025-02-01 15:00:00,225.35,226.82,224.83,226.38
2025-02-01 16:00:00,226.38,227,224.75,224.89
2025-02-01 17:00:00,224.89,227.66,224.89,227.25
2025-02-01 18:00:00,227.25,227.35,224.42,224.45
2025-02-01 19:00:00,224.45,224.61,220.86,221.75
2025-02-01 20:00:00,221.76,221.76,216.78,218.45
2025-02-01 21:00:00,218.45,219.54,215.79,216.12
2025-02-01 22:00:00,216.12,217.54,214.01,215.85
2025-02-01 23:00:00,215.85,215.98,212.74,213.03
2025-02-02 00:00:00,213.03,217.98,212.44,217.17
2025-02-02 01:00:00,217.17,218.9,216.94,217.53
2025-02-02 02:00:00,217.54,217.65,213.94,214.21
2025-02-02 03:00:00,214.21,215,206.83,207.11
2025-02-02 04:00:00,207.11,210.91,206.74,208.56
2025-02-02 05:00:00,208.56,212.83,208.29,212.29
2025-02-02 06:00:00,212.28,214.08,211.99,212.99
2025-02-02 07:00:00,213,213.29,211.14,211.78
2025-02-02 08:00:00,211.77,215.79,210.82,215.21
2025-02-02 09:00:00,215.2,215.2,213.1,213.71
2025-02-02 10:00:00,213.71,213.76,211.28,212
2025-02-02 11:00:00,211.99,212.2,207.71,208.68
2025-02-02 12:00:00,208.67,211.31,208.24,208.31
2025-02-02 13:00:00,208.31,213,208.27,212.84
2025-02-02 14:00:00,212.84,214.19,212.19,213.33
2025-02-02 15:00:00,213.34,213.34,209.7,212.07
2025-02-02 16:00:00,212.06,212.13,205.93,206.66
2025-02-02 17:00:00,206.66,208.75,202.3,203.19
2025-02-02 18:00:00,203.19,204.62,197.29,197.67
2025-02-02 19:00:00,197.66,206.38,195,203.54
2025-02-02 20:00:00,203.53,206.78,201.97,203.01
2025-02-02 21:00:00,203.02,204.12,201.26,202.18
2025-02-02 22:00:00,202.19,206.17,192.31,203.67
2025-02-02 23:00:00,203.68,204.03,196.58,203.51
2025-02-03 00:00:00,203.52,203.89,192.2,198.34
2025-02-03 01:00:00,198.34,199.99,178,184.93
2025-02-03 02:00:00,184.86,192,175.89,187.95
2025-02-03 03:00:00,187.95,199.79,187.38,197.92
2025-02-03 04:00:00,197.92,199.97,189.27,189.87
2025-02-03 05:00:00,189.87,197.46,189.68,196.83
2025-02-03 06:00:00,196.83,198.39,193.73,195.74
2025-02-03 07:00:00,195.74,199.7,195.25,199.09
2025-02-03 08:00:00,199.09,199.11,193.38,195.59
2025-02-03 09:00:00,195.59,199.12,193.77,194.2
2025-02-03 10:00:00,194.2,202.15,194.04,201.84
2025-02-03 11:00:00,201.84,201.84,198.05,198.74
2025-02-03 12:00:00,198.74,199.65,194.91,195.12
2025-02-03 13:00:00,195.13,196.86,193.4,194.67
2025-02-03 14:00:00,194.67,199.83,189.9,199.71
2025-02-03 15:00:00,199.7,210,197.95,207.02
2025-02-03 16:00:00,207.01,209.11,203.61,207.69
2025-02-03 17:00:00,207.7,208.25,205.43,206.63
2025-02-03 18:00:00,206.69,212.06,205.14,211.81
2025-02-03 19:00:00,211.8,215.27,211.11,215.2
2025-02-03 20:00:00,215.19,215.37,210.35,211.52
2025-02-03 21:00:00,211.52,217.89,209.89,216.48
2025-02-03 22:00:00,216.49,218.7,215,217.54
2025-02-03 23:00:00,217.55,217.85,215.45,216.28
2025-02-04 00:00:00,216.27,217.97,215.21,215.3
2025-02-04 01:00:00,215.3,219.5,215.18,218.64
2025-02-04 02:00:00,218.64,219.97,215.65,215.67
2025-02-04 03:00:00,215.68,216.42,213.89,215.48
2025-02-04 04:00:00,215.48,216.08,212.44,212.93
2025-02-04 05:00:00,212.92,213.35,201.87,203.94
2025-02-04 06:00:00,203.95,207.32,203.73,206.61
2025-02-04 07:00:00,206.61,207.9,203.67,204.23
2025-02-04 08:00:00,204.22,206.05,202.43,203.61
2025-02-04 09:00:00,203.6,206.54,203.52,204.64
2025-02-04 10:00:00,204.65,208.77,204.52,207.58
2025-02-04 11:00:00,207.58,210.8,207.42,207.67
2025-02-04 12:00:00,207.67,212.7,207.67,211.17
2025-02-04 13:00:00,211.17,213.25,209.99,210.36
2025-02-04 14:00:00,210.35,216.04,209.35,214.24
2025-02-04 15:00:00,214.23,216.74,209.78,215.65
2025-02-04 16:00:00,215.65,217.98,214.48,214.55
2025-02-04 17:00:00,214.55,217,212.32,213.86
2025-02-04 18:00:00,213.85,214.66,211.51,214.47
2025-02-04 19:00:00,214.47,218.35,208.27,208.29
2025-02-04 20:00:00,208.29,210.49,205.25,206.21
2025-02-04 21:00:00,206.21,206.54,202.54,203.11
2025-02-04 22:00:00,203.11,206.35,202.52,205.48
2025-02-04 23:00:00,205.49,208.32,203.66,206.64
2025-02-05 00:00:00,206.64,208.24,205.64,206.71
2025-02-05 01:00:00,206.7,209.39,205.12,205.52
2025-02-05 02:00:00,205.51,208.22,205.11,207.56
2025-02-05 03:00:00,207.56,209.02,206.51,207.38
2025-02-05 04:00:00,207.38,207.53,204.67,205.06
2025-02-05 05:00:00,205.06,206.73,203.54,206.47
2025-02-05 06:00:00,206.46,208.32,204.28,204.74
2025-02-05 07:00:00,204.73,205.86,203.85,205.07
2025-02-05 08:00:00,205.06,206.29,203.83,204.97
2025-02-05 09:00:00,204.96,206.13,202.92,203.37
2025-02-05 10:00:00,203.36,205.41,203.11,204.65
2025-02-05 11:00:00,204.66,206.94,204.65,206.33
2025-02-05 12:00:00,206.32,207.18,204.59,204.85
2025-02-05 13:00:00,204.84,206.29,204.45,206
2025-02-05 14:00:00,205.99,207.62,203.3,203.94
2025-02-05 15:00:00,203.95,205.77,201.42,201.77
2025-02-05 16:00:00,201.76,202.12,197.83,199.79
2025-02-05 17:00:00,199.79,201.49,196.57,197.41
2025-02-05 18:00:00,197.42,198.85,196.42,197.75
2025-02-05 19:00:00,197.75,200,197.13,199.56
2025-02-05 20:00:00,199.56,200.67,196.7,198.56
2025-02-05 21:00:00,198.57,200.06,198.25,198.83
2025-02-05 22:00:00,198.82,199.48,195.47,195.99
2025-02-05 23:00:00,195.98,197.45,195.14,196.12
2025-02-06 00:00:00,196.12,198.92,195.93,197.18
2025-02-06 01:00:00,197.19,199.98,196.22,199.4
2025-02-06 02:00:00,199.38,201.22,199.24,200.31
2025-02-06 03:00:00,200.31,201.27,199.36,200.71
2025-02-06 04:00:00,200.71,202.1,200.27,201.58
2025-02-06 05:00:00,201.58,202.62,200.69,201.7
2025-02-06 06:00:00,201.69,203.98,201.44,203.7
2025-02-06 07:00:00,203.69,203.69,201.8,202
2025-02-06 08:00:00,202,202.54,200.84,201.15
2025-02-06 09:00:00,201.14,202.93,200.66,202.57
2025-02-06 10:00:00,202.58,202.86,200.84,201.34
2025-02-06 11:00:00,201.33,201.5,198.66,200.26
2025-02-06 12:00:00,200.27,200.63,197.77,198.24
2025-02-06 13:00:00,198.24,200.46,198.04,200.22
2025-02-06 14:00:00,200.21,200.65,195.1,195.25
2025-02-06 15:00:00,195.25,196.2,190.52,191.23
2025-02-06 16:00:00,191.23,192.95,188.73,190.34
2025-02-06 17:00:00,190.35,192.92,189.06,190.03
2025-02-06 18:00:00,190.03,191.07,188.36,189.94
2025-02-06 19:00:00,189.94,191.76,188.72,189.9
2025-02-06 20:00:00,189.91,193.14,189.56,193.14
2025-02-06 21:00:00,193.14,194.66,190.62,193.99
2025-02-06 22:00:00,193.99,194.11,190.4,190.69
2025-02-06 23:00:00,190.69,191.17,187.39,189.54
2025-02-07 00:00:00,189.53,192.33,189.18,189.88
2025-02-07 01:00:00,189.89,193.79,189.81,192.26
2025-02-07 02:00:00,192.25,195.21,192.12,194.89
2025-02-07 03:00:00,194.88,195.87,192.48,193.31
2025-02-07 04:00:00,193.3,195.36,193.08,194.16
2025-02-07 05:00:00,194.16,194.69,192.19,192.78
2025-02-07 06:00:00,192.78,192.99,189.02,190.83
2025-02-07 07:00:00,190.82,193.54,190.76,192.54
2025-02-07 08:00:00,192.54,195.16,191.69,194.03
2025-02-07 09:00:00,194.04,197.49,193.53,197.42
2025-02-07 10:00:00,197.41,197.92,196.48,196.73
2025-02-07 11:00:00,196.72,198.66,196.71,198.47
2025-02-07 12:00:00,198.47,199.94,197.04,198.56
2025-02-07 13:00:00,198.57,201.26,196.25,201.18
2025-02-07 14:00:00,201.18,203.42,200.5,203.24
2025-02-07 15:00:00,203.25,203.25,195.84,198.07
2025-02-07 16:00:00,198.08,198.99,196.05,196.71
2025-02-07 17:00:00,196.71,197.16,194.62,196.48
2025-02-07 18:00:00,196.48,199.15,196.15,198.5
2025-02-07 19:00:00,198.5,198.61,195.35,195.44
2025-02-07 20:00:00,195.44,195.64,189.29,189.76
2025-02-07 21:00:00,189.77,191.05,189.18,189.47
2025-02-07 22:00:00,189.48,190.24,188.12,189.99
2025-02-07 23:00:00,189.98,192.44,189.48,191.99
2025-02-08 00:00:00,192,194.05,191.38,193.25
2025-02-08 01:00:00,193.24,193.75,192.3,192.52
2025-02-08 02:00:00,192.53,193.92,191.77,193.33
2025-02-08 03:00:00,193.33,194.34,192.56,192.98
2025-02-08 04:00:00,192.98,193.3,191.61,191.78
2025-02-08 05:00:00,191.78,191.92,190.09,190.62
2025-02-08 06:00:00,190.62,191.73,190.22,190.9
2025-02-08 07:00:00,190.9,193.34,189.81,192.79
2025-02-08 08:00:00,192.79,193.6,191.65,191.82
2025-02-08 09:00:00,191.82,193.99,191.8,193.81
2025-02-08 10:00:00,193.8,194.99,193.29,193.61
2025-02-08 11:00:00,193.6,194.54,193.05,194.39
2025-02-08 12:00:00,194.39,194.53,193.09,193.82
2025-02-08 13:00:00,193.83,196.45,193.83,195.34
2025-02-08 14:00:00,195.33,195.99,193.62,194.57
2025-02-08 15:00:00,194.57,195.31,192.74,193.41
2025-02-08 16:00:00,193.42,195.56,193.2,195.42
2025-02-08 17:00:00,195.42,196.86,195.1,196.83
2025-02-08 18:00:00,196.84,197.26,195.87,196.8
2025-02-08 19:00:00,196.79,198.4,196.58,196.9
2025-02-08 20:00:00,196.89,198.06,196.74,197.54
2025-02-08 21:00:00,197.53,199.08,197.32,198.82
2025-02-08 22:00:00,198.82,199.8,197.67,198.3
2025-02-08 23:00:00,198.3,200.88,198.21,199.32
2025-02-09 00:00:00,199.32,200.33,198.52,200.24
2025-02-09 01:00:00,200.24,202.08,199.97,201.94
2025-02-09 02:00:00,201.93,202.55,201,201.54
2025-02-09 03:00:00,201.54,207,201.15,206.95
2025-02-09 04:00:00,206.95,207,204.87,205.91
2025-02-09 05:00:00,205.91,207.37,205.42,206.27
2025-02-09 06:00:00,206.26,206.49,203.96,205.02
2025-02-09 07:00:00,205.02,205.11,203.8,203.96
2025-02-09 08:00:00,203.96,204.58,202.94,203.1
2025-02-09 09:00:00,203.09,203.15,201.22,201.94
2025-02-09 10:00:00,201.94,202.21,201.74,201.81
2025-02-09 11:00:00,201.8,202.81,201.35,201.44
2025-02-09 12:00:00,201.44,203.05,200.3,201.62
2025-02-09 13:00:00,201.62,201.79,196.76,196.96
2025-02-09 14:00:00,196.96,199.7,196.44,199.5
2025-02-09 15:00:00,199.51,201.53,199.32,200.7
2025-02-09 16:00:00,200.7,202.24,200.2,202
2025-02-09 17:00:00,202,202.22,199.82,199.97
2025-02-09 18:00:00,199.97,200.69,198.73,200.13
2025-02-09 19:00:00,200.14,200.7,197.81,199.08
2025-02-09 20:00:00,199.07,200.99,198.82,199.42
2025-02-09 21:00:00,199.41,203,193.53,194.21
2025-02-09 23:00:00,199.67,200.8,199.56,200.47
2025-02-10 00:00:00,200.47,205.1,200.46,203.99
2025-02-10 01:00:00,203.99,204.21,197.74,198.36
2025-02-10 02:00:00,198.36,199.62,195.85,198.88
2025-02-10 03:00:00,198.88,204.48,198.31,201.97
2025-02-10 04:00:00,201.97,202.89,200.53,201
2025-02-10 05:00:00,200.99,204.6,199.95,202.45
2025-02-10 06:00:00,202.46,203.38,201.54,202.94
2025-02-10 07:00:00,202.94,203.96,202.17,202.77
2025-02-10 08:00:00,202.77,205.63,202.56,205.21
2025-02-10 09:00:00,205.22,205.97,203.72,205.08
2025-02-10 10:00:00,205.07,205.3,203.28,204.12
2025-02-10 11:00:00,204.11,205.38,203.58,204.5
2025-02-10 12:00:00,204.5,204.85,202.48,202.83
2025-02-10 13:00:00,202.82,209.04,202.68,208.56
2025-02-10 14:00:00,208.56,209.05,203.72,204.6
2025-02-10 15:00:00,204.6,206.12,201.48,203.07
2025-02-10 16:00:00,203.07,204.41,202.07,203.19
2025-02-10 17:00:00,203.2,204.08,202.08,203.59
2025-02-10 18:00:00,203.59,203.68,202.21,203.22
2025-02-10 19:00:00,203.22,203.42,201.03,201.37
2025-02-10 20:00:00,201.36,203,200.99,201.12
2025-02-10 21:00:00,201.11,201.2,200,200.18
2025-02-10 22:00:00,200.17,200.87,199.27,200.09
2025-02-10 23:00:00,200.08,200.66,199.37,200.47
2025-02-11 00:00:00,200.47,202.87,199.94,201.75
2025-02-11 01:00:00,201.75,204.66,201.73,203.76
2025-02-11 02:00:00,203.75,204.05,200.42,201.41
2025-02-11 03:00:00,201.42,201.48,200.58,201.11
2025-02-11 04:00:00,201.11,203.91,201.04,203.8
2025-02-11 05:00:00,203.79,205.53,203.36,205.1
2025-02-11 06:00:00,205.1,206.18,203.8,205.61
2025-02-11 07:00:00,205.6,205.73,204.12,204.39
2025-02-11 08:00:00,204.39,205.95,203.79,204.78
2025-02-11 09:00:00,204.77,205.09,202.43,202.87
2025-02-11 10:00:00,202.86,203.26,201.2,202.32
2025-02-11 11:00:00,202.33,203.4,201.92,203.4
2025-02-11 12:00:00,203.39,203.4,201.4,202.35
2025-02-11 13:00:00,202.35,202.61,197.8,198.31
2025-02-11 14:00:00,198.31,200.18,197.85,199.73
2025-02-11 15:00:00,199.74,201.05,198.23,199.47
2025-02-11 16:00:00,199.47,200.12,197.89,198.03
2025-02-11 17:00:00,198.04,199.04,196.62,198.64
2025-02-11 18:00:00,198.64,198.64,196.01,196.66
2025-02-11 19:00:00,196.67,197.16,195.12,195.65
2025-02-11 20:00:00,195.65,197.74,195.52,196.72
2025-02-11 21:00:00,196.71,198.81,196.39,198.29
2025-02-11 22:00:00,198.29,199.49,196.23,196.95
2025-02-11 23:00:00,196.95,198.84,196.73,197.96
2025-02-12 00:00:00,197.95,198.56,196.67,198.04
2025-02-12 01:00:00,198.05,198.43,196.4,197.37
2025-02-12 02:00:00,197.37,197.51,194.55,195.66
2025-02-12 03:00:00,195.67,195.86,193.85,194.33
2025-02-12 04:00:00,194.33,195.07,193.39,194.51
2025-02-12 05:00:00,194.51,196.24,194.24,195.76
2025-02-12 06:00:00,195.75,195.91,193.13,193.78
2025-02-12 07:00:00,193.78,196.18,193.54,195.19
2025-02-12 08:00:00,195.2,196.74,195.09,196.2
2025-02-12 09:00:00,196.21,196.98,195.19,196.64
2025-02-12 10:00:00,196.64,196.96,195.65,196.02
2025-02-12 11:00:00,196.02,198.01,196.02,197.37
2025-02-12 12:00:00,197.36,198.13,196.44,196.45
2025-02-12 13:00:00,196.45,198.55,189.4,191.97
2025-02-12 14:00:00,191.97,193.51,188.48,193.48
2025-02-12 15:00:00,193.48,193.86,190.2,192
2025-02-12 16:00:00,192.01,194.96,189.34,194.68
2025-02-12 17:00:00,194.68,196.66,194.16,195.14
2025-02-12 18:00:00,195.14,195.41,192.71,193.14
2025-02-12 19:00:00,193.14,193.83,191.23,193.7
2025-02-12 20:00:00,193.71,195.5,193.02,194.64
2025-02-12 21:00:00,194.65,196.62,193.91,195.78
2025-02-12 22:00:00,195.78,198.48,195.46,196.99
2025-02-12 23:00:00,196.98,197.5,195.47,196.78
2025-02-13 00:00:00,196.78,196.91,194.96,195.54
2025-02-13 01:00:00,195.54,197.83,195.5,197.66
2025-02-13 02:00:00,197.65,197.88,196.17,196.85
2025-02-13 03:00:00,196.86,198.19,196.81,198.19
2025-02-13 04:00:00,198.19,198.47,195.23,195.7
2025-02-13 05:00:00,195.69,196.32,194.6,195.11
2025-02-13 06:00:00,195.12,195.54,193.2,193.49
2025-02-13 07:00:00,193.5,194.13,192.75,193.07
2025-02-13 08:00:00,193.07,193.45,191.84,192.37
2025-02-13 09:00:00,192.36,193.52,191.84,193.35
2025-02-13 10:00:00,193.36,193.5,192.42,192.66
2025-02-13 11:00:00,192.67,192.95,191.1,191.91
2025-02-13 12:00:00,191.91,192.21,190.82,191.14
2025-02-13 13:00:00,191.15,192.34,190.27,190.97
2025-02-13 14:00:00,190.97,191.59,188.78,190.84
2025-02-13 15:00:00,190.83,193.12,189.62,191.94
2025-02-13 16:00:00,191.93,191.93,190.02,190.72
2025-02-13 17:00:00,190.71,192.62,190.56,191.69
2025-02-13 18:00:00,191.7,193.45,191.15,193.39
2025-02-13 19:00:00,193.38,194.6,191.87,192.68
2025-02-13 20:00:00,192.68,195.17,192.57,194.51
2025-02-13 21:00:00,194.51,195.45,194.13,195
2025-02-13 22:00:00,194.99,195.16,193.76,193.99
2025-02-13 23:00:00,193.99,194.66,193.76,194.25
2025-02-14 00:00:00,194.24,195.99,194.11,195.97
2025-02-14 01:00:00,195.96,196.2,194.82,195.84
2025-02-14 02:00:00,195.84,196.7,195.52,195.69
2025-02-14 03:00:00,195.7,197.35,195.63,197
2025-02-14 04:00:00,197,197.37,195.23,195.42
2025-02-14 05:00:00,195.42,196,194.72,195.49
2025-02-14 06:00:00,195.48,196.27,195.25,196.22
2025-02-14 07:00:00,196.21,197.05,196.05,196.59
2025-02-14 08:00:00,196.59,198.18,196.35,197.51
2025-02-14 09:00:00,197.51,200.03,197.3,199.92
2025-02-14 10:00:00,199.91,201.22,199.7,200.61
2025-02-14 11:00:00,200.61,201.4,198.97,199.59
2025-02-14 12:00:00,199.59,199.65,196.71,197.03
2025-02-14 13:00:00,197.03,198.28,196.45,197.81
2025-02-14 14:00:00,197.8,200.56,196.76,199.76
2025-02-14 15:00:00,199.77,202.12,198.04,200.86
2025-02-14 16:00:00,200.85,202.11,198.84,201.62
2025-02-14 17:00:00,201.62,205.16,200.78,204.63
2025-02-14 18:00:00,204.63,205.34,202.52,202.73
2025-02-14 19:00:00,202.73,203.69,200.93,201.56
2025-02-14 20:00:00,201.56,202.24,200.82,201.17
2025-02-14 21:00:00,201.18,201.8,199.5,201.47
2025-02-14 22:00:00,201.46,201.97,198.09,199.41
2025-02-14 23:00:00,199.41,200.08,198.33,199.39
2025-02-15 00:00:00,199.4,199.48,196.76,198.09
2025-02-15 01:00:00,198.08,199.67,197.9,199.49
2025-02-15 02:00:00,199.49,200.27,198.37,199.22
2025-02-15 03:00:00,199.22,199.94,197.87,198.36
2025-02-15 04:00:00,198.36,198.87,197.25,197.46
2025-02-15 05:00:00,197.47,197.96,196.88,197.31
2025-02-15 06:00:00,197.3,197.34,195.65,195.79
2025-02-15 07:00:00,195.79,196.77,195.25,195.9
2025-02-15 08:00:00,195.9,196.64,195.76,196.08
2025-02-15 09:00:00,196.08,196.74,195.14,195.2
2025-02-15 10:00:00,195.2,195.33,193.89,195.05
2025-02-15 11:00:00,195.05,195.31,194.02,194.85
2025-02-15 12:00:00,194.85,196.03,194.63,195.69
2025-02-15 13:00:00,195.69,196.06,194.84,195.01
2025-02-15 14:00:00,195.01,195.03,193.26,194.29
2025-02-15 15:00:00,194.3,194.66,193.53,194.66
2025-02-15 16:00:00,194.66,195.05,193.93,194.3
2025-02-15 17:00:00,194.3,194.74,193.32,193.67
2025-02-15 18:00:00,193.68,195.1,193.58,194.83
2025-02-15 19:00:00,194.83,195,194.05,194.17
2025-02-15 20:00:00,194.18,194.51,192.61,193.22
2025-02-15 21:00:00,193.22,194.33,193.21,194.33
2025-02-15 22:00:00,194.33,194.92,193.6,194.5
2025-02-15 23:00:00,194.5,195.03,194.12,194.48
2025-02-16 00:00:00,194.47,195.51,194.38,195.04
2025-02-16 01:00:00,195.05,195.09,193.44,194.85
2025-02-16 02:00:00,194.86,195.04,193.28,193.58
2025-02-16 03:00:00,193.57,194.79,193.05,194.73
2025-02-16 04:00:00,194.72,195.11,194.26,194.54
2025-02-16 05:00:00,194.55,195.71,194.22,195.14
2025-02-16 06:00:00,195.13,196.24,195.02,195.29
2025-02-16 07:00:00,195.28,195.28,192.34,192.89
2025-02-16 08:00:00,192.9,193.71,192.68,193.22
2025-02-16 09:00:00,193.23,193.77,192.21,193.72
2025-02-16 10:00:00,193.72,194,192.93,193.04
2025-02-16 11:00:00,193.04,193.86,192.96,193.73
2025-02-16 12:00:00,193.72,193.78,192.5,192.66
2025-02-16 13:00:00,192.65,192.83,190.16,190.73
2025-02-16 14:00:00,190.73,191.1,189.23,190.11
2025-02-16 15:00:00,190.11,190.66,189.87,190.32
2025-02-16 16:00:00,190.32,191.27,189.89,190.35
2025-02-16 17:00:00,190.34,191.1,189.71,190.03
2025-02-16 18:00:00,190.03,190.15,187.66,189.27
2025-02-16 19:00:00,189.27,189.4,187.64,189.23
2025-02-16 20:00:00,189.22,189.92,187.94,188.3
2025-02-16 21:00:00,188.3,189.62,186.3,188.95
2025-02-16 22:00:00,188.96,189.21,187.35,188.84
2025-02-16 23:00:00,188.84,189.06,187.55,188.27
2025-02-17 00:00:00,188.26,189.42,188.15,189.02
2025-02-17 01:00:00,189.01,189.72,187.91,189.12
2025-02-17 02:00:00,189.13,189.36,187.02,187.14
2025-02-17 03:00:00,187.14,187.14,185.28,186.34
2025-02-17 04:00:00,186.33,186.49,183.18,183.18
2025-02-17 05:00:00,183.19,184.25,180.77,184.18
2025-02-17 06:00:00,184.19,184.94,182.63,183.54
2025-02-17 07:00:00,183.54,183.88,180.89,181.35
2025-02-17 08:00:00,181.36,183.99,180.12,183.95
2025-02-17 09:00:00,183.96,185.2,183.73,184.2
2025-02-17 10:00:00,184.2,185.5,182.99,183.51
2025-02-17 11:00:00,183.52,184.53,183.05,184.25
2025-02-17 12:00:00,184.25,186.9,184.21,186
2025-02-17 13:00:00,186.01,186.05,184.75,184.95
2025-02-17 14:00:00,184.94,186.94,183.46,184.26
2025-02-17 15:00:00,184.27,184.77,179.84,180.36
2025-02-17 16:00:00,180.37,181.41,177.91,178.32
2025-02-17 17:00:00,178.32,179.3,177.35,177.41
2025-02-17 18:00:00,177.41,178.66,175.31,175.7
2025-02-17 19:00:00,175.69,178.13,174.63,177.09
2025-02-17 20:00:00,177.1,179.46,177.01,178.49
2025-02-17 21:00:00,178.5,181.23,178.4,181.18
2025-02-17 22:00:00,181.18,181.3,178.58,178.79
2025-02-17 23:00:00,178.79,179.38,177.4,177.53
2025-02-18 00:00:00,177.53,178.04,175.46,176.79
2025-02-18 01:00:00,176.78,178.5,176.36,178.01
2025-02-18 02:00:00,178.01,178.67,177.11,178.33
2025-02-18 03:00:00,178.34,179.09,177.56,177.98
2025-02-18 04:00:00,177.98,178.01,175.44,175.83
2025-02-18 05:00:00,175.83,175.86,171.55,172.25
2025-02-18 06:00:00,172.25,172.34,164.44,165.32
2025-02-18 07:00:00,165.32,168.22,163.93,165.72
2025-02-18 08:00:00,165.73,167.06,163.73,163.89
2025-02-18 09:00:00,163.89,170.07,163.17,170
2025-02-18 10:00:00,170,170.92,167.59,167.95
2025-02-18 11:00:00,167.95,169.24,167.64,168.72
2025-02-18 12:00:00,168.71,171.5,168.4,170.7
2025-02-18 13:00:00,170.7,170.78,168.47,169.68
2025-02-18 14:00:00,169.68,170.88,165.51,166.98
2025-02-18 15:00:00,166.98,167.42,164.34,165.95
2025-02-18 16:00:00,165.95,167.11,162.41,162.42
2025-02-18 17:00:00,162.43,164.19,160.88,163.52
2025-02-18 18:00:00,163.51,165.67,162.82,163.97
2025-02-18 19:00:00,163.97,166.01,163.14,165.31
2025-02-18 20:00:00,165.31,166.75,163.93,164.58
2025-02-18 21:00:00,164.58,168.87,164.31,167.58
2025-02-18 22:00:00,167.57,169.78,167.04,167.78
2025-02-18 23:00:00,167.78,169.61,167.3,169.32
2025-02-19 00:00:00,169.32,170.86,168.45,168.68
2025-02-19 01:00:00,168.69,168.74,167.03,168.44
2025-02-19 02:00:00,168.44,169.98,168.35,169.32
2025-02-19 03:00:00,169.33,169.39,166.66,167.48
2025-02-19 04:00:00,167.48,167.74,163.93,163.94
2025-02-19 05:00:00,163.94,167.2,163.75,167.1
2025-02-19 06:00:00,167.11,168.34,166.5,168.01
2025-02-19 07:00:00,168.01,169.84,167.85,168.95
2025-02-19 08:00:00,168.96,170.31,168.6,168.74
2025-02-19 09:00:00,168.75,171.53,168.42,170.75
2025-02-19 10:00:00,170.76,172.49,170.43,172.03
2025-02-19 11:00:00,172.03,174.3,172,173.92
2025-02-19 12:00:00,173.92,174.13,171.62,171.63
2025-02-19 13:00:00,171.63,172.76,170.82,171.59
2025-02-19 14:00:00,171.59,171.91,168.3,168.6
2025-02-19 15:00:00,168.61,171.37,168.14,169.74
2025-02-19 16:00:00,169.74,171.66,169.28,171.53
2025-02-19 17:00:00,171.53,173.44,170.54,170.82
2025-02-19 18:00:00,170.83,171.47,169.35,169.69
2025-02-19 19:00:00,169.69,170.64,168.15,168.7
2025-02-19 20:00:00,168.7,169.49,166.85,166.99
2025-02-19 21:00:00,166.99,168.03,166.41,166.97
2025-02-19 22:00:00,166.97,168.65,166.65,167.72
2025-02-19 23:00:00,167.72,169.96,167.72,168.93
2025-02-20 00:00:00,168.94,170.28,167.66,169.99
2025-02-20 01:00:00,169.99,170.63,167.95,168.24
2025-02-20 02:00:00,168.25,172.47,168.25,171.89
2025-02-20 03:00:00,171.89,172.89,170.78,172.44
2025-02-20 04:00:00,172.43,174.96,172.37,173.04
2025-02-20 05:00:00,173.03,173.34,172.17,172.38
2025-02-20 06:00:00,172.38,172.68,171.27,171.77
2025-02-20 07:00:00,171.78,172.2,170.86,171.77
2025-02-20 08:00:00,171.77,172.64,170.92,172.28
2025-02-20 09:00:00,172.28,172.63,171.71,172.06
2025-02-20 10:00:00,172.06,174.07,171.99,173.8
2025-02-20 11:00:00,173.79,175.15,173.38,173.99
2025-02-20 12:00:00,173.99,174.89,173.14,173.4
2025-02-20 13:00:00,173.4,174.17,172.52,174.14
2025-02-20 14:00:00,174.13,176.65,172.23,172.53
2025-02-20 15:00:00,172.54,173.42,171.21,171.61
2025-02-20 16:00:00,171.62,173.41,171.22,171.86
2025-02-20 17:00:00,171.86,173.46,171.67,173.38
2025-02-20 18:00:00,173.38,175.11,173.33,174.29
2025-02-20 19:00:00,174.3,175.46,174.02,174.98
2025-02-20 20:00:00,174.97,175.96,174.31,174.6
2025-02-20 21:00:00,174.6,174.75,173.22,173.32
2025-02-20 22:00:00,173.32,174.33,173.17,174.06
2025-02-20 23:00:00,174.05,176.54,174.02,176
2025-02-21 00:00:00,176,176.47,174.07,174.36
2025-02-21 01:00:00,174.35,174.73,173.27,174.28
2025-02-21 02:00:00,174.27,174.85,173,173.34
2025-02-21 03:00:00,173.34,174.5,173.11,173.28
2025-02-21 04:00:00,173.27,175.08,173.27,174.02
2025-02-21 05:00:00,174.03,175.56,173.86,175.1
2025-02-21 06:00:00,175.1,176.48,174.83,175.99
2025-02-21 07:00:00,175.98,176.8,175.35,175.86
2025-02-21 08:00:00,175.86,177.55,175.83,176.41
2025-02-21 09:00:00,176.4,180.28,176.28,177.54
2025-02-21 10:00:00,177.53,180.07,177.05,179.46
2025-02-21 11:00:00,179.46,179.52,177.05,177.21
2025-02-21 12:00:00,177.2,178.44,176.68,178.21
2025-02-21 13:00:00,178.21,180.52,177.71,180.02
2025-02-21 14:00:00,180.02,180.07,176.3,177.7
2025-02-21 15:00:00,177.69,178.63,170.56,173.17
2025-02-21 16:00:00,173.16,175.66,172.61,174.69
2025-02-21 17:00:00,174.7,175.46,170.64,171.7
2025-02-21 18:00:00,171.69,172.36,170.82,171.61
2025-02-21 19:00:00,171.61,171.61,168.18,168.42
2025-02-21 20:00:00,168.42,169.95,168.33,169.37
2025-02-21 21:00:00,169.38,169.97,167.15,168.12
2025-02-21 22:00:00,168.13,169.17,167.39,168.81
2025-02-21 23:00:00,168.8,169.4,167.93,168.94
2025-02-22 00:00:00,168.94,171.04,168.07,170.83
2025-02-22 01:00:00,170.84,172.76,170.36,171.88
2025-02-22 02:00:00,171.88,171.99,170.31,171
2025-02-22 03:00:00,170.99,171.43,169.76,170.35
2025-02-22 04:00:00,170.35,171.76,170.09,171.63
2025-02-22 05:00:00,171.62,172.41,171.19,172.02
2025-02-22 06:00:00,172.03,172.55,170.8,171.07
2025-02-22 07:00:00,171.08,173.14,171.05,171.74
2025-02-22 08:00:00,171.74,172.42,171.36,171.36
2025-02-22 09:00:00,171.37,173.39,171.37,173.36
2025-02-22 10:00:00,173.35,174.14,173,173.21
2025-02-22 11:00:00,173.22,173.9,172.96,173.56
2025-02-22 12:00:00,173.56,174.06,172.72,173.9
2025-02-22 13:00:00,173.91,174.6,172.66,172.75
2025-02-22 14:00:00,172.75,173.77,172.75,173.56
2025-02-22 15:00:00,173.57,174.54,173.23,174.23
2025-02-22 16:00:00,174.23,174.68,172.65,172.76
2025-02-22 17:00:00,172.75,173.53,172.3,173.24
2025-02-22 18:00:00,173.23,174.13,172.71,172.92
2025-02-22 19:00:00,172.91,173.17,172.46,172.64
2025-02-22 20:00:00,172.63,172.71,171.89,172.45
2025-02-22 21:00:00,172.46,173.16,172.41,172.99
2025-02-22 22:00:00,172.99,173.62,172.6,172.61
2025-02-22 23:00:00,172.61,172.7,172.03,172.07
2025-02-23 00:00:00,172.07,172.3,171.27,171.89
2025-02-23 01:00:00,171.88,172.14,170.79,171.1
2025-02-23 02:00:00,171.09,171.29,170.28,170.36
2025-02-23 03:00:00,170.37,170.87,170.19,170.61
2025-02-23 04:00:00,170.61,171.11,169.95,170.85
2025-02-23 05:00:00,170.84,171.18,170.29,170.73
2025-02-23 06:00:00,170.73,171.53,170.36,171.53
2025-02-23 07:00:00,171.53,173.07,171.34,172.85
2025-02-23 08:00:00,172.85,172.91,171.78,172.22
2025-02-23 09:00:00,172.23,172.36,170.88,171.34
2025-02-23 10:00:00,171.35,171.54,170.69,171.1
2025-02-23 11:00:00,171.11,171.31,169.36,169.59
2025-02-23 12:00:00,169.6,169.88,168.35,168.92
2025-02-23 13:00:00,168.92,169.92,168.81,169.67
2025-02-23 14:00:00,169.67,169.92,168.39,168.78
2025-02-23 15:00:00,168.78,169.4,166.6,166.76
2025-02-23 16:00:00,166.76,168.06,166.75,166.98
2025-02-23 17:00:00,166.98,168.48,166.98,168.22
2025-02-23 18:00:00,168.22,168.72,167.86,167.87
2025-02-23 19:00:00,167.87,168.11,167.56,167.71
2025-02-23 20:00:00,167.71,167.88,166.98,167.7
2025-02-23 21:00:00,167.7,168.16,167.23,168.06
2025-02-23 22:00:00,168.06,168.06,166.42,167.32
2025-02-23 23:00:00,167.33,168.86,167.09,167.94
2025-02-24 00:00:00,167.94,169.69,166.58,166.62
2025-02-24 01:00:00,166.62,166.77,163.3,163.64
2025-02-24 02:00:00,163.63,164.99,162.59,162.67
2025-02-24 03:00:00,162.66,162.67,160.56,161.01
2025-02-24 04:00:00,161.02,161.24,156.88,158.79
2025-02-24 05:00:00,158.78,160.51,158.14,159.86
2025-02-24 06:00:00,159.86,161.09,158.72,160.77
2025-02-24 07:00:00,160.77,161.75,160.76,160.99
2025-02-24 08:00:00,160.99,161.1,157.72,157.94
2025-02-24 09:00:00,157.95,160.37,157.73,158.19
2025-02-24 10:00:00,158.19,158.42,155.38,156.9
2025-02-24 11:00:00,156.91,159.63,155.95,159.28
2025-02-24 12:00:00,159.27,159.77,158.42,159.32
2025-02-24 13:00:00,159.32,160.41,157.81,157.99
2025-02-24 14:00:00,157.99,158.82,155.01,155.59
2025-02-24 15:00:00,155.59,155.94,150.65,152.66
2025-02-24 16:00:00,152.67,154.17,151.95,153.31
2025-02-24 17:00:00,153.31,155.15,152.6,154.15
2025-02-24 18:00:00,154.15,154.58,151.35,151.7
2025-02-24 19:00:00,151.69,152.55,147.86,150.12
2025-02-24 20:00:00,150.13,152.68,149.56,150.81
2025-02-24 21:00:00,150.8,152.53,149.48,150.09
2025-02-24 22:00:00,150.1,150.13,138,140.26
2025-02-24 23:00:00,140.28,144.51,139.55,141.81
2025-02-25 00:00:00,141.81,144.45,138.65,140.88
2025-02-25 01:00:00,140.89,142.63,138.18,140.15
2025-02-25 02:00:00,140.16,142.76,138.17,141.55
2025-02-25 03:00:00,141.56,142.3,138.63,138.95
2025-02-25 04:00:00,138.95,139.99,136.06,137.98
2025-02-25 05:00:00,137.97,141.65,136.95,140.91
2025-02-25 06:00:00,140.91,142.08,138.2,138.27
2025-02-25 07:00:00,138.27,138.85,133,136.25
2025-02-25 08:00:00,136.26,139.64,135.63,137.51
2025-02-25 09:00:00,137.51,138.29,133.61,134.56
2025-02-25 10:00:00,134.55,137.75,131.91,136.73
2025-02-25 11:00:00,136.73,141.36,134.86,141.28
2025-02-25 12:00:00,141.27,141.83,138.12,139.83
2025-02-25 13:00:00,139.84,140.95,137.35,138.32
2025-02-25 14:00:00,138.31,139.97,135.25,135.91
2025-02-25 15:00:00,135.9,141.27,134.53,138.89
2025-02-25 16:00:00,138.89,145,137.96,143.05
2025-02-25 17:00:00,143.05,144.89,142,142.68
2025-02-25 18:00:00,142.68,144.03,140.26,140.89
2025-02-25 19:00:00,140.89,145.57,140.4,145.43
2025-02-25 20:00:00,145.42,146.27,143.36,144.64
2025-02-25 21:00:00,144.63,145.98,143.26,145.86
2025-02-25 22:00:00,145.85,147.09,143.64,144.92
2025-02-25 23:00:00,144.92,146,144.03,144.33
2025-02-26 00:00:00,144.33,144.71,141.74,141.76
2025-02-26 01:00:00,141.76,143.52,141.76,142.89
2025-02-26 02:00:00,142.88,143.94,141.63,143.49
2025-02-26 03:00:00,143.49,145.19,142.69,143.32
2025-02-26 04:00:00,143.33,144.7,142.38,142.48
2025-02-26 05:00:00,142.49,143.24,141.2,141.22
2025-02-26 06:00:00,141.22,142.47,141.01,142.46
2025-02-26 07:00:00,142.46,142.59,139.63,140.19
2025-02-26 08:00:00,140.19,140.77,139.04,140.27
2025-02-26 09:00:00,140.27,142.21,140.06,142.01
2025-02-26 10:00:00,142.01,142.01,140.26,140.87
2025-02-26 11:00:00,140.87,140.87,138.01,138.14
2025-02-26 12:00:00,138.13,138.58,136.36,136.91
2025-02-26 13:00:00,136.9,137.56,135.95,136.48
2025-02-26 14:00:00,136.48,138.4,134.61,138.34
2025-02-26 15:00:00,138.35,140.47,137.93,139.27
2025-02-26 16:00:00,139.27,139.79,137.1,137.18
2025-02-26 17:00:00,137.18,137.73,133.21,133.99
2025-02-26 18:00:00,133.99,134.87,130.65,131.36
2025-02-26 19:00:00,131.36,133.51,130.74,131.93
2025-02-26 20:00:00,131.94,135.67,130.89,135.44
2025-02-26 21:00:00,135.43,136.83,133.91,136.23
2025-02-26 22:00:00,136.24,137.87,135.4,135.77
2025-02-26 23:00:00,135.76,136.68,134.58,135.32
2025-02-27 00:00:00,135.33,137.27,134.96,136.23
2025-02-27 01:00:00,136.24,138.31,135.07,136.97
2025-02-27 02:00:00,136.97,138.8,135.54,135.86
2025-02-27 03:00:00,135.86,139.05,135.44,138.57
2025-02-27 04:00:00,138.57,139.4,137.05,137.83
2025-02-27 05:00:00,137.82,139.89,137.73,139.66
2025-02-27 06:00:00,139.66,142.9,139.61,142.08
2025-02-27 07:00:00,142.07,142.37,140.91,140.99
2025-02-27 08:00:00,141,141.09,139.25,139.55
2025-02-27 09:00:00,139.55,141.6,139.52,140.71
2025-02-27 10:00:00,140.71,142.46,140.48,142.28
2025-02-27 11:00:00,142.28,142.45,139.95,140.48
2025-02-27 12:00:00,140.48,141.15,139.44,140.23
2025-02-27 13:00:00,140.23,141.26,139.19,139.37
2025-02-27 14:00:00,139.37,140.17,137.16,137.26
2025-02-27 15:00:00,137.25,140.79,136.28,139.63
2025-02-27 16:00:00,139.62,140.15,136.81,137.01
2025-02-27 17:00:00,137.02,138.85,136.83,138.8
2025-02-27 18:00:00,138.8,139.78,138.34,138.44
2025-02-27 19:00:00,138.44,138.64,135.63,136.29
2025-02-27 20:00:00,136.28,137.26,134.71,136.64
2025-02-27 21:00:00,136.63,138.21,135.26,137.42
2025-02-27 22:00:00,137.42,138.2,136.12,138.05
2025-02-27 23:00:00,138.04,138.08,136.95,137.68
2025-02-28 00:00:00,137.68,137.98,135.97,135.98
2025-02-28 01:00:00,135.98,136.75,130.33,131.29
2025-02-28 02:00:00,131.28,132.64,127.25,129.08
2025-02-28 03:00:00,129.07,131.06,127.17,127.62
2025-02-28 04:00:00,127.62,129.17,125.55,128.24
2025-02-28 05:00:00,128.24,128.8,126.22,128.11
2025-02-28 06:00:00,128.12,128.78,125.89,127.9
2025-02-28 07:00:00,127.91,129.6,127.36,128.55
2025-02-28 08:00:00,128.54,131.27,127.9,131.03
2025-02-28 09:00:00,131.02,133.19,130.88,132.49
2025-02-28 10:00:00,132.5,132.67,130.05,130.38
2025-02-28 11:00:00,130.38,134.72,130.36,133.52
2025-02-28 12:00:00,133.52,135.69,133,135.58
2025-02-28 13:00:00,135.57,139.58,135.27,137.85
2025-02-28 14:00:00,137.85,147.18,137.7,144.34
2025-02-28 15:00:00,144.34,147.86,143.69,145.68
2025-02-28 16:00:00,145.67,147.12,144.34,145.08
2025-02-28 17:00:00,145.08,146.45,143.74,144.23
2025-02-28 18:00:00,144.23,147.06,144.22,146.18
2025-02-28 19:00:00,146.17,147.25,146.08,146.36
2025-02-28 20:00:00,146.35,146.78,144.62,145.79
2025-02-28 21:00:00,145.8,148.37,145.61,147.71
2025-02-28 22:00:00,147.72,147.97,146.21,146.72
2025-02-28 23:00:00,146.72,148.72,146.45,148.18
2025-03-01 00:00:00,148.18,148.23,145.73,145.95
2025-03-01 01:00:00,145.95,151.25,145.54,150.23
2025-03-01 02:00:00,150.24,150.43,146.91,147.24
2025-03-01 03:00:00,147.25,147.69,145.59,145.67
2025-03-01 04:00:00,145.68,147.16,145.33,146.78
2025-03-01 05:00:00,146.79,146.79,144.6,144.64
2025-03-01 06:00:00,144.64,144.8,143.27,143.75
2025-03-01 07:00:00,143.74,143.77,142.2,142.49
2025-03-01 08:00:00,142.49,143.92,142.49,143.84
2025-03-01 09:00:00,143.84,144.29,142.5,143.25
2025-03-01 10:00:00,143.26,143.28,140.17,140.79
2025-03-01 11:00:00,140.78,140.92,139.53,140.35
2025-03-01 12:00:00,140.35,141.35,140.05,141.14
2025-03-01 13:00:00,141.14,141.72,138.57,139.32
2025-03-01 14:00:00,139.32,140.77,139.17,140.27
2025-03-01 15:00:00,140.27,140.6,139.35,140.39
2025-03-01 16:00:00,140.39,141.4,139.59,140.42
2025-03-01 17:00:00,140.41,140.49,138.7,139.98
2025-03-01 18:00:00,139.97,140.94,139.63,140.43
2025-03-01 19:00:00,140.44,141.51,140.24,140.53
2025-03-01 20:00:00,140.53,140.66,139.9,140.6
2025-03-01 21:00:00,140.6,143.05,140.18,142.61
2025-03-01 22:00:00,142.62,143.49,141.64,142.47
2025-03-01 23:00:00,142.47,143.82,141.46,143.66
2025-03-02 00:00:00,143.66,145.59,142.96,144.75
2025-03-02 01:00:00,144.75,146.01,143.68,144.53
2025-03-02 02:00:00,144.54,145.21,142.03,143.03
2025-03-02 03:00:00,143.03,144.65,143.02,143.85
2025-03-02 04:00:00,143.86,144.3,143.15,143.72
2025-03-02 05:00:00,143.72,143.93,142.56,142.99
2025-03-02 06:00:00,142.99,145.17,142.23,144.07
2025-03-02 07:00:00,144.08,144.6,143.35,143.79
2025-03-02 08:00:00,143.78,143.9,142.5,142.88
2025-03-02 09:00:00,142.87,144.88,142.47,143.97
2025-03-02 10:00:00,143.96,144.61,143.36,143.83
2025-03-02 11:00:00,143.82,144.22,143.26,143.49
2025-03-02 12:00:00,143.5,143.63,142.18,142.75
2025-03-02 13:00:00,142.76,142.79,141.09,141.59
2025-03-02 14:00:00,141.58,141.73,140.04,140.76
2025-03-02 15:00:00,140.76,163.39,140.48,157.46
2025-03-02 16:00:00,157.47,179.85,157.47,172.13
2025-03-02 17:00:00,172.13,174.79,167.88,171.41
2025-03-02 18:00:00,171.41,172.21,165.32,168.82
2025-03-02 19:00:00,168.82,172.39,168.23,172.18
2025-03-02 20:00:00,172.17,176.22,171.66,175.58
2025-03-02 21:00:00,175.58,177.81,174.09,175.53
2025-03-02 22:00:00,175.53,178.07,174.4,176.78
2025-03-02 23:00:00,176.78,179.32,176,178.71
2025-03-03 00:00:00,178.72,179.47,174.11,174.35
2025-03-03 01:00:00,174.35,176.36,172.2,172.45
2025-03-03 02:00:00,172.44,172.9,168.95,171.48
2025-03-03 03:00:00,171.47,171.82,168.11,169.88
2025-03-03 04:00:00,169.89,170.57,169.2,169.5
2025-03-03 05:00:00,169.5,170.46,169.17,169.8
2025-03-03 06:00:00,169.8,169.8,160.58,161.81
2025-03-03 07:00:00,161.82,163.07,159.8,162.26
2025-03-03 08:00:00,162.27,163.37,157.29,158.56
2025-03-03 09:00:00,158.55,160.8,156.83,159.93
2025-03-03 10:00:00,159.93,161.68,159.56,161.55
2025-03-03 11:00:00,161.55,161.92,160.25,161.09
2025-03-03 12:00:00,161.08,164.13,160.58,164.02
2025-03-03 13:00:00,164.02,167.07,163.47,165.82
2025-03-03 14:00:00,165.82,165.82,154.07,155.13
2025-03-03 15:00:00,155.14,159.64,154.31,157.78
2025-03-03 16:00:00,157.78,159.29,155.87,157.81
2025-03-03 17:00:00,157.8,159.61,154.72,156.17
2025-03-03 18:00:00,156.17,156.66,148.48,148.88
2025-03-03 19:00:00,148.88,150.23,140.05,141.87
2025-03-03 20:00:00,141.87,144.96,141.36,144.49
2025-03-03 21:00:00,144.48,144.97,139.21,139.82
2025-03-03 22:00:00,139.83,143.79,139.77,142.74
2025-03-03 23:00:00,142.74,144.21,141.74,142.16
2025-03-04 00:00:00,142.16,145.08,141.11,141.68
2025-03-04 01:00:00,141.68,142.12,134.74,136.56
2025-03-04 02:00:00,136.57,137.71,132.46,136.42
2025-03-04 03:00:00,136.42,137.86,135.23,136.38
2025-03-04 04:00:00,136.39,137.41,135.66,136.22
2025-03-04 05:00:00,136.23,139.58,135.93,138.03
2025-03-04 06:00:00,138.02,138.83,136.64,136.84
2025-03-04 07:00:00,136.83,137.44,135.64,136.02
2025-03-04 08:00:00,136.02,138.3,135.57,137.72
2025-03-04 09:00:00,137.73,138.21,135.87,135.91
2025-03-04 10:00:00,135.91,137.53,134.62,137.04
2025-03-04 11:00:00,137.04,138.58,136.81,136.98
2025-03-04 12:00:00,136.97,137.47,135.38,136.35
2025-03-04 13:00:00,136.36,136.39,132.64,133.8
2025-03-04 14:00:00,133.81,143.39,132.89,136.65
2025-03-04 15:00:00,136.65,138.67,133.49,138.59
2025-03-04 16:00:00,138.59,138.96,130.66,136.24
2025-03-04 17:00:00,136.24,141.27,136,140.86
2025-03-04 18:00:00,140.86,143.02,139.95,142.65
2025-03-04 19:00:00,142.66,144.77,141.08,143.16
2025-03-04 20:00:00,143.15,144.6,141.55,142.04
2025-03-04 21:00:00,142.05,147,141.65,145.59
2025-03-04 22:00:00,145.59,146.39,143.6,143.76
2025-03-04 23:00:00,143.75,145.48,143.33,144.79
2025-03-05 00:00:00,144.8,145.17,142.66,143.04
2025-03-05 01:00:00,143.03,145.17,142.13,145.17
2025-03-05 02:00:00,145.17,145.55,143.31,144.59
2025-03-05 03:00:00,144.59,145.34,141.76,141.82
2025-03-05 04:00:00,141.82,142.54,140.82,142.03
2025-03-05 05:00:00,142.03,142.72,141.59,142.17
2025-03-05 06:00:00,142.17,143.9,140.92,143.62
2025-03-05 07:00:00,143.63,144.1,142.03,142.88
2025-03-05 08:00:00,142.89,144.7,142.74,143.96
2025-03-05 09:00:00,143.97,146.56,143.74,145.75
2025-03-05 10:00:00,145.75,149.73,145.57,148.54
2025-03-05 11:00:00,148.54,148.95,146.87,147.13
2025-03-05 12:00:00,147.13,149.23,146.17,146.78
2025-03-05 13:00:00,146.77,147.36,143,143.82
2025-03-05 14:00:00,143.83,144.07,141.81,142.15
2025-03-05 15:00:00,142.14,144.39,140.32,141.66
2025-03-05 16:00:00,141.66,142.92,140.18,142.13
2025-03-05 17:00:00,142.12,144.5,141.91,142.62
2025-03-05 18:00:00,142.61,145.04,141.8,144.52
2025-03-05 19:00:00,144.52,146.47,144.25,144.77
2025-03-05 20:00:00,144.78,146.08,144.78,145.63
2025-03-05 21:00:00,145.62,145.78,143.91,145.08
2025-03-05 22:00:00,145.07,146.84,144.97,146.02
2025-03-05 23:00:00,146.03,146.81,145.43,146.28
2025-03-06 00:00:00,146.27,147.11,144.54,144.76
2025-03-06 01:00:00,144.77,149.15,144.71,147.18
2025-03-06 02:00:00,147.17,149.08,146.97,148.83
2025-03-06 03:00:00,148.84,150.68,147.94,148.73
2025-03-06 04:00:00,148.73,150.24,147.62,149.79
2025-03-06 05:00:00,149.8,150.66,148.44,150.03
2025-03-06 06:00:00,150.03,150.15,148.48,148.86
2025-03-06 07:00:00,148.86,149.57,148.35,148.62
2025-03-06 08:00:00,148.63,151.91,148.34,150.81
2025-03-06 09:00:00,150.81,150.86,148.8,148.97
2025-03-06 10:00:00,148.97,152.9,148.64,152.4
2025-03-06 11:00:00,152.39,152.76,151.2,151.71
2025-03-06 12:00:00,151.71,151.92,148.32,148.84
2025-03-06 13:00:00,148.84,149.3,146.46,146.68
2025-03-06 14:00:00,146.69,148.32,145.06,146.39
2025-03-06 15:00:00,146.39,150.18,146.08,149.03
2025-03-06 16:00:00,149.04,149.43,144.83,145.05
2025-03-06 17:00:00,145.05,145.05,142.71,143.86
2025-03-06 18:00:00,143.85,144.43,142.57,143.25
2025-03-06 19:00:00,143.24,144.84,142.44,143.58
2025-03-06 20:00:00,143.59,144.95,143.39,144.12
2025-03-06 21:00:00,144.11,145.35,143.25,144.46
2025-03-06 22:00:00,144.47,145.92,143.19,143.63
2025-03-06 23:00:00,143.64,144.58,143.23,143.31
2025-03-07 00:00:00,143.3,145.57,135.04,136.51
2025-03-07 01:00:00,136.51,141.75,136,140.62
2025-03-07 02:00:00,140.61,141.94,139.75,140.71
2025-03-07 03:00:00,140.72,141.76,140.53,140.79
2025-03-07 04:00:00,140.79,142.14,140.63,141.03
2025-03-07 05:00:00,141.03,143.62,140.94,143.18
2025-03-07 06:00:00,143.19,144.14,142.21,143.6
2025-03-07 07:00:00,143.6,144.63,143.39,144.34
2025-03-07 08:00:00,144.34,144.7,143.24,144.09
2025-03-07 09:00:00,144.08,146.21,141.8,143.6
2025-03-07 10:00:00,143.61,143.91,142.34,143.66
2025-03-07 11:00:00,143.66,144.46,142.9,143.58
2025-03-07 12:00:00,143.57,144.09,141.75,142.61
2025-03-07 13:00:00,142.6,147.34,142.55,144.15
2025-03-07 14:00:00,144.15,148.13,142.69,146.28
2025-03-07 15:00:00,146.28,147.4,143.11,144.89
2025-03-07 16:00:00,144.89,146,141.63,142.36
2025-03-07 17:00:00,142.37,144.83,141.34,143.38
2025-03-07 18:00:00,143.39,149.77,142.94,149.63
2025-03-07 19:00:00,149.64,150.88,145.79,146.36
2025-03-07 20:00:00,146.35,147.62,143.26,144.97
2025-03-07 21:00:00,144.96,145.49,141.74,142.71
2025-03-07 22:00:00,142.71,143.05,140.56,141.09
2025-03-07 23:00:00,141.09,141.2,137.5,139.39
2025-03-08 00:00:00,139.39,140.88,138.57,140.69
2025-03-08 01:00:00,140.69,141.09,137.8,139.44
2025-03-08 02:00:00,139.44,140.03,138.76,139.69
2025-03-08 03:00:00,139.68,139.97,138.33,139.68
2025-03-08 04:00:00,139.67,141.03,138.95,140.93
2025-03-08 05:00:00,140.94,140.94,138.68,139.28
2025-03-08 06:00:00,139.28,140,138.63,139.14
2025-03-08 07:00:00,139.15,139.88,138.33,138.78
2025-03-08 08:00:00,138.77,139.01,137.61,137.83
2025-03-08 09:00:00,137.83,139.21,137.73,137.97
2025-03-08 10:00:00,137.97,138.75,137.77,138.34
2025-03-08 11:00:00,138.33,138.34,136.64,137.58
2025-03-08 12:00:00,137.57,138.38,136.65,137.64
2025-03-08 13:00:00,137.63,138.75,137.23,137.63
2025-03-08 14:00:00,137.63,138.1,136.8,137.06
2025-03-08 15:00:00,137.05,137.69,136.07,137.21
2025-03-08 16:00:00,137.21,137.41,135.39,136.15
2025-03-08 17:00:00,136.14,137.39,135.29,137.03
2025-03-08 18:00:00,137.03,137.94,136.62,137.75
2025-03-08 19:00:00,137.76,138.92,137.2,138.45
2025-03-08 20:00:00,138.45,138.59,137.56,137.65
2025-03-08 21:00:00,137.65,138.54,137.25,137.33
2025-03-08 22:00:00,137.32,137.55,136.32,137.31
2025-03-08 23:00:00,137.32,137.75,136.51,137.01
2025-03-09 00:00:00,137.01,138.22,136.53,138.05
2025-03-09 01:00:00,138.05,138.51,137.42,137.86
2025-03-09 02:00:00,137.87,138.11,136.9,137.14
2025-03-09 03:00:00,137.15,138.32,136.8,137.92
2025-03-09 04:00:00,137.91,138.66,137.67,138.49
2025-03-09 05:00:00,138.5,139.5,138.06,138.8
2025-03-09 06:00:00,138.79,138.81,137.7,138.54
2025-03-09 07:00:00,138.55,139.88,138.32,139.63
2025-03-09 08:00:00,139.63,139.78,138.9,139.22
2025-03-09 09:00:00,139.22,139.59,137.85,138.02
2025-03-09 10:00:00,138.02,138.31,135.63,136
2025-03-09 11:00:00,136.01,136.8,135.61,136.32
2025-03-09 12:00:00,136.32,136.43,134.42,135.49
2025-03-09 13:00:00,135.48,135.5,133.09,133.12
2025-03-09 14:00:00,133.13,133.99,132.27,133.29
2025-03-09 15:00:00,133.29,133.52,129.75,130.16
2025-03-09 16:00:00,130.16,131.54,127.71,127.94
2025-03-09 17:00:00,127.93,128.63,126.36,126.52
2025-03-09 18:00:00,126.52,128.54,125.81,127.6
2025-03-09 19:00:00,127.6,130.03,127.51,129.19
2025-03-09 20:00:00,129.19,130.59,128.31,128.31
2025-03-09 21:00:00,128.32,128.67,127.22,127.9
2025-03-09 22:00:00,127.9,128.04,126.51,126.93
2025-03-09 23:00:00,126.93,127.75,125.41,126.51
2025-03-10 00:00:00,126.52,127.96,124.03,127.39
2025-03-10 01:00:00,127.4,128.4,126.58,127.35
2025-03-10 02:00:00,127.35,129.11,126.69,127.54
2025-03-10 03:00:00,127.54,127.61,126.43,126.59
2025-03-10 04:00:00,126.59,128.35,126.46,128.34
2025-03-10 05:00:00,128.33,129.25,127.6,127.63
2025-03-10 06:00:00,127.64,128,126.7,127.47
2025-03-10 07:00:00,127.48,128.33,127.15,128.11
2025-03-10 08:00:00,128.11,128.5,125.91,126.15
2025-03-10 09:00:00,126.14,131.57,126.13,128.21
2025-03-10 10:00:00,128.2,128.89,126.71,127.67
2025-03-10 11:00:00,127.68,130.44,127.34,129.94
2025-03-10 12:00:00,129.94,130.89,128.32,129.42
2025-03-10 13:00:00,129.42,129.64,124.8,125
2025-03-10 14:00:00,125,125.06,120.18,121.3
2025-03-10 15:00:00,121.3,124.2,120.72,121.96
2025-03-10 16:00:00,121.95,122.36,120.14,120.76
2025-03-10 17:00:00,120.76,120.93,116.63,117.59
2025-03-10 18:00:00,117.58,119.53,115.47,115.81
2025-03-10 19:00:00,115.86,120.21,115.49,119.71
2025-03-10 20:00:00,119.72,120.24,117.56,118.72
2025-03-10 21:00:00,118.72,120,118.14,118.79
2025-03-10 22:00:00,118.79,119.48,117.6,119.03
2025-03-10 23:00:00,119.03,119.92,117.95,118.32
2025-03-11 00:00:00,118.32,119.68,112,115.68
2025-03-11 01:00:00,115.67,119.27,113.85,119.16
2025-03-11 02:00:00,119.17,120.66,119.1,120.02
2025-03-11 03:00:00,120.03,121.9,119.8,119.96
2025-03-11 04:00:00,119.95,121.51,119.75,121.02
2025-03-11 05:00:00,121.01,123.87,120.95,123.28
2025-03-11 06:00:00,123.28,123.95,122.57,122.73
2025-03-11 07:00:00,122.72,124.02,122.43,123.07
2025-03-11 08:00:00,123.07,124.67,122.93,124.11
2025-03-11 09:00:00,124.11,125,123.6,123.75
2025-03-11 10:00:00,123.75,124.68,123.4,124.31
2025-03-11 11:00:00,124.32,125.81,123.7,124.71
2025-03-11 12:00:00,124.71,124.88,122.95,122.97
2025-03-11 13:00:00,122.98,126.27,121.31,122.73
2025-03-11 14:00:00,122.72,123.63,118.59,119.91
2025-03-11 15:00:00,119.9,125.5,119.73,125.02
2025-03-11 16:00:00,125.01,126.76,123.7,125.44
2025-03-11 17:00:00,125.44,125.86,122.84,124.06
2025-03-11 18:00:00,124.06,128.15,123.98,127.66
2025-03-11 19:00:00,127.66,128.43,126.77,128.15
2025-03-11 20:00:00,128.14,128.25,126.44,126.55
2025-03-11 21:00:00,126.56,127.58,125.8,126.04
2025-03-11 22:00:00,126.03,126.76,125.75,126.2
2025-03-11 23:00:00,126.2,126.31,125.07,125.35
2025-03-12 00:00:00,125.35,126.08,124.39,125.12
2025-03-12 01:00:00,125.12,127.03,125,126.15
2025-03-12 02:00:00,126.16,126.22,123.53,123.77
2025-03-12 03:00:00,123.77,124.24,122.47,122.53
2025-03-12 04:00:00,122.52,122.99,121.22,122.19
2025-03-12 05:00:00,122.18,122.77,121.81,122.07
2025-03-12 06:00:00,122.06,122.84,121.44,122.07
2025-03-12 07:00:00,122.07,123.53,122.03,123.19
2025-03-12 08:00:00,123.19,126.05,122.88,125.42
2025-03-12 09:00:00,125.42,126.21,123.6,124.6
2025-03-12 10:00:00,124.61,124.98,123.44,124.5
2025-03-12 11:00:00,124.5,126.84,124.5,126.76
2025-03-12 12:00:00,126.77,131.33,126.2,129.5
2025-03-12 13:00:00,129.5,129.76,125.46,125.9
2025-03-12 14:00:00,125.89,126.25,124.29,124.96
2025-03-12 15:00:00,124.97,125.07,123.04,124.57
2025-03-12 16:00:00,124.56,125.49,123.51,124.25
2025-03-12 17:00:00,124.25,126.31,123.5,123.78
2025-03-12 18:00:00,123.78,125.34,123.31,124.49
2025-03-12 19:00:00,124.48,125.48,123.6,125.05
2025-03-12 20:00:00,125.05,125.65,123.97,125.13
2025-03-12 21:00:00,125.13,127.08,125.1,125.82
2025-03-12 22:00:00,125.81,126.75,125.58,126.54
2025-03-12 23:00:00,126.55,126.82,125.5,126.62
2025-03-13 00:00:00,126.61,126.94,125.29,125.36
2025-03-13 01:00:00,125.35,126.48,124.94,126.1
2025-03-13 02:00:00,126.11,127.46,125.12,125.29
2025-03-13 03:00:00,125.3,126.31,124.73,124.97
2025-03-13 04:00:00,124.97,125.36,123.61,123.86
2025-03-13 05:00:00,123.85,124.51,123.03,123.52
2025-03-13 06:00:00,123.53,124.2,123.2,123.67
2025-03-13 07:00:00,123.67,124.58,123.48,124.24
2025-03-13 08:00:00,124.25,125.44,123.64,125.33
2025-03-13 09:00:00,125.33,128.03,125.31,127.66
2025-03-13 10:00:00,127.66,128,126.4,127.07
2025-03-13 11:00:00,127.06,127.23,125.79,126.88
2025-03-13 12:00:00,126.88,128.76,125.7,126.24
2025-03-13 13:00:00,126.25,127.36,123.95,124.21
2025-03-13 14:00:00,124.2,125.85,123.6,125.18
2025-03-13 15:00:00,125.18,125.59,123.82,124.34
2025-03-13 16:00:00,124.34,124.41,122.47,123.26
2025-03-13 17:00:00,123.27,123.35,121.11,121.75
2025-03-13 18:00:00,121.74,123.09,121.66,122.96
2025-03-13 19:00:00,122.96,123.19,121.08,121.46
2025-03-13 20:00:00,121.47,122.21,120.76,121.48
2025-03-13 21:00:00,121.47,122.14,121.01,122.14
2025-03-13 22:00:00,122.14,123.92,121.96,123.86
2025-03-13 23:00:00,123.86,124.36,123.03,123.37
2025-03-14 00:00:00,123.36,124.92,122.98,124.29
2025-03-14 01:00:00,124.3,125.34,123.44,124.59
2025-03-14 02:00:00,124.58,125.47,124.45,125.22
2025-03-14 03:00:00,125.22,125.31,124.14,124.48
2025-03-14 04:00:00,124.48,125.2,124.43,124.87
2025-03-14 05:00:00,124.87,125.28,124.41,125.08
2025-03-14 06:00:00,125.08,125.39,124.5,125.12
2025-03-14 07:00:00,125.11,125.63,124.51,124.68
2025-03-14 08:00:00,124.68,125.95,124.62,125.48
2025-03-14 09:00:00,125.48,126.09,125.32,125.58
2025-03-14 10:00:00,125.58,126.6,125.24,126
2025-03-14 11:00:00,126,126.36,125.66,126.17
2025-03-14 12:00:00,126.16,126.66,125.46,126.38
2025-03-14 13:00:00,126.37,129.55,125.98,128.97
2025-03-14 14:00:00,128.97,132.12,127.59,130.69
2025-03-14 15:00:00,130.7,134.01,130.61,132.12
2025-03-14 16:00:00,132.13,133.26,130.87,133.1
2025-03-14 17:00:00,133.1,133.77,132.26,132.47
2025-03-14 18:00:00,132.47,134.37,132.47,133.98
2025-03-14 19:00:00,133.98,134.71,133.44,134.28
2025-03-14 20:00:00,134.29,134.34,131.96,134.26
2025-03-14 21:00:00,134.26,134.88,133.23,134.74
2025-03-14 22:00:00,134.74,136.03,134.41,135.42
2025-03-14 23:00:00,135.42,135.46,133.17,133.54
2025-03-15 00:00:00,133.53,134.08,133.08,133.78
2025-03-15 01:00:00,133.78,133.95,132.91,133.68
2025-03-15 02:00:00,133.68,134.78,133.4,134.51
2025-03-15 03:00:00,134.51,135.3,134.11,135.02
2025-03-15 04:00:00,135.03,135.52,134.52,134.79
2025-03-15 05:00:00,134.79,134.88,133.49,133.52
2025-03-15 06:00:00,133.53,134.06,133.12,133.98
2025-03-15 07:00:00,133.99,134.08,132.71,132.91
2025-03-15 08:00:00,132.91,133.27,132.44,132.97
2025-03-15 09:00:00,132.96,133.5,132.73,133.37
2025-03-15 10:00:00,133.37,133.49,132.79,132.89
2025-03-15 11:00:00,132.9,133.69,132.69,133.37
2025-03-15 12:00:00,133.37,134.65,133.09,134.02
2025-03-15 13:00:00,134.03,135.8,133.92,135.41
2025-03-15 14:00:00,135.4,135.4,134.03,134.46
2025-03-15 15:00:00,134.47,135.45,134.47,135.12
2025-03-15 16:00:00,135.12,136.03,134.53,135.54
2025-03-15 17:00:00,135.53,136.53,134.66,134.79
2025-03-15 18:00:00,134.8,135.2,134.01,134.28
2025-03-15 19:00:00,134.27,134.54,133.58,134.49
2025-03-15 20:00:00,134.5,135.54,134.37,135.47
2025-03-15 21:00:00,135.47,136.5,135.42,135.72
2025-03-15 22:00:00,135.72,135.88,135.17,135.63
2025-03-15 23:00:00,135.64,136.04,135.23,135.86
2025-03-16 00:00:00,135.86,136.71,135.74,135.97
2025-03-16 01:00:00,135.96,136.69,135.01,135.21
2025-03-16 02:00:00,135.21,135.45,134.13,134.3
2025-03-16 03:00:00,134.3,135.7,134.2,135.5
2025-03-16 04:00:00,135.5,135.77,134.98,135.18
2025-03-16 05:00:00,135.18,135.33,134.59,135.1
2025-03-16 06:00:00,135.1,136.23,134.91,135.07
2025-03-16 07:00:00,135.08,135.14,133.86,134.64
2025-03-16 08:00:00,134.64,134.8,134.02,134.67
2025-03-16 09:00:00,134.67,134.97,133.21,133.48
2025-03-16 10:00:00,133.48,133.77,132.92,133.31
2025-03-16 11:00:00,133.3,133.31,129.68,129.91
2025-03-16 12:00:00,129.92,130.87,129.4,129.54
2025-03-16 13:00:00,129.53,130.22,127.49,127.85
2025-03-16 14:00:00,127.85,129.49,127.73,129.44
2025-03-16 15:00:00,129.44,129.58,128.43,128.78
2025-03-16 16:00:00,128.77,131.28,128.56,129.31
2025-03-16 17:00:00,129.31,130.42,128.75,129.91
2025-03-16 18:00:00,129.91,129.98,128.11,128.78
2025-03-16 19:00:00,128.77,128.88,126.04,126.94
2025-03-16 20:00:00,126.94,127.6,126.61,127.14
2025-03-16 21:00:00,127.13,127.77,126.25,126.52
2025-03-16 22:00:00,126.51,126.7,125.65,125.76
2025-03-16 23:00:00,125.76,126.29,125.21,126.13
2025-03-17 00:00:00,126.13,127.98,125.85,127.74
2025-03-17 01:00:00,127.74,128.73,127.18,128.28
2025-03-17 02:00:00,128.27,128.63,127.4,127.78
2025-03-17 03:00:00,127.78,129.23,127.78,128.96
2025-03-17 04:00:00,128.96,129.36,128.65,128.88
2025-03-17 05:00:00,128.87,128.95,128.03,128.05
2025-03-17 06:00:00,128.05,128.45,126.5,128.11
2025-03-17 07:00:00,128.12,129.5,128.04,129.26
2025-03-17 08:00:00,129.26,129.38,128.42,128.87
2025-03-17 09:00:00,128.87,129.4,128.6,129.11
2025-03-17 10:00:00,129.1,129.65,128.7,128.87
2025-03-17 11:00:00,128.87,129.43,128.42,129.18
2025-03-17 12:00:00,129.17,130.11,127.47,127.56
2025-03-17 13:00:00,127.55,128.81,126.82,127.24
2025-03-17 14:00:00,127.23,127.67,126.23,126.33
2025-03-17 15:00:00,126.34,127.91,125.55,127.51
2025-03-17 16:00:00,127.5,128.13,126.82,127
2025-03-17 17:00:00,126.99,128.76,126.66,128.36
2025-03-17 18:00:00,128.36,130.46,128.16,129.8
2025-03-17 19:00:00,129.79,130.64,129.46,129.84
2025-03-17 20:00:00,129.83,129.95,128.5,128.78
2025-03-17 21:00:00,128.79,129.35,128.14,129.04
2025-03-17 22:00:00,129.04,129.34,128.61,128.91
2025-03-17 23:00:00,128.92,128.94,127.77,128.01
2025-03-18 00:00:00,128.01,128.19,126.11,126.56
2025-03-18 01:00:00,126.56,126.91,124.65,125.16
2025-03-18 02:00:00,125.17,125.93,124.8,125.21
2025-03-18 03:00:00,125.21,125.21,123.49,124.15
2025-03-18 04:00:00,124.14,125,123.76,124.06
2025-03-18 05:00:00,124.06,124.65,123.68,124.62
2025-03-18 06:00:00,124.61,124.67,123,124.19
2025-03-18 07:00:00,124.19,125.24,124.03,125.2
2025-03-18 08:00:00,125.2,125.86,124.84,125.71
2025-03-18 09:00:00,125.7,125.96,124.63,124.77
2025-03-18 10:00:00,124.77,125.03,123.89,124.55
2025-03-18 11:00:00,124.56,124.65,123.2,123.54
2025-03-18 12:00:00,123.53,123.78,122.56,123.5
2025-03-18 13:00:00,123.5,123.7,121.76,122.34
2025-03-18 14:00:00,122.33,123.44,121.87,123.12
2025-03-18 15:00:00,123.11,123.26,122.26,122.57
2025-03-18 16:00:00,122.57,124.03,122.44,123.35
2025-03-18 17:00:00,123.35,123.46,122.6,123.3
2025-03-18 18:00:00,123.31,124.13,123.08,124.08
2025-03-18 19:00:00,124.07,124.5,123.72,124.22
2025-03-18 20:00:00,124.22,124.43,123.53,124.03
2025-03-18 21:00:00,124.04,124.99,123.92,124.63
2025-03-18 22:00:00,124.63,125.23,124.42,125.02
2025-03-18 23:00:00,125.02,125.71,125.01,125.33
2025-03-19 00:00:00,125.33,126.28,125.15,125.9
2025-03-19 01:00:00,125.89,125.99,124.47,124.49
2025-03-19 02:00:00,124.48,125.03,124.2,124.73
2025-03-19 03:00:00,124.73,126.72,124.65,126.47
2025-03-19 04:00:00,126.48,126.88,125.73,126.14
2025-03-19 05:00:00,126.15,126.42,125.39,125.78
2025-03-19 06:00:00,125.78,126.56,125.72,126.2
2025-03-19 07:00:00,126.2,126.58,125.62,125.73
2025-03-19 08:00:00,125.73,126.34,125.7,126.32
2025-03-19 09:00:00,126.31,126.76,126.03,126.5
2025-03-19 10:00:00,126.51,127.64,126.33,126.82
2025-03-19 11:00:00,126.81,129.53,126.41,128.69
2025-03-19 12:00:00,128.69,129.08,126.97,127.61
2025-03-19 13:00:00,127.61,131.18,127.22,130.55
2025-03-19 14:00:00,130.55,132.73,130.55,131.82
2025-03-19 15:00:00,131.81,132.43,131.17,132.32
2025-03-19 16:00:00,132.33,132.52,130.65,131.73
2025-03-19 17:00:00,131.72,131.86,129.66,130.23
2025-03-19 18:00:00,130.23,133.48,128.18,132.94
2025-03-19 19:00:00,132.95,134.33,131.35,133.03
2025-03-19 20:00:00,133.03,134.45,133,133.93
2025-03-19 21:00:00,133.93,134.57,133.16,133.7
2025-03-19 22:00:00,133.7,134.8,133.58,134.66
2025-03-19 23:00:00,134.66,136.08,134.35,135.33
2025-03-20 00:00:00,135.33,136.12,133.41,133.42
2025-03-20 01:00:00,133.41,133.95,132.82,133.53
2025-03-20 02:00:00,133.54,134.31,133.23,134.1
2025-03-20 03:00:00,134.1,134.33,133.7,133.91
2025-03-20 04:00:00,133.92,134.05,132.76,133.08
2025-03-20 05:00:00,133.08,133.96,133.01,133.93
2025-03-20 06:00:00,133.93,134.96,133.81,134.8
2025-03-20 07:00:00,134.8,134.96,133.96,134.01
2025-03-20 08:00:00,134.01,134.45,133.12,134.25
2025-03-20 09:00:00,134.25,134.55,133.27,133.47
2025-03-20 10:00:00,133.48,133.82,130.31,130.44
2025-03-20 11:00:00,130.44,131.34,130.37,130.65
2025-03-20 12:00:00,130.65,130.98,130.06,130.95
2025-03-20 13:00:00,130.96,131.18,129.67,130.69
2025-03-20 14:00:00,130.68,132.3,130.62,131.78
2025-03-20 15:00:00,131.78,131.81,128.51,128.91
2025-03-20 16:00:00,128.9,129.38,126.65,127.04
2025-03-20 17:00:00,127.04,128.13,126.93,127.76
2025-03-20 18:00:00,127.76,128.29,127.18,127.25
2025-03-20 19:00:00,127.24,128.15,127.23,127.94
2025-03-20 20:00:00,127.93,128.49,127.7,128.05
2025-03-20 21:00:00,128.04,128.37,127.47,127.6
2025-03-20 22:00:00,127.6,127.97,127.17,127.43
2025-03-20 23:00:00,127.42,128.2,127.25,127.6
2025-03-21 00:00:00,127.6,128.54,127.33,128.3
2025-03-21 01:00:00,128.3,129.04,128,128.98
2025-03-21 02:00:00,128.98,129.07,128.1,128.39
2025-03-21 03:00:00,128.38,128.44,127.36,127.94
2025-03-21 04:00:00,127.95,128.76,127.94,128.44
2025-03-21 05:00:00,128.44,128.69,127.6,128.28
2025-03-21 06:00:00,128.28,128.45,127.87,128.12
2025-03-21 07:00:00,128.11,128.34,127.4,128.07
2025-03-21 08:00:00,128.08,128.84,127.75,128.39
2025-03-21 09:00:00,128.39,129.1,127.54,127.63
2025-03-21 10:00:00,127.63,127.96,125.93,126.62
2025-03-21 11:00:00,126.61,126.77,125.74,126.39
2025-03-21 12:00:00,126.4,126.92,125.7,125.86
2025-03-21 13:00:00,125.86,127.54,125.39,127.21
2025-03-21 14:00:00,127.21,127.77,126.19,127.08
2025-03-21 15:00:00,127.08,127.12,125.84,125.98
2025-03-21 16:00:00,125.98,126.73,124.81,126.7
2025-03-21 17:00:00,126.69,127,126.1,126.89
2025-03-21 18:00:00,126.9,129.73,126.05,127.3
2025-03-21 19:00:00,127.31,128.55,127.18,128.24
2025-03-21 20:00:00,128.25,128.54,127.83,128.48
2025-03-21 21:00:00,128.47,130.18,128.4,129.2
2025-03-21 22:00:00,129.19,129.31,127.57,128.03
2025-03-21 23:00:00,128.02,128.63,127.85,128.48
2025-03-22 00:00:00,128.47,129.25,128.28,128.68
2025-03-22 01:00:00,128.68,129.05,128,128.04
2025-03-22 02:00:00,128.04,128.43,127.8,128.09
2025-03-22 03:00:00,128.09,129.38,128.03,128.88
2025-03-22 04:00:00,128.88,129.5,128.63,129.34
2025-03-22 05:00:00,129.33,129.45,128.73,129.09
2025-03-22 06:00:00,129.09,129.75,128.81,129.22
2025-03-22 07:00:00,129.21,129.56,128.54,128.82
2025-03-22 08:00:00,128.81,129.53,128.77,129.41
2025-03-22 09:00:00,129.41,131.4,129.41,130.71
2025-03-22 10:00:00,130.71,131.84,130.62,131.27
2025-03-22 11:00:00,131.28,131.6,130.23,130.34
2025-03-22 12:00:00,130.35,130.55,129.93,130.1
2025-03-22 13:00:00,130.1,130.27,129.15,129.54
2025-03-22 14:00:00,129.54,129.65,128.8,128.87
2025-03-22 15:00:00,128.87,129.43,128.64,129.25
2025-03-22 16:00:00,129.24,129.4,128.9,129.23
2025-03-22 17:00:00,129.23,129.6,128.98,129.42
2025-03-22 18:00:00,129.42,129.95,129.3,129.75
2025-03-22 19:00:00,129.74,130.27,129.62,129.97
2025-03-22 20:00:00,129.97,130.06,129.1,129.12
2025-03-22 21:00:00,129.12,129.69,128.32,128.55
2025-03-22 22:00:00,128.55,128.85,128.34,128.74
2025-03-22 23:00:00,128.75,128.77,128.12,128.51
2025-03-23 00:00:00,128.5,128.89,128.21,128.75
2025-03-23 01:00:00,128.74,129.35,128.57,129.24
2025-03-23 02:00:00,129.24,129.99,129,129.98
2025-03-23 03:00:00,129.98,130.85,129.61,130.85
2025-03-23 04:00:00,130.85,130.96,129.79,129.98
2025-03-23 05:00:00,129.97,130.51,129.73,130.42
2025-03-23 06:00:00,130.43,131.05,130.25,130.62
2025-03-23 07:00:00,130.62,131.49,130.56,131.15
2025-03-23 08:00:00,131.15,131.43,130.95,131.06
2025-03-23 09:00:00,131.06,131.59,131.05,131.34
2025-03-23 10:00:00,131.34,132.72,131.34,132.38
2025-03-23 11:00:00,132.39,134.06,132.38,133.1
2025-03-23 12:00:00,133.11,133.68,133.1,133.26
2025-03-23 13:00:00,133.26,133.83,132.69,133.6
2025-03-23 14:00:00,133.6,133.76,132.14,132.33
2025-03-23 15:00:00,132.33,133.08,132.26,132.51
2025-03-23 16:00:00,132.52,132.74,131.72,131.97
2025-03-23 17:00:00,131.97,132.34,130.89,131.26
2025-03-23 18:00:00,131.27,131.27,130.49,130.79
2025-03-23 19:00:00,130.79,131.12,130.35,130.55
2025-03-23 20:00:00,130.54,131.17,130.54,130.65
2025-03-23 21:00:00,130.64,131.2,130.2,131.11
2025-03-23 22:00:00,131.11,131.76,130.97,131.4
2025-03-23 23:00:00,131.41,132.85,131.32,132.84
2025-03-24 00:00:00,132.85,135,132.04,134.73
2025-03-24 01:00:00,134.72,135.3,132.93,132.98
2025-03-24 02:00:00,132.99,135.18,132.84,134.94
2025-03-24 03:00:00,134.95,138.46,134.64,138.16
2025-03-24 04:00:00,138.16,139.36,138.16,139.17
2025-03-24 05:00:00,139.18,139.29,137.87,138.04
2025-03-24 06:00:00,138.04,138.89,137.86,137.94
2025-03-24 07:00:00,137.93,139.13,137.77,138.88
2025-03-24 08:00:00,138.89,140.88,138.6,140.27
2025-03-24 09:00:00,140.28,140.56,139.49,139.89
2025-03-24 10:00:00,139.9,142.4,139.82,141.8
2025-03-24 11:00:00,141.81,144.13,141.19,143.41
2025-03-24 12:00:00,143.42,143.83,142.36,143.17
2025-03-24 13:00:00,143.17,144.49,142.39,144.49
2025-03-24 14:00:00,144.49,144.96,142.3,142.45
2025-03-24 15:00:00,142.46,143.45,142.3,143.25
2025-03-24 16:00:00,143.24,143.44,141.75,142.09
2025-03-24 17:00:00,142.09,142.85,141.97,142.41
2025-03-24 18:00:00,142.41,142.73,141.29,142.23
2025-03-24 19:00:00,142.22,142.92,141.8,142.77
2025-03-24 20:00:00,142.76,143.64,141.79,141.84
2025-03-24 21:00:00,141.84,142.63,141.35,141.37
2025-03-24 22:00:00,141.37,141.62,140.12,140.36
2025-03-24 23:00:00,140.36,141.17,139.64,141.01
2025-03-25 00:00:00,141.01,142.29,140.5,142.13
2025-03-25 01:00:00,142.12,142.12,139.64,140.2
2025-03-25 02:00:00,140.2,140.31,139.29,139.65
2025-03-25 03:00:00,139.66,140.09,138.2,138.57
2025-03-25 04:00:00,138.57,139.55,138.17,139.1
2025-03-25 05:00:00,139.09,139.95,138.74,139.59
2025-03-25 06:00:00,139.59,140.21,139.37,139.74
2025-03-25 07:00:00,139.75,140.35,139.23,139.46
2025-03-25 08:00:00,139.46,140.55,139.43,140.29
2025-03-25 09:00:00,140.28,143.43,139.88,142.85
2025-03-25 10:00:00,142.85,143.19,141.67,142.45
2025-03-25 11:00:00,142.45,142.92,141.44,142.15
2025-03-25 12:00:00,142.14,142.87,141.06,142.13
2025-03-25 13:00:00,142.13,146.7,142.04,144.59
2025-03-25 14:00:00,144.59,147.48,143.84,146.36
2025-03-25 15:00:00,146.35,146.56,144.4,145.28
2025-03-25 16:00:00,145.28,146.25,143.61,144.37
2025-03-25 17:00:00,144.38,145.68,144.38,144.96
2025-03-25 18:00:00,144.96,145.82,144.56,145.12
2025-03-25 19:00:00,145.13,145.86,144.58,145.03
2025-03-25 20:00:00,145.02,146.09,144.5,144.55
2025-03-25 21:00:00,144.55,145.27,143.58,143.69
2025-03-25 22:00:00,143.69,144.44,142.48,143.42
2025-03-25 23:00:00,143.41,144.11,143.29,143.64
2025-03-26 00:00:00,143.64,144.63,143.11,144.16
2025-03-26 01:00:00,144.17,144.48,143.69,144.09
2025-03-26 02:00:00,144.09,144.1,142.52,142.64
2025-03-26 03:00:00,142.64,143.07,141.5,141.84
2025-03-26 04:00:00,141.84,142.59,141.64,142.38
2025-03-26 05:00:00,142.37,143.42,141.88,142.94
2025-03-26 06:00:00,142.95,144.25,142.58,144.03
2025-03-26 07:00:00,144.03,144.89,143.62,144.5
2025-03-26 08:00:00,144.5,145.05,143.91,144.39
2025-03-26 09:00:00,144.39,144.92,143.77,144.34
2025-03-26 10:00:00,144.33,145.35,144,144.85
2025-03-26 11:00:00,144.85,145.49,144.42,144.61
2025-03-26 12:00:00,144.61,145.07,143.64,144.94
2025-03-26 13:00:00,144.94,144.94,141.22,141.25
2025-03-26 14:00:00,141.25,142.04,139,140.03
2025-03-26 15:00:00,140.04,140.46,139.04,139.34
2025-03-26 16:00:00,139.33,140.21,138.94,139.4
2025-03-26 17:00:00,139.39,139.56,137.87,137.94
2025-03-26 18:00:00,137.94,138.73,137.17,137.39
2025-03-26 19:00:00,137.38,138.28,136.23,137.45
2025-03-26 20:00:00,137.45,138.51,137.25,137.97
2025-03-26 21:00:00,137.97,138.14,136.26,137.43
2025-03-26 22:00:00,137.43,137.43,136.2,136.84
2025-03-26 23:00:00,136.85,137.41,135.89,137.34
2025-03-27 00:00:00,137.35,138.05,136.82,137.97
2025-03-27 01:00:00,137.96,138.57,137.77,138.45
2025-03-27 02:00:00,138.46,140.22,138.34,139.43
2025-03-27 03:00:00,139.43,139.98,138.73,139.91
2025-03-27 04:00:00,139.91,140.07,138.87,139.53
2025-03-27 05:00:00,139.52,139.55,138.39,138.58
2025-03-27 06:00:00,138.58,139.15,137.91,138.44
2025-03-27 07:00:00,138.44,139.45,138.02,138.88
2025-03-27 08:00:00,138.88,139.29,138.04,138.36
2025-03-27 09:00:00,138.36,138.62,137.5,138.22
2025-03-27 10:00:00,138.23,138.85,137.36,137.69
2025-03-27 11:00:00,137.7,138.42,137.1,137.4
2025-03-27 12:00:00,137.4,138.3,136.9,137.54
2025-03-27 13:00:00,137.53,138.12,135.63,137.08
2025-03-27 14:00:00,137.08,139.82,137.04,139.77
2025-03-27 15:00:00,139.78,139.83,137.79,137.79
2025-03-27 16:00:00,137.79,139.08,137.73,137.98
2025-03-27 17:00:00,137.99,138.59,137.36,137.53
2025-03-27 18:00:00,137.53,139.3,137.45,138.89
2025-03-27 19:00:00,138.9,139.71,138.61,139.06
2025-03-27 20:00:00,139.07,139.45,138.7,139.12
2025-03-27 21:00:00,139.12,139.95,138.82,139.63
2025-03-27 22:00:00,139.63,139.8,138.85,138.88
2025-03-27 23:00:00,138.87,139.09,138.12,138.43
2025-03-28 00:00:00,138.44,138.51,136.72,137.86
2025-03-28 01:00:00,137.86,139.05,137.18,138.32
2025-03-28 02:00:00,138.32,139,137.61,137.83
2025-03-28 03:00:00,137.83,138.02,135.9,136.78
2025-03-28 04:00:00,136.79,137.35,133.55,134.28
2025-03-28 05:00:00,134.27,134.3,133.29,133.39
2025-03-28 06:00:00,133.38,134.57,133.09,133.21
2025-03-28 07:00:00,133.21,133.46,131.38,131.62
2025-03-28 08:00:00,131.63,132.67,131.11,131.28
2025-03-28 09:00:00,131.28,131.74,130.61,130.85
2025-03-28 10:00:00,130.86,131.32,130.36,130.85
2025-03-28 11:00:00,130.85,132.01,130.52,131.93
2025-03-28 12:00:00,131.92,132.46,130.6,130.78
2025-03-28 13:00:00,130.79,131.88,129.38,129.93
2025-03-28 14:00:00,129.93,130.43,129.14,130.09
2025-03-28 15:00:00,130.09,130.41,129.26,129.92
2025-03-28 16:00:00,129.92,130.3,129.03,129.41
2025-03-28 17:00:00,129.4,130.12,129.12,130.09
2025-03-28 18:00:00,130.08,130.2,129.15,129.6
2025-03-28 19:00:00,129.6,129.69,129.13,129.43
2025-03-28 20:00:00,129.43,130.46,127.69,128.35
2025-03-28 21:00:00,128.35,129.31,127.81,129.05
2025-03-28 22:00:00,129.05,129.93,129.02,129.84
2025-03-28 23:00:00,129.84,129.85,129.12,129.49
2025-03-29 00:00:00,129.5,130.54,129.41,129.78
2025-03-29 01:00:00,129.79,129.99,129.18,129.49
2025-03-29 02:00:00,129.49,129.75,127.11,127.12
2025-03-29 03:00:00,127.12,129.19,126.58,128.84
2025-03-29 04:00:00,128.83,129.13,127.96,128.65
2025-03-29 05:00:00,128.65,128.66,127.34,127.79
2025-03-29 06:00:00,127.79,127.82,126.19,126.96
2025-03-29 07:00:00,126.95,127.12,125.45,126.39
2025-03-29 08:00:00,126.39,127.1,126.24,126.89
2025-03-29 09:00:00,126.89,127.1,125.57,126.69
2025-03-29 10:00:00,126.69,126.85,125.63,125.89
2025-03-29 11:00:00,125.88,126.06,124.31,125.3
2025-03-29 12:00:00,125.3,125.88,125,125.51
2025-03-29 13:00:00,125.5,126.76,125.5,126.76
2025-03-29 14:00:00,126.76,126.82,125.72,125.91
2025-03-29 15:00:00,125.91,126.58,125.9,126.32
2025-03-29 16:00:00,126.32,126.79,125.11,125.29
2025-03-29 17:00:00,125.29,125.87,123.71,124.51
2025-03-29 18:00:00,124.51,125.7,124.41,124.92
2025-03-29 19:00:00,124.93,125.3,124.39,125.3
2025-03-29 20:00:00,125.3,125.43,123.85,124.03
2025-03-29 21:00:00,124.03,124.81,123.27,124.45
2025-03-29 22:00:00,124.45,124.45,122.68,123.38
2025-03-29 23:00:00,123.39,124.76,123.17,124.58
2025-03-30 00:00:00,124.58,124.88,123.49,124.71
2025-03-30 01:00:00,124.71,125.5,124.7,125.31
2025-03-30 02:00:00,125.31,126.43,125.18,126.24
2025-03-30 03:00:00,126.24,126.6,125.66,125.71
2025-03-30 04:00:00,125.7,126.48,125.7,126.25
2025-03-30 05:00:00,126.25,126.56,125.78,125.95
2025-03-30 06:00:00,125.94,126.08,125.16,125.88
2025-03-30 07:00:00,125.88,126.27,125.3,125.48
2025-03-30 08:00:00,125.48,126.24,125.43,126.14
2025-03-30 09:00:00,126.15,126.18,125.58,126.07
2025-03-30 10:00:00,126.07,126.43,124.79,124.99
2025-03-30 11:00:00,124.98,125.9,124.66,125.12
2025-03-30 12:00:00,125.12,125.43,124.72,125.06
2025-03-30 13:00:00,125.07,125.1,123.15,123.44
2025-03-30 14:00:00,123.44,125.06,123.37,124.71
2025-03-30 15:00:00,124.72,125.59,124.53,124.92
2025-03-30 16:00:00,124.92,125.23,123.32,123.7
2025-03-30 17:00:00,123.7,124.67,123,124.52
2025-03-30 18:00:00,124.52,126.82,124.52,126.22
2025-03-30 19:00:00,126.23,127.08,126,126.06
2025-03-30 21:00:00,125.74,126.15,124.32,124.77
2025-03-30 22:00:00,124.76,125.98,123.19,125.09
2025-03-30 23:00:00,125.08,125.16,123.94,124.82
2025-03-31 00:00:00,124.83,125.15,122.75,123.81
2025-03-31 01:00:00,123.82,126.52,123.64,126.22
2025-03-31 02:00:00,126.22,127.63,125.56,126.59
2025-03-31 03:00:00,126.58,127.19,124.22,124.56
2025-03-31 04:00:00,124.57,125.48,124.33,125
2025-03-31 05:00:00,125,126.68,124.85,126.03
2025-03-31 06:00:00,126.04,126.53,125.23,126.25
2025-03-31 07:00:00,126.25,127.08,125.28,125.88
2025-03-31 08:00:00,125.89,126.7,125.27,125.39
2025-03-31 09:00:00,125.39,125.47,123.43,123.92
2025-03-31 10:00:00,123.92,124.77,123.05,124.57
2025-03-31 11:00:00,124.58,124.82,123.41,124.28
2025-03-31 12:00:00,124.27,126.16,123.66,125.91
2025-03-31 13:00:00,125.92,126.29,123.22,125.49
2025-03-31 14:00:00,125.49,127.21,125.44,126.72
2025-03-31 15:00:00,126.72,127.81,126.71,126.78
2025-03-31 16:00:00,126.77,127.36,125.79,125.98
2025-03-31 17:00:00,125.98,126.56,123.83,124.09
2025-03-31 18:00:00,124.1,126.56,124.1,125.68
2025-03-31 19:00:00,125.67,126.26,125.15,125.25
2025-03-31 20:00:00,125.25,125.98,125.13,125.39
2025-03-31 21:00:00,125.38,126.27,125.38,125.74
2025-03-31 22:00:00,125.74,125.98,124.85,125.54
2025-03-31 23:00:00,125.53,126.18,124.47,124.54
2025-04-01 00:00:00,124.53,125.18,124.03,124.51
2025-04-01 01:00:00,124.5,124.74,123.74,124.5
2025-04-01 02:00:00,124.5,126.29,124.44,126.24
2025-04-01 03:00:00,126.25,126.72,125.76,126.06
2025-04-01 04:00:00,126.07,126.3,125.6,126.19
2025-04-01 05:00:00,126.18,126.78,125.94,125.98
2025-04-01 06:00:00,125.99,126.75,125.59,126.56
2025-04-01 07:00:00,126.56,126.71,126.03,126.69
2025-04-01 08:00:00,126.69,129.97,126.68,129.38
2025-04-01 09:00:00,129.37,129.84,128.42,129.27
2025-04-01 10:00:00,129.27,129.33,127.83,127.91
2025-04-01 11:00:00,127.91,128.21,127.13,127.61
2025-04-01 12:00:00,127.6,127.9,126.43,127.17
2025-04-01 13:00:00,127.18,128.37,126.9,127.59
2025-04-01 14:00:00,127.59,127.83,124.68,127.05
2025-04-01 15:00:00,127.05,130.55,126.76,129.27
2025-04-01 16:00:00,129.27,129.64,128.14,128.25
2025-04-01 17:00:00,128.24,128.44,127.04,127.29
2025-04-01 18:00:00,127.29,127.31,125.52,126.49
2025-04-01 19:00:00,126.49,127.12,126.45,126.82
2025-04-01 20:00:00,126.82,126.83,125.3,126.43
2025-04-01 21:00:00,126.43,126.79,126.13,126.33
2025-04-01 22:00:00,126.33,127.24,125.92,126.77
2025-04-01 23:00:00,126.77,127.53,126.14,126.67
2025-04-02 00:00:00,126.68,126.96,126.03,126.22
2025-04-02 01:00:00,126.22,126.24,125.4,125.69
2025-04-02 02:00:00,125.7,125.78,124.1,124.76
2025-04-02 03:00:00,124.76,125.36,124.22,124.32
2025-04-02 04:00:00,124.32,125.03,124.21,124.89
2025-04-02 05:00:00,124.9,124.9,123.5,123.75
2025-04-02 06:00:00,123.75,124.6,123.7,124.04
2025-04-02 07:00:00,124.04,124.84,123.93,124.55
2025-04-02 08:00:00,124.54,125.84,124.28,125.45
2025-04-02 09:00:00,125.45,126.73,125.32,126.04
2025-04-02 10:00:00,126.04,126.49,125.46,125.73
2025-04-02 11:00:00,125.74,126.32,125.64,125.69
2025-04-02 12:00:00,125.7,126.8,125.12,126.6
2025-04-02 13:00:00,126.61,127.93,125.16,126.22
2025-04-02 14:00:00,126.21,128.13,126.14,127.71
2025-04-02 15:00:00,127.71,131.16,127.61,130.43
2025-04-02 16:00:00,130.43,131.79,129.77,131.15
2025-04-02 17:00:00,131.15,131.52,129.27,129.67
2025-04-02 18:00:00,129.66,130.31,129.17,130
2025-04-02 19:00:00,130.01,131.5,130.01,131.43
2025-04-02 20:00:00,131.42,136.21,126.79,128.03
2025-04-02 21:00:00,128.03,128.28,124.61,125.37
2025-04-02 22:00:00,125.36,125.36,118.2,118.68
2025-04-02 23:00:00,118.67,119.54,117,117.42
2025-04-03 00:00:00,117.42,120.16,116.25,119.98
2025-04-03 01:00:00,119.98,120.41,118.47,119.4
2025-04-03 02:00:00,119.4,120.84,119.03,120.8
2025-04-03 03:00:00,120.79,120.94,119.68,119.8
2025-04-03 04:00:00,119.81,120.86,119.42,120.3
2025-04-03 05:00:00,120.3,120.63,118.71,118.94
2025-04-03 06:00:00,118.94,119.31,117.9,118.27
2025-04-03 07:00:00,118.27,118.95,117.9,118.64
2025-04-03 08:00:00,118.64,119.22,118.04,118.9
2025-04-03 09:00:00,118.91,119.08,117.7,117.91
2025-04-03 10:00:00,117.91,118.38,115.4,115.96
2025-04-03 11:00:00,115.96,116.57,115.11,115.74
2025-04-03 12:00:00,115.74,116.04,112.59,113.11
2025-04-03 13:00:00,113.12,115.56,112.84,114.81
2025-04-03 14:00:00,114.8,114.87,112.24,112.61
2025-04-03 15:00:00,112.61,114.47,112.55,114.16
2025-04-03 16:00:00,114.17,114.82,113.43,113.68
2025-04-03 17:00:00,113.68,114.8,113.26,114.22
2025-04-03 18:00:00,114.22,116,113.78,115.1
2025-04-03 19:00:00,115.11,115.77,114.88,115.42
2025-04-03 20:00:00,115.43,116.56,115.08,116.25
2025-04-03 21:00:00,116.26,117.4,116.01,117.18
2025-04-03 22:00:00,117.18,117.37,116.5,117.01
2025-04-03 23:00:00,117,117.45,116.05,117.17
2025-04-04 00:00:00,117.17,117.5,115.92,116
2025-04-04 01:00:00,116,116.38,114.63,114.92
2025-04-04 02:00:00,114.93,116.44,114.92,115.55
2025-04-04 03:00:00,115.55,115.76,114.9,115.4
2025-04-04 04:00:00,115.41,115.45,114.73,115.03
2025-04-04 05:00:00,115.04,116.61,114.76,116.55
2025-04-04 06:00:00,116.55,116.91,116.06,116.08
2025-04-04 07:00:00,116.08,118.35,116.02,118.18
2025-04-04 08:00:00,118.17,119.15,118.13,118.92
2025-04-04 09:00:00,118.91,119.94,118.55,119.62
2025-04-04 10:00:00,119.62,119.76,114.87,115.03
2025-04-04 11:00:00,115.04,115.5,113.25,114.54
2025-04-04 12:00:00,114.53,116.48,113.96,115.63
2025-04-04 13:00:00,115.64,116.69,114.1,116.41
2025-04-04 14:00:00,116.4,117.82,115.31,117.45
2025-04-04 15:00:00,117.44,120.99,117.42,118.6
2025-04-04 16:00:00,118.6,122.87,118.23,121.8
2025-04-04 17:00:00,121.79,123.98,119.64,123.11
2025-04-04 18:00:00,123.1,123.24,121.42,121.75
2025-04-04 19:00:00,121.75,123.04,121.37,122.61
2025-04-04 20:00:00,122.61,123.89,121.78,123.39
2025-04-04 21:00:00,123.4,124,122.9,123.12
2025-04-04 22:00:00,123.13,123.87,122.84,123.33
2025-04-04 23:00:00,123.32,123.39,122.06,122.79
2025-04-05 00:00:00,122.8,122.85,121.84,122.24
2025-04-05 01:00:00,122.24,122.83,121.65,121.84
2025-04-05 02:00:00,121.85,121.99,120.71,121.02
2025-04-05 03:00:00,121.02,121.27,120.66,120.73
2025-04-05 04:00:00,120.72,121.32,120.37,120.63
2025-04-05 05:00:00,120.63,121.07,120.38,120.67
2025-04-05 06:00:00,120.67,121.12,120.18,120.66
2025-04-05 07:00:00,120.65,121.25,120.19,121.07
2025-04-05 08:00:00,121.07,121.46,120.69,121.17
2025-04-05 09:00:00,121.17,121.96,121.15,121.83
2025-04-05 10:00:00,121.84,121.94,120.76,120.91
2025-04-05 11:00:00,120.91,121.06,119.86,120.28
2025-04-05 12:00:00,120.29,120.33,118.84,119.17
2025-04-05 13:00:00,119.17,119.3,117.54,117.86
2025-04-05 14:00:00,117.85,118.45,117.2,118.12
2025-04-05 15:00:00,118.12,118.14,117.15,117.55
2025-04-05 16:00:00,117.55,118.24,117.52,117.84
2025-04-05 17:00:00,117.84,118.52,117.63,117.95
2025-04-05 18:00:00,117.95,119.02,117.85,118.96
2025-04-05 19:00:00,118.96,119.35,118.39,118.63
2025-04-05 20:00:00,118.63,119.39,118.41,119.27
2025-04-05 21:00:00,119.27,119.46,118.7,118.94
2025-04-05 22:00:00,118.93,119.58,118.86,119.24
2025-04-05 23:00:00,119.24,120.56,119.18,120.32
2025-04-06 00:00:00,120.33,120.62,119.79,120.36
2025-04-06 01:00:00,120.37,121.13,120.11,120.45
2025-04-06 02:00:00,120.45,120.85,119.77,120.05
2025-04-06 03:00:00,120.05,120.38,119.43,119.98
2025-04-06 04:00:00,119.99,120.09,119.43,119.83
2025-04-06 05:00:00,119.84,120.47,119.65,120.29
2025-04-06 06:00:00,120.3,120.6,119.32,119.37
2025-04-06 07:00:00,119.38,119.52,118.82,119.21
2025-04-06 08:00:00,119.2,119.64,118.5,119.54
2025-04-06 09:00:00,119.55,120.18,119.27,119.74
2025-04-06 10:00:00,119.73,119.75,118.7,119.17
2025-04-06 11:00:00,119.17,119.17,118.18,118.62
2025-04-06 12:00:00,118.61,118.86,116.2,116.46
2025-04-06 13:00:00,116.45,116.45,114.31,114.7
2025-04-06 14:00:00,114.69,115.79,114.3,115.68
2025-04-06 15:00:00,115.67,115.88,114.82,114.97
2025-04-06 16:00:00,114.96,115.26,113.71,114.04
2025-04-06 17:00:00,114.03,114.38,110.58,111.43
2025-04-06 18:00:00,111.43,111.47,107.25,107.69
2025-04-06 19:00:00,107.69,108.6,106.28,108.07
2025-04-06 20:00:00,108.08,108.55,105.52,106.53
2025-04-06 21:00:00,106.54,107.8,106.26,106.94
2025-04-06 22:00:00,106.94,108.29,105.77,105.99
2025-04-06 23:00:00,105.98,106.53,103.81,105.91
2025-04-07 00:00:00,105.9,106.26,103.28,104.79
2025-04-07 01:00:00,104.8,107.82,104.8,107.45
2025-04-07 02:00:00,107.45,107.64,105.38,105.94
2025-04-07 03:00:00,105.93,106.14,102.22,103.27
2025-04-07 04:00:00,103.27,103.77,101.64,102.59
2025-04-07 05:00:00,102.6,103.12,101.12,101.94
2025-04-07 06:00:00,101.93,102.69,95.26,97.18
2025-04-07 07:00:00,97.17,98.88,97.08,97.14
2025-04-07 08:00:00,97.14,101.6,96.93,100.49
2025-04-07 09:00:00,100.48,101.78,99.08,100.35
2025-04-07 10:00:00,100.34,102.64,100.28,100.34
2025-04-07 11:00:00,100.35,101.16,99.14,100.29
2025-04-07 12:00:00,100.3,103.19,99.74,102.96
2025-04-07 13:00:00,102.96,107.22,100.73,106.6
2025-04-07 14:00:00,106.59,113,104.55,107.5
2025-04-07 15:00:00,107.49,108,103.71,106.65
2025-04-07 16:00:00,106.65,106.77,103.56,103.85
2025-04-07 17:00:00,103.86,107.98,103.84,107.6
2025-04-07 18:00:00,107.61,107.68,105.85,105.96
2025-04-07 19:00:00,105.96,106.98,105.24,105.75
2025-04-07 20:00:00,105.75,107.98,105.74,107.38
2025-04-07 21:00:00,107.38,108.67,106.59,107.94
2025-04-07 22:00:00,107.94,109.3,107.6,108.6
2025-04-07 23:00:00,108.6,108.72,106.69,106.99
2025-04-08 00:00:00,106.98,107.75,106.65,107.04
2025-04-08 01:00:00,107.04,111.37,106.69,111.03
2025-04-08 02:00:00,111.03,112.58,110.69,111.29
2025-04-08 03:00:00,111.29,111.77,110.45,111.31
2025-04-08 04:00:00,111.3,112.16,111.08,111.7
2025-04-08 05:00:00,111.69,111.88,110.17,110.51
2025-04-08 06:00:00,110.51,110.51,108.58,108.67
2025-04-08 07:00:00,108.66,109.15,107.97,108.7
2025-04-08 08:00:00,108.69,108.77,107.15,108.13
2025-04-08 09:00:00,108.13,108.96,107.86,108.45
2025-04-08 10:00:00,108.44,109.66,108.26,108.84
2025-04-08 11:00:00,108.84,111.82,108.67,111.56
2025-04-08 12:00:00,111.56,111.94,109.43,109.99
2025-04-08 13:00:00,109.98,112.2,109.53,110.2
2025-04-08 14:00:00,110.19,111.22,107.64,107.85
2025-04-08 15:00:00,107.86,108.56,106.68,107.2
2025-04-08 16:00:00,107.19,107.29,103.64,104.31
2025-04-08 17:00:00,104.31,105.84,102.96,105.15
2025-04-08 18:00:00,105.16,106.95,104.57,105.74
2025-04-08 19:00:00,105.75,106.1,103.42,104.06
2025-04-08 20:00:00,104.06,106.19,103.67,106.01
2025-04-08 21:00:00,106.02,106.36,105.3,105.88
2025-04-08 22:00:00,105.87,106.48,104.54,105.48
2025-04-08 23:00:00,105.48,105.85,104.46,105.4
2025-04-09 00:00:00,105.4,106.6,104.24,104.73
2025-04-09 01:00:00,104.73,105.04,101.26,104.25
2025-04-09 02:00:00,104.26,105.74,103.46,103.58
2025-04-09 03:00:00,103.59,103.92,102.67,103.15
2025-04-09 04:00:00,103.14,106.07,103.04,105.14
2025-04-09 05:00:00,105.14,106.04,104.96,105.34
2025-04-09 06:00:00,105.35,106.79,105.29,105.72
2025-04-09 07:00:00,105.72,107.85,105.64,107.37
2025-04-09 08:00:00,107.37,108.26,106.61,107.32
2025-04-09 09:00:00,107.32,107.58,106.13,106.61
2025-04-09 10:00:00,106.61,107.34,106.04,106.87
2025-04-09 11:00:00,106.87,106.87,102.75,103.43
2025-04-09 12:00:00,103.42,104.94,102.31,104.47
2025-04-09 13:00:00,104.47,107.07,103.89,106.03
2025-04-09 14:00:00,106.02,107.43,105.54,105.84
2025-04-09 15:00:00,105.85,107.1,105.84,106.54
2025-04-09 16:00:00,106.54,108.37,106.22,108.29
2025-04-09 17:00:00,108.29,119.8,107.26,119.37
2025-04-09 18:00:00,119.38,121,117.45,117.65
2025-04-09 19:00:00,117.65,119.67,117.64,118.95
2025-04-09 20:00:00,118.95,120.26,118.66,120.1
2025-04-09 21:00:00,120.1,120.5,118.07,119.57
2025-04-09 22:00:00,119.56,120.41,118.99,119.22
2025-04-09 23:00:00,119.23,119.49,118.43,119.05
2025-04-10 00:00:00,119.05,119.3,116.81,117.58
2025-04-10 01:00:00,117.57,118,116.59,117.01
2025-04-10 02:00:00,117,117.57,116.74,116.96
2025-04-10 03:00:00,116.97,117.02,114.5,115.49
2025-04-10 04:00:00,115.5,115.87,114.66,115.71
2025-04-10 05:00:00,115.7,116.55,115.37,116.14
2025-04-10 06:00:00,116.14,116.99,115.93,116.07
2025-04-10 07:00:00,116.07,116.64,114.05,114.78
2025-04-10 08:00:00,114.79,115.18,114.11,114.61
2025-04-10 09:00:00,114.61,115.24,114.24,114.86
2025-04-10 10:00:00,114.87,114.88,113.77,114.44
2025-04-10 11:00:00,114.45,114.59,113.39,113.95
2025-04-10 12:00:00,113.94,115.76,112.86,113.38
2025-04-10 13:00:00,113.38,113.84,111.9,112.77
2025-04-10 14:00:00,112.77,114.58,112.43,112.9
2025-04-10 15:00:00,112.89,113.15,109.39,109.6
2025-04-10 16:00:00,109.6,110.32,108.5,109.41
2025-04-10 17:00:00,109.41,110.65,108.21,110.46
2025-04-10 18:00:00,110.45,111.48,110.15,111.38
2025-04-10 19:00:00,111.38,111.9,110.79,111.34
2025-04-10 20:00:00,111.34,112.88,111.27,112.84
2025-04-10 21:00:00,112.83,112.89,111.93,112.35
2025-04-10 22:00:00,112.35,113.4,112.11,112.66
2025-04-10 23:00:00,112.66,113.06,112.31,112.81
2025-04-11 00:00:00,112.8,113.42,112.16,112.25
2025-04-11 01:00:00,112.26,114.24,112.19,114.2
2025-04-11 02:00:00,114.19,115.55,113.7,114.39
2025-04-11 03:00:00,114.39,115.78,114.38,115.41
2025-04-11 04:00:00,115.42,116.32,115.16,115.49
2025-04-11 05:00:00,115.49,116.14,115,116.05
2025-04-11 06:00:00,116.05,117.76,116.05,116.96
2025-04-11 07:00:00,116.97,117.04,116.18,116.59
2025-04-11 08:00:00,116.6,117.92,115.87,117.57
2025-04-11 09:00:00,117.57,118.56,116.95,118.23
2025-04-11 10:00:00,118.22,119.13,117.65,118.7
2025-04-11 11:00:00,118.7,119.4,117.69,118.02
2025-04-11 12:00:00,118.03,119.11,117.58,117.9
2025-04-11 13:00:00,117.89,121.57,117.66,120.58
2025-04-11 14:00:00,120.57,121.01,118.56,119.7
2025-04-11 15:00:00,119.71,120.3,118.56,119.91
2025-04-11 16:00:00,119.91,120.58,118.66,119.96
2025-04-11 17:00:00,119.96,122,119.83,121.41
2025-04-11 18:00:00,121.42,121.79,119.83,119.93
2025-04-11 19:00:00,119.93,120.93,119.92,120.87
2025-04-11 20:00:00,120.87,121.98,120.6,121.6
2025-04-11 21:00:00,121.61,122.65,120.95,121.15
2025-04-11 22:00:00,121.16,121.42,120.72,121.18
2025-04-11 23:00:00,121.18,121.91,119.99,121.41
2025-04-12 00:00:00,121.41,122.23,120.84,121.19
2025-04-12 01:00:00,121.19,121.81,120.62,121.21
2025-04-12 02:00:00,121.2,121.5,119.41,119.64
2025-04-12 03:00:00,119.64,120.5,119.57,120.18
2025-04-12 04:00:00,120.18,123.9,119.82,122.69
2025-04-12 05:00:00,122.69,122.93,122.09,122.39
2025-04-12 06:00:00,122.39,123.6,122.39,122.9
2025-04-12 07:00:00,122.9,124.57,122.75,124.26
2025-04-12 08:00:00,124.26,125.52,124.01,124.34
2025-04-12 09:00:00,124.33,124.87,124.04,124.65
2025-04-12 10:00:00,124.64,124.93,124.03,124.39
2025-04-12 11:00:00,124.39,125.33,124.39,124.6
2025-04-12 12:00:00,124.6,126.61,124.39,126.38
2025-04-12 13:00:00,126.39,128.93,126.11,128.59
2025-04-12 14:00:00,128.59,131.61,128.22,130.62
2025-04-12 15:00:00,130.62,131.77,129.75,130.47
2025-04-12 16:00:00,130.47,131.39,129.16,129.69
2025-04-12 17:00:00,129.68,129.92,128.2,129.06
2025-04-12 18:00:00,129.05,131.08,129.01,130.92
2025-04-12 19:00:00,130.92,131.55,129.77,130.71
2025-04-12 20:00:00,130.72,134.11,130.6,132.77
2025-04-12 21:00:00,132.78,133.05,131,132.72
2025-04-12 22:00:00,132.71,133.94,131.94,132.06
2025-04-12 23:00:00,132.06,132.65,131.62,132.24
2025-04-13 00:00:00,132.24,133.71,131.68,133
2025-04-13 01:00:00,133.01,133.96,131.01,131.36
2025-04-13 02:00:00,131.36,133.26,130.87,132.9
2025-04-13 03:00:00,132.89,133.23,131.62,131.81
2025-04-13 04:00:00,131.81,132.03,129.7,130.23
2025-04-13 05:00:00,130.22,130.63,129.55,129.96
2025-04-13 06:00:00,129.96,130.27,128.92,128.98
2025-04-13 07:00:00,128.98,129.76,128.17,128.55
2025-04-13 08:00:00,128.55,130.02,128.2,129.98
2025-04-13 09:00:00,129.98,131.61,129.52,131.51
2025-04-13 10:00:00,131.5,131.53,130.17,130.82
2025-04-13 11:00:00,130.83,130.89,128.84,129.82
2025-04-13 12:00:00,129.82,130.43,129.27,129.79
2025-04-13 13:00:00,129.79,130.15,126.78,127.64
2025-04-13 14:00:00,127.64,129.24,127.31,128.6
2025-04-13 15:00:00,128.61,128.92,127.57,128.72
2025-04-13 16:00:00,128.71,130.01,128.66,129.6
2025-04-13 17:00:00,129.61,132.56,129.46,131.62
2025-04-13 18:00:00,131.62,132.29,131.14,131.4
2025-04-13 19:00:00,131.41,131.49,127.05,128.21
2025-04-13 20:00:00,128.22,129.85,126.09,126.73
2025-04-13 21:00:00,126.72,127.58,125.32,127.39
2025-04-13 22:00:00,127.4,127.85,126.77,127.15
2025-04-13 23:00:00,127.16,130,126.8,128.38
2025-04-14 00:00:00,128.38,131.74,127.98,130.32
2025-04-14 01:00:00,130.33,131.67,129.86,130.63
2025-04-14 02:00:00,130.63,136.13,130.1,133.43
2025-04-14 03:00:00,133.42,133.63,131.2,131.73
2025-04-14 04:00:00,131.74,134.34,131.68,133.64
2025-04-14 05:00:00,133.65,134.22,132.18,132.92
2025-04-14 06:00:00,132.91,132.96,131.72,132.16
2025-04-14 07:00:00,132.15,132.87,131.1,132.3
2025-04-14 08:00:00,132.31,133.68,131.83,133.11
2025-04-14 09:00:00,133.1,133.94,131.5,131.96
2025-04-14 10:00:00,131.96,134.17,131.91,133.76
2025-04-14 11:00:00,133.77,133.89,132.59,133.5
2025-04-14 12:00:00,133.5,134.34,132.44,133.97
2025-04-14 13:00:00,133.98,134.79,131.2,131.58
2025-04-14 14:00:00,131.59,134.79,131.16,133.35
2025-04-14 15:00:00,133.34,133.44,128.12,128.8
2025-04-14 16:00:00,128.8,130.1,128.08,129.18
2025-04-14 17:00:00,129.17,130.85,128.98,130.18
2025-04-14 18:00:00,130.17,130.86,129.44,130.36
2025-04-14 19:00:00,130.35,131.99,130.31,131.08
2025-04-14 20:00:00,131.09,131.19,129.46,130.22
2025-04-14 21:00:00,130.22,130.25,128.65,129.56
2025-04-14 22:00:00,129.56,129.79,128.85,129.67
2025-04-14 23:00:00,129.67,130.29,129.2,129.42
2025-04-15 00:00:00,129.41,129.5,127.71,129.2
2025-04-15 01:00:00,129.19,130.5,127.83,130.34
2025-04-15 02:00:00,130.34,130.52,128.28,129.51
2025-04-15 03:00:00,129.51,130.75,129.26,130.54
2025-04-15 04:00:00,130.54,130.95,129.68,130.86
2025-04-15 05:00:00,130.86,132.3,130.83,131.28
2025-04-15 06:00:00,131.28,131.67,130.72,131.06
2025-04-15 07:00:00,131.07,131.98,131.07,131.55
2025-04-15 08:00:00,131.55,132.27,131.34,131.72
2025-04-15 09:00:00,131.72,133.54,131.51,133.54
2025-04-15 10:00:00,133.53,133.92,131.67,132.35
2025-04-15 11:00:00,132.36,132.66,131.62,132.15
2025-04-15 12:00:00,132.14,133.06,131.22,132.58
2025-04-15 13:00:00,132.57,134.45,131.94,132.08
2025-04-15 14:00:00,132.09,132.8,129.82,130.7
2025-04-15 15:00:00,130.7,131.67,129.07,129.61
2025-04-15 16:00:00,129.62,130.6,129.3,129.7
2025-04-15 17:00:00,129.7,129.98,127.93,128.24
2025-04-15 18:00:00,128.23,128.61,127.31,128.16
2025-04-15 19:00:00,128.15,128.71,127.41,127.88
2025-04-15 20:00:00,127.89,128.35,126.77,127.73
2025-04-15 21:00:00,127.74,128.59,127.45,128.12
2025-04-15 22:00:00,128.11,128.11,125.82,126.51
2025-04-15 23:00:00,126.51,127.15,126.03,126.11
2025-04-16 00:00:00,126.1,127.35,125.05,125.21
2025-04-16 01:00:00,125.2,126.52,124.8,126.21
2025-04-16 02:00:00,126.21,127.1,125.82,127
2025-04-16 03:00:00,127,127.29,126.22,126.44
2025-04-16 04:00:00,126.45,126.68,125.18,125.93
2025-04-16 05:00:00,125.93,126.61,124.37,125.4
2025-04-16 06:00:00,125.39,126.44,125.12,126.1
2025-04-16 07:00:00,126.1,126.36,124.57,124.78
2025-04-16 08:00:00,124.78,125.67,123.49,125.13
2025-04-16 09:00:00,125.13,125.68,124.33,124.35
2025-04-16 10:00:00,124.35,125.96,124.23,125.89
2025-04-16 11:00:00,125.89,126.68,124.92,126.27
2025-04-16 12:00:00,126.26,126.54,125.18,125.24
2025-04-16 13:00:00,125.25,126.16,124.46,124.65
2025-04-16 14:00:00,124.65,128.15,124.62,127.83
2025-04-16 15:00:00,127.83,129.6,127.75,128.39
2025-04-16 16:00:00,128.4,129.33,126.94,128.82
2025-04-16 17:00:00,128.82,130.93,124.86,125.15
2025-04-16 18:00:00,125.16,128.84,125.09,128.61
2025-04-16 19:00:00,128.6,133.91,128.56,132.45
2025-04-16 20:00:00,132.45,133.71,131.47,131.65
2025-04-16 21:00:00,131.66,133.44,131.54,132.97
2025-04-16 22:00:00,132.98,133.13,131.98,132.12
2025-04-16 23:00:00,132.12,132.31,130.78,131.33
2025-04-17 00:00:00,131.33,131.72,130.75,131.72
2025-04-17 01:00:00,131.71,132.67,131.22,132.1
2025-04-17 02:00:00,132.1,132.2,130.37,131.36
2025-04-17 03:00:00,131.35,131.77,129.5,129.79
2025-04-17 04:00:00,129.79,131.12,129.62,131.12
2025-04-17 05:00:00,131.11,133.5,131.03,133.13
2025-04-17 06:00:00,133.13,135.31,132.62,134.49
2025-04-17 07:00:00,134.5,135.59,133.86,134.26
2025-04-17 08:00:00,134.25,135,133.1,133.34
2025-04-17 09:00:00,133.35,134.11,132.78,133.52
2025-04-17 10:00:00,133.52,133.7,132.72,133.11
2025-04-17 11:00:00,133.12,133.69,132.43,133.12
2025-04-17 12:00:00,133.12,134.5,132.94,134.08
2025-04-17 13:00:00,134.08,134.08,132.6,132.91
2025-04-17 14:00:00,132.92,132.96,130.55,131.44
2025-04-17 15:00:00,131.43,133.87,131.37,133.45
2025-04-17 16:00:00,133.45,135.19,132.72,134.59
2025-04-17 17:00:00,134.58,135.94,134.25,135.4
2025-04-17 18:00:00,135.4,136.2,134.26,134.26
2025-04-17 19:00:00,134.25,134.83,132,132.91
2025-04-17 20:00:00,132.91,135.29,132.91,134.91
2025-04-17 21:00:00,134.91,135.06,133.83,134.53
2025-04-17 22:00:00,134.53,134.81,133.43,133.47
2025-04-17 23:00:00,133.48,134.98,133.48,134.83
2025-04-18 00:00:00,134.84,135.08,133.78,134.24
2025-04-18 01:00:00,134.23,135.76,133.96,135.04
2025-04-18 02:00:00,135.03,136.02,134.5,135.31
2025-04-18 03:00:00,135.31,135.36,134.27,134.51
2025-04-18 04:00:00,134.52,134.64,133.65,133.87
2025-04-18 05:00:00,133.86,134.28,133.26,134.2
2025-04-18 06:00:00,134.2,134.51,133.4,134.37
2025-04-18 07:00:00,134.37,135.03,133.79,134.91
2025-04-18 08:00:00,134.91,135.54,134.45,134.81
2025-04-18 09:00:00,134.81,135.28,134.3,134.73
2025-04-18 10:00:00,134.72,134.86,133.56,133.87
2025-04-18 11:00:00,133.87,134.28,133.7,134.27
2025-04-18 12:00:00,134.27,135.21,133.83,134.93
2025-04-18 13:00:00,134.92,135.04,134.08,134.57
2025-04-18 14:00:00,134.56,134.88,133.02,133.32
2025-04-18 15:00:00,133.33,133.52,132.47,132.91
2025-04-18 16:00:00,132.91,133.52,132.69,133.42
2025-04-18 17:00:00,133.41,134.36,133.06,133.92
2025-04-18 18:00:00,133.92,134.2,133.55,134
2025-04-18 19:00:00,134.01,134.47,133.73,134.21
2025-04-18 20:00:00,134.21,134.32,133.48,134.09
2025-04-18 21:00:00,134.1,134.4,133.78,134.27
2025-04-18 22:00:00,134.28,134.36,133.92,133.92
2025-04-18 23:00:00,133.92,134.27,133.23,134.04
2025-04-19 00:00:00,134.05,134.33,133.58,134.16
2025-04-19 01:00:00,134.16,135.03,134.08,134.92
2025-04-19 02:00:00,134.93,138.38,134.83,137.46
2025-04-19 03:00:00,137.47,139.16,137.33,138.82
2025-04-19 04:00:00,138.82,139.47,138.26,138.35
2025-04-19 05:00:00,138.34,138.75,137.88,138.42
2025-04-19 06:00:00,138.43,138.53,137.78,138.22
2025-04-19 07:00:00,138.21,139.04,138.21,138.76
2025-04-19 08:00:00,138.76,139.3,138.47,139.1
2025-04-19 09:00:00,139.09,139.83,138.9,139.37
2025-04-19 10:00:00,139.37,139.96,138.81,139.04
2025-04-19 11:00:00,139.03,139.68,138.53,138.77
2025-04-19 12:00:00,138.77,139.28,138.51,138.8
2025-04-19 13:00:00,138.79,139.63,138.52,139.57
2025-04-19 14:00:00,139.57,139.74,139.26,139.62
2025-04-19 15:00:00,139.62,140.5,138.57,138.95
2025-04-19 16:00:00,138.96,139.2,137.7,137.97
2025-04-19 17:00:00,137.98,139.49,137.67,138.9
2025-04-19 18:00:00,138.89,139.09,138.43,138.59
2025-04-19 19:00:00,138.59,138.86,138.23,138.71
2025-04-19 20:00:00,138.7,139.17,138.34,138.78
2025-04-19 21:00:00,138.78,139.16,138.6,139.02
2025-04-19 22:00:00,139.02,139.68,138.83,139.62
2025-04-19 23:00:00,139.61,139.9,139.1,139.87
2025-04-20 00:00:00,139.86,141.41,139.4,140.3
2025-04-20 01:00:00,140.31,141.96,140.2,141.85
2025-04-20 02:00:00,141.85,141.92,141.24,141.42
2025-04-20 03:00:00,141.43,141.5,140.57,140.96
2025-04-20 04:00:00,140.96,141.62,140.64,141.21
2025-04-20 05:00:00,141.21,141.22,140.72,140.77
2025-04-20 06:00:00,140.78,141.22,139.72,139.89
2025-04-20 07:00:00,139.89,139.95,138.6,139.61
2025-04-20 08:00:00,139.61,139.8,138.67,139.09
2025-04-20 09:00:00,139.09,139.52,138.81,139.2
2025-04-20 10:00:00,139.2,139.59,137.8,138.33
2025-04-20 11:00:00,138.32,138.45,135.82,136.38
2025-04-20 12:00:00,136.38,137.46,136,136.92
2025-04-20 13:00:00,136.92,137.47,136.31,137.16
2025-04-20 14:00:00,137.16,138.03,136.93,137.58
2025-04-20 15:00:00,137.58,137.59,135.64,135.94
2025-04-20 16:00:00,135.94,137.03,135.72,136.94
2025-04-20 17:00:00,136.93,136.99,136.13,136.37
2025-04-20 18:00:00,136.36,136.75,136.12,136.49
2025-04-20 19:00:00,136.48,137.25,136.27,137.2
2025-04-20 20:00:00,137.19,138.5,137.01,137.26
2025-04-20 21:00:00,137.25,137.53,136.64,137.51
2025-04-20 22:00:00,137.5,137.52,136.37,136.78
2025-04-20 23:00:00,136.78,137.9,136.77,137.86
2025-04-21 00:00:00,137.86,143.25,137.66,141.19
2025-04-21 01:00:00,141.19,142.21,140.7,141.69
2025-04-21 02:00:00,141.7,141.89,139.35,140.22
2025-04-21 03:00:00,140.22,140.63,139.11,139.39
2025-04-21 04:00:00,139.39,141.22,139.22,141.05
2025-04-21 05:00:00,141.05,141.85,140.63,140.88
2025-04-21 06:00:00,140.88,141.44,140.65,140.86
2025-04-21 07:00:00,140.86,141.1,140.13,140.17
2025-04-21 08:00:00,140.18,140.82,139.92,140.61
2025-04-21 09:00:00,140.61,141.14,139.77,140.22
2025-04-21 10:00:00,140.22,140.31,139.42,140.05
2025-04-21 11:00:00,140.05,140.09,138.31,138.99
2025-04-21 12:00:00,138.98,139.55,138.21,138.31
2025-04-21 13:00:00,138.31,138.58,136.97,137.19
2025-04-21 14:00:00,137.19,140.11,136.76,139.72
2025-04-21 15:00:00,139.71,139.84,137.9,138.33
2025-04-21 16:00:00,138.32,138.81,135.37,135.56
2025-04-21 17:00:00,135.56,135.56,133.82,134.75
2025-04-21 18:00:00,134.74,135.54,134.42,135.19
2025-04-21 19:00:00,135.18,137.18,135,136.94
2025-04-21 20:00:00,136.94,137.43,136.36,137.23
2025-04-21 21:00:00,137.22,137.23,136.12,136.76
2025-04-21 22:00:00,136.76,136.82,136,136.08
2025-04-21 23:00:00,136.07,136.82,135.35,136.56
2025-04-22 00:00:00,136.57,137.24,134.68,137.24
2025-04-22 01:00:00,137.23,139.59,136.79,139.11
2025-04-22 02:00:00,139.11,139.69,138.32,139.2
2025-04-22 03:00:00,139.2,139.87,138.76,139.35
2025-04-22 04:00:00,139.35,139.58,138.66,138.82
2025-04-22 05:00:00,138.82,139.65,138.59,139.42
2025-04-22 06:00:00,139.43,139.79,138.43,139.35
2025-04-22 07:00:00,139.36,140.62,139.04,140.19
2025-04-22 08:00:00,140.19,140.68,139.16,139.26
2025-04-22 09:00:00,139.25,139.84,138.96,139.77
2025-04-22 10:00:00,139.77,140.2,139.29,139.88
2025-04-22 11:00:00,139.88,140.77,139.79,140.45
2025-04-22 12:00:00,140.45,141.95,140.05,141.45
2025-04-22 13:00:00,141.44,144.08,141.04,143.22
2025-04-22 14:00:00,143.21,144.88,142.63,144.18
2025-04-22 15:00:00,144.18,145.52,143.82,145.32
2025-04-22 16:00:00,145.31,147.71,144.1,144.76
2025-04-22 17:00:00,144.76,145.17,144.07,144.73
2025-04-22 18:00:00,144.74,145.21,144.45,144.83
2025-04-22 19:00:00,144.84,145.2,143.52,144.24
2025-04-22 20:00:00,144.24,144.81,143.46,144.55
2025-04-22 21:00:00,144.55,148.8,144.29,147.78
2025-04-22 22:00:00,147.78,149.59,146.82,149.1
2025-04-22 23:00:00,149.11,150.23,148.39,148.79
2025-04-23 00:00:00,148.78,149.43,147.64,147.92
2025-04-23 01:00:00,147.92,149.04,147.13,147.38
2025-04-23 02:00:00,147.38,149.06,147.37,148.45
2025-04-23 03:00:00,148.44,149.47,148.14,149.24
2025-04-23 04:00:00,149.24,152.04,148.58,151.52
2025-04-23 05:00:00,151.51,151.54,150.4,150.68
2025-04-23 06:00:00,150.68,152.3,150.5,150.72
2025-04-23 07:00:00,150.73,151.82,150.26,151.58
2025-04-23 08:00:00,151.58,152.86,151.05,152.47
2025-04-23 09:00:00,152.46,153.74,151.62,151.62
2025-04-23 10:00:00,151.62,152.86,151,152.67
2025-04-23 11:00:00,152.66,153.03,151.67,152.09
2025-04-23 12:00:00,152.09,152.47,151.69,152.25
2025-04-23 13:00:00,152.24,154.21,149.52,150
2025-04-23 14:00:00,150.01,152.38,148.86,151.12
2025-04-23 15:00:00,151.12,151.66,148.71,151.41
2025-04-23 16:00:00,151.41,152.19,149.62,151.09
2025-04-23 17:00:00,151.08,152.16,150.79,151.48
2025-04-23 18:00:00,151.48,152.49,150.63,150.64
2025-04-23 19:00:00,150.64,150.74,148.94,150.16
2025-04-23 20:00:00,150.16,151.25,149.83,150.98
2025-04-23 21:00:00,150.98,151.25,150.43,150.71
2025-04-23 22:00:00,150.71,151.58,150.49,151.4
2025-04-23 23:00:00,151.39,151.82,150.78,151.1
2025-04-24 00:00:00,151.1,151.45,149.8,150.15
2025-04-24 01:00:00,150.15,150.72,149.07,150.17
2025-04-24 02:00:00,150.18,150.75,148.81,148.91
2025-04-24 03:00:00,148.9,149.68,147.66,147.76
2025-04-24 04:00:00,147.76,148.62,147.59,148.43
2025-04-24 05:00:00,148.44,148.83,147.78,148.14
2025-04-24 06:00:00,148.14,149.17,147.83,148.04
2025-04-24 07:00:00,148.04,148.81,146.95,147.17
2025-04-24 08:00:00,147.16,147.71,144.87,146.44
2025-04-24 09:00:00,146.44,147.14,146.27,146.89
2025-04-24 10:00:00,146.9,147.3,146.57,147
2025-04-24 11:00:00,147,147.8,146.41,147.7
2025-04-24 12:00:00,147.7,148.62,147.07,148.54
2025-04-24 13:00:00,148.54,149.52,147.99,148.63
2025-04-24 14:00:00,148.63,151.06,148.54,149.77
2025-04-24 15:00:00,149.78,151.46,149.2,149.34
2025-04-24 16:00:00,149.35,151.69,149.23,151.11
2025-04-24 17:00:00,151.12,151.69,148.84,150.63
2025-04-24 18:00:00,150.63,152.45,150.57,151.88
2025-04-24 19:00:00,151.87,151.97,151.02,151.54
2025-04-24 20:00:00,151.54,152.28,151.24,151.25
2025-04-24 21:00:00,151.24,151.51,150,150.81
2025-04-24 22:00:00,150.82,151.44,150.58,150.96
2025-04-24 23:00:00,150.96,152.9,150.63,152.55
2025-04-25 00:00:00,152.55,152.85,151.83,152.22
2025-04-25 01:00:00,152.22,154.5,152.14,152.5
2025-04-25 02:00:00,152.5,153.17,150.53,150.95
2025-04-25 03:00:00,150.96,151.82,150.74,151.74
2025-04-25 04:00:00,151.73,152.5,150.73,150.89
2025-04-25 05:00:00,150.89,151.95,150.76,151.86
2025-04-25 06:00:00,151.86,154,151.69,153.35
2025-04-25 07:00:00,153.35,155,152.76,154.86
2025-04-25 08:00:00,154.85,155.02,154.23,154.34
2025-04-25 09:00:00,154.34,154.47,153.27,154.22
2025-04-25 10:00:00,154.22,154.98,152.94,152.98
2025-04-25 11:00:00,152.98,154.76,152.98,154.75
2025-04-25 12:00:00,154.75,157,153.15,153.57
2025-04-25 13:00:00,153.58,153.99,152.2,153.49
2025-04-25 14:00:00,153.49,155.96,153.45,154.98
2025-04-25 15:00:00,154.99,155.29,152.42,152.94
2025-04-25 16:00:00,152.94,153.18,151.58,152.51
2025-04-25 17:00:00,152.52,153.24,150.43,150.91
2025-04-25 18:00:00,150.91,152.07,150.82,151.09
2025-04-25 19:00:00,151.1,151.68,150.8,151.4
2025-04-25 20:00:00,151.39,152.37,150.72,151.77
2025-04-25 21:00:00,151.76,152.5,149.87,150.36
2025-04-25 22:00:00,150.36,151.33,150.33,151.09
2025-04-25 23:00:00,151.1,151.45,150.45,150.82
2025-04-26 00:00:00,150.82,151.79,150.82,151.47
2025-04-26 01:00:00,151.47,153.17,151.03,152.4
2025-04-26 02:00:00,152.4,152.53,151.48,151.62
2025-04-26 03:00:00,151.62,152.13,151.08,151.36
2025-04-26 04:00:00,151.36,151.61,150.44,150.47
2025-04-26 05:00:00,150.47,151.28,150,151
2025-04-26 06:00:00,151,151.97,150.86,151.7
2025-04-26 07:00:00,151.7,152.35,151.3,151.36
2025-04-26 08:00:00,151.36,152.33,150.47,150.77
2025-04-26 09:00:00,150.77,150.78,148.9,149.56
2025-04-26 10:00:00,149.57,149.8,149.07,149.13
2025-04-26 11:00:00,149.12,149.37,148,148.51
2025-04-26 12:00:00,148.51,148.99,148.1,148.3
2025-04-26 13:00:00,148.29,149.05,147.75,149.02
2025-04-26 14:00:00,149.02,149.1,148.17,148.52
2025-04-26 15:00:00,148.53,149.58,148.5,149.31
2025-04-26 16:00:00,149.32,149.46,148.62,149.05
2025-04-26 17:00:00,149.04,149.43,148.79,149.07
2025-04-26 18:00:00,149.08,149.14,148.52,148.52
2025-04-26 19:00:00,148.53,149.27,148.33,149.25
2025-04-26 20:00:00,149.24,149.43,148.35,148.35
2025-04-26 21:00:00,148.36,148.93,148.34,148.56
2025-04-26 22:00:00,148.57,149.66,148.56,149.19
2025-04-26 23:00:00,149.18,149.37,148.72,149.21
2025-04-27 00:00:00,149.22,150.41,149,149.67
2025-04-27 01:00:00,149.67,150.24,146.21,146.34
2025-04-27 02:00:00,146.34,147.83,146.07,147.1
2025-04-27 03:00:00,147.09,147.56,146.61,147.55
2025-04-27 04:00:00,147.56,147.88,146.36,146.45
2025-04-27 05:00:00,146.46,146.91,145.51,146.33
2025-04-27 06:00:00,146.34,147.07,146.26,147.01
2025-04-27 07:00:00,147.01,147.78,146.81,147.43
2025-04-27 08:00:00,147.43,148.65,147.35,148.36
2025-04-27 09:00:00,148.37,148.65,148.08,148.41
2025-04-27 10:00:00,148.41,148.63,148,148.63
2025-04-27 11:00:00,148.63,148.77,147.95,147.95
2025-04-27 12:00:00,147.96,149.03,147.26,147.83
2025-04-27 13:00:00,147.83,149.38,147,149.05
2025-04-27 14:00:00,149.06,149.75,148.74,148.96
2025-04-27 15:00:00,148.97,149.63,148.55,149.01
2025-04-27 16:00:00,149.02,149.53,148.2,148.57
2025-04-27 17:00:00,148.57,149.28,148.32,149.18
2025-04-27 18:00:00,149.18,150.25,148.93,149.73
2025-04-27 19:00:00,149.73,150.09,149.46,150.03
2025-04-27 20:00:00,150.02,150.1,148.74,148.75
2025-04-27 21:00:00,148.74,149.73,148.49,149.34
2025-04-27 22:00:00,149.34,149.34,147.83,148.54
2025-04-27 23:00:00,148.54,148.68,147.91,147.98
2025-04-28 00:00:00,147.97,148.52,146.78,147.04
2025-04-28 01:00:00,147.05,147.39,144.63,144.98
2025-04-28 02:00:00,144.98,146.23,144.63,146.08
2025-04-28 03:00:00,146.09,149.6,145.58,148.39
2025-04-28 04:00:00,148.38,149.54,148.38,148.72
2025-04-28 05:00:00,148.72,149.85,148.65,149.74
2025-04-28 06:00:00,149.74,151.37,149.63,150.78
2025-04-28 07:00:00,150.79,151.5,150.56,151.09
2025-04-28 08:00:00,151.09,151.81,150.88,151.49
2025-04-28 09:00:00,151.5,151.92,151.26,151.59
2025-04-28 10:00:00,151.59,153.4,148.97,152.46
2025-04-28 11:00:00,152.47,152.91,151.42,151.7
2025-04-28 12:00:00,151.69,151.84,150.62,150.63
2025-04-28 13:00:00,150.64,150.97,147.82,148.08
2025-04-28 14:00:00,148.08,148.87,146.98,147.32
2025-04-28 15:00:00,147.32,147.63,145.54,146.34
2025-04-28 16:00:00,146.33,146.75,145.38,146.17
2025-04-28 17:00:00,146.17,147.24,145.84,147.07
2025-04-28 18:00:00,147.07,147.07,146.32,146.68
2025-04-28 19:00:00,146.67,148.88,146.56,148.43
2025-04-28 20:00:00,148.42,148.45,146.54,147.01
2025-04-28 21:00:00,147.01,147.76,146.9,147.73
2025-04-28 22:00:00,147.73,148.22,147.13,147.95
2025-04-28 23:00:00,147.95,148.33,147.6,147.84
2025-04-29 00:00:00,147.84,148.62,147.23,148.19
2025-04-29 01:00:00,148.19,149.21,147.44,148.26
2025-04-29 02:00:00,148.27,148.39,146.92,147.53
2025-04-29 03:00:00,147.52,147.79,147.19,147.47
2025-04-29 04:00:00,147.46,148.05,146.22,146.35
2025-04-29 05:00:00,146.36,146.8,145.55,146.64
2025-04-29 06:00:00,146.63,148.25,146.58,147.98
2025-04-29 07:00:00,147.98,148.96,147.92,148.88
2025-04-29 08:00:00,148.88,149.5,148.64,149.33
2025-04-29 09:00:00,149.32,149.44,148.62,149.1
2025-04-29 10:00:00,149.09,149.24,147.61,148.25
2025-04-29 11:00:00,148.25,149.15,148.14,149
2025-04-29 12:00:00,148.99,149.24,147.79,147.8
2025-04-29 13:00:00,147.8,148.04,146.93,147.61
2025-04-29 14:00:00,147.62,148.38,146.86,148.25
2025-04-29 15:00:00,148.26,148.5,147.41,148.02
2025-04-29 16:00:00,148.01,149.75,147.86,148.39
2025-04-29 17:00:00,148.38,149.08,147.7,148.78
2025-04-29 18:00:00,148.78,150.39,148.45,149.87
2025-04-29 19:00:00,149.87,150.3,149.09,149.29
2025-04-29 20:00:00,149.28,149.52,148.16,148.57
2025-04-29 21:00:00,148.56,148.83,145.84,147.26
2025-04-29 22:00:00,147.26,147.26,145.85,146.04
2025-04-29 23:00:00,146.04,146.69,145,146.31
2025-04-30 00:00:00,146.3,147.07,145.95,146.72
2025-04-30 01:00:00,146.72,146.79,145.06,146.15
2025-04-30 02:00:00,146.15,147.3,145.8,146.97
2025-04-30 03:00:00,146.97,148.67,146.21,148.17
2025-04-30 04:00:00,148.17,148.38,147.24,147.53
2025-04-30 05:00:00,147.53,147.57,146.89,147.08
2025-04-30 06:00:00,147.09,147.86,146.77,147
2025-04-30 07:00:00,147,147.32,146.11,146.4
2025-04-30 08:00:00,146.39,147,146.04,146.74
2025-04-30 09:00:00,146.75,147.49,146.74,147.23
2025-04-30 10:00:00,147.24,147.72,146.91,147.56
2025-04-30 11:00:00,147.56,148,147.46,147.94
2025-04-30 12:00:00,147.93,147.99,144.25,144.82
2025-04-30 13:00:00,144.83,144.96,140.32,140.69
2025-04-30 14:00:00,140.69,143.37,140.46,141.93
2025-04-30 15:00:00,141.93,142.95,141.92,142.22
2025-04-30 16:00:00,142.21,143.24,141.37,143.06
2025-04-30 17:00:00,143.05,145.06,142.62,144.69
2025-04-30 18:00:00,144.69,146.06,144.54,145.59
2025-04-30 19:00:00,145.6,146.05,144.41,145.62
2025-04-30 20:00:00,145.62,147.4,145.36,147.01
2025-04-30 21:00:00,147,147.55,146.27,146.41
2025-04-30 22:00:00,146.41,147.45,146.36,147.12
2025-04-30 23:00:00,147.13,148.12,146.94,147.54
2025-05-01 00:00:00,147.54,148.45,147.54,147.97
2025-05-01 01:00:00,147.97,149.03,147.96,148.93
2025-05-01 02:00:00,148.93,149.62,148.58,148.68
2025-05-01 03:00:00,148.68,149.24,148.41,148.71
2025-05-01 04:00:00,148.71,149.03,147.99,148.52
2025-05-01 05:00:00,148.53,149.46,148.27,149.14
2025-05-01 06:00:00,149.14,149.28,148.25,148.71
2025-05-01 07:00:00,148.71,150.25,148.42,149.8
2025-05-01 08:00:00,149.79,151,149.56,150.72
2025-05-01 09:00:00,150.73,151.86,150.33,151.18
2025-05-01 10:00:00,151.18,152.2,151.18,152.02
2025-05-01 11:00:00,152.02,152.47,151.45,151.75
2025-05-01 12:00:00,151.75,152.28,151.24,152.07
2025-05-01 13:00:00,152.07,152.55,150.62,150.62
2025-05-01 14:00:00,150.63,153.18,150.63,153.01
2025-05-01 15:00:00,153.01,153.99,151.56,151.8
2025-05-01 16:00:00,151.8,152.86,151.61,151.66
2025-05-01 17:00:00,151.66,152.73,151,151.28
2025-05-01 18:00:00,151.29,151.38,150.04,151.1
2025-05-01 19:00:00,151.1,151.15,150.15,150.26
2025-05-01 20:00:00,150.26,150.79,149.87,150.2
2025-05-01 21:00:00,150.21,150.96,150.17,150.51
2025-05-01 22:00:00,150.51,150.73,150.04,150.24
2025-05-01 23:00:00,150.25,150.9,150,150.85
2025-05-02 00:00:00,150.85,151.7,150.52,151.46
2025-05-02 01:00:00,151.45,151.72,150.1,150.53
2025-05-02 02:00:00,150.52,151,149.99,150.61
2025-05-02 03:00:00,150.62,150.91,150.1,150.78
2025-05-02 04:00:00,150.78,151.05,150.12,150.18
2025-05-02 05:00:00,150.18,150.35,149.36,149.51
2025-05-02 06:00:00,149.51,149.75,148.55,148.99
2025-05-02 07:00:00,148.98,149.18,148.37,148.52
2025-05-02 08:00:00,148.52,149.62,148.4,149.33
2025-05-02 09:00:00,149.32,149.81,149.11,149.46
2025-05-02 10:00:00,149.46,150.29,149.45,149.92
2025-05-02 11:00:00,149.93,150.81,149.93,150.73
2025-05-02 12:00:00,150.72,150.99,149.28,150.94
2025-05-02 13:00:00,150.94,151,150.15,150.58
2025-05-02 14:00:00,150.59,151.91,150.58,151.56
2025-05-02 15:00:00,151.57,151.77,149.62,149.88
2025-05-02 16:00:00,149.89,151.43,149.89,150.19
2025-05-02 17:00:00,150.19,150.31,149.47,149.83
2025-05-02 18:00:00,149.83,150.5,149.5,149.54
2025-05-02 19:00:00,149.53,149.53,147.7,148.08
2025-05-02 20:00:00,148.09,148.4,147.4,148.28
2025-05-02 21:00:00,148.28,148.65,147.3,147.69
2025-05-02 22:00:00,147.68,147.92,147.33,147.73
2025-05-02 23:00:00,147.73,148.12,147.63,148.05
2025-05-03 00:00:00,148.04,148.47,147.74,148.1
2025-05-03 01:00:00,148.11,148.22,147.52,148.03
2025-05-03 02:00:00,148.03,149,147.98,148.77
2025-05-03 03:00:00,148.77,149.05,148.04,148.3
2025-05-03 04:00:00,148.3,148.58,148.1,148.1
2025-05-03 05:00:00,148.11,148.18,147.6,147.74
2025-05-03 06:00:00,147.75,147.91,147.39,147.82
2025-05-03 07:00:00,147.83,148.16,147.38,148.08
2025-05-03 08:00:00,148.08,148.4,147.65,147.89
2025-05-03 09:00:00,147.89,147.98,146.89,147.27
2025-05-03 10:00:00,147.27,147.64,146.68,146.78
2025-05-03 11:00:00,146.79,147.39,146.77,147.14
2025-05-03 12:00:00,147.14,148.12,147.13,148.09
2025-05-03 13:00:00,148.09,148.56,148.07,148.42
2025-05-03 14:00:00,148.42,148.84,148.08,148.49
2025-05-03 15:00:00,148.49,149,148.35,148.46
2025-05-03 16:00:00,148.47,148.47,147.26,147.38
2025-05-03 17:00:00,147.38,147.38,145.82,146.81
2025-05-03 18:00:00,146.81,147.38,146.44,146.7
2025-05-03 19:00:00,146.69,147.48,146.53,147.42
2025-05-03 20:00:00,147.42,147.77,147.17,147.5
2025-05-03 21:00:00,147.5,147.91,146.92,147.62
2025-05-03 22:00:00,147.62,147.74,147.29,147.37
2025-05-03 23:00:00,147.37,147.37,146.63,146.71
2025-05-04 00:00:00,146.71,147.09,146.02,146.41
2025-05-04 01:00:00,146.41,147.22,145.88,147.05
2025-05-04 02:00:00,147.05,147.71,146.05,146.34
2025-05-04 03:00:00,146.33,146.33,145.5,145.61
2025-05-04 04:00:00,145.61,145.93,145.22,145.44
2025-05-04 05:00:00,145.45,146.54,145.35,146.24
2025-05-04 06:00:00,146.24,146.37,145.56,145.65
2025-05-04 07:00:00,145.65,146.01,145.17,145.62
2025-05-04 08:00:00,145.62,145.96,145.07,145.32
2025-05-04 09:00:00,145.31,145.32,144.68,144.92
2025-05-04 10:00:00,144.92,145.57,144.75,145.44
2025-05-04 11:00:00,145.43,146.01,145.18,145.45
2025-05-04 12:00:00,145.46,146.07,145.45,145.54
2025-05-04 13:00:00,145.54,145.84,144.94,145.6
2025-05-04 14:00:00,145.59,146.68,145.52,146.51
2025-05-04 15:00:00,146.52,147.27,146.44,146.84
2025-05-04 16:00:00,146.83,147.15,146.46,146.83
2025-05-04 17:00:00,146.83,147.36,146.36,147.17
2025-05-04 18:00:00,147.17,147.81,146.55,146.56
2025-05-04 19:00:00,146.56,146.8,146,146.18
2025-05-04 20:00:00,146.18,147.14,146.1,146.95
2025-05-04 21:00:00,146.96,147.1,146.43,147.09
2025-05-04 22:00:00,147.09,147.14,145.01,145.16
2025-05-04 23:00:00,145.16,145.23,143.5,143.95
2025-05-05 00:00:00,143.94,145.44,143.74,145.16
2025-05-05 01:00:00,145.16,145.23,142.87,143.21
2025-05-05 02:00:00,143.22,145.05,142.5,144.76
2025-05-05 03:00:00,144.76,145.3,144.33,144.91
2025-05-05 04:00:00,144.91,146.52,144.89,146.32
2025-05-05 05:00:00,146.33,147.14,146.03,147.02
2025-05-05 06:00:00,147.02,147.36,146.59,146.79
2025-05-05 07:00:00,146.8,147.23,146.53,146.88
2025-05-05 08:00:00,146.88,147.05,146.34,146.6
2025-05-05 09:00:00,146.61,146.78,146.08,146.11
2025-05-05 10:00:00,146.11,146.19,143.7,144.19
2025-05-05 11:00:00,144.18,144.63,143.56,144.19
2025-05-05 12:00:00,144.18,145,143.87,144.63
2025-05-05 13:00:00,144.62,144.92,143.41,144.91
2025-05-05 14:00:00,144.91,145.42,144.11,144.53
2025-05-05 15:00:00,144.53,144.79,143.16,143.76
2025-05-05 16:00:00,143.76,145.43,143.68,145.01
2025-05-05 17:00:00,145,146.05,144.69,145.8
2025-05-05 18:00:00,145.8,147.14,145.62,146.7
2025-05-05 19:00:00,146.7,147.08,146.36,146.48
2025-05-05 20:00:00,146.48,146.6,144.95,145.59
2025-05-05 21:00:00,145.59,147.02,145.56,146.69
2025-05-05 22:00:00,146.68,147.73,146.67,147.34
2025-05-05 23:00:00,147.33,147.57,146.57,146.72
2025-05-06 00:00:00,146.72,146.83,145.79,146.13
2025-05-06 01:00:00,146.14,146.45,144.64,144.75
2025-05-06 02:00:00,144.75,144.99,143.8,144.41
2025-05-06 03:00:00,144.4,144.83,144.13,144.63
2025-05-06 04:00:00,144.63,145.03,144.32,144.95
2025-05-06 05:00:00,144.95,145.26,144.4,144.5
2025-05-06 06:00:00,144.49,145.35,144.49,145.34
2025-05-06 07:00:00,145.34,145.88,144.93,145.28
2025-05-06 08:00:00,145.27,145.28,143.68,144.64
2025-05-06 09:00:00,144.63,144.63,143.51,144.35
2025-05-06 10:00:00,144.36,144.36,142.9,143.09
2025-05-06 11:00:00,143.08,143.65,142,142.57
2025-05-06 12:00:00,142.57,143.13,142.47,142.99
2025-05-06 13:00:00,142.98,143.04,141.41,141.93
2025-05-06 14:00:00,141.93,143.96,141.91,142.71
2025-05-06 15:00:00,142.7,143.94,142.14,143.18
2025-05-06 16:00:00,143.18,143.88,142.42,142.46
2025-05-06 17:00:00,142.47,144.37,142.45,143.67
2025-05-06 18:00:00,143.67,144.89,143.6,144.85
2025-05-06 19:00:00,144.84,145.28,144.54,144.85
2025-05-06 20:00:00,144.85,145.03,143.64,144.01
2025-05-06 21:00:00,144.01,144.65,143.52,144.49
2025-05-06 22:00:00,144.48,146.79,144.44,146.13
2025-05-06 23:00:00,146.12,147.23,145.57,146.88
2025-05-07 00:00:00,146.89,149.2,146.65,149.03
2025-05-07 01:00:00,149.04,149.54,148.06,148.34
2025-05-07 02:00:00,148.34,148.62,146.62,146.77
2025-05-07 03:00:00,146.78,146.83,145.43,146.24
2025-05-07 04:00:00,146.23,146.77,145.83,146.18
2025-05-07 05:00:00,146.18,146.26,145.43,145.55
2025-05-07 06:00:00,145.55,146.28,145.49,146.03
2025-05-07 07:00:00,146.03,147.32,146.02,147.27
2025-05-07 08:00:00,147.27,147.96,146.93,147.84
2025-05-07 09:00:00,147.85,148.29,147.54,147.85
2025-05-07 10:00:00,147.85,147.94,147.37,147.76
2025-05-07 11:00:00,147.77,147.84,147.46,147.59
2025-05-07 12:00:00,147.6,147.74,146.8,147.19
2025-05-07 13:00:00,147.19,147.43,146.33,146.86
2025-05-07 14:00:00,146.87,147.53,145.8,146.08
2025-05-07 15:00:00,146.08,146.34,145.43,145.75
2025-05-07 16:00:00,145.75,146.45,145.1,146.23
2025-05-07 17:00:00,146.23,146.65,145.15,145.67
2025-05-07 18:00:00,145.66,147.34,144.68,146.6
2025-05-07 19:00:00,146.6,146.87,145.13,145.77
2025-05-07 20:00:00,145.77,146.37,145.48,146.36
2025-05-07 21:00:00,146.37,147.88,146.17,147.33
2025-05-07 22:00:00,147.34,147.99,147.19,147.77
2025-05-07 23:00:00,147.77,148.35,146.99,147.32
2025-05-08 00:00:00,147.32,148.9,147.08,148.83
2025-05-08 01:00:00,148.83,149.99,147.93,148.12
2025-05-08 02:00:00,148.13,150.32,148.04,149.82
2025-05-08 03:00:00,149.82,151.19,149.57,150.87
2025-05-08 04:00:00,150.88,151.97,150.76,150.87
2025-05-08 05:00:00,150.87,151.33,149.97,150.16
2025-05-08 06:00:00,150.15,150.73,150.1,150.62
2025-05-08 07:00:00,150.63,151.95,150.55,151.57
2025-05-08 08:00:00,151.57,153.34,151.53,152.84
2025-05-08 09:00:00,152.85,154.89,152.53,154.64
2025-05-08 10:00:00,154.64,155.28,154.37,154.88
2025-05-08 11:00:00,154.87,154.97,153.71,154.57
2025-05-08 12:00:00,154.57,155.85,154.18,154.58
2025-05-08 13:00:00,154.57,155.67,154.49,154.97
2025-05-08 14:00:00,154.98,158.65,154.26,157.07
2025-05-08 15:00:00,157.07,163.18,156.93,160.24
2025-05-08 16:00:00,160.23,161.07,159.43,159.97
2025-05-08 17:00:00,159.97,160.26,158.52,158.71
2025-05-08 18:00:00,158.71,160.38,158.71,159.94
2025-05-08 19:00:00,159.94,160.75,159.7,160.53
2025-05-08 20:00:00,160.54,163.45,159.75,162.85
2025-05-08 21:00:00,162.85,164,160.18,160.95
2025-05-08 22:00:00,160.96,161.66,160.37,161.46
2025-05-08 23:00:00,161.47,164.6,161.1,164.46
2025-05-09 00:00:00,164.46,164.46,162.35,162.39
2025-05-09 01:00:00,162.38,163.66,162.01,163.56
2025-05-09 02:00:00,163.56,163.58,162.19,162.52
2025-05-09 03:00:00,162.51,163.35,161.34,161.37
2025-05-09 04:00:00,161.37,162.03,161.07,161.86
2025-05-09 05:00:00,161.87,162.87,161.73,162.86
2025-05-09 06:00:00,162.87,164.3,162.47,164.27
2025-05-09 07:00:00,164.26,166.91,164.07,165.08
2025-05-09 08:00:00,165.08,169.9,164.76,166.37
2025-05-09 09:00:00,166.38,167.98,164.3,166.45
2025-05-09 10:00:00,166.45,174.67,166.17,173.98
2025-05-09 11:00:00,173.97,176.15,171.24,172.32
2025-05-09 12:00:00,172.33,172.82,169.59,172.51
2025-05-09 13:00:00,172.51,173.44,170.84,172.7
2025-05-09 14:00:00,172.7,172.7,167.36,169.33
2025-05-09 15:00:00,169.33,171.75,168.51,170.75
2025-05-09 16:00:00,170.76,170.93,168.59,169.05
2025-05-09 17:00:00,169.06,172.2,168.67,171.97
2025-05-09 18:00:00,171.96,172.5,171.18,171.74
2025-05-09 19:00:00,171.75,172.58,170.71,171.89
2025-05-09 20:00:00,171.9,173.02,171.54,173
2025-05-09 21:00:00,173,173.04,171.15,172.64
2025-05-09 22:00:00,172.64,173.57,172.1,173.32
2025-05-09 23:00:00,173.33,173.81,172.36,172.78
2025-05-10 00:00:00,172.77,175.19,170.66,171.39
2025-05-10 01:00:00,171.38,172.52,171.21,171.7
2025-05-10 02:00:00,171.7,172.66,171.27,172.14
2025-05-10 03:00:00,172.13,172.18,171.08,171.59
2025-05-10 04:00:00,171.59,171.59,170.14,170.85
2025-05-10 05:00:00,170.86,171.3,169.76,171.2
2025-05-10 06:00:00,171.2,172.32,171.09,172.1
2025-05-10 07:00:00,172.1,172.54,171.21,172.32
2025-05-10 08:00:00,172.32,173.4,171.18,171.63
2025-05-10 09:00:00,171.64,172.05,170.55,171.68
2025-05-10 10:00:00,171.68,172.29,170.29,170.3
2025-05-10 11:00:00,170.3,170.71,168.72,169
2025-05-10 12:00:00,169,171.35,169,171.16
2025-05-10 13:00:00,171.16,172,170.98,171.72
2025-05-10 14:00:00,171.72,172.03,170.28,171.69
2025-05-10 15:00:00,171.7,171.84,170.92,171.07
2025-05-10 16:00:00,171.07,172.46,170.86,171.85
2025-05-10 17:00:00,171.84,173.83,171.53,171.8
2025-05-10 18:00:00,171.8,172.5,171.11,172.5
2025-05-10 19:00:00,172.5,172.78,171.57,172.22
2025-05-10 20:00:00,172.22,172.95,171.41,172.7
2025-05-10 21:00:00,172.7,174.5,172.38,174.12
2025-05-10 22:00:00,174.12,175.11,172.98,174.98
2025-05-10 23:00:00,174.97,178.98,174.57,177.89
2025-05-11 00:00:00,177.89,179.65,172.92,179.16
2025-05-11 01:00:00,179.16,180.26,175.56,176.97
2025-05-11 02:00:00,176.96,177.86,174.72,175.82
2025-05-11 03:00:00,175.83,176.73,174.9,175.86
2025-05-11 04:00:00,175.86,177.7,175.76,177.26
2025-05-11 05:00:00,177.27,177.58,176.11,176.18
2025-05-11 06:00:00,176.18,176.26,173.8,174.76
2025-05-11 07:00:00,174.75,174.75,172.29,172.6
2025-05-11 08:00:00,172.61,173.96,172.58,173
2025-05-11 09:00:00,172.99,175.04,172.81,174.41
2025-05-11 10:00:00,174.41,174.8,173.3,174.63
2025-05-11 11:00:00,174.63,174.88,173.97,174.76
2025-05-11 12:00:00,174.76,175.22,173.59,174.06
2025-05-11 13:00:00,174.06,174.66,170.86,170.93
2025-05-11 14:00:00,170.94,172.13,170.83,171.91
2025-05-11 15:00:00,171.9,172.95,169.35,170.48
2025-05-11 16:00:00,170.48,171.74,169.4,170.54
2025-05-11 17:00:00,170.53,171.93,170.2,171.9
2025-05-11 18:00:00,171.89,173.26,170.83,172.67
2025-05-11 19:00:00,172.67,173.43,172.19,172.73
2025-05-11 20:00:00,172.72,172.81,171.68,172.34
2025-05-11 21:00:00,172.34,173.26,171.64,173.16
2025-05-11 22:00:00,173.16,173.85,171.26,171.95
2025-05-11 23:00:00,171.95,173.25,171.88,173.19
2025-05-12 00:00:00,173.2,175.77,173.07,174.52
2025-05-12 01:00:00,174.51,176.07,171.74,173.73
2025-05-12 02:00:00,173.74,176.88,172.81,173.99
2025-05-12 03:00:00,174,174.9,173.03,174.9
2025-05-12 04:00:00,174.9,176.11,174.1,175.85
2025-05-12 05:00:00,175.85,176.17,173.63,174.54
2025-05-12 06:00:00,174.53,176,173.79,175.73
2025-05-12 07:00:00,175.74,179.79,174.85,176.09
2025-05-12 08:00:00,176.08,177.01,173.64,176.56
2025-05-12 09:00:00,176.57,176.94,175.5,175.68
2025-05-12 10:00:00,175.68,176.17,174.78,175.97
2025-05-12 11:00:00,175.96,176.43,173.79,174.11
2025-05-12 12:00:00,174.1,176.92,174,176.38
2025-05-12 13:00:00,176.37,180.68,175.78,179.31
2025-05-12 14:00:00,179.31,181.46,175.29,175.84
2025-05-12 15:00:00,175.84,177.2,174.07,174.4
2025-05-12 16:00:00,174.39,176.32,173.24,175.96
2025-05-12 17:00:00,175.95,176.67,171.77,172.11
2025-05-12 18:00:00,172.11,172.71,168.31,170.44
2025-05-12 19:00:00,170.44,171.64,169.71,171.22
2025-05-12 20:00:00,171.22,172.83,170.41,172.27
2025-05-12 21:00:00,172.27,172.95,171.91,172.69
2025-05-12 22:00:00,172.69,174.66,172.12,173.71
2025-05-12 23:00:00,173.71,174.81,173.62,174.22
2025-05-13 00:00:00,174.22,174.38,171.57,171.69
2025-05-13 01:00:00,171.69,172.58,169.61,171.06
2025-05-13 02:00:00,171.07,171.43,168.16,169.01
2025-05-13 03:00:00,169.01,169.66,166.94,166.97
2025-05-13 04:00:00,166.98,170.06,166.18,169.89
2025-05-13 05:00:00,169.88,170.4,168.81,169.83
2025-05-13 06:00:00,169.84,171.8,169.84,171.16
2025-05-13 07:00:00,171.16,172.44,171.02,171.49
2025-05-13 08:00:00,171.49,172.85,170.93,172.54
2025-05-13 09:00:00,172.54,174.03,172.32,173.73
2025-05-13 10:00:00,173.74,174.33,173.02,174.06
2025-05-13 11:00:00,174.06,175.15,173.65,174
2025-05-13 12:00:00,174,175.58,172.93,174.21
2025-05-13 13:00:00,174.21,175.8,173.66,174.35
2025-05-13 14:00:00,174.35,174.55,172.11,173.26
2025-05-13 15:00:00,173.25,176.31,173.13,176.09
2025-05-13 16:00:00,176.08,178.01,175.72,176.59
2025-05-13 17:00:00,176.58,179,176.46,178.32
2025-05-13 18:00:00,178.33,179.22,177.95,179.07
2025-05-13 19:00:00,179.07,184.45,178.25,182.05
2025-05-13 20:00:00,182.05,183.42,180.35,183.13
2025-05-13 21:00:00,183.13,183.33,181.68,182.71
2025-05-13 22:00:00,182.72,183.24,182.18,182.94
2025-05-13 23:00:00,182.95,184.83,182.34,183.75
2025-05-14 00:00:00,183.75,184.05,181.7,182.09
2025-05-14 01:00:00,182.09,184.88,182.01,182.88
2025-05-14 02:00:00,182.89,183.09,179.11,180.48
2025-05-14 03:00:00,180.48,180.74,179.15,180.28
2025-05-14 04:00:00,180.28,182.04,179.86,181.65
2025-05-14 05:00:00,181.65,183.26,181.01,182.8
2025-05-14 06:00:00,182.8,183.99,182.39,183.7
2025-05-14 07:00:00,183.7,183.86,180.6,181.72
2025-05-14 08:00:00,181.73,182.62,178.22,178.45
2025-05-14 09:00:00,178.45,179.87,177.57,179.79
2025-05-14 10:00:00,179.78,181.19,179.29,179.39
2025-05-14 11:00:00,179.38,181.95,179.38,181.06
2025-05-14 12:00:00,181.06,181.89,179.84,180.28
2025-05-14 13:00:00,180.28,181.08,177.37,178.94
2025-05-14 14:00:00,178.94,178.98,176.5,176.99
2025-05-14 15:00:00,177,177.4,175.6,177.35
2025-05-14 16:00:00,177.34,177.68,174.92,175.94
2025-05-14 17:00:00,175.95,176.08,173.23,175.88
2025-05-14 18:00:00,175.89,176.76,175.14,176.68
2025-05-14 19:00:00,176.68,177.62,176.38,177.06
2025-05-14 20:00:00,177.07,177.43,176.61,176.82
2025-05-14 21:00:00,176.81,177.69,175.77,177.49
2025-05-14 22:00:00,177.49,177.57,175.31,176.07
2025-05-14 23:00:00,176.08,176.86,175.22,176.64
2025-05-15 00:00:00,176.63,178.33,176.6,177.65
2025-05-15 01:00:00,177.66,177.89,174.11,174.62
2025-05-15 02:00:00,174.62,176.46,174.3,175.89
2025-05-15 03:00:00,175.9,176.3,174.06,174.06
2025-05-15 04:00:00,174.06,175.29,173.84,174.98
2025-05-15 05:00:00,174.97,175.06,172.74,173.16
2025-05-15 06:00:00,173.17,174.46,172.87,173.17
2025-05-15 07:00:00,173.17,173.56,169.76,170.4
2025-05-15 08:00:00,170.4,173.06,170.15,172.81
2025-05-15 09:00:00,172.8,172.81,169.56,170.76
2025-05-15 10:00:00,170.75,170.95,168.67,170.01
2025-05-15 11:00:00,170.01,171.5,169.81,171.09
2025-05-15 12:00:00,171.08,172.84,170.24,170.98
2025-05-15 13:00:00,170.99,171.97,168.15,169.75
2025-05-15 14:00:00,169.75,170.68,166.98,169.55
2025-05-15 15:00:00,169.55,172.55,168.76,172.23
2025-05-15 16:00:00,172.23,173.99,170.81,173.99
2025-05-15 17:00:00,173.99,174.49,172.77,173.11
2025-05-15 18:00:00,173.1,173.31,169.25,169.55
2025-05-15 19:00:00,169.55,170.83,167.72,169.76
2025-05-15 20:00:00,169.77,170.66,168.55,169.65
2025-05-15 21:00:00,169.65,169.75,166.7,169.04
2025-05-15 22:00:00,169.04,170.35,168.21,168.24
2025-05-15 23:00:00,168.23,169.58,167,169.16
2025-05-16 00:00:00,169.16,172.19,168.69,170.27
2025-05-16 01:00:00,170.28,172.03,168.95,171.9
2025-05-16 02:00:00,171.89,173.68,171.87,172.67
2025-05-16 03:00:00,172.67,173,171.89,172.62
2025-05-16 04:00:00,172.62,173.2,170.98,171.92
2025-05-16 05:00:00,171.93,173.52,171.93,172.92
2025-05-16 06:00:00,172.93,173.14,172.27,172.43
2025-05-16 07:00:00,172.44,173.04,171.51,172.13
2025-05-16 08:00:00,172.13,172.43,169.35,170.11
2025-05-16 09:00:00,170.11,172.8,170.11,172.66
2025-05-16 10:00:00,172.67,173.5,172,173.2
2025-05-16 11:00:00,173.2,174.21,172.43,172.81
2025-05-16 12:00:00,172.82,173.4,172.13,172.14
2025-05-16 13:00:00,172.14,174.2,171.89,173.81
2025-05-16 14:00:00,173.81,173.81,170.85,171.52
2025-05-16 15:00:00,171.52,173.25,171.51,172.08
2025-05-16 16:00:00,172.09,172.72,170.03,171.07
2025-05-16 17:00:00,171.07,172.22,169.95,170.38
2025-05-16 18:00:00,170.38,171.36,169.73,170.32
2025-05-16 19:00:00,170.31,171.53,169.82,171.44
2025-05-16 20:00:00,171.43,171.43,168.82,169.6
2025-05-16 21:00:00,169.6,170.3,168.62,169.05
2025-05-16 22:00:00,169.05,169.08,166.36,167.44
2025-05-16 23:00:00,167.44,168.47,167.05,167.4
2025-05-17 00:00:00,167.4,168.3,165.52,166.83
2025-05-17 01:00:00,166.82,166.82,164.01,165.13
2025-05-17 02:00:00,165.13,167.02,164.17,166.61
2025-05-17 03:00:00,166.6,168.65,165.35,168.26
2025-05-17 04:00:00,168.26,169.53,167.93,168.88
2025-05-17 05:00:00,168.88,169.16,166.97,167.5
2025-05-17 06:00:00,167.51,169.33,167.51,169.09
2025-05-17 07:00:00,169.1,169.99,167.95,168.55
2025-05-17 08:00:00,168.55,169.38,168.01,168.05
2025-05-17 09:00:00,168.05,168.83,167,167.74
2025-05-17 10:00:00,167.73,168.7,167.06,167.52
2025-05-17 11:00:00,167.53,168.13,166.71,167.6
2025-05-17 12:00:00,167.6,168.08,167.13,167.23
2025-05-17 13:00:00,167.24,167.63,165.82,166.47
2025-05-17 14:00:00,166.46,168.1,166.45,168.01
2025-05-17 15:00:00,168.02,168.23,167.31,167.31
2025-05-17 16:00:00,167.31,167.52,164.4,165.24
2025-05-17 17:00:00,165.24,166.78,164.9,165.73
2025-05-17 18:00:00,165.73,167.05,165.64,165.75
2025-05-17 19:00:00,165.75,166.34,165,165.25
2025-05-17 20:00:00,165.25,167.93,164.72,167.5
2025-05-17 21:00:00,167.5,167.69,166.66,167.02
2025-05-17 22:00:00,167.02,167.07,164.36,165.29
2025-05-17 23:00:00,165.29,166.11,164.74,165.94
2025-05-18 00:00:00,165.94,167.44,165.85,167.25
2025-05-18 01:00:00,167.25,167.8,166.08,167.24
2025-05-18 02:00:00,167.25,167.62,166.54,167.01
2025-05-18 03:00:00,167.01,167.9,166.53,166.9
2025-05-18 04:00:00,166.91,168.63,166.88,168.53
2025-05-18 05:00:00,168.53,170.14,168.53,169.92
2025-05-18 06:00:00,169.93,169.97,169.02,169.29
2025-05-18 07:00:00,169.29,170.72,169.13,170.68
2025-05-18 08:00:00,170.68,172,170.67,171.18
2025-05-18 09:00:00,171.18,171.54,170.56,171.02
2025-05-18 10:00:00,171.01,171.58,170.66,171.38
2025-05-18 11:00:00,171.37,171.7,170.71,170.79
2025-05-18 12:00:00,170.78,171.69,170.2,171.68
2025-05-18 13:00:00,171.68,172.95,171.44,172.83
2025-05-18 14:00:00,172.83,174.88,172.32,174.36
2025-05-18 15:00:00,174.36,176.67,173.62,176.26
2025-05-18 16:00:00,176.26,176.77,174.93,175.85
2025-05-18 17:00:00,175.85,175.87,172.13,172.25
2025-05-18 18:00:00,172.25,172.39,168.94,170.26
2025-05-18 19:00:00,170.25,170.69,166.51,166.65
2025-05-18 20:00:00,166.64,167.4,164.54,167.16
2025-05-18 21:00:00,167.16,168.95,167.16,167.57
2025-05-18 22:00:00,167.57,170.18,166.16,170.09
2025-05-18 23:00:00,170.1,174.28,169.02,173.3
2025-05-19 00:00:00,173.3,173.94,167.63,168.06
2025-05-19 01:00:00,168.06,168.73,166.5,167.83
2025-05-19 02:00:00,167.83,168.53,165.96,166.83
2025-05-19 03:00:00,166.83,167,165,165.35
2025-05-19 04:00:00,165.35,166.84,162.54,163.46
2025-05-19 05:00:00,163.45,163.76,162.29,162.7
2025-05-19 06:00:00,162.71,163.38,159.44,159.66
2025-05-19 07:00:00,159.65,162.45,159.44,161.89
2025-05-19 08:00:00,161.9,162.4,160.81,161.52
2025-05-19 09:00:00,161.52,162.64,160.44,161.65
2025-05-19 10:00:00,161.65,162.06,160.75,161.69
2025-05-19 11:00:00,161.69,162.7,161.17,162.19
2025-05-19 12:00:00,162.19,162.3,160.16,160.91
2025-05-19 13:00:00,160.92,163.63,160.59,162.68
2025-05-19 14:00:00,162.67,164.11,161.65,163.73
2025-05-19 15:00:00,163.72,164.76,163.3,164.21
2025-05-19 16:00:00,164.2,165.75,162.78,165.73
2025-05-19 17:00:00,165.72,167.39,165.02,165.55
2025-05-19 18:00:00,165.55,166.08,163.7,164.83
2025-05-19 19:00:00,164.84,166.92,164.37,166.61
2025-05-19 20:00:00,166.6,167.8,165.58,165.91
2025-05-19 21:00:00,165.92,166.75,165.26,166.67
2025-05-19 22:00:00,166.66,166.66,165.14,165.78
2025-05-19 23:00:00,165.77,167.03,165.68,166.86
2025-05-20 00:00:00,166.87,169.43,166.78,167.11
2025-05-20 01:00:00,167.11,170.74,166.92,169.92
2025-05-20 02:00:00,169.92,173.11,169.92,170.61
2025-05-20 03:00:00,170.6,170.8,168.29,169.19
2025-05-20 04:00:00,169.18,170.63,168.48,170.03
2025-05-20 05:00:00,170.02,170.64,169.23,169.25
2025-05-20 06:00:00,169.24,169.6,167.71,168.38
2025-05-20 07:00:00,168.37,168.48,167.08,167.34
2025-05-20 08:00:00,167.35,168.03,166.19,167.76
2025-05-20 09:00:00,167.76,168.14,167.12,167.3
2025-05-20 10:00:00,167.31,167.67,165.57,166.34
2025-05-20 11:00:00,166.35,166.77,165.23,166.47
2025-05-20 12:00:00,166.46,166.51,165.14,166.04
2025-05-20 13:00:00,166.04,166.52,164.8,165.37
2025-05-20 14:00:00,165.36,166.72,164.51,165.61
2025-05-20 15:00:00,165.6,167.36,165.52,166.64
2025-05-20 16:00:00,166.63,167.17,165.24,165.53
2025-05-20 17:00:00,165.54,168.28,165.44,167.89
2025-05-20 18:00:00,167.9,167.99,164.56,164.92
2025-05-20 19:00:00,164.92,169.13,164.6,168.17
2025-05-20 20:00:00,168.16,169.24,166.92,168.48
2025-05-20 21:00:00,168.47,169.38,166.88,168.07
2025-05-20 22:00:00,168.07,168.45,166.26,167.81
2025-05-20 23:00:00,167.81,169.19,167.61,168.59
2025-05-21 00:00:00,168.59,169.11,167.57,168.11
2025-05-21 01:00:00,168.11,169.19,167.85,168.4
2025-05-21 02:00:00,168.4,168.97,166.78,168.79
2025-05-21 03:00:00,168.79,170.92,168.66,169.97
2025-05-21 04:00:00,169.97,171.39,169.1,170.28
2025-05-21 05:00:00,170.28,171.76,170.24,170.68
2025-05-21 06:00:00,170.68,171.63,169.76,171.02
2025-05-21 07:00:00,171.02,171.37,168.32,168.85
2025-05-21 08:00:00,168.85,169.64,168.08,168.08
2025-05-21 09:00:00,168.09,168.59,167.35,167.76
2025-05-21 10:00:00,167.77,168.59,167.5,168.15
2025-05-21 11:00:00,168.15,169.64,168,169.34
2025-05-21 12:00:00,169.33,170.29,168.71,169.35
2025-05-21 13:00:00,169.34,170.41,168.37,169.5
2025-05-21 14:00:00,169.5,172.79,169.01,172.76
2025-05-21 15:00:00,172.76,173.65,171.09,172.17
2025-05-21 16:00:00,172.17,174.95,171.38,173.21
2025-05-21 17:00:00,173.21,173.99,165.51,167.13
2025-05-21 18:00:00,167.13,169.62,166.3,167.88
2025-05-21 19:00:00,167.89,171.55,167.21,171.14
2025-05-21 20:00:00,171.14,171.36,169.19,169.72
2025-05-21 21:00:00,169.72,170.81,169.12,170.13
2025-05-21 22:00:00,170.12,172.3,169.74,171.69
2025-05-21 23:00:00,171.7,175.99,171.12,173.53
2025-05-22 00:00:00,173.54,174.98,173.27,174.92
2025-05-22 01:00:00,174.93,175.77,172.59,173.25
2025-05-22 02:00:00,173.26,174.91,173.09,174.44
2025-05-22 03:00:00,174.45,177.52,173.87,176.82
2025-05-22 04:00:00,176.83,177.45,175.82,176.91
2025-05-22 05:00:00,176.9,177.77,175.71,175.86
2025-05-22 06:00:00,175.87,176.56,175.26,175.91
2025-05-22 07:00:00,175.91,178.79,175.5,178.49
2025-05-22 08:00:00,178.49,179.82,178.02,179.79
2025-05-22 09:00:00,179.78,180.87,179.13,179.69
2025-05-22 10:00:00,179.68,179.79,178.09,178.2
2025-05-22 11:00:00,178.2,178.85,177.16,178.08
2025-05-22 12:00:00,178.07,178.84,177.46,178.67
2025-05-22 13:00:00,178.67,179.1,176.94,177.25
2025-05-22 14:00:00,177.24,179.65,177.19,178.77
2025-05-22 15:00:00,178.77,179.89,178.54,179.02
2025-05-22 16:00:00,179.03,180.36,177.93,178.37
2025-05-22 17:00:00,178.36,179.92,177.97,179.07
2025-05-22 18:00:00,179.06,179.97,178.52,179.32
2025-05-22 19:00:00,179.32,179.5,177.5,177.85
2025-05-22 20:00:00,177.86,178.73,177.59,178.54
2025-05-22 21:00:00,178.55,178.55,177.31,178.08
2025-05-22 22:00:00,178.09,179.35,178.02,178.1
2025-05-22 23:00:00,178.11,180.02,178.11,179.68
2025-05-23 00:00:00,179.68,181.87,179.28,180.72
2025-05-23 01:00:00,180.73,183.58,180.35,183.14
2025-05-23 02:00:00,183.14,185.4,183.14,183.76
2025-05-23 03:00:00,183.76,185.4,183.72,185
2025-05-23 04:00:00,185.01,185.32,181.94,182.64
2025-05-23 05:00:00,182.63,183.05,181.33,181.94
2025-05-23 06:00:00,181.94,182.02,179.99,180.84
2025-05-23 07:00:00,180.84,183.12,180.83,182.55
2025-05-23 08:00:00,182.56,186.84,182.56,186.19
2025-05-23 09:00:00,186.18,187.71,185.86,186.84
2025-05-23 10:00:00,186.84,187.18,185.53,185.93
2025-05-23 11:00:00,185.94,186.15,177.1,177.91
2025-05-23 12:00:00,177.91,180.72,173.29,176.93
2025-05-23 13:00:00,176.92,180.4,175.59,180.15
2025-05-23 14:00:00,180.15,183.76,179.12,182.21
2025-05-23 15:00:00,182.22,183.26,180.59,180.66
2025-05-23 16:00:00,180.67,182.25,179,181.2
2025-05-23 17:00:00,181.2,182.15,180.65,181.45
2025-05-23 18:00:00,181.45,181.74,178.41,178.87
2025-05-23 19:00:00,178.87,180.14,178.72,179.14
2025-05-23 20:00:00,179.13,179.26,176.85,177.24
2025-05-23 21:00:00,177.24,178.54,176.41,177.15
2025-05-23 22:00:00,177.15,178.07,175.45,175.67
2025-05-23 23:00:00,175.67,176.01,173.23,174.01
2025-05-24 00:00:00,174,175.31,172.5,172.75
2025-05-24 01:00:00,172.75,174.78,172.6,173.81
2025-05-24 02:00:00,173.8,175.1,173.24,174.91
2025-05-24 03:00:00,174.91,176.02,174.39,175.11
2025-05-24 04:00:00,175.11,176.28,174.6,176.1
2025-05-24 05:00:00,176.09,176.39,174.5,175.18
2025-05-24 06:00:00,175.17,175.5,173.6,174.58
2025-05-24 07:00:00,174.57,175.41,173.46,173.92
2025-05-24 08:00:00,173.93,175,173.24,174.94
2025-05-24 09:00:00,174.95,175.92,174.76,175.34
2025-05-24 10:00:00,175.33,177.73,175.06,177.41
2025-05-24 11:00:00,177.42,178.33,176.77,176.9
2025-05-24 12:00:00,176.89,177.13,176,176.54
2025-05-24 13:00:00,176.55,176.76,175.05,175.34
2025-05-24 14:00:00,175.34,177,175.18,176.7
2025-05-24 15:00:00,176.71,177.06,175.77,176.31
2025-05-24 16:00:00,176.32,176.7,175.31,176.38
2025-05-24 17:00:00,176.39,177.45,176.38,176.85
2025-05-24 18:00:00,176.85,177.68,176.72,176.79
2025-05-24 19:00:00,176.79,177.56,176.63,177.14
2025-05-24 20:00:00,177.14,177.91,176.88,177.78
2025-05-24 21:00:00,177.78,177.83,176.31,177.33
2025-05-24 22:00:00,177.33,177.34,175.86,176.12
2025-05-24 23:00:00,176.12,176.51,175.35,175.87
2025-05-25 00:00:00,175.87,176.88,171.71,172.31
2025-05-25 01:00:00,172.3,172.71,170.66,171.54
2025-05-25 02:00:00,171.55,172.66,170.36,172.39
2025-05-25 03:00:00,172.38,174.02,172.28,173.64
2025-05-25 04:00:00,173.64,174.36,172.64,174.32
2025-05-25 05:00:00,174.32,174.41,173.38,174.02
2025-05-25 06:00:00,174.02,174.03,173.13,173.45
2025-05-25 07:00:00,173.44,173.46,171.88,172.34
2025-05-25 08:00:00,172.35,172.36,170.13,170.8
2025-05-25 09:00:00,170.81,172.18,170.27,172.06
2025-05-25 10:00:00,172.05,172.26,170.9,171.17
2025-05-25 11:00:00,171.18,172.03,171.05,171.98
2025-05-25 12:00:00,171.99,172.66,171.42,172.6
2025-05-25 13:00:00,172.59,172.64,171,171.99
2025-05-25 14:00:00,171.98,172.36,170.33,171.07
2025-05-25 15:00:00,171.07,171.39,169.14,170.29
2025-05-25 16:00:00,170.29,170.43,169.18,170.08
2025-05-25 17:00:00,170.07,171.14,170.07,170.95
2025-05-25 18:00:00,170.96,171.88,170.72,171.65
2025-05-25 19:00:00,171.64,172.77,171.55,172.52
2025-05-25 20:00:00,172.53,172.59,171.54,171.93
2025-05-25 21:00:00,171.92,172.63,170.96,171.51
2025-05-25 22:00:00,171.52,174.93,171.35,174.89
2025-05-25 23:00:00,174.89,175.91,173.84,175.74
2025-05-26 00:00:00,175.75,177.65,175.04,177.56
2025-05-26 01:00:00,177.56,177.83,176.1,176.54
2025-05-26 02:00:00,176.54,177.12,175.68,176.06
2025-05-26 03:00:00,176.07,177.64,175.96,177.01
2025-05-26 04:00:00,177.02,177.32,176.6,177.18
2025-05-26 05:00:00,177.18,177.99,177.15,177.61
2025-05-26 06:00:00,177.62,178.21,177.24,177.96
2025-05-26 07:00:00,177.97,179.02,177.2,178.16
2025-05-26 08:00:00,178.15,178.36,177.18,177.39
2025-05-26 09:00:00,177.4,177.92,176.64,176.82
2025-05-26 10:00:00,176.81,177.33,176.42,176.76
2025-05-26 11:00:00,176.76,178,176.46,177.91
2025-05-26 12:00:00,177.91,178.53,177.23,178.17
2025-05-26 13:00:00,178.17,178.76,176.04,176.69
2025-05-26 14:00:00,176.69,177.41,175.89,176.71
2025-05-26 15:00:00,176.72,178.8,176.27,177.49
2025-05-26 16:00:00,177.49,178.06,175.18,175.65
2025-05-26 17:00:00,175.64,176.21,173.76,173.98
2025-05-26 18:00:00,173.98,175.04,173.48,174.19
2025-05-26 19:00:00,174.19,174.56,173.7,174.05
2025-05-26 20:00:00,174.05,175.39,173.64,175.38
2025-05-26 21:00:00,175.38,175.56,174.3,175.04
2025-05-26 22:00:00,175.04,176.04,174,174.2
2025-05-26 23:00:00,174.2,175,173.9,174.91
2025-05-27 00:00:00,174.92,175.79,174.01,174.13
2025-05-27 01:00:00,174.13,174.13,171.24,172.09
2025-05-27 02:00:00,172.09,173.17,171.77,172.35
2025-05-27 03:00:00,172.34,174.1,172.34,173.51
2025-05-27 04:00:00,173.5,174.24,172.97,173.17
2025-05-27 05:00:00,173.17,173.99,172.5,173.59
2025-05-27 06:00:00,173.59,175.27,173.56,173.59
2025-05-27 07:00:00,173.6,175.9,173.59,175.46
2025-05-27 08:00:00,175.47,176.61,175.34,175.85
2025-05-27 09:00:00,175.84,176.06,175.01,175.89
2025-05-27 10:00:00,175.89,176.3,175.7,176.16
2025-05-27 11:00:00,176.16,177.17,175.48,176.8
2025-05-27 12:00:00,176.8,177.4,176.28,177.02
2025-05-27 13:00:00,177.02,179.41,176.76,177.68
2025-05-27 14:00:00,177.68,178.4,175.02,177.2
2025-05-27 15:00:00,177.2,178.72,176.65,178.44
2025-05-27 16:00:00,178.45,179.1,177.52,178.18
2025-05-27 17:00:00,178.17,179.3,177.94,178.41
2025-05-27 18:00:00,178.41,179.16,177.97,178.55
2025-05-27 19:00:00,178.55,179.29,177.43,177.5
2025-05-27 20:00:00,177.51,178.64,177.17,178.02
2025-05-27 21:00:00,178.02,178.26,175.93,176.39
2025-05-27 22:00:00,176.4,177,175.42,176.63
2025-05-27 23:00:00,176.63,177.02,176.1,176.71
2025-05-28 00:00:00,176.72,177.4,175.86,177.24
2025-05-28 01:00:00,177.25,177.45,175.2,175.47
2025-05-28 02:00:00,175.46,175.46,174.38,174.62
2025-05-28 03:00:00,174.62,175.29,174.22,175.12
2025-05-28 04:00:00,175.13,175.33,174.33,174.9
2025-05-28 05:00:00,174.91,175.18,174.5,174.6
2025-05-28 06:00:00,174.6,174.61,173.7,174.04
2025-05-28 07:00:00,174.05,174.53,173.8,173.89
2025-05-28 08:00:00,173.9,174.47,173.5,174.11
2025-05-28 09:00:00,174.11,174.16,172.9,173.43
2025-05-28 10:00:00,173.43,174.32,172.86,174
2025-05-28 11:00:00,174,174.53,173.66,174.51
2025-05-28 12:00:00,174.52,175.13,174.13,174.22
2025-05-28 13:00:00,174.22,174.51,172.45,172.59
2025-05-28 14:00:00,172.58,172.94,170.03,170.18
2025-05-28 15:00:00,170.17,170.55,168.92,169.7
2025-05-28 16:00:00,169.71,171.06,169.58,171.06
2025-05-28 17:00:00,171.05,172.03,170.25,170.86
2025-05-28 18:00:00,170.87,171.5,169.82,169.97
2025-05-28 19:00:00,169.96,170.89,169.13,169.42
2025-05-28 20:00:00,169.42,170.8,169.23,170.79
2025-05-28 21:00:00,170.8,171.6,170.55,171.54
2025-05-28 22:00:00,171.53,171.58,170.36,170.9
2025-05-28 23:00:00,170.9,172.66,170.9,172.21
2025-05-29 00:00:00,172.22,173.7,171.35,173.63
2025-05-29 01:00:00,173.63,173.67,172.51,172.97
2025-05-29 02:00:00,172.97,175.12,172.28,175.02
2025-05-29 03:00:00,175.02,175.34,173.32,173.7
2025-05-29 04:00:00,173.69,173.95,170.12,171.94
2025-05-29 05:00:00,171.95,172.52,171.64,172.02
2025-05-29 06:00:00,172.02,172.84,171.78,172.57
2025-05-29 07:00:00,172.58,173.02,171.91,172.23
2025-05-29 08:00:00,172.23,173.41,171.64,173.06
2025-05-29 09:00:00,173.07,173.23,172.38,172.71
2025-05-29 10:00:00,172.71,172.86,172.13,172.61
2025-05-29 11:00:00,172.61,173.46,172.51,172.88
2025-05-29 12:00:00,172.87,172.92,171.45,171.83
2025-05-29 13:00:00,171.83,172.52,170.52,170.8
2025-05-29 14:00:00,170.8,171.02,169.03,170.72
2025-05-29 15:00:00,170.71,170.97,169.61,169.75
2025-05-29 16:00:00,169.76,170.3,167.82,168.38
2025-05-29 17:00:00,168.38,169.47,168.01,168.81
2025-05-29 18:00:00,168.82,169.81,167.85,167.88
2025-05-29 19:00:00,167.88,168.33,166.03,166.84
2025-05-29 20:00:00,166.83,167.61,166.74,167.28
2025-05-29 21:00:00,167.29,168.55,167.19,168.4
2025-05-29 22:00:00,168.41,168.44,167.02,167.03
2025-05-29 23:00:00,167.03,167.57,165.96,166.71
2025-05-30 00:00:00,166.71,167.51,160.13,161.85
2025-05-30 01:00:00,161.86,164.1,161.65,163.45
2025-05-30 02:00:00,163.44,165.31,163.36,165.1
2025-05-30 03:00:00,165.09,165.77,164.83,165.16
2025-05-30 04:00:00,165.15,165.48,164.51,165.36
2025-05-30 05:00:00,165.36,165.86,164.73,165.24
2025-05-30 06:00:00,165.24,165.27,162.57,163.46
2025-05-30 07:00:00,163.47,164.35,162.63,162.68
2025-05-30 08:00:00,162.68,163.98,161.88,163.59
2025-05-30 09:00:00,163.58,164.15,161.48,163.16
2025-05-30 10:00:00,163.16,163.87,162.21,163.84
2025-05-30 11:00:00,163.83,164.16,163.37,163.83
2025-05-30 12:00:00,163.83,163.96,161.74,162.98
2025-05-30 13:00:00,162.99,163.4,160.75,160.89
2025-05-30 14:00:00,160.89,162.05,160.1,160.99
2025-05-30 15:00:00,160.99,162.27,160.82,161.23
2025-05-30 16:00:00,161.23,161.77,156.01,157.86
2025-05-30 17:00:00,157.87,159.19,157.7,158.57
2025-05-30 18:00:00,158.58,160.8,158.33,160.42
2025-05-30 19:00:00,160.41,161.51,160.06,160.81
2025-05-30 20:00:00,160.81,160.91,159.84,159.9
2025-05-30 21:00:00,159.9,161.03,159.79,159.96
2025-05-30 22:00:00,159.96,160.25,156.73,156.75
2025-05-30 23:00:00,156.75,157.46,155.22,156.2
2025-05-31 00:00:00,156.2,157.24,154.46,155.84
2025-05-31 01:00:00,155.84,156.83,152.54,153.3
2025-05-31 02:00:00,153.29,155.15,152.18,152.54
2025-05-31 03:00:00,152.55,154.49,152.14,154.16
2025-05-31 04:00:00,154.15,155.72,153.03,155.67
2025-05-31 05:00:00,155.68,155.86,154.21,154.23
2025-05-31 06:00:00,154.23,155.5,154.04,155.13
2025-05-31 07:00:00,155.13,155.27,154.21,154.84
2025-05-31 08:00:00,154.85,155.26,154.21,155
2025-05-31 09:00:00,154.99,155.16,153.56,153.88
2025-05-31 10:00:00,153.88,154.79,152.73,153.52
2025-05-31 11:00:00,153.52,153.64,152.62,152.92
2025-05-31 12:00:00,152.92,155.18,152.57,155.1
2025-05-31 13:00:00,155.1,156.03,154.51,154.83
2025-05-31 14:00:00,154.83,155.95,154.75,155.69
2025-05-31 15:00:00,155.69,156.77,155.37,155.63
2025-05-31 16:00:00,155.64,156.86,155.19,156.65
2025-05-31 17:00:00,156.65,156.8,155.51,155.67
2025-05-31 18:00:00,155.67,156.63,155.58,156.42
2025-05-31 19:00:00,156.41,157.97,156.41,157.52
2025-05-31 20:00:00,157.53,157.68,157.16,157.38
2025-05-31 21:00:00,157.38,157.97,157.08,157.81
2025-05-31 22:00:00,157.8,158.01,156.86,156.87
2025-05-31 23:00:00,156.86,157.68,156.31,156.45
2025-06-01 00:00:00,156.45,156.68,155.73,156.22
2025-06-01 01:00:00,156.22,156.73,154.68,155.18
2025-06-01 02:00:00,155.19,155.34,154.29,154.79
2025-06-01 03:00:00,154.79,154.9,153.4,154.72
2025-06-01 04:00:00,154.72,155.94,154.56,155.5
2025-06-01 05:00:00,155.5,155.92,155.13,155.39
2025-06-01 06:00:00,155.38,155.45,154.62,154.84
2025-06-01 07:00:00,154.84,154.94,154.14,154.45
2025-06-01 08:00:00,154.45,154.64,152.92,153.37
2025-06-01 09:00:00,153.36,153.79,150.81,151.52
2025-06-01 10:00:00,151.52,151.83,150.59,151.62
2025-06-01 11:00:00,151.62,152.34,151.37,152.05
2025-06-01 12:00:00,152.05,152.37,150.66,151.09
2025-06-01 13:00:00,151.09,152.35,151.02,152.02
2025-06-01 14:00:00,152.01,153.92,152.01,153.26
2025-06-01 15:00:00,153.25,154.57,152.99,154.17
2025-06-01 16:00:00,154.18,156.69,154.04,155.89
2025-06-01 17:00:00,155.88,156.73,155.52,156.34
2025-06-01 18:00:00,156.33,156.36,153.47,154.72
2025-06-01 19:00:00,154.72,155.97,154.54,155.89
2025-06-01 20:00:00,155.88,156.23,155.18,155.69
2025-06-01 21:00:00,155.68,157.23,155.58,156.91
2025-06-01 22:00:00,156.9,157.41,156.38,157.2
2025-06-01 23:00:00,157.2,157.92,156.96,157.68
2025-06-02 00:00:00,157.68,158.22,157.19,157.81
2025-06-02 01:00:00,157.81,158.93,157.81,158.06
2025-06-02 02:00:00,158.06,158.28,156.66,156.86
2025-06-02 03:00:00,156.86,156.93,155.36,155.46
2025-06-02 04:00:00,155.46,156.23,155.1,155.29
2025-06-02 05:00:00,155.3,156.21,154.69,155.35
2025-06-02 06:00:00,155.35,156.15,154.66,155.73
2025-06-02 07:00:00,155.73,156.73,155.36,155.55
2025-06-02 08:00:00,155.54,156.55,154.38,154.86
2025-06-02 09:00:00,154.86,154.88,153.21,153.54
2025-06-02 10:00:00,153.53,154.24,152.95,154.01
2025-06-02 11:00:00,154.02,154.65,153.31,153.45
2025-06-02 12:00:00,153.44,154.37,153.14,154.21
2025-06-02 13:00:00,154.22,154.5,152,152.24
2025-06-02 14:00:00,152.23,154.27,151.67,153.01
2025-06-02 15:00:00,153.02,153.86,152.04,153.16
2025-06-02 16:00:00,153.16,153.32,152.02,153.04
2025-06-02 17:00:00,153.04,153.84,152.45,153.67
2025-06-02 18:00:00,153.67,155.13,153.03,153.22
2025-06-02 19:00:00,153.22,153.64,151.77,152.95
2025-06-02 20:00:00,152.96,154.54,152.92,154.31
2025-06-02 21:00:00,154.31,155.5,154.24,155.43
2025-06-02 22:00:00,155.42,156.8,155.41,156.22
2025-06-02 23:00:00,156.22,157.24,156.18,156.83
2025-06-03 00:00:00,156.83,159.01,156.39,158.88
2025-06-03 01:00:00,158.88,162.25,158.87,161.95
2025-06-03 02:00:00,161.95,162.38,159.63,159.85
2025-06-03 03:00:00,159.85,160.19,158.35,159.44
2025-06-03 04:00:00,159.45,159.59,158.22,158.46
2025-06-03 05:00:00,158.46,159.75,158.46,159.51
2025-06-03 06:00:00,159.51,159.93,158.93,159.91
2025-06-03 07:00:00,159.92,160.2,159.32,159.82
2025-06-03 08:00:00,159.83,159.92,158.28,159.28
2025-06-03 09:00:00,159.27,160.12,158.7,159.89
2025-06-03 10:00:00,159.9,161.34,159.8,161.23
2025-06-03 11:00:00,161.23,161.65,160.44,160.56
2025-06-03 12:00:00,160.56,161.54,160.21,161.15
2025-06-03 13:00:00,161.15,161.64,160.03,160.72
2025-06-03 14:00:00,160.73,163.38,159.44,163.19
2025-06-03 15:00:00,163.18,163.64,161.81,162.2
2025-06-03 16:00:00,162.21,162.41,160.64,160.67
2025-06-03 17:00:00,160.67,161.94,160.43,161.16
2025-06-03 18:00:00,161.16,161.22,159.98,160.39
2025-06-03 19:00:00,160.38,161.2,160.2,160.56
2025-06-03 20:00:00,160.56,160.59,156.64,157.69
2025-06-03 21:00:00,157.69,157.9,154.14,154.82
2025-06-03 22:00:00,154.83,156.38,154.43,155.84
2025-06-03 23:00:00,155.85,156.27,154.98,155.19
2025-06-04 00:00:00,155.19,155.72,154.18,155.48
2025-06-04 01:00:00,155.47,157.32,155.23,156.79
2025-06-04 02:00:00,156.8,157.63,155.95,156.05
2025-06-04 03:00:00,156.04,157.47,155.96,156.56
2025-06-04 04:00:00,156.57,156.92,156.17,156.45
2025-06-04 05:00:00,156.45,156.83,155.72,156.46
2025-06-04 06:00:00,156.47,157.02,156.01,156.45
2025-06-04 07:00:00,156.46,156.87,156.04,156.42
2025-06-04 08:00:00,156.42,157.2,156.41,156.69
2025-06-04 09:00:00,156.68,157.8,156.25,157.54
2025-06-04 10:00:00,157.54,157.92,156.46,156.64
2025-06-04 11:00:00,156.63,156.86,155.72,155.92
2025-06-04 12:00:00,155.92,156.37,155.14,155.67
2025-06-04 13:00:00,155.66,156.87,155.3,155.74
2025-06-04 14:00:00,155.74,156.9,154.58,156.83
2025-06-04 15:00:00,156.83,157.97,156.55,157.13
2025-06-04 16:00:00,157.13,157.57,156.39,157.37
2025-06-04 17:00:00,157.36,157.43,155.58,156.07
2025-06-04 18:00:00,156.07,156.52,155.53,155.63
2025-06-04 19:00:00,155.62,156,155.28,155.37
2025-06-04 20:00:00,155.36,155.5,154,154.53
2025-06-04 21:00:00,154.54,155.59,153.91,155.07
2025-06-04 22:00:00,155.07,155.21,153.31,153.53
2025-06-04 23:00:00,153.53,153.75,152.94,153.26
2025-06-05 00:00:00,153.27,154.1,153,153.81
2025-06-05 01:00:00,153.8,154.16,153.07,153.37
2025-06-05 02:00:00,153.36,154.61,153.35,153.5
2025-06-05 03:00:00,153.51,154,153.05,153.83
2025-06-05 04:00:00,153.84,154,153.15,153.98
2025-06-05 05:00:00,153.98,154.15,151.9,152.45
2025-06-05 06:00:00,152.44,152.94,152.05,152.15
2025-06-05 07:00:00,152.15,153,152.04,152.44
2025-06-05 08:00:00,152.44,152.95,151.75,152.04
2025-06-05 09:00:00,152.04,153.04,152.03,153.01
2025-06-05 10:00:00,153,153.04,151.46,151.93
2025-06-05 11:00:00,151.92,152.4,151.28,152.37
2025-06-05 12:00:00,152.38,154.35,152.16,153.93
2025-06-05 13:00:00,153.94,154.41,149.82,150.37
2025-06-05 14:00:00,150.36,151.62,148.54,151.24
2025-06-05 15:00:00,151.24,151.69,150.47,150.9
2025-06-05 16:00:00,150.9,151.11,148.29,148.65
2025-06-05 17:00:00,148.65,149.81,148.54,149.46
2025-06-05 18:00:00,149.45,150.05,148.35,149.46
2025-06-05 19:00:00,149.45,149.63,144.15,146.2
2025-06-05 20:00:00,146.2,146.6,141.53,141.82
2025-06-05 21:00:00,141.82,144.68,141.59,144.29
2025-06-05 22:00:00,144.29,144.92,143.11,144.47
2025-06-05 23:00:00,144.47,145.06,144.2,144.29
2025-06-06 00:00:00,144.28,145.54,144.11,145.43
2025-06-06 01:00:00,145.43,145.63,144.69,145.53
2025-06-06 02:00:00,145.54,146.61,145.07,146.58
2025-06-06 03:00:00,146.58,146.85,145.88,146.84
2025-06-06 04:00:00,146.84,147.92,146.65,147.57
2025-06-06 05:00:00,147.57,147.7,146.84,147.51
2025-06-06 06:00:00,147.51,148.25,146.94,147.12
2025-06-06 07:00:00,147.12,147.97,147,147.4
2025-06-06 08:00:00,147.4,148.02,147.24,147.91
2025-06-06 09:00:00,147.9,148.65,147.47,147.5
2025-06-06 10:00:00,147.5,148.89,147.5,148.55
2025-06-06 11:00:00,148.55,149.61,148.29,149.1
2025-06-06 12:00:00,149.11,152.39,149.11,150.6
2025-06-06 13:00:00,150.6,152.27,150.6,150.78
2025-06-06 14:00:00,150.79,151.91,150.55,151.31
2025-06-06 15:00:00,151.31,152.39,150.31,151.08
2025-06-06 16:00:00,151.09,151.56,149.84,150.09
2025-06-06 17:00:00,150.08,150.31,149.22,150.1
2025-06-06 18:00:00,150.09,150.19,148.46,148.91
2025-06-06 19:00:00,148.92,149.73,148.84,149.09
2025-06-06 20:00:00,149.1,149.97,148.67,149.34
2025-06-06 21:00:00,149.33,149.79,149.09,149.21
2025-06-06 22:00:00,149.2,149.22,148.17,148.5
2025-06-06 23:00:00,148.5,148.54,147.68,147.83
2025-06-07 00:00:00,147.82,148.71,146.84,148.69
2025-06-07 01:00:00,148.68,148.9,147.37,147.73
2025-06-07 02:00:00,147.72,148.64,147.47,148.33
2025-06-07 03:00:00,148.32,149.71,148.01,149.46
2025-06-07 04:00:00,149.47,149.9,148.99,149.76
2025-06-07 05:00:00,149.76,151.28,149.54,150.89
2025-06-07 06:00:00,150.88,152.34,150.41,152.09
2025-06-07 07:00:00,152.1,152.84,151.51,152.38
2025-06-07 08:00:00,152.37,152.72,151.76,151.86
2025-06-07 09:00:00,151.86,152.28,151.47,151.48
2025-06-07 10:00:00,151.48,152.08,151.23,151.85
2025-06-07 11:00:00,151.86,152.15,151.36,151.45
2025-06-07 12:00:00,151.45,152.42,151.38,152.13
2025-06-07 13:00:00,152.14,152.42,151.45,151.83
2025-06-07 14:00:00,151.82,152,151.41,151.48
2025-06-07 15:00:00,151.48,151.66,150.71,150.99
2025-06-07 16:00:00,151,151.61,150.47,150.72
2025-06-07 17:00:00,150.72,151.25,150.25,150.33
2025-06-07 18:00:00,150.32,151.18,150.15,150.58
2025-06-07 19:00:00,150.57,151.21,150.46,150.58
2025-06-07 20:00:00,150.57,151,150.5,150.88
2025-06-07 21:00:00,150.88,151.43,150.82,151.23
2025-06-07 22:00:00,151.22,151.49,150.86,151.08
2025-06-07 23:00:00,151.08,151.14,149.76,150.06
2025-06-08 00:00:00,150.07,150.1,149.2,149.47
2025-06-08 01:00:00,149.46,150.33,149.15,150.29
2025-06-08 02:00:00,150.29,150.35,149.68,149.75
2025-06-08 03:00:00,149.75,150.07,149.58,149.85
2025-06-08 04:00:00,149.85,150.33,149.43,150.06
2025-06-08 05:00:00,150.07,150.41,149.76,149.88
2025-06-08 06:00:00,149.89,150.51,149.85,149.92
2025-06-08 07:00:00,149.91,150.21,149.13,149.31
2025-06-08 08:00:00,149.3,149.7,148.92,149.02
2025-06-08 09:00:00,149.03,149.12,147.88,148.45
2025-06-08 10:00:00,148.46,148.99,148.15,148.86
2025-06-08 11:00:00,148.87,149.71,148.83,149.62
2025-06-08 12:00:00,149.62,149.96,149.02,149.54
2025-06-08 13:00:00,149.54,151.19,149.17,149.66
2025-06-08 14:00:00,149.67,150.43,149.49,150.35
2025-06-08 15:00:00,150.35,150.99,150.3,150.7
2025-06-08 16:00:00,150.69,152.23,150.64,152.21
2025-06-08 17:00:00,152.21,153.89,152.21,153.16
2025-06-08 18:00:00,153.15,154.17,152.95,153.86
2025-06-08 19:00:00,153.86,154.52,153.73,154.46
2025-06-08 20:00:00,154.47,154.75,153.93,154.27
2025-06-08 21:00:00,154.27,155.3,153.99,154.42
2025-06-08 22:00:00,154.42,154.52,152.76,152.94
2025-06-08 23:00:00,152.94,153,152.13,152.45
2025-06-09 00:00:00,152.45,153.17,151.85,152.38
2025-06-09 01:00:00,152.38,152.69,151.72,151.96
2025-06-09 02:00:00,151.96,152.49,151.58,151.71
2025-06-09 03:00:00,151.72,151.82,150.79,151.54
2025-06-09 04:00:00,151.54,151.87,150.62,150.84
2025-06-09 05:00:00,150.85,150.85,149.79,149.8
2025-06-09 06:00:00,149.81,151.04,149.58,150.9
2025-06-09 07:00:00,150.89,151.05,150,150.88
2025-06-09 08:00:00,150.87,151.8,150.4,151.74
2025-06-09 09:00:00,151.74,154.47,151.32,153.42
2025-06-09 10:00:00,153.43,155.59,153.23,155.35
2025-06-09 11:00:00,155.35,156.61,154.91,155.62
2025-06-09 12:00:00,155.62,155.81,154.74,155.7
2025-06-09 13:00:00,155.7,155.83,153.07,153.38
2025-06-09 14:00:00,153.38,154.82,153.24,154.1
2025-06-09 15:00:00,154.11,155.58,153.93,155.02
2025-06-09 16:00:00,155.02,156.6,155,155.56
2025-06-09 17:00:00,155.56,157.01,155.36,156.31
2025-06-09 18:00:00,156.31,156.73,156,156.47
2025-06-09 19:00:00,156.47,156.63,155.05,155.75
2025-06-09 20:00:00,155.76,156.65,155.72,156.52
2025-06-09 21:00:00,156.52,159.65,156.52,159.04
2025-06-09 22:00:00,159.04,160.31,158.94,159.83
2025-06-09 23:00:00,159.83,161.73,159.57,161.16
2025-06-10 00:00:00,161.16,161.82,160.36,160.66
2025-06-10 01:00:00,160.66,160.97,159.8,160.04
2025-06-10 02:00:00,160.05,160.05,159.17,159.55
2025-06-10 03:00:00,159.54,159.71,158.69,159.17
2025-06-10 04:00:00,159.18,159.5,158.72,159.3
2025-06-10 05:00:00,159.3,159.61,157.66,158.13
2025-06-10 06:00:00,158.13,158.57,157.4,158.34
2025-06-10 07:00:00,158.34,158.81,157.81,158.45
2025-06-10 08:00:00,158.46,158.98,157.73,157.77
2025-06-10 09:00:00,157.77,159.03,157.53,158.95
2025-06-10 10:00:00,158.96,159.42,157.68,158.14
2025-06-10 11:00:00,158.14,161.51,157.15,160.85
2025-06-10 12:00:00,160.85,161.54,159.36,161.53
2025-06-10 13:00:00,161.53,161.99,158.27,159.14
2025-06-10 14:00:00,159.14,159.2,156.65,157.18
2025-06-10 15:00:00,157.17,158.73,156.32,158.02
2025-06-10 16:00:00,158.03,158.46,157.1,157.21
2025-06-10 17:00:00,157.2,158.65,157.17,158.25
2025-06-10 18:00:00,158.25,164.99,157.75,163.95
2025-06-10 19:00:00,163.95,165.48,162.76,163.61
2025-06-10 20:00:00,163.61,165.61,162.86,165.57
2025-06-10 21:00:00,165.57,165.67,163.09,163.89
2025-06-10 22:00:00,163.89,165.16,163.59,164.94
2025-06-10 23:00:00,164.94,165.34,164,165.12
2025-06-11 00:00:00,165.12,165.8,163.88,164.61
2025-06-11 01:00:00,164.61,165.14,163.43,164.16
2025-06-11 02:00:00,164.16,165.86,163.68,164.33
2025-06-11 03:00:00,164.33,167.46,164.27,166.67
2025-06-11 04:00:00,166.67,166.79,164.75,165.08
2025-06-11 05:00:00,165.07,165.28,164.35,164.94
2025-06-11 06:00:00,164.93,166.54,164.93,165.95
2025-06-11 07:00:00,165.95,167.15,165.27,166.65
2025-06-11 08:00:00,166.65,167.19,165.55,165.76
2025-06-11 09:00:00,165.76,167.09,164.78,164.96
2025-06-11 10:00:00,164.97,165.25,164.15,164.52
2025-06-11 11:00:00,164.52,165.22,164,164.5
2025-06-11 12:00:00,164.5,167.48,163.73,167.21
2025-06-11 13:00:00,167.22,167.4,165.18,165.77
2025-06-11 14:00:00,165.78,168.36,165.53,167.07
2025-06-11 15:00:00,167.07,167.67,165.87,167.26
2025-06-11 16:00:00,167.27,167.44,166.09,166.66
2025-06-11 17:00:00,166.66,166.66,163.83,163.86
2025-06-11 18:00:00,163.86,164.12,162.39,163.34
2025-06-11 19:00:00,163.33,163.56,162.5,162.64
2025-06-11 20:00:00,162.64,163.74,161.85,163.16
2025-06-11 21:00:00,163.17,163.86,160.24,160.41
2025-06-11 22:00:00,160.41,160.78,159.21,160.11
2025-06-11 23:00:00,160.11,161.16,159.91,160.97
2025-06-12 00:00:00,160.98,161.28,159.63,160.82
2025-06-12 01:00:00,160.81,161,159.29,160.38
2025-06-12 02:00:00,160.39,161.01,159.58,160.02
2025-06-12 03:00:00,160.02,160.63,159.28,159.87
2025-06-12 04:00:00,159.87,160.56,159.4,159.98
2025-06-12 05:00:00,159.97,160.1,158.74,159.51
2025-06-12 06:00:00,159.5,159.99,158.88,159.32
2025-06-12 07:00:00,159.32,159.66,158.28,158.8
2025-06-12 08:00:00,158.8,159.57,157.98,159.46
2025-06-12 09:00:00,159.45,159.92,159.18,159.61
2025-06-12 10:00:00,159.6,159.65,158.44,159.1
2025-06-12 11:00:00,159.1,159.15,157.42,157.72
2025-06-12 12:00:00,157.72,159.12,157.31,158.65
2025-06-12 13:00:00,158.65,159.05,157.82,158.8
2025-06-12 14:00:00,158.8,160.64,158.8,159.94
2025-06-12 15:00:00,159.94,160.33,156.44,157.02
2025-06-12 16:00:00,157.02,158.64,156.73,158.35
2025-06-12 17:00:00,158.34,160.46,158.1,160.02
2025-06-12 18:00:00,160.02,160.09,156.94,157.73
2025-06-12 19:00:00,157.73,158.08,154.5,154.84
2025-06-12 20:00:00,154.84,155.47,152.32,153.23
2025-06-12 21:00:00,153.22,153.65,152.2,152.34
2025-06-12 22:00:00,152.34,152.96,152.02,152.5
2025-06-12 23:00:00,152.5,152.95,152.08,152.32
2025-06-13 00:00:00,152.32,152.59,142.34,145.57
2025-06-13 01:00:00,145.57,145.58,140.87,143.33
2025-06-13 02:00:00,143.32,143.33,140.21,142.67
2025-06-13 03:00:00,142.67,145.32,142.63,144.76
2025-06-13 04:00:00,144.76,144.76,143.47,144.28
2025-06-13 05:00:00,144.27,144.31,143.51,143.76
2025-06-13 06:00:00,143.77,144.94,142.58,144.94
2025-06-13 07:00:00,144.93,145.46,144.22,145.02
2025-06-13 08:00:00,145.02,146.67,144.34,144.85
2025-06-13 09:00:00,144.85,145.09,144.37,144.8
2025-06-13 10:00:00,144.8,145.04,143.66,144.99
2025-06-13 11:00:00,144.99,145.71,144.23,145.45
2025-06-13 12:00:00,145.45,146.26,144.93,145.14
2025-06-13 13:00:00,145.15,146.48,144.62,145.29
2025-06-13 14:00:00,145.3,146.37,143.92,146.17
2025-06-13 15:00:00,146.17,147.78,145.69,147.18
2025-06-13 16:00:00,147.18,148.52,146.32,147.43
2025-06-13 17:00:00,147.42,147.42,145.3,146.48
2025-06-13 18:00:00,146.47,146.63,144.3,145.53
2025-06-13 19:00:00,145.52,146,144.48,145.17
2025-06-13 20:00:00,145.17,147.69,144.75,147.29
2025-06-13 21:00:00,147.28,147.64,146.45,147.11
2025-06-13 22:00:00,147.11,148.04,147.03,147.81
2025-06-13 23:00:00,147.81,148.94,147.69,148.6
2025-06-14 00:00:00,148.6,148.7,147.64,147.82
2025-06-14 01:00:00,147.83,147.83,146.71,146.89
2025-06-14 02:00:00,146.88,147.33,146.42,146.5
2025-06-14 03:00:00,146.5,147.22,146.49,146.71
2025-06-14 04:00:00,146.71,147.15,146.54,146.8
2025-06-14 05:00:00,146.8,147.05,146.36,146.86
2025-06-14 06:00:00,146.86,147.07,146.07,146.22
2025-06-14 07:00:00,146.22,146.45,145.54,146.18
2025-06-14 08:00:00,146.17,146.21,145.17,145.82
2025-06-14 09:00:00,145.83,145.95,144.93,145.15
2025-06-14 10:00:00,145.15,145.91,145.09,145.63
2025-06-14 11:00:00,145.62,146.11,145.45,145.86
2025-06-14 12:00:00,145.85,145.95,144.92,145.54
2025-06-14 13:00:00,145.53,145.93,145,145.51
2025-06-14 14:00:00,145.51,145.78,145,145.28
2025-06-14 15:00:00,145.28,145.5,143.8,144.54
2025-06-14 16:00:00,144.53,144.95,142.92,143.39
2025-06-14 17:00:00,143.39,144.65,143.05,144.47
2025-06-14 18:00:00,144.46,145.11,143.07,144.11
2025-06-14 19:00:00,144.12,144.48,143.47,143.5
2025-06-14 20:00:00,143.51,143.71,141.97,142.91
2025-06-14 21:00:00,142.9,144.82,142.68,144.57
2025-06-14 22:00:00,144.57,144.9,143.98,144.33
2025-06-14 23:00:00,144.34,145.01,144.29,144.64
2025-06-15 00:00:00,144.65,145.82,144.6,145.61
2025-06-15 01:00:00,145.61,145.68,144.82,145.03
2025-06-15 02:00:00,145.04,146.05,145.04,145.54
2025-06-15 03:00:00,145.54,145.86,145.5,145.75
2025-06-15 04:00:00,145.75,146.44,145.68,146.25
2025-06-15 05:00:00,146.25,147.41,145.73,147.37
2025-06-15 06:00:00,147.37,148.1,146.32,146.48
2025-06-15 07:00:00,146.49,146.54,145.75,145.87
2025-06-15 08:00:00,145.87,146.01,145.1,145.43
2025-06-15 09:00:00,145.43,145.43,144.22,144.34
2025-06-15 10:00:00,144.34,145.95,144.33,145.84
2025-06-15 11:00:00,145.85,146.71,145.52,146.36
2025-06-15 12:00:00,146.35,147.84,146.16,147.69
2025-06-15 13:00:00,147.68,148.37,146.96,148.35
2025-06-15 14:00:00,148.35,152.44,147.94,151.92
2025-06-15 15:00:00,151.92,152.97,150.51,150.84
2025-06-15 16:00:00,150.84,152,150.18,151.95
2025-06-15 17:00:00,151.94,152.65,151.49,152.23
2025-06-15 18:00:00,152.24,152.83,151.31,152.7
2025-06-15 19:00:00,152.7,153.54,151.87,152.23
2025-06-15 20:00:00,152.23,152.34,148.17,148.84
2025-06-15 21:00:00,148.84,150.79,148.15,150.55
2025-06-15 22:00:00,150.54,152.56,150.26,152.07
2025-06-15 23:00:00,152.07,153,151.6,152.97
2025-06-16 00:00:00,152.97,153.25,151.55,152.01
2025-06-16 01:00:00,152.01,156.66,150.99,156.56
2025-06-16 02:00:00,156.55,157.41,155.47,155.71
2025-06-16 03:00:00,155.71,156.25,155.51,155.58
2025-06-16 04:00:00,155.59,157.18,155.51,156.78
2025-06-16 05:00:00,156.78,157.95,156.49,156.72
2025-06-16 06:00:00,156.73,157.15,156.33,156.48
2025-06-16 07:00:00,156.49,157.56,156.49,157.28
2025-06-16 08:00:00,157.27,157.5,156.53,156.95
2025-06-16 09:00:00,156.96,157,156.01,156.48
2025-06-16 10:00:00,156.48,157.08,155.87,156.09
2025-06-16 11:00:00,156.1,156.9,154.81,156.48
2025-06-16 12:00:00,156.48,156.76,155.18,155.29
2025-06-16 13:00:00,155.28,156.74,154.68,156.57
2025-06-16 14:00:00,156.57,157.78,155.65,156.47
2025-06-16 15:00:00,156.47,157.49,156.11,156.58
2025-06-16 16:00:00,156.58,158.21,156.35,157.52
2025-06-16 17:00:00,157.51,158.06,156.97,157.22
2025-06-16 18:00:00,157.21,158.19,157,158.18
2025-06-16 19:00:00,158.18,158.8,157.19,157.79
2025-06-16 20:00:00,157.8,157.86,156.79,157.3
2025-06-16 21:00:00,157.3,157.57,156.36,156.66
2025-06-16 22:00:00,156.67,157.23,151.83,153
2025-06-16 23:00:00,153,154.13,150.3,150.72
2025-06-17 00:00:00,150.73,152.01,147.47,152.01
2025-06-17 01:00:00,152.01,152.3,151.02,151.61
2025-06-17 02:00:00,151.62,153.4,150.9,153.25
2025-06-17 03:00:00,153.26,153.98,152.59,153.36
2025-06-17 04:00:00,153.37,153.68,152.39,153.06
2025-06-17 05:00:00,153.05,153.89,152.7,153.61
2025-06-17 06:00:00,153.6,154.33,152.7,153.06
2025-06-17 07:00:00,153.07,153.37,151.91,152.67
2025-06-17 08:00:00,152.67,152.9,151.46,151.57
2025-06-17 09:00:00,151.58,152.02,151.01,151.53
2025-06-17 10:00:00,151.53,151.53,150.32,151.22
2025-06-17 11:00:00,151.22,151.22,150.18,150.53
2025-06-17 12:00:00,150.53,151.43,149.52,149.67
2025-06-17 13:00:00,149.66,150.52,149.15,149.57
2025-06-17 14:00:00,149.58,150.78,148.71,148.85
2025-06-17 15:00:00,148.86,149.05,146.52,147.62
2025-06-17 16:00:00,147.62,148.03,145.98,146.02
2025-06-17 17:00:00,146.02,147.35,145.61,146.29
2025-06-17 18:00:00,146.28,148.17,145.65,148.16
2025-06-17 19:00:00,148.15,150.39,147.82,148.87
2025-06-17 20:00:00,148.87,149.25,148.07,148.66
2025-06-17 21:00:00,148.65,149,146.69,147.8
2025-06-17 22:00:00,147.81,147.96,146.26,146.45
2025-06-17 23:00:00,146.46,148.36,146.39,147.57
2025-06-18 00:00:00,147.58,148.26,146.54,148.23
2025-06-18 01:00:00,148.23,149.1,147.5,147.57
2025-06-18 02:00:00,147.58,148.21,147.2,147.58
2025-06-18 03:00:00,147.59,148.56,147.4,148.37
2025-06-18 04:00:00,148.38,149.28,148.2,148.79
2025-06-18 05:00:00,148.8,149.1,148.25,148.3
2025-06-18 06:00:00,148.3,148.36,146.89,147.23
2025-06-18 07:00:00,147.22,148,147.02,147.99
2025-06-18 08:00:00,147.99,148.56,147.08,147.66
2025-06-18 09:00:00,147.66,148.38,147.2,147.43
2025-06-18 10:00:00,147.42,147.52,145.34,145.69
2025-06-18 11:00:00,145.69,146.77,145.51,146.52
2025-06-18 12:00:00,146.52,146.58,145,145.17
2025-06-18 13:00:00,145.18,145.48,143.76,145.29
2025-06-18 14:00:00,145.29,146.77,144.66,145.28
2025-06-18 15:00:00,145.29,146.12,144.64,145.74
2025-06-18 16:00:00,145.74,145.74,144.42,144.83
2025-06-18 17:00:00,144.83,145.89,143.93,145.55
2025-06-18 18:00:00,145.55,146.51,143.96,143.96
2025-06-18 19:00:00,143.96,146.03,143.65,144.71
2025-06-18 20:00:00,144.71,147.87,144.09,147.46
2025-06-18 21:00:00,147.46,147.85,146.26,147.55
2025-06-18 22:00:00,147.55,147.92,147.16,147.37
2025-06-18 23:00:00,147.38,147.8,145.93,146.34
2025-06-19 00:00:00,146.35,147.9,145.83,146.91
2025-06-19 01:00:00,146.92,146.97,145.45,145.69
2025-06-19 02:00:00,145.7,146.16,144.96,145.48
2025-06-19 03:00:00,145.49,146.73,145.47,146.58
2025-06-19 04:00:00,146.58,146.64,145.6,146.56
2025-06-19 05:00:00,146.56,147.16,145.86,145.97
2025-06-19 06:00:00,145.97,146.2,145,145.11
2025-06-19 07:00:00,145.11,145.59,145,145.07
2025-06-19 08:00:00,145.08,145.94,145.07,145.16
2025-06-19 09:00:00,145.16,146.24,145.05,146.12
2025-06-19 10:00:00,146.13,146.5,145.76,146.09
2025-06-19 11:00:00,146.09,146.1,144.85,145.09
2025-06-19 12:00:00,145.1,145.5,144.52,145.2
2025-06-19 13:00:00,145.21,145.34,143.81,143.95
2025-06-19 14:00:00,143.95,144.64,142.96,143.16
2025-06-19 15:00:00,143.17,143.92,142.92,143.16
2025-06-19 16:00:00,143.16,144.18,143.13,143.31
2025-06-19 17:00:00,143.32,145.22,143.11,144.78
2025-06-19 18:00:00,144.78,146.04,144.67,145.35
2025-06-19 19:00:00,145.36,145.84,145.04,145.48
2025-06-19 20:00:00,145.48,146.18,145.03,145.34
2025-06-19 21:00:00,145.34,146,145.23,145.67
2025-06-19 22:00:00,145.68,147.45,145.68,146.7
2025-06-19 23:00:00,146.69,147.27,146.38,147.04
2025-06-20 00:00:00,147.04,147.54,146.59,146.97
2025-06-20 01:00:00,146.96,147.25,146.18,147.12
2025-06-20 02:00:00,147.13,147.18,145.66,145.95
2025-06-20 03:00:00,145.95,146.07,145.41,145.44
2025-06-20 04:00:00,145.45,145.63,144.3,144.5
2025-06-20 05:00:00,144.51,145.49,144.49,145.34
2025-06-20 06:00:00,145.33,145.7,145,145.5
2025-06-20 07:00:00,145.49,147.78,145.25,147.47
2025-06-20 08:00:00,147.48,148.27,146.91,147.41
2025-06-20 09:00:00,147.41,147.82,147.15,147.75
2025-06-20 10:00:00,147.76,148.81,147.61,148.56
2025-06-20 11:00:00,148.56,148.65,147.89,148.17
2025-06-20 12:00:00,148.17,148.37,147.42,147.48
2025-06-20 13:00:00,147.47,147.96,146.03,146.65
2025-06-20 14:00:00,146.64,146.87,143.77,143.99
2025-06-20 15:00:00,144,144.42,142.35,142.86
2025-06-20 16:00:00,142.86,143,141.89,142.34
2025-06-20 17:00:00,142.34,142.67,135.69,138.37
2025-06-20 18:00:00,138.37,139.5,137.96,139.3
2025-06-20 19:00:00,139.29,139.93,138.05,139.82
2025-06-20 20:00:00,139.81,141.71,139.78,140.97
2025-06-20 21:00:00,140.98,141.03,140.03,140.17
2025-06-20 22:00:00,140.17,140.18,138.67,139.09
2025-06-20 23:00:00,139.08,140.17,138.81,140.11
2025-06-21 00:00:00,140.11,140.47,139.54,139.94
2025-06-21 01:00:00,139.94,140.6,139.89,140.23
2025-06-21 02:00:00,140.24,140.44,139.62,139.98
2025-06-21 03:00:00,139.97,141.34,139.95,140.76
2025-06-21 04:00:00,140.75,140.98,140.01,140.09
2025-06-21 05:00:00,140.09,140.58,139.94,140.38
2025-06-21 06:00:00,140.39,140.54,140.1,140.43
2025-06-21 07:00:00,140.43,140.72,139.85,140.64
2025-06-21 08:00:00,140.64,141.91,140.29,141.64
2025-06-21 09:00:00,141.64,142.05,141,141.88
2025-06-21 10:00:00,141.89,142.6,141.72,142.24
2025-06-21 11:00:00,142.23,142.56,141.95,142.08
2025-06-21 12:00:00,142.08,142.46,141.48,141.73
2025-06-21 13:00:00,141.72,142.22,140.26,140.69
2025-06-21 14:00:00,140.69,141.39,140.2,140.39
2025-06-21 15:00:00,140.39,140.78,139.15,140.3
2025-06-21 16:00:00,140.29,141.05,139.81,140.13
2025-06-21 17:00:00,140.13,140.89,138.26,138.66
2025-06-21 18:00:00,138.66,139.63,137.37,137.71
2025-06-21 19:00:00,137.71,138.29,137.22,137.28
2025-06-21 20:00:00,137.29,138.9,136.82,138.42
2025-06-21 21:00:00,138.43,138.59,130.9,132.74
2025-06-21 22:00:00,132.74,134.76,132.69,134.2
2025-06-21 23:00:00,134.2,135.63,131.9,135.43
2025-06-22 00:00:00,135.43,137.62,134.05,136.53
2025-06-22 01:00:00,136.54,137.18,134.89,135.05
2025-06-22 02:00:00,135.06,136.12,133.24,134.7
2025-06-22 03:00:00,134.69,135.56,134.04,135.11
2025-06-22 04:00:00,135.12,136.29,134.6,135.82
2025-06-22 05:00:00,135.81,136.5,135.46,136.22
2025-06-22 06:00:00,136.23,136.5,135.56,135.92
2025-06-22 07:00:00,135.92,135.92,134.63,134.82
2025-06-22 08:00:00,134.82,135.08,134.12,134.91
2025-06-22 09:00:00,134.91,135.36,132.28,132.32
2025-06-22 10:00:00,132.33,133.77,131.95,133.21
2025-06-22 11:00:00,133.22,134.03,132.47,133.25
2025-06-22 12:00:00,133.26,133.88,132.52,133.53
2025-06-22 13:00:00,133.53,133.77,126.82,128.74
2025-06-22 14:00:00,128.74,130.24,126.51,129.88
2025-06-22 15:00:00,129.89,130.46,128.23,128.55
2025-06-22 16:00:00,128.56,129.91,128.29,129.82
2025-06-22 17:00:00,129.81,131.48,129.31,130.49
2025-06-22 18:00:00,130.48,131.12,129.3,129.43
2025-06-22 19:00:00,129.43,129.51,128.53,129.06
2025-06-22 20:00:00,129.07,130.13,126,129.54
2025-06-22 21:00:00,129.55,130.04,127.96,129.01
2025-06-22 22:00:00,129.02,132.47,128.83,132.14
2025-06-22 23:00:00,132.15,132.56,131.41,131.71
2025-06-23 00:00:00,131.71,133.53,131.53,132.52
2025-06-23 01:00:00,132.53,133.15,131.71,133.05
2025-06-23 02:00:00,133.05,133.22,132.53,132.85
2025-06-23 03:00:00,132.84,133.15,132.29,132.67
2025-06-23 04:00:00,132.67,133.74,132.35,133.18
2025-06-23 05:00:00,133.18,134.77,133.12,134.41
2025-06-23 06:00:00,134.41,134.78,133.58,134.31
2025-06-23 07:00:00,134.31,135.01,134.02,134.38
2025-06-23 08:00:00,134.38,134.88,133.94,134.36
2025-06-23 09:00:00,134.35,134.45,133.44,134.33
2025-06-23 10:00:00,134.34,134.53,133.3,133.83
2025-06-23 11:00:00,133.82,134.45,133.25,134.09
2025-06-23 12:00:00,134.1,135.55,133.76,135.53
2025-06-23 13:00:00,135.53,137,132.91,136.64
2025-06-23 14:00:00,136.65,137.5,134.57,134.77
2025-06-23 15:00:00,134.77,135.48,133.15,133.43
2025-06-23 16:00:00,133.44,133.64,130.68,132.51
2025-06-23 17:00:00,132.52,137.26,132.26,136.77
2025-06-23 18:00:00,136.77,139.34,136.77,138.11
2025-06-23 19:00:00,138.12,140.27,138.07,139.79
2025-06-23 20:00:00,139.79,142.27,139.21,140.59
2025-06-23 21:00:00,140.6,141.75,140.48,140.94
2025-06-23 22:00:00,140.94,146.92,140.93,144.89
2025-06-23 23:00:00,144.89,145.23,144.21,144.51
2025-06-24 00:00:00,144.51,144.77,143.02,143.34
2025-06-24 01:00:00,143.34,144.4,142.97,143.83
2025-06-24 02:00:00,143.82,143.82,142.31,142.51
2025-06-24 03:00:00,142.51,143.57,142.46,143.24
2025-06-24 04:00:00,143.23,143.56,142.84,143.27
2025-06-24 05:00:00,143.27,145.59,143.15,145.49
2025-06-24 06:00:00,145.48,146.77,144.77,146.07
2025-06-24 07:00:00,146.08,146.4,143.86,144.01
2025-06-24 08:00:00,144.01,144.86,143.42,144.25
2025-06-24 09:00:00,144.24,145.81,143.73,143.99
2025-06-24 10:00:00,143.98,144.23,143.3,144.06
2025-06-24 11:00:00,144.06,144.72,143.02,144.57
2025-06-24 12:00:00,144.56,144.91,143.72,144.43
2025-06-24 13:00:00,144.42,145,143.44,144.03
2025-06-24 14:00:00,144.03,145.7,143.9,144.99
2025-06-24 15:00:00,144.99,145.65,143.61,144.31
2025-06-24 16:00:00,144.31,146.6,143.77,146.46
2025-06-24 17:00:00,146.46,146.62,143.91,144.8
2025-06-24 18:00:00,144.81,145.18,143.5,143.68
2025-06-24 19:00:00,143.68,143.91,142.84,143.61
2025-06-24 20:00:00,143.61,145.14,143.19,145.07
2025-06-24 21:00:00,145.07,145.69,144.42,145.42
2025-06-24 22:00:00,145.41,145.42,144.4,144.99
2025-06-24 23:00:00,144.99,145.96,144.48,145.92
2025-06-25 00:00:00,145.93,146.4,145.02,146.12
2025-06-25 01:00:00,146.11,146.21,145.07,145.8
2025-06-25 02:00:00,145.81,146.9,145.62,145.9
2025-06-25 03:00:00,145.91,146.35,145.51,145.52
2025-06-25 04:00:00,145.51,145.61,144.88,145.39
2025-06-25 05:00:00,145.4,145.82,145.12,145.4
2025-06-25 06:00:00,145.4,146.44,145.19,146.31
2025-06-25 07:00:00,146.31,147.49,146,147.01
2025-06-25 08:00:00,147.01,147.13,145.03,145.84
2025-06-25 09:00:00,145.85,146.81,145.04,145.5
2025-06-25 10:00:00,145.5,146.25,145.08,145.89
2025-06-25 11:00:00,145.9,146.39,145.17,146.26
2025-06-25 12:00:00,146.26,146.46,145.45,146.44
2025-06-25 13:00:00,146.44,147.95,146.14,147.37
2025-06-25 14:00:00,147.37,147.43,144.75,145.65
2025-06-25 15:00:00,145.66,145.66,143.12,143.69
2025-06-25 16:00:00,143.7,144.27,142.82,143.43
2025-06-25 17:00:00,143.43,144.57,143.07,143.88
2025-06-25 18:00:00,143.87,143.95,143.12,143.3
2025-06-25 19:00:00,143.3,144.74,143.25,144.74
2025-06-25 20:00:00,144.74,145.19,144.18,145.09
2025-06-25 21:00:00,145.08,145.61,144.09,144.38
2025-06-25 22:00:00,144.38,144.38,142.92,143.2
2025-06-25 23:00:00,143.19,143.62,142.25,143.57
2025-06-26 00:00:00,143.57,144.37,143.43,144.17
2025-06-26 01:00:00,144.18,146.19,143.69,145.3
2025-06-26 02:00:00,145.31,146.48,144.95,146.23
2025-06-26 03:00:00,146.23,148,145.68,145.9
2025-06-26 04:00:00,145.91,146.07,144.97,145.44
2025-06-26 05:00:00,145.44,145.72,144.02,144.49
2025-06-26 06:00:00,144.49,145.16,144.2,144.86
2025-06-26 07:00:00,144.85,145.93,144.73,145.15
2025-06-26 08:00:00,145.16,145.81,144.69,144.87
2025-06-26 09:00:00,144.88,145.16,143.64,143.83
2025-06-26 10:00:00,143.82,144.21,143.2,143.53
2025-06-26 11:00:00,143.53,143.97,143.2,143.65
2025-06-26 12:00:00,143.65,143.96,142.78,143.01
2025-06-26 13:00:00,143.01,143.26,141.41,141.84
2025-06-26 14:00:00,141.83,143.77,141.51,143.12
2025-06-26 15:00:00,143.13,143.58,141.53,143
2025-06-26 16:00:00,143,143.24,142.11,142.32
2025-06-26 17:00:00,142.32,143.07,141.56,141.71
2025-06-26 18:00:00,141.72,142.5,140.89,141.52
2025-06-26 19:00:00,141.52,142.64,141.2,142.29
2025-06-26 20:00:00,142.28,143.96,142.01,142.97
2025-06-26 21:00:00,142.98,143.31,139.32,140.43
2025-06-26 22:00:00,140.42,140.9,138.93,139.03
2025-06-26 23:00:00,139.03,139.34,138.62,139.06
2025-06-27 00:00:00,139.05,139.31,137.84,137.85
2025-06-27 01:00:00,137.85,139.87,137.14,139.44
2025-06-27 02:00:00,139.44,141.03,139.24,140.89
2025-06-27 03:00:00,140.89,141.58,140.72,141.36
2025-06-27 04:00:00,141.37,141.56,140.86,141.34
2025-06-27 05:00:00,141.33,142.13,140.51,140.63
2025-06-27 06:00:00,140.63,141.4,140.32,141.27
2025-06-27 07:00:00,141.27,142.22,140.18,140.33
2025-06-27 08:00:00,140.33,142.8,140.32,142.23
2025-06-27 09:00:00,142.23,142.31,141.57,142.1
2025-06-27 10:00:00,142.1,142.25,141.53,141.89
2025-06-27 11:00:00,141.9,142.34,141.6,142.15
2025-06-27 12:00:00,142.15,142.8,141.15,141.34
2025-06-27 13:00:00,141.35,142.97,141.16,142.75
2025-06-27 14:00:00,142.76,143.49,141.32,141.88
2025-06-27 15:00:00,141.87,143.85,141.6,143.47
2025-06-27 16:00:00,143.47,144.85,143.08,143.73
2025-06-27 17:00:00,143.73,143.86,140.81,141.57
2025-06-27 18:00:00,141.57,141.76,140.12,140.64
2025-06-27 19:00:00,140.64,142.07,140.51,141.78
2025-06-27 20:00:00,141.77,142.89,141.63,142.87
2025-06-27 21:00:00,142.86,143.36,142.36,142.59
2025-06-27 22:00:00,142.59,143.03,142.59,142.64
2025-06-27 23:00:00,142.64,142.66,141.87,142.09
2025-06-28 00:00:00,142.09,142.48,141.46,141.76
2025-06-28 01:00:00,141.76,142.66,141.13,142.58
2025-06-28 02:00:00,142.58,143.42,142.52,143.01
2025-06-28 03:00:00,143.02,143.55,142.85,143.4
2025-06-28 04:00:00,143.39,143.45,143.08,143.23
2025-06-28 05:00:00,143.24,144.13,143.23,143.93
2025-06-28 06:00:00,143.93,144.84,143.81,144.82
2025-06-28 07:00:00,144.83,146.81,144.56,146.57
2025-06-28 08:00:00,146.56,147.26,146.17,146.39
2025-06-28 09:00:00,146.39,147.57,145.61,147.2
2025-06-28 10:00:00,147.2,147.5,146.8,146.95
2025-06-28 11:00:00,146.95,147.62,146.95,147.15
2025-06-28 12:00:00,147.14,147.34,146.39,146.44
2025-06-28 13:00:00,146.44,146.84,145.87,146.14
2025-06-28 14:00:00,146.13,147.12,146.13,146.84
2025-06-28 15:00:00,146.85,148.67,146.75,148.17
2025-06-28 16:00:00,148.16,149.8,148.1,149.16
2025-06-28 17:00:00,149.16,152.7,149.09,152.17
2025-06-28 18:00:00,152.16,152.29,150.38,151.3
2025-06-28 19:00:00,151.29,151.6,150.66,150.67
2025-06-28 20:00:00,150.67,150.94,150.06,150.08
2025-06-28 21:00:00,150.08,151.22,150.04,151.07
2025-06-28 22:00:00,151.07,151.37,150.73,150.82
2025-06-28 23:00:00,150.82,151.3,150.56,150.72
2025-06-29 00:00:00,150.73,151.08,150.27,150.64
2025-06-29 01:00:00,150.64,150.9,150.21,150.24
2025-06-29 02:00:00,150.25,150.32,149.42,149.88
2025-06-29 03:00:00,149.87,150.17,149.46,149.47
2025-06-29 04:00:00,149.47,149.97,149.36,149.78
2025-06-29 05:00:00,149.79,149.88,149.41,149.7
2025-06-29 06:00:00,149.7,150.24,149.59,149.76
2025-06-29 07:00:00,149.75,150.33,149.56,150.32
2025-06-29 08:00:00,150.33,151.01,149.93,150.78
2025-06-29 09:00:00,150.78,152.24,150.51,151.09
2025-06-29 10:00:00,151.09,151.82,150.87,151.4
2025-06-29 11:00:00,151.41,151.8,150.93,151.68
2025-06-29 12:00:00,151.68,151.99,150.91,151.86
2025-06-29 13:00:00,151.86,152,151.14,151.77
2025-06-29 14:00:00,151.76,152.55,151.17,151.29
2025-06-29 15:00:00,151.29,151.77,150.72,150.75
2025-06-29 16:00:00,150.76,150.96,149.72,150.51
2025-06-29 17:00:00,150.51,151.43,150.36,151.43
2025-06-29 18:00:00,151.42,152.24,151.17,151.89
2025-06-29 19:00:00,151.88,151.92,150.95,151.18
2025-06-29 20:00:00,151.19,151.41,150.83,150.84
2025-06-29 21:00:00,150.85,152,150.35,151.66
2025-06-29 22:00:00,151.67,154.77,151.6,152.92
2025-06-29 23:00:00,152.91,153.76,152.52,153.32
2025-06-30 00:00:00,153.32,154.08,152.47,152.59
2025-06-30 01:00:00,152.59,152.6,151.6,152.03
2025-06-30 02:00:00,152.04,152.64,151.93,152.01
2025-06-30 03:00:00,152.01,152.18,151.26,151.77
2025-06-30 04:00:00,151.77,152.02,150.96,151.1
2025-06-30 05:00:00,151.1,151.44,150.52,151.33
2025-06-30 06:00:00,151.32,151.39,150,150.45
2025-06-30 07:00:00,150.45,150.78,149.7,150.64
2025-06-30 08:00:00,150.63,150.84,149.45,149.84
2025-06-30 09:00:00,149.85,150.48,149.64,149.89
2025-06-30 10:00:00,149.9,150.41,149.89,150.31
2025-06-30 11:00:00,150.31,151.07,150.08,150.38
2025-06-30 12:00:00,150.38,150.7,149.67,149.92
2025-06-30 13:00:00,149.91,151.76,149.82,150.9
2025-06-30 14:00:00,150.9,152.35,149.95,151.34
2025-06-30 15:00:00,151.34,159.99,150.85,157.83
2025-06-30 16:00:00,157.83,158.46,156.29,157.02
2025-06-30 17:00:00,157.03,157.45,156.48,156.74
2025-06-30 18:00:00,156.75,157.67,155.32,155.77
2025-06-30 19:00:00,155.76,157.97,155.64,157.77
2025-06-30 20:00:00,157.77,157.8,156.08,156.58
2025-06-30 21:00:00,156.59,156.86,155.39,155.55
2025-06-30 22:00:00,155.55,156.01,155.01,155.17
2025-06-30 23:00:00,155.17,155.8,154.5,154.81
2025-07-01 00:00:00,154.82,155.64,153.39,154.76
2025-07-01 01:00:00,154.76,155.22,154.3,154.39
2025-07-01 02:00:00,154.39,154.39,153.17,153.34
2025-07-01 03:00:00,153.34,153.98,153.18,153.94
2025-07-01 04:00:00,153.93,153.93,152.46,152.5
2025-07-01 05:00:00,152.51,152.79,151,151.48
2025-07-01 06:00:00,151.48,151.5,150.96,151.27
2025-07-01 07:00:00,151.27,151.5,148.82,150.07
2025-07-01 08:00:00,150.06,150.07,149.01,149.06
2025-07-01 09:00:00,149.05,149.4,148.4,149.23
2025-07-01 10:00:00,149.23,149.35,148.57,148.96
2025-07-01 11:00:00,148.95,149.2,148.14,148.84
2025-07-01 12:00:00,148.85,149.06,147.91,148.35
2025-07-01 13:00:00,148.34,148.54,146.89,148.34
2025-07-01 14:00:00,148.34,149.29,146.24,147.23
2025-07-01 15:00:00,147.22,147.85,146.8,147.22
2025-07-01 16:00:00,147.22,148.36,147.06,148.33
2025-07-01 17:00:00,148.33,148.45,147.6,147.92
2025-07-01 18:00:00,147.92,147.93,145.5,146.01
2025-07-01 19:00:00,146,146.7,145.33,145.46
2025-07-01 20:00:00,145.46,146.68,144.85,146.45
2025-07-01 21:00:00,146.44,147,146.02,146.51
2025-07-01 22:00:00,146.51,147.02,146.22,146.72
2025-07-01 23:00:00,146.73,146.96,146.3,146.88
2025-07-02 00:00:00,146.87,147.53,146.61,146.76
2025-07-02 01:00:00,146.76,147.92,145.85,147.84
2025-07-02 02:00:00,147.85,148.47,147.29,148.42
2025-07-02 03:00:00,148.42,149.25,148.27,148.87
2025-07-02 04:00:00,148.86,149.26,148.32,149.14
2025-07-02 05:00:00,149.13,149.17,148.52,149.04
2025-07-02 06:00:00,149.04,149.78,148.71,149.67
2025-07-02 07:00:00,149.68,149.92,148.87,149.09
2025-07-02 08:00:00,149.1,149.99,149.08,149.19
2025-07-02 09:00:00,149.19,149.59,148.59,148.64
2025-07-02 10:00:00,148.65,149.5,148.44,149.47
2025-07-02 11:00:00,149.46,149.67,148.39,148.62
2025-07-02 12:00:00,148.61,148.62,147.12,147.69
2025-07-02 13:00:00,147.69,149.94,147.62,149.26
2025-07-02 14:00:00,149.26,150.63,149.05,150.28
2025-07-02 15:00:00,150.28,151.58,150,151.31
2025-07-02 16:00:00,151.31,153.64,151.05,153.13
2025-07-02 17:00:00,153.14,153.52,150.33,151.58
2025-07-02 18:00:00,151.57,152.32,151.33,152.32
2025-07-02 19:00:00,152.31,153.27,151.5,153.02
2025-07-02 20:00:00,153.02,153.98,152.46,152.8
2025-07-02 21:00:00,152.8,154.03,152.79,153.77
2025-07-02 22:00:00,153.78,154.47,153.37,153.53
2025-07-02 23:00:00,153.53,153.67,151.97,152.27
2025-07-03 00:00:00,152.28,153.28,151.95,153.08
2025-07-03 01:00:00,153.08,153.29,152.51,153.14
2025-07-03 02:00:00,153.14,153.16,151.77,152.79
2025-07-03 03:00:00,152.8,154.02,152.78,153.42
2025-07-03 04:00:00,153.41,154.04,153.22,153.83
2025-07-03 05:00:00,153.83,155.93,153.78,155.7
2025-07-03 06:00:00,155.7,155.95,155.14,155.45
2025-07-03 07:00:00,155.45,155.81,154.84,155.61
2025-07-03 08:00:00,155.61,155.92,155.17,155.22
2025-07-03 09:00:00,155.21,156.35,155.17,155.68
2025-07-03 10:00:00,155.68,155.8,154.42,154.85
2025-07-03 11:00:00,154.86,155.01,154.13,154.53
2025-07-03 12:00:00,154.53,155.26,151.92,153.13
2025-07-03 13:00:00,153.12,154.99,152.53,154.55
2025-07-03 14:00:00,154.56,154.91,151.95,152.27
2025-07-03 15:00:00,152.26,152.7,149.86,150.18
2025-07-03 16:00:00,150.18,151.17,149.91,150.66
2025-07-03 17:00:00,150.67,151.67,150.63,151.52
2025-07-03 18:00:00,151.53,151.88,150.66,151.74
2025-07-03 19:00:00,151.74,152.04,151.44,151.81
2025-07-03 20:00:00,151.81,152.82,151.81,152.82
2025-07-03 21:00:00,152.82,153.18,152.53,153.05
2025-07-03 22:00:00,153.04,153.26,152.59,152.96
2025-07-03 23:00:00,152.96,153.07,152.12,152.36
2025-07-04 00:00:00,152.35,152.84,152.05,152.42
2025-07-04 01:00:00,152.43,153.16,152.31,152.45
2025-07-04 02:00:00,152.46,152.6,150.9,151.28
2025-07-04 03:00:00,151.28,151.96,150.92,151.69
2025-07-04 04:00:00,151.7,152.56,151.53,151.56
2025-07-04 05:00:00,151.57,153.88,151.53,153.25
2025-07-04 06:00:00,153.25,153.28,151.74,152.44
2025-07-04 07:00:00,152.44,152.89,150.27,150.48
2025-07-04 08:00:00,150.48,150.49,149.02,150.01
2025-07-04 09:00:00,150,150.98,149.88,150.88
2025-07-04 10:00:00,150.87,150.97,149.93,150.09
2025-07-04 11:00:00,150.08,150.78,150.05,150.21
2025-07-04 12:00:00,150.22,150.73,149.85,150.53
2025-07-04 13:00:00,150.53,151.25,148.38,148.54
2025-07-04 14:00:00,148.53,148.88,147.51,148.11
2025-07-04 15:00:00,148.1,148.27,146.29,146.57
2025-07-04 16:00:00,146.56,147,145.22,145.89
2025-07-04 17:00:00,145.89,146.99,145.62,146.65
2025-07-04 18:00:00,146.65,146.75,145.85,146.38
2025-07-04 19:00:00,146.37,146.82,146.08,146.72
2025-07-04 20:00:00,146.73,147.23,146.55,146.86
2025-07-04 21:00:00,146.86,147.36,146.37,147.23
2025-07-04 22:00:00,147.23,148.37,146.97,148.28
2025-07-04 23:00:00,148.28,148.29,147.3,147.7
2025-07-05 00:00:00,147.69,148.56,147.56,148.32
2025-07-05 01:00:00,148.31,148.34,147.75,148.21
2025-07-05 02:00:00,148.21,148.23,147.2,148.04
2025-07-05 03:00:00,148.05,148.44,147.65,147.75
2025-07-05 04:00:00,147.76,148.07,147.26,147.27
2025-07-05 05:00:00,147.27,147.43,146.72,147.36
2025-07-05 06:00:00,147.36,148.35,147.06,148.19
2025-07-05 07:00:00,148.18,148.52,147.7,147.86
2025-07-05 08:00:00,147.85,147.9,147.04,147.35
2025-07-05 09:00:00,147.35,148.01,146.81,147.92
2025-07-05 10:00:00,147.92,148.2,147.73,147.94
2025-07-05 11:00:00,147.94,148.55,147.94,148.18
2025-07-05 12:00:00,148.19,148.31,147.7,148.26
2025-07-05 13:00:00,148.26,148.7,147.84,147.98
2025-07-05 14:00:00,147.98,148.16,147.64,148.08
2025-07-05 15:00:00,148.07,148.22,147.05,147.12
2025-07-05 16:00:00,147.11,147.26,145.9,146.68
2025-07-05 17:00:00,146.68,147.24,146.42,146.88
2025-07-05 18:00:00,146.89,146.9,145.97,146.4
2025-07-05 19:00:00,146.4,146.99,146.12,146.89
2025-07-05 20:00:00,146.89,147.22,146.47,147.2
2025-07-05 21:00:00,147.2,147.5,146.9,147.41
2025-07-05 22:00:00,147.4,147.89,147.1,147.84
2025-07-05 23:00:00,147.84,148.02,147.52,147.55
2025-07-06 00:00:00,147.55,147.64,147.17,147.62
2025-07-06 01:00:00,147.62,147.65,146.93,147.23
2025-07-06 02:00:00,147.23,147.58,146.96,146.97
2025-07-06 03:00:00,146.96,147.38,146.85,147.35
2025-07-06 04:00:00,147.35,147.79,147.2,147.3
2025-07-06 05:00:00,147.3,147.42,147.08,147.21
2025-07-06 06:00:00,147.21,148.34,147.15,148.07
2025-07-06 07:00:00,148.06,148.5,147.88,147.9
2025-07-06 08:00:00,147.89,148.04,147.24,147.55
2025-07-06 09:00:00,147.54,147.71,146.82,146.85
2025-07-06 10:00:00,146.85,147.65,146.78,147.34
2025-07-06 11:00:00,147.33,148.03,147.12,147.98
2025-07-06 12:00:00,147.99,149.02,147.86,149.01
2025-07-06 13:00:00,149.02,152.09,148.47,151.36
2025-07-06 14:00:00,151.37,152.05,150.62,151.59
2025-07-06 15:00:00,151.59,151.9,150.82,151.53
2025-07-06 16:00:00,151.53,153.2,151.23,153.12
2025-07-06 17:00:00,153.11,153.18,152.27,152.47
2025-07-06 18:00:00,152.48,152.56,150.98,151.39
2025-07-06 19:00:00,151.39,151.75,150.68,151.27
2025-07-06 20:00:00,151.28,151.95,151.23,151.44
2025-07-06 21:00:00,151.45,153.89,151.45,152.23
2025-07-06 22:00:00,152.24,153.46,152.24,152.47
2025-07-06 23:00:00,152.48,152.54,151.4,151.86
2025-07-07 00:00:00,151.86,151.97,150.82,151.13
2025-07-07 01:00:00,151.12,151.38,150.24,151.23
2025-07-07 02:00:00,151.23,152.76,151.22,152.03
2025-07-07 03:00:00,152.04,152.9,151.78,151.86
2025-07-07 04:00:00,151.86,152.16,151.75,151.77
2025-07-07 05:00:00,151.77,152.14,151.55,151.93
2025-07-07 06:00:00,151.93,152,151.02,151.21
2025-07-07 07:00:00,151.21,152.45,150.89,152.38
2025-07-07 08:00:00,152.37,152.96,152.24,152.67
2025-07-07 09:00:00,152.66,152.66,152.05,152.17
2025-07-07 10:00:00,152.17,152.5,151.65,152.26
2025-07-07 11:00:00,152.27,153.6,152.15,152.78
2025-07-07 12:00:00,152.79,152.86,151.42,151.69
2025-07-07 13:00:00,151.69,153.43,151.2,153.07
2025-07-07 14:00:00,153.07,153.34,151.59,151.68
2025-07-07 15:00:00,151.68,152.38,151.02,151.07
2025-07-07 16:00:00,151.07,151.59,149.69,150.35
2025-07-07 17:00:00,150.36,150.85,149.63,149.99
2025-07-07 18:00:00,149.98,150.33,149.04,150.13
2025-07-07 19:00:00,150.12,151.07,148.63,148.97
2025-07-07 20:00:00,148.96,148.96,147.77,148.36
2025-07-07 21:00:00,148.36,148.82,147.76,148.6
2025-07-07 22:00:00,148.59,148.62,147.7,148.47
2025-07-07 23:00:00,148.47,148.9,148.44,148.88
2025-07-08 00:00:00,148.89,150.1,148.74,149.17
2025-07-08 01:00:00,149.16,149.32,148.62,148.74
2025-07-08 02:00:00,148.74,149.3,147.85,147.99
2025-07-08 03:00:00,147.98,148.98,147.94,148.64
2025-07-08 04:00:00,148.64,149.07,148.2,149.02
2025-07-08 05:00:00,149.02,149.38,148.58,149.25
2025-07-08 06:00:00,149.24,149.61,149.02,149.27
2025-07-08 07:00:00,149.26,149.75,148.86,149.66
2025-07-08 08:00:00,149.65,150.28,149.54,149.91
2025-07-08 09:00:00,149.9,150.58,149.7,150.21
2025-07-08 10:00:00,150.22,151.3,150.21,151.13
2025-07-08 11:00:00,151.13,151.67,150.98,151.31
2025-07-08 12:00:00,151.31,152.48,151.25,152.41
2025-07-08 13:00:00,152.41,152.88,151.51,152.03
2025-07-08 14:00:00,152.02,152.08,150.52,150.83
2025-07-08 15:00:00,150.82,151.15,149.77,149.83
2025-07-08 16:00:00,149.84,150.55,149.03,150.51
2025-07-08 17:00:00,150.51,152.25,150.44,152.06
2025-07-08 18:00:00,152.06,152.83,151.72,152.81
2025-07-08 19:00:00,152.81,152.81,151.32,151.63
2025-07-08 20:00:00,151.63,151.68,150,150.01
2025-07-08 21:00:00,150.01,150.91,150,150.81
2025-07-08 22:00:00,150.81,151.55,150.52,151.55
2025-07-08 23:00:00,151.55,151.94,151.29,151.67
2025-07-09 00:00:00,151.68,151.75,151.06,151.7
2025-07-09 01:00:00,151.71,152.34,151.11,151.47
2025-07-09 02:00:00,151.48,152.2,151.36,151.8
2025-07-09 03:00:00,151.8,152.2,151.21,151.29
2025-07-09 04:00:00,151.29,151.46,150.53,151.17
2025-07-09 05:00:00,151.16,153.88,151.14,153.15
2025-07-09 06:00:00,153.15,153.46,152.38,152.92
2025-07-09 07:00:00,152.92,153.25,152.61,153.01
2025-07-09 08:00:00,153.01,153.14,152.34,152.47
2025-07-09 09:00:00,152.48,152.96,152.33,152.87
2025-07-09 10:00:00,152.86,153.24,152.57,153.16
2025-07-09 11:00:00,153.16,154.43,153.05,153.73
2025-07-09 12:00:00,153.74,154.63,153.33,154.06
2025-07-09 13:00:00,154.06,154.88,153.61,153.77
2025-07-09 14:00:00,153.76,155.53,152.87,153.74
2025-07-09 15:00:00,153.74,154.55,153.37,153.97
2025-07-09 16:00:00,153.98,155.02,153.66,154.87
2025-07-09 17:00:00,154.87,154.92,153.23,153.64
2025-07-09 18:00:00,153.65,155.28,153.56,154.66
2025-07-09 19:00:00,154.65,157.86,154.58,157.27
2025-07-09 20:00:00,157.26,157.52,155.46,156.04
2025-07-09 21:00:00,156.03,157.59,156,156.75
2025-07-09 22:00:00,156.74,157.93,156.74,157.66
2025-07-09 23:00:00,157.66,157.93,157,157.05
2025-07-10 00:00:00,157.06,157.52,155.93,155.94
2025-07-10 01:00:00,155.94,157.87,155.93,157.61
2025-07-10 02:00:00,157.62,159.34,157.61,158.31
2025-07-10 03:00:00,158.3,158.37,157.22,157.35
2025-07-10 04:00:00,157.35,157.71,156.88,157.67
2025-07-10 05:00:00,157.68,157.79,156.95,157.25
2025-07-10 06:00:00,157.25,157.49,156.67,157.44
2025-07-10 07:00:00,157.43,158.63,157.37,157.89
2025-07-10 08:00:00,157.9,159.17,157.82,158.89
2025-07-10 09:00:00,158.9,159.07,157.95,158.06
2025-07-10 10:00:00,158.07,158.13,157.43,157.93
2025-07-10 11:00:00,157.93,157.93,157.16,157.65
2025-07-10 12:00:00,157.66,157.66,157.03,157.47
2025-07-10 13:00:00,157.46,158.37,156.72,157.05
2025-07-10 14:00:00,157.05,157.7,156.22,156.85
2025-07-10 15:00:00,156.84,157.05,155.64,156.43
2025-07-10 16:00:00,156.44,158.75,156.16,158.39
2025-07-10 17:00:00,158.39,161.18,157.96,160.9
2025-07-10 18:00:00,160.9,161.01,158.33,159.07
2025-07-10 19:00:00,159.06,159.67,158.67,159.34
2025-07-10 20:00:00,159.34,160.51,159.23,160.4
2025-07-10 21:00:00,160.39,164.33,160.28,163.83
2025-07-10 22:00:00,163.84,165.43,163.33,164.7
2025-07-10 23:00:00,164.69,165.23,163.28,164.34
2025-07-11 00:00:00,164.33,164.4,161.94,163.05
2025-07-11 01:00:00,163.05,164.81,162.96,164.49
2025-07-11 02:00:00,164.5,165.21,164.07,165
2025-07-11 03:00:00,164.99,165.4,164.01,165.22
2025-07-11 04:00:00,165.22,165.23,164.04,165
2025-07-11 05:00:00,165.01,166.8,164.94,165.28
2025-07-11 06:00:00,165.29,166,163.41,163.64
2025-07-11 07:00:00,163.64,164.3,163.14,163.27
2025-07-11 08:00:00,163.28,164.06,163.28,163.87
2025-07-11 09:00:00,163.88,165.38,163.66,164.81
2025-07-11 10:00:00,164.81,165.21,164.18,164.79
2025-07-11 11:00:00,164.8,165.08,163.58,163.87
2025-07-11 12:00:00,163.88,165.25,163.34,165.25
2025-07-11 13:00:00,165.24,166.94,164.3,166.4
2025-07-11 14:00:00,166.41,168.2,165.25,166.64
2025-07-11 15:00:00,166.63,166.86,161.78,162.34
2025-07-11 16:00:00,162.34,163.24,161.27,163.22
2025-07-11 17:00:00,163.22,164.48,163,164.47
2025-07-11 18:00:00,164.47,165.03,163.6,164.39
2025-07-11 19:00:00,164.4,164.63,163.3,164.58
2025-07-11 20:00:00,164.58,164.83,162.62,162.7
2025-07-11 21:00:00,162.7,163.12,161.37,162.13
2025-07-11 22:00:00,162.14,162.63,159.54,161.68
2025-07-11 23:00:00,161.68,163.01,161.61,162.93
2025-07-12 00:00:00,162.92,163.37,161.78,163.01
2025-07-12 01:00:00,163,163.79,163,163.44
2025-07-12 02:00:00,163.45,163.9,162.85,162.97
2025-07-12 03:00:00,162.96,163.64,162.84,163.45
2025-07-12 04:00:00,163.46,163.64,162.21,162.51
2025-07-12 05:00:00,162.52,163.19,162.03,163.02
2025-07-12 06:00:00,163.01,163.62,162.46,163.47
2025-07-12 07:00:00,163.47,163.84,162.75,163.22
2025-07-12 08:00:00,163.21,163.43,162.16,162.65
2025-07-12 09:00:00,162.65,162.99,162.28,162.66
2025-07-12 10:00:00,162.65,163.15,162.3,163.01
2025-07-12 11:00:00,163.01,163.02,161.41,161.62
2025-07-12 12:00:00,161.62,161.81,158.76,159.8
2025-07-12 13:00:00,159.79,159.79,158.33,159.71
2025-07-12 14:00:00,159.72,160.49,158.86,159.13
2025-07-12 15:00:00,159.12,159.59,157.74,158.14
2025-07-12 16:00:00,158.14,159.45,157.93,158.72
2025-07-12 17:00:00,158.72,160.62,158.67,160.45
2025-07-12 18:00:00,160.45,160.7,159.8,160.29
2025-07-12 19:00:00,160.28,160.75,160.22,160.71
2025-07-12 20:00:00,160.71,160.78,159,159
2025-07-12 21:00:00,159,160.6,158.94,160.59
2025-07-12 22:00:00,160.6,160.66,159.62,160.44
2025-07-12 23:00:00,160.43,160.94,159.86,160.69
2025-07-13 00:00:00,160.7,161.75,160.2,160.89
2025-07-13 01:00:00,160.89,161.75,160.75,161.5
2025-07-13 02:00:00,161.51,161.78,160.63,161.4
2025-07-13 03:00:00,161.4,161.49,160.84,161.21
2025-07-13 04:00:00,161.21,162.13,161.04,161.96
2025-07-13 05:00:00,161.96,162.24,161.3,161.35
2025-07-13 06:00:00,161.35,162.17,161.26,161.58
2025-07-13 07:00:00,161.59,162.98,161.44,162.67
2025-07-13 08:00:00,162.67,162.74,161.66,162.22
2025-07-13 09:00:00,162.22,162.49,161.57,161.89
2025-07-13 10:00:00,161.89,162.09,161.58,161.82
2025-07-13 11:00:00,161.82,162.72,161.71,162.06
2025-07-13 12:00:00,162.06,162.91,161.79,162.66
2025-07-13 13:00:00,162.67,162.99,161.94,162.91
2025-07-13 14:00:00,162.92,164.19,162.36,162.8
2025-07-13 15:00:00,162.81,163.49,161.87,162.04
2025-07-13 16:00:00,162.04,162.44,160.87,160.93
2025-07-13 17:00:00,160.93,162.79,160.53,162.67
2025-07-13 18:00:00,162.68,163.29,162.38,163.08
2025-07-13 19:00:00,163.08,163.55,162.52,162.54
2025-07-13 20:00:00,162.53,163.06,161.97,162.57
2025-07-13 21:00:00,162.56,162.56,160.14,160.56
2025-07-13 22:00:00,160.55,161.08,159.63,160.8
2025-07-13 23:00:00,160.79,161.46,160.3,161.15
2025-07-14 00:00:00,161.15,162.3,160.61,161.63
2025-07-14 01:00:00,161.64,162.86,161.5,162.8
2025-07-14 02:00:00,162.8,165.48,162.61,164.91
2025-07-14 03:00:00,164.9,168.2,164.7,167.11
2025-07-14 04:00:00,167.11,167.93,166.78,167.52
2025-07-14 05:00:00,167.53,168.65,165.47,166.79
2025-07-14 06:00:00,166.8,166.83,165.37,165.71
2025-07-14 07:00:00,165.71,168.37,165.68,167.25
2025-07-14 08:00:00,167.26,167.52,166.04,167.46
2025-07-14 09:00:00,167.46,168.15,167.06,167.38
2025-07-14 10:00:00,167.39,167.66,166.47,167.58
2025-07-14 11:00:00,167.59,167.67,166.31,166.53
2025-07-14 12:00:00,166.53,167.39,166.4,166.93
2025-07-14 13:00:00,166.92,168.52,166.17,167.93
2025-07-14 14:00:00,167.94,168.6,165.43,166.71
2025-07-14 15:00:00,166.7,166.71,163.04,163.96
2025-07-14 16:00:00,163.96,165.35,163.29,165.26
2025-07-14 17:00:00,165.26,165.26,163.49,164.35
2025-07-14 18:00:00,164.35,164.5,162.62,162.72
2025-07-14 19:00:00,162.72,164.36,162.42,164.3
2025-07-14 20:00:00,164.31,164.31,161.98,162.96
2025-07-14 21:00:00,162.96,162.96,162.17,162.51
2025-07-14 22:00:00,162.52,162.75,161.76,162.3
2025-07-14 23:00:00,162.3,162.42,161.67,162.21
2025-07-15 00:00:00,162.21,162.89,161.06,161.4
2025-07-15 01:00:00,161.4,162.37,160.34,161.11
2025-07-15 02:00:00,161.11,161.53,159.11,160.58
2025-07-15 03:00:00,160.57,160.68,158.17,159.15
2025-07-15 04:00:00,159.14,160.24,158.26,160.11
2025-07-15 05:00:00,160.11,160.55,159.82,160.26
2025-07-15 06:00:00,160.25,160.87,160.02,160.4
2025-07-15 07:00:00,160.41,160.72,159.37,159.54
2025-07-15 08:00:00,159.54,159.63,158.39,159.23
2025-07-15 09:00:00,159.23,159.93,159.01,159.09
2025-07-15 10:00:00,159.08,159.84,159.05,159.55
2025-07-15 11:00:00,159.54,160.14,158.93,159.86
2025-07-15 12:00:00,159.87,161.05,158.34,159.92
2025-07-15 13:00:00,159.92,162.04,159.74,161.24
2025-07-15 14:00:00,161.24,162.17,157.23,157.77
2025-07-15 15:00:00,157.78,160.96,157.31,160.47
2025-07-15 16:00:00,160.46,161.6,160.28,160.97
2025-07-15 17:00:00,160.97,162.85,160.86,162.81
2025-07-15 18:00:00,162.81,163.7,160.81,161.88
2025-07-15 19:00:00,161.88,162.9,159.98,160.22
2025-07-15 20:00:00,160.22,161.28,159.71,160.69
2025-07-15 21:00:00,160.68,162.64,160.56,161.92
2025-07-15 22:00:00,161.92,162.54,161.37,162.54
2025-07-15 23:00:00,162.53,164.26,162.53,163.98
2025-07-16 00:00:00,163.98,165.26,163.54,164.75
2025-07-16 01:00:00,164.75,164.79,163.77,163.91
2025-07-16 02:00:00,163.91,164.1,161.51,162.08
2025-07-16 03:00:00,162.08,162.74,161.87,162.5
2025-07-16 04:00:00,162.51,162.87,161.79,162.49
2025-07-16 05:00:00,162.5,163.56,162.5,163.18
2025-07-16 06:00:00,163.18,164.12,162.6,164.12
2025-07-16 07:00:00,164.11,164.64,163.62,164.05
2025-07-16 08:00:00,164.05,165.61,163.81,165.52
2025-07-16 09:00:00,165.51,167.58,165.5,167.28
2025-07-16 10:00:00,167.28,167.46,165.98,166.02
2025-07-16 11:00:00,166.01,166.81,166,166.66
2025-07-16 12:00:00,166.66,167.49,166.52,166.62
2025-07-16 13:00:00,166.61,167.3,166.18,167.27
2025-07-16 14:00:00,167.28,167.96,166.62,167.57
2025-07-16 15:00:00,167.57,168.84,165.4,168.45
2025-07-16 16:00:00,168.45,173.29,168.4,172.56
2025-07-16 17:00:00,172.55,174.59,172,173.64
2025-07-16 18:00:00,173.64,174.7,172.97,173.37
2025-07-16 19:00:00,173.38,174.5,172.56,174.16
2025-07-16 20:00:00,174.15,175.1,173.76,174.67
2025-07-16 21:00:00,174.68,176,173.94,174.46
2025-07-16 22:00:00,174.46,175.86,173.43,173.8
2025-07-16 23:00:00,173.8,173.95,172.37,173.63
2025-07-17 00:00:00,173.62,174.85,172.98,172.99
2025-07-17 01:00:00,172.98,173.34,169.57,171.48
2025-07-17 02:00:00,171.48,172.07,170.21,171.33
2025-07-17 03:00:00,171.32,171.44,168.71,169.54
2025-07-17 04:00:00,169.53,171.35,169.24,171.32
2025-07-17 05:00:00,171.33,172.12,170.45,172.01
2025-07-17 06:00:00,172,174.1,171.33,173.87
2025-07-17 07:00:00,173.87,174.17,171.74,174.02
2025-07-17 08:00:00,174.02,174.11,172.67,173.69
2025-07-17 09:00:00,173.69,178.19,173.47,177.18
2025-07-17 10:00:00,177.19,177.8,175.72,176.34
2025-07-17 11:00:00,176.34,176.79,175.22,176.17
2025-07-17 12:00:00,176.16,177.54,174.63,176.77
2025-07-17 13:00:00,176.76,176.98,172.78,174.35
2025-07-17 14:00:00,174.35,175.31,173.48,174.86
2025-07-17 15:00:00,174.87,175.2,172.82,174.13
2025-07-17 16:00:00,174.12,174.43,171.21,172.85
2025-07-17 17:00:00,172.85,174.38,172.26,174.22
2025-07-17 18:00:00,174.22,174.81,173.55,174.78
2025-07-17 19:00:00,174.78,175.42,172.79,173.05
2025-07-17 20:00:00,173.05,173.69,171.34,173.5
2025-07-17 21:00:00,173.5,176.53,173.47,175.5
2025-07-17 22:00:00,175.49,177.4,174.9,175.49
2025-07-17 23:00:00,175.48,176.89,175.23,175.87
2025-07-18 00:00:00,175.88,179.89,175.29,179.81
2025-07-18 01:00:00,179.8,181.15,178.92,180.6
2025-07-18 02:00:00,180.6,180.64,178.86,179.65
2025-07-18 03:00:00,179.65,181,179.56,180.8
2025-07-18 04:00:00,180.79,181.94,179.86,181.86
2025-07-18 05:00:00,181.86,184.67,181.21,183.62
2025-07-18 06:00:00,183.62,183.9,182.26,183.51
2025-07-18 07:00:00,183.5,184.2,180.86,180.94
2025-07-18 08:00:00,180.93,181.97,178.57,179.39
2025-07-18 09:00:00,179.39,180.04,178.74,179.96
2025-07-18 10:00:00,179.96,179.96,177.97,179.4
2025-07-18 11:00:00,179.39,179.5,177.1,178.46
2025-07-18 12:00:00,178.45,180.17,178.3,180.14
2025-07-18 13:00:00,180.15,182.02,179.14,180.76
2025-07-18 14:00:00,180.75,181.51,176.61,178.51
2025-07-18 15:00:00,178.5,178.77,174.86,177.02
2025-07-18 16:00:00,177.02,179.08,176.16,178.38
2025-07-18 17:00:00,178.39,179.11,177.69,178.49
2025-07-18 18:00:00,178.5,178.79,177.55,177.93
2025-07-18 19:00:00,177.92,178.53,176.15,176.99
2025-07-18 20:00:00,176.98,177.13,173.24,175.33
2025-07-18 21:00:00,175.32,177.03,175.23,175.97
2025-07-18 22:00:00,175.96,176.96,174.86,175.9
2025-07-18 23:00:00,175.9,177.62,175.14,177.28
2025-07-19 00:00:00,177.28,177.43,175.1,175.18
2025-07-19 01:00:00,175.18,176.78,174,176.61
2025-07-19 02:00:00,176.62,177.26,175.7,177.14
2025-07-19 03:00:00,177.14,177.69,176.9,177.45
2025-07-19 04:00:00,177.45,177.74,177.02,177.31
2025-07-19 05:00:00,177.31,177.77,176.8,177.55
2025-07-19 06:00:00,177.54,177.64,176.1,176.27
2025-07-19 07:00:00,176.26,177.32,176.15,176.99
2025-07-19 08:00:00,176.99,177.15,175.41,176.04
2025-07-19 09:00:00,176.04,177,175.83,176.69
2025-07-19 10:00:00,176.7,177.64,176.46,177.39
2025-07-19 11:00:00,177.38,177.81,176.19,176.59
2025-07-19 12:00:00,176.6,177.4,175.7,177.34
2025-07-19 13:00:00,177.33,177.84,176.93,177.47
2025-07-19 14:00:00,177.47,177.88,174.8,175.01
2025-07-19 15:00:00,175,177.46,174.87,177.4
2025-07-19 16:00:00,177.41,177.87,176.49,177.54
2025-07-19 17:00:00,177.55,177.82,176.12,176.32
2025-07-19 18:00:00,176.32,177.52,176.19,176.82
2025-07-19 19:00:00,176.83,178.19,176.21,177.04
2025-07-19 20:00:00,177.04,178.61,176.97,177.43
2025-07-19 21:00:00,177.42,177.8,174.91,175.89
2025-07-19 22:00:00,175.89,176.57,175.27,176.41
2025-07-19 23:00:00,176.41,177.08,176.2,176.96
2025-07-20 00:00:00,176.97,177.94,176.33,177.66
2025-07-20 01:00:00,177.66,179.75,177.62,177.87
2025-07-20 02:00:00,177.88,177.94,176.97,177.54
2025-07-20 03:00:00,177.55,178.77,177.15,177.98
2025-07-20 04:00:00,177.97,178.56,177.47,177.58
2025-07-20 05:00:00,177.59,178,177.1,177.8
2025-07-20 06:00:00,177.8,177.81,176.94,177.33
2025-07-20 07:00:00,177.34,178.67,177.22,177.94
2025-07-20 08:00:00,177.95,180.71,177.95,180.7
2025-07-20 09:00:00,180.7,181.51,179.64,179.77
2025-07-20 10:00:00,179.77,180.46,179.44,179.59
2025-07-20 11:00:00,179.6,181,179.33,180.44
2025-07-20 12:00:00,180.44,181.96,179.96,181.79
2025-07-20 13:00:00,181.78,183.17,181.59,183.02
2025-07-20 14:00:00,183.02,183.08,180.76,180.87
2025-07-20 15:00:00,180.87,182.03,179.98,181.96
2025-07-20 16:00:00,181.97,183.25,181.66,182.1
2025-07-20 17:00:00,182.1,182.1,180.28,180.58
2025-07-20 18:00:00,180.58,182.6,180.25,182.25
2025-07-20 19:00:00,182.25,183.66,181.67,181.99
2025-07-20 20:00:00,182,182.26,180.5,181.24
2025-07-20 21:00:00,181.25,182.34,180.68,182.32
2025-07-20 22:00:00,182.31,182.39,177.8,180.5
2025-07-20 23:00:00,180.51,181.66,179.4,181.43
2025-07-21 00:00:00,181.44,181.75,178.4,180.23
2025-07-21 01:00:00,180.23,180.54,178.25,180.09
2025-07-21 02:00:00,180.09,184.61,180.08,184.35
2025-07-21 03:00:00,184.34,187.04,183.92,186.71
2025-07-21 04:00:00,186.71,187.29,185.75,185.76
2025-07-21 05:00:00,185.76,188.97,185.06,188.3
2025-07-21 06:00:00,188.31,189.77,187.93,189.26
2025-07-21 07:00:00,189.26,191.08,189.17,190.07
2025-07-21 08:00:00,190.06,192,189.69,190.82
2025-07-21 09:00:00,190.82,191.76,190.03,191.59
2025-07-21 10:00:00,191.59,192,190.79,191.22
2025-07-21 11:00:00,191.22,192.99,190.68,191.4
2025-07-21 12:00:00,191.39,191.9,190.22,191.55
2025-07-21 13:00:00,191.55,193.42,190.27,192.44
2025-07-21 14:00:00,192.45,195.34,191.42,195.29
2025-07-21 15:00:00,195.3,199.28,195.12,196.79
2025-07-21 16:00:00,196.79,197.04,193.3,195.15
2025-07-21 17:00:00,195.15,196.68,194.47,196.12
2025-07-21 18:00:00,196.12,197.25,193.45,193.8
2025-07-21 19:00:00,193.79,195.54,193.01,194.63
2025-07-21 20:00:00,194.64,196.59,193.7,193.91
2025-07-21 21:00:00,193.9,196.63,193.64,196.14
2025-07-21 22:00:00,196.13,197.78,195.55,197.31
2025-07-21 23:00:00,197.31,197.49,195.56,195.72
2025-07-22 00:00:00,195.72,199.09,195.72,197.67
2025-07-22 01:00:00,197.66,202.47,193.75,202.09
2025-07-22 02:00:00,202.09,204.67,201.01,201.95
2025-07-22 03:00:00,201.95,203.06,197.44,200.09
2025-07-22 04:00:00,200.08,200.19,194.1,194.28
2025-07-22 05:00:00,194.27,199.14,194.27,196.58
2025-07-22 06:00:00,196.59,200.78,195.98,199.03
2025-07-22 07:00:00,199.03,201.32,197.41,198.1
2025-07-22 08:00:00,198.1,198.1,194.05,196.98
2025-07-22 09:00:00,196.97,199.15,194.42,197.26
2025-07-22 10:00:00,197.27,199.11,197.14,199.11
2025-07-22 11:00:00,199.1,200.15,197.63,199.91
2025-07-22 12:00:00,199.91,203.81,199.07,203.09
2025-07-22 13:00:00,203.09,204.13,198.19,199.06
2025-07-22 14:00:00,199.07,202.27,196.95,202.18
2025-07-22 15:00:00,202.18,204.99,201.21,201.83
2025-07-22 16:00:00,201.82,204.24,200.76,203.76
2025-07-22 17:00:00,203.76,203.89,200.78,202.86
2025-07-22 18:00:00,202.85,203.93,201.16,202.53
2025-07-22 19:00:00,202.52,202.69,198.39,198.92
2025-07-22 20:00:00,198.91,201.36,198.39,200.65
2025-07-22 21:00:00,200.64,202.17,199.83,201.44
2025-07-22 22:00:00,201.44,202.88,201.43,201.95
2025-07-22 23:00:00,201.95,206.3,201.93,205.7
2025-07-23 00:00:00,205.7,205.75,203.36,204.29
2025-07-23 01:00:00,204.3,204.52,202.64,203.05
2025-07-23 02:00:00,203.05,203.39,201.61,202.34
2025-07-23 03:00:00,202.34,202.75,200.99,201.39
2025-07-23 04:00:00,201.4,202.26,201,201.65
2025-07-23 05:00:00,201.65,202.01,200.83,201.58
2025-07-23 06:00:00,201.58,201.93,199.74,200.62
2025-07-23 07:00:00,200.61,201.14,198.88,199.46
2025-07-23 08:00:00,199.47,199.83,198.71,199.83
2025-07-23 09:00:00,199.83,200,197.51,197.66
2025-07-23 10:00:00,197.66,198.03,195.86,197.94
2025-07-23 11:00:00,197.94,198.2,196.92,197.42
2025-07-23 12:00:00,197.41,197.57,193.68,194.17
2025-07-23 13:00:00,194.16,194.89,187.61,189.18
2025-07-23 14:00:00,189.18,192.36,188.69,191.61
2025-07-23 15:00:00,191.6,192.79,189.65,192.72
2025-07-23 16:00:00,192.72,192.75,188.02,188.26
2025-07-23 17:00:00,188.26,189.29,186.01,188.7
2025-07-23 18:00:00,188.7,190.3,188.19,190.22
2025-07-23 19:00:00,190.21,190.26,188.03,188.08
2025-07-23 20:00:00,188.09,189.76,184.44,186.78
2025-07-23 21:00:00,186.78,188.25,183.97,187.94
2025-07-23 22:00:00,187.94,189.69,186.49,189.08
2025-07-23 23:00:00,189.07,190.04,188.87,189.4
2025-07-24 00:00:00,189.4,190.99,188.48,190.95
2025-07-24 01:00:00,190.95,191.57,189.25,191.54
2025-07-24 02:00:00,191.53,191.65,190.38,191.14
2025-07-24 03:00:00,191.14,191.87,189.62,189.85
2025-07-24 04:00:00,189.85,190.12,185.33,186.05
2025-07-24 05:00:00,186.04,186.2,181.29,181.87
2025-07-24 06:00:00,181.88,184.12,179.87,181.08
2025-07-24 07:00:00,181.08,184.33,179.21,184.21
2025-07-24 08:00:00,184.2,186.36,183.27,186.04
2025-07-24 09:00:00,186.03,186.46,184.44,185.21
2025-07-24 10:00:00,185.22,186.28,182.92,184.89
2025-07-24 11:00:00,184.9,186.92,184.89,186.4
2025-07-24 12:00:00,186.41,186.86,184.62,186.01
2025-07-24 13:00:00,186.01,187.41,184.27,184.57
2025-07-24 14:00:00,184.57,190.04,183.36,189.52
2025-07-24 15:00:00,189.52,191.76,187.55,188.53
2025-07-24 16:00:00,188.54,188.86,184.85,185.82
2025-07-24 17:00:00,185.82,189.6,185.7,188.78
2025-07-24 18:00:00,188.78,189.92,187.77,189.24
2025-07-24 19:00:00,189.25,190.04,187.87,187.99
2025-07-24 20:00:00,187.99,189.06,187.57,188.86
2025-07-24 21:00:00,188.85,188.89,185.58,185.58
2025-07-24 22:00:00,185.59,185.87,183.41,183.72
2025-07-24 23:00:00,183.72,183.72,182.01,182.87
2025-07-25 00:00:00,182.88,183.16,180.57,181.92
2025-07-25 01:00:00,181.93,183.54,180.75,182.95
2025-07-25 02:00:00,182.95,183.49,178.26,178.82
2025-07-25 03:00:00,178.82,179.78,175.63,177.71
2025-07-25 04:00:00,177.72,179.66,176.07,179.49
2025-07-25 05:00:00,179.49,179.78,177.95,178.71
2025-07-25 06:00:00,178.72,178.93,177.28,178.12
2025-07-25 07:00:00,178.12,178.87,175.91,177.51
2025-07-25 08:00:00,177.51,179.35,176.86,177.84
2025-07-25 09:00:00,177.85,180.91,177.4,180.81
2025-07-25 10:00:00,180.81,181.67,179.73,180.74
2025-07-25 11:00:00,180.73,182.08,180.73,181.12
2025-07-25 12:00:00,181.12,181.89,179.98,180.77
2025-07-25 13:00:00,180.78,181.46,179.55,181.15
2025-07-25 14:00:00,181.15,181.36,176.33,176.59
2025-07-25 15:00:00,176.59,178.61,176.24,178.2
2025-07-25 16:00:00,178.19,179.97,177.47,179.71
2025-07-25 17:00:00,179.7,181.07,179.37,180.69
2025-07-25 18:00:00,180.69,182.72,180.67,182.33
2025-07-25 19:00:00,182.33,182.84,181.76,182.17
2025-07-25 20:00:00,182.16,184.5,182.08,183.79
2025-07-25 21:00:00,183.79,185.3,183.79,185.06
2025-07-25 22:00:00,185.06,186.2,185,186.09
2025-07-25 23:00:00,186.09,186.85,185.59,186.76
2025-07-26 00:00:00,186.75,186.93,185.67,185.88
2025-07-26 01:00:00,185.88,186.09,184.48,184.48
2025-07-26 02:00:00,184.48,186.85,184.48,186.52
2025-07-26 03:00:00,186.52,186.65,185.66,185.97
2025-07-26 04:00:00,185.97,186.44,185.69,185.96
2025-07-26 05:00:00,185.97,187.14,185.63,186.71
2025-07-26 06:00:00,186.71,186.75,185.88,186.08
2025-07-26 07:00:00,186.08,186.86,186.06,186.43
2025-07-26 08:00:00,186.43,188,186.42,188
2025-07-26 09:00:00,188,189.18,187.48,188.98
2025-07-26 10:00:00,188.99,189.78,188.16,188.24
2025-07-26 11:00:00,188.24,188.55,187.29,187.74
2025-07-26 12:00:00,187.75,188.48,187.27,187.92
2025-07-26 13:00:00,187.92,188.21,187.27,187.55
2025-07-26 14:00:00,187.55,187.91,186.24,186.41
2025-07-26 15:00:00,186.41,187.7,186.05,187.52
2025-07-26 16:00:00,187.53,187.8,186.47,186.83
2025-07-26 17:00:00,186.83,186.9,185.36,185.63
2025-07-26 18:00:00,185.63,186.39,185.06,186
2025-07-26 19:00:00,185.99,186.64,185.82,186.45
2025-07-26 20:00:00,186.44,186.49,185.32,185.91
2025-07-26 21:00:00,185.9,186.46,185.41,186.36
2025-07-26 22:00:00,186.37,186.76,184.86,185.09
2025-07-26 23:00:00,185.08,185.09,184.29,184.88
2025-07-27 00:00:00,184.89,185.49,184.53,185.49
2025-07-27 01:00:00,185.48,186.58,185.13,186.31
2025-07-27 02:00:00,186.31,187.14,185.85,187.13
2025-07-27 03:00:00,187.13,187.59,186.26,187.19
2025-07-27 04:00:00,187.19,187.59,186.65,187.46
2025-07-27 05:00:00,187.46,188.33,187.29,187.84
2025-07-27 06:00:00,187.85,188.04,187.01,187.06
2025-07-27 07:00:00,187.05,187.86,186.62,187.22
2025-07-27 08:00:00,187.22,187.49,186.25,186.7
2025-07-27 09:00:00,186.7,187.33,186.18,186.37
2025-07-27 10:00:00,186.36,188.44,186.32,187.66
2025-07-27 11:00:00,187.66,188.57,186.8,187.01
2025-07-27 12:00:00,187.02,187.34,185.5,186.43
2025-07-27 13:00:00,186.42,186.78,185.51,185.77
2025-07-27 14:00:00,185.76,186.5,185.17,185.77
2025-07-27 15:00:00,185.77,186.5,184.9,186.47
2025-07-27 16:00:00,186.48,189.76,186.37,187.66
2025-07-27 17:00:00,187.67,188.36,185.95,188.08
2025-07-27 18:00:00,188.07,188.79,187.47,188.4
2025-07-27 19:00:00,188.39,188.59,186.89,186.92
2025-07-27 20:00:00,186.92,188.2,186.6,187.12
2025-07-27 21:00:00,187.13,187.96,186.44,187.95
2025-07-27 22:00:00,187.96,190.7,187.82,188.92
2025-07-27 23:00:00,188.93,189.1,187.15,188.64
2025-07-28 00:00:00,188.64,191.18,188.1,189.71
2025-07-28 01:00:00,189.71,190.16,187.66,188.31
2025-07-28 02:00:00,188.31,191.98,187.9,191.55
2025-07-28 03:00:00,191.56,193.82,191.26,193.35
2025-07-28 04:00:00,193.34,194.04,192.49,193.08
2025-07-28 05:00:00,193.08,195.26,192.7,194.39
2025-07-28 06:00:00,194.39,194.55,193.6,194.06
2025-07-28 07:00:00,194.07,194.13,191.64,192.37
2025-07-28 08:00:00,192.36,192.85,191.27,192.64
2025-07-28 09:00:00,192.64,193.36,191.88,193.16
2025-07-28 10:00:00,193.16,193.32,191.74,192.3
2025-07-28 11:00:00,192.29,192.34,190.63,192
2025-07-28 12:00:00,192,193.52,191.35,192.9
2025-07-28 13:00:00,192.9,192.97,189.28,190.2
2025-07-28 14:00:00,190.19,190.71,186.71,187.5
2025-07-28 15:00:00,187.5,189.08,186.55,187.18
2025-07-28 16:00:00,187.18,187.99,186.12,186.66
2025-07-28 17:00:00,186.66,187.44,185.35,185.89
2025-07-28 18:00:00,185.9,186.26,183.45,185.16
2025-07-28 19:00:00,185.16,186.46,183.63,185.26
2025-07-28 20:00:00,185.25,185.53,182.63,184.21
2025-07-28 21:00:00,184.21,185.2,183.37,184.28
2025-07-28 22:00:00,184.28,184.68,182.16,183.66
2025-07-28 23:00:00,183.66,184.09,182.24,183.11
2025-07-29 00:00:00,183.1,184.72,181.03,182.83
2025-07-29 01:00:00,182.83,184.07,181.66,181.75
2025-07-29 02:00:00,181.76,182.46,180.67,182.28
2025-07-29 03:00:00,182.29,184.71,182.24,184.33
2025-07-29 04:00:00,184.34,184.76,183.23,183.42
2025-07-29 05:00:00,183.42,184.87,183.21,184.87
2025-07-29 06:00:00,184.87,185.58,184.51,184.83
2025-07-29 07:00:00,184.83,186.68,184.83,186.05
2025-07-29 08:00:00,186.04,186.51,184.88,184.93
2025-07-29 09:00:00,184.93,185.22,184.23,184.61
2025-07-29 10:00:00,184.61,184.81,182.24,182.37
2025-07-29 11:00:00,182.37,183.52,182.34,182.93
2025-07-29 12:00:00,182.93,184.53,182.58,183.92
2025-07-29 13:00:00,183.91,184.99,182.17,182.68
2025-07-29 14:00:00,182.69,182.8,179.61,180.41
2025-07-29 15:00:00,180.41,181.47,179.23,180.81
2025-07-29 16:00:00,180.81,180.96,178.3,180.08
2025-07-29 17:00:00,180.08,181.7,179.82,181.47
2025-07-29 18:00:00,181.47,182.11,180.71,181.48
2025-07-29 19:00:00,181.48,182.37,180.4,181.11
2025-07-29 20:00:00,181.11,181.89,179.57,180.08
2025-07-29 21:00:00,180.08,181.63,179.3,181.24
2025-07-29 22:00:00,181.24,181.84,180.41,181.7
2025-07-29 23:00:00,181.69,182,180.91,181.48
2025-07-30 00:00:00,181.47,181.58,179.3,180.22
2025-07-30 01:00:00,180.21,181.9,178.81,181.38
2025-07-30 02:00:00,181.37,182.37,181.11,181.74
2025-07-30 03:00:00,181.75,182.27,181.28,181.69
2025-07-30 04:00:00,181.69,182.1,180.19,180.31
2025-07-30 05:00:00,180.31,181.25,179.34,181.03
2025-07-30 06:00:00,181.02,182.04,180.78,182.02
2025-07-30 07:00:00,182.01,182.56,180.36,180.83
2025-07-30 08:00:00,180.83,181.49,179.84,180.54
2025-07-30 09:00:00,180.55,180.92,178.67,179.12
2025-07-30 10:00:00,179.12,180.12,177.73,178.02
2025-07-30 11:00:00,178.01,178.71,176.42,177.3
2025-07-30 12:00:00,177.29,178.07,176.65,177.51
2025-07-30 13:00:00,177.52,178.27,176.68,177.96
2025-07-30 14:00:00,177.96,180.59,177.71,180.1
2025-07-30 15:00:00,180.1,180.38,178.25,179.18
2025-07-30 16:00:00,179.17,180,178.33,178.63
2025-07-30 17:00:00,178.64,179.34,178.22,179.32
2025-07-30 18:00:00,179.31,180.15,175.8,175.91
2025-07-30 19:00:00,175.9,176.47,170.29,176.12
2025-07-30 20:00:00,176.12,177.46,175.7,176.17
2025-07-30 21:00:00,176.16,176.65,174.76,175.87
2025-07-30 22:00:00,175.86,176.43,175.14,176.33
2025-07-30 23:00:00,176.33,178.09,176.24,177.77
2025-07-31 00:00:00,177.77,179.69,177.62,179.43
2025-07-31 01:00:00,179.44,180.07,178.87,179.47
2025-07-31 02:00:00,179.47,180.35,179.19,180.35
2025-07-31 03:00:00,180.34,180.55,179.98,180.31
2025-07-31 04:00:00,180.31,180.89,179.81,180.84
2025-07-31 05:00:00,180.84,181.23,180.6,180.78
2025-07-31 06:00:00,180.78,181.62,179.94,181.26
2025-07-31 07:00:00,181.27,181.39,180.88,181.24
2025-07-31 08:00:00,181.24,182.13,181.06,181.7
2025-07-31 09:00:00,181.7,182.7,181.59,182.52
2025-07-31 10:00:00,182.52,182.64,181.37,181.39
2025-07-31 11:00:00,181.4,181.57,180.24,180.74
2025-07-31 12:00:00,180.75,180.89,178.74,179.34
2025-07-31 13:00:00,179.34,179.37,176.7,177.68
2025-07-31 14:00:00,177.68,178.24,175.59,175.7
2025-07-31 15:00:00,175.7,177.47,175.25,177.35
2025-07-31 16:00:00,177.34,179.77,177.15,179.27
2025-07-31 17:00:00,179.27,179.31,176.84,177.29
2025-07-31 18:00:00,177.3,178.1,175.58,177.77
2025-07-31 19:00:00,177.77,178.2,174.75,175.32
2025-07-31 20:00:00,175.31,175.74,174.22,175.46
2025-07-31 21:00:00,175.46,175.68,172.72,173.82
2025-07-31 22:00:00,173.82,174.47,172.42,172.89
2025-07-31 23:00:00,172.89,173.75,171.44,172.22
2025-08-01 00:00:00,172.22,172.26,167.42,170.31
2025-08-01 01:00:00,170.3,170.89,167.95,169.54
2025-08-01 02:00:00,169.54,171.84,169.2,171.43
2025-08-01 03:00:00,171.43,172.19,170.95,171.14
2025-08-01 04:00:00,171.14,171.14,169.27,169.67
2025-08-01 05:00:00,169.67,170.3,168.21,169.12
2025-08-01 06:00:00,169.13,169.63,167.96,169.53
2025-08-01 07:00:00,169.53,169.94,168.23,169.4
2025-08-01 08:00:00,169.41,169.41,166.19,167.62
2025-08-01 09:00:00,167.61,168.97,167.2,167.34
2025-08-01 10:00:00,167.35,168.75,167.08,168.6
2025-08-01 11:00:00,168.59,169.23,167.8,169.2
2025-08-01 12:00:00,169.19,170.35,168.37,169.02
2025-08-01 13:00:00,169.02,169.8,164.84,165.67
2025-08-01 14:00:00,165.66,169.7,164.58,169.38
2025-08-01 15:00:00,169.38,169.5,167.07,168.57
2025-08-01 16:00:00,168.56,169.75,166.49,166.93
2025-08-01 17:00:00,166.92,167.69,165.42,166.57
2025-08-01 18:00:00,166.56,167.22,165.1,165.75
2025-08-01 19:00:00,165.74,167.59,165.39,166.47
2025-08-01 20:00:00,166.47,166.82,161.73,163.82
2025-08-01 21:00:00,163.81,164.9,163.54,163.89
2025-08-01 22:00:00,163.9,164,159.2,161.28
2025-08-01 23:00:00,161.29,163.07,160.96,162.71
2025-08-02 00:00:00,162.71,164.64,162.56,164.64
2025-08-02 01:00:00,164.65,164.85,163.78,164.76
2025-08-02 02:00:00,164.77,165.02,164.26,164.57
2025-08-02 03:00:00,164.57,164.88,164.15,164.36
2025-08-02 04:00:00,164.37,165.3,163.96,165.16
2025-08-02 05:00:00,165.16,165.22,164.56,164.7
2025-08-02 06:00:00,164.69,164.79,161.82,162.78
2025-08-02 07:00:00,162.77,164.49,161.9,164.43
2025-08-02 08:00:00,164.44,164.83,163.46,163.74
2025-08-02 09:00:00,163.74,164.32,163.34,163.77
2025-08-02 10:00:00,163.76,163.93,162.25,163.06
2025-08-02 11:00:00,163.05,165.13,162.22,164.51
2025-08-02 12:00:00,164.5,164.61,163.47,164.36
2025-08-02 13:00:00,164.36,164.94,163.6,164.46
2025-08-02 14:00:00,164.46,164.74,162.26,162.67
2025-08-02 15:00:00,162.67,163.76,161.03,161.5
2025-08-02 16:00:00,161.51,162.06,160.17,161.55
2025-08-02 17:00:00,161.54,162.2,158.4,159.31
2025-08-02 18:00:00,159.32,159.76,155.83,156.63
2025-08-02 19:00:00,156.64,158.52,155.98,157.44
2025-08-02 20:00:00,157.45,158.99,157.38,158.99
2025-08-02 21:00:00,158.99,159.57,158.09,158.87
2025-08-02 22:00:00,158.87,159.81,157.72,159.06
2025-08-02 23:00:00,159.05,159.3,157.04,158.48
2025-08-03 00:00:00,158.49,159.79,156.28,159.68
2025-08-03 01:00:00,159.67,160.25,159.14,159.56
2025-08-03 02:00:00,159.55,160.75,159.52,160.57
2025-08-03 03:00:00,160.57,161.07,160.4,160.86
2025-08-03 04:00:00,160.86,160.93,160.03,160.43
2025-08-03 05:00:00,160.43,160.94,160.15,160.34
2025-08-03 06:00:00,160.34,160.79,160.03,160.56
2025-08-03 07:00:00,160.56,161.59,160.55,161.37
2025-08-03 08:00:00,161.37,161.77,160.84,161.4
2025-08-03 09:00:00,161.39,161.51,160.68,161.17
2025-08-03 10:00:00,161.17,161.81,161.13,161.63
2025-08-03 11:00:00,161.64,162.9,161.4,161.47
2025-08-03 12:00:00,161.47,162.25,160.9,161.81
2025-08-03 13:00:00,161.81,162.35,160.64,161.34
2025-08-03 14:00:00,161.34,161.61,160.37,161.34
2025-08-03 15:00:00,161.34,162.29,160.78,162.11
2025-08-03 16:00:00,162.1,162.34,161.12,162.19
2025-08-03 17:00:00,162.19,162.75,161.74,162.16
2025-08-03 18:00:00,162.16,162.25,161.3,161.97
2025-08-03 19:00:00,161.97,162.67,161.39,161.65
2025-08-03 20:00:00,161.64,161.78,160.75,161.47
2025-08-03 21:00:00,161.47,162.2,161.25,162.04
2025-08-03 22:00:00,162.03,162.44,160.94,161.91
2025-08-03 23:00:00,161.92,163.14,161.64,161.97
2025-08-04 00:00:00,161.98,164.65,161.42,164.56
2025-08-04 01:00:00,164.56,164.98,163.14,163.35
2025-08-04 02:00:00,163.34,164.34,162.62,164.33
2025-08-04 03:00:00,164.33,164.39,162.84,162.98
2025-08-04 04:00:00,162.98,163.41,162.2,162.32
2025-08-04 05:00:00,162.32,162.42,161.49,162.24
2025-08-04 06:00:00,162.23,162.44,161.26,162.23
2025-08-04 07:00:00,162.23,163.3,162.06,163.03
2025-08-04 08:00:00,163.04,164.06,162.64,163.77
2025-08-04 09:00:00,163.77,164.08,162.43,162.47
2025-08-04 10:00:00,162.47,163,162.12,162.38
2025-08-04 11:00:00,162.38,162.58,161.64,162.38
2025-08-04 12:00:00,162.39,163.7,162.14,163.69
2025-08-04 13:00:00,163.7,165.79,163.21,165.47
2025-08-04 14:00:00,165.47,166.91,164.5,165.03
2025-08-04 15:00:00,165.03,166.01,164.53,165.49
2025-08-04 16:00:00,165.49,168.17,165.48,168.02
2025-08-04 17:00:00,168.02,169.8,167.63,167.83
2025-08-04 18:00:00,167.82,168.15,166.43,166.67
2025-08-04 19:00:00,166.66,166.66,165,165.65
2025-08-04 20:00:00,165.64,168.44,165.3,167.29
2025-08-04 21:00:00,167.28,168.78,167.27,168.54
2025-08-04 22:00:00,168.54,169.54,168.23,169.47
2025-08-04 23:00:00,169.47,169.78,168.96,169.55
2025-08-05 00:00:00,169.55,169.76,168.59,169.31
2025-08-05 01:00:00,169.31,169.97,168.15,168.21
2025-08-05 02:00:00,168.22,169.48,167.95,169.42
2025-08-05 03:00:00,169.42,169.44,167.57,167.92
2025-08-05 04:00:00,167.92,168.51,167.23,167.48
2025-08-05 05:00:00,167.48,168.6,167.42,168.42
2025-08-05 06:00:00,168.42,169.28,167.31,167.71
2025-08-05 07:00:00,167.71,168.52,165.78,166.22
2025-08-05 08:00:00,166.21,167.25,165.66,166.84
2025-08-05 09:00:00,166.83,169.4,166.77,168.88
2025-08-05 10:00:00,168.89,171.73,168.43,171.03
2025-08-05 11:00:00,171.04,171.65,170.56,170.89
2025-08-05 12:00:00,170.89,171.04,166.77,167.23
2025-08-05 13:00:00,167.23,168.14,166.63,167.76
2025-08-05 14:00:00,167.76,167.8,163.61,164.3
2025-08-05 15:00:00,164.29,165.33,162.9,163.78
2025-08-05 16:00:00,163.77,164.73,162.74,163.83
2025-08-05 17:00:00,163.83,164.93,163.36,164.81
2025-08-05 18:00:00,164.8,164.94,163,164.02
2025-08-05 19:00:00,164.02,164.53,162.28,162.76
2025-08-05 20:00:00,162.76,163.7,162.37,162.61
2025-08-05 21:00:00,162.62,163.46,161.6,162.38
2025-08-05 22:00:00,162.37,163.88,161.3,163.87
2025-08-05 23:00:00,163.88,164.54,163.62,164.09
2025-08-06 00:00:00,164.09,164.17,162.55,162.75
2025-08-06 01:00:00,162.74,163.1,161.72,162.86
2025-08-06 02:00:00,162.85,163.3,161.89,162.68
2025-08-06 03:00:00,162.68,162.78,161.13,161.86
2025-08-06 04:00:00,161.86,162.56,161.25,162.44
2025-08-06 05:00:00,162.43,164.79,162.13,164.26
2025-08-06 06:00:00,164.26,164.3,163.4,163.91
2025-08-06 07:00:00,163.91,164.63,163.62,164.25
2025-08-06 08:00:00,164.26,164.51,162.72,163.31
2025-08-06 09:00:00,163.3,164.51,162.93,163.97
2025-08-06 10:00:00,163.98,164.17,162.91,163.64
2025-08-06 11:00:00,163.65,164.64,163.25,164.2
2025-08-06 12:00:00,164.2,164.7,162.65,163.29
2025-08-06 13:00:00,163.3,164.74,163.11,164.29
2025-08-06 14:00:00,164.29,168.03,163.99,167.9
2025-08-06 15:00:00,167.9,169.42,167.18,169.04
2025-08-06 16:00:00,169.05,169.5,167.3,167.74
2025-08-06 17:00:00,167.74,169.14,167.18,169.13
2025-08-06 18:00:00,169.13,169.93,168.39,168.53
2025-08-06 19:00:00,168.54,169.1,167.97,168.82
2025-08-06 20:00:00,168.82,168.85,167.77,168.01
2025-08-06 21:00:00,168.01,168.6,167.32,168.05
2025-08-06 22:00:00,168.06,168.52,167.84,168.4
2025-08-06 23:00:00,168.39,168.43,167.9,168.09
2025-08-07 00:00:00,168.1,168.43,167.5,167.89
2025-08-07 01:00:00,167.9,169,167.7,167.87
2025-08-07 02:00:00,167.88,168.03,166.77,167.07
2025-08-07 03:00:00,167.07,167.45,166.7,166.89
2025-08-07 04:00:00,166.9,167.59,166.76,167.14
2025-08-07 05:00:00,167.14,168.78,166.9,168.76
2025-08-07 06:00:00,168.75,169.78,168.59,169.2
2025-08-07 07:00:00,169.2,170.45,169.17,169.99
2025-08-07 08:00:00,169.99,170.54,169.25,169.38
2025-08-07 09:00:00,169.39,169.74,169.06,169.64
2025-08-07 10:00:00,169.64,173.33,169.41,173.11
2025-08-07 11:00:00,173.12,173.49,172.55,172.82
2025-08-07 12:00:00,172.83,173.18,171.53,172.44
2025-08-07 13:00:00,172.44,172.63,171.3,171.71
2025-08-07 14:00:00,171.71,171.78,169.93,170.29
2025-08-07 15:00:00,170.3,170.83,169.7,170.49
2025-08-07 16:00:00,170.48,170.6,167,168.21
2025-08-07 17:00:00,168.22,169.56,167.97,169.43
2025-08-07 18:00:00,169.43,169.97,168.77,169.83
2025-08-07 19:00:00,169.82,171.94,169.8,171.75
2025-08-07 20:00:00,171.76,173.18,171.52,172.93
2025-08-07 21:00:00,172.94,174.29,172.52,173.56
2025-08-07 22:00:00,173.56,175.16,173.56,175.09
2025-08-07 23:00:00,175.1,175.51,174.39,175.36
2025-08-08 00:00:00,175.37,175.55,173.56,174.28
2025-08-08 01:00:00,174.28,174.84,173.43,174.54
2025-08-08 02:00:00,174.53,175.28,173.85,174.84
2025-08-08 03:00:00,174.84,175.92,174.49,174.71
2025-08-08 04:00:00,174.71,175.2,173.89,174.38
2025-08-08 05:00:00,174.39,174.8,174.07,174.21
2025-08-08 06:00:00,174.2,175.12,173.88,175.07
2025-08-08 07:00:00,175.08,177.87,174.33,177.14
2025-08-08 08:00:00,177.13,177.86,174.88,175.37
2025-08-08 09:00:00,175.38,176.13,175.01,176.06
2025-08-08 10:00:00,176.06,177,175.73,176.65
2025-08-08 11:00:00,176.65,177.95,176.57,177.65
2025-08-08 12:00:00,177.65,177.67,176.11,176.45
2025-08-08 13:00:00,176.45,178.8,175.47,178.63
2025-08-08 14:00:00,178.64,179.14,175.43,176.51
2025-08-08 15:00:00,176.51,176.7,174.21,175.23
2025-08-08 16:00:00,175.23,176.33,175.01,175.9
2025-08-08 17:00:00,175.89,179.36,175.55,179.34
2025-08-08 18:00:00,179.35,179.66,177.21,177.6
2025-08-08 19:00:00,177.59,178.47,177.4,178.47
2025-08-08 20:00:00,178.46,178.76,177.24,178.25
2025-08-08 21:00:00,178.24,178.6,177.41,177.61
2025-08-08 22:00:00,177.61,178.07,177.07,177.63
2025-08-08 23:00:00,177.63,177.91,176.62,176.78
2025-08-09 00:00:00,176.79,177.22,176.64,176.94
2025-08-09 01:00:00,176.94,179.02,176.67,178.67
2025-08-09 02:00:00,178.68,178.71,177.56,177.58
2025-08-09 03:00:00,177.58,177.75,177.03,177.26
2025-08-09 04:00:00,177.26,178.82,176.94,178.67
2025-08-09 05:00:00,178.66,182.15,178.26,180.85
2025-08-09 06:00:00,180.85,180.93,179.26,179.59
2025-08-09 07:00:00,179.58,180.73,179.44,180.62
2025-08-09 08:00:00,180.62,181.68,180.39,181.38
2025-08-09 09:00:00,181.39,182.72,181.08,182.27
2025-08-09 10:00:00,182.28,183.35,181.8,181.89
2025-08-09 11:00:00,181.89,182.01,180.65,180.79
2025-08-09 12:00:00,180.78,182.18,180.33,182.17
2025-08-09 13:00:00,182.17,182.49,179.77,179.79
2025-08-09 14:00:00,179.78,181.2,178.92,181.15
2025-08-09 15:00:00,181.15,181.67,179.74,180.09
2025-08-09 16:00:00,180.1,180.82,179.46,179.64
2025-08-09 17:00:00,179.64,181.98,179.62,181.61
2025-08-09 18:00:00,181.61,182.24,181.26,181.91
2025-08-09 19:00:00,181.91,182.7,181.45,182.14
2025-08-09 20:00:00,182.13,183.45,181.47,183.06
2025-08-09 21:00:00,183.06,183.33,180.67,181.24
2025-08-09 22:00:00,181.24,182.45,179.93,180.15
2025-08-09 23:00:00,180.15,180.46,179.72,179.95
2025-08-10 00:00:00,179.96,182.82,179.81,182.46
2025-08-10 01:00:00,182.45,184.65,181.63,184.5
2025-08-10 02:00:00,184.51,185.07,182.93,183.28
2025-08-10 03:00:00,183.28,185.99,183.26,184.98
2025-08-10 04:00:00,184.98,186.18,184.35,185.04
2025-08-10 05:00:00,185.03,185.17,181.69,182.04
2025-08-10 06:00:00,182.04,182.4,180.36,181.1
2025-08-10 07:00:00,181.11,181.55,177.66,178.94
2025-08-10 08:00:00,178.94,180.79,177.51,180.42
2025-08-10 09:00:00,180.42,181.05,180.07,180.46
2025-08-10 10:00:00,180.46,180.62,178.8,179.47
2025-08-10 11:00:00,179.48,180.7,178.71,179.97
2025-08-10 12:00:00,179.98,180.34,179.13,179.54
2025-08-10 13:00:00,179.53,180.3,178.84,178.85
2025-08-10 14:00:00,178.84,182.38,178.52,181.52
2025-08-10 15:00:00,181.52,182.4,181.11,181.54
2025-08-10 16:00:00,181.54,182.27,181.21,182.26
2025-08-10 17:00:00,182.26,182.46,181.36,181.68
2025-08-10 18:00:00,181.68,182.94,181.64,182.72
2025-08-10 19:00:00,182.71,183.3,182.34,182.8
2025-08-10 20:00:00,182.8,183.4,181.27,182.73
2025-08-10 21:00:00,182.74,183.94,181.41,183.49
2025-08-10 22:00:00,183.5,183.69,182.61,183.13
2025-08-10 23:00:00,183.14,183.56,182.08,182.66
2025-08-11 00:00:00,182.67,183.19,181.5,181.5
2025-08-11 01:00:00,181.5,183.88,181.27,183.71
2025-08-11 02:00:00,183.7,185.8,183.6,185.25
2025-08-11 03:00:00,185.26,185.56,183.89,185.14
2025-08-11 04:00:00,185.13,186.45,185.13,185.86
2025-08-11 05:00:00,185.86,186.8,184.88,185.32
2025-08-11 06:00:00,185.33,185.59,184.41,184.81
2025-08-11 07:00:00,184.8,184.92,182.79,182.97
2025-08-11 08:00:00,182.97,184.67,182.13,184.25
2025-08-11 09:00:00,184.26,184.33,182.83,183.14
2025-08-11 10:00:00,183.15,183.2,181.61,181.9
2025-08-11 11:00:00,181.91,182.14,178.35,179.08
2025-08-11 12:00:00,179.07,179.59,177.83,178.79
2025-08-11 13:00:00,178.8,180.08,177.23,179.61
2025-08-11 14:00:00,179.62,180.52,178.39,178.78
2025-08-11 15:00:00,178.78,180.19,177.65,180.19
2025-08-11 16:00:00,180.19,181.77,178.34,179.03
2025-08-11 17:00:00,179.02,179.54,178.03,178.19
2025-08-11 18:00:00,178.19,178.35,176.59,178.24
2025-08-11 19:00:00,178.23,178.31,175.54,176.62
2025-08-11 20:00:00,176.62,176.88,175.7,176.17
2025-08-11 21:00:00,176.17,176.5,173.91,175.06
2025-08-11 22:00:00,175.05,175.16,173.43,174.69
2025-08-11 23:00:00,174.69,175.12,174.5,174.84
2025-08-12 00:00:00,174.83,175.95,174.64,175.7
2025-08-12 01:00:00,175.69,176.42,174.97,176.11
2025-08-12 02:00:00,176.12,176.74,175.55,176.19
2025-08-12 03:00:00,176.19,176.28,175.41,175.53
2025-08-12 04:00:00,175.53,176.64,175.28,176.28
2025-08-12 05:00:00,176.27,176.27,174,174.83
2025-08-12 06:00:00,174.82,175.37,173.6,174.61
2025-08-12 07:00:00,174.6,176.08,174.6,175.9
2025-08-12 08:00:00,175.9,176.51,175.32,175.75
2025-08-12 09:00:00,175.75,175.82,174.4,174.55
2025-08-12 10:00:00,174.55,175.1,173.89,174.78
2025-08-12 11:00:00,174.79,175.36,173.72,175.23
2025-08-12 12:00:00,175.23,178.72,174.73,177.96
2025-08-12 13:00:00,177.97,178.57,175.92,176.56
2025-08-12 14:00:00,176.56,179.77,176.25,179.6
2025-08-12 15:00:00,179.59,182.1,179.27,181.7
2025-08-12 16:00:00,181.7,185.42,180.77,184.85
2025-08-12 17:00:00,184.86,186.68,184.78,185.9
2025-08-12 18:00:00,185.9,189.17,185.9,188.18
2025-08-12 19:00:00,188.17,191.14,188.13,190.64
2025-08-12 20:00:00,190.65,191.69,189.59,191.54
2025-08-12 21:00:00,191.54,193.76,190.52,192.49
2025-08-12 22:00:00,192.5,193.31,190.95,191.66
2025-08-12 23:00:00,191.66,192.96,191.21,191.78
2025-08-13 00:00:00,191.77,194.77,191.48,193.95
2025-08-13 01:00:00,193.95,195,191.86,194.25
2025-08-13 02:00:00,194.25,198.65,193.34,198.58
2025-08-13 03:00:00,198.57,199.54,196.79,197.73
2025-08-13 04:00:00,197.74,200.1,197.28,198.74
2025-08-13 05:00:00,198.73,198.78,195.99,196.53
2025-08-13 06:00:00,196.53,196.76,195.18,195.79
2025-08-13 07:00:00,195.8,198.83,195.77,198.74
2025-08-13 08:00:00,198.74,198.98,197.61,198.96
2025-08-13 09:00:00,198.96,202.71,198.93,202.17
2025-08-13 10:00:00,202.18,202.18,200.8,201.51
2025-08-13 11:00:00,201.51,201.95,200.25,201
2025-08-13 12:00:00,201,202.54,200.6,201.14
2025-08-13 13:00:00,201.14,204.96,200.52,202.51
2025-08-13 14:00:00,202.5,202.87,195.98,196.21
2025-08-13 15:00:00,196.21,198.61,194.15,197.44
2025-08-13 16:00:00,197.43,199.93,197.01,198
2025-08-13 17:00:00,197.99,200.12,197.95,199.04
2025-08-13 18:00:00,199.05,200.7,197.84,199.42
2025-08-13 19:00:00,199.43,202.2,198.89,202.08
2025-08-13 20:00:00,202.09,202.24,199.83,200.32
2025-08-13 21:00:00,200.33,201.47,200.11,201
2025-08-13 22:00:00,201,202.83,200.14,200.55
2025-08-13 23:00:00,200.54,203.33,200.4,201.51
2025-08-14 00:00:00,201.51,203.97,200.72,201.5
2025-08-14 01:00:00,201.5,204.69,200.59,202.6
2025-08-14 02:00:00,202.59,208,201.75,207.09
2025-08-14 03:00:00,207.09,209.04,206.02,207.94
2025-08-14 04:00:00,207.94,209.86,207.3,208.18
2025-08-14 05:00:00,208.19,209.74,206.3,206.57
2025-08-14 06:00:00,206.57,208,204.02,207.57
2025-08-14 07:00:00,207.57,208,204.61,205.66
2025-08-14 08:00:00,205.67,205.85,202.47,203.37
2025-08-14 09:00:00,203.38,205.61,202.59,205.4
2025-08-14 10:00:00,205.4,205.7,201.77,202.71
2025-08-14 11:00:00,202.71,203.94,201.86,203.62
2025-08-14 12:00:00,203.61,205.46,190,194.41
2025-08-14 13:00:00,194.41,196.85,186.68,194.85
2025-08-14 14:00:00,194.86,198.95,193.48,196.54
2025-08-14 15:00:00,196.54,196.8,194.51,194.85
2025-08-14 16:00:00,194.86,195.05,190.25,193.33
2025-08-14 17:00:00,193.32,195.51,191.53,193.8
2025-08-14 18:00:00,193.79,194.6,191.37,193.55
2025-08-14 19:00:00,193.55,195.11,192.81,192.91
2025-08-14 20:00:00,192.91,193.24,191.61,192.22
2025-08-14 21:00:00,192.22,192.22,187.32,190.27
2025-08-14 22:00:00,190.26,192,189.31,191.83
2025-08-14 23:00:00,191.83,193.14,191.68,192.47
2025-08-15 00:00:00,192.46,193.94,191.94,192.71
2025-08-15 01:00:00,192.7,194.3,192.08,193.67
2025-08-15 02:00:00,193.66,194.38,193.08,193.36
2025-08-15 03:00:00,193.37,195.6,192.78,195.15
2025-08-15 04:00:00,195.14,195.82,194.55,194.97
2025-08-15 05:00:00,194.97,196.5,194.44,196.5
2025-08-15 06:00:00,196.5,198.07,196.28,197.41
2025-08-15 07:00:00,197.4,197.85,196.22,196.95
2025-08-15 08:00:00,196.95,197.59,196.38,196.58
2025-08-15 09:00:00,196.58,197.17,193.63,194.2
2025-08-15 10:00:00,194.21,196.01,194.16,194.69
2025-08-15 11:00:00,194.69,195.36,193.74,194.32
2025-08-15 12:00:00,194.32,196.19,192.3,193.44
2025-08-15 13:00:00,193.43,193.86,190.18,190.49
2025-08-15 14:00:00,190.49,191.92,187.15,187.56
2025-08-15 15:00:00,187.55,188.11,184.36,185.55
2025-08-15 16:00:00,185.55,185.99,183.42,185.55
2025-08-15 17:00:00,185.55,186.9,183.96,185.85
2025-08-15 18:00:00,185.84,186.28,183.3,184.17
2025-08-15 19:00:00,184.17,185.91,183.4,183.89
2025-08-15 20:00:00,183.88,185,183.37,184.79
2025-08-15 21:00:00,184.79,185.66,183.92,185.63
2025-08-15 22:00:00,185.63,187.9,185.2,187.72
2025-08-15 23:00:00,187.72,188.26,184.14,185.72
2025-08-16 00:00:00,185.71,187.8,185.34,187.47
2025-08-16 01:00:00,187.48,188.15,186.5,187.93
2025-08-16 02:00:00,187.94,188.1,186.86,186.88
2025-08-16 03:00:00,186.89,188.36,186.71,187.1
2025-08-16 04:00:00,187.09,188.09,186.82,188.09
2025-08-16 05:00:00,188.08,188.14,186.11,186.15
2025-08-16 06:00:00,186.16,187.65,186.13,187.37
2025-08-16 07:00:00,187.36,189.65,187.22,189.12
2025-08-16 08:00:00,189.12,189.23,187.68,188.38
2025-08-16 09:00:00,188.38,188.56,185.87,186.05
2025-08-16 10:00:00,186.05,186.93,185.39,186.58
2025-08-16 11:00:00,186.58,187.32,185.53,185.74
2025-08-16 12:00:00,185.75,186.93,185.2,186.64
2025-08-16 13:00:00,186.65,188.5,186.6,187.4
2025-08-16 14:00:00,187.41,189.18,186.93,188.82
2025-08-16 15:00:00,188.82,189.47,188.33,188.79
2025-08-16 16:00:00,188.78,189.36,187.87,187.94
2025-08-16 17:00:00,187.94,188.06,187.08,187.98
2025-08-16 18:00:00,187.98,188.66,187.6,188.14
2025-08-16 19:00:00,188.14,189.19,188.03,188.69
2025-08-16 20:00:00,188.68,189.23,188.34,189.08
2025-08-16 21:00:00,189.07,189.08,188.27,188.38
2025-08-16 22:00:00,188.39,189.27,187.94,189.05
2025-08-16 23:00:00,189.05,190.06,188.55,189.6
2025-08-17 00:00:00,189.61,189.69,187.99,188.16
2025-08-17 01:00:00,188.15,188.66,187.35,188.39
2025-08-17 02:00:00,188.38,191.6,187.98,191.54
2025-08-17 03:00:00,191.54,191.94,190.29,191.61
2025-08-17 04:00:00,191.61,193.55,191.51,193.41
2025-08-17 05:00:00,193.4,193.5,192.49,192.62
2025-08-17 06:00:00,192.62,192.93,191.83,191.94
2025-08-17 07:00:00,191.93,192.51,191.33,191.88
2025-08-17 08:00:00,191.89,193.87,191.72,193.41
2025-08-17 09:00:00,193.41,193.65,191.53,192.3
2025-08-17 10:00:00,192.3,193.21,191.69,193.13
2025-08-17 11:00:00,193.13,193.65,192.42,193.58
2025-08-17 12:00:00,193.58,193.79,191.98,192.23
2025-08-17 13:00:00,192.23,193.55,191.91,193.22
2025-08-17 14:00:00,193.22,194.44,192.44,193.77
2025-08-17 15:00:00,193.77,195.49,193.52,195.47
2025-08-17 16:00:00,195.48,195.89,192.89,193.23
2025-08-17 17:00:00,193.22,193.71,192.77,193.37
2025-08-17 18:00:00,193.38,193.53,189.94,192.12
2025-08-17 19:00:00,192.11,193.43,190.85,191.18
2025-08-17 20:00:00,191.17,191.98,190.97,191.11
2025-08-17 21:00:00,191.12,191.75,190.92,191.25
2025-08-17 22:00:00,191.24,193.44,191.12,193.09
2025-08-17 23:00:00,193.1,193.27,190.88,190.99
2025-08-18 00:00:00,191,191.33,189.61,190.16
2025-08-18 01:00:00,190.16,190.46,186.5,186.53
2025-08-18 02:00:00,186.53,186.76,183.44,183.95
2025-08-18 03:00:00,183.94,184.57,181.82,182.67
2025-08-18 04:00:00,182.67,183.43,181.57,182.91
2025-08-18 05:00:00,182.91,183.51,181.21,182.92
2025-08-18 06:00:00,182.93,182.94,180.31,181.38
2025-08-18 07:00:00,181.38,181.61,180.22,180.62
2025-08-18 08:00:00,180.63,181.6,180.46,180.83
2025-08-18 09:00:00,180.82,181.98,180,181.2
2025-08-18 10:00:00,181.21,181.39,180.56,180.77
2025-08-18 11:00:00,180.78,181.53,180.4,181.36
2025-08-18 12:00:00,181.37,183.2,181.09,183.2
2025-08-18 13:00:00,183.2,183.34,180.52,180.56
2025-08-18 14:00:00,180.56,182.61,180.56,182.56
2025-08-18 15:00:00,182.56,183.14,181.17,183.1
2025-08-18 16:00:00,183.1,184.42,181.76,182.06
2025-08-18 17:00:00,182.06,185.7,182.01,184.65
2025-08-18 18:00:00,184.66,184.76,183.01,184.37
2025-08-18 19:00:00,184.38,184.56,182.78,183.21
2025-08-18 20:00:00,183.21,183.81,182.07,183.02
2025-08-18 21:00:00,183.03,184.18,182.69,183.8
2025-08-18 22:00:00,183.8,185,183.78,184.19
2025-08-18 23:00:00,184.2,184.6,182.44,182.94
2025-08-19 00:00:00,182.94,185.03,181.21,185.01
2025-08-19 01:00:00,185,185.87,182.63,183.1
2025-08-19 02:00:00,183.1,183.24,181.96,182.18
2025-08-19 03:00:00,182.18,182.21,178.17,178.52
2025-08-19 04:00:00,178.52,180.09,177.32,180.06
2025-08-19 05:00:00,180.06,180.59,179.28,179.79
2025-08-19 06:00:00,179.79,180.59,179.4,180.09
2025-08-19 07:00:00,180.1,180.18,178.97,180.11
2025-08-19 08:00:00,180.12,180.93,179.11,180.45
2025-08-19 09:00:00,180.45,182.47,180.38,181.33
2025-08-19 10:00:00,181.33,182,181.19,181.4
2025-08-19 11:00:00,181.41,182.81,181.32,182.66
2025-08-19 12:00:00,182.67,182.74,181.39,182.03
2025-08-19 13:00:00,182.03,183.42,180.63,182.07
2025-08-19 14:00:00,182.07,183.01,178.13,178.57
2025-08-19 15:00:00,178.56,179.87,177.46,177.98
2025-08-19 16:00:00,177.98,178.55,176.74,177.16
2025-08-19 17:00:00,177.16,178.74,176.34,178.13
2025-08-19 18:00:00,178.12,178.78,175.85,176.71
2025-08-19 19:00:00,176.71,178.29,175.69,176.74
2025-08-19 20:00:00,176.75,178.66,175.93,178.65
2025-08-19 21:00:00,178.65,179.26,178.22,179.09
2025-08-19 22:00:00,179.08,179.54,177.86,179.09
2025-08-19 23:00:00,179.09,179.34,175.88,176.22
2025-08-20 00:00:00,176.22,178.58,176.04,178.15
2025-08-20 01:00:00,178.15,179.78,177,179.55
2025-08-20 02:00:00,179.56,181.34,179.2,180.79
2025-08-20 03:00:00,180.79,181.5,180.06,180.49
2025-08-20 04:00:00,180.49,181.7,180.34,180.59
2025-08-20 05:00:00,180.59,181.13,179.83,181.07
2025-08-20 06:00:00,181.06,181.28,180.15,181.02
2025-08-20 07:00:00,181.02,181.64,180.38,180.53
2025-08-20 08:00:00,180.53,182.25,180.28,182.06
2025-08-20 09:00:00,182.06,182.25,180.87,180.93
2025-08-20 10:00:00,180.94,181.72,180.81,181
2025-08-20 11:00:00,181,181.32,178.32,180.29
2025-08-20 12:00:00,180.28,182.3,180.2,181.88
2025-08-20 13:00:00,181.88,181.89,178.66,178.85
2025-08-20 14:00:00,178.84,182.54,177.53,181.36
2025-08-20 15:00:00,181.36,185.06,181.19,183.03
2025-08-20 16:00:00,183.02,184.84,183.01,183.78
2025-08-20 17:00:00,183.78,186.25,183.6,185.15
2025-08-20 18:00:00,185.14,185.64,182.59,183.62
2025-08-20 19:00:00,183.61,187.97,183.5,187.59
2025-08-20 20:00:00,187.6,187.89,186.27,187.23
2025-08-20 21:00:00,187.23,187.63,185.78,187
2025-08-20 22:00:00,187.01,187.64,186.67,187.33
2025-08-20 23:00:00,187.33,187.95,186.68,187.94
2025-08-21 00:00:00,187.95,189.22,187.02,187.93
2025-08-21 01:00:00,187.92,189.28,186.79,189.09
2025-08-21 02:00:00,189.08,189.99,185.51,186.47
2025-08-21 03:00:00,186.47,190.1,186.35,188.43
2025-08-21 04:00:00,188.43,188.7,187.22,187.75
2025-08-21 05:00:00,187.76,188.17,186.64,188.1
2025-08-21 06:00:00,188.1,188.1,186.5,186.6
2025-08-21 07:00:00,186.6,187.42,185.89,186.98
2025-08-21 08:00:00,186.99,187.04,185.64,185.65
2025-08-21 09:00:00,185.66,185.73,184.05,184.93
2025-08-21 10:00:00,184.93,185.31,183.89,184.33
2025-08-21 11:00:00,184.34,184.98,183.48,184.03
2025-08-21 12:00:00,184.03,184.86,182.76,183.75
2025-08-21 13:00:00,183.74,185.82,183.37,184.08
2025-08-21 14:00:00,184.09,186.42,183.7,184.82
2025-08-21 15:00:00,184.82,185.06,181.44,181.65
2025-08-21 16:00:00,181.65,182.38,180.8,180.96
2025-08-21 17:00:00,180.96,181.59,179.85,181.17
2025-08-21 18:00:00,181.17,182.3,180.55,182.16
2025-08-21 19:00:00,182.15,182.93,179.94,180.15
2025-08-21 20:00:00,180.15,181.47,179.43,180.84
2025-08-21 21:00:00,180.84,181.61,180,181.15
2025-08-21 22:00:00,181.16,181.86,180.91,181.79
2025-08-21 23:00:00,181.78,181.78,179.86,180.29
2025-08-22 00:00:00,180.3,181.81,180.26,181.15
2025-08-22 01:00:00,181.15,182.1,180,181.97
2025-08-22 02:00:00,181.98,183.5,181.69,182.62
2025-08-22 03:00:00,182.63,183.44,181.41,181.76
2025-08-22 04:00:00,181.76,183.38,181.75,182.9
2025-08-22 05:00:00,182.9,183.9,182.67,183.67
2025-08-22 06:00:00,183.67,184.12,182.38,182.94
2025-08-22 07:00:00,182.94,184.36,182.8,183.98
2025-08-22 08:00:00,183.97,185.1,183.74,183.77
2025-08-22 09:00:00,183.76,184.04,182.44,182.94
2025-08-22 10:00:00,182.94,182.96,180.87,181.18
2025-08-22 11:00:00,181.19,181.3,179.6,179.63
2025-08-22 12:00:00,179.63,179.82,177.27,178.45
2025-08-22 13:00:00,178.45,181.28,178,180.25
2025-08-22 14:00:00,180.25,193.28,180.22,191.7
2025-08-22 15:00:00,191.7,195.42,191.66,193.47
2025-08-22 16:00:00,193.48,197.96,193.48,194.9
2025-08-22 17:00:00,194.9,198.1,194.9,196.88
2025-08-22 18:00:00,196.88,197.54,195.68,196.82
2025-08-22 19:00:00,196.83,199.73,196.6,198.97
2025-08-22 20:00:00,198.97,199.63,198.38,199.61
2025-08-22 21:00:00,199.61,202.4,199.42,200.2
2025-08-22 22:00:00,200.19,200.44,198.59,199.41
2025-08-22 23:00:00,199.4,200.96,199.03,200.69
2025-08-23 00:00:00,200.69,200.82,198.41,198.53
2025-08-23 01:00:00,198.53,199.01,196.77,197.82
2025-08-23 02:00:00,197.82,198.37,195.26,197.56
2025-08-23 03:00:00,197.55,198.71,197.15,198.16
2025-08-23 04:00:00,198.15,204.95,198.1,204.67
2025-08-23 05:00:00,204.66,208.62,204.35,207.54
2025-08-23 06:00:00,207.54,207.89,205.74,206.54
2025-08-23 07:00:00,206.53,207.3,204.92,205.18
2025-08-23 08:00:00,205.18,205.66,202.15,203.82
2025-08-23 09:00:00,203.82,204.7,203.2,204.47
2025-08-23 10:00:00,204.47,204.71,201.8,201.97
2025-08-23 11:00:00,201.98,203.02,201.53,201.98
2025-08-23 12:00:00,201.99,203.19,201.08,201.99
2025-08-23 13:00:00,202,202.46,200.58,201.49
2025-08-23 14:00:00,201.5,203.47,200.97,202.72
2025-08-23 15:00:00,202.72,203.8,202.43,202.58
2025-08-23 16:00:00,202.57,203.58,202.2,203.26
2025-08-23 17:00:00,203.25,203.77,202.27,203.26
2025-08-23 18:00:00,203.26,204.35,203.23,204
2025-08-23 19:00:00,204,204.57,203.78,204.09
2025-08-23 20:00:00,204.08,204.26,203.23,203.77
2025-08-23 21:00:00,203.77,204.09,203.03,203.08
2025-08-23 22:00:00,203.08,203.64,202.8,203.52
2025-08-23 23:00:00,203.53,204.86,203.53,204.14
2025-08-24 00:00:00,204.15,206.86,204.14,206.13
2025-08-24 01:00:00,206.12,208.85,204.96,208.13
2025-08-24 02:00:00,208.13,211.99,207.49,208.76
2025-08-24 03:00:00,208.76,209.41,207.21,209.05
2025-08-24 04:00:00,209.06,210.7,208.4,210.67
2025-08-24 05:00:00,210.66,210.76,208.1,208.57
2025-08-24 06:00:00,208.58,208.87,207.05,207.37
2025-08-24 07:00:00,207.37,208.24,206.6,206.66
2025-08-24 08:00:00,206.67,208.22,206.11,208.15
2025-08-24 09:00:00,208.15,209,207.63,208.18
2025-08-24 10:00:00,208.19,208.25,204.5,204.82
2025-08-24 11:00:00,204.81,205.35,203.41,204.48
2025-08-24 12:00:00,204.48,204.92,203.57,204.37
2025-08-24 13:00:00,204.37,205.67,204.22,204.73
2025-08-24 14:00:00,204.73,206.46,204,206.08
2025-08-24 15:00:00,206.07,209.35,205.38,205.62
2025-08-24 16:00:00,205.62,207.32,205.53,206.61
2025-08-24 17:00:00,206.61,209.78,206.5,209.35
2025-08-24 18:00:00,209.35,211.97,208.82,211.23
2025-08-24 19:00:00,211.23,211.89,201.44,205.01
2025-08-24 20:00:00,205.01,205.36,201.09,203.63
2025-08-24 21:00:00,203.64,205.66,202.23,204.4
2025-08-24 22:00:00,204.41,205.51,201.38,205.09
2025-08-24 23:00:00,205.09,207.15,204.71,205.98
2025-08-25 00:00:00,205.99,208.19,202.23,203.49
2025-08-25 01:00:00,203.49,208.9,203.44,206.95
2025-08-25 02:00:00,206.95,213.6,206.69,212.55
2025-08-25 03:00:00,212.55,212.98,208.8,209.24
2025-08-25 04:00:00,209.24,209.71,206.77,207.32
2025-08-25 05:00:00,207.33,208,203.39,203.71
2025-08-25 06:00:00,203.71,204.72,201.7,201.93
2025-08-25 07:00:00,201.94,204.43,198.69,199.82
2025-08-25 08:00:00,199.81,200.8,198.11,199.94
2025-08-25 09:00:00,199.93,200.23,198.19,199.47
2025-08-25 10:00:00,199.47,199.47,195,195.87
2025-08-25 11:00:00,195.87,197.55,195.44,197.55
2025-08-25 12:00:00,197.54,198.51,196.78,198
2025-08-25 13:00:00,198,198.47,195.56,198.24
2025-08-25 14:00:00,198.23,199.5,196.86,198.31
2025-08-25 15:00:00,198.3,198.54,196.09,196.56
2025-08-25 16:00:00,196.57,198.36,195.61,196.45
2025-08-25 17:00:00,196.45,197.36,195.15,196.69
2025-08-25 18:00:00,196.7,197.84,196.11,196.46
2025-08-25 19:00:00,196.46,196.49,190.98,191.47
2025-08-25 20:00:00,191.47,192.12,186.28,186.29
2025-08-25 21:00:00,186.3,188.43,185.99,186.41
2025-08-25 22:00:00,186.4,188.52,185.33,187.03
2025-08-25 23:00:00,187.02,187.6,185.69,187.2
2025-08-26 00:00:00,187.19,188.66,185.58,186.29
2025-08-26 01:00:00,186.3,188.97,185.66,188.22
2025-08-26 02:00:00,188.22,189.29,186.88,187.51
2025-08-26 03:00:00,187.51,187.97,186.41,186.9
2025-08-26 04:00:00,186.9,188.5,186.9,187.89
2025-08-26 05:00:00,187.89,189.59,187.87,188.75
2025-08-26 06:00:00,188.74,189.75,187.38,187.93
2025-08-26 07:00:00,187.92,189.92,187.21,188.92
2025-08-26 08:00:00,188.92,190.37,187.98,188.71
2025-08-26 09:00:00,188.7,189.29,187.5,188.02
2025-08-26 10:00:00,188.02,188.96,187.81,188.62
2025-08-26 11:00:00,188.63,189.09,186.67,187.97
2025-08-26 12:00:00,187.98,192.32,187.18,190.54
2025-08-26 13:00:00,190.54,191.06,187.71,189.4
2025-08-26 14:00:00,189.41,191.81,188.42,191.52
2025-08-26 15:00:00,191.52,192.55,189.95,190.77
2025-08-26 16:00:00,190.76,193.74,190.58,193.65
2025-08-26 17:00:00,193.64,194.25,192.25,193.72
2025-08-26 18:00:00,193.72,195.37,193.51,194.86
2025-08-26 19:00:00,194.85,197.51,194.3,197.43
2025-08-26 20:00:00,197.43,197.74,195.91,196.35
2025-08-26 21:00:00,196.34,196.87,195.37,196.79
2025-08-26 22:00:00,196.79,197.9,195.76,196.76
2025-08-26 23:00:00,196.75,198.1,195.59,195.86
2025-08-27 00:00:00,195.85,196.24,194.42,194.63
2025-08-27 01:00:00,194.64,196.76,193.78,196.26
2025-08-27 02:00:00,196.27,199.75,195.59,198.29
2025-08-27 03:00:00,198.28,202.81,196.9,201.92
2025-08-27 04:00:00,201.91,205.7,201.68,205.17
2025-08-27 05:00:00,205.18,205.35,202.51,202.87
2025-08-27 06:00:00,202.88,204.17,201.91,202.24
2025-08-27 07:00:00,202.25,202.73,200.81,202.43
2025-08-27 08:00:00,202.44,203.66,201.48,203.49
2025-08-27 09:00:00,203.48,205.14,203.08,203.91
2025-08-27 10:00:00,203.91,205.38,203.28,204.09
2025-08-27 11:00:00,204.1,205.38,204.09,205.01
2025-08-27 12:00:00,205.01,205.65,203.18,204.64
2025-08-27 13:00:00,204.63,205.98,202.62,204.44
2025-08-27 14:00:00,204.44,208,203.36,206.72
2025-08-27 15:00:00,206.73,209.4,206.26,208.66
2025-08-27 16:00:00,208.66,209.09,206.59,207.94
2025-08-27 17:00:00,207.94,210,207.42,209.18
2025-08-27 18:00:00,209.18,212.08,208.21,208.36
2025-08-27 19:00:00,208.36,209.3,205.95,206.4
2025-08-27 20:00:00,206.4,209.49,202.95,208.58
2025-08-27 21:00:00,208.58,208.78,204.82,205.61
2025-08-27 22:00:00,205.61,205.73,203.41,204.36
2025-08-27 23:00:00,204.35,205.36,202.57,202.95
2025-08-28 00:00:00,202.95,205.11,201.72,203.93
2025-08-28 01:00:00,203.93,206.43,203.15,205.91
2025-08-28 02:00:00,205.91,207.87,205.3,206.24
2025-08-28 03:00:00,206.25,208.35,206.05,208.15
2025-08-28 04:00:00,208.16,212.55,207.47,212.08
2025-08-28 05:00:00,212.08,213.17,210.74,211.63
2025-08-28 06:00:00,211.64,211.89,209.71,211.67
2025-08-28 07:00:00,211.67,213.33,210.51,213.11
2025-08-28 08:00:00,213.11,216.5,213.06,214.24
2025-08-28 09:00:00,214.23,214.3,211.32,211.6
2025-08-28 10:00:00,211.6,213.94,211.07,213.94
2025-08-28 11:00:00,213.94,213.97,212.4,213.14
2025-08-28 12:00:00,213.15,214.31,211.97,213.13
2025-08-28 13:00:00,213.13,216.89,212.16,212.74
2025-08-28 14:00:00,212.74,216,211.66,215.64
2025-08-28 15:00:00,215.64,216.07,210.2,211.06
2025-08-28 16:00:00,211.06,214,207.17,207.43
2025-08-28 17:00:00,207.43,210.67,207.28,210.41
2025-08-28 18:00:00,210.4,212.75,209.5,212.05
2025-08-28 19:00:00,212.06,213.03,209.79,209.94
2025-08-28 20:00:00,209.95,213.64,209.64,213.21
2025-08-28 21:00:00,213.22,213.94,211.9,213.71
2025-08-28 22:00:00,213.71,215.73,213.55,214.22
2025-08-28 23:00:00,214.22,215.31,213.71,214.43
2025-08-29 00:00:00,214.43,217.97,214.09,215.07
2025-08-29 01:00:00,215.07,215.43,212,213.47
2025-08-29 02:00:00,213.47,217.5,212.77,215.3
2025-08-29 03:00:00,215.31,217.8,214.22,216.86
2025-08-29 04:00:00,216.86,218,216.07,217.13
2025-08-29 05:00:00,217.13,217.25,214.66,215.8
2025-08-29 06:00:00,215.81,216.21,212.7,212.73
2025-08-29 07:00:00,212.73,212.73,207.8,208.77
2025-08-29 08:00:00,208.78,210.07,206.15,206.82
2025-08-29 09:00:00,206.81,207.88,205.34,207.71
2025-08-29 10:00:00,207.7,209.38,206.89,207.57
2025-08-29 11:00:00,207.57,209.18,206.73,207.62
2025-08-29 12:00:00,207.61,214.94,207.12,211.9
2025-08-29 13:00:00,211.9,212,207.63,209
2025-08-29 14:00:00,209,211,206.87,207.51
2025-08-29 15:00:00,207.52,210.55,203.81,204.46
2025-08-29 16:00:00,204.46,205.5,202.74,204.84
2025-08-29 17:00:00,204.83,204.9,202.1,202.51
2025-08-29 18:00:00,202.51,203.25,201.34,202.11
2025-08-29 19:00:00,202.1,204.56,201.66,202.95
2025-08-29 20:00:00,202.95,203.51,200.78,201.02
2025-08-29 21:00:00,201.01,204,199.85,203.76
2025-08-29 22:00:00,203.76,204,202.47,203.15
2025-08-29 23:00:00,203.15,205.5,203.14,205.08
2025-08-30 00:00:00,205.09,205.38,203.53,205
2025-08-30 01:00:00,204.99,205.16,200.9,201.12
2025-08-30 02:00:00,201.13,203.71,200.68,203.32
2025-08-30 03:00:00,203.32,206.65,203.18,205.61
2025-08-30 04:00:00,205.61,206.54,204.61,204.65
2025-08-30 05:00:00,204.65,207.06,204.37,206.09
2025-08-30 06:00:00,206.09,206.64,205.04,205.1
2025-08-30 07:00:00,205.1,205.66,204.46,205.14
2025-08-30 08:00:00,205.13,205.56,202.61,203.02
2025-08-30 09:00:00,203.02,203.36,201.65,202.42
2025-08-30 10:00:00,202.43,203.31,201.78,202.71
2025-08-30 11:00:00,202.7,202.9,201.77,202.64
2025-08-30 12:00:00,202.64,202.67,199.26,200.6
2025-08-30 13:00:00,200.61,200.65,197.52,199.17
2025-08-30 14:00:00,199.16,200.52,198.22,199.96
2025-08-30 15:00:00,199.96,201.67,199.46,201.05
2025-08-30 16:00:00,201.05,201.06,199.74,200.37
2025-08-30 17:00:00,200.38,201.61,200,200.93
2025-08-30 18:00:00,200.92,201.59,200.5,201.04
2025-08-30 19:00:00,201.04,201.41,200.59,201.25
2025-08-30 20:00:00,201.25,201.3,199.75,200.67
2025-08-30 21:00:00,200.66,201.28,200.2,200.61
2025-08-30 22:00:00,200.6,201.58,200.08,201.44
2025-08-30 23:00:00,201.43,203.33,201.38,202.7
2025-08-31 00:00:00,202.7,205.98,202.69,205.43
2025-08-31 01:00:00,205.44,206.64,204.18,206.41
2025-08-31 02:00:00,206.41,206.66,204.89,205.04
2025-08-31 03:00:00,205.03,205.7,204.82,205.58
2025-08-31 04:00:00,205.57,205.65,203.47,204.42
2025-08-31 05:00:00,204.43,204.9,203.89,204.64
2025-08-31 06:00:00,204.65,204.89,202.73,202.94
2025-08-31 07:00:00,202.94,203.92,202.92,203.55
2025-08-31 08:00:00,203.56,206,203.53,205.81
2025-08-31 09:00:00,205.81,205.85,203.89,204.05
2025-08-31 10:00:00,204.05,204.52,202.73,203.54
2025-08-31 11:00:00,203.55,203.84,202.23,203.65
2025-08-31 12:00:00,203.65,203.79,202.42,203.39
2025-08-31 13:00:00,203.38,203.82,201.73,202.08
2025-08-31 14:00:00,202.09,203.94,201.5,203.75
2025-08-31 15:00:00,203.76,204.89,203.6,204.58
2025-08-31 16:00:00,204.58,205.3,203.68,205.11
2025-08-31 17:00:00,205.12,205.7,204.52,204.96
2025-08-31 18:00:00,204.95,205.73,204.68,205.67
2025-08-31 19:00:00,205.67,205.99,204.45,204.62
2025-08-31 20:00:00,204.61,205.22,204.33,204.84
2025-08-31 21:00:00,204.83,205.42,204.25,205.37
2025-08-31 22:00:00,205.38,205.78,203.45,203.75
2025-08-31 23:00:00,203.74,203.91,200.28,200.62
2025-09-01 00:00:00,200.62,201.43,198.49,200.44
2025-09-01 01:00:00,200.44,202.49,199.88,200.97
2025-09-01 02:00:00,200.97,201.24,196.03,197.53
2025-09-01 03:00:00,197.53,198.75,196.93,198.42
2025-09-01 04:00:00,198.41,198.49,196.77,197.54
2025-09-01 05:00:00,197.54,198.97,196.61,198.4
2025-09-01 06:00:00,198.4,199.48,197.53,198.78
2025-09-01 07:00:00,198.77,202.93,197.86,202.92
2025-09-01 08:00:00,202.92,204.58,202.4,203.08
2025-09-01 09:00:00,203.07,203.84,201.01,201.04
2025-09-01 10:00:00,201.04,201.59,198.36,199.47
2025-09-01 11:00:00,199.47,199.68,198.67,199.4
2025-09-01 12:00:00,199.41,200.49,198.77,199.6
2025-09-01 13:00:00,199.61,201.13,198.94,199.68
2025-09-01 14:00:00,199.68,200.72,198.94,200.22
2025-09-01 15:00:00,200.21,200.87,197.67,198.37
2025-09-01 16:00:00,198.36,198.98,197.44,198.56
2025-09-01 17:00:00,198.56,199.12,197.27,198.55
2025-09-01 18:00:00,198.54,199.52,198.42,199.23
2025-09-01 19:00:00,199.23,200.16,199.14,200.16
2025-09-01 20:00:00,200.16,200.17,196.16,197.71
2025-09-01 21:00:00,197.71,197.8,194.43,195.06
2025-09-01 22:00:00,195.07,195.97,194.19,195.76
2025-09-01 23:00:00,195.76,197.44,195.47,197.32
2025-09-02 00:00:00,197.32,197.99,196.77,197.71
2025-09-02 01:00:00,197.71,200.02,197.24,199.27
2025-09-02 02:00:00,199.26,202.4,198.84,202.25
2025-09-02 03:00:00,202.25,203.36,201.58,201.85
2025-09-02 04:00:00,201.86,203.14,201.39,203
2025-09-02 05:00:00,203,203.5,201.94,203.26
2025-09-02 06:00:00,203.27,204.45,203.14,204.1
2025-09-02 07:00:00,204.11,204.2,201.85,202.12
2025-09-02 08:00:00,202.12,203.9,202.03,203.1
2025-09-02 09:00:00,203.1,204.39,202.81,204.39
2025-09-02 10:00:00,204.39,204.45,203.39,203.71
2025-09-02 11:00:00,203.71,203.78,201.67,201.98
2025-09-02 12:00:00,201.97,202.23,197.37,197.99
2025-09-02 13:00:00,197.99,204.3,197.81,204.05
2025-09-02 14:00:00,204.04,205.15,202.66,204.37
2025-09-02 15:00:00,204.36,204.62,199.77,200.3
2025-09-02 16:00:00,200.29,201.99,199.48,201.47
2025-09-02 17:00:00,201.48,205.36,201.48,204.8
2025-09-02 18:00:00,204.79,206.52,203.33,205.65
2025-09-02 19:00:00,205.66,207,204.43,205.54
2025-09-02 20:00:00,205.53,208.23,204.91,206.73
2025-09-02 21:00:00,206.73,208,206.65,207.26
2025-09-02 22:00:00,207.26,208.87,206.63,208.66
2025-09-02 23:00:00,208.66,209.68,207.96,209.65
2025-09-03 00:00:00,209.64,210.47,207.88,208.37
2025-09-03 01:00:00,208.36,211.84,207.42,211.47
2025-09-03 02:00:00,211.46,211.97,210.34,211.28
2025-09-03 03:00:00,211.27,211.84,209.32,210.03
2025-09-03 04:00:00,210.02,210.46,209.21,210.28
2025-09-03 05:00:00,210.28,210.48,208.93,209.03
2025-09-03 06:00:00,209.04,209.45,207.94,208.44
2025-09-03 07:00:00,208.44,209.41,208.04,209.36
2025-09-03 08:00:00,209.36,210.75,208.93,209.4
2025-09-03 09:00:00,209.4,209.68,208.15,209.61
2025-09-03 10:00:00,209.62,210.37,208.93,209.92
2025-09-03 11:00:00,209.91,211.34,209.65,210.38
2025-09-03 12:00:00,210.37,211.4,208.69,209.14
2025-09-03 13:00:00,209.14,213.02,209.1,211.62
2025-09-03 14:00:00,211.63,212.66,210.35,212.07
2025-09-03 15:00:00,212.07,212.66,210.91,211.37
2025-09-03 16:00:00,211.37,211.97,209.46,209.93
2025-09-03 17:00:00,209.93,211.56,209.93,210.81
2025-09-03 18:00:00,210.8,211.19,208.83,209.68
2025-09-03 19:00:00,209.67,210.48,209.29,210.38
2025-09-03 20:00:00,210.38,210.46,209.22,209.43
2025-09-03 21:00:00,209.42,209.52,208.38,208.88
2025-09-03 22:00:00,208.88,209.89,208.51,209.88
2025-09-03 23:00:00,209.89,210.96,209.65,210.77
2025-09-04 00:00:00,210.77,211.94,210.45,211.23
2025-09-04 01:00:00,211.24,211.25,209.75,210.39
2025-09-04 02:00:00,210.39,210.54,207.47,208.25
2025-09-04 03:00:00,208.25,208.67,207.57,208.19
2025-09-04 04:00:00,208.19,208.56,206.94,207.17
2025-09-04 05:00:00,207.17,207.17,205.68,206.79
2025-09-04 06:00:00,206.79,207.22,206.31,206.33
2025-09-04 07:00:00,206.33,207.44,206.25,206.68
2025-09-04 08:00:00,206.68,208.15,206.58,207.06
2025-09-04 09:00:00,207.07,208.12,207.07,208.06
2025-09-04 10:00:00,208.06,208.79,207.54,207.54
2025-09-04 11:00:00,207.53,208.42,207,207.22
2025-09-04 12:00:00,207.23,208.5,207,208.37
2025-09-04 13:00:00,208.36,208.48,206.33,207.06
2025-09-04 14:00:00,207.05,207.71,204.18,205.39
2025-09-04 15:00:00,205.39,205.41,203.38,203.76
2025-09-04 16:00:00,203.77,204.87,203.53,204.59
2025-09-04 17:00:00,204.58,205.18,203.94,203.96
2025-09-04 18:00:00,203.97,204.71,202.28,203.08
2025-09-04 19:00:00,203.07,203.67,201.84,202.12
2025-09-04 20:00:00,202.11,203.79,201.88,202.63
2025-09-04 21:00:00,202.63,204.02,202.47,203.82
2025-09-04 22:00:00,203.81,204.74,202.76,204.19
2025-09-04 23:00:00,204.2,204.82,202.23,202.32
2025-09-05 00:00:00,202.32,202.92,201,201.19
2025-09-05 01:00:00,201.19,203.78,200.95,203.47
2025-09-05 02:00:00,203.47,204.05,202.66,204.04
2025-09-05 03:00:00,204.03,204.03,202.48,203.53
2025-09-05 04:00:00,203.53,204.46,203,204.12
2025-09-05 05:00:00,204.12,204.89,203.92,204.67
2025-09-05 06:00:00,204.67,204.87,203.9,204.86
2025-09-05 07:00:00,204.86,208.43,204.75,207.87
2025-09-05 08:00:00,207.87,207.96,206.49,206.55
2025-09-05 09:00:00,206.56,206.93,204.52,205.88
2025-09-05 10:00:00,205.88,206.62,205.73,206.05
2025-09-05 11:00:00,206.04,207.04,206,206.67
2025-09-05 12:00:00,206.67,209.74,204.93,209.04
2025-09-05 13:00:00,209.05,210,208.39,209.65
2025-09-05 14:00:00,209.66,209.66,201.62,202.24
2025-09-05 15:00:00,202.24,204.45,201.61,203.56
2025-09-05 16:00:00,203.55,204.07,202.5,203.76
2025-09-05 17:00:00,203.76,203.79,202.21,202.41
2025-09-05 18:00:00,202.41,204.7,201.91,204.33
2025-09-05 19:00:00,204.33,205.55,203.88,205.44
2025-09-05 20:00:00,205.43,205.69,204.43,205.56
2025-09-05 21:00:00,205.56,205.67,202.9,203.13
2025-09-05 22:00:00,203.13,204.37,202.7,204.12
2025-09-05 23:00:00,204.11,204.49,203.22,203.36
2025-09-06 00:00:00,203.37,204.29,203.18,203.87
2025-09-06 01:00:00,203.86,204.68,203.49,204.41
2025-09-06 02:00:00,204.42,204.66,203.14,204.31
2025-09-06 03:00:00,204.3,204.57,203.8,204.07
2025-09-06 04:00:00,204.06,204.07,203.21,203.23
2025-09-06 05:00:00,203.23,203.35,202.13,202.26
2025-09-06 06:00:00,202.25,202.64,202.07,202.44
2025-09-06 07:00:00,202.44,203.27,202.4,203.03
2025-09-06 08:00:00,203.03,203.56,202.66,203.49
2025-09-06 09:00:00,203.49,203.49,202.68,202.69
2025-09-06 10:00:00,202.7,203.1,202.42,202.91
2025-09-06 11:00:00,202.91,202.93,201.8,202.38
2025-09-06 12:00:00,202.38,202.87,202.2,202.27
2025-09-06 13:00:00,202.27,202.49,201.41,202.33
2025-09-06 14:00:00,202.33,202.66,201.86,202.05
2025-09-06 15:00:00,202.05,202.28,201.01,201.26
2025-09-06 16:00:00,201.26,202.37,200.75,201.62
2025-09-06 17:00:00,201.62,201.79,199.62,200.15
2025-09-06 18:00:00,200.14,200.81,199.32,200.04
2025-09-06 19:00:00,200.05,200.28,199.37,199.71
2025-09-06 20:00:00,199.7,200.8,199.7,200.8
2025-09-06 21:00:00,200.8,201.2,200.35,200.76
2025-09-06 22:00:00,200.76,201.07,200.01,200.4
2025-09-06 23:00:00,200.39,201,199.92,200.16
2025-09-07 00:00:00,200.17,201.36,200.12,201.15
2025-09-07 01:00:00,201.15,203.19,201.1,202.7
2025-09-07 02:00:00,202.71,202.96,202.02,202.81
2025-09-07 03:00:00,202.81,203.27,202.57,202.86
2025-09-07 04:00:00,202.85,203.09,202.3,203.08
2025-09-07 05:00:00,203.08,203.25,202.76,202.83
2025-09-07 06:00:00,202.82,202.95,202.23,202.28
2025-09-07 07:00:00,202.28,203.3,202.25,202.99
2025-09-07 08:00:00,203,203.94,202.99,203.54
2025-09-07 09:00:00,203.54,203.97,202.72,203.18
2025-09-07 10:00:00,203.18,203.38,202.86,203.38
2025-09-07 11:00:00,203.37,203.99,203.13,203.96
2025-09-07 12:00:00,203.96,204,203.35,203.77
2025-09-07 13:00:00,203.78,203.79,203.08,203.43
2025-09-07 14:00:00,203.43,203.97,203.16,203.68
2025-09-07 15:00:00,203.68,205.55,203.47,205.2
2025-09-07 16:00:00,205.2,205.48,203.39,203.45
2025-09-07 17:00:00,203.46,203.7,201.72,201.98
2025-09-07 18:00:00,201.97,202.26,201.48,202.14
2025-09-07 19:00:00,202.14,203.09,201.87,203.08
2025-09-07 20:00:00,203.08,204.93,202.58,204.92
2025-09-07 21:00:00,204.93,205.16,204.44,204.68
2025-09-07 22:00:00,204.68,207.46,204.34,207.1
2025-09-07 23:00:00,207.1,207.95,206.25,206.35
2025-09-08 00:00:00,206.35,207.1,205.66,205.66
2025-09-08 01:00:00,205.67,207.38,205.59,206.89
2025-09-08 02:00:00,206.89,208,206.12,207.81
2025-09-08 03:00:00,207.82,209,207.49,207.65
2025-09-08 04:00:00,207.64,208.64,206.96,207.82
2025-09-08 05:00:00,207.83,207.93,206.69,207.32
2025-09-08 06:00:00,207.33,207.7,206.66,207.08
2025-09-08 07:00:00,207.08,208.87,207.02,207.92
2025-09-08 08:00:00,207.91,209.48,207.39,208.93
2025-09-08 09:00:00,208.93,210.94,208.65,210.87
2025-09-08 10:00:00,210.87,215.84,210.43,215.22
2025-09-08 11:00:00,215.22,215.3,212.96,214.28
2025-09-08 12:00:00,214.28,215,213.52,214.47
2025-09-08 13:00:00,214.47,216.31,212.8,213.28
2025-09-08 14:00:00,213.28,215.78,212.99,215.27
2025-09-08 15:00:00,215.28,216.83,214.71,215.04
2025-09-08 16:00:00,215.04,215.49,213.88,214.93
2025-09-08 17:00:00,214.93,217,213.98,215.42
2025-09-08 18:00:00,215.43,217,214.78,216.67
2025-09-08 19:00:00,216.67,217.11,214.79,216.15
2025-09-08 20:00:00,216.16,216.22,213.92,214.47
2025-09-08 21:00:00,214.47,215.85,214.25,215.08
2025-09-08 22:00:00,215.08,215.52,214.46,214.69
2025-09-08 23:00:00,214.7,215.24,213.55,214.11
2025-09-09 00:00:00,214.11,214.91,212.2,213.22
2025-09-09 01:00:00,213.21,214,212.08,213.21
2025-09-09 02:00:00,213.21,213.5,210.79,211.62
2025-09-09 03:00:00,211.61,214.78,211.38,214.63
2025-09-09 04:00:00,214.62,215.69,213.96,214.85
2025-09-09 05:00:00,214.85,215.45,214.05,215.23
2025-09-09 06:00:00,215.23,219.76,215.02,218.43
2025-09-09 07:00:00,218.43,219.79,218.3,219.23
2025-09-09 08:00:00,219.23,219.5,218.46,218.99
2025-09-09 09:00:00,218.99,219.29,218.52,218.98
2025-09-09 10:00:00,218.98,219.19,217.42,217.75
2025-09-09 11:00:00,217.75,218.04,217,217.25
2025-09-09 12:00:00,217.24,218.36,216.61,217.64
2025-09-09 13:00:00,217.64,218.48,216.3,218.03
2025-09-09 14:00:00,218.04,218.54,213.23,215.49
2025-09-09 15:00:00,215.49,215.8,211.69,213.07
2025-09-09 16:00:00,213.07,214.98,213,214.17
2025-09-09 17:00:00,214.16,215.69,214.02,214.9
2025-09-09 18:00:00,214.9,216.91,214.45,216.44
2025-09-09 19:00:00,216.44,216.99,215.84,216.34
2025-09-09 20:00:00,216.35,216.4,215.24,216.32
2025-09-09 21:00:00,216.32,216.6,215.17,215.19
2025-09-09 22:00:00,215.19,217.34,215.01,217.21
2025-09-09 23:00:00,217.22,217.8,216.58,217.21
2025-09-10 00:00:00,217.22,217.54,215.09,215.23
2025-09-10 01:00:00,215.22,216.54,215.15,216.31
2025-09-10 02:00:00,216.32,219.65,216.32,219.19
2025-09-10 03:00:00,219.19,219.53,218.06,219.2
2025-09-10 04:00:00,219.2,219.2,217.82,218.4
2025-09-10 05:00:00,218.4,219.29,217.86,218.63
2025-09-10 06:00:00,218.63,219.63,218,219.19
2025-09-10 07:00:00,219.2,222.89,219.09,222.25
2025-09-10 08:00:00,222.25,222.45,220.42,220.74
2025-09-10 09:00:00,220.74,221.25,219.91,220.45
2025-09-10 10:00:00,220.45,220.59,218.77,220.09
2025-09-10 11:00:00,220.09,220.43,218.93,220.25
2025-09-10 12:00:00,220.24,224.9,219.74,223.43
2025-09-10 13:00:00,223.42,226,222.53,224.18
2025-09-10 14:00:00,224.18,225.08,222.31,222.71
2025-09-10 15:00:00,222.7,224.16,222.7,223.17
2025-09-10 16:00:00,223.16,223.97,222.42,223.77
2025-09-10 17:00:00,223.76,224.13,221.55,222.67
2025-09-10 18:00:00,222.66,223.2,221.29,222.86
2025-09-10 19:00:00,222.86,222.89,220.53,221.23
2025-09-10 20:00:00,221.23,222.63,220.95,222.52
2025-09-10 21:00:00,222.53,223.73,222.35,223.47
2025-09-10 22:00:00,223.47,224.65,223.2,224.49
2025-09-10 23:00:00,224.48,224.6,223.67,224.07
2025-09-11 00:00:00,224.06,225.43,223.85,225
2025-09-11 01:00:00,225.01,225.59,224.49,224.82
2025-09-11 02:00:00,224.83,225.05,222.94,223.02
2025-09-11 03:00:00,223.02,224.57,223,224.17
2025-09-11 04:00:00,224.17,224.29,222.58,223.52
2025-09-11 05:00:00,223.52,223.96,221.72,222.27
2025-09-11 06:00:00,222.26,223.62,221.91,223.33
2025-09-11 07:00:00,223.33,223.54,221.94,223.23
2025-09-11 08:00:00,223.23,223.57,222.28,223.5
2025-09-11 09:00:00,223.49,225.23,223.46,224.49
2025-09-11 10:00:00,224.49,225.85,224.34,225.75
2025-09-11 11:00:00,225.74,225.75,224.47,225.03
2025-09-11 12:00:00,225.04,228.8,222.79,226.71
2025-09-11 13:00:00,226.72,228.95,224.26,228.22
2025-09-11 14:00:00,228.23,228.3,225.66,227.09
2025-09-11 15:00:00,227.09,227.25,225.37,226.82
2025-09-11 16:00:00,226.82,228.37,225.3,225.9
2025-09-11 17:00:00,225.9,227.69,225.64,227.49
2025-09-11 18:00:00,227.49,227.74,225.94,226.34
2025-09-11 19:00:00,226.34,226.91,225.92,226.71
2025-09-11 20:00:00,226.69,226.71,225.47,225.57
2025-09-11 21:00:00,225.56,227,225.54,226.72
2025-09-11 22:00:00,226.71,228.58,226.38,228.04
2025-09-11 23:00:00,228.04,228.94,227.96,228.73
2025-09-12 00:00:00,228.73,234.98,228.11,232.99
2025-09-12 01:00:00,232.99,233.94,231.54,232.23
2025-09-12 02:00:00,232.24,233.86,232.15,232.7
2025-09-12 03:00:00,232.69,235.81,232.22,235.09
2025-09-12 04:00:00,235.08,238.2,234.22,237.42
2025-09-12 05:00:00,237.42,239.86,237.05,238.63
2025-09-12 06:00:00,238.64,238.64,237.28,238.15
2025-09-12 07:00:00,238.15,238.89,237.01,237.33
2025-09-12 08:00:00,237.33,238.35,236.72,237.73
2025-09-12 09:00:00,237.73,238.6,237.46,238.46
2025-09-12 10:00:00,238.45,239.29,237.55,239.06
2025-09-12 11:00:00,239.07,239.55,238.51,239.18
2025-09-12 12:00:00,239.18,240.44,237.56,239.34
2025-09-12 13:00:00,239.34,240.1,238.05,239.57
2025-09-12 14:00:00,239.57,241.84,239,240.26
2025-09-12 15:00:00,240.26,240.35,238.51,239.31
2025-09-12 16:00:00,239.32,239.4,237.94,238.82
2025-09-12 17:00:00,238.82,241.3,238.26,240.25
2025-09-12 18:00:00,240.25,241.48,239.87,240.73
2025-09-12 19:00:00,240.74,241.26,239.61,241
2025-09-12 20:00:00,241,241.24,239,239.72
2025-09-12 21:00:00,239.72,240.3,238.33,240.11
2025-09-12 22:00:00,240.12,244.04,240.11,241.16
2025-09-12 23:00:00,241.16,242.7,240,242.18
2025-09-13 00:00:00,242.18,243.75,241.63,243.16
2025-09-13 01:00:00,243.17,244.14,241.58,241.62
2025-09-13 02:00:00,241.62,242.88,240.68,242.51
2025-09-13 03:00:00,242.51,243.99,241.84,243.61
2025-09-13 04:00:00,243.62,243.67,242.52,242.97
2025-09-13 05:00:00,242.98,243.35,241.23,241.69
2025-09-13 06:00:00,241.68,242.8,241.68,242.69
2025-09-13 07:00:00,242.69,243.18,242.35,242.46
2025-09-13 08:00:00,242.45,243.5,242.01,243.49
2025-09-13 09:00:00,243.49,243.72,242.77,243.46
2025-09-13 10:00:00,243.46,243.46,242.22,242.64
2025-09-13 11:00:00,242.64,242.65,241.26,241.93
2025-09-13 12:00:00,241.93,242.55,241.31,242.44
2025-09-13 13:00:00,242.45,243.09,237.93,240.06
2025-09-13 14:00:00,240.06,241.08,238.59,240.35
2025-09-13 15:00:00,240.35,240.86,238.5,239.43
2025-09-13 16:00:00,239.43,239.69,237.33,237.52
2025-09-13 17:00:00,237.53,238.41,235.73,237.8
2025-09-13 18:00:00,237.8,238.86,237.15,238.42
2025-09-13 19:00:00,238.42,239.33,238.06,238.98
2025-09-13 20:00:00,238.98,240.39,238.84,240.23
2025-09-13 21:00:00,240.24,241.45,239.88,240.1
2025-09-13 22:00:00,240.11,242.04,239.99,241.89
2025-09-13 23:00:00,241.89,243.18,241.71,242.38
2025-09-14 00:00:00,242.38,244.09,242.2,243.5
2025-09-14 01:00:00,243.5,246.59,242.81,245.79
2025-09-14 02:00:00,245.79,249.2,245.75,248.68
2025-09-14 03:00:00,248.68,249.6,246.8,246.89
2025-09-14 04:00:00,246.89,248.01,244.5,246.24
2025-09-14 05:00:00,246.25,248.08,246.04,247.71
2025-09-14 06:00:00,247.72,248.4,246.24,247.05
2025-09-14 07:00:00,247.05,247.24,245.71,246.39
2025-09-14 08:00:00,246.4,247.1,245.88,246.42
2025-09-14 09:00:00,246.42,247.76,246.13,247.76
2025-09-14 10:00:00,247.75,248.09,246.98,247.67
2025-09-14 11:00:00,247.67,247.92,245.58,246.09
2025-09-14 12:00:00,246.1,246.77,244.69,245.26
2025-09-14 13:00:00,245.27,245.92,243.31,243.8
2025-09-14 14:00:00,243.79,245.1,241.53,243.24
2025-09-14 15:00:00,243.24,244.27,241.87,243.81
2025-09-14 16:00:00,243.81,245.84,243.43,245.16
2025-09-14 17:00:00,245.16,248.45,244.51,247.92
2025-09-14 18:00:00,247.93,247.96,244.66,244.66
2025-09-14 19:00:00,244.67,245.29,242.13,242.51
2025-09-14 20:00:00,242.5,243.47,240.99,242.45
2025-09-14 21:00:00,242.45,244.72,240.57,244.14
2025-09-14 22:00:00,244.15,244.29,240.79,242.99
2025-09-14 23:00:00,242.98,242.98,239.23,239.76
2025-09-15 00:00:00,239.75,242.16,239.66,240.68
2025-09-15 01:00:00,240.69,241.77,239.15,241.11
2025-09-15 02:00:00,241.12,242.76,240.34,242.1
2025-09-15 03:00:00,242.1,243.41,242.01,242.64
2025-09-15 04:00:00,242.65,243.51,242.04,242.83
2025-09-15 05:00:00,242.83,243.97,242.59,243.97
2025-09-15 06:00:00,243.96,244,239.59,240.31
2025-09-15 07:00:00,240.31,241.28,236.17,237.98
2025-09-15 08:00:00,237.98,238.11,231.77,232.07
2025-09-15 09:00:00,232.07,235.6,231.55,235.59
2025-09-15 10:00:00,235.58,236.84,234.02,236.18
2025-09-15 11:00:00,236.18,236.95,235.19,236.45
2025-09-15 12:00:00,236.46,238.16,234.42,234.8
2025-09-15 13:00:00,234.8,237.12,234.14,235.2
2025-09-15 14:00:00,235.2,235.64,232.72,233.44
2025-09-15 15:00:00,233.44,234.41,231.96,233
2025-09-15 16:00:00,233,233.66,230.74,231.39
2025-09-15 17:00:00,231.38,233.37,230.15,233.3
2025-09-15 18:00:00,233.29,233.6,232.22,233.24
2025-09-15 19:00:00,233.24,234.67,231.8,233
2025-09-15 20:00:00,232.99,234.47,232.78,234.34
2025-09-15 21:00:00,234.35,235.37,233.71,235.18
2025-09-15 22:00:00,235.18,235.34,233.7,233.94
2025-09-15 23:00:00,233.93,234.52,233.04,234.31
2025-09-16 00:00:00,234.32,234.7,232.87,233.8
2025-09-16 01:00:00,233.81,235.7,233.79,233.97
2025-09-16 02:00:00,233.97,235.05,233.83,233.87
2025-09-16 03:00:00,233.87,235.8,233.85,235.08
2025-09-16 04:00:00,235.09,235.25,232.97,234.49
2025-09-16 05:00:00,234.49,236.61,234.37,236.55
2025-09-16 06:00:00,236.56,237.03,234.75,235.87
2025-09-16 07:00:00,235.87,236.43,235.35,235.77
2025-09-16 08:00:00,235.77,236.93,235.12,236.1
2025-09-16 09:00:00,236.11,236.36,234.87,235.31
2025-09-16 10:00:00,235.3,236,234.77,235.25
2025-09-16 11:00:00,235.25,235.91,234.81,235.37
2025-09-16 12:00:00,235.36,235.89,234.45,235.26
2025-09-16 13:00:00,235.25,235.64,231.29,233.09
2025-09-16 14:00:00,233.08,234.35,231.26,234.14
2025-09-16 15:00:00,234.14,238.09,233.13,237.79
2025-09-16 16:00:00,237.79,239.27,236.24,238.25
2025-09-16 17:00:00,238.24,240.95,237.83,238.16
2025-09-16 18:00:00,238.15,239.08,236.85,237.64
2025-09-16 19:00:00,237.63,238.36,237.13,237.82
2025-09-16 20:00:00,237.82,238.4,237.32,238.29
2025-09-16 21:00:00,238.3,238.78,237.13,238.54
2025-09-16 22:00:00,238.54,239.03,237.2,237.92
2025-09-16 23:00:00,237.92,238.21,236.44,236.96
2025-09-17 00:00:00,236.96,237.05,235.48,236.23
2025-09-17 01:00:00,236.24,236.95,235.84,236.29
2025-09-17 02:00:00,236.3,237.85,235.84,236.33
2025-09-17 03:00:00,236.32,236.52,233.84,234.07
2025-09-17 04:00:00,234.07,234.72,233.44,233.73
2025-09-17 05:00:00,233.73,235.44,233.2,235.07
2025-09-17 06:00:00,235.07,236.71,234.78,236.09
2025-09-17 07:00:00,236.09,238.09,235.74,237.69
2025-09-17 08:00:00,237.69,237.73,235.06,235.87
2025-09-17 09:00:00,235.86,236.31,235.2,235.2
2025-09-17 10:00:00,235.2,236.38,233.66,234.16
2025-09-17 11:00:00,234.16,234.7,233.92,234.17
2025-09-17 12:00:00,234.18,235.29,233.96,234.78
2025-09-17 13:00:00,234.78,235.99,234.19,235.48
2025-09-17 14:00:00,235.48,235.93,233.56,233.96
2025-09-17 15:00:00,233.96,235.2,233.62,233.9
2025-09-17 16:00:00,233.9,234.74,232.27,234.07
2025-09-17 17:00:00,234.06,237.21,232.5,232.51
2025-09-17 18:00:00,232.65,238.42,232.23,233.67
2025-09-17 19:00:00,233.67,239.1,233.53,238.74
2025-09-17 20:00:00,238.74,241.24,237.61,238.01
2025-09-17 21:00:00,238,240.68,236.01,240.26
2025-09-17 22:00:00,240.26,245.72,240.26,244.89
2025-09-17 23:00:00,244.89,246.62,243.79,244.84
2025-09-18 00:00:00,244.84,246.09,244.16,244.73
2025-09-18 01:00:00,244.72,247.5,244.49,246.3
2025-09-18 02:00:00,246.31,246.6,245.07,246.42
2025-09-18 03:00:00,246.41,247.99,246.11,246.72
2025-09-18 04:00:00,246.71,246.97,245.58,246.27
2025-09-18 05:00:00,246.26,246.36,244.33,244.93
2025-09-18 06:00:00,244.93,245.06,242.58,244.28
2025-09-18 07:00:00,244.27,245.31,244.27,244.75
2025-09-18 08:00:00,244.75,247.17,244.34,247.03
2025-09-18 09:00:00,247.02,247.13,246.13,247.09
2025-09-18 10:00:00,247.09,247.11,245.31,246.05
2025-09-18 11:00:00,246.06,247.04,245.64,245.97
2025-09-18 12:00:00,245.96,246.9,245.84,246.04
2025-09-18 13:00:00,246.04,248.39,245.01,246.15
2025-09-18 14:00:00,246.15,248.15,246.1,247.73
2025-09-18 15:00:00,247.74,248.99,247.29,248.24
2025-09-18 16:00:00,248.25,250.22,247.65,249.83
2025-09-18 17:00:00,249.82,253.51,249.24,251.38
2025-09-18 18:00:00,251.38,251.45,249.83,250.43
2025-09-18 19:00:00,250.43,250.49,247.33,248.36
2025-09-18 20:00:00,248.36,249.22,247.84,248.33
2025-09-18 21:00:00,248.33,248.65,247.44,247.61
2025-09-18 22:00:00,247.62,248.16,246.9,247.09
2025-09-18 23:00:00,247.09,247.73,245.88,247.5
2025-09-19 00:00:00,247.5,248.33,247.16,248.18
2025-09-19 01:00:00,248.19,248.57,246.8,247.47
2025-09-19 02:00:00,247.47,248.03,246.42,246.71
2025-09-19 03:00:00,246.71,247.74,244.66,245
2025-09-19 04:00:00,245,245.39,242.83,245.02
2025-09-19 05:00:00,245.02,245.73,244.29,245.67
2025-09-19 06:00:00,245.67,245.68,243.51,243.63
2025-09-19 07:00:00,243.63,244.88,243.16,243.82
2025-09-19 08:00:00,243.81,244.83,243.46,243.8
2025-09-19 09:00:00,243.8,244.31,242.14,242.87
2025-09-19 10:00:00,242.87,243,241.76,242.32
2025-09-19 11:00:00,242.32,242.42,240,240.91
2025-09-19 12:00:00,240.92,242.07,240.44,240.84
2025-09-19 13:00:00,240.83,242.31,240.66,242.11
2025-09-19 14:00:00,242.11,242.71,239.54,239.6
2025-09-19 15:00:00,239.59,239.6,235.81,237.54
2025-09-19 16:00:00,237.54,238.87,237.21,238.62
2025-09-19 17:00:00,238.62,238.69,236.45,236.65
2025-09-19 18:00:00,236.64,237.08,235.12,236.98
2025-09-19 19:00:00,236.97,237.94,235.91,235.98
2025-09-19 20:00:00,235.98,237.75,235.98,237
2025-09-19 21:00:00,237,238.4,236.41,238.39
2025-09-19 22:00:00,238.4,238.85,238.32,238.53
2025-09-19 23:00:00,238.52,238.56,236.78,238.53
2025-09-20 00:00:00,238.53,239.7,238.26,239.67
2025-09-20 01:00:00,239.67,239.96,238.4,238.4
2025-09-20 02:00:00,238.4,238.52,237.36,238.37
2025-09-20 03:00:00,238.37,238.4,237.74,238.09
2025-09-20 04:00:00,238.09,238.87,237.73,238.7
2025-09-20 05:00:00,238.69,239.49,238.46,239.42
2025-09-20 06:00:00,239.41,239.44,238.72,239.15
2025-09-20 07:00:00,239.14,239.78,238.98,239.78
2025-09-20 08:00:00,239.77,239.78,237.5,237.62
2025-09-20 09:00:00,237.62,238.1,237.19,237.24
2025-09-20 10:00:00,237.24,237.83,236.91,237.32
2025-09-20 11:00:00,237.33,238.45,237.33,238.14
2025-09-20 12:00:00,238.14,238.21,237.27,237.67
2025-09-20 13:00:00,237.66,238.09,237.37,237.44
2025-09-20 14:00:00,237.44,238.99,237.05,238.77
2025-09-20 15:00:00,238.77,241.22,238.77,240.1
2025-09-20 16:00:00,240.11,241.1,239.23,240.39
2025-09-20 17:00:00,240.4,240.56,238.92,239.14
2025-09-20 18:00:00,239.13,239.13,238.23,238.41
2025-09-20 19:00:00,238.41,239.05,237.97,238.64
2025-09-20 20:00:00,238.64,240.04,238.44,239.73
2025-09-20 21:00:00,239.73,240.31,239.48,239.8
2025-09-20 22:00:00,239.79,240.21,239.35,240.11
2025-09-20 23:00:00,240.11,240.21,239.01,239.48
2025-09-21 00:00:00,239.48,240.69,238.96,240.68
2025-09-21 01:00:00,240.68,240.77,239.9,240.12
2025-09-21 02:00:00,240.12,241.12,239.89,241.12
2025-09-21 03:00:00,241.12,241.79,240.48,241.78
2025-09-21 04:00:00,241.78,241.82,240.36,240.51
2025-09-21 05:00:00,240.51,240.8,240.16,240.39
2025-09-21 06:00:00,240.4,241.07,240.14,240.31
2025-09-21 07:00:00,240.31,240.31,239.45,239.87
2025-09-21 08:00:00,239.87,240.09,238.53,238.84
2025-09-21 09:00:00,238.84,239.02,237.1,238.48
2025-09-21 10:00:00,238.48,239.21,238.04,238.38
2025-09-21 11:00:00,238.38,239.06,238.2,238.64
2025-09-21 12:00:00,238.64,240.05,238.54,239.5
2025-09-21 13:00:00,239.49,240.28,239.18,239.52
2025-09-21 14:00:00,239.51,239.91,238.45,238.58
2025-09-21 15:00:00,238.57,238.74,237.7,237.91
2025-09-21 16:00:00,237.91,238.41,236.08,237.04
2025-09-21 17:00:00,237.04,237.85,236.27,237.82
2025-09-21 18:00:00,237.83,238.13,237.2,238.12
2025-09-21 19:00:00,238.12,238.17,237.15,237.99
2025-09-21 20:00:00,237.99,238.03,237.24,237.64
2025-09-21 21:00:00,237.64,237.76,236.7,237.28
2025-09-21 22:00:00,237.28,238.11,235.32,237.92
2025-09-21 23:00:00,237.93,237.93,235.96,236.16
2025-09-22 00:00:00,236.16,236.96,231.17,232.27
2025-09-22 01:00:00,232.27,234.75,232,233.19
2025-09-22 02:00:00,233.18,233.97,230.5,231.69
2025-09-22 03:00:00,231.7,233.05,231.65,232.81
2025-09-22 04:00:00,232.81,233.16,231.56,231.74
2025-09-22 05:00:00,231.73,231.94,224.78,224.99
2025-09-22 06:00:00,224.98,225.33,214.5,224.44
2025-09-22 07:00:00,224.44,224.49,221.82,221.88
2025-09-22 08:00:00,221.88,222.78,220.96,221.5
2025-09-22 09:00:00,221.5,221.66,219.32,220.48
2025-09-22 10:00:00,220.48,222.67,219.93,222.41
2025-09-22 11:00:00,222.4,222.78,221.09,221.49
2025-09-22 12:00:00,221.49,222.97,220.61,222.9
2025-09-22 13:00:00,222.9,224.03,221.36,223.74
2025-09-22 14:00:00,223.73,224,220.95,221.38
2025-09-22 15:00:00,221.38,221.77,219.91,220.73
2025-09-22 16:00:00,220.73,221.53,219.17,219.71
2025-09-22 17:00:00,219.71,221.4,217.8,221.08
2025-09-22 18:00:00,221.08,221.2,219.45,219.45
2025-09-22 19:00:00,219.45,219.59,216.56,217.1
2025-09-22 20:00:00,217.1,219.75,216.45,219.44
2025-09-22 21:00:00,219.45,221.1,218.97,220.89
2025-09-22 22:00:00,220.89,220.89,219.7,219.83
2025-09-22 23:00:00,219.82,220.58,219.72,220.38
2025-09-23 00:00:00,220.39,221.41,219.42,219.7
2025-09-23 01:00:00,219.69,219.91,216.54,216.6
2025-09-23 02:00:00,216.6,217.86,213.22,214.1
2025-09-23 03:00:00,214.1,217.82,212.34,216.94
2025-09-23 04:00:00,216.94,217.42,214.02,215.78
2025-09-23 05:00:00,215.77,217.81,214.68,216.96
2025-09-23 06:00:00,216.96,220.26,216.95,219.23
2025-09-23 07:00:00,219.22,219.47,218.63,219
2025-09-23 08:00:00,219,220.35,218.45,220.07
2025-09-23 09:00:00,220.06,220.86,218.24,218.67
2025-09-23 10:00:00,218.67,219.26,218.23,219.08
2025-09-23 11:00:00,219.08,219.63,217.87,219.34
2025-09-23 12:00:00,219.33,220.65,218.74,219.89
2025-09-23 13:00:00,219.88,220.18,218.56,219.04
2025-09-23 14:00:00,219.05,220.65,217.61,217.7
2025-09-23 15:00:00,217.7,219.93,216.97,219.28
2025-09-23 16:00:00,219.27,221.71,217.85,220.43
2025-09-23 17:00:00,220.42,220.61,215.91,216.73
2025-09-23 18:00:00,216.74,217.21,215.12,215.76
2025-09-23 19:00:00,215.75,217.16,214.35,214.52
2025-09-23 20:00:00,214.51,215.32,212.96,215.27
2025-09-23 21:00:00,215.27,216.68,214.47,215.84
2025-09-23 22:00:00,215.83,216.45,214.76,215.29
2025-09-23 23:00:00,215.29,215.96,213.22,213.3
2025-09-24 00:00:00,213.29,215.61,213.29,213.45
2025-09-24 01:00:00,213.45,216.42,212.82,216.2
2025-09-24 02:00:00,216.21,216.45,213.27,214.29
2025-09-24 03:00:00,214.28,214.68,207.41,208.51
2025-09-24 04:00:00,208.5,209.19,204.81,208.04
2025-09-24 05:00:00,208.04,210.55,207.82,209.74
2025-09-24 06:00:00,209.73,211.43,208.62,210.96
2025-09-24 07:00:00,210.97,211.02,209.53,210.63
2025-09-24 08:00:00,210.63,211.2,210.02,210.88
2025-09-24 09:00:00,210.89,211.18,209.83,210.98
2025-09-24 10:00:00,210.98,211.47,210.12,210.9
2025-09-24 11:00:00,210.9,212.6,210.73,212.35
2025-09-24 12:00:00,212.36,213.4,211.79,211.95
2025-09-24 13:00:00,211.96,213.14,211.43,211.62
2025-09-24 14:00:00,211.61,216.24,211.41,215.61
2025-09-24 15:00:00,215.62,216.05,213.28,213.61
2025-09-24 16:00:00,213.6,214.45,213.21,213.87
2025-09-24 17:00:00,213.88,215.51,213.5,215.17
2025-09-24 18:00:00,215.17,215.2,213.35,213.92
2025-09-24 19:00:00,213.93,214.21,212.41,213.18
2025-09-24 20:00:00,213.18,213.24,210.9,212.11
2025-09-24 21:00:00,212.11,212.61,210.72,211.28
2025-09-24 22:00:00,211.28,212.32,210.94,211.74
2025-09-24 23:00:00,211.75,212.24,211.3,211.6
2025-09-25 00:00:00,211.61,212.44,210.26,210.73
2025-09-25 01:00:00,210.72,211.22,207.73,208.22
2025-09-25 02:00:00,208.23,211.97,206.82,210.06
2025-09-25 03:00:00,210.06,210.13,206.02,207.3
2025-09-25 04:00:00,207.3,207.63,202.76,204.36
2025-09-25 05:00:00,204.35,205.91,203.25,205.45
2025-09-25 06:00:00,205.44,205.73,203.33,203.64
2025-09-25 07:00:00,203.63,205.24,203.3,204.19
2025-09-25 08:00:00,204.19,205.77,203.62,204.32
2025-09-25 09:00:00,204.32,205.91,201.76,202.25
2025-09-25 10:00:00,202.26,203.69,201.93,202
2025-09-25 11:00:00,202,202.53,200.69,201.35
2025-09-25 12:00:00,201.34,202.57,197.03,198.59
2025-09-25 13:00:00,198.59,201.62,197.57,200.79
2025-09-25 14:00:00,200.79,204.06,200.79,202.65
2025-09-25 15:00:00,202.65,203.27,200.37,201.15
2025-09-25 16:00:00,201.14,201.95,198.38,198.72
2025-09-25 17:00:00,198.71,198.93,193.6,194.84
2025-09-25 18:00:00,194.84,199.6,194.43,199.45
2025-09-25 19:00:00,199.46,200.89,197.34,198.09
2025-09-25 20:00:00,198.09,198.7,195.21,196.22
2025-09-25 21:00:00,196.22,197.38,194.75,196.35
2025-09-25 22:00:00,196.35,197.58,193.9,194.64
2025-09-25 23:00:00,194.64,196.07,191.32,192.74
2025-09-26 00:00:00,192.73,195.97,192.53,195.71
2025-09-26 01:00:00,195.71,197.18,195.18,195.9
2025-09-26 02:00:00,195.89,197.55,195.44,196.46
2025-09-26 03:00:00,196.46,197.37,195.15,196.47
2025-09-26 04:00:00,196.47,197.42,195.1,195.76
2025-09-26 05:00:00,195.76,197.29,194.43,195.08
2025-09-26 06:00:00,195.09,196.99,193.75,195.2
2025-09-26 07:00:00,195.2,196.85,194.05,196.31
2025-09-26 08:00:00,196.31,196.98,195.76,196.15
2025-09-26 09:00:00,196.15,196.56,193.74,194.63
2025-09-26 10:00:00,194.63,194.7,191.78,192.11
2025-09-26 11:00:00,192.11,194,190.8,193.47
2025-09-26 12:00:00,193.46,198.31,192.15,196.67
2025-09-26 13:00:00,196.67,197.37,194.44,197.16
2025-09-26 14:00:00,197.16,197.36,193.28,194.42
2025-09-26 15:00:00,194.42,196.83,194.21,196.02
2025-09-26 16:00:00,196.02,199.8,195.81,199.6
2025-09-26 17:00:00,199.59,202.03,199.19,201.4
2025-09-26 18:00:00,201.4,202.66,200.87,201.83
2025-09-26 19:00:00,201.83,201.97,198.92,200.68
2025-09-26 20:00:00,200.68,200.94,199.56,199.96
2025-09-26 21:00:00,199.96,202.68,199.74,202.32
2025-09-26 22:00:00,202.32,203.97,201.86,203.57
2025-09-26 23:00:00,203.57,205.52,202.83,205.17
2025-09-27 00:00:00,205.16,205.35,204.04,205.19
2025-09-27 01:00:00,205.18,205.43,203.57,204.35
2025-09-27 02:00:00,204.35,204.77,203.62,203.7
2025-09-27 03:00:00,203.71,205.09,203.58,203.88
2025-09-27 04:00:00,203.88,204.12,203.16,203.66
2025-09-27 05:00:00,203.65,203.65,202.23,202.48
2025-09-27 06:00:00,202.47,202.65,201.76,202.64
2025-09-27 07:00:00,202.65,203.11,201.52,202.05
2025-09-27 08:00:00,202.05,202.21,200.86,200.93
2025-09-27 09:00:00,200.93,201.57,199.88,201.18
2025-09-27 10:00:00,201.17,202.07,200.49,201.63
2025-09-27 11:00:00,201.63,202.03,201.28,201.71
2025-09-27 12:00:00,201.71,203.07,200.97,202.45
2025-09-27 13:00:00,202.45,203.39,202.17,202.9
2025-09-27 14:00:00,202.89,203.77,202.33,202.69
2025-09-27 15:00:00,202.68,203.69,201.8,203.52
2025-09-27 16:00:00,203.52,203.61,202.72,202.93
2025-09-27 17:00:00,202.92,202.95,200.89,201.87
2025-09-27 18:00:00,201.86,202.17,200.85,201.64
2025-09-27 19:00:00,201.65,202.33,201.28,202.19
2025-09-27 20:00:00,202.19,202.89,201.89,202.63
2025-09-27 21:00:00,202.62,204.05,202.26,203.8
2025-09-27 22:00:00,203.81,204.89,203.4,203.89
2025-09-27 23:00:00,203.89,204.3,203.24,203.46
2025-09-28 00:00:00,203.47,204.07,202.54,202.95
2025-09-28 01:00:00,202.96,203.19,201,201.13
2025-09-28 02:00:00,201.13,202.06,201,201.48
2025-09-28 03:00:00,201.48,201.97,200.74,201.4
2025-09-28 04:00:00,201.4,201.99,201.2,201.9
2025-09-28 05:00:00,201.9,202.45,201.17,201.28
2025-09-28 06:00:00,201.29,201.8,200.38,201.72
2025-09-28 07:00:00,201.73,202.3,201.16,202.1
2025-09-28 08:00:00,202.1,202.7,201.41,201.81
2025-09-28 09:00:00,201.82,202.02,200.64,200.7
2025-09-28 10:00:00,200.69,201.05,200.21,200.83
2025-09-28 11:00:00,200.82,200.88,199.23,199.86
2025-09-28 12:00:00,199.86,199.98,198,198.43
2025-09-28 13:00:00,198.43,201.4,198.3,201.17
2025-09-28 14:00:00,201.18,202.03,200.44,201.89
2025-09-28 15:00:00,201.89,203.55,201.84,203.42
2025-09-28 16:00:00,203.43,204.75,203.26,204.05
2025-09-28 17:00:00,204.05,205.84,203.97,205.05
2025-09-28 18:00:00,205.05,206.37,204.8,206.12
2025-09-28 19:00:00,206.13,206.67,205.41,206.18
2025-09-28 20:00:00,206.18,207.79,206.02,206.82
2025-09-28 21:00:00,206.82,207.3,206.54,207.22
2025-09-28 22:00:00,207.23,209.98,207.23,209.54
2025-09-28 23:00:00,209.55,211,209.55,210.83
2025-09-29 00:00:00,210.83,210.89,209,209.19
2025-09-29 01:00:00,209.19,209.95,208.74,209.4
2025-09-29 02:00:00,209.41,210.84,208.94,209.69
2025-09-29 03:00:00,209.7,210.37,209.12,210.28
2025-09-29 04:00:00,210.27,210.64,209.83,210.06
2025-09-29 05:00:00,210.05,210.19,208.77,209.12
2025-09-29 06:00:00,209.12,209.2,207.83,208.14
2025-09-29 07:00:00,208.14,209.36,207.37,208.95
2025-09-29 08:00:00,208.94,209.69,208.26,208.91
2025-09-29 09:00:00,208.9,209.12,207.87,208.2
2025-09-29 10:00:00,208.21,208.32,206.48,206.6
2025-09-29 11:00:00,206.6,207.45,206.02,207.07
2025-09-29 12:00:00,207.07,208.04,205.22,205.37
2025-09-29 13:00:00,205.37,209.49,204.58,208.86
2025-09-29 14:00:00,208.87,212.82,208.69,212.35
2025-09-29 15:00:00,212.34,213.5,209.69,210.07
2025-09-29 16:00:00,210.07,211.57,208.36,208.72
2025-09-29 17:00:00,208.72,210.32,207.67,210.19
2025-09-29 18:00:00,210.18,210.76,209.13,210.76
2025-09-29 19:00:00,210.77,213.5,210.45,212.93
2025-09-29 20:00:00,212.93,214.55,212.51,214.42
2025-09-29 21:00:00,214.41,214.74,213.69,214.16
2025-09-29 22:00:00,214.16,214.3,213.06,213.58
2025-09-29 23:00:00,213.59,213.96,212.43,212.75
2025-09-30 00:00:00,212.74,213.67,211.22,211.34
2025-09-30 01:00:00,211.33,212.97,209.83,210.58
2025-09-30 02:00:00,210.57,211.24,210,210.53
2025-09-30 03:00:00,210.53,211.46,210.12,210.71
2025-09-30 04:00:00,210.71,211.72,210.2,210.22
2025-09-30 05:00:00,210.22,210.75,208.96,210
2025-09-30 06:00:00,210,210.9,209.48,210.31
2025-09-30 07:00:00,210.32,210.82,208.55,209
2025-09-30 08:00:00,208.99,209,207.71,207.77
2025-09-30 09:00:00,207.77,207.94,205.56,205.89
2025-09-30 10:00:00,205.89,207.01,205.53,206.58
2025-09-30 11:00:00,206.58,207.42,205.92,207.08
2025-09-30 12:00:00,207.07,207.48,206,206.19
2025-09-30 13:00:00,206.18,209.64,205.69,207.71
2025-09-30 14:00:00,207.71,208.89,206.08,208.79
2025-09-30 15:00:00,208.8,208.82,204.65,206
2025-09-30 16:00:00,205.99,206.31,204.29,204.78
2025-09-30 18:00:00,206.42,207.87,206.34,207.57
2025-09-30 19:00:00,207.56,209.21,207.13,208.92
2025-09-30 20:00:00,208.92,210.22,208.17,209.86
2025-09-30 21:00:00,209.87,210.98,209.22,209.6
2025-09-30 22:00:00,209.61,210.93,207.81,208.06
2025-09-30 23:00:00,208.06,208.88,207.42,208.68
2025-10-01 00:00:00,208.68,209.42,206.43,207.54
2025-10-01 01:00:00,207.53,210.73,207.13,210.59
2025-10-01 02:00:00,210.58,210.9,209.15,209.19
2025-10-01 03:00:00,209.19,209.59,206.6,206.69
2025-10-01 04:00:00,206.68,209.5,206.31,208.5
2025-10-01 05:00:00,208.5,210,208.47,208.97
2025-10-01 06:00:00,208.98,209.51,207.8,207.98
2025-10-01 07:00:00,207.98,210.34,207.87,210.18
2025-10-01 08:00:00,210.18,217.42,209.86,216.57
2025-10-01 09:00:00,216.57,217.95,215.8,217.58
2025-10-01 10:00:00,217.57,217.74,215.99,216.59
2025-10-01 11:00:00,216.6,217.88,216.58,217.75
2025-10-01 12:00:00,217.75,219.38,217.16,218.5
2025-10-01 13:00:00,218.51,219.96,218.33,219.36
2025-10-01 14:00:00,219.36,220.66,218.87,219.52
2025-10-01 15:00:00,219.52,220.28,218.75,220.25
2025-10-01 16:00:00,220.24,221,218.87,219.09
2025-10-01 17:00:00,219.09,219.75,217.34,217.39
2025-10-01 18:00:00,217.4,219.66,217.39,219.13
2025-10-01 19:00:00,219.13,220.45,219.02,220.05
2025-10-01 20:00:00,220.05,220.27,219.23,219.48
2025-10-01 21:00:00,219.48,219.48,218.41,219.03
2025-10-01 22:00:00,219.04,219.97,219.03,219.58
2025-10-01 23:00:00,219.57,222.77,219.42,222.04
2025-10-02 00:00:00,222.04,222.46,219.71,219.81
2025-10-02 01:00:00,219.81,223.07,219.52,222.83
2025-10-02 02:00:00,222.83,224.09,221.41,223.28
2025-10-02 03:00:00,223.28,225.06,222.86,223.8
2025-10-02 04:00:00,223.81,225.01,222.7,223.82
2025-10-02 05:00:00,223.83,226.74,223.83,224.13
2025-10-02 06:00:00,224.13,225.78,223.55,224.94
2025-10-02 07:00:00,224.93,225.28,222.43,222.9
2025-10-02 08:00:00,222.91,224.75,222.69,224.72
2025-10-02 09:00:00,224.73,225.72,224,225.13
2025-10-02 10:00:00,225.13,225.72,224.81,225.11
2025-10-02 11:00:00,225.11,226.7,224.76,225.27
2025-10-02 12:00:00,225.28,227.44,225,227.26
2025-10-02 13:00:00,227.27,227.44,224.64,226.52
2025-10-02 14:00:00,226.52,226.72,223.11,223.61
2025-10-02 15:00:00,223.61,227.33,222.61,227.18
2025-10-02 16:00:00,227.19,229.29,226.24,228
2025-10-02 17:00:00,227.99,230.34,227.41,229.82
2025-10-02 18:00:00,229.83,233.19,229.76,232.34
2025-10-02 19:00:00,232.34,233.79,231.57,232.3
2025-10-02 20:00:00,232.29,232.63,230.81,232.63
2025-10-02 21:00:00,232.62,234,232.44,232.57
2025-10-02 22:00:00,232.57,233.88,232.12,233.13
2025-10-02 23:00:00,233.12,234.99,232.95,234.74
2025-10-03 00:00:00,234.74,234.79,231.79,231.87
2025-10-03 01:00:00,231.88,232.73,230.56,230.95
2025-10-03 02:00:00,230.95,233.4,230.79,233.29
2025-10-03 03:00:00,233.29,234.84,232.03,232.26
2025-10-03 04:00:00,232.26,233.23,231.36,232.08
2025-10-03 05:00:00,232.08,232.19,230.31,231.21
2025-10-03 06:00:00,231.21,231.56,227.68,229.35
2025-10-03 07:00:00,229.35,229.72,228.55,229.41
2025-10-03 08:00:00,229.42,231.25,227.76,231.07
2025-10-03 09:00:00,231.06,231.79,230.37,230.92
2025-10-03 10:00:00,230.92,231.68,230.38,231.29
2025-10-03 11:00:00,231.29,231.36,229.57,230.78
2025-10-03 12:00:00,230.79,231.25,229.7,230.03
2025-10-03 13:00:00,230.02,231,228.43,229.72
2025-10-03 14:00:00,229.71,231,227.13,230.49
2025-10-03 15:00:00,230.49,234.98,229.51,234.79
2025-10-03 16:00:00,234.79,237,233.73,233.91
2025-10-03 17:00:00,233.91,234.05,228.33,230.13
2025-10-03 18:00:00,230.14,233.65,229.1,233.64
2025-10-03 19:00:00,233.63,235.5,232.8,233.17
2025-10-03 20:00:00,233.18,233.43,230.72,233
2025-10-03 21:00:00,233.01,233.41,231.92,232.63
2025-10-03 22:00:00,232.63,233.99,232.63,233.19
2025-10-03 23:00:00,233.2,233.49,232.42,232.84
2025-10-04 00:00:00,232.84,234.05,231.53,231.97
2025-10-04 01:00:00,231.97,232.09,229.57,230.31
2025-10-04 02:00:00,230.32,231.06,228.35,229.84
2025-10-04 03:00:00,229.83,230.04,227.93,229.25
2025-10-04 04:00:00,229.24,229.92,229,229.57
2025-10-04 05:00:00,229.58,230.3,229.17,229.99
2025-10-04 06:00:00,229.99,230.53,229.61,229.83
2025-10-04 07:00:00,229.84,229.9,228.73,229.11
2025-10-04 08:00:00,229.1,229.46,228.21,228.88
2025-10-04 09:00:00,228.87,229.47,228.29,228.48
2025-10-04 10:00:00,228.47,229.92,228.32,229.18
2025-10-04 11:00:00,229.18,229.59,228.67,229.19
2025-10-04 12:00:00,229.19,229.45,227.96,228.14
2025-10-04 13:00:00,228.13,229.84,227.93,228.8
2025-10-04 14:00:00,228.8,229.47,226.66,226.82
2025-10-04 15:00:00,226.81,227.5,224.31,224.88
2025-10-04 16:00:00,224.87,225.69,224.07,225.65
2025-10-04 17:00:00,225.65,227.02,225.44,226.55
2025-10-04 18:00:00,226.55,226.98,225.81,226.06
2025-10-04 19:00:00,226.06,226.91,225.98,226.91
2025-10-04 20:00:00,226.91,227.98,226.91,227.31
2025-10-04 21:00:00,227.3,228.29,227.26,227.28
2025-10-04 22:00:00,227.28,227.99,226.94,227.73
2025-10-04 23:00:00,227.74,228.24,227.09,227.86
2025-10-05 00:00:00,227.86,228.27,226.45,226.82
2025-10-05 01:00:00,226.83,227.93,226.6,227.75
2025-10-05 02:00:00,227.75,231.4,227.32,231.12
2025-10-05 03:00:00,231.12,232.29,230.18,230.91
2025-10-05 04:00:00,230.91,234.94,230.9,233.78
2025-10-05 05:00:00,233.79,234.93,233.36,234.52
2025-10-05 06:00:00,234.52,235.89,234.47,235.16
2025-10-05 07:00:00,235.16,236.93,234.97,236.59
2025-10-05 08:00:00,236.58,237.22,235.13,235.18
2025-10-05 09:00:00,235.18,235.8,232.05,233.43
2025-10-05 10:00:00,233.44,233.59,230.76,232.03
2025-10-05 11:00:00,232.03,232.84,230.8,232.66
2025-10-05 12:00:00,232.66,232.67,230.74,231.31
2025-10-05 13:00:00,231.32,232.04,230.4,231.64
2025-10-05 14:00:00,231.64,232.03,228.42,230.14
2025-10-05 15:00:00,230.13,230.9,229.75,230.14
2025-10-05 16:00:00,230.13,231.23,228.8,231.09
2025-10-05 17:00:00,231.08,231.47,229.31,229.67
2025-10-05 18:00:00,229.68,229.92,227.45,228.98
2025-10-05 19:00:00,228.98,229.03,226.72,227.07
2025-10-05 20:00:00,227.07,229,226.7,227.98
2025-10-05 21:00:00,227.99,228.78,227.45,228.71
2025-10-05 22:00:00,228.71,229.26,227.06,228.32
2025-10-05 23:00:00,228.31,229.13,228.13,228.56
2025-10-06 00:00:00,228.56,230.33,227.55,228.7
2025-10-06 01:00:00,228.69,231.71,227.76,231.42
2025-10-06 02:00:00,231.42,232.99,229.83,232.37
2025-10-06 03:00:00,232.37,233.3,231.71,232.24
2025-10-06 04:00:00,232.23,232.31,230.59,230.67
2025-10-06 05:00:00,230.67,232.48,230.17,232.32
2025-10-06 06:00:00,232.32,234.86,232.32,233.95
2025-10-06 07:00:00,233.95,234.26,230.63,231.36
2025-10-06 08:00:00,231.37,233.92,231.37,233.71
2025-10-06 09:00:00,233.7,234.15,232.8,233.5
2025-10-06 10:00:00,233.49,233.76,232.33,232.67
2025-10-06 11:00:00,232.66,233.84,231.8,233.02
2025-10-06 12:00:00,233.02,234.47,232.93,234.1
2025-10-06 13:00:00,234.09,235.13,232.63,234.78
2025-10-06 14:00:00,234.78,235.74,232.8,233.33
2025-10-06 15:00:00,233.33,236.67,233.3,235.64
2025-10-06 16:00:00,235.64,236.25,234.05,235.7
2025-10-06 17:00:00,235.7,237.79,235.44,236.42
2025-10-06 18:00:00,236.43,237.16,234.82,236.8
2025-10-06 19:00:00,236.81,237,234.7,235.35
2025-10-06 20:00:00,235.34,236.15,233.24,233.6
2025-10-06 21:00:00,233.6,234.44,232.76,234.23
2025-10-06 22:00:00,234.22,234.99,233.92,234.62
2025-10-06 23:00:00,234.62,234.77,231.64,232.35
2025-10-07 00:00:00,232.35,233,231.16,232.52
2025-10-07 01:00:00,232.51,233.12,231,232.72
2025-10-07 02:00:00,232.73,233.85,232.05,233.47
2025-10-07 03:00:00,233.46,233.98,232.84,233.95
2025-10-07 04:00:00,233.95,235.21,233,234.85
2025-10-07 05:00:00,234.86,235.02,233.15,233.52
2025-10-07 06:00:00,233.51,233.68,229.41,230.44
2025-10-07 07:00:00,230.43,231.14,229.53,231.01
2025-10-07 08:00:00,231.01,231.01,228.22,230.01
2025-10-07 09:00:00,230.01,230.59,229.7,230.35
2025-10-07 10:00:00,230.36,231.64,229.77,230.86
2025-10-07 11:00:00,230.86,231.16,230.06,230.44
2025-10-07 12:00:00,230.44,231.49,229.2,231.48
2025-10-07 13:00:00,231.48,231.59,226.33,227.93
2025-10-07 14:00:00,227.93,228.15,224.51,225.29
2025-10-07 15:00:00,225.3,225.88,220.8,223.79
2025-10-07 16:00:00,223.79,225.31,221.85,224.4
2025-10-07 17:00:00,224.4,224.81,222.63,222.7
2025-10-07 18:00:00,222.71,223.29,221.38,221.43
2025-10-07 19:00:00,221.43,222.89,220.71,221.69
2025-10-07 20:00:00,221.7,224.16,221.53,223.49
2025-10-07 21:00:00,223.49,224.28,222.41,223.14
2025-10-07 22:00:00,223.15,223.66,222.01,222.49
2025-10-07 23:00:00,222.5,222.56,219.7,219.97
2025-10-08 00:00:00,219.98,221.79,217.91,220.99
2025-10-08 01:00:00,220.99,222.32,220.48,222.04
2025-10-08 02:00:00,222.04,222.78,221.13,221.58
2025-10-08 03:00:00,221.58,221.58,217.93,218.31
2025-10-08 04:00:00,218.3,220.54,217.3,220.4
2025-10-08 05:00:00,220.41,220.43,218.38,219.5
2025-10-08 06:00:00,219.51,220.47,218.62,220.26
2025-10-08 07:00:00,220.26,220.98,219.44,220.95
2025-10-08 08:00:00,220.95,222.64,220.82,221.61
2025-10-08 09:00:00,221.62,222.08,220.74,221.43
2025-10-08 10:00:00,221.43,222.21,221.02,222.12
2025-10-08 11:00:00,222.13,222.56,220.65,221.2
2025-10-08 12:00:00,221.2,222.55,221.08,222.29
2025-10-08 13:00:00,222.3,222.71,218.78,221.45
2025-10-08 14:00:00,221.44,224.18,219.52,220.08
2025-10-08 15:00:00,220.09,222.84,219.93,221.19
2025-10-08 16:00:00,221.2,223.7,220.71,223.57
2025-10-08 17:00:00,223.56,227.71,223.36,226.92
2025-10-08 18:00:00,226.93,229.67,226.43,228.67
2025-10-08 19:00:00,228.66,229.6,227.52,229.34
2025-10-08 20:00:00,229.34,229.69,227.46,227.7
2025-10-08 21:00:00,227.7,229.14,227.42,228.49
2025-10-08 22:00:00,228.48,229.72,228.48,228.61
2025-10-08 23:00:00,228.61,229.37,227.73,229.02
2025-10-09 00:00:00,229.03,229.69,228.01,228.34
2025-10-09 01:00:00,228.33,228.65,226.01,228.45
2025-10-09 02:00:00,228.46,228.74,223.84,224.44
2025-10-09 03:00:00,224.44,226.45,224.39,226.19
2025-10-09 04:00:00,226.19,227.57,225.46,227.47
2025-10-09 05:00:00,227.48,228.87,226.74,227.8
2025-10-09 06:00:00,227.8,228.43,226.32,226.55
2025-10-09 07:00:00,226.54,226.89,224.14,224.5
2025-10-09 08:00:00,224.49,224.81,219.32,220
2025-10-09 09:00:00,220,222.13,219.9,221.96
2025-10-09 10:00:00,221.97,222.96,220.96,222.28
2025-10-09 11:00:00,222.28,223.96,222.28,223.14
2025-10-09 12:00:00,223.14,226.32,222.86,225.95
2025-10-09 13:00:00,225.95,226.23,221.87,222.28
2025-10-09 14:00:00,222.29,223.3,219.4,220.86
2025-10-09 15:00:00,220.86,222.18,218.62,219.11
2025-10-09 16:00:00,219.11,220.14,216.53,217.22
2025-10-09 17:00:00,217.22,219.57,216.71,219.32
2025-10-09 18:00:00,219.32,219.5,217.21,217.55
2025-10-09 19:00:00,217.56,218.94,217.43,218.29
2025-10-09 20:00:00,218.29,219.23,217.56,218.94
2025-10-09 21:00:00,218.94,220.45,218.55,220.27
2025-10-09 22:00:00,220.27,221.64,219.88,221.25
2025-10-09 23:00:00,221.25,221.31,219.85,220.93
2025-10-10 00:00:00,220.93,222,220.76,221.23
2025-10-10 01:00:00,221.22,222.09,220.52,220.97
2025-10-10 02:00:00,220.98,221.85,219.87,220.33
2025-10-10 03:00:00,220.34,222.87,219.5,221.65
2025-10-10 04:00:00,221.64,222.9,220.88,221.22
2025-10-10 05:00:00,221.23,221.8,220.04,221.68
2025-10-10 06:00:00,221.68,222.43,219.32,219.39
2025-10-10 07:00:00,219.39,219.56,217.92,218.12
2025-10-10 08:00:00,218.13,220.1,217.4,220.06
2025-10-10 09:00:00,220.07,220.78,218.94,218.95
2025-10-10 10:00:00,218.95,220.63,218.75,220.4
2025-10-10 11:00:00,220.41,221.56,220.28,221.14
2025-10-10 12:00:00,221.15,221.8,220.79,221.76
2025-10-10 13:00:00,221.76,224.46,221.52,223.41
2025-10-10 14:00:00,223.42,224.42,219.69,219.79
2025-10-10 15:00:00,219.79,220.15,209.01,210.7
2025-10-10 16:00:00,210.69,213.06,210.04,211.26
2025-10-10 17:00:00,211.25,211.53,208.82,209.68
2025-10-10 18:00:00,209.68,210.07,207.47,207.47
2025-10-10 19:00:00,207.47,208.19,203.43,205.32
2025-10-10 20:00:00,205.31,207.8,193,196.84
2025-10-10 21:00:00,196.84,199.15,168.79,193.41
2025-10-10 22:00:00,193.41,194,182.26,189.93
2025-10-10 23:00:00,189.93,197.11,187.33,188.43
2025-10-11 00:00:00,188.43,190.56,184.87,188.05
2025-10-11 01:00:00,188.05,188.28,182.16,183.1
2025-10-11 02:00:00,183.1,191.05,182.98,188.6
2025-10-11 03:00:00,188.59,189.1,182.67,184.85
2025-10-11 04:00:00,184.86,186.88,183.89,186.13
2025-10-11 05:00:00,186.13,186.39,180,182.48
2025-10-11 06:00:00,182.48,186,182.26,183.26
2025-10-11 07:00:00,183.27,183.97,181.83,182.75
2025-10-11 08:00:00,182.75,187.36,182.07,186.56
2025-10-11 09:00:00,186.56,189.5,184.01,184.52
2025-10-11 10:00:00,184.52,186.07,183.05,183.97
2025-10-11 11:00:00,183.97,184.32,181.76,183.85
2025-10-11 12:00:00,183.85,184.69,181.72,183.12
2025-10-11 13:00:00,183.13,184.57,180.77,184.26
2025-10-11 14:00:00,184.27,184.75,181.71,182.67
2025-10-11 15:00:00,182.67,185.05,182.54,183.71
2025-10-11 16:00:00,183.71,184.61,181.78,182.66
2025-10-11 17:00:00,182.65,184.64,182.45,183.04
2025-10-11 18:00:00,183.05,183.09,182.25,182.52
2025-10-11 19:00:00,182.53,182.59,176.6,177.57
2025-10-11 20:00:00,177.57,178.15,174.01,175.55
2025-10-11 21:00:00,175.56,177.5,172.58,176.93
2025-10-11 22:00:00,176.93,178.11,175.91,177.39
2025-10-11 23:00:00,177.39,178.78,176.81,177.62
2025-10-12 00:00:00,177.63,177.77,173,173.3
2025-10-12 01:00:00,173.3,175.49,173.2,174.09
2025-10-12 02:00:00,174.09,176.6,173.5,174.76
2025-10-12 03:00:00,174.75,178.5,174.34,177.06
2025-10-12 04:00:00,177.06,180.91,176.61,180.11
2025-10-12 05:00:00,180.11,182.06,179.44,181.48
2025-10-12 06:00:00,181.47,182.7,180.86,182.63
2025-10-12 07:00:00,182.64,182.97,181.51,182.55
2025-10-12 08:00:00,182.54,182.8,181.4,181.82
2025-10-12 09:00:00,181.83,182.32,180.33,182.04
2025-10-12 10:00:00,182.04,182.75,180.65,180.75
2025-10-12 11:00:00,180.75,181.91,180.5,180.96
2025-10-12 12:00:00,180.96,183.19,180.8,181.7
2025-10-12 13:00:00,181.7,181.79,178.2,179.18
2025-10-12 14:00:00,179.17,188.96,179.09,186.29
2025-10-12 15:00:00,186.29,191.8,185.57,191.23
2025-10-12 16:00:00,191.23,195.52,191.22,193.81
2025-10-12 17:00:00,193.81,196.22,193.33,194.6
2025-10-12 18:00:00,194.61,195.64,191.68,193.84
2025-10-12 19:00:00,193.84,196.6,193.51,195.85
2025-10-12 20:00:00,195.86,199,195.36,196.8
2025-10-12 21:00:00,196.8,197.93,193.12,195.64
2025-10-12 22:00:00,195.64,198.07,195.55,197.43
2025-10-12 23:00:00,197.43,197.48,195.3,197
2025-10-13 00:00:00,196.99,199.25,195.7,197.22
2025-10-13 01:00:00,197.21,199.47,196,199.42
2025-10-13 02:00:00,199.42,199.99,195.2,196.46
2025-10-13 03:00:00,196.46,197.19,194.34,194.81
2025-10-13 04:00:00,194.82,196.43,194.18,196.2
2025-10-13 05:00:00,196.19,196.28,193.65,194.06
2025-10-13 06:00:00,194.05,197.38,192.91,197.1
2025-10-13 07:00:00,197.09,199.5,195.96,196.81
2025-10-13 08:00:00,196.8,198.68,196.13,198.25
2025-10-13 09:00:00,198.25,198.25,196.68,196.98
2025-10-13 10:00:00,196.98,197.04,194.91,195.42
2025-10-13 11:00:00,195.42,195.54,190.02,192.56
2025-10-13 12:00:00,192.56,194.47,191.36,191.84
2025-10-13 13:00:00,191.83,196.96,191.31,196.15
2025-10-13 14:00:00,196.15,196.77,192.5,193.37
2025-10-13 15:00:00,193.38,197.66,193.24,196.42
2025-10-13 16:00:00,196.42,200.4,196.23,200.04
2025-10-13 17:00:00,200.04,205.84,199.99,205.01
2025-10-13 18:00:00,205,206.68,203.93,205.95
2025-10-13 19:00:00,205.94,208.75,205.58,207.1
2025-10-13 20:00:00,207.1,208.76,206.81,208.55
2025-10-13 21:00:00,208.55,208.95,207.69,207.97
2025-10-13 22:00:00,207.96,209.28,207.65,208.4
2025-10-13 23:00:00,208.41,209.21,207.27,208.69
2025-10-14 00:00:00,208.69,211.25,208.06,209.31
2025-10-14 01:00:00,209.3,210.11,207.89,208.41
2025-10-14 02:00:00,208.41,208.66,205.81,206.3
2025-10-14 03:00:00,206.31,206.96,204.96,205.71
2025-10-14 04:00:00,205.72,205.95,201.07,202.07
2025-10-14 05:00:00,202.07,204.01,198.9,199.69
2025-10-14 06:00:00,199.68,200.77,192,195.31
2025-10-14 07:00:00,195.32,197.23,193.42,194.47
2025-10-14 08:00:00,194.46,197.47,193.16,196.15
2025-10-14 09:00:00,196.15,197.58,194.09,194.87
2025-10-14 10:00:00,194.86,194.89,191.03,194.24
2025-10-14 11:00:00,194.25,197.08,194.05,195.32
2025-10-14 12:00:00,195.33,195.36,192.35,193.34
2025-10-14 13:00:00,193.35,195.66,191.5,195.02
2025-10-14 14:00:00,195.01,198.85,194.39,195.89
2025-10-14 15:00:00,195.89,202.64,194.53,202.22
2025-10-14 16:00:00,202.23,206.48,200.03,202.53
2025-10-14 17:00:00,202.52,204.68,199.28,201.76
2025-10-14 18:00:00,201.77,204.22,200.52,201.55
2025-10-14 19:00:00,201.56,203.79,197.05,198.54
2025-10-14 20:00:00,198.54,200.61,198.17,200.6
2025-10-14 21:00:00,200.61,201.53,198.31,201.23
2025-10-14 22:00:00,201.24,202.17,200.3,201.44
2025-10-14 23:00:00,201.44,203.42,201.44,202.44
2025-10-15 00:00:00,202.45,204.05,201.22,203.98
2025-10-15 01:00:00,203.97,204.1,201.12,203.69
2025-10-15 02:00:00,203.7,205.82,203.05,203.4
2025-10-15 03:00:00,203.39,203.75,200.89,201.65
2025-10-15 04:00:00,201.65,203.55,200.47,203.46
2025-10-15 05:00:00,203.47,204.84,202.81,204.43
2025-10-15 06:00:00,204.44,205.45,201.95,204.64
2025-10-15 07:00:00,204.64,205.08,203.22,204.66
2025-10-15 08:00:00,204.65,208.91,204.46,206.14
2025-10-15 09:00:00,206.15,207.34,205.34,205.99
2025-10-15 10:00:00,205.99,206.33,203.48,203.9
2025-10-15 11:00:00,203.89,204.83,202.04,202.6
2025-10-15 12:00:00,202.59,203.69,201.66,203.06
2025-10-15 13:00:00,203.05,204.32,198.04,201.16
2025-10-15 14:00:00,201.17,204.87,198.37,199.5
2025-10-15 15:00:00,199.5,200.32,196.18,197.13
2025-10-15 16:00:00,197.14,198.73,196.83,197.38
2025-10-15 17:00:00,197.38,198.16,195.17,198.15
2025-10-15 18:00:00,198.15,198.29,196.3,198.04
2025-10-15 19:00:00,198.04,198.08,194.18,194.81
2025-10-15 20:00:00,194.81,196.62,192.24,194.2
2025-10-15 21:00:00,194.19,195.28,192.04,192.88
2025-10-15 22:00:00,192.89,194.6,192.6,193.33
2025-10-15 23:00:00,193.33,194.83,193,193.84
2025-10-16 00:00:00,193.84,194.6,193.17,193.92
2025-10-16 01:00:00,193.91,195.44,193.81,195.12
2025-10-16 02:00:00,195.12,196.19,194.24,195.49
2025-10-16 03:00:00,195.5,196.06,193.43,193.63
2025-10-16 04:00:00,193.64,194.6,192.3,192.45
2025-10-16 05:00:00,192.46,194.4,191.38,192.46
2025-10-16 06:00:00,192.46,195.6,192.42,195.2
2025-10-16 07:00:00,195.21,195.36,192.33,192.93
2025-10-16 08:00:00,192.93,193.46,191.88,192.45
2025-10-16 09:00:00,192.45,194.69,186.37,193.89
2025-10-16 10:00:00,193.89,196.68,193.58,195.75
2025-10-16 11:00:00,195.76,197.16,194.5,196.81
2025-10-16 12:00:00,196.82,198.05,196.01,197.02
2025-10-16 13:00:00,197.01,198.42,195.18,195.78
2025-10-16 14:00:00,195.78,196.57,191.44,194.02
2025-10-16 15:00:00,194.03,194.32,186.56,187.61
2025-10-16 16:00:00,187.61,192.28,186.36,192.27
2025-10-16 17:00:00,192.28,192.33,188.85,189.62
2025-10-16 18:00:00,189.62,189.83,186.9,189.33
2025-10-16 19:00:00,189.33,189.48,183.56,185.04
2025-10-16 20:00:00,185.05,186.11,182.03,182.83
2025-10-16 21:00:00,182.83,185.75,182.8,185.64
2025-10-16 22:00:00,185.64,185.96,183.11,183.14
2025-10-16 23:00:00,183.14,185.19,182.91,184.85
2025-10-17 00:00:00,184.84,186.45,184.27,186.3
2025-10-17 01:00:00,186.31,187.55,184.76,185.66
2025-10-17 02:00:00,185.66,187.35,184.7,186.76
2025-10-17 03:00:00,186.76,187.43,186.25,187.09
2025-10-17 04:00:00,187.09,187.44,186.34,187.06
2025-10-17 05:00:00,187.06,187.46,185.44,185.69
2025-10-17 06:00:00,185.69,186.48,179.89,180.38
2025-10-17 07:00:00,180.38,180.81,177.34,177.75
2025-10-17 08:00:00,177.75,178.96,175.41,175.55
2025-10-17 09:00:00,175.55,180.44,175.33,176.79
2025-10-17 10:00:00,176.78,177.94,174.06,177.4
2025-10-17 11:00:00,177.4,182.7,177.22,181.45
2025-10-17 12:00:00,181.44,182.62,179.94,180.04
2025-10-17 13:00:00,180.04,182.13,177.95,180.65
2025-10-17 14:00:00,180.65,181,176.25,178.39
2025-10-17 15:00:00,178.39,182.82,178.02,182.72
2025-10-17 16:00:00,182.71,185.03,181.63,182.34
2025-10-17 17:00:00,182.34,184.55,182.12,183.75
2025-10-17 18:00:00,183.75,185.41,183.22,183.45
2025-10-17 19:00:00,183.45,184.18,181.42,181.98
2025-10-17 20:00:00,181.98,184.03,181.47,183.68
2025-10-17 21:00:00,183.67,186.04,183.46,185.4
2025-10-17 22:00:00,185.4,185.94,183.18,183.96
2025-10-17 23:00:00,183.96,183.97,181.77,181.96
2025-10-18 00:00:00,181.97,183.54,181.75,182.87
2025-10-18 01:00:00,182.87,184.96,182.66,184.63
2025-10-18 02:00:00,184.64,185.54,183.41,183.72
2025-10-18 03:00:00,183.72,185.47,183.7,184.8
2025-10-18 04:00:00,184.8,184.8,183.11,183.44
2025-10-18 05:00:00,183.43,184.83,183.42,184.53
2025-10-18 06:00:00,184.54,186.6,184.21,186.34
2025-10-18 07:00:00,186.33,188.26,185.87,186.27
2025-10-18 08:00:00,186.26,187.18,185.8,185.92
2025-10-18 09:00:00,185.91,186.64,185.38,185.94
2025-10-18 10:00:00,185.93,186.25,184.4,185.18
2025-10-18 11:00:00,185.18,186.11,184.63,186.1
2025-10-18 12:00:00,186.11,187.4,185.71,186.08
2025-10-18 13:00:00,186.08,186.15,184.8,185.2
2025-10-18 14:00:00,185.2,186.2,183.96,185.75
2025-10-18 15:00:00,185.76,185.97,184.61,185.03
2025-10-18 16:00:00,185.04,185.57,183.2,184.23
2025-10-18 17:00:00,184.23,186.13,183.79,185.93
2025-10-18 18:00:00,185.93,186.17,185.27,185.83
2025-10-18 19:00:00,185.83,186.41,185.64,186.34
2025-10-18 20:00:00,186.35,187.67,186.13,186.59
2025-10-18 21:00:00,186.58,187.25,185.9,187.15
2025-10-18 22:00:00,187.15,187.84,186.81,187.27
2025-10-18 23:00:00,187.28,187.75,186.92,187.56
2025-10-19 00:00:00,187.55,187.87,185.29,185.75
2025-10-19 01:00:00,185.76,185.88,184.88,185.86
2025-10-19 02:00:00,185.86,185.96,185.23,185.77
2025-10-19 03:00:00,185.77,187.14,184.96,187.04
2025-10-19 04:00:00,187.03,187.14,186.38,186.83
2025-10-19 05:00:00,186.84,187.69,186.32,186.56
2025-10-19 06:00:00,186.56,186.92,185.19,185.57
2025-10-19 07:00:00,185.57,186.14,185.24,185.9
2025-10-19 08:00:00,185.89,187.5,183.81,184.17
2025-10-19 09:00:00,184.16,188.26,183.19,187.2
2025-10-19 10:00:00,187.19,189.96,186.71,189.07
2025-10-19 11:00:00,189.06,190.05,188.6,188.99
2025-10-19 12:00:00,189,189.39,188.11,188.89
2025-10-19 13:00:00,188.89,191,188.32,190.6
2025-10-19 14:00:00,190.6,191.7,189.79,191.55
2025-10-19 15:00:00,191.55,191.68,190.23,190.78
2025-10-19 16:00:00,190.77,191.61,189.97,190.87
2025-10-19 17:00:00,190.88,192.29,189.73,190.03
2025-10-19 18:00:00,190.03,190.38,189.18,189.94
2025-10-19 19:00:00,189.93,189.95,188.33,188.88
2025-10-19 20:00:00,188.88,189.89,188.64,189.67
2025-10-19 21:00:00,189.67,189.83,188.37,189.29
2025-10-19 22:00:00,189.3,190.16,188.92,189.83
2025-10-19 23:00:00,189.83,189.83,186.83,187.86
2025-10-20 00:00:00,187.86,187.86,183.82,185.62
2025-10-20 01:00:00,185.62,186.34,184.97,185.65
2025-10-20 02:00:00,185.65,187.33,183.94,186.89
2025-10-20 03:00:00,186.89,191.75,185.9,191.21
2025-10-20 04:00:00,191.21,192.47,190.6,192.17
2025-10-20 05:00:00,192.18,193.4,191.62,193.01
2025-10-20 06:00:00,193.01,194.42,192.78,193.94
2025-10-20 07:00:00,193.93,194.5,192.76,193.02
2025-10-20 08:00:00,193.02,194.18,191.96,193
2025-10-20 09:00:00,193,193.63,192.56,193.2
2025-10-20 10:00:00,193.19,193.75,191.41,191.62
2025-10-20 11:00:00,191.62,192.29,191,192.2
2025-10-20 12:00:00,192.21,192.77,191.68,192.76
2025-10-20 13:00:00,192.77,192.99,191.6,192.41
2025-10-20 14:00:00,192.42,192.61,190.77,191.4
2025-10-20 15:00:00,191.4,192.33,190.44,190.5
2025-10-20 16:00:00,190.51,190.51,186.71,187.54
2025-10-20 17:00:00,187.53,188.55,185.56,187.66
2025-10-20 18:00:00,187.66,188.53,187.19,188.2
2025-10-20 19:00:00,188.2,189.44,187.53,188.83
2025-10-20 20:00:00,188.83,190.51,188.26,190.51
2025-10-20 21:00:00,190.51,191.18,188.79,188.99
2025-10-20 22:00:00,188.99,190.88,188.78,190.74
2025-10-20 23:00:00,190.74,190.84,189.48,189.71
2025-10-21 00:00:00,189.71,190.21,188.7,189
2025-10-21 01:00:00,189,189.24,186.21,186.72
2025-10-21 02:00:00,186.72,186.9,185.52,186.03
2025-10-21 03:00:00,186.04,186.6,185.31,185.57
2025-10-21 04:00:00,185.57,185.63,183.2,183.75
2025-10-21 05:00:00,183.75,184.36,182.72,183.85
2025-10-21 06:00:00,183.85,185.06,183.17,184.48
2025-10-21 07:00:00,184.47,185.23,183.73,185.03
2025-10-21 08:00:00,185.04,185.04,183.77,184.29
2025-10-21 09:00:00,184.28,184.52,183.77,184.37
2025-10-21 10:00:00,184.37,186.75,184.2,185.92
2025-10-21 11:00:00,185.91,186.51,185.06,186.29
2025-10-21 12:00:00,186.28,187.76,185.92,186.48
2025-10-21 13:00:00,186.49,187,183.94,185.09
2025-10-21 14:00:00,185.1,192.82,184.98,192.75
2025-10-21 15:00:00,192.76,197.15,191.93,196.22
2025-10-21 16:00:00,196.22,197.71,192.11,192.6
2025-10-21 17:00:00,192.59,195.45,192.11,194.82
2025-10-21 18:00:00,194.81,195.44,193.51,194.14
2025-10-21 19:00:00,194.14,194.55,193.07,193.96
2025-10-21 20:00:00,193.97,194.22,190.71,191.4
2025-10-21 21:00:00,191.4,191.75,188,191.29
2025-10-21 22:00:00,191.29,191.49,187.79,188.56
2025-10-21 23:00:00,188.56,188.94,185.11,185.63
2025-10-22 00:00:00,185.62,186.59,184.14,185.67
2025-10-22 01:00:00,185.68,187.2,185.61,187
2025-10-22 02:00:00,187,187.45,185.84,185.9
2025-10-22 03:00:00,185.9,185.96,184.5,185.24
2025-10-22 04:00:00,185.23,186.31,185.06,185.89
2025-10-22 05:00:00,185.88,185.95,183.28,184.58
2025-10-22 06:00:00,184.57,184.91,183.88,184.09
2025-10-22 07:00:00,184.09,185.15,183.42,185.01
2025-10-22 08:00:00,185.01,185.2,184.24,184.71
2025-10-22 09:00:00,184.71,184.94,183.36,184.04
2025-10-22 10:00:00,184.05,184.5,183.22,183.55
2025-10-22 11:00:00,183.56,185.98,181.92,185.05
2025-10-22 12:00:00,185.05,186.91,184.41,185.8
2025-10-22 13:00:00,185.81,186.88,184.15,186.53
2025-10-22 14:00:00,186.53,186.65,181.28,185.5
2025-10-22 15:00:00,185.5,186.04,182.32,183.98
2025-10-22 16:00:00,183.99,184.96,182.5,183.62
2025-10-22 17:00:00,183.63,184.23,181.34,181.68
2025-10-22 18:00:00,181.68,182.34,180.18,180.91
2025-10-22 19:00:00,180.9,182.56,177.07,180.2
2025-10-22 20:00:00,180.21,180.78,179.11,180.18
2025-10-22 21:00:00,180.17,180.26,177.04,178.39
2025-10-22 22:00:00,178.38,179.57,177.79,178.88
2025-10-22 23:00:00,178.88,180.49,178.78,180.12
2025-10-23 00:00:00,180.13,181.14,179.68,181.01
2025-10-23 01:00:00,181.02,182.05,180.58,181.78
2025-10-23 02:00:00,181.79,182.47,181.41,182.27
2025-10-23 03:00:00,182.27,183.4,182.14,182.86
2025-10-23 04:00:00,182.87,184.28,182.7,184.02
2025-10-23 05:00:00,184.02,184.84,183.79,184.84
2025-10-23 06:00:00,184.83,187.6,184.54,187.43
2025-10-23 07:00:00,187.44,188,186.17,187.48
2025-10-23 08:00:00,187.48,188.71,187.48,187.97
2025-10-23 09:00:00,187.97,188.88,187.48,188.39
2025-10-23 10:00:00,188.39,189.34,188.22,188.25
2025-10-23 11:00:00,188.25,189.49,187.51,187.98
2025-10-23 12:00:00,187.98,189.39,186.6,189.32
2025-10-23 13:00:00,189.32,192.62,188.4,190.37
2025-10-23 14:00:00,190.37,191.29,188.13,189.77
2025-10-23 15:00:00,189.78,191.87,189.43,191.04
2025-10-23 16:00:00,191.04,192.43,190.42,191.95
2025-10-23 17:00:00,191.95,193.45,190.1,192.5
2025-10-23 18:00:00,192.49,192.87,190.84,191.53
2025-10-23 19:00:00,191.52,191.87,190.55,191.15
2025-10-23 20:00:00,191.14,191.29,188.31,188.8
2025-10-23 21:00:00,188.8,189.46,188.51,188.8
2025-10-23 22:00:00,188.79,190.58,188.65,190.43
2025-10-23 23:00:00,190.42,191.51,190.41,191.35
2025-10-24 00:00:00,191.36,193.85,190.95,192.53
2025-10-24 01:00:00,192.54,193.39,192.15,192.96
2025-10-24 02:00:00,192.95,193.07,191.4,192.21
2025-10-24 03:00:00,192.22,192.36,190.85,191.31
2025-10-24 04:00:00,191.31,194.6,190.82,193.49
2025-10-24 05:00:00,193.49,193.9,192.92,193.3
2025-10-24 06:00:00,193.3,193.68,192.6,193.29
2025-10-24 07:00:00,193.3,193.43,191.5,192.15
2025-10-24 08:00:00,192.15,193.45,191.7,192.97
2025-10-24 09:00:00,192.96,193.39,191.88,192.11
2025-10-24 10:00:00,192.11,192.16,191.44,191.78
2025-10-24 11:00:00,191.78,192.2,190.58,192.13
2025-10-24 12:00:00,192.13,197,192.13,193.66
2025-10-24 13:00:00,193.67,194.28,190.84,192.47
2025-10-24 14:00:00,192.46,192.46,189.49,190.18
2025-10-24 15:00:00,190.19,190.89,188.83,189.45
2025-10-24 16:00:00,189.45,190.7,188.83,190.65
2025-10-24 17:00:00,190.65,191.75,190.42,191.16
2025-10-24 18:00:00,191.17,191.92,191.02,191.84
2025-10-24 19:00:00,191.83,193.64,191.83,193.09
2025-10-24 20:00:00,193.1,194.14,192.84,193.6
2025-10-24 21:00:00,193.61,194,193.26,193.78
2025-10-24 22:00:00,193.78,194.14,193.2,193.79
2025-10-24 23:00:00,193.78,193.78,193.12,193.59
2025-10-25 00:00:00,193.58,193.64,192.45,192.98
2025-10-25 01:00:00,192.99,194.49,192.86,193.76
2025-10-25 02:00:00,193.76,194.16,193.33,193.85
2025-10-25 03:00:00,193.85,194,193.3,193.47
2025-10-25 04:00:00,193.48,194.48,193.44,194.21
2025-10-25 05:00:00,194.22,194.75,193.5,194.47
2025-10-25 06:00:00,194.48,194.75,194.01,194.05
2025-10-25 07:00:00,194.06,194.91,193.83,193.96
2025-10-25 08:00:00,193.97,195.25,193.89,194.86
2025-10-25 09:00:00,194.86,194.9,192.36,192.58
2025-10-25 10:00:00,192.58,192.75,191.19,192
2025-10-25 11:00:00,191.99,192.91,191.72,192.71
2025-10-25 12:00:00,192.7,194.22,192.6,193.91
2025-10-25 13:00:00,193.92,193.95,192.5,192.9
2025-10-25 14:00:00,192.9,192.9,191.99,192.61
2025-10-25 15:00:00,192.6,192.61,191.8,191.89
2025-10-25 16:00:00,191.88,192.11,191.42,191.93
2025-10-25 17:00:00,191.93,192.49,191.82,192.38
2025-10-25 18:00:00,192.37,194.36,192.3,194.26
2025-10-25 19:00:00,194.26,194.65,193.93,194.53
2025-10-25 20:00:00,194.53,194.91,193.76,194.16
2025-10-25 21:00:00,194.16,194.79,193.83,194.38
2025-10-25 22:00:00,194.39,194.72,193.93,194.51
2025-10-25 23:00:00,194.51,194.74,193.83,193.84
2025-10-26 00:00:00,193.84,194.36,193.13,193.3
2025-10-26 01:00:00,193.29,193.73,192.31,192.84
2025-10-26 02:00:00,192.84,193.13,191.9,192.28
2025-10-26 03:00:00,192.27,193.07,192.02,192.97
2025-10-26 04:00:00,192.98,193.5,192.81,192.9
2025-10-26 05:00:00,192.89,193.78,192.73,193.64
2025-10-26 06:00:00,193.64,194.18,193.51,194.07
2025-10-26 07:00:00,194.07,194.31,193.85,193.86
2025-10-26 08:00:00,193.85,194.43,193.73,194.35
2025-10-26 09:00:00,194.34,196.43,193.95,195.96
2025-10-26 10:00:00,195.96,196.11,194.6,194.8
2025-10-26 11:00:00,194.81,197.9,194.34,197.75
2025-10-26 12:00:00,197.74,198.4,196.91,198.01
2025-10-26 13:00:00,198.01,199.66,197.53,199.07
2025-10-26 14:00:00,199.07,199.96,198.69,198.86
2025-10-26 15:00:00,198.86,199.78,198.56,199.53
2025-10-26 16:00:00,199.53,199.55,198.18,198.74
2025-10-26 17:00:00,198.74,199.25,198.44,198.93
2025-10-26 18:00:00,198.93,199.67,198.9,199.12
2025-10-26 19:00:00,199.12,199.13,198.51,198.87
2025-10-26 20:00:00,198.87,198.87,197.37,197.45
2025-10-26 21:00:00,197.44,198.47,196.86,198.46
2025-10-26 22:00:00,198.47,202.43,198.47,200.2
2025-10-26 23:00:00,200.2,200.99,199.7,200.03
2025-10-27 00:00:00,200.03,203.51,199.48,203.25
2025-10-27 01:00:00,203.24,205.05,202.81,204.37
2025-10-27 02:00:00,204.37,205.08,203.32,203.97
2025-10-27 03:00:00,203.96,204.61,203.29,204.33
2025-10-27 04:00:00,204.33,204.61,202.93,204.01
2025-10-27 05:00:00,204,205.33,203.91,204.32
2025-10-27 06:00:00,204.32,204.94,203.52,204.75
2025-10-27 07:00:00,204.76,205.21,202.26,202.51
2025-10-27 08:00:00,202.5,202.54,199.91,200.47
2025-10-27 09:00:00,200.46,200.52,198.02,199.96
2025-10-27 10:00:00,199.96,200.77,199.64,200.43
2025-10-27 11:00:00,200.43,200.95,198.84,200.18
2025-10-27 12:00:00,200.18,200.28,199,199.51
2025-10-27 13:00:00,199.5,200.58,198.45,200.33
2025-10-27 14:00:00,200.34,200.52,198.3,199.11
2025-10-27 15:00:00,199.11,200.49,198.94,200.11
2025-10-27 16:00:00,200.11,203.11,200.02,202.47
2025-10-27 17:00:00,202.46,203.25,201.69,202.28
2025-10-27 18:00:00,202.27,203.22,201.23,201.65
2025-10-27 19:00:00,201.66,201.74,199.82,200.03
2025-10-27 20:00:00,200.03,200.23,198.66,198.73
2025-10-27 21:00:00,198.72,199.56,197.71,198.73
2025-10-27 22:00:00,198.73,199.43,198.05,198.3
2025-10-27 23:00:00,198.31,198.96,197.34,198.7
2025-10-28 00:00:00,198.71,200.38,198.41,199.68
2025-10-28 01:00:00,199.69,202.05,199.68,201.36
2025-10-28 02:00:00,201.36,201.9,199.47,200.75
2025-10-28 03:00:00,200.75,201.93,199.83,201.27
2025-10-28 04:00:00,201.27,202.16,200.42,201.12
2025-10-28 05:00:00,201.12,201.47,198.62,198.71
2025-10-28 06:00:00,198.72,200.94,198.71,200.9
2025-10-28 07:00:00,200.9,203,200.69,202.35
2025-10-28 08:00:00,202.36,203.99,201.94,203.42
2025-10-28 09:00:00,203.42,203.79,201.47,201.97
2025-10-28 10:00:00,201.96,202.03,199.86,200.31
2025-10-28 11:00:00,200.31,200.65,199.14,199.73
2025-10-28 12:00:00,199.73,200.39,198.24,200.21
2025-10-28 13:00:00,200.22,203.03,200.14,202.73
2025-10-28 14:00:00,202.74,202.93,196.58,199.54
2025-10-28 15:00:00,199.55,200.7,198.35,198.85
2025-10-28 16:00:00,198.86,200.67,197.94,199.82
2025-10-28 17:00:00,199.83,200.89,199.64,200.85
2025-10-28 18:00:00,200.86,201.28,198.9,199.69
2025-10-28 19:00:00,199.7,200.14,194.48,195.35
2025-10-28 20:00:00,195.34,195.36,192.07,192.48
2025-10-28 21:00:00,192.48,194.46,190.22,193.83
2025-10-28 22:00:00,193.83,195.16,193.33,194.93
2025-10-28 23:00:00,194.92,194.93,193.75,194.15
2025-10-29 00:00:00,194.16,195.09,193.33,193.81
2025-10-29 01:00:00,193.81,195.02,192.68,194.12
2025-10-29 02:00:00,194.13,194.85,193.98,194.68
2025-10-29 03:00:00,194.68,194.69,193.2,193.89
2025-10-29 04:00:00,193.9,194.76,193.75,194.57
2025-10-29 05:00:00,194.57,195.81,194.43,195.16
2025-10-29 06:00:00,195.15,195.75,194.75,195.57
2025-10-29 07:00:00,195.58,196.07,195.12,195.65
2025-10-29 08:00:00,195.65,195.73,194.02,194.5
2025-10-29 09:00:00,194.5,194.74,193.78,194.21
2025-10-29 10:00:00,194.2,197.07,193.95,196.25
2025-10-29 11:00:00,196.26,199.37,196.04,198.74
2025-10-29 12:00:00,198.74,199.88,198.15,199.87
2025-10-29 13:00:00,199.87,201.7,199.15,200.75
2025-10-29 14:00:00,200.75,201,198.7,200.03
2025-10-29 15:00:00,200.04,200.68,196.37,196.78
2025-10-29 16:00:00,196.78,196.88,194.72,195.35
2025-10-29 17:00:00,195.35,198.77,194.87,198.5
2025-10-29 18:00:00,198.51,198.56,189.37,193.54
2025-10-29 19:00:00,193.55,195.29,191.36,192.76
2025-10-29 20:00:00,192.75,196.26,191.92,195.56
2025-10-29 21:00:00,195.56,197.06,195.08,196.03
2025-10-29 22:00:00,196.04,196.41,195.24,195.37
2025-10-29 23:00:00,195.37,195.56,192.98,193.88
2025-10-30 00:00:00,193.89,194.72,192.12,194.67
2025-10-30 01:00:00,194.66,196.01,193.47,195.51
2025-10-30 02:00:00,195.52,198.19,195.24,198.17
2025-10-30 03:00:00,198.18,198.19,196.6,197.1
2025-10-30 04:00:00,197.09,197.18,190.35,191.81
2025-10-30 05:00:00,191.81,195.66,191.43,195.15
2025-10-30 06:00:00,195.15,195.45,193.33,194.18
2025-10-30 07:00:00,194.18,196.19,193.92,195.8
2025-10-30 08:00:00,195.79,196.11,194.6,195.39
2025-10-30 09:00:00,195.38,195.46,192.32,192.39
2025-10-30 10:00:00,192.39,192.48,191.01,192.19
2025-10-30 11:00:00,192.19,192.65,191.27,191.85
2025-10-30 12:00:00,191.85,192.06,186.36,187.85
2025-10-30 13:00:00,187.85,188.69,184.91,185.74
2025-10-30 14:00:00,185.74,187.86,185.66,187.28
2025-10-30 15:00:00,187.27,187.64,184.49,185.02
2025-10-30 16:00:00,185.01,186.35,183.96,185.31
2025-10-30 17:00:00,185.31,185.34,181.42,183.8
2025-10-30 18:00:00,183.8,183.94,180.82,181.31
2025-10-30 19:00:00,181.3,181.9,178.65,179.06
2025-10-30 20:00:00,179.05,182.59,178.79,182.25
2025-10-30 21:00:00,182.26,182.71,181.13,182.39
2025-10-30 22:00:00,182.39,183.74,182.11,183.66
2025-10-30 23:00:00,183.65,184.74,182.6,184.69
2025-10-31 00:00:00,184.69,186.52,184.06,185.45
2025-10-31 01:00:00,185.45,186.91,185.04,186.25
2025-10-31 02:00:00,186.26,186.3,183.7,184.63
2025-10-31 03:00:00,184.63,185.75,184.13,185.15
2025-10-31 04:00:00,185.14,187.03,184.95,186.65
2025-10-31 05:00:00,186.64,186.64,185.32,185.71
2025-10-31 06:00:00,185.71,185.87,184.94,185.55
2025-10-31 07:00:00,185.56,186.13,184.77,185.36
2025-10-31 08:00:00,185.36,186.58,184.58,186.5
2025-10-31 09:00:00,186.5,187.03,186,186.63
2025-10-31 10:00:00,186.64,187.37,186.22,186.41
2025-10-31 11:00:00,186.41,189.22,186.23,188.89
2025-10-31 12:00:00,188.89,189.4,186.34,186.51
2025-10-31 13:00:00,186.51,188.58,186,188.35
2025-10-31 14:00:00,188.36,189.47,186.96,189.08
2025-10-31 15:00:00,189.08,190.26,187.95,188.13
2025-10-31 16:00:00,188.12,188.6,184.68,185.05
2025-10-31 17:00:00,185.05,185.95,184.38,185.36
2025-10-31 18:00:00,185.35,186.57,184.5,185.97
2025-10-31 19:00:00,185.96,189.04,185.01,188.42
2025-10-31 20:00:00,188.41,188.78,186.71,186.92
2025-10-31 21:00:00,186.92,187.7,186.54,187.25
2025-10-31 22:00:00,187.25,187.89,187,187.27
2025-10-31 23:00:00,187.27,187.81,187.13,187.21
2025-11-01 00:00:00,187.21,187.34,186.04,187.11
2025-11-01 01:00:00,187.11,187.45,186.12,186.12
2025-11-01 02:00:00,186.13,186.76,185.5,186.61
2025-11-01 03:00:00,186.6,187.48,186.57,187.2
2025-11-01 04:00:00,187.2,187.55,186.3,187.08
2025-11-01 05:00:00,187.07,187.13,186.16,186.23
2025-11-01 06:00:00,186.23,186.38,185,185.71
2025-11-01 07:00:00,185.71,186.37,185.32,185.8
2025-11-01 08:00:00,185.79,186.54,185.66,186.54
2025-11-01 09:00:00,186.54,186.72,185.73,185.82
2025-11-01 10:00:00,185.82,186.42,185.28,186.16
2025-11-01 11:00:00,186.16,186.65,185.7,186.22
2025-11-01 12:00:00,186.22,186.65,186.22,186.4
2025-11-01 13:00:00,186.41,186.49,184.8,185.34
2025-11-01 14:00:00,185.33,185.59,183.79,185.03
2025-11-01 15:00:00,185.03,186.43,184.88,186.42
2025-11-01 16:00:00,186.42,187.12,186,186.43
2025-11-01 17:00:00,186.44,186.55,184.9,184.96
2025-11-01 18:00:00,184.96,185.76,184.87,185.73
2025-11-01 19:00:00,185.73,186.37,185.4,186.27
2025-11-01 20:00:00,186.28,186.96,186.15,186.49
2025-11-01 21:00:00,186.49,186.61,185.3,185.35
2025-11-01 22:00:00,185.35,186.26,184.98,186.14
2025-11-01 23:00:00,186.14,186.56,185.84,186.35
2025-11-02 00:00:00,186.35,186.37,185.07,185.1
2025-11-02 01:00:00,185.1,185.5,184.66,184.8
2025-11-02 02:00:00,184.81,186,184.78,185.37
2025-11-02 03:00:00,185.37,185.52,184.97,185.29
2025-11-02 04:00:00,185.3,188.03,185.02,187.79
2025-11-02 05:00:00,187.8,187.84,186.54,187.09
2025-11-02 06:00:00,187.09,187.69,186.62,187.41
2025-11-02 07:00:00,187.41,188.34,186.7,187.72
2025-11-02 08:00:00,187.72,187.95,186.96,187.14
2025-11-02 09:00:00,187.14,187.91,185.81,185.91
2025-11-02 10:00:00,185.91,186.2,184.45,185.04
2025-11-02 11:00:00,185.04,186.38,184.88,186.15
2025-11-02 12:00:00,186.14,186.5,185.26,185.52
2025-11-02 13:00:00,185.53,185.57,183.93,185.09
2025-11-02 14:00:00,185.09,185.37,183.53,184.35
2025-11-02 15:00:00,184.36,185.05,183.73,183.77
2025-11-02 16:00:00,183.77,184.45,182,184.29
2025-11-02 17:00:00,184.29,184.61,183.58,184.42
2025-11-02 18:00:00,184.42,184.68,184,184.25
2025-11-02 19:00:00,184.25,184.3,183.06,184.02
2025-11-02 20:00:00,184.02,184.57,183.58,184.56
2025-11-02 21:00:00,184.57,186,184.53,185.49
2025-11-02 22:00:00,185.49,185.68,184.34,184.91
2025-11-02 23:00:00,184.92,188.1,184.92,187.71
2025-11-03 00:00:00,187.71,189.13,186.58,186.58
2025-11-03 01:00:00,186.58,187.17,185.36,185.53
2025-11-03 02:00:00,185.53,185.93,183,183.48
2025-11-03 03:00:00,183.47,183.67,176.73,177.57
2025-11-03 04:00:00,177.56,178.4,175.88,177.94
2025-11-03 05:00:00,177.95,178.75,176.44,176.81
2025-11-03 06:00:00,176.82,177.26,174.22,176.11
2025-11-03 07:00:00,176.11,177.13,175.44,176.5
2025-11-03 08:00:00,176.51,176.61,173,175.67
2025-11-03 09:00:00,175.67,176.92,173.99,174.94
2025-11-03 10:00:00,174.93,175.92,173.64,174.11
2025-11-03 11:00:00,174.12,176.11,174.09,175.32
2025-11-03 12:00:00,175.32,176.6,175.03,175.56
2025-11-03 13:00:00,175.56,176.33,174.97,175.84
2025-11-03 14:00:00,175.83,176.95,174.86,176.44
2025-11-03 15:00:00,176.44,176.75,165,166.79
2025-11-03 16:00:00,166.79,169.2,165.61,168.37
2025-11-03 17:00:00,168.38,171,168.08,169.93
2025-11-03 18:00:00,169.93,170.15,167.76,167.88
2025-11-03 19:00:00,167.88,168.34,166.62,166.74
2025-11-03 20:00:00,166.75,167.24,163.15,164.4
2025-11-03 21:00:00,164.39,166.22,163.25,165.94
2025-11-03 22:00:00,165.94,166.28,164.2,165.75
2025-11-03 23:00:00,165.75,166.32,164.47,166.06
2025-11-04 00:00:00,166.06,167.24,164.18,166.58
2025-11-04 01:00:00,166.58,168.37,165.88,167.85
2025-11-04 02:00:00,167.84,168.42,166.43,166.68
2025-11-04 03:00:00,166.69,168.26,166.26,167.66
2025-11-04 04:00:00,167.66,168.13,164.75,165.03
2025-11-04 05:00:00,165.04,165.49,157.17,157.69
2025-11-04 06:00:00,157.7,161.34,157.62,158.58
2025-11-04 07:00:00,158.59,158.92,155.87,157.07
2025-11-04 08:00:00,157.07,160.47,156.41,159.25
2025-11-04 09:00:00,159.25,160.46,158.66,160.39
2025-11-04 10:00:00,160.38,161.4,159.95,160.49
2025-11-04 11:00:00,160.48,162.25,160.33,161.71
2025-11-04 12:00:00,161.71,162.54,160.82,161.43
2025-11-04 13:00:00,161.42,162.62,160.51,161.28
2025-11-04 14:00:00,161.27,164.76,159.32,164.39
2025-11-04 15:00:00,164.4,165.27,161.27,161.5
2025-11-04 16:00:00,161.5,162.36,158.16,158.2
2025-11-04 17:00:00,158.21,158.24,153.05,156.21
2025-11-04 18:00:00,156.2,156.56,152.26,156.43
2025-11-04 19:00:00,156.42,157.44,154.21,154.62
2025-11-04 20:00:00,154.62,155.07,148.29,153.4
2025-11-04 21:00:00,153.41,154.12,145.85,151.17
2025-11-04 22:00:00,151.17,155.6,150.48,155.22
2025-11-04 23:00:00,155.22,155.9,153.9,155.03
2025-11-05 00:00:00,155.04,155.64,152.49,153.35
2025-11-05 01:00:00,153.35,153.56,147.29,152.66
2025-11-05 02:00:00,152.65,156.21,152.6,156.13
2025-11-05 03:00:00,156.13,157.42,155.06,156.93
2025-11-05 04:00:00,156.93,158.06,155.66,157.04
2025-11-05 05:00:00,157.05,158.62,156.83,157.52
2025-11-05 06:00:00,157.52,158.15,156.6,158.03
2025-11-05 07:00:00,158.03,158.11,155.95,156.47
2025-11-05 08:00:00,156.47,156.48,153.67,155.7
2025-11-05 09:00:00,155.69,157.34,155.58,157.04
2025-11-05 10:00:00,157.03,157.08,154.69,154.86
2025-11-05 11:00:00,154.87,157.63,154.87,157.48
2025-11-05 12:00:00,157.48,158.77,156.77,158.3
2025-11-05 13:00:00,158.29,159.93,157.6,159.45
2025-11-05 14:00:00,159.44,159.65,156.94,158.74
2025-11-05 15:00:00,158.75,160.57,157.91,160.5
2025-11-05 16:00:00,160.5,162.09,158.57,161.83
2025-11-05 17:00:00,161.84,162.49,160.93,162.03
2025-11-05 18:00:00,162.03,163.93,161.7,163.14
2025-11-05 19:00:00,163.15,163.44,162.2,162.53
2025-11-05 20:00:00,162.53,163.97,162.36,162.57
2025-11-05 21:00:00,162.56,162.56,161.12,161.86
2025-11-05 22:00:00,161.86,162.91,161.31,162.82
2025-11-05 23:00:00,162.82,163.06,162.14,162.37
2025-11-06 00:00:00,162.37,162.37,160.47,161.38
2025-11-06 01:00:00,161.37,161.67,159.7,160.8
2025-11-06 02:00:00,160.8,162.33,160.11,161.75
2025-11-06 03:00:00,161.75,162.91,161.61,162.45
2025-11-06 04:00:00,162.46,162.75,161.71,162.13
2025-11-06 05:00:00,162.12,162.12,158.83,159.33
2025-11-06 06:00:00,159.32,160,158.78,158.8
2025-11-06 07:00:00,158.8,159.99,158.25,158.84
2025-11-06 08:00:00,158.84,159.53,158.51,159.34
2025-11-06 09:00:00,159.34,159.9,158.77,158.78
2025-11-06 10:00:00,158.78,159.76,157.66,159.05
2025-11-06 11:00:00,159.06,159.4,158.18,158.85
2025-11-06 12:00:00,158.85,159.43,157.11,157.49
2025-11-06 13:00:00,157.48,161.33,157.48,160.65
2025-11-06 14:00:00,160.64,161.51,157.35,157.8
2025-11-06 15:00:00,157.79,158.99,155.4,155.92
2025-11-06 16:00:00,155.92,156.99,153.8,155.4
2025-11-06 17:00:00,155.4,157.64,154.84,157.26
2025-11-06 18:00:00,157.26,158.67,155.46,157.49
2025-11-06 19:00:00,157.49,157.83,156.15,156.89
2025-11-06 20:00:00,156.89,157.82,154.64,155.31
2025-11-06 21:00:00,155.31,156.94,154.67,156.49
2025-11-06 22:00:00,156.49,156.81,154.26,155.58
2025-11-06 23:00:00,155.57,155.57,153.45,155.28
2025-11-07 00:00:00,155.27,157.14,154.89,156.77
2025-11-07 01:00:00,156.78,157.25,154.22,157.05
2025-11-07 02:00:00,157.04,158.1,156.16,158.01
2025-11-07 03:00:00,158.02,158.62,156.79,156.85
2025-11-07 04:00:00,156.86,157.08,155.24,156.17
2025-11-07 05:00:00,156.17,158.24,156.15,158.09
2025-11-07 06:00:00,158.1,158.28,156.8,156.8
2025-11-07 07:00:00,156.81,157.87,156.37,157.79
2025-11-07 08:00:00,157.79,158.21,156.85,157.3
2025-11-07 09:00:00,157.3,157.33,154.13,154.74
2025-11-07 10:00:00,154.73,155.76,153.64,154.25
2025-11-07 11:00:00,154.26,154.26,151.67,153.85
2025-11-07 12:00:00,153.86,154.17,150.92,151.64
2025-11-07 13:00:00,151.64,153.22,151,152.31
2025-11-07 14:00:00,152.3,155.14,149.82,154.76
2025-11-07 15:00:00,154.77,156.27,153.29,155.42
2025-11-07 16:00:00,155.42,158.13,154.4,157.29
2025-11-07 17:00:00,157.28,161.52,156.51,161.16
2025-11-07 18:00:00,161.17,162.97,160.91,162.11
2025-11-07 19:00:00,162.12,164.48,161.52,164.17
2025-11-07 20:00:00,164.17,164.41,161.84,163.36
2025-11-07 21:00:00,163.35,163.82,162.68,163.52
2025-11-07 22:00:00,163.51,163.91,162.76,163.22
2025-11-07 23:00:00,163.23,163.27,161.61,161.79
2025-11-08 00:00:00,161.8,162.6,160.59,160.88
2025-11-08 01:00:00,160.87,162.48,160.82,162.04
2025-11-08 02:00:00,162.04,164.44,161.93,163.41
2025-11-08 03:00:00,163.41,164.89,162.48,162.52
2025-11-08 04:00:00,162.52,163.66,162.51,162.71
2025-11-08 05:00:00,162.72,163.08,161.03,161.37
2025-11-08 06:00:00,161.37,161.97,160.16,161.14
2025-11-08 07:00:00,161.14,161.2,159.58,161.06
2025-11-08 08:00:00,161.05,162.07,160.3,161.56
2025-11-08 09:00:00,161.57,162.34,161,161.13
2025-11-08 10:00:00,161.13,161.25,160.52,160.82
2025-11-08 11:00:00,160.83,161.18,159.01,159.39
2025-11-08 12:00:00,159.39,159.7,158.78,159.43
2025-11-08 13:00:00,159.44,159.48,158.12,158.21
2025-11-08 14:00:00,158.22,158.53,156.8,157.67
2025-11-08 15:00:00,157.67,157.83,155.9,156.65
2025-11-08 16:00:00,156.65,157.38,155.8,156.76
2025-11-08 17:00:00,156.75,157.69,156.03,157.6
2025-11-08 18:00:00,157.59,158.18,156.94,157.96
2025-11-08 19:00:00,157.95,158.04,156.22,157.36
2025-11-08 20:00:00,157.36,158.28,157.22,157.69
2025-11-08 21:00:00,157.69,158.26,157.6,158.05
2025-11-08 22:00:00,158.05,158.4,157.62,158.02
2025-11-08 23:00:00,158.02,158.44,157.85,158.02
2025-11-09 00:00:00,158.01,158.02,156.6,156.84
2025-11-09 01:00:00,156.84,158.32,156.77,158.18
2025-11-09 02:00:00,158.17,158.18,155.72,156.02
2025-11-09 03:00:00,156.03,156.51,155.11,155.88
2025-11-09 04:00:00,155.89,157.64,155.85,157.23
2025-11-09 05:00:00,157.23,158.33,157.13,158.11
2025-11-09 06:00:00,158.12,159.12,157.85,158.26
2025-11-09 07:00:00,158.26,159.58,157.85,159.3
2025-11-09 08:00:00,159.29,159.69,158.76,159.46
2025-11-09 09:00:00,159.46,159.94,158.17,158.27
2025-11-09 10:00:00,158.26,158.45,157.28,158.44
2025-11-09 11:00:00,158.44,159.5,158.44,159.06
2025-11-09 12:00:00,159.06,159.97,158.59,159.1
2025-11-09 13:00:00,159.1,160.51,159,160.06
2025-11-09 14:00:00,160.05,163.12,159.26,160.15
2025-11-09 15:00:00,160.15,163.98,159.72,162.53
2025-11-09 16:00:00,162.53,163.17,161.81,162.93
2025-11-09 17:00:00,162.94,163,161.23,161.8
2025-11-09 18:00:00,161.8,164.08,161.35,163.99
2025-11-09 19:00:00,163.99,166.31,163.36,166.15
2025-11-09 20:00:00,166.16,166.36,165.01,165.33
2025-11-09 21:00:00,165.33,165.8,164.38,165.22
2025-11-09 22:00:00,165.22,165.67,164.12,165.44
2025-11-09 23:00:00,165.44,166.57,163.93,164.53
2025-11-10 00:00:00,164.53,168.37,163.42,167.5
2025-11-10 01:00:00,167.49,168.3,166.33,167.07
2025-11-10 02:00:00,167.08,168,166.4,167.76
2025-11-10 03:00:00,167.76,168.76,167.07,168.12
2025-11-10 04:00:00,168.13,168.92,166.67,168.03
2025-11-10 05:00:00,168.04,168.59,166.92,167.54
2025-11-10 06:00:00,167.55,167.75,166.38,166.94
2025-11-10 07:00:00,166.94,168.19,166.8,167.38
2025-11-10 08:00:00,167.38,167.44,166.11,166.64
2025-11-10 09:00:00,166.64,169.81,166.31,169.47
2025-11-10 10:00:00,169.48,169.65,168,168.35
2025-11-10 11:00:00,168.35,168.82,168.03,168.33
2025-11-10 12:00:00,168.32,168.5,166.93,168.13
2025-11-10 13:00:00,168.12,170.48,167.99,169.72
2025-11-10 14:00:00,169.72,169.73,165.26,166.15
2025-11-10 15:00:00,166.15,167.28,165.2,166.26
2025-11-10 16:00:00,166.26,167.06,165.25,166.11
2025-11-10 17:00:00,166.1,168.49,165.95,167.84
2025-11-10 18:00:00,167.83,168.12,165.66,165.66
2025-11-10 19:00:00,165.66,167.68,165.6,167.19
2025-11-10 20:00:00,167.19,168.41,166.85,167.85
2025-11-10 21:00:00,167.85,167.87,164.81,165.52
2025-11-10 22:00:00,165.52,167.8,165.14,167.64
2025-11-10 23:00:00,167.64,168.1,167.19,167.31
2025-11-11 00:00:00,167.31,167.61,166,167.51
2025-11-11 01:00:00,167.5,171,166.63,167.41
2025-11-11 02:00:00,167.41,171,166.25,170.28
2025-11-11 03:00:00,170.28,171.94,169.5,169.97
2025-11-11 04:00:00,169.97,170.11,166.57,166.92
2025-11-11 05:00:00,166.92,166.93,165,165.16
2025-11-11 06:00:00,165.16,165.32,163.57,164.95
2025-11-11 07:00:00,164.95,165.22,163.87,163.98
2025-11-11 08:00:00,163.98,164.93,163.6,164.01
2025-11-11 09:00:00,164.01,164.97,163.15,164.02
2025-11-11 10:00:00,164.02,164.38,162.7,163.77
2025-11-11 11:00:00,163.78,164.58,163,163.69
2025-11-11 12:00:00,163.69,164.37,162.56,163.34
2025-11-11 13:00:00,163.34,163.96,162.29,162.81
2025-11-11 14:00:00,162.8,163.28,160.91,163
2025-11-11 15:00:00,162.99,162.99,160,160.89
2025-11-11 16:00:00,160.88,161.22,159.7,160.64
2025-11-11 17:00:00,160.64,161.04,158.25,159.51
2025-11-11 18:00:00,159.5,159.8,158.37,158.96
2025-11-11 19:00:00,158.96,158.96,157.42,157.58
2025-11-11 20:00:00,157.59,157.87,156.27,156.77
2025-11-11 21:00:00,156.78,157.4,155.64,156.08
2025-11-11 22:00:00,156.08,157.27,155.52,156.68
2025-11-11 23:00:00,156.69,156.93,153.93,154.63
2025-11-12 00:00:00,154.63,155.32,153.59,153.83
2025-11-12 01:00:00,153.84,155.56,153.66,155.42
2025-11-12 02:00:00,155.41,155.58,153.73,154.3
2025-11-12 03:00:00,154.31,155,153.96,154.57
2025-11-12 04:00:00,154.58,155.05,154.2,154.95
2025-11-12 05:00:00,154.96,156.06,154.91,155.48
2025-11-12 06:00:00,155.48,156.49,155.35,155.93
2025-11-12 07:00:00,155.93,156.57,154.83,155.02
2025-11-12 08:00:00,155.03,158.14,155,158
2025-11-12 09:00:00,158,158.95,157.7,158.07
2025-11-12 10:00:00,158.08,160.47,157.99,160.29
2025-11-12 11:00:00,160.29,161.14,159.48,160.03
2025-11-12 12:00:00,160.03,160.77,159.09,159.85
2025-11-12 13:00:00,159.84,161.04,158.85,160.57
2025-11-12 14:00:00,160.58,161.06,157.12,158.57
2025-11-12 15:00:00,158.57,159.57,155.23,155.73
2025-11-12 16:00:00,155.73,156.21,152.17,152.79
2025-11-12 17:00:00,152.8,154.84,152.38,153.34
2025-11-12 18:00:00,153.33,154.21,152.78,152.78
2025-11-12 19:00:00,152.78,153.76,151.2,153.05
2025-11-12 20:00:00,153.04,154.68,152.54,153.75
2025-11-12 21:00:00,153.76,154.31,153.34,154.13
2025-11-12 22:00:00,154.13,154.14,152.72,153.89
2025-11-12 23:00:00,153.88,153.9,152.84,153.42
2025-11-13 00:00:00,153.43,154.4,152.41,153.01
2025-11-13 01:00:00,153.01,154.48,152.27,152.75
2025-11-13 02:00:00,152.75,153.39,152.41,152.9
2025-11-13 03:00:00,152.9,155.78,150.42,154.33
2025-11-13 04:00:00,154.33,154.93,153.4,154.3
2025-11-13 05:00:00,154.3,156.8,153.77,156.14
2025-11-13 06:00:00,156.14,157.12,155.72,156.72
2025-11-13 07:00:00,156.73,157.2,154.86,155.31
2025-11-13 08:00:00,155.3,156.49,154.92,155.93
2025-11-13 09:00:00,155.94,156.06,153.86,155.01
2025-11-13 10:00:00,155.02,156.17,154.88,155.43
2025-11-13 11:00:00,155.43,156.5,155.42,156.3
2025-11-13 12:00:00,156.3,156.96,155.78,156.43
2025-11-13 13:00:00,156.44,156.55,153.66,153.82
2025-11-13 14:00:00,153.83,156.71,152.26,155.3
2025-11-13 15:00:00,155.3,155.84,152.51,153.13
2025-11-13 16:00:00,153.12,153.41,150.73,151.1
2025-11-13 17:00:00,151.1,151.26,146.7,147.09
2025-11-13 18:00:00,147.09,147.77,144.52,145.43
2025-11-13 19:00:00,145.43,146.34,142.04,142.73
2025-11-13 20:00:00,142.73,143.28,141.04,142.73
2025-11-13 21:00:00,142.74,143.72,141.27,142.1
2025-11-13 22:00:00,142.1,144.84,141.75,144.59
2025-11-13 23:00:00,144.58,146.25,143.91,144.73
2025-11-14 00:00:00,144.74,145.26,142.94,143.33
2025-11-14 01:00:00,143.33,144.59,142.8,143.68
2025-11-14 02:00:00,143.68,145.68,143.65,145.32
2025-11-14 03:00:00,145.32,145.58,143.65,144.28
2025-11-14 04:00:00,144.27,144.37,138.71,141.93
2025-11-14 05:00:00,141.94,143.66,141.43,143.18
2025-11-14 06:00:00,143.18,144.12,140,143.94
2025-11-14 07:00:00,143.94,144.48,142.39,142.85
2025-11-14 08:00:00,142.85,142.96,141.4,142.49
2025-11-14 09:00:00,142.48,143.19,140.51,140.93
2025-11-14 10:00:00,140.93,142.91,140.84,141.95
2025-11-14 11:00:00,141.95,142.2,139.84,140.77
2025-11-14 12:00:00,140.76,140.76,135.76,138.72
2025-11-14 13:00:00,138.72,139.78,135.95,138.95
2025-11-14 14:00:00,138.95,142.85,137.54,142.21
2025-11-14 15:00:00,142.21,143.76,140.21,142.23
2025-11-14 16:00:00,142.23,144.22,141.57,143.42
2025-11-14 17:00:00,143.42,143.95,140.57,141.42
2025-11-14 18:00:00,141.42,142.92,140.7,141.29
2025-11-14 19:00:00,141.29,143.59,140.96,143.14
2025-11-14 20:00:00,143.14,143.24,139.29,139.63
2025-11-14 21:00:00,139.64,141.23,139.1,140.66
2025-11-14 22:00:00,140.66,141.8,139.63,140.32
2025-11-14 23:00:00,140.33,140.33,137.2,138.92
2025-11-15 00:00:00,138.93,141.31,138.75,141.11
2025-11-15 01:00:00,141.11,142.35,140.27,142.03
2025-11-15 02:00:00,142.02,143.18,141.59,143.1
2025-11-15 03:00:00,143.09,143.35,142.43,142.53
2025-11-15 04:00:00,142.54,143.1,141.81,142.4
2025-11-15 05:00:00,142.4,143.18,142.32,142.83
2025-11-15 06:00:00,142.84,143.59,142.35,142.66
2025-11-15 07:00:00,142.67,143.37,142.33,142.76
2025-11-15 08:00:00,142.75,142.84,140.5,140.79
2025-11-15 09:00:00,140.79,141.7,140.51,140.95
2025-11-15 10:00:00,140.95,141.41,140.59,141.22
2025-11-15 11:00:00,141.23,141.39,139.97,140.22
2025-11-15 12:00:00,140.21,141.02,139.98,140.89
2025-11-15 13:00:00,140.89,141.95,140.61,141.66
2025-11-15 14:00:00,141.66,141.75,140.76,141.49
2025-11-15 15:00:00,141.49,142.26,141.25,141.72
2025-11-15 16:00:00,141.72,142.84,140.81,142.76
2025-11-15 17:00:00,142.77,144.69,142.53,143.44
2025-11-15 18:00:00,143.43,143.45,142.19,142.5
2025-11-15 19:00:00,142.5,142.92,141.72,141.77
2025-11-15 20:00:00,141.78,141.96,140.13,140.43
2025-11-15 21:00:00,140.43,140.83,138.61,138.98
2025-11-15 22:00:00,138.98,140.02,138.65,139.85
2025-11-15 23:00:00,139.85,140.2,139.47,139.61
2025-11-16 00:00:00,139.6,139.79,138.63,139.25
2025-11-16 01:00:00,139.24,139.53,137.39,138.78
2025-11-16 02:00:00,138.78,140.86,138.45,140.85
2025-11-16 03:00:00,140.86,141.52,140.28,141.43
2025-11-16 04:00:00,141.43,141.63,140.73,141.36
2025-11-16 05:00:00,141.36,142.22,141.27,141.46
2025-11-16 06:00:00,141.46,142.17,141.33,141.68
2025-11-16 07:00:00,141.69,142.46,141.21,142.31
2025-11-16 08:00:00,142.31,142.63,141.63,142.21
2025-11-16 09:00:00,142.21,143.38,141.38,143.29
2025-11-16 10:00:00,143.28,143.34,142.7,142.93
2025-11-16 11:00:00,142.94,143.12,139.5,139.92
2025-11-16 12:00:00,139.91,140.63,139.1,140.04
2025-11-16 13:00:00,140.04,140.58,138.82,139.47
2025-11-16 14:00:00,139.46,140.85,139.46,140.43
2025-11-16 15:00:00,140.43,140.48,137.15,137.48
2025-11-16 16:00:00,137.47,138.23,135.38,135.73
2025-11-16 17:00:00,135.73,136.43,134.42,135.83
2025-11-16 18:00:00,135.83,138.51,135.25,135.84
2025-11-16 19:00:00,135.84,138.03,135.74,136.83
2025-11-16 20:00:00,136.83,138.17,136.63,136.65
2025-11-16 21:00:00,136.65,136.78,135.43,136.43
2025-11-16 22:00:00,136.44,137.95,135.09,137.31
2025-11-16 23:00:00,137.31,138.14,134.91,137.17
2025-11-17 00:00:00,137.17,139.51,136.09,139.17
2025-11-17 01:00:00,139.17,139.49,138.14,138.26
2025-11-17 02:00:00,138.26,139.36,137.96,138.89
2025-11-17 03:00:00,138.89,140.79,138.86,140.28
2025-11-17 04:00:00,140.28,140.8,139.66,140.36
2025-11-17 05:00:00,140.36,140.83,139.85,140.6
2025-11-17 06:00:00,140.59,141.56,140.13,141.38
2025-11-17 07:00:00,141.38,141.85,141.09,141.33
2025-11-17 08:00:00,141.33,141.79,141.01,141.35
2025-11-17 09:00:00,141.35,142.64,140.94,142
2025-11-17 10:00:00,142,142.52,141.8,142.27
2025-11-17 11:00:00,142.27,142.8,141.72,141.9
2025-11-17 12:00:00,141.9,142.65,141.56,141.78
2025-11-17 13:00:00,141.79,141.99,137.14,138.03
2025-11-17 14:00:00,138.02,143.28,136.8,140.14
2025-11-17 15:00:00,140.15,140.8,136.86,137.16
2025-11-17 16:00:00,137.16,137.21,133.3,135.88
2025-11-17 17:00:00,135.87,135.94,131.75,132.04
2025-11-17 18:00:00,132.03,133.17,130.44,130.52
2025-11-17 19:00:00,130.52,131.33,129.37,129.65
2025-11-17 20:00:00,129.64,130.88,128.82,130.31
2025-11-17 21:00:00,130.32,131.01,129.83,130.7
2025-11-17 22:00:00,130.7,131.97,130.3,131.31
2025-11-17 23:00:00,131.31,131.77,130.25,130.99
2025-11-18 00:00:00,131,131.54,129,131.3
2025-11-18 01:00:00,131.3,132.39,130.96,131.96
2025-11-18 02:00:00,131.95,134.67,130.45,132.4
2025-11-18 03:00:00,132.39,135.23,131.4,134.51
2025-11-18 04:00:00,134.52,136.11,132.52,135.53
2025-11-18 05:00:00,135.54,136.78,134.92,135.95
2025-11-18 06:00:00,135.95,137.17,135.02,135.7
2025-11-18 07:00:00,135.69,137.81,135.03,136.92
2025-11-18 08:00:00,136.93,138.27,136.93,137.76
2025-11-18 09:00:00,137.77,138.17,136.47,137.85
2025-11-18 10:00:00,137.84,139.12,137.6,137.98
2025-11-18 11:00:00,137.98,138.21,137.28,137.88
2025-11-18 12:00:00,137.88,138.6,136.99,138.23
2025-11-18 13:00:00,138.23,138.4,136.84,138.29
2025-11-18 14:00:00,138.28,139.89,137.5,137.5
2025-11-18 15:00:00,137.5,142.17,137.2,139.7
2025-11-18 16:00:00,139.7,142,138.77,141.09
2025-11-18 17:00:00,141.09,141.18,139.32,140.05
2025-11-18 18:00:00,140.06,141.83,140,141.46
2025-11-18 19:00:00,141.47,142.12,140.9,141.44
2025-11-18 20:00:00,141.45,142.12,141.13,141.13
2025-11-18 21:00:00,141.13,141.58,139.66,139.74
2025-11-18 22:00:00,139.75,141.89,139.71,141.43
2025-11-18 23:00:00,141.44,141.61,140.46,140.69
2025-11-19 00:00:00,140.68,141.65,139.29,141.15
2025-11-19 01:00:00,141.16,141.8,139.82,140.38
2025-11-19 02:00:00,140.38,142.84,140.04,142.2
2025-11-19 03:00:00,142.2,142.47,139.44,139.81
2025-11-19 04:00:00,139.8,140.25,138.39,138.66
2025-11-19 05:00:00,138.67,139.14,137.12,138
2025-11-19 06:00:00,138,139.33,137.6,139.06
2025-11-19 07:00:00,139.07,141.14,138.97,140.58
2025-11-19 08:00:00,140.57,141.03,139.78,140.18
2025-11-19 09:00:00,140.18,140.19,139,139.71
2025-11-19 10:00:00,139.72,140.33,139.24,139.54
2025-11-19 11:00:00,139.55,139.82,138.35,138.56
2025-11-19 12:00:00,138.57,139.23,138.18,138.95
2025-11-19 13:00:00,138.95,138.96,136.69,136.73
2025-11-19 14:00:00,136.74,137.86,136,137.23
2025-11-19 15:00:00,137.23,139.08,134.42,134.62
2025-11-19 16:00:00,134.61,135.45,132.86,133.39
2025-11-19 17:00:00,133.38,133.81,131.34,132.21
2025-11-19 18:00:00,132.2,132.51,130.53,131.51
2025-11-19 19:00:00,131.51,132.11,130.83,131.74
2025-11-19 20:00:00,131.74,133.56,131.36,133.21
2025-11-19 21:00:00,133.21,136,132.73,135.45
2025-11-19 22:00:00,135.45,135.7,134.21,135.57
2025-11-19 23:00:00,135.57,137.06,135.4,137.06
2025-11-20 00:00:00,137.06,138.14,136.38,137.72
2025-11-20 01:00:00,137.73,139.82,137.47,139.67
2025-11-20 02:00:00,139.67,144.22,139.37,143.67
2025-11-20 03:00:00,143.67,144.46,142.89,143.18
2025-11-20 04:00:00,143.18,144.74,142.4,144.66
2025-11-20 05:00:00,144.67,144.8,143.62,144.1
2025-11-20 06:00:00,144.1,144.33,142.19,142.84
2025-11-20 07:00:00,142.85,143.89,142.72,143.8
2025-11-20 08:00:00,143.8,143.96,142.89,143.39
2025-11-20 09:00:00,143.39,143.42,141.39,142.04
2025-11-20 10:00:00,142.05,142.34,141.07,142.26
2025-11-20 11:00:00,142.26,142.5,141.54,142.12
2025-11-20 12:00:00,142.12,142.47,141.36,142.02
2025-11-20 13:00:00,142.02,143.39,140.5,140.7
2025-11-20 14:00:00,140.7,141.53,138.98,140.95
2025-11-20 15:00:00,140.95,141.11,138.35,138.57
2025-11-20 16:00:00,138.56,138.74,131.56,132.65
2025-11-20 17:00:00,132.64,133.15,131.11,132.81
2025-11-20 18:00:00,132.8,134.58,132.01,132.57
2025-11-20 19:00:00,132.56,134.47,131.63,133.92
2025-11-20 20:00:00,133.91,134.67,132.66,133.69
2025-11-20 21:00:00,133.69,135.29,133.58,134.13
2025-11-20 22:00:00,134.13,136.68,133.97,136.45
2025-11-20 23:00:00,136.45,136.55,133.31,133.67
2025-11-21 00:00:00,133.67,135.06,133.63,134.19
2025-11-21 01:00:00,134.19,135.05,133.61,134.24
2025-11-21 02:00:00,134.24,134.66,131.03,131.39
2025-11-21 03:00:00,131.38,133.64,131.37,132.62
2025-11-21 04:00:00,132.62,133.06,130.47,132.64
2025-11-21 05:00:00,132.64,133.1,131.58,132.09
2025-11-21 06:00:00,132.1,132.37,130.55,130.87
2025-11-21 07:00:00,130.87,131.39,124.44,127.55
2025-11-21 08:00:00,127.55,129.45,126.87,128.1
2025-11-21 09:00:00,128.1,128.96,125.47,125.5
2025-11-21 10:00:00,125.5,126.59,124.85,125.09
2025-11-21 11:00:00,125.09,126.37,123.79,124.32
2025-11-21 12:00:00,124.32,127.26,121.66,126.25
2025-11-21 13:00:00,126.25,128.34,125.58,127.21
2025-11-21 14:00:00,127.21,129.61,126.22,128.62
2025-11-21 15:00:00,128.62,129,124.78,125.41
2025-11-21 16:00:00,125.4,128.83,123.58,128.66
2025-11-21 17:00:00,128.65,130.62,128.35,129.22
2025-11-21 18:00:00,129.23,130.39,126.54,129.54
2025-11-21 19:00:00,129.54,129.88,127.55,128.12
2025-11-21 20:00:00,128.12,128.4,125.95,127.18
2025-11-21 21:00:00,127.18,129.35,126.67,128.87
2025-11-21 22:00:00,128.88,129.36,125.43,125.49
2025-11-21 23:00:00,125.49,128.88,125.11,128.68
2025-11-22 00:00:00,128.69,129.44,127.98,128.46
2025-11-22 01:00:00,128.46,129.94,128.39,129.48
2025-11-22 02:00:00,129.49,129.63,127.27,128.03
2025-11-22 03:00:00,128.04,128.43,126.82,127.13
2025-11-22 04:00:00,127.13,127.42,125.68,126.99
2025-11-22 05:00:00,127,127.3,125.38,126.25
2025-11-22 06:00:00,126.25,128.29,125.35,128.06
2025-11-22 07:00:00,128.07,128.39,127.36,127.74
2025-11-22 08:00:00,127.74,127.74,125.5,125.93
2025-11-22 09:00:00,125.93,127.55,125.69,126.47
2025-11-22 10:00:00,126.47,127.21,125.57,125.92
2025-11-22 11:00:00,125.92,127.47,125.32,126.68
2025-11-22 12:00:00,126.68,126.72,125.22,125.81
2025-11-22 13:00:00,125.81,126.42,125.08,125.62
2025-11-22 14:00:00,125.62,127.51,125.53,127.13
2025-11-22 15:00:00,127.12,127.79,126.16,127.13
2025-11-22 16:00:00,127.13,128.6,126.86,128.21
2025-11-22 17:00:00,128.21,128.45,127.3,127.61
2025-11-22 18:00:00,127.61,128.06,127.41,127.77
2025-11-22 19:00:00,127.78,128.09,126.79,127.2
2025-11-22 20:00:00,127.2,127.64,126.1,126.45
2025-11-22 21:00:00,126.44,126.84,126.12,126.64
2025-11-22 22:00:00,126.64,128.92,126.2,128.25
2025-11-22 23:00:00,128.24,128.47,127.3,127.59
2025-11-23 00:00:00,127.6,128.65,127.56,128.03
2025-11-23 01:00:00,128.04,129.86,127.88,129.46
2025-11-23 02:00:00,129.46,130.8,129.11,130.05
2025-11-23 03:00:00,130.04,130.41,129.38,129.96
2025-11-23 04:00:00,129.95,131.9,129.95,130.74
2025-11-23 05:00:00,130.74,130.93,130.2,130.53
2025-11-23 06:00:00,130.53,130.91,129.16,129.34
2025-11-23 07:00:00,129.34,129.42,128.11,128.86
2025-11-23 08:00:00,128.86,129.78,128.83,129.68
2025-11-23 09:00:00,129.68,130.99,129.45,130.09
2025-11-23 10:00:00,130.08,130.19,129.42,129.96
2025-11-23 11:00:00,129.95,130,129.02,129.75
2025-11-23 12:00:00,129.76,131.72,129.65,130.88
2025-11-23 13:00:00,130.89,131.73,130.34,131.58
2025-11-23 14:00:00,131.57,132.75,130.5,130.75
2025-11-23 15:00:00,130.74,133.13,130.43,132.87
2025-11-23 16:00:00,132.88,133.47,131.73,131.79
2025-11-23 17:00:00,131.78,131.91,130.84,131.39
2025-11-23 18:00:00,131.39,132.93,131.38,132.19
2025-11-23 19:00:00,132.2,133.1,131.98,132.38
2025-11-23 20:00:00,132.39,132.85,132.09,132.64
2025-11-23 21:00:00,132.63,133.54,131.52,133.14
2025-11-23 22:00:00,133.15,133.32,132.28,132.67
2025-11-23 23:00:00,132.67,132.87,130.52,130.58
2025-11-24 00:00:00,130.58,132.11,129.31,130.81
2025-11-24 01:00:00,130.81,131.76,130,131.49
2025-11-24 02:00:00,131.5,134.4,131.42,133.39
2025-11-24 03:00:00,133.4,134.41,132.84,133.43
2025-11-24 04:00:00,133.42,133.54,130.6,131.38
2025-11-24 05:00:00,131.38,133.93,131.21,132.96
2025-11-24 06:00:00,132.95,133.03,130.67,131.18
2025-11-24 07:00:00,131.17,131.43,130.19,130.34
2025-11-24 08:00:00,130.33,130.76,129.63,130.58
2025-11-24 09:00:00,130.58,130.68,128.44,128.89
2025-11-24 10:00:00,128.9,129.47,128.76,129.23
2025-11-24 11:00:00,129.23,129.93,128.78,129.62
2025-11-24 12:00:00,129.61,130,129,129.53
2025-11-24 13:00:00,129.52,130.58,129.38,129.76
2025-11-24 14:00:00,129.75,131.62,128.54,130.75
2025-11-24 15:00:00,130.75,132.6,130.03,131.94
2025-11-24 16:00:00,131.93,134.42,131.82,133.7
2025-11-24 17:00:00,133.71,137.19,133.58,136.91
2025-11-24 18:00:00,136.92,138,136.48,137.41
2025-11-24 19:00:00,137.41,137.82,136.67,137.24
2025-11-24 20:00:00,137.24,139.36,137.24,139
2025-11-24 21:00:00,138.99,139.18,138.04,138.97
2025-11-24 22:00:00,138.97,139.87,138.44,139.05
2025-11-24 23:00:00,139.04,139.22,138.2,138.44
2025-11-25 00:00:00,138.43,138.99,137.64,138.43
2025-11-25 01:00:00,138.43,138.98,137.77,137.81
2025-11-25 02:00:00,137.82,138.39,137.25,138.18
2025-11-25 03:00:00,138.17,138.67,137.28,137.8
2025-11-25 04:00:00,137.8,138.97,137.73,138.55
2025-11-25 05:00:00,138.54,138.83,137.86,138.58
2025-11-25 06:00:00,138.57,138.63,137.41,138.17
2025-11-25 07:00:00,138.18,138.2,136.3,136.33
2025-11-25 08:00:00,136.33,136.7,135.15,135.44
2025-11-25 09:00:00,135.44,136.35,134.73,136.29
2025-11-25 10:00:00,136.3,136.84,135.86,136.62
2025-11-25 11:00:00,136.63,136.74,135.95,136.29
2025-11-25 12:00:00,136.29,136.98,135.66,136.32
2025-11-25 13:00:00,136.31,136.97,135.17,135.47
2025-11-25 14:00:00,135.47,136.24,133.13,134.69
2025-11-25 15:00:00,134.69,135.5,133.45,134.86
2025-11-25 16:00:00,134.86,137.08,134.54,136.07
2025-11-25 17:00:00,136.06,138.02,135.73,136.91
2025-11-25 18:00:00,136.92,137.69,136.3,136.34
2025-11-25 19:00:00,136.34,136.74,134.24,136.72
2025-11-25 20:00:00,136.73,138.03,136.27,137.75
2025-11-25 21:00:00,137.75,138.13,136.98,137.17
2025-11-25 22:00:00,137.17,139.59,135.98,138.99
2025-11-25 23:00:00,138.98,140.5,138.56,138.96
2025-11-26 00:00:00,138.96,139.87,138.81,139.04
2025-11-26 01:00:00,139.04,140.68,138.57,140.02
2025-11-26 02:00:00,140.01,140.23,139.06,139.25
2025-11-26 03:00:00,139.26,139.78,137.92,138.15
2025-11-26 04:00:00,138.15,138.55,137.72,138.04
2025-11-26 05:00:00,138.04,139.29,137.99,139.02
2025-11-26 06:00:00,139.01,139.77,138.41,139.56
2025-11-26 07:00:00,139.56,139.95,139.1,139.89
2025-11-26 08:00:00,139.88,139.93,137.91,137.93
2025-11-26 09:00:00,137.93,138.14,136.21,136.72
2025-11-26 10:00:00,136.72,137.45,136.61,137.27
2025-11-26 11:00:00,137.28,137.38,136.6,136.87
2025-11-26 12:00:00,136.86,137.1,135.56,135.65
2025-11-26 13:00:00,135.64,136.92,135.5,136.73
2025-11-26 14:00:00,136.73,138.29,135.7,136.32
2025-11-26 15:00:00,136.31,137.45,135.78,136.66
2025-11-26 16:00:00,136.67,138.1,136.46,137.06
2025-11-26 17:00:00,137.07,141.04,136.75,140.75
2025-11-26 18:00:00,140.76,144.71,140.7,144.63
2025-11-26 19:00:00,144.64,144.75,143.67,143.99
2025-11-26 20:00:00,143.99,144.03,142.53,142.91
2025-11-26 21:00:00,142.9,144.23,142.85,143.53
2025-11-26 22:00:00,143.52,144.11,142.8,143.06
2025-11-26 23:00:00,143.05,143.45,142.51,143.02
2025-11-27 00:00:00,143.01,143.75,142.23,142.83
2025-11-27 01:00:00,142.84,143.7,142.07,143.31
2025-11-27 02:00:00,143.3,144.14,142.8,143
2025-11-27 03:00:00,143,143.72,142.35,142.52
2025-11-27 04:00:00,142.52,143.03,142.33,142.87
2025-11-27 05:00:00,142.86,143.49,142.55,142.77
2025-11-27 06:00:00,142.78,144.14,142.77,143.95
2025-11-27 07:00:00,143.96,144.29,143.61,143.77
2025-11-27 08:00:00,143.77,143.9,142.12,142.59
2025-11-27 09:00:00,142.6,143.06,141.65,141.74
2025-11-27 10:00:00,141.74,142.35,141.51,142.31
2025-11-27 11:00:00,142.32,142.34,141.67,142.08
2025-11-27 12:00:00,142.08,142.19,140.99,141.13
2025-11-27 13:00:00,141.13,141.54,140.67,141.24
2025-11-27 14:00:00,141.24,141.8,140.85,141.26
2025-11-27 15:00:00,141.26,142.54,141.07,142.15
2025-11-27 16:00:00,142.15,142.46,141.6,142.2
2025-11-27 17:00:00,142.2,142.28,141.43,141.61
2025-11-27 18:00:00,141.6,143.15,141.52,142.94
2025-11-27 19:00:00,142.93,142.94,142.25,142.73
2025-11-27 20:00:00,142.73,142.91,142.42,142.48
2025-11-27 21:00:00,142.47,142.56,141.79,141.93
2025-11-27 22:00:00,141.93,142.04,140.51,140.82
2025-11-27 23:00:00,140.81,141.45,140.47,140.85
2025-11-28 00:00:00,140.85,141.45,140.49,141
2025-11-28 01:00:00,141.01,141.05,138.85,139.05
2025-11-28 02:00:00,139.06,139.63,138.59,139.49
2025-11-28 03:00:00,139.5,139.87,139.16,139.68
2025-11-28 04:00:00,139.68,140.25,139.55,140.07
2025-11-28 05:00:00,140.06,140.6,139.86,140.37
2025-11-28 06:00:00,140.37,140.37,139.21,139.47
2025-11-28 07:00:00,139.47,140.05,138.97,138.97
2025-11-28 08:00:00,138.98,141.62,138.95,141.48
2025-11-28 09:00:00,141.48,142.64,141.04,141.7
2025-11-28 10:00:00,141.69,142.38,141.58,142.07
2025-11-28 11:00:00,142.08,142.08,139.96,140.99
2025-11-28 12:00:00,140.99,141.56,140.77,140.79
2025-11-28 13:00:00,140.8,143.4,140.43,142.51
2025-11-28 14:00:00,142.52,143.55,141.72,142.59
2025-11-28 15:00:00,142.59,143.6,141.31,141.61
2025-11-28 16:00:00,141.62,141.65,138.76,138.79
2025-11-28 17:00:00,138.8,138.84,136.77,137.18
2025-11-28 18:00:00,137.18,137.54,136.01,137.18
2025-11-28 19:00:00,137.18,137.99,137.05,137.53
2025-11-28 20:00:00,137.54,137.98,136.93,137.9
2025-11-28 21:00:00,137.9,138.04,137.31,137.4
2025-11-28 22:00:00,137.4,137.88,136.59,137.81
2025-11-28 23:00:00,137.8,138.3,137.28,137.33
2025-11-29 00:00:00,137.33,137.89,137.15,137.66
2025-11-29 01:00:00,137.65,137.84,137.26,137.41
2025-11-29 02:00:00,137.42,137.71,136.89,137.21
2025-11-29 03:00:00,137.2,137.4,136.7,136.83
2025-11-29 04:00:00,136.84,137.72,136.84,137.64
2025-11-29 05:00:00,137.65,137.66,137.14,137.22
2025-11-29 06:00:00,137.22,137.6,136.22,137.11
2025-11-29 07:00:00,137.11,137.55,136.93,137.28
2025-11-29 08:00:00,137.28,137.48,136.64,136.98
2025-11-29 09:00:00,136.98,137.12,136.6,136.67
2025-11-29 10:00:00,136.68,137.01,136.39,136.82
2025-11-29 11:00:00,136.81,137.37,136.66,137.33
2025-11-29 12:00:00,137.33,137.47,136.87,136.94
2025-11-29 13:00:00,136.94,137.08,136.67,136.91
2025-11-29 14:00:00,136.91,136.91,136.5,136.54
2025-11-29 15:00:00,136.54,137.66,136.54,137.58
2025-11-29 16:00:00,137.58,137.84,137.05,137.66
2025-11-29 17:00:00,137.67,138.1,136.07,136.19
2025-11-29 18:00:00,136.19,136.35,134.76,135.69
2025-11-29 19:00:00,135.69,136.24,135.42,135.68
2025-11-29 20:00:00,135.67,136.33,135.33,136.23
2025-11-29 21:00:00,136.24,136.52,135.76,136.46
2025-11-29 22:00:00,136.45,136.46,135.38,135.81
2025-11-29 23:00:00,135.82,136.2,135.49,135.91
2025-11-30 00:00:00,135.92,136.45,135.73,135.95
2025-11-30 01:00:00,135.95,136.61,135.86,136.29
2025-11-30 02:00:00,136.3,136.8,135.85,135.93
2025-11-30 03:00:00,135.92,136.5,135.25,136.4
2025-11-30 04:00:00,136.41,136.95,136.22,136.34
2025-11-30 05:00:00,136.35,136.35,135.57,135.77
2025-11-30 06:00:00,135.77,136.49,135.52,136.33
2025-11-30 07:00:00,136.33,136.72,136.19,136.53
2025-11-30 08:00:00,136.52,137.09,136.12,136.81
2025-11-30 09:00:00,136.81,137.1,136.46,136.82
2025-11-30 10:00:00,136.82,136.96,136.52,136.68
2025-11-30 11:00:00,136.67,136.9,136.23,136.42
2025-11-30 12:00:00,136.43,137.73,136.2,137.58
2025-11-30 13:00:00,137.58,140.19,137.33,139.26
2025-11-30 14:00:00,139.26,139.47,138.13,138.51
2025-11-30 15:00:00,138.51,138.54,137.51,138.33
2025-11-30 16:00:00,138.34,139.82,138.29,139.52
2025-11-30 17:00:00,139.52,139.52,138.36,138.46
2025-11-30 18:00:00,138.47,138.64,137.86,138.61
2025-11-30 19:00:00,138.61,138.67,137.37,137.63
2025-11-30 20:00:00,137.62,137.93,136.87,137.3
2025-11-30 21:00:00,137.29,137.4,136.62,137.04
2025-11-30 22:00:00,137.03,137.89,136.99,137.72
2025-11-30 23:00:00,137.72,137.79,133.26,133.48
2025-12-01 00:00:00,133.48,133.74,127.53,127.57
2025-12-01 01:00:00,127.57,129.33,127.46,127.96
2025-12-01 02:00:00,127.96,128.66,127.47,127.57
2025-12-01 03:00:00,127.58,127.58,126.53,126.97
2025-12-01 04:00:00,126.97,127.05,126.19,126.38
2025-12-01 05:00:00,126.38,126.57,125.81,126.11
2025-12-01 06:00:00,126.1,126.86,126.02,126.72
2025-12-01 07:00:00,126.72,127.47,126.32,127.42
2025-12-01 08:00:00,127.41,127.82,127,127.72
2025-12-01 09:00:00,127.71,128.09,126.86,127.02
2025-12-01 10:00:00,127.01,127.56,126.96,127.25
2025-12-01 11:00:00,127.25,127.38,126.89,127.12
2025-12-01 12:00:00,127.12,127.19,125.38,126.6
2025-12-01 13:00:00,126.59,127.72,126.13,126.49
2025-12-01 14:00:00,126.49,127.09,125.55,126.11
2025-12-01 15:00:00,126.12,126.31,123.11,125.11
2025-12-01 16:00:00,125.11,125.34,123.38,123.53
2025-12-01 17:00:00,123.54,124.98,123.51,124.44
2025-12-01 18:00:00,124.44,125.31,123.76,124.51
2025-12-01 19:00:00,124.52,124.6,123.27,123.86
2025-12-01 20:00:00,123.86,125.36,123.83,124.45
2025-12-01 21:00:00,124.44,127.17,124.22,126.1
2025-12-01 22:00:00,126.1,127.43,125.85,126.83
2025-12-01 23:00:00,126.83,127.4,126.54,126.66
2025-12-02 00:00:00,126.66,127.56,126.46,127.37
2025-12-02 01:00:00,127.36,128.54,126.79,126.99
2025-12-02 02:00:00,126.99,128.14,126.63,126.97
2025-12-02 03:00:00,126.97,127.68,126.02,127.23
2025-12-02 04:00:00,127.23,127.85,126.87,126.89
2025-12-02 05:00:00,126.89,127.09,126.46,126.69
2025-12-02 06:00:00,126.69,127.85,126.44,127.68
2025-12-02 07:00:00,127.68,127.71,127,127.26
2025-12-02 08:00:00,127.26,127.32,126.01,126.17
2025-12-02 09:00:00,126.16,127.21,126.14,126.77
2025-12-02 10:00:00,126.77,128.84,126.71,128.3
2025-12-02 11:00:00,128.3,128.53,127.82,128.31
2025-12-02 12:00:00,128.32,129.03,128.2,128.88
2025-12-02 13:00:00,128.87,131.02,128.46,130.61
2025-12-02 14:00:00,130.6,133.45,130.4,132.97
2025-12-02 15:00:00,132.97,139.87,132.95,137.84
2025-12-02 16:00:00,137.83,139.71,137.38,139.37
2025-12-02 17:00:00,139.38,140.88,139.25,139.48
2025-12-02 18:00:00,139.47,140.3,139.37,139.84
2025-12-02 19:00:00,139.85,140.64,139.77,140.25
2025-12-02 20:00:00,140.26,140.38,138.2,138.73
2025-12-02 21:00:00,138.73,139.29,138.37,139.11
2025-12-02 22:00:00,139.11,139.98,138.86,139.92
2025-12-02 23:00:00,139.92,139.94,138.4,138.68
2025-12-03 00:00:00,138.67,138.95,137.76,138.16
2025-12-03 01:00:00,138.16,139.23,137.88,138.87
2025-12-03 02:00:00,138.87,140.32,138.8,140.03
2025-12-03 03:00:00,140.03,140.65,139.79,140.33
2025-12-03 04:00:00,140.33,142.49,140.18,142.26
2025-12-03 05:00:00,142.26,143.25,142.16,143.06
2025-12-03 06:00:00,143.05,144.26,142.37,142.46
2025-12-03 07:00:00,142.45,142.58,141.83,141.88
2025-12-03 08:00:00,141.89,142.67,141.47,142.14
2025-12-03 09:00:00,142.14,142.46,141.55,142.09
2025-12-03 10:00:00,142.09,142.28,141.18,141.3
2025-12-03 11:00:00,141.3,141.75,140.75,141.72
2025-12-03 12:00:00,141.72,142.09,141.09,141.92
2025-12-03 13:00:00,141.91,142.46,141.5,141.87
2025-12-03 14:00:00,141.87,143.59,138.78,140.95
2025-12-03 15:00:00,140.95,142.09,140.14,141
2025-12-03 16:00:00,141,142,139.87,140.7
2025-12-03 17:00:00,140.71,142.1,140.47,141.83
2025-12-03 18:00:00,141.82,142.39,140.67,141.17
2025-12-03 19:00:00,141.17,141.6,141.02,141.28
2025-12-03 20:00:00,141.27,142.24,140.74,141.7
2025-12-03 21:00:00,141.7,146.08,141.61,145.49
2025-12-03 22:00:00,145.5,145.92,143.08,144.55
2025-12-03 23:00:00,144.56,145.63,144.48,144.67
2025-12-04 00:00:00,144.67,145.38,143.64,145.01
2025-12-04 01:00:00,145.02,146.91,144.11,144.18
2025-12-04 02:00:00,144.18,146.1,143.99,145.6
2025-12-04 03:00:00,145.6,145.64,144.32,144.67
2025-12-04 04:00:00,144.68,144.9,143.72,144.17
2025-12-04 05:00:00,144.16,144.23,142.95,143.24
2025-12-04 06:00:00,143.24,144.29,143.1,143.96
2025-12-04 07:00:00,143.97,144.01,142.64,143.47
2025-12-04 08:00:00,143.47,144.07,142.74,142.9
2025-12-04 09:00:00,142.9,144.2,142.89,143.91
2025-12-04 10:00:00,143.92,144.19,143.29,143.35
2025-12-04 11:00:00,143.35,143.5,142.7,143.06
2025-12-04 12:00:00,143.05,143.5,142.4,142.88
2025-12-04 13:00:00,142.88,143.18,141.79,142.23
2025-12-04 14:00:00,142.23,143.34,141.44,141.82
2025-12-04 15:00:00,141.81,144.26,141.78,143.21
2025-12-04 16:00:00,143.2,143.85,142.25,142.62
2025-12-04 17:00:00,142.62,142.81,141.11,142.14
2025-12-04 18:00:00,142.14,142.22,140.32,140.75
2025-12-04 19:00:00,140.75,140.87,137.8,139.67
2025-12-04 20:00:00,139.66,140.5,139.18,140.37
2025-12-04 21:00:00,140.38,140.43,138.5,138.72
2025-12-04 22:00:00,138.72,139.78,138.72,139.39
2025-12-04 23:00:00,139.39,139.43,138.7,139.01
2025-12-05 00:00:00,139.01,139.72,138.9,139.24
2025-12-05 01:00:00,139.24,140.2,139.14,139.82
2025-12-05 02:00:00,139.83,140.15,139.25,139.81
2025-12-05 03:00:00,139.8,140.18,138.3,138.56
2025-12-05 04:00:00,138.55,139.14,138.07,138.52
2025-12-05 05:00:00,138.52,138.74,137.77,138.04
2025-12-05 06:00:00,138.05,139,138.03,138.89
2025-12-05 07:00:00,138.9,140.75,138.77,139.68
2025-12-05 08:00:00,139.67,139.67,137.81,138.19
2025-12-05 09:00:00,138.2,138.27,136.28,136.34
2025-12-05 10:00:00,136.34,137.98,136.13,137.71
2025-12-05 11:00:00,137.71,138.09,136.87,137.02
2025-12-05 12:00:00,137.01,137.14,135.21,136.67
2025-12-05 13:00:00,136.67,137.06,135.77,135.94
2025-12-05 14:00:00,135.94,136.31,134.41,134.74
2025-12-05 15:00:00,134.73,137.2,134.63,135.05
2025-12-05 16:00:00,135.04,135.2,131.18,132.2
2025-12-05 17:00:00,132.2,132.73,131.11,132.16
2025-12-05 18:00:00,132.16,133.03,131.17,131.35
2025-12-05 19:00:00,131.36,133.04,130.73,132.5
2025-12-05 20:00:00,132.49,132.9,131.96,132.56
2025-12-05 21:00:00,132.57,133.16,132,132.4
2025-12-05 22:00:00,132.4,132.86,132.11,132.72
2025-12-05 23:00:00,132.72,133.43,132.27,133.29
2025-12-06 00:00:00,133.29,133.7,132.8,133.46
2025-12-06 01:00:00,133.47,133.83,133.2,133.49
2025-12-06 02:00:00,133.49,133.52,132.88,133.45
2025-12-06 03:00:00,133.45,134.13,133.33,133.74
2025-12-06 04:00:00,133.73,133.75,132.97,133.2
2025-12-06 05:00:00,133.2,133.42,132.89,133.07
2025-12-06 06:00:00,133.07,133.24,132.76,132.95
2025-12-06 07:00:00,132.96,133.2,132.56,132.72
2025-12-06 08:00:00,132.73,132.87,131.88,131.99
2025-12-06 09:00:00,131.99,132.8,131.99,132.52
2025-12-06 10:00:00,132.51,132.99,132.41,132.71
2025-12-06 11:00:00,132.71,133.29,132.69,133.22
2025-12-06 12:00:00,133.23,133.23,132.62,132.65
2025-12-06 13:00:00,132.65,133.27,132.59,132.94
2025-12-06 14:00:00,132.95,133.99,132.82,133.74
2025-12-06 15:00:00,133.74,133.8,132.21,132.87
2025-12-06 16:00:00,132.88,133.54,132.79,133.09
2025-12-06 17:00:00,133.08,133.42,132.67,132.95
2025-12-06 18:00:00,132.96,133.19,132.61,132.79
2025-12-06 19:00:00,132.8,132.97,131.78,132.06
2025-12-06 20:00:00,132.07,132.62,132.06,132.5
2025-12-06 21:00:00,132.49,132.93,132.22,132.4
2025-12-06 22:00:00,132.4,132.62,131.8,132.15
2025-12-06 23:00:00,132.15,132.36,131.28,132.19
2025-12-07 00:00:00,132.2,132.71,131.93,132.38
2025-12-07 01:00:00,132.37,132.8,132.3,132.31
2025-12-07 02:00:00,132.31,133.46,132.3,133.28
2025-12-07 03:00:00,133.28,133.59,133.02,133.5
2025-12-07 04:00:00,133.5,133.54,132.86,133.02
2025-12-07 05:00:00,133.02,133.23,132.66,132.82
2025-12-07 06:00:00,132.82,133.25,132.72,133.1
2025-12-07 07:00:00,133.09,133.14,131.91,132.08
2025-12-07 08:00:00,132.09,132.59,131.68,131.9
2025-12-07 09:00:00,131.9,132.11,131.53,131.89
2025-12-07 10:00:00,131.89,132.54,131.69,132.27
2025-12-07 11:00:00,132.28,132.52,132.15,132.44
2025-12-07 12:00:00,132.43,133.07,132.36,132.9
2025-12-07 13:00:00,132.9,133.02,131.51,131.73
2025-12-07 14:00:00,131.72,131.84,127.7,128.16
2025-12-07 15:00:00,128.16,132.22,128.03,132.03
2025-12-07 16:00:00,132.03,132.04,130.49,131.97
2025-12-07 17:00:00,131.97,135.54,131.28,134.81
2025-12-07 18:00:00,134.82,136.29,134.82,136.04
2025-12-07 19:00:00,136.05,136.16,135.2,135.72
2025-12-07 20:00:00,135.73,136.35,135.64,136.18
2025-12-07 21:00:00,136.18,136.18,132.46,133.1
2025-12-07 22:00:00,133.09,133.1,129.8,131.26
2025-12-07 23:00:00,131.25,132.4,130.61,132.24
2025-12-08 00:00:00,132.25,132.75,131.55,131.61
2025-12-08 01:00:00,131.61,134.47,131.52,133.37
2025-12-08 02:00:00,133.37,134.2,133.14,134.04
2025-12-08 03:00:00,134.05,134.71,133.76,134.32
2025-12-08 04:00:00,134.32,135.2,134.07,135.05
2025-12-08 05:00:00,135.06,135.44,134.59,135.2
2025-12-08 06:00:00,135.2,136,134.65,135.73
2025-12-08 07:00:00,135.73,135.98,134.91,135.85
2025-12-08 08:00:00,135.85,136.95,135.65,136.71
2025-12-08 09:00:00,136.7,138.9,136.68,138.14
2025-12-08 10:00:00,138.14,139.36,138.05,138.74
2025-12-08 11:00:00,138.74,139.14,138.13,138.37
2025-12-08 12:00:00,138.37,138.59,137.25,137.84
2025-12-08 13:00:00,137.84,139.32,137.55,138.13
2025-12-08 14:00:00,138.13,139,136.86,137.19
2025-12-08 15:00:00,137.2,137.57,135.24,135.55
2025-12-08 16:00:00,135.54,136.54,134.86,135.6
2025-12-08 17:00:00,135.6,136.3,134.78,135.83
2025-12-08 18:00:00,135.83,136.25,133.02,133.62
2025-12-08 19:00:00,133.62,134.68,133.46,133.67
2025-12-08 20:00:00,133.66,134.94,133.43,134.09
2025-12-08 21:00:00,134.09,134.58,133.24,134.48
2025-12-08 22:00:00,134.48,134.55,133.38,133.58
2025-12-08 23:00:00,133.58,133.79,132.45,133.25
2025-12-09 00:00:00,133.24,133.61,132.57,133.01
2025-12-09 01:00:00,133.02,133.33,132.62,133.13
2025-12-09 02:00:00,133.12,133.65,132.75,132.78
2025-12-09 03:00:00,132.78,134.42,132.47,134.18
2025-12-09 04:00:00,134.18,134.26,132.35,132.65
2025-12-09 05:00:00,132.65,133.01,131.77,132.1
2025-12-09 06:00:00,132.1,132.79,131.97,132.62
2025-12-09 07:00:00,132.62,133.3,132.36,133.2
2025-12-09 08:00:00,133.21,133.42,132.65,133.13
2025-12-09 09:00:00,133.12,133.13,132.28,132.35
2025-12-09 10:00:00,132.35,132.88,132.01,132.74
2025-12-09 11:00:00,132.74,133.03,132.39,132.95
2025-12-09 12:00:00,132.95,133.57,132.73,133.12
2025-12-09 13:00:00,133.11,133.3,132.04,132.41
2025-12-09 14:00:00,132.42,132.84,131.62,132.52
2025-12-09 15:00:00,132.52,138.5,132.39,138.45
2025-12-09 16:00:00,138.46,144.64,138.45,143.67
2025-12-09 17:00:00,143.67,144.93,142.52,143.12
2025-12-09 18:00:00,143.13,143.28,141.66,142.5
2025-12-09 19:00:00,142.5,142.85,141.7,142.1
2025-12-09 20:00:00,142.11,142.34,139.65,140.15
2025-12-09 21:00:00,140.16,140.47,136.71,137.74
2025-12-09 22:00:00,137.75,139.43,137.43,138.78
2025-12-09 23:00:00,138.77,138.82,137.68,137.88
2025-12-10 00:00:00,137.87,138.34,137.19,137.28
2025-12-10 01:00:00,137.28,138.51,137.2,137.85
2025-12-10 02:00:00,137.85,138.14,137.19,137.73
2025-12-10 03:00:00,137.74,138.61,137.54,138.15
2025-12-10 04:00:00,138.15,140.22,138.05,139.03
2025-12-10 05:00:00,139.03,139.6,138.63,139.16
2025-12-10 06:00:00,139.17,139.44,138.72,139.23
2025-12-10 07:00:00,139.23,139.23,138.36,139.2
2025-12-10 08:00:00,139.2,139.44,138.42,138.5
2025-12-10 09:00:00,138.5,139.1,138.14,138.97
2025-12-10 10:00:00,138.97,139.88,136.81,136.97
2025-12-10 11:00:00,136.96,137.5,136.33,137.24
2025-12-10 12:00:00,137.23,138.15,136.81,137.9
2025-12-10 13:00:00,137.89,138.16,137.47,137.7
2025-12-10 14:00:00,137.69,137.74,136.52,137.17
2025-12-10 15:00:00,137.18,137.66,135.71,136.17
2025-12-10 16:00:00,136.16,137.45,135.73,136.14
2025-12-10 17:00:00,136.13,137.19,135.92,136.85
2025-12-10 18:00:00,136.84,139.52,136.41,137.72
2025-12-10 19:00:00,137.72,139.64,136.19,138.67
2025-12-10 20:00:00,138.67,142.57,137.43,138.34
2025-12-10 21:00:00,138.33,138.87,136.8,137.15
2025-12-10 22:00:00,137.16,137.85,135.39,137.61
2025-12-10 23:00:00,137.6,137.82,136.11,136.26
2025-12-11 00:00:00,136.26,136.43,133.45,133.86
2025-12-11 01:00:00,133.86,134.19,132.66,132.89
2025-12-11 02:00:00,132.89,132.94,130.52,130.78
2025-12-11 03:00:00,130.78,130.78,129,129.39
2025-12-11 04:00:00,129.39,131.52,129.04,131.04
2025-12-11 05:00:00,131.04,131.3,130.47,131.19
2025-12-11 06:00:00,131.19,131.42,130.37,131.06
2025-12-11 07:00:00,131.06,131.4,130.66,131.03
2025-12-11 08:00:00,131.03,131.13,130.15,131.1
2025-12-11 09:00:00,131.1,131.41,130.83,130.95
2025-12-11 10:00:00,130.94,131.11,130.5,130.83
2025-12-11 11:00:00,130.83,131.22,130.76,130.93
2025-12-11 12:00:00,130.93,131.87,130.73,131.23
2025-12-11 13:00:00,131.22,131.52,130.88,131.31
2025-12-11 14:00:00,131.31,131.51,129.84,130.63
2025-12-11 15:00:00,130.63,132.82,130.31,131.18
2025-12-11 16:00:00,131.17,132,130.12,131.34
2025-12-11 17:00:00,131.33,132.6,130.8,132.36
2025-12-11 18:00:00,132.35,135.58,132.01,134.46
2025-12-11 19:00:00,134.47,135.49,133.62,133.91
2025-12-11 20:00:00,133.9,136.98,133.82,136.1
2025-12-11 21:00:00,136.11,137.79,136.1,137.03
2025-12-11 22:00:00,137.03,137.49,135.83,136.17
2025-12-11 23:00:00,136.17,136.77,135.68,136.41
2025-12-12 00:00:00,136.41,137.49,135.35,135.5
2025-12-12 01:00:00,135.51,137.25,135.51,136.74
2025-12-12 02:00:00,136.73,137.95,136.51,137.22
2025-12-12 03:00:00,137.21,137.45,136.56,137.08
2025-12-12 04:00:00,137.08,137.19,136.77,137.04
2025-12-12 05:00:00,137.04,138.93,136.52,138.9
2025-12-12 06:00:00,138.91,140.12,138.71,139.13
2025-12-12 07:00:00,139.14,139.42,138.79,139.09
2025-12-12 08:00:00,139.09,139.15,137.46,137.95
2025-12-12 09:00:00,137.94,138.47,137.19,138.25
2025-12-12 10:00:00,138.24,138.56,137.95,138.35
2025-12-12 11:00:00,138.36,138.77,137.86,138.71
2025-12-12 12:00:00,138.72,139.86,138.33,139.64
2025-12-12 13:00:00,139.64,139.64,138.72,138.98
2025-12-12 14:00:00,138.99,139.58,138.09,138.48
2025-12-12 15:00:00,138.47,138.51,132.85,133.49
2025-12-12 16:00:00,133.48,133.95,131.53,132.2
2025-12-12 17:00:00,132.2,133.59,131.37,132.14
2025-12-12 18:00:00,132.15,133.27,131.46,132.75
2025-12-12 19:00:00,132.75,132.85,130.35,131.27
2025-12-12 20:00:00,131.27,131.92,131,131.59
2025-12-12 21:00:00,131.58,132.07,131.25,131.86
2025-12-12 22:00:00,131.86,132.86,131.82,132.74
2025-12-12 23:00:00,132.75,133.07,132.21,132.27
2025-12-13 00:00:00,132.28,132.75,132.28,132.62
2025-12-13 01:00:00,132.63,132.97,132.38,132.66
2025-12-13 02:00:00,132.67,133,132.57,132.63
2025-12-13 03:00:00,132.63,133,132.55,132.88
2025-12-13 04:00:00,132.88,132.95,132.58,132.87
2025-12-13 05:00:00,132.86,132.98,132.33,132.68
2025-12-13 06:00:00,132.67,132.97,132.4,132.88
2025-12-13 07:00:00,132.88,133.02,132.8,132.93
2025-12-13 08:00:00,132.94,134.21,132.93,134
2025-12-13 09:00:00,134,134.28,133.52,133.58
2025-12-13 10:00:00,133.59,134.27,133.47,133.96
2025-12-13 11:00:00,133.96,134.06,133.2,133.32
2025-12-13 12:00:00,133.31,133.68,132.62,132.96
2025-12-13 13:00:00,132.97,133.37,132.63,133.13
2025-12-13 14:00:00,133.14,133.43,132.61,133.19
2025-12-13 15:00:00,133.19,133.66,133.11,133.31
2025-12-13 16:00:00,133.3,133.82,132.88,133.17
2025-12-13 17:00:00,133.17,133.2,132.13,132.21
2025-12-13 18:00:00,132.21,132.79,132.11,132.32
2025-12-13 19:00:00,132.32,132.95,132.3,132.72
2025-12-13 20:00:00,132.73,132.98,132.22,132.29
2025-12-13 21:00:00,132.28,132.73,131.6,132.7
2025-12-13 22:00:00,132.7,133.07,132.2,132.85
2025-12-13 23:00:00,132.85,133.27,132.59,133.14
2025-12-14 00:00:00,133.13,133.66,132.71,133.26
2025-12-14 01:00:00,133.27,133.57,133.01,133.31
2025-12-14 02:00:00,133.3,133.54,133.09,133.35
2025-12-14 03:00:00,133.35,133.47,132.84,132.95
2025-12-14 04:00:00,132.95,133.19,132.42,132.49
2025-12-14 05:00:00,132.49,132.69,132.08,132.66
2025-12-14 06:00:00,132.66,133.04,132.46,132.92
2025-12-14 07:00:00,132.92,133.39,132.83,133.29
2025-12-14 08:00:00,133.28,133.5,132.67,132.69
2025-12-14 09:00:00,132.68,132.8,132.33,132.34
2025-12-14 10:00:00,132.33,132.59,130.98,131.8
2025-12-14 11:00:00,131.8,131.98,130.14,131.47
2025-12-14 12:00:00,131.46,131.9,130.88,131.38
2025-12-14 13:00:00,131.38,131.65,130.94,131.64
2025-12-14 14:00:00,131.64,131.79,130.42,130.9
2025-12-14 15:00:00,130.89,131.06,130.33,130.67
2025-12-14 16:00:00,130.67,131.6,130.5,131.02
2025-12-14 17:00:00,131.02,131.24,129.4,130.04
2025-12-14 18:00:00,130.04,130.73,129.89,130.64
2025-12-14 19:00:00,130.63,130.64,130,130.31
2025-12-14 20:00:00,130.3,130.71,129.86,130.04
2025-12-14 21:00:00,130.03,130.32,129.57,129.89
2025-12-14 22:00:00,129.89,130.3,129.58,130.19
2025-12-14 23:00:00,130.19,130.8,127.98,129.4
2025-12-15 00:00:00,129.39,130.38,129.29,130.14
2025-12-15 01:00:00,130.14,131.59,129.81,131.17
2025-12-15 02:00:00,131.17,133.25,131.17,131.53
2025-12-15 03:00:00,131.53,131.71,130.93,131.16
2025-12-15 04:00:00,131.17,132,130.88,131.82
2025-12-15 05:00:00,131.83,132.15,131.67,131.98
2025-12-15 06:00:00,131.98,132.71,131.69,132.41
2025-12-15 07:00:00,132.42,132.65,131.82,132.34
2025-12-15 08:00:00,132.34,132.71,132.13,132.39
2025-12-15 09:00:00,132.4,133.02,132.14,132.74
2025-12-15 10:00:00,132.73,133.03,132.32,132.64
2025-12-15 11:00:00,132.64,132.8,132.06,132.26
2025-12-15 12:00:00,132.25,133.14,131.79,132.77
2025-12-15 13:00:00,132.76,133.29,131.72,132.66
2025-12-15 14:00:00,132.67,135.43,129.6,130.49
2025-12-15 15:00:00,130.48,130.6,126.45,126.89
2025-12-15 16:00:00,126.89,127.3,125.57,126.48
2025-12-15 17:00:00,126.49,126.78,124.51,124.94
2025-12-15 18:00:00,124.93,125.29,123.63,124.89
2025-12-15 19:00:00,124.89,125.85,124.68,125.02
2025-12-15 20:00:00,125.01,125.62,123.88,125
2025-12-15 21:00:00,125,126.44,124.96,125.85
2025-12-15 22:00:00,125.86,126.42,125.6,126.37
2025-12-15 23:00:00,126.38,127.87,126.3,127.81
2025-12-16 00:00:00,127.81,128.03,126.14,126.2
2025-12-16 01:00:00,126.2,126.86,125.54,126.37
2025-12-16 02:00:00,126.38,127.34,125.95,126.76
2025-12-16 03:00:00,126.77,126.94,124.94,126.51
2025-12-16 04:00:00,126.5,126.8,124.87,126.13
2025-12-16 05:00:00,126.12,126.69,125.92,126.39
2025-12-16 06:00:00,126.4,127.48,126.3,127.34
2025-12-16 07:00:00,127.35,127.4,125.55,125.57
2025-12-16 08:00:00,125.57,126.61,125.43,126
2025-12-16 09:00:00,125.99,126.5,125.9,126.29
2025-12-16 10:00:00,126.3,128.87,126.14,128.46
2025-12-16 11:00:00,128.46,129.04,127.94,128.63
2025-12-16 12:00:00,128.62,128.99,128.23,128.63
2025-12-16 13:00:00,128.64,129.9,126.77,126.77
2025-12-16 14:00:00,126.78,129.8,126.11,128.57
2025-12-16 15:00:00,128.58,130.14,127.27,129.75
2025-12-16 16:00:00,129.75,129.85,127.77,128.33
2025-12-16 17:00:00,128.33,128.59,127.13,127.27
2025-12-16 18:00:00,127.27,128.61,126.97,128.03
2025-12-16 19:00:00,128.02,128.09,126.77,127.73
2025-12-16 20:00:00,127.72,128.93,127.43,128.42
2025-12-16 21:00:00,128.41,128.73,127.99,128.48
2025-12-16 22:00:00,128.47,129,128.27,128.61
2025-12-16 23:00:00,128.61,129.52,128.16,129.15
2025-12-17 00:00:00,129.15,129.16,128.26,128.91
2025-12-17 01:00:00,128.91,129.82,128.76,129.19
2025-12-17 02:00:00,129.18,129.5,128.45,129.29
2025-12-17 03:00:00,129.3,129.64,128.21,128.24
2025-12-17 04:00:00,128.25,128.46,127.43,127.87
2025-12-17 05:00:00,127.86,128.09,127.02,127.62
2025-12-17 06:00:00,127.61,128.01,127.57,127.76
2025-12-17 07:00:00,127.76,128.57,127.64,128.27
2025-12-17 08:00:00,128.26,128.26,126.8,126.92
2025-12-17 09:00:00,126.92,127.03,125.96,126.75
2025-12-17 10:00:00,126.74,126.95,126.28,126.58
2025-12-17 11:00:00,126.58,127.93,126.5,127.62
2025-12-17 12:00:00,127.62,128.17,127.39,127.97
2025-12-17 13:00:00,127.97,129.45,127.57,129.22
2025-12-17 14:00:00,129.22,132.7,126.98,132.62
2025-12-17 15:00:00,132.62,133.99,126.58,126.77
2025-12-17 16:00:00,126.76,127.98,123.8,124.9
2025-12-17 17:00:00,124.91,125.21,122.55,123.06
2025-12-17 18:00:00,123.06,123.99,121.7,122.1
2025-12-17 19:00:00,122.11,122.5,121.36,122.39
2025-12-17 20:00:00,122.39,123.76,122.03,123
2025-12-17 21:00:00,122.99,123.11,121.95,122.44
2025-12-17 22:00:00,122.43,123.55,122.07,123.46
2025-12-17 23:00:00,123.47,123.5,122.8,123.27
2025-12-18 00:00:00,123.28,123.77,123.03,123.67
2025-12-18 01:00:00,123.67,123.79,122.98,123.38
2025-12-18 02:00:00,123.38,124.16,123.08,123.71
2025-12-18 03:00:00,123.7,123.97,123.03,123.65
2025-12-18 04:00:00,123.64,124.13,123.58,123.66
2025-12-18 05:00:00,123.66,123.66,122.35,122.41
2025-12-18 06:00:00,122.41,122.87,122.21,122.8
2025-12-18 07:00:00,122.8,123.4,122.44,122.83
2025-12-18 08:00:00,122.83,123.4,122.46,123.03
2025-12-18 09:00:00,123.03,123.91,122.65,123.7
2025-12-18 10:00:00,123.7,124.15,123.38,123.93
2025-12-18 11:00:00,123.94,124.07,123.2,124.07
2025-12-18 12:00:00,124.07,124.52,123.65,123.94
2025-12-18 13:00:00,123.95,126.88,123.95,126.39
2025-12-18 14:00:00,126.39,127.92,124.7,125.88
2025-12-18 15:00:00,125.88,129.05,125.61,127.4
2025-12-18 16:00:00,127.41,127.5,126.08,126.86
2025-12-18 17:00:00,126.86,126.9,120.58,122.97
2025-12-18 18:00:00,122.97,123.95,121.2,121.54
2025-12-18 19:00:00,121.54,121.64,117.44,117.56
2025-12-18 20:00:00,117.55,119,116.88,117.21
2025-12-18 21:00:00,117.21,120.2,117.08,120.1
2025-12-18 22:00:00,120.1,120.12,119.17,119.8
2025-12-18 23:00:00,119.8,119.97,119.31,119.6
2025-12-19 00:00:00,119.6,119.88,117.9,118.44
2025-12-19 01:00:00,118.44,118.57,117.61,118.38
2025-12-19 02:00:00,118.37,119.22,117.9,118.96
2025-12-19 03:00:00,118.96,122.54,118.9,121.59
2025-12-19 04:00:00,121.58,123.04,121.35,122.83
2025-12-19 05:00:00,122.84,123.38,121.75,122.63
2025-12-19 06:00:00,122.62,123.65,122.17,123.43
2025-12-19 07:00:00,123.43,125.34,123.43,124.44
2025-12-19 08:00:00,124.43,125.61,123.86,124.97
2025-12-19 09:00:00,124.96,125.08,124.38,124.72
2025-12-19 10:00:00,124.72,125.02,124.52,124.74
2025-12-19 11:00:00,124.75,125.74,124.67,125.36
2025-12-19 12:00:00,125.36,126.18,124.91,125.79
2025-12-19 13:00:00,125.79,126.52,125.61,125.91
2025-12-19 14:00:00,125.91,126.91,124.68,126.02
2025-12-19 15:00:00,126.02,127.66,124.78,125.09
2025-12-19 16:00:00,125.09,126.97,124.85,125.28
2025-12-19 17:00:00,125.29,126.14,123.65,123.65
2025-12-19 18:00:00,123.65,125.36,123.59,124.79
2025-12-19 19:00:00,124.79,126.64,124.79,126.25
2025-12-19 20:00:00,126.25,127.87,126.08,127.18
2025-12-19 21:00:00,127.18,127.38,126.48,126.79
2025-12-19 22:00:00,126.8,127.35,126.76,126.87
2025-12-19 23:00:00,126.86,126.86,126.14,126.27
2025-12-20 00:00:00,126.27,126.35,125.62,125.8
2025-12-20 01:00:00,125.8,126.03,125.52,125.55
2025-12-20 02:00:00,125.56,126.18,125.3,125.84
2025-12-20 03:00:00,125.84,126.49,125.51,126.21
2025-12-20 04:00:00,126.21,126.48,125.87,126.26
2025-12-20 05:00:00,126.26,126.69,126.09,126.38
2025-12-20 06:00:00,126.39,126.68,126.23,126.28
2025-12-20 07:00:00,126.29,126.37,125.94,126.17
2025-12-20 08:00:00,126.18,126.89,126.11,126.47
2025-12-20 09:00:00,126.47,126.75,126.22,126.27
2025-12-20 10:00:00,126.27,126.4,126,126.05
2025-12-20 11:00:00,126.05,126.5,125.87,126.47
2025-12-20 12:00:00,126.47,126.48,126.08,126.29
2025-12-20 13:00:00,126.28,126.4,125.45,126.14
2025-12-20 14:00:00,126.13,126.41,125.57,126.37
2025-12-20 15:00:00,126.38,126.67,126,126.58
2025-12-20 16:00:00,126.59,126.71,126.11,126.3
2025-12-20 17:00:00,126.3,126.47,125.98,126.02
2025-12-20 18:00:00,126.02,126.14,125.75,126
2025-12-20 19:00:00,126.01,126.19,125.77,126.05
2025-12-20 20:00:00,126.05,126.46,125.92,126.45
2025-12-20 21:00:00,126.46,126.55,126.25,126.33
2025-12-20 22:00:00,126.34,126.39,125.76,126.03
2025-12-20 23:00:00,126.02,126.08,125.63,125.81
2025-12-21 00:00:00,125.8,126.11,125.7,126.03
2025-12-21 01:00:00,126.03,126.03,125.07,125.09
2025-12-21 02:00:00,125.1,125.36,124.68,124.89
2025-12-21 03:00:00,124.89,125.55,124.84,125.22
2025-12-21 04:00:00,125.22,125.43,125.15,125.19
2025-12-21 05:00:00,125.19,125.48,125.07,125.28
2025-12-21 06:00:00,125.29,125.49,125.13,125.41
2025-12-21 07:00:00,125.42,125.54,125.2,125.3
2025-12-21 08:00:00,125.29,125.93,124.8,125.57
2025-12-21 09:00:00,125.57,126.6,125.47,126.28
2025-12-21 10:00:00,126.29,126.62,125.61,125.83
2025-12-21 11:00:00,125.83,125.88,125.33,125.48
2025-12-21 12:00:00,125.47,126.06,125.1,125.58
2025-12-21 13:00:00,125.58,125.6,123.4,123.64
2025-12-21 14:00:00,123.63,124.7,123.51,124.42
2025-12-21 15:00:00,124.42,125.26,123.95,125.05
2025-12-21 16:00:00,125.05,125.62,124.8,125.5
2025-12-21 17:00:00,125.49,126.35,125.39,125.5
2025-12-21 18:00:00,125.5,125.51,124.37,125.14
2025-12-21 19:00:00,125.15,125.88,125.07,125.67
2025-12-21 20:00:00,125.67,125.79,125.32,125.36
2025-12-21 21:00:00,125.35,125.38,124.7,124.89
2025-12-21 22:00:00,124.88,125.91,124.79,125.82
2025-12-21 23:00:00,125.83,126.3,125.51,126.03
2025-12-22 00:00:00,126.03,128.56,125.99,126.26
2025-12-22 01:00:00,126.25,127.33,125.8,126.03
2025-12-22 02:00:00,126.02,126.06,124.5,125.23
2025-12-22 03:00:00,125.23,126.54,124.93,126.02
2025-12-22 04:00:00,126.02,126.73,125.82,126.53
2025-12-22 05:00:00,126.53,126.7,126.07,126.33
2025-12-22 06:00:00,126.33,126.56,125.74,125.74
2025-12-22 07:00:00,125.74,126.51,125.56,126.31
2025-12-22 08:00:00,126.3,127.38,125.61,125.64
2025-12-22 09:00:00,125.64,126.38,125.49,126.23
2025-12-22 10:00:00,126.23,126.91,125.88,126.72
2025-12-22 11:00:00,126.72,127.46,126.37,127.01
2025-12-22 12:00:00,127,127.72,126.68,126.99
2025-12-22 13:00:00,126.99,127.14,126.32,127.02
2025-12-22 14:00:00,127.03,128.3,126.51,127.84
2025-12-22 15:00:00,127.85,128.78,126.45,128.07
2025-12-22 16:00:00,128.07,128.37,127.13,127.24
2025-12-22 17:00:00,127.23,127.31,126.46,126.91
2025-12-22 18:00:00,126.91,127.5,126.34,126.51
2025-12-22 19:00:00,126.5,126.51,124.64,124.66
2025-12-22 20:00:00,124.66,125.29,124.2,124.43
2025-12-22 21:00:00,124.43,125.59,124.35,125.16
2025-12-22 22:00:00,125.16,126.03,125,125.86
2025-12-22 23:00:00,125.87,125.97,125.43,125.93
2025-12-23 00:00:00,125.93,126.93,125.78,126.73
2025-12-23 01:00:00,126.73,126.81,125.93,126.2
2025-12-23 02:00:00,126.19,126.63,125.47,125.64
2025-12-23 03:00:00,125.64,126.15,124.9,125.63
2025-12-23 04:00:00,125.62,126.08,125.41,125.43
2025-12-23 05:00:00,125.42,125.52,124.58,124.99
2025-12-23 06:00:00,124.99,125.28,124.14,124.34
2025-12-23 07:00:00,124.34,124.62,123.77,124.19
2025-12-23 08:00:00,124.19,124.64,124.02,124.19
2025-12-23 09:00:00,124.19,124.38,123.93,124.16
2025-12-23 10:00:00,124.16,124.88,124.11,124.83
2025-12-23 11:00:00,124.84,125.23,124.72,124.86
2025-12-23 12:00:00,124.85,124.93,123.95,124.16
2025-12-23 13:00:00,124.17,124.64,122.74,123.34
2025-12-23 14:00:00,123.34,123.75,122.16,122.68
2025-12-23 15:00:00,122.67,123.51,122.38,123.37
2025-12-23 16:00:00,123.36,124.94,123,124.62
2025-12-23 17:00:00,124.62,124.84,122.78,122.85
2025-12-23 18:00:00,122.85,124.17,122.84,123.99
2025-12-23 19:00:00,123.99,124.55,123.49,123.99
2025-12-23 20:00:00,123.99,125.65,123.46,124.7
2025-12-23 21:00:00,124.71,124.77,123.95,124.29
2025-12-23 22:00:00,124.28,124.51,123.58,123.87
2025-12-23 23:00:00,123.87,124.16,123.46,124.01
2025-12-24 00:00:00,124.02,124.3,123.58,123.86
2025-12-24 01:00:00,123.87,124.21,122.94,123.11
2025-12-24 02:00:00,123.11,123.13,121.78,122.31
2025-12-24 03:00:00,122.31,122.81,121.76,122.72
2025-12-24 04:00:00,122.71,123.06,121.51,121.63
2025-12-24 05:00:00,121.63,122.03,121.14,121.47
2025-12-24 06:00:00,121.48,121.59,120.63,121.59
2025-12-24 07:00:00,121.59,121.87,121.29,121.31
2025-12-24 08:00:00,121.32,121.67,121.11,121.4
2025-12-24 09:00:00,121.4,121.75,121.3,121.43
2025-12-24 10:00:00,121.42,122.23,121.39,121.76
2025-12-24 11:00:00,121.76,122.22,121.76,122.04
2025-12-24 12:00:00,122.04,122.55,121.92,122.45
2025-12-24 13:00:00,122.45,122.45,121.74,121.96
2025-12-24 14:00:00,121.96,122.3,120.7,121.48
2025-12-24 15:00:00,121.48,122.94,121.3,122.73
2025-12-24 16:00:00,122.73,123.46,122.41,122.71
2025-12-24 17:00:00,122.7,122.98,121.98,122.03
2025-12-24 18:00:00,122.04,122.7,121.77,122.47
2025-12-24 19:00:00,122.47,122.86,121.98,122.86
2025-12-24 20:00:00,122.86,123.12,122.6,122.67
2025-12-24 21:00:00,122.67,123.1,122.62,123.01
2025-12-24 22:00:00,123.01,123.4,122.92,123.31
2025-12-24 23:00:00,123.31,123.34,122.47,122.53
2025-12-25 00:00:00,122.52,122.7,122.09,122.17
2025-12-25 01:00:00,122.17,122.78,122.14,122.74
2025-12-25 02:00:00,122.75,123.15,122.46,123.04
2025-12-25 03:00:00,123.05,123.15,122.55,122.7
2025-12-25 04:00:00,122.7,122.86,122.61,122.78
2025-12-25 05:00:00,122.78,122.78,122.22,122.37
2025-12-25 06:00:00,122.37,122.51,122.18,122.46
2025-12-25 07:00:00,122.46,122.47,122.1,122.27
2025-12-25 08:00:00,122.27,122.65,121.62,122.09
2025-12-25 09:00:00,122.09,122.17,121.78,122.09
2025-12-25 10:00:00,122.09,122.09,121.31,121.55
2025-12-25 11:00:00,121.55,121.86,121.51,121.65
2025-12-25 12:00:00,121.65,122.06,121.58,122.06
2025-12-25 13:00:00,122.05,122.35,121.67,122.07
2025-12-25 14:00:00,122.06,122.34,121.77,122.12
2025-12-25 15:00:00,122.12,124.1,121.88,123.68
2025-12-25 16:00:00,123.68,124.46,123.35,123.53
2025-12-25 17:00:00,123.52,123.62,122.8,123.07
2025-12-25 18:00:00,123.08,124.18,123.07,124.01
2025-12-25 19:00:00,124.02,124.08,123.35,123.47
2025-12-25 20:00:00,123.47,123.5,122.96,123.31
2025-12-25 21:00:00,123.3,123.52,123.12,123.21
2025-12-25 22:00:00,123.22,123.45,121.4,121.82
2025-12-25 23:00:00,121.81,122.12,119.71,120.06
2025-12-26 00:00:00,120.05,120.34,119.24,120.33
2025-12-26 01:00:00,120.34,121.18,120.19,120.81
2025-12-26 02:00:00,120.81,124.39,120.81,123.47
2025-12-26 03:00:00,123.47,123.74,122.48,122.67
2025-12-26 04:00:00,122.67,122.99,121.8,122.85
2025-12-26 05:00:00,122.85,123.49,122.67,123.29
2025-12-26 06:00:00,123.3,123.79,123.3,123.48
2025-12-26 07:00:00,123.48,123.99,122.57,122.72
2025-12-26 08:00:00,122.71,123.13,122.29,122.69
2025-12-26 09:00:00,122.69,124.13,122.53,123.68
2025-12-26 10:00:00,123.69,123.92,123.44,123.75
2025-12-26 11:00:00,123.76,123.93,123.34,123.84
2025-12-26 12:00:00,123.83,124.2,123.76,123.96
2025-12-26 13:00:00,123.97,125.14,123.87,124.89
2025-12-26 14:00:00,124.9,124.98,122.07,122.24
2025-12-26 15:00:00,122.23,122.23,120.45,121.55
2025-12-26 16:00:00,121.55,122.26,121.17,121.24
2025-12-26 17:00:00,121.25,122.4,121.24,121.85
2025-12-26 18:00:00,121.85,122.22,121.74,122.07
2025-12-26 19:00:00,122.07,122.4,121.74,122.15
2025-12-26 20:00:00,122.16,122.67,121.9,122.41
2025-12-26 21:00:00,122.42,122.64,122.05,122.07
2025-12-26 22:00:00,122.07,122.45,121.82,122.45
2025-12-26 23:00:00,122.45,122.57,122.18,122.26
2025-12-27 00:00:00,122.27,122.38,121.91,122.09
2025-12-27 01:00:00,122.09,122.32,121.86,122.31
2025-12-27 02:00:00,122.32,122.44,122.13,122.33
2025-12-27 03:00:00,122.33,123.8,122.29,123.67
2025-12-27 04:00:00,123.67,123.74,122.9,122.99
2025-12-27 05:00:00,122.99,123.29,122.97,123.17
2025-12-27 06:00:00,123.18,123.18,122.77,123.03
2025-12-27 07:00:00,123.04,123.44,123.03,123.16
2025-12-27 08:00:00,123.15,123.34,122.83,122.84
2025-12-27 09:00:00,122.84,123.22,122.83,123
2025-12-27 10:00:00,123,123.13,122.51,122.88
2025-12-27 11:00:00,122.89,123.21,122.84,122.99
2025-12-27 12:00:00,122.98,123.21,122.75,122.89
2025-12-27 13:00:00,122.89,123.3,122.74,123
2025-12-27 14:00:00,123.01,123.35,122.85,123.33
2025-12-27 15:00:00,123.33,123.66,123.15,123.31
2025-12-27 16:00:00,123.32,123.44,122.93,122.97
2025-12-27 17:00:00,122.97,123.45,122.76,123.38
2025-12-27 18:00:00,123.38,123.45,123,123.22
2025-12-27 19:00:00,123.21,123.45,123.05,123.28
2025-12-27 20:00:00,123.27,123.81,123.27,123.59
2025-12-27 21:00:00,123.59,124.58,123.58,124.55
2025-12-27 22:00:00,124.55,124.97,123.67,123.91
2025-12-27 23:00:00,123.91,125.08,123.91,124.73
2025-12-28 00:00:00,124.74,124.9,124.28,124.38
2025-12-28 01:00:00,124.37,124.62,123.96,123.98
2025-12-28 02:00:00,123.98,124.41,123.9,124.22
2025-12-28 03:00:00,124.23,124.3,123.96,124.13
2025-12-28 04:00:00,124.12,124.32,124,124.1
2025-12-28 05:00:00,124.1,124.1,123.61,123.78
2025-12-28 06:00:00,123.78,124.22,123.75,124.11
2025-12-28 07:00:00,124.12,124.34,123.84,124.23
2025-12-28 08:00:00,124.23,124.69,124.17,124.28
2025-12-28 09:00:00,124.28,124.4,124,124.08
2025-12-28 10:00:00,124.08,124.63,124.02,124.52
2025-12-28 11:00:00,124.51,124.84,124.4,124.65
2025-12-28 12:00:00,124.65,124.78,124.38,124.42
2025-12-28 13:00:00,124.42,124.8,124.3,124.63
2025-12-28 14:00:00,124.63,124.99,124.5,124.56
2025-12-28 15:00:00,124.57,125.03,124.42,124.44
2025-12-28 16:00:00,124.44,124.67,124.18,124.3
2025-12-28 17:00:00,124.3,124.77,124.3,124.46
2025-12-28 18:00:00,124.45,124.52,123.13,123.14
2025-12-28 19:00:00,123.13,123.64,123.08,123.3
2025-12-28 20:00:00,123.3,123.69,123.1,123.43
2025-12-28 21:00:00,123.43,123.86,123.3,123.86
2025-12-28 22:00:00,123.86,124.34,123.53,124.24
2025-12-28 23:00:00,124.24,125.64,123.93,125.27
2025-12-29 00:00:00,125.27,128.18,125.01,127.01
2025-12-29 01:00:00,127,130.16,126.23,128.72
2025-12-29 02:00:00,128.73,129.49,128.17,128.73
2025-12-29 03:00:00,128.74,129.52,128.5,128.58
2025-12-29 04:00:00,128.58,129.15,128.22,128.57
2025-12-29 05:00:00,128.57,128.58,127.59,127.72
2025-12-29 06:00:00,127.72,128.07,127.5,127.78
2025-12-29 07:00:00,127.79,127.99,127.2,127.88
2025-12-29 08:00:00,127.88,128.47,127.71,127.9
2025-12-29 09:00:00,127.9,128,125.41,126.07
2025-12-29 10:00:00,126.07,126.37,125.5,125.69
2025-12-29 11:00:00,125.68,125.68,125.01,125.08
2025-12-29 12:00:00,125.08,125.41,122.91,123.71
2025-12-29 13:00:00,123.72,124.12,122.96,123.27
2025-12-29 14:00:00,123.26,124.55,122.36,123.45
2025-12-29 15:00:00,123.45,124.13,123.15,123.44
2025-12-29 16:00:00,123.43,123.73,122.63,123.48
2025-12-29 17:00:00,123.48,123.9,123.02,123.9
2025-12-29 18:00:00,123.89,123.98,122.98,123.13
2025-12-29 19:00:00,123.13,123.51,122.86,123.06
2025-12-29 20:00:00,123.07,123.62,122.86,123.34
2025-12-29 21:00:00,123.33,123.59,123.16,123.45
2025-12-29 22:00:00,123.45,123.61,123.18,123.43
2025-12-29 23:00:00,123.43,123.6,123.2,123.28
2025-12-30 00:00:00,123.28,123.34,122.9,123.1
2025-12-30 01:00:00,123.11,123.46,122.76,123.19
2025-12-30 02:00:00,123.2,123.26,122.58,122.99
2025-12-30 03:00:00,123,123.93,122.76,123.8
2025-12-30 04:00:00,123.79,124.22,123.6,123.95
2025-12-30 05:00:00,123.95,124.02,123.2,123.42
2025-12-30 06:00:00,123.42,124.06,123.38,123.91
2025-12-30 07:00:00,123.91,124.35,123.8,124.02
2025-12-30 08:00:00,124.02,125.15,124,124.81
2025-12-30 09:00:00,124.81,125.09,124.4,124.84
2025-12-30 10:00:00,124.84,124.98,124.48,124.58
2025-12-30 11:00:00,124.59,124.65,124.02,124.3
2025-12-30 12:00:00,124.29,124.65,124.1,124.28
2025-12-30 13:00:00,124.28,124.44,123.92,124.27
2025-12-30 14:00:00,124.27,125.35,123.54,125.03
2025-12-30 15:00:00,125.03,125.26,124.03,125.16
2025-12-30 16:00:00,125.16,126.52,124.88,125.67
2025-12-30 17:00:00,125.67,126,124.43,124.71
2025-12-30 18:00:00,124.7,124.72,124.2,124.54
2025-12-30 19:00:00,124.53,124.81,123.78,124.71
2025-12-30 20:00:00,124.71,124.82,123.86,124.03
2025-12-30 21:00:00,124.03,124.2,123.5,123.99
2025-12-30 22:00:00,123.99,124.6,123.89,124.44
2025-12-30 23:00:00,124.43,125.14,124.3,125.01
2025-12-31 00:00:00,125.02,125.07,124.41,124.95
2025-12-31 01:00:00,124.94,125.95,124.83,125.54
2025-12-31 02:00:00,125.53,126.09,125.32,126.01
2025-12-31 03:00:00,126.02,126.09,125.17,125.82
2025-12-31 04:00:00,125.81,125.96,125.38,125.46
2025-12-31 05:00:00,125.46,125.77,125.41,125.64
2025-12-31 06:00:00,125.65,126.1,125.6,125.89
2025-12-31 07:00:00,125.9,126.05,125.65,125.99
2025-12-31 08:00:00,125.99,126.3,125.44,125.57
2025-12-31 09:00:00,125.57,126.4,125.56,126.3
2025-12-31 10:00:00,126.3,126.42,126,126.4
2025-12-31 11:00:00,126.39,126.85,126.23,126.73
2025-12-31 12:00:00,126.73,126.77,126.07,126.18
2025-12-31 13:00:00,126.19,126.51,125.95,126.29
2025-12-31 14:00:00,126.29,127.44,125.38,125.79
2025-12-31 15:00:00,125.79,125.84,125.01,125.59
2025-12-31 16:00:00,125.58,125.74,124.31,124.84
2025-12-31 17:00:00,124.84,125.24,124.57,125.04
2025-12-31 18:00:00,125.05,125.53,124.64,124.79
2025-12-31 19:00:00,124.79,125.22,124.37,124.39
2025-12-31 20:00:00,124.38,132.75,122.99,124.19
2025-12-31 21:00:00,124.19,124.48,123.98,124.46
2025-12-31 22:00:00,124.45,125.16,124.25,124.86
2025-12-31 23:00:00,124.86,125.05,124.6,124.65
2026-01-01 00:00:00,124.64,125.25,124.6,125.15
2026-01-01 01:00:00,125.15,125.8,124.91,124.99
2026-01-01 02:00:00,124.98,125.22,124.79,125.18
2026-01-01 03:00:00,125.18,125.41,125.01,125.21
2026-01-01 04:00:00,125.22,125.27,124.8,124.96
2026-01-01 05:00:00,124.95,125.32,124.95,125.3
2026-01-01 06:00:00,125.3,125.32,124.88,124.89
2026-01-01 07:00:00,124.89,125,124.22,124.24
2026-01-01 08:00:00,124.24,124.72,124.15,124.68
2026-01-01 09:00:00,124.69,125.14,124.59,125.05
2026-01-01 10:00:00,125.05,125.29,124.98,125.05
2026-01-01 11:00:00,125.05,125.23,124.76,125.22
2026-01-01 12:00:00,125.23,125.28,125.01,125.02
2026-01-01 13:00:00,125.03,125.13,124.71,124.73
2026-01-01 14:00:00,124.73,124.92,124.39,124.71
2026-01-01 15:00:00,124.71,125.23,124.58,124.96
2026-01-01 16:00:00,124.96,125.02,124.28,124.45
2026-01-01 17:00:00,124.44,125.65,124.3,125.2
2026-01-01 18:00:00,125.2,125.39,125.03,125.35
2026-01-01 19:00:00,125.34,125.79,125.22,125.76
2026-01-01 20:00:00,125.76,125.95,125.31,125.39
2026-01-01 21:00:00,125.39,125.69,125.31,125.41
2026-01-01 22:00:00,125.41,126.25,125.37,126.08
2026-01-01 23:00:00,126.08,127.25,125.75,126.9
2026-01-02 00:00:00,126.91,127.16,126.44,126.79
2026-01-02 01:00:00,126.79,126.95,126.05,126.18
2026-01-02 02:00:00,126.18,126.67,125.84,126.58
2026-01-02 03:00:00,126.57,127.99,126.41,127.53
2026-01-02 04:00:00,127.53,127.72,126.95,126.98
2026-01-02 05:00:00,126.98,127.42,126.75,127.34
2026-01-02 06:00:00,127.34,127.72,127.25,127.32
2026-01-02 07:00:00,127.33,127.58,126.91,127.13
2026-01-02 08:00:00,127.14,127.97,127.13,127.96
2026-01-02 09:00:00,127.96,129.89,127.81,129.4
2026-01-02 10:00:00,129.39,129.99,128.88,128.94
2026-01-02 11:00:00,128.95,128.98,128,128.22
2026-01-02 12:00:00,128.21,128.65,127.91,128.42
2026-01-02 13:00:00,128.43,128.8,128.28,128.37
2026-01-02 14:00:00,128.37,129.65,126.82,128.73
2026-01-02 15:00:00,128.74,129.53,127.41,128.98
2026-01-02 16:00:00,128.98,131.79,128.68,130.92
2026-01-02 17:00:00,130.92,132.3,130.69,131.44
2026-01-02 18:00:00,131.44,132.03,130.35,130.8
2026-01-02 19:00:00,130.8,131.79,130.64,131.63
2026-01-02 20:00:00,131.63,132.13,130.83,131.14
2026-01-02 21:00:00,131.14,132.16,131.14,131.92
2026-01-02 22:00:00,131.93,133.25,131.9,132.64
2026-01-02 23:00:00,132.63,132.75,131.92,132.29
2026-01-03 00:00:00,132.28,132.93,132.24,132.53
2026-01-03 01:00:00,132.53,132.97,132.36,132.64
2026-01-03 02:00:00,132.64,133.11,132.06,132.85
2026-01-03 03:00:00,132.85,133.17,132.19,132.83
2026-01-03 04:00:00,132.83,132.93,132.19,132.37
2026-01-03 05:00:00,132.37,132.54,131.63,131.9
2026-01-03 06:00:00,131.89,132.28,131.05,131.18
2026-01-03 07:00:00,131.18,131.4,129.6,130.1
2026-01-03 08:00:00,130.09,131.03,129.8,130.69
2026-01-03 09:00:00,130.69,131.44,130.38,131.17
2026-01-03 10:00:00,131.17,131.23,130.8,130.96
2026-01-03 11:00:00,130.96,131,130.46,130.71
2026-01-03 12:00:00,130.71,130.94,130.5,130.91
2026-01-03 13:00:00,130.9,131.4,130.8,131.29
2026-01-03 14:00:00,131.3,132.18,131.13,131.99
2026-01-03 15:00:00,132,132.03,131.23,131.47
2026-01-03 16:00:00,131.48,132,131.47,131.78
2026-01-03 17:00:00,131.77,132.04,131.65,131.89
2026-01-03 18:00:00,131.9,132.12,131.61,131.97
2026-01-03 19:00:00,131.97,131.97,131.66,131.78
2026-01-03 20:00:00,131.78,132.03,131.35,131.99
2026-01-03 21:00:00,131.99,133.07,131.81,132.87
2026-01-03 22:00:00,132.87,133.99,132.59,133.43
2026-01-03 23:00:00,133.43,133.76,133.1,133.37
2026-01-04 00:00:00,133.37,134.97,133.31,134.57
2026-01-04 01:00:00,134.57,134.75,133.42,133.96
2026-01-04 02:00:00,133.96,134.02,133.48,133.73
2026-01-04 03:00:00,133.73,134.7,133.66,134.62
2026-01-04 04:00:00,134.62,134.87,134.24,134.3
2026-01-04 05:00:00,134.31,134.62,134.26,134.57
2026-01-04 06:00:00,134.56,135,133.7,133.76
2026-01-04 07:00:00,133.76,134.14,133.66,133.8
2026-01-04 08:00:00,133.8,134.18,133.2,134.12
2026-01-04 09:00:00,134.11,134.57,133.84,134.32
2026-01-04 10:00:00,134.32,134.88,134.23,134.7
2026-01-04 11:00:00,134.7,134.7,134.16,134.39
2026-01-04 12:00:00,134.39,134.9,134.2,134.34
2026-01-04 13:00:00,134.34,134.56,133.75,134.52
2026-01-04 14:00:00,134.53,135,134.25,134.96
2026-01-04 15:00:00,134.97,135.35,134.29,134.91
2026-01-04 16:00:00,134.91,135.54,134.75,135.11
2026-01-04 17:00:00,135.11,135.37,134.81,134.83
2026-01-04 18:00:00,134.83,134.88,133.71,134.21
2026-01-04 19:00:00,134.2,134.21,133.12,133.56
2026-01-04 20:00:00,133.55,134.26,133.4,134.03
2026-01-04 21:00:00,134.04,134.58,133.72,133.94
2026-01-04 22:00:00,133.93,134.44,133.79,134.16
2026-01-04 23:00:00,134.17,134.86,133.66,134.12
2026-01-05 00:00:00,134.12,135.84,134.01,135.55
2026-01-05 01:00:00,135.55,137.75,135.28,136.75
2026-01-05 02:00:00,136.76,137.23,135.69,136.87
2026-01-05 03:00:00,136.88,137.33,136.58,136.64
2026-01-05 04:00:00,136.64,136.79,135,135.69
2026-01-05 05:00:00,135.69,136.32,135.03,135.07
2026-01-05 06:00:00,135.06,135.71,134.63,135.63
2026-01-05 07:00:00,135.63,135.76,135.09,135.45
2026-01-05 08:00:00,135.45,135.95,135.21,135.22
2026-01-05 09:00:00,135.21,135.69,134.75,135.45
2026-01-05 10:00:00,135.45,136.06,135.27,135.8
2026-01-05 11:00:00,135.81,135.82,135.24,135.77
2026-01-05 12:00:00,135.77,135.83,134.91,135.13
2026-01-05 13:00:00,135.13,135.4,133.26,133.81
2026-01-05 14:00:00,133.81,135.62,133.18,134.99
2026-01-05 15:00:00,134.99,136.47,134.14,136.13
2026-01-05 16:00:00,136.13,136.3,134.98,135.4
2026-01-05 17:00:00,135.41,136.85,134.31,136.52
2026-01-05 18:00:00,136.53,137.58,135.7,137.37
2026-01-05 19:00:00,137.38,138.82,137.1,138.23
2026-01-05 20:00:00,138.23,139.87,137.72,137.87
2026-01-05 21:00:00,137.87,138.75,137.87,138.41
2026-01-05 22:00:00,138.4,139.16,138.29,138.8
2026-01-05 23:00:00,138.8,138.95,137.88,137.9
2026-01-06 00:00:00,137.91,138.2,136.89,137.72
2026-01-06 01:00:00,137.72,138.53,137.35,137.58
2026-01-06 02:00:00,137.58,138.01,137.32,137.61
2026-01-06 03:00:00,137.6,138.63,137.57,138.38
2026-01-06 04:00:00,138.38,139,138.2,138.45
2026-01-06 05:00:00,138.45,140.08,138.08,139.56
2026-01-06 06:00:00,139.56,139.78,138.85,139.02
2026-01-06 07:00:00,139.02,139.11,137.35,137.61
2026-01-06 08:00:00,137.6,138.13,137.4,137.62
2026-01-06 09:00:00,137.61,138.42,137.5,137.79
2026-01-06 10:00:00,137.79,138.11,137.42,137.74
2026-01-06 11:00:00,137.74,139.7,137.65,139.5
2026-01-06 12:00:00,139.5,139.62,138.86,139.09
2026-01-06 13:00:00,139.08,139.45,138.72,139.1
2026-01-06 14:00:00,139.11,143.48,139.11,142
2026-01-06 15:00:00,142,143.22,141.12,141.6
2026-01-06 16:00:00,141.59,141.95,138.15,138.92
2026-01-06 17:00:00,138.91,139.17,136.42,136.52
2026-01-06 18:00:00,136.51,138,136.19,137.57
2026-01-06 19:00:00,137.57,138.08,137.31,137.53
2026-01-06 20:00:00,137.53,139.19,137.51,138.95
2026-01-06 21:00:00,138.96,141.99,138.68,140.24
2026-01-06 22:00:00,140.23,141,139.51,140.03
2026-01-06 23:00:00,140.04,141.37,140.03,141.08
2026-01-07 00:00:00,141.08,141.4,139.78,139.85
2026-01-07 01:00:00,139.85,140.63,138.8,138.91
2026-01-07 02:00:00,138.9,140.1,138.52,139.95
2026-01-07 03:00:00,139.95,140.55,139.38,139.58
2026-01-07 04:00:00,139.59,139.72,138.72,138.78
2026-01-07 05:00:00,138.78,139.34,138.15,138.52
2026-01-07 06:00:00,138.52,139.08,138.47,138.79
2026-01-07 07:00:00,138.8,139.45,138.79,139.39
2026-01-07 08:00:00,139.39,139.8,139.09,139.41
2026-01-07 09:00:00,139.4,139.49,136.56,136.89
2026-01-07 10:00:00,136.89,137.71,136.75,137.57
2026-01-07 11:00:00,137.58,138.21,137.51,137.93
2026-01-07 12:00:00,137.93,138.21,137.61,137.92
2026-01-07 13:00:00,137.93,138.51,137.55,138.13
2026-01-07 14:00:00,138.14,138.21,136.58,138.02
2026-01-07 15:00:00,138.03,138.08,135.25,135.7
2026-01-07 16:00:00,135.7,136.68,135.32,135.7
2026-01-07 17:00:00,135.7,136.48,135.39,135.6
2026-01-07 18:00:00,135.6,135.91,134.73,135.26
2026-01-07 19:00:00,135.25,136,134.41,135.76
2026-01-07 20:00:00,135.76,136,135,135.79
2026-01-07 21:00:00,135.79,136.35,135.68,136.19
2026-01-07 22:00:00,136.18,136.82,135.77,136.5
2026-01-07 23:00:00,136.5,137.05,135.86,136.39
2026-01-08 00:00:00,136.39,136.97,136,136.83
2026-01-08 01:00:00,136.83,137.42,136.7,136.82
2026-01-08 02:00:00,136.82,138,136.58,137.93
2026-01-08 03:00:00,137.93,138.32,136.59,136.75
2026-01-08 04:00:00,136.74,138.33,136.43,137.65
2026-01-08 05:00:00,137.65,138.07,136.5,136.64
2026-01-08 06:00:00,136.65,136.76,134.74,134.85
2026-01-08 07:00:00,134.86,135.99,133.79,135.9
2026-01-08 08:00:00,135.9,136.22,135.05,135.11
2026-01-08 09:00:00,135.12,135.52,134.36,134.47
2026-01-08 10:00:00,134.48,135.44,133.92,135.1
2026-01-08 11:00:00,135.1,135.29,134.28,134.79
2026-01-08 12:00:00,134.8,134.83,133.72,134.14
2026-01-08 13:00:00,134.13,134.59,133.72,134.46
2026-01-08 14:00:00,134.46,134.5,132.67,134.04
2026-01-08 15:00:00,134.03,136.55,133.4,136.41
2026-01-08 16:00:00,136.41,138.22,136.25,138.19
2026-01-08 17:00:00,138.19,138.83,137.27,138.72
2026-01-08 18:00:00,138.72,139.06,137.9,138.08
2026-01-08 19:00:00,138.09,138.41,137.2,137.53
2026-01-08 20:00:00,137.53,137.86,136.52,137.69
2026-01-08 21:00:00,137.69,139.84,137.69,139.61
2026-01-08 22:00:00,139.61,140.07,138.3,138.87
2026-01-08 23:00:00,138.87,139.19,138.24,138.37
2026-01-09 00:00:00,138.37,139.35,138.28,139.13
2026-01-09 01:00:00,139.13,139.6,137.74,138.29
2026-01-09 02:00:00,138.28,139.54,138.21,138.98
2026-01-09 03:00:00,138.97,141.17,138.9,140.81
2026-01-09 04:00:00,140.81,141.08,139.65,139.76
2026-01-09 05:00:00,139.75,140.16,139.46,139.95
2026-01-09 06:00:00,139.95,140.86,139.66,140.7
2026-01-09 07:00:00,140.71,140.73,139.54,139.54
2026-01-09 08:00:00,139.55,139.68,137.04,137.93
2026-01-09 09:00:00,137.94,139.08,137.9,138.43
2026-01-09 10:00:00,138.43,139,138.13,138.72
2026-01-09 11:00:00,138.73,138.91,138.07,138.28
2026-01-09 12:00:00,138.27,138.64,137.58,137.72
2026-01-09 13:00:00,137.72,139.44,137.66,138.64
2026-01-09 14:00:00,138.64,138.64,136.46,136.87
2026-01-09 15:00:00,136.86,140.89,136.13,138.82
2026-01-09 16:00:00,138.82,140.25,138.72,139.95
2026-01-09 17:00:00,139.95,140.08,137.35,138.5
2026-01-09 18:00:00,138.5,138.5,135.79,136.83
2026-01-09 19:00:00,136.83,136.83,135.44,135.81
2026-01-09 20:00:00,135.8,136.07,134.98,135.61
2026-01-09 21:00:00,135.61,136.45,135.4,136
2026-01-09 22:00:00,136.01,136.23,135.57,136.17
2026-01-09 23:00:00,136.16,136.45,135.77,135.97
2026-01-10 00:00:00,135.96,136.13,135.68,135.9
2026-01-10 01:00:00,135.9,136.49,135.76,136.47
2026-01-10 02:00:00,136.46,136.69,135.92,136.39
2026-01-10 03:00:00,136.4,136.4,135.92,136.15
2026-01-10 04:00:00,136.15,136.19,135.75,135.86
2026-01-10 05:00:00,135.86,136.34,135.78,135.94
2026-01-10 06:00:00,135.95,136.2,135.75,135.99
2026-01-10 07:00:00,136,136.26,135.96,136.09
2026-01-10 08:00:00,136.09,136.38,136,136.23
2026-01-10 09:00:00,136.23,136.66,136.1,136.62
2026-01-10 10:00:00,136.63,137.05,136.42,137.01
2026-01-10 11:00:00,137.01,137.01,136.4,136.58
2026-01-10 12:00:00,136.58,137.04,136.55,136.64
2026-01-10 13:00:00,136.64,136.64,136.07,136.35
2026-01-10 14:00:00,136.35,136.46,136.01,136.13
2026-01-10 15:00:00,136.14,136.54,136.06,136.42
2026-01-10 16:00:00,136.42,136.64,136.16,136.41
2026-01-10 17:00:00,136.41,136.71,136.13,136.15
2026-01-10 18:00:00,136.16,136.33,135.85,136.16
2026-01-10 19:00:00,136.16,136.24,135.99,136.22
2026-01-10 20:00:00,136.22,136.27,135.99,136.08
2026-01-10 21:00:00,136.08,136.09,135.72,135.75
2026-01-10 22:00:00,135.76,135.94,135.37,135.56
2026-01-10 23:00:00,135.56,136.06,135.5,135.84
2026-01-11 00:00:00,135.85,136.45,135.75,136.39
2026-01-11 01:00:00,136.39,136.47,136.1,136.3
2026-01-11 02:00:00,136.3,136.46,135.94,136.01
2026-01-11 03:00:00,136.01,136.33,135.83,136.26
2026-01-11 04:00:00,136.26,136.4,135.97,136.2
2026-01-11 05:00:00,136.19,136.43,136,136.28
2026-01-11 06:00:00,136.28,136.4,135.88,136.15
2026-01-11 07:00:00,136.15,136.26,135.98,136.2
2026-01-11 08:00:00,136.2,136.91,136.1,136.76
2026-01-11 09:00:00,136.76,136.86,136.37,136.5
2026-01-11 10:00:00,136.5,136.74,136.3,136.57
2026-01-11 11:00:00,136.57,136.79,136.48,136.58
2026-01-11 12:00:00,136.58,137.28,136.52,137.1
2026-01-11 13:00:00,137.1,137.35,136.93,137.24
2026-01-11 14:00:00,137.24,139.47,137.23,139.21
2026-01-11 15:00:00,139.21,139.55,137.83,138.43
2026-01-11 16:00:00,138.44,141.6,138.43,140.04
2026-01-11 17:00:00,140.04,140.21,138.75,139.69
2026-01-11 18:00:00,139.68,140.2,139.12,140.03
2026-01-11 19:00:00,140.02,140.14,139.05,139.43
2026-01-11 20:00:00,139.42,139.43,137.97,138.54
2026-01-11 21:00:00,138.54,138.95,137.97,138.69
2026-01-11 22:00:00,138.69,138.69,137.71,138.23
2026-01-11 23:00:00,138.22,139.77,137.49,139.7
2026-01-12 00:00:00,139.69,141.36,138.92,141.33
2026-01-12 01:00:00,141.32,141.95,140.73,141.05
2026-01-12 02:00:00,141.06,142.76,140.96,142.42
2026-01-12 03:00:00,142.42,144.4,142.39,142.54
2026-01-12 04:00:00,142.54,143.09,142.46,142.75
2026-01-12 05:00:00,142.74,143.23,142.48,142.79
2026-01-12 06:00:00,142.79,143.35,141.86,142
2026-01-12 07:00:00,142.01,142.46,141.36,141.41
2026-01-12 08:00:00,141.42,142.05,139.05,140.06
2026-01-12 09:00:00,140.05,140.26,139.15,139.57
2026-01-12 10:00:00,139.57,140.2,139.04,139.26
2026-01-12 11:00:00,139.26,140.16,139.18,140.03
2026-01-12 12:00:00,140.02,140.3,139.68,139.77
2026-01-12 13:00:00,139.76,140.14,139.37,139.77
2026-01-12 14:00:00,139.76,140.82,138.69,140.44
2026-01-12 15:00:00,140.45,142.74,140.05,142.58
2026-01-12 16:00:00,142.58,144.33,142.11,142.97
2026-01-12 17:00:00,142.98,143.71,141.15,141.94
2026-01-12 18:00:00,141.94,142.88,140.58,141.23
2026-01-12 19:00:00,141.22,141.48,140.63,140.99
2026-01-12 20:00:00,141,141.86,140,140.23
2026-01-12 21:00:00,140.23,140.25,138.34,138.81
2026-01-12 22:00:00,138.82,139.85,138.78,139.17
2026-01-12 23:00:00,139.17,139.52,138.62,139.22
2026-01-13 00:00:00,139.21,139.45,138.69,139.3
2026-01-13 01:00:00,139.3,139.58,138.46,138.88
2026-01-13 02:00:00,138.88,139.31,138.12,138.38
2026-01-13 03:00:00,138.37,138.79,137.82,138.74
2026-01-13 04:00:00,138.75,139.15,138.39,139.14
2026-01-13 05:00:00,139.14,140.51,138.81,139.95
2026-01-13 06:00:00,139.95,140.76,139.83,140.62
2026-01-13 07:00:00,140.62,140.69,139.97,139.97
2026-01-13 08:00:00,139.97,141.85,139.97,141.6
2026-01-13 09:00:00,141.59,143.12,141.27,141.96
2026-01-13 10:00:00,141.96,142.62,141.7,142.09
2026-01-13 11:00:00,142.1,142.27,141.53,141.84
2026-01-13 12:00:00,141.84,142.36,141.37,142.24
2026-01-13 13:00:00,142.24,143.46,141.79,142.46
2026-01-13 14:00:00,142.45,143.84,141.66,142.06
2026-01-13 15:00:00,142.05,143.53,141.21,143.51
2026-01-13 16:00:00,143.51,144.55,142.87,143.17
2026-01-13 17:00:00,143.17,143.63,142.43,142.9
2026-01-13 18:00:00,142.89,143.89,142.68,143.47
2026-01-13 19:00:00,143.47,144.44,143.08,144.24
2026-01-13 20:00:00,144.24,144.43,143,143.82
2026-01-13 21:00:00,143.82,144.3,143.37,143.38
2026-01-13 22:00:00,143.39,148.74,143.39,146.96
2026-01-13 23:00:00,146.96,147.6,144.63,145.51
2026-01-14 00:00:00,145.52,145.88,144.33,145.05
2026-01-14 01:00:00,145.05,146.2,144.93,145.7
2026-01-14 02:00:00,145.69,146.6,145.32,145.51
2026-01-14 03:00:00,145.5,146.37,145.17,146.29
2026-01-14 04:00:00,146.28,146.46,144.81,144.91
2026-01-14 05:00:00,144.91,145.19,144.34,144.47
2026-01-14 06:00:00,144.47,144.72,143.92,144.7
2026-01-14 07:00:00,144.7,145.06,144.15,144.86
2026-01-14 08:00:00,144.85,145.19,144.64,144.91
2026-01-14 09:00:00,144.91,145.63,144.86,145.5
2026-01-14 10:00:00,145.49,145.76,144.55,144.74
2026-01-14 11:00:00,144.74,144.74,143.53,143.77
2026-01-14 12:00:00,143.76,144.78,143.37,144.57
2026-01-14 13:00:00,144.57,144.92,144.04,144.24
2026-01-14 14:00:00,144.23,147.56,144.23,146.64
2026-01-14 15:00:00,146.64,147.55,145.95,147.07
2026-01-14 16:00:00,147.07,148.44,146.84,147.08
2026-01-14 17:00:00,147.07,147.65,145.73,145.98
2026-01-14 18:00:00,145.98,147.46,145.32,146.35
2026-01-14 19:00:00,146.35,147.58,146.14,146.8
2026-01-14 20:00:00,146.8,147.73,146.56,147.52
2026-01-14 21:00:00,147.53,147.53,146.27,146.93
2026-01-14 22:00:00,146.93,147.17,145.84,146.18
2026-01-14 23:00:00,146.19,147.11,146.05,146.69
2026-01-15 00:00:00,146.7,146.73,145.49,146.05
2026-01-15 01:00:00,146.06,146.51,144.76,145.18
2026-01-15 02:00:00,145.17,145.53,144.28,144.52
2026-01-15 03:00:00,144.53,144.73,143.21,143.49
2026-01-15 04:00:00,143.49,144.46,143.28,144.45
2026-01-15 05:00:00,144.45,144.83,144.3,144.6
2026-01-15 06:00:00,144.6,144.89,144.07,144.19
2026-01-15 07:00:00,144.2,145.29,144.08,144.99
2026-01-15 08:00:00,145,145.25,144.02,144.89
2026-01-15 09:00:00,144.89,146,144.46,145.63
2026-01-15 10:00:00,145.63,145.68,145.19,145.43
2026-01-15 11:00:00,145.42,145.69,144.82,144.86
2026-01-15 12:00:00,144.85,145.07,144.32,144.88
2026-01-15 13:00:00,144.88,145.34,144.51,145.19
2026-01-15 14:00:00,145.19,145.65,143.21,143.94
2026-01-15 15:00:00,143.93,144.36,141.78,143.48
2026-01-15 16:00:00,143.48,144.03,142.8,143.54
2026-01-15 17:00:00,143.54,144.2,142.5,142.66
2026-01-15 18:00:00,142.67,143.03,141.46,141.57
2026-01-15 19:00:00,141.56,141.85,140.9,141.53
2026-01-15 20:00:00,141.53,141.91,141.02,141.45
2026-01-15 21:00:00,141.45,142.27,141.3,142.1
2026-01-15 22:00:00,142.1,142.58,141.98,142.41
2026-01-15 23:00:00,142.4,142.66,142.06,142.4
2026-01-16 00:00:00,142.41,142.82,142.23,142.46
2026-01-16 01:00:00,142.45,142.73,141.98,142.35
2026-01-16 02:00:00,142.35,142.35,141.68,142.19
2026-01-16 03:00:00,142.2,142.47,141.87,141.97
2026-01-16 04:00:00,141.97,142.74,141.39,141.68
2026-01-16 05:00:00,141.67,143.63,141.4,143.19
2026-01-16 06:00:00,143.19,143.38,142.74,143.32
2026-01-16 07:00:00,143.32,143.33,142.6,142.95
2026-01-16 08:00:00,142.95,143.46,142.93,143.16
2026-01-16 09:00:00,143.15,143.47,142.88,143.06
2026-01-16 10:00:00,143.05,143.17,142.71,143.09
2026-01-16 11:00:00,143.1,143.55,142.8,143.14
2026-01-16 12:00:00,143.14,143.86,143.11,143.66
2026-01-16 13:00:00,143.66,143.66,142.68,143.07
2026-01-16 14:00:00,143.07,143.75,142.83,143.02
2026-01-16 15:00:00,143.01,143.67,140.26,140.78
2026-01-16 16:00:00,140.77,142,140.65,141.91
2026-01-16 17:00:00,141.92,143.42,141.41,143.31
2026-01-16 18:00:00,143.31,144.19,142.98,143.53
2026-01-16 19:00:00,143.53,144.52,143.01,144.18
2026-01-16 20:00:00,144.17,145,143.49,144.95
2026-01-16 21:00:00,144.95,145.55,144.69,145.03
2026-01-16 22:00:00,145.03,145.13,144.58,144.92
2026-01-16 23:00:00,144.93,145.2,144.73,144.89
2026-01-17 00:00:00,144.9,144.99,144.2,144.32
2026-01-17 01:00:00,144.33,144.82,144.22,144.66
2026-01-17 02:00:00,144.65,144.68,144.25,144.59
2026-01-17 03:00:00,144.59,144.62,144.24,144.37
2026-01-17 04:00:00,144.36,144.5,144.23,144.33
2026-01-17 05:00:00,144.33,144.37,143.94,143.96
2026-01-17 06:00:00,143.97,144.1,143.76,143.85
2026-01-17 07:00:00,143.86,143.97,143.64,143.64
2026-01-17 08:00:00,143.64,144.28,143.6,144.21
2026-01-17 09:00:00,144.22,144.65,143.99,144.45
2026-01-17 10:00:00,144.46,144.63,143.92,143.96
2026-01-17 11:00:00,143.95,144.19,143.32,144
2026-01-17 12:00:00,144,144.08,143.67,143.76
2026-01-17 13:00:00,143.77,144.05,143.6,143.99
2026-01-17 14:00:00,144,144.26,143.74,143.92
2026-01-17 15:00:00,143.91,144.35,143.7,144.33
2026-01-17 16:00:00,144.33,144.33,143.64,143.89
2026-01-17 17:00:00,143.89,144.25,143.83,144.07
2026-01-17 18:00:00,144.07,144.29,143.98,144.28
2026-01-17 19:00:00,144.28,144.55,144.12,144.27
2026-01-17 20:00:00,144.26,144.58,144.19,144.51
2026-01-17 21:00:00,144.51,144.58,144.22,144.26
2026-01-17 22:00:00,144.25,144.26,143.51,143.76
2026-01-17 23:00:00,143.76,144.1,143.65,143.72
2026-01-18 00:00:00,143.73,144,143.07,143.23
2026-01-18 01:00:00,143.23,143.41,142.08,142.77
2026-01-18 02:00:00,142.76,143.04,141.95,142.54
2026-01-18 03:00:00,142.55,142.95,142.36,142.83
2026-01-18 04:00:00,142.82,142.94,142.54,142.83
2026-01-18 05:00:00,142.83,143,142.54,142.84
2026-01-18 06:00:00,142.85,143.04,142.55,142.7
2026-01-18 07:00:00,142.71,142.72,142.03,142.11
2026-01-18 08:00:00,142.12,142.46,141.93,142.43
2026-01-18 09:00:00,142.43,142.65,142.32,142.54
2026-01-18 10:00:00,142.53,142.55,142.17,142.43
2026-01-18 11:00:00,142.42,142.49,142.19,142.39
2026-01-18 12:00:00,142.39,142.53,142.17,142.24
2026-01-18 13:00:00,142.24,142.5,142,142.38
2026-01-18 14:00:00,142.37,142.73,141.62,141.72
2026-01-18 15:00:00,141.73,142.13,141.5,142
2026-01-18 16:00:00,141.99,142.23,141.75,142.03
2026-01-18 17:00:00,142.02,142.52,141.85,142.36
2026-01-18 18:00:00,142.35,142.97,142.08,142.76
2026-01-18 19:00:00,142.76,143.25,142.1,142.27
2026-01-18 20:00:00,142.28,142.56,141.94,142.46
2026-01-18 21:00:00,142.47,142.79,142.4,142.65
2026-01-18 22:00:00,142.66,143.04,142.48,142.86
2026-01-18 23:00:00,142.86,142.86,137.74,137.87
2026-01-19 00:00:00,137.87,137.87,130,133.77
2026-01-19 01:00:00,133.76,134.46,133.42,133.8
2026-01-19 02:00:00,133.8,134.11,133.47,133.82
2026-01-19 03:00:00,133.81,134.12,133.61,133.94
2026-01-19 04:00:00,133.93,134.09,133.5,133.69
2026-01-19 05:00:00,133.69,133.99,133.34,133.35
2026-01-19 06:00:00,133.36,133.44,132.71,133.28
2026-01-19 07:00:00,133.28,133.57,133.2,133.47
2026-01-19 08:00:00,133.47,134.05,133.28,133.87
2026-01-19 09:00:00,133.86,134.03,133.54,133.75
2026-01-19 10:00:00,133.75,133.85,133.53,133.8
2026-01-19 11:00:00,133.8,134.37,133.63,134.13
2026-01-19 12:00:00,134.12,134.19,133.71,134.13
2026-01-19 13:00:00,134.13,134.16,133.58,133.73
2026-01-19 14:00:00,133.73,133.78,133.27,133.51
2026-01-19 15:00:00,133.51,133.93,133.42,133.55
2026-01-19 16:00:00,133.55,134.65,133.48,134.46
2026-01-19 17:00:00,134.47,134.52,134.08,134.29
2026-01-19 18:00:00,134.3,134.43,133.89,134.28
2026-01-19 19:00:00,134.28,134.71,134.24,134.45
2026-01-19 20:00:00,134.46,135.16,134.45,134.69
2026-01-19 21:00:00,134.69,134.99,134.07,134.09
2026-01-19 22:00:00,134.09,134.21,132.91,132.97
2026-01-19 23:00:00,132.97,133.94,132.74,133.44
2026-01-20 00:00:00,133.44,133.95,133.07,133.73
2026-01-20 01:00:00,133.72,134.28,133.29,133.86
2026-01-20 02:00:00,133.87,134.15,133.35,133.84
2026-01-20 03:00:00,133.84,134.63,133.49,134.24
2026-01-20 04:00:00,134.25,134.27,133.21,133.39
2026-01-20 05:00:00,133.39,133.53,132.4,133.03
2026-01-20 06:00:00,133.03,133.03,131.07,131.23
2026-01-20 07:00:00,131.23,131.78,130.56,130.62
2026-01-20 08:00:00,130.62,130.8,128.36,129.09
2026-01-20 09:00:00,129.08,129.15,128.55,128.91
2026-01-20 10:00:00,128.91,129.35,128.73,128.91
2026-01-20 11:00:00,128.9,129.47,128.72,128.81
2026-01-20 12:00:00,128.81,129.52,128.73,129.34
2026-01-20 13:00:00,129.34,129.36,128.4,128.43
2026-01-20 14:00:00,128.43,129.77,127.97,128.87
2026-01-20 15:00:00,128.87,128.97,127.24,127.86
2026-01-20 16:00:00,127.86,128.59,126.3,127.07
2026-01-20 17:00:00,127.08,127.95,126.36,126.98
2026-01-20 18:00:00,126.97,127.71,126.84,126.97
2026-01-20 19:00:00,126.96,127.53,126.59,127.25
2026-01-20 20:00:00,127.24,128.08,127,127.82
2026-01-20 21:00:00,127.82,127.96,126.95,126.96
2026-01-20 22:00:00,126.96,127.48,124.68,126.1
2026-01-20 23:00:00,126.09,126.5,125.6,125.8
2026-01-21 00:00:00,125.81,127.5,125.75,127.31
2026-01-21 01:00:00,127.31,127.86,127.2,127.35
2026-01-21 02:00:00,127.36,127.8,126.78,126.93
2026-01-21 03:00:00,126.93,127.84,126.88,127.61
2026-01-21 04:00:00,127.61,128.04,127.45,127.77
2026-01-21 05:00:00,127.77,128.75,127.74,128.52
2026-01-21 06:00:00,128.51,128.62,128.02,128.24
2026-01-21 07:00:00,128.24,128.45,127.5,127.62
2026-01-21 08:00:00,127.61,127.69,127,127.17
2026-01-21 09:00:00,127.16,127.78,127.05,127.47
2026-01-21 10:00:00,127.46,128.19,127.42,127.73
2026-01-21 11:00:00,127.74,127.91,126.8,126.94
2026-01-21 12:00:00,126.94,127.44,126.17,127.42
2026-01-21 13:00:00,127.42,127.63,126.81,127.1
2026-01-21 14:00:00,127.1,129.75,126.96,129.55
2026-01-21 15:00:00,129.55,131.18,129.37,130.43
2026-01-21 16:00:00,130.43,130.47,125.51,125.59
2026-01-21 17:00:00,125.58,127.05,125.26,126.92
2026-01-21 18:00:00,126.92,127.86,126.35,127.62
2026-01-21 19:00:00,127.61,131.68,127.2,131.5
2026-01-21 20:00:00,131.49,131.65,130.01,131.15
2026-01-21 21:00:00,131.15,132.17,130.75,131.05
2026-01-21 22:00:00,131.06,131.76,130.59,130.61
2026-01-21 23:00:00,130.61,131.05,129.16,129.54
2026-01-22 00:00:00,129.53,130.36,129.53,130.01
2026-01-22 01:00:00,130.01,130.62,129.88,130.25
2026-01-22 02:00:00,130.24,130.62,129.73,129.8
2026-01-22 03:00:00,129.8,130.3,129.54,129.86
2026-01-22 04:00:00,129.85,130.5,129.8,130.36
2026-01-22 05:00:00,130.36,130.45,129.97,130.11
2026-01-22 06:00:00,130.12,130.43,129.75,130.35
2026-01-22 07:00:00,130.36,130.44,129.77,129.81
2026-01-22 08:00:00,129.8,130.1,129.35,129.94
2026-01-22 09:00:00,129.93,130.27,129.6,130.16
2026-01-22 10:00:00,130.16,130.35,130.02,130.16
2026-01-22 11:00:00,130.16,130.34,129.72,130.11
2026-01-22 12:00:00,130.11,130.45,129.98,130.1
2026-01-22 13:00:00,130.09,130.94,129.1,129.37
2026-01-22 14:00:00,129.36,129.5,127.84,127.91
2026-01-22 15:00:00,127.91,128.63,126.73,127.41
2026-01-22 16:00:00,127.42,128.33,126.92,127.9
2026-01-22 17:00:00,127.9,128.82,127.55,128.7
2026-01-22 18:00:00,128.7,128.8,127.63,127.73
2026-01-22 19:00:00,127.74,129.37,127.45,129.26
2026-01-22 20:00:00,129.26,129.76,128.33,128.49
2026-01-22 21:00:00,128.5,129.07,128.22,128.31
2026-01-22 22:00:00,128.32,128.78,128.02,128.71
2026-01-22 23:00:00,128.71,128.72,128.12,128.47
2026-01-23 00:00:00,128.47,128.52,128.08,128.35
2026-01-23 01:00:00,128.36,128.94,128.29,128.9
2026-01-23 02:00:00,128.91,128.98,128.18,128.19
2026-01-23 03:00:00,128.18,128.78,128.14,128.76
2026-01-23 04:00:00,128.76,129.29,128.62,129.12
2026-01-23 05:00:00,129.13,129.13,128.36,128.67
2026-01-23 06:00:00,128.68,129.14,127.23,127.5
2026-01-23 07:00:00,127.51,128.1,127.51,127.93
2026-01-23 08:00:00,127.93,128,127,127.11
2026-01-23 09:00:00,127.11,127.39,126.94,127.08
2026-01-23 10:00:00,127.08,127.5,127.02,127.28
2026-01-23 11:00:00,127.29,127.76,127.23,127.54
2026-01-23 12:00:00,127.54,127.54,127.16,127.19
2026-01-23 13:00:00,127.19,127.4,126.76,126.83
2026-01-23 14:00:00,126.84,127.37,125.28,126.11
2026-01-23 15:00:00,126.11,128.1,125.53,127.9
2026-01-23 16:00:00,127.9,129.2,127.46,128.46
2026-01-23 17:00:00,128.46,130.2,127.88,128.45
2026-01-23 18:00:00,128.45,129.56,128.26,129.05
2026-01-23 19:00:00,129.05,129.13,127.77,128.08
2026-01-23 20:00:00,128.08,128.26,126.54,126.97
2026-01-23 21:00:00,126.97,127.57,126.89,127.15
2026-01-23 22:00:00,127.14,127.89,127.11,127.68
2026-01-23 23:00:00,127.67,127.67,127.26,127.43
2026-01-24 00:00:00,127.43,127.75,127.37,127.41
2026-01-24 01:00:00,127.4,127.57,127.29,127.55
2026-01-24 02:00:00,127.55,127.8,127.49,127.72
2026-01-24 03:00:00,127.72,128.12,127.6,127.91
2026-01-24 04:00:00,127.91,128.11,127.69,127.85
2026-01-24 05:00:00,127.85,127.91,127.64,127.81
2026-01-24 06:00:00,127.82,127.83,127.54,127.66
2026-01-24 07:00:00,127.66,127.68,126.89,127.11
2026-01-24 08:00:00,127.12,127.4,126.99,127.36
2026-01-24 09:00:00,127.36,127.36,127,127.09
2026-01-24 10:00:00,127.1,127.25,126.93,127.19
2026-01-24 11:00:00,127.19,127.37,127.12,127.17
2026-01-24 12:00:00,127.17,127.38,127.09,127.31
2026-01-24 13:00:00,127.3,127.31,126.94,126.94
2026-01-24 14:00:00,126.94,127.28,126.81,127.16
2026-01-24 15:00:00,127.16,127.41,126.8,126.85
2026-01-24 16:00:00,126.85,127.13,126.64,127.01
2026-01-24 17:00:00,127.02,127.29,126.96,127.26
2026-01-24 18:00:00,127.26,127.47,127.16,127.39
2026-01-24 19:00:00,127.39,127.51,127.24,127.3
2026-01-24 20:00:00,127.3,127.51,127.26,127.29
2026-01-24 21:00:00,127.3,127.34,127.1,127.13
2026-01-24 22:00:00,127.13,127.71,127.12,127.64
2026-01-24 23:00:00,127.64,127.76,127.17,127.21
2026-01-25 00:00:00,127.22,127.46,126.82,127.34
2026-01-25 01:00:00,127.33,127.42,126.96,127.14
2026-01-25 02:00:00,127.15,127.42,126.92,127.05
2026-01-25 03:00:00,127.06,127.13,126.35,126.64
2026-01-25 04:00:00,126.64,127,126.5,126.77
2026-01-25 05:00:00,126.77,126.96,126.63,126.94
2026-01-25 06:00:00,126.94,126.94,126.43,126.72
2026-01-25 07:00:00,126.72,126.72,126.35,126.47
2026-01-25 08:00:00,126.47,126.83,125.98,126.23
2026-01-25 09:00:00,126.23,126.9,126.11,126.7
2026-01-25 10:00:00,126.69,127.2,126.61,126.94
2026-01-25 11:00:00,126.95,126.97,126.56,126.77
2026-01-25 12:00:00,126.77,127.04,126.58,127.03
2026-01-25 13:00:00,127.03,127.12,126.48,126.96
2026-01-25 14:00:00,126.97,126.98,125.68,126.09
2026-01-25 15:00:00,126.09,126.32,125.48,125.59
2026-01-25 16:00:00,125.58,125.58,122.2,122.78
2026-01-25 17:00:00,122.78,122.99,121.6,122.22
2026-01-25 18:00:00,122.22,122.31,120.74,121.69
2026-01-25 19:00:00,121.69,121.87,117.15,117.96
2026-01-25 20:00:00,117.96,118.7,117.38,118.33
2026-01-25 21:00:00,118.33,118.95,117.62,118.83
2026-01-25 22:00:00,118.83,118.85,117.9,118.42
2026-01-25 23:00:00,118.42,119.45,117.53,118.85
2026-01-26 00:00:00,118.85,119.8,118.53,119.65
2026-01-26 01:00:00,119.65,122.77,119.57,122.4
2026-01-26 02:00:00,122.4,122.68,121.29,122.03
2026-01-26 03:00:00,122.03,122.33,121.11,121.57
2026-01-26 04:00:00,121.58,123.62,121.57,122.59
2026-01-26 05:00:00,122.59,122.9,122.41,122.48
2026-01-26 06:00:00,122.48,122.77,122.19,122.48
2026-01-26 07:00:00,122.49,123.01,122.23,122.89
2026-01-26 08:00:00,122.9,123.59,122.27,122.69
2026-01-26 09:00:00,122.7,122.74,121.76,121.93
2026-01-26 10:00:00,121.94,122.7,121.94,122.45
2026-01-26 11:00:00,122.46,122.7,122.41,122.5
2026-01-26 12:00:00,122.51,122.99,122.35,122.68
2026-01-26 13:00:00,122.69,123.28,122.53,123.16
2026-01-26 14:00:00,123.16,124.26,122.66,123.8
2026-01-26 15:00:00,123.8,125.2,123.04,123.53
2026-01-26 16:00:00,123.53,124.88,123.17,124.3
2026-01-26 17:00:00,124.31,124.67,123.03,124.28
2026-01-26 18:00:00,124.29,125.6,123.96,124.9
2026-01-26 19:00:00,124.91,125.13,124.18,124.31
2026-01-26 20:00:00,124.31,124.47,123.42,123.7
2026-01-26 21:00:00,123.7,124.81,123.52,124.52
2026-01-26 22:00:00,124.52,124.88,124.26,124.54
2026-01-26 23:00:00,124.53,124.87,124.13,124.24
2026-01-27 00:00:00,124.24,124.42,123.88,124.09
2026-01-27 01:00:00,124.09,124.58,123.73,124.34
2026-01-27 02:00:00,124.35,125.12,124.32,125.04
2026-01-27 03:00:00,125.04,125.17,124.4,124.51
2026-01-27 04:00:00,124.51,125.15,124.27,124.42
2026-01-27 05:00:00,124.43,124.53,124.15,124.47
2026-01-27 06:00:00,124.47,124.74,124,124.21
2026-01-27 07:00:00,124.22,124.65,124.04,124.52
2026-01-27 08:00:00,124.52,124.79,123.99,124.06
2026-01-27 09:00:00,124.06,124.08,123.57,123.74
2026-01-27 10:00:00,123.75,124.14,123.69,123.72
2026-01-27 11:00:00,123.72,124.29,123.61,124.12
2026-01-27 12:00:00,124.12,124.34,123.83,123.89
2026-01-27 13:00:00,123.89,123.93,123.12,123.2
2026-01-27 14:00:00,123.2,124.52,123.17,123.64
2026-01-27 15:00:00,123.65,125.06,123.45,125.01
2026-01-27 16:00:00,125.01,126.79,124.99,126.32
2026-01-27 17:00:00,126.31,126.33,123.55,124.05
2026-01-27 18:00:00,124.05,126.3,123.8,125.81
2026-01-27 19:00:00,125.82,126.27,125.4,125.85
2026-01-27 20:00:00,125.84,127.52,125.73,127.36
2026-01-27 21:00:00,127.36,127.84,126.93,127.06
2026-01-27 22:00:00,127.07,127.8,126.98,127.62
2026-01-27 23:00:00,127.62,127.65,127.12,127.19
2026-01-28 00:00:00,127.18,127.31,126.65,127.26
2026-01-28 01:00:00,127.26,127.52,126.71,127.09
2026-01-28 02:00:00,127.08,127.4,126.7,127.07
2026-01-28 03:00:00,127.07,127.25,126.71,126.96
2026-01-28 04:00:00,126.96,127.03,126.47,126.84
2026-01-28 05:00:00,126.84,126.99,126.45,126.77
2026-01-28 06:00:00,126.77,127.53,126.77,127.4
2026-01-28 07:00:00,127.41,127.54,126.95,127.1
2026-01-28 08:00:00,127.09,127.29,126.61,126.67
2026-01-28 09:00:00,126.68,127.61,125.97,127.6
2026-01-28 10:00:00,127.61,128.13,127.29,127.32
2026-01-28 11:00:00,127.32,128.34,127.17,128.17
2026-01-28 12:00:00,128.16,128.25,127.03,127.25
2026-01-28 13:00:00,127.25,127.87,126.87,127.35
2026-01-28 14:00:00,127.35,127.35,126.48,126.87
2026-01-28 15:00:00,126.86,127.17,125.52,126.07
2026-01-28 16:00:00,126.06,126.64,125.6,126.09
2026-01-28 17:00:00,126.09,127.04,125.26,126.53
2026-01-28 18:00:00,126.53,126.55,125.7,126.09
2026-01-28 19:00:00,126.09,126.72,125.3,126.01
2026-01-28 20:00:00,126,126.68,125.34,125.44
2026-01-28 21:00:00,125.44,125.84,124.78,125.48
2026-01-28 22:00:00,125.49,125.85,125.16,125.73
2026-01-28 23:00:00,125.73,125.78,125.07,125.35
2026-01-29 00:00:00,125.34,125.51,124.57,125.13
2026-01-29 01:00:00,125.12,125.24,124.13,124.33
2026-01-29 02:00:00,124.33,124.82,123.14,123.52
2026-01-29 03:00:00,123.51,123.79,122.7,123.07
2026-01-29 04:00:00,123.07,123.52,122.5,123.42
2026-01-29 05:00:00,123.42,123.82,123.15,123.26
2026-01-29 06:00:00,123.25,123.72,123.11,123.69
2026-01-29 07:00:00,123.69,123.98,123.65,123.78
2026-01-29 08:00:00,123.78,123.93,123.16,123.3
2026-01-29 09:00:00,123.3,123.38,122.96,123.03
2026-01-29 10:00:00,123.03,123.3,122.92,123.21
2026-01-29 11:00:00,123.21,123.3,122.66,122.76
2026-01-29 12:00:00,122.76,123.18,122.45,122.85
2026-01-29 13:00:00,122.85,123.34,122.68,122.91
2026-01-29 14:00:00,122.91,123.09,120.29,120.37
2026-01-29 15:00:00,120.38,120.44,116.12,117.69
2026-01-29 16:00:00,117.69,118.99,116.74,118.96
2026-01-29 17:00:00,118.95,119.96,117.68,117.91
2026-01-29 18:00:00,117.92,118.19,115.39,115.78
2026-01-29 19:00:00,115.77,117.21,115.43,116.84
2026-01-29 20:00:00,116.84,117.47,116.56,116.95
2026-01-29 21:00:00,116.95,117.72,116.92,117.45
2026-01-29 22:00:00,117.46,117.79,117.32,117.58
2026-01-29 23:00:00,117.58,117.91,117.27,117.82
2026-01-30 00:00:00,117.82,118.14,117.5,117.63
2026-01-30 01:00:00,117.64,117.91,112.14,115.22
2026-01-30 02:00:00,115.22,115.37,112.78,114.12
2026-01-30 03:00:00,114.12,114.68,113.55,114.43
2026-01-30 04:00:00,114.44,115.83,114.29,115.58
2026-01-30 05:00:00,115.58,116.1,115.44,115.46
2026-01-30 06:00:00,115.47,115.47,113.01,113.86
2026-01-30 07:00:00,113.87,116.13,113.87,115.78
2026-01-30 08:00:00,115.78,116.18,115.17,115.39
2026-01-30 09:00:00,115.39,116.04,114.67,115.37
2026-01-30 10:00:00,115.37,115.99,115.08,115.92
2026-01-30 11:00:00,115.91,117.28,115.77,117.08
2026-01-30 12:00:00,117.08,117.33,115.96,116.27
2026-01-30 13:00:00,116.28,116.4,115.3,115.81
2026-01-30 14:00:00,115.81,117.64,115.78,116.36
2026-01-30 15:00:00,116.36,117.14,114.58,116.8
2026-01-30 16:00:00,116.8,117.99,116.21,117.14
2026-01-30 17:00:00,117.14,117.77,116.55,116.64
2026-01-30 18:00:00,116.63,118.6,114.34,118.1
2026-01-30 19:00:00,118.1,119.12,118.1,118.3
2026-01-30 20:00:00,118.29,118.43,116.52,117.01
2026-01-30 21:00:00,117.01,118,116.86,117.38
2026-01-30 22:00:00,117.38,117.56,116.58,117.4
2026-01-30 23:00:00,117.39,117.63,116.9,117.59
2026-01-31 00:00:00,117.6,117.98,117.39,117.55
2026-01-31 01:00:00,117.54,118.37,117.54,118.17
2026-01-31 02:00:00,118.17,118.56,117.6,118.31
2026-01-31 03:00:00,118.31,118.66,118.18,118.39
2026-01-31 04:00:00,118.39,118.85,118.28,118.44
2026-01-31 05:00:00,118.44,118.77,118.01,118.62
2026-01-31 06:00:00,118.62,118.8,117.9,118.54
2026-01-31 07:00:00,118.55,118.6,117.2,117.37
2026-01-31 08:00:00,117.38,117.53,114.29,115.62
2026-01-31 09:00:00,115.62,116.83,115.39,116.36
2026-01-31 10:00:00,116.35,116.92,116.04,116.78
2026-01-31 11:00:00,116.79,116.79,115.97,116.05
2026-01-31 12:00:00,116.06,116.19,115.01,115.19
2026-01-31 13:00:00,115.19,115.23,113.61,114.16
2026-01-31 14:00:00,114.16,114.43,108.23,109.14
2026-01-31 15:00:00,109.14,110.2,108.39,108.65
2026-01-31 16:00:00,108.65,109.83,105.61,106.28
2026-01-31 17:00:00,106.27,106.73,100.26,103.31
2026-01-31 18:00:00,103.3,103.88,96.4,101.96
2026-01-31 19:00:00,101.96,103.49,101.5,101.78
2026-01-31 20:00:00,101.77,102.58,100.4,101.99
2026-01-31 21:00:00,101.99,103.8,101.31,103.49
2026-01-31 22:00:00,103.5,104.39,103.32,104.12
2026-01-31 23:00:00,104.11,106.55,103.86,105.58
2026-02-01 00:00:00,105.58,106.43,105.32,105.67
2026-02-01 01:00:00,105.67,105.81,104.23,104.99
2026-02-01 02:00:00,104.99,105.99,104.77,105.56
2026-02-01 03:00:00,105.56,105.68,104.53,104.97
2026-02-01 04:00:00,104.97,105.51,104.8,105.2
2026-02-01 05:00:00,105.21,105.71,104.5,104.69
2026-02-01 06:00:00,104.69,105.44,104.53,105.07
2026-02-01 07:00:00,105.08,106.02,103.96,105.2
2026-02-01 08:00:00,105.2,106.06,104.81,105.52
2026-02-01 09:00:00,105.52,105.94,104.96,105.79
2026-02-01 10:00:00,105.8,105.85,103.59,103.75
2026-02-01 11:00:00,103.76,105.4,103.73,105.05
2026-02-01 12:00:00,105.06,105.19,104.13,105.05
2026-02-01 13:00:00,105.04,106.69,104.08,104.45
2026-02-01 14:00:00,104.45,104.81,101.75,102.95
2026-02-01 15:00:00,102.96,102.96,100.21,101.69
2026-02-01 16:00:00,101.7,102.89,100.93,101.73
2026-02-01 17:00:00,101.73,102.5,101.13,102.44
2026-02-01 18:00:00,102.44,104.27,102.43,103.45
2026-02-01 19:00:00,103.44,103.77,101.56,101.94
2026-02-01 20:00:00,101.94,102.87,100.19,101.59
2026-02-01 21:00:00,101.59,101.71,100.13,100.85
2026-02-01 22:00:00,100.85,102.88,100.82,101.8
2026-02-01 23:00:00,101.79,102.05,98.02,100.79
2026-02-02 00:00:00,100.78,102.9,99.65,102.28
2026-02-02 01:00:00,102.28,103.14,100.41,102.09
2026-02-02 02:00:00,102.1,102.74,100.57,100.75
2026-02-02 03:00:00,100.75,100.88,95.95,100.07
2026-02-02 04:00:00,100.08,101.79,98.66,100.31
2026-02-02 05:00:00,100.3,100.46,97.67,98.3
2026-02-02 06:00:00,98.3,101.4,97.07,100.72
2026-02-02 07:00:00,100.72,102.43,100.46,101.43
2026-02-02 08:00:00,101.42,102.49,101.36,101.7
2026-02-02 09:00:00,101.71,103.19,101.42,102.79
2026-02-02 10:00:00,102.79,103.45,102.62,102.88
2026-02-02 11:00:00,102.89,103.44,102.65,102.78
2026-02-02 12:00:00,102.78,103.78,102.78,103.3
2026-02-02 13:00:00,103.29,103.7,102.83,103.33
2026-02-02 14:00:00,103.33,105.14,102.39,103.97
2026-02-02 15:00:00,103.97,106.12,103.56,104.7
2026-02-02 16:00:00,104.69,105.78,104.28,105
2026-02-02 17:00:00,105,105.58,104.45,104.81
2026-02-02 18:00:00,104.81,105.04,103.88,104.72
2026-02-02 19:00:00,104.72,104.84,103.51,103.89
2026-02-02 20:00:00,103.88,104.26,103.32,103.84
2026-02-02 21:00:00,103.85,104.99,103.8,104.84
2026-02-02 22:00:00,104.84,105.2,104.55,105.02
2026-02-02 23:00:00,105.02,105.07,104.41,104.55
2026-02-03 00:00:00,104.54,104.67,103.7,104.18
2026-02-03 01:00:00,104.17,104.4,103.56,104.39
2026-02-03 02:00:00,104.4,104.4,102.35,102.44
2026-02-03 03:00:00,102.44,104.42,102.18,104.16
2026-02-03 04:00:00,104.17,105.1,103.86,104.68
2026-02-03 05:00:00,104.68,104.73,103.65,103.72
2026-02-03 06:00:00,103.72,104.08,102.96,103.98
2026-02-03 07:00:00,103.98,104.91,103.75,104.7
2026-02-03 08:00:00,104.7,105.04,104.07,104.11
2026-02-03 09:00:00,104.11,104.21,102.54,103.15
2026-02-03 10:00:00,103.14,103.35,102.5,102.9
2026-02-03 11:00:00,102.91,103.42,102.83,103.01
2026-02-03 12:00:00,103.01,103.38,102.53,103.13
2026-02-03 13:00:00,103.13,103.59,102.74,103.42
2026-02-03 14:00:00,103.41,103.65,100.75,100.86
2026-02-03 15:00:00,100.85,102.79,100.41,102.56
2026-02-03 16:00:00,102.56,102.56,99.96,100.73
2026-02-03 17:00:00,100.72,100.97,99.03,99.11
2026-02-03 18:00:00,99.11,99.43,96.64,96.84
2026-02-03 19:00:00,96.83,100.1,96.7,99.02
2026-02-03 20:00:00,99.01,102.07,98.31,101.14
2026-02-03 21:00:00,101.14,101.85,100,100.2
2026-02-03 22:00:00,100.21,100.29,98.15,98.48
2026-02-03 23:00:00,98.48,98.6,97.21,97.89
2026-02-04 00:00:00,97.89,98.8,97.17,97.99
2026-02-04 01:00:00,97.99,99.67,97.99,99.12
2026-02-04 02:00:00,99.12,99.2,97.41,97.93
2026-02-04 03:00:00,97.94,99.64,97.92,99.13
2026-02-04 04:00:00,99.12,99.35,98.04,98.09
2026-02-04 05:00:00,98.1,98.46,96.46,97.02
2026-02-04 06:00:00,97.02,98.8,96.78,98.25
2026-02-04 07:00:00,98.25,98.25,97.41,97.9
2026-02-04 08:00:00,97.91,97.96,96.77,97.73
2026-02-04 09:00:00,97.72,97.79,96.76,97.14
2026-02-04 10:00:00,97.14,97.29,96.76,97.03
2026-02-04 11:00:00,97.03,97.07,94.71,96.11
2026-02-04 12:00:00,96.12,96.73,95.86,96.47
2026-02-04 13:00:00,96.47,96.48,94.17,94.39
2026-02-04 14:00:00,94.38,95.04,92.95,93.13
2026-02-04 15:00:00,93.12,94.2,91.31,92.79
2026-02-04 16:00:00,92.8,93.13,90.98,91.97
2026-02-04 17:00:00,91.97,92.63,90,91.44
2026-02-04 18:00:00,91.45,93.24,90.35,92.3
2026-02-04 19:00:00,92.3,94.71,92.28,94.38
2026-02-04 20:00:00,94.38,94.5,93,93.24
2026-02-04 21:00:00,93.24,93.39,90.73,91.32
2026-02-04 22:00:00,91.33,92.9,89.3,90.82
2026-02-04 23:00:00,90.82,92.94,90.26,92.12
2026-02-05 00:00:00,92.11,92.76,91.37,91.74
2026-02-05 01:00:00,91.75,92.89,90.52,91.94
2026-02-05 02:00:00,91.94,92.72,90.7,90.93
2026-02-05 03:00:00,90.92,91.69,90.24,91.15
2026-02-05 04:00:00,91.14,91.92,90.32,91.13
2026-02-05 05:00:00,91.13,92.11,89.92,91.17
2026-02-05 06:00:00,91.17,91.24,89.68,90.21
2026-02-05 07:00:00,90.22,91.66,90.16,90.54
2026-02-05 08:00:00,90.55,92.46,90.55,91.77
2026-02-05 09:00:00,91.77,93.43,91.74,92.5
2026-02-05 10:00:00,92.51,92.66,89.8,90.31
2026-02-05 11:00:00,90.31,90.82,88.66,89.98
2026-02-05 12:00:00,89.98,90.76,88.68,89.53
2026-02-05 13:00:00,89.52,90.06,88.2,88.48
2026-02-05 14:00:00,88.48,91.43,88.31,88.6
2026-02-05 15:00:00,88.6,88.99,83.44,84.61
2026-02-05 16:00:00,84.61,86.2,83.69,85.55
2026-02-05 17:00:00,85.55,85.73,82.44,82.7
2026-02-05 18:00:00,82.7,83.34,81.21,82.96
2026-02-05 19:00:00,82.96,83.31,81.41,81.68
2026-02-05 20:00:00,81.68,82.3,77.68,78.84
2026-02-05 21:00:00,78.84,81.2,78.38,79
2026-02-05 22:00:00,79.01,80.68,77.6,79.81
2026-02-05 23:00:00,79.81,81.63,78.08,78.35
2026-02-06 00:00:00,78.34,78.8,67.5,75.51
2026-02-06 01:00:00,75.51,79.79,75.48,79.6
2026-02-06 02:00:00,79.6,80.3,76.4,76.95
2026-02-06 03:00:00,76.95,77.4,75.73,76.71
2026-02-06 04:00:00,76.71,78.03,76.22,77.76
2026-02-06 05:00:00,77.75,81.65,77.59,81.15
2026-02-06 06:00:00,81.15,81.6,79.39,79.5
2026-02-06 07:00:00,79.51,80.61,78.76,79.59
2026-02-06 08:00:00,79.6,80.23,78.67,79.07
2026-02-06 09:00:00,79.07,81.69,78.95,81.34
2026-02-06 10:00:00,81.34,82.04,80.74,80.81
2026-02-06 11:00:00,80.81,81.75,80.46,81.36
2026-02-06 12:00:00,81.36,81.96,80.85,81.89
2026-02-06 13:00:00,81.9,83.85,81.7,83.11
2026-02-06 14:00:00,83.11,85.19,81.9,84.18
2026-02-06 15:00:00,84.18,85.06,83.4,84.49
2026-02-06 16:00:00,84.48,87.23,83.66,86.74
2026-02-06 17:00:00,86.74,88.72,86.16,86.73
2026-02-06 18:00:00,86.73,86.87,85.23,86.17
2026-02-06 19:00:00,86.17,87.45,85.56,87.09
2026-02-06 20:00:00,87.09,87.96,86.63,86.92
2026-02-06 21:00:00,86.91,88.2,86.6,88.06
2026-02-06 22:00:00,88.07,89.84,87.95,89.17
2026-02-06 23:00:00,89.17,89.6,87.36,87.46
2026-02-07 00:00:00,87.45,87.47,86.1,86.57
2026-02-07 01:00:00,86.56,87.49,85.91,87.13
2026-02-07 02:00:00,87.12,87.61,86.81,87.35
2026-02-07 03:00:00,87.35,88.39,87.24,88.1
2026-02-07 04:00:00,88.09,89.04,87.29,87.73
2026-02-07 05:00:00,87.74,88.64,87.55,87.81
2026-02-07 06:00:00,87.8,88.25,86.22,86.25
2026-02-07 07:00:00,86.25,86.65,84.16,85.29
2026-02-07 08:00:00,85.29,85.74,84.75,85.36
2026-02-07 09:00:00,85.36,85.73,84.81,85.24
2026-02-07 10:00:00,85.23,85.48,84.51,85
2026-02-07 11:00:00,85,85.2,84.58,84.91
2026-02-07 12:00:00,84.9,87.2,84.85,86.22
2026-02-07 13:00:00,86.23,86.65,85.57,86.13
2026-02-07 14:00:00,86.13,86.61,85.51,85.77
2026-02-07 15:00:00,85.77,86.97,85.65,86.57
2026-02-07 16:00:00,86.56,88.12,86.17,87.05
2026-02-07 17:00:00,87.06,87.74,86.48,87.65
2026-02-07 18:00:00,87.64,89.19,87.45,88.71
2026-02-07 19:00:00,88.72,88.79,88.03,88.3
2026-02-07 20:00:00,88.3,89.2,88.01,88.91
2026-02-07 21:00:00,88.92,89.2,88.12,88.21
2026-02-07 22:00:00,88.22,88.77,88.16,88.27
2026-02-07 23:00:00,88.28,88.34,86.86,87.59
2026-02-08 00:00:00,87.59,87.68,87.1,87.35
2026-02-08 01:00:00,87.34,88,87.31,87.89
2026-02-08 02:00:00,87.89,88.22,86.94,87.27
2026-02-08 03:00:00,87.27,87.54,86.7,86.82
2026-02-08 04:00:00,86.82,87.42,86.63,87.41
2026-02-08 05:00:00,87.4,87.56,87.05,87.29
2026-02-08 06:00:00,87.29,87.51,86.94,87.17
2026-02-08 07:00:00,87.17,87.42,86.69,87.42
2026-02-08 08:00:00,87.41,88.83,86.94,88.65
2026-02-08 09:00:00,88.64,88.99,87.54,87.61
2026-02-08 10:00:00,87.6,88.13,86.44,86.88
2026-02-08 11:00:00,86.88,88.32,86.75,88.25
2026-02-08 12:00:00,88.25,88.37,87.7,88.17
2026-02-08 13:00:00,88.16,88.89,87.78,88.58
2026-02-08 14:00:00,88.57,88.75,88.02,88.43
2026-02-08 15:00:00,88.43,88.76,87.35,87.77
2026-02-08 16:00:00,87.78,87.91,85.77,86.22
2026-02-08 17:00:00,86.22,87.12,86.19,86.96
2026-02-08 18:00:00,86.96,88.61,86.94,87.85
2026-02-08 19:00:00,87.84,88.59,87.81,88.41
2026-02-08 20:00:00,88.41,88.42,86.76,86.9
2026-02-08 21:00:00,86.89,87.34,86.24,86.6
2026-02-08 22:00:00,86.61,87.27,86.46,87.13
2026-02-08 23:00:00,87.12,89.08,86.06,86.99
2026-02-09 00:00:00,86.99,87.45,86.39,87.07
2026-02-09 01:00:00,87.06,87.98,85.75,86.42
2026-02-09 02:00:00,86.42,87.85,86.18,87.01
2026-02-09 03:00:00,87.02,87.91,86.84,87.67
2026-02-09 04:00:00,87.67,87.72,86.97,87.12
2026-02-09 05:00:00,87.12,87.44,86.88,87.26
2026-02-09 06:00:00,87.26,87.26,85.96,86.45
2026-02-09 07:00:00,86.45,86.61,85.19,85.5
2026-02-09 08:00:00,85.5,85.64,83.86,84.59
2026-02-09 09:00:00,84.58,84.93,83.94,84.33
2026-02-09 10:00:00,84.32,84.48,82.86,83.23
2026-02-09 11:00:00,83.23,83.7,83.22,83.47
2026-02-09 12:00:00,83.48,84.37,83.45,84.06
2026-02-09 13:00:00,84.05,84.62,83.75,83.77
2026-02-09 14:00:00,83.77,85.24,83.55,84.96
2026-02-09 15:00:00,84.95,85.8,84.32,85.28
2026-02-09 16:00:00,85.28,86.86,84.81,86.11
2026-02-09 17:00:00,86.11,88.1,85.66,87.79
2026-02-09 18:00:00,87.78,88.69,87.07,87.51
2026-02-09 19:00:00,87.51,88.24,87.15,87.97
2026-02-09 20:00:00,87.96,88.31,87.21,87.76
2026-02-09 21:00:00,87.76,87.89,86.53,87.34
2026-02-09 22:00:00,87.34,87.59,86.97,87.12
2026-02-09 23:00:00,87.12,87.4,86.64,86.77
2026-02-10 00:00:00,86.77,86.93,86.28,86.4
2026-02-10 01:00:00,86.4,87.49,86.37,87.29
2026-02-10 02:00:00,87.28,87.32,86.42,86.66
2026-02-10 03:00:00,86.67,86.85,85.26,85.87
2026-02-10 04:00:00,85.86,86.67,85.79,86.55
2026-02-10 05:00:00,86.55,86.57,85.61,85.95
2026-02-10 06:00:00,85.95,86.04,84.3,84.6
2026-02-10 07:00:00,84.6,85.14,84.43,84.63
2026-02-10 08:00:00,84.64,84.87,84.17,84.66
2026-02-10 09:00:00,84.65,85.09,84.29,84.56
2026-02-10 10:00:00,84.57,84.75,84.2,84.22
2026-02-10 11:00:00,84.23,84.61,83.77,83.85
2026-02-10 12:00:00,83.85,84.36,83.69,83.96
2026-02-10 13:00:00,83.95,84.78,83.68,84.66
2026-02-10 14:00:00,84.66,85.24,83.2,83.72
2026-02-10 15:00:00,83.72,84.54,83.43,84.3
2026-02-10 16:00:00,84.3,84.94,83.77,84.46
2026-02-10 17:00:00,84.45,85.14,84.2,84.9
2026-02-10 18:00:00,84.91,84.98,82.71,82.94
2026-02-10 19:00:00,82.93,83.51,82.44,83.08
2026-02-10 20:00:00,83.08,83.23,82.3,82.63
2026-02-10 21:00:00,82.63,82.94,81.91,82.46
2026-02-10 22:00:00,82.46,82.98,82.36,82.6
2026-02-10 23:00:00,82.59,83,82.36,82.99
2026-02-11 00:00:00,82.99,83.72,82.93,83.47
2026-02-11 01:00:00,83.46,83.79,83.2,83.77
2026-02-11 02:00:00,83.77,84.39,83.53,83.54
2026-02-11 03:00:00,83.55,83.86,82.59,83.34
2026-02-11 04:00:00,83.34,83.54,81.71,81.98
2026-02-11 05:00:00,81.98,82.41,81.73,81.89
2026-02-11 06:00:00,81.9,81.99,80.58,80.87
2026-02-11 07:00:00,80.87,81.36,80.28,81
2026-02-11 08:00:00,81,81.2,80.55,81.09
2026-02-11 09:00:00,81.09,81.29,80.67,80.8
2026-02-11 10:00:00,80.8,81,80.38,80.69
2026-02-11 11:00:00,80.69,81.47,80.65,81.26
2026-02-11 12:00:00,81.25,81.47,80.95,81.18
2026-02-11 13:00:00,81.18,81.84,80.64,81.64
2026-02-11 14:00:00,81.65,83.17,79.77,79.95
2026-02-11 15:00:00,79.95,80.34,78.56,79.72
2026-02-11 16:00:00,79.72,80.94,78.72,78.74
2026-02-11 17:00:00,78.73,80.04,78.04,79.01
2026-02-11 18:00:00,79.01,79.99,78.53,79.81
2026-02-11 19:00:00,79.81,80.34,79.32,79.72
2026-02-11 20:00:00,79.72,80.01,78.98,79.64
2026-02-11 21:00:00,79.65,81.11,79.65,80.16
2026-02-11 22:00:00,80.17,80.24,79.45,79.5
2026-02-11 23:00:00,79.51,79.73,78.8,79.3
2026-02-12 00:00:00,79.31,80.23,79.26,79.97
2026-02-12 01:00:00,79.98,80.79,79.98,80.41
2026-02-12 02:00:00,80.42,80.73,79.94,80.33
2026-02-12 03:00:00,80.33,80.67,80.08,80.62
2026-02-12 04:00:00,80.63,80.97,80.3,80.31
2026-02-12 05:00:00,80.31,80.6,79.5,80.57
2026-02-12 06:00:00,80.58,80.99,80.36,80.57
2026-02-12 07:00:00,80.57,80.93,80.29,80.77
2026-02-12 08:00:00,80.77,80.93,80.32,80.77
2026-02-12 09:00:00,80.77,81.9,80.57,81.79
2026-02-12 10:00:00,81.78,82.24,81.35,82.19
2026-02-12 11:00:00,82.19,82.25,81.71,81.87
2026-02-12 12:00:00,81.87,81.96,80.85,81.1
2026-02-12 13:00:00,81.1,82.13,80.71,81.96
2026-02-12 14:00:00,81.96,81.98,81,81.14
2026-02-12 15:00:00,81.15,81.52,80.1,80.12
2026-02-12 16:00:00,80.13,80.22,78.18,78.3
2026-02-12 17:00:00,78.3,78.68,77.51,77.9
2026-02-12 18:00:00,77.9,78.47,77.19,77.61
2026-02-12 19:00:00,77.61,78.63,77.03,77.62
2026-02-12 20:00:00,77.62,77.93,76.6,76.92
2026-02-12 21:00:00,76.92,77.56,76.92,77.34
2026-02-12 22:00:00,77.33,78.12,76.97,78.1
2026-02-12 23:00:00,78.1,78.52,77.82,78.4
2026-02-13 00:00:00,78.39,78.74,77.53,78.02
2026-02-13 01:00:00,78.03,78.84,78.01,78.6
2026-02-13 02:00:00,78.6,79.33,78.45,79.13
2026-02-13 03:00:00,79.13,79.48,78.81,79.05
2026-02-13 04:00:00,79.05,79.27,78.47,78.52
2026-02-13 05:00:00,78.52,78.76,78.16,78.29
2026-02-13 06:00:00,78.29,78.66,77.85,78.62
2026-02-13 07:00:00,78.62,79.24,78.54,78.99
2026-02-13 08:00:00,78.99,79.9,78.86,79.73
2026-02-13 09:00:00,79.73,79.97,79.42,79.88
2026-02-13 10:00:00,79.89,80.62,79.77,80.36
2026-02-13 11:00:00,80.37,80.4,79.78,80.31
2026-02-13 12:00:00,80.31,80.32,79.86,79.97
2026-02-13 13:00:00,79.97,80.89,79.73,80.29
2026-02-13 14:00:00,80.28,81.95,79.86,81.33
2026-02-13 15:00:00,81.34,84.34,81.09,83.2
2026-02-13 16:00:00,83.2,85,82.92,84.22
2026-02-13 17:00:00,84.22,84.71,83.55,84.34
2026-02-13 18:00:00,84.35,85.59,84.12,85.4
2026-02-13 19:00:00,85.4,85.63,84.54,84.66
2026-02-13 20:00:00,84.65,85.06,84.17,84.77
2026-02-13 21:00:00,84.78,85.19,84.56,84.86
2026-02-13 22:00:00,84.85,84.93,84.46,84.66
2026-02-13 23:00:00,84.66,84.66,84.12,84.33
2026-02-14 00:00:00,84.34,85.1,84.21,84.97
2026-02-14 01:00:00,84.96,85.21,84.8,84.99
2026-02-14 02:00:00,84.99,85.01,84.6,84.89
2026-02-14 03:00:00,84.9,85.3,84.82,85.06
2026-02-14 04:00:00,85.07,85.1,84.8,84.83
2026-02-14 05:00:00,84.82,85.03,84.61,84.63
2026-02-14 06:00:00,84.63,84.93,84.35,84.86
2026-02-14 07:00:00,84.86,85.27,84.77,85.19
2026-02-14 08:00:00,85.19,86.41,85.16,86.22
2026-02-14 09:00:00,86.22,86.38,85.86,86.02
2026-02-14 10:00:00,86.02,86.02,85.74,85.83
2026-02-14 11:00:00,85.83,87.33,85.82,87.29
2026-02-14 12:00:00,87.29,87.32,86.26,86.42
2026-02-14 13:00:00,86.42,86.9,86,86.44
2026-02-14 14:00:00,86.44,87.52,86.37,87.24
2026-02-14 15:00:00,87.24,87.69,87.1,87.44
2026-02-14 16:00:00,87.44,88.26,86.99,88.12
2026-02-14 17:00:00,88.12,88.47,87.83,88.05
2026-02-14 18:00:00,88.05,88.29,87.79,88.01
2026-02-14 19:00:00,88.01,88.33,87.56,88.2
2026-02-14 20:00:00,88.21,88.44,87.69,88.17
2026-02-14 21:00:00,88.16,88.44,87.29,88.07
2026-02-14 22:00:00,88.07,88.89,87.9,88.5
2026-02-14 23:00:00,88.5,88.9,88.03,88.06
2026-02-15 00:00:00,88.06,88.42,87.8,88.19
2026-02-15 01:00:00,88.19,88.72,87.6,88.29
2026-02-15 02:00:00,88.28,88.5,87.52,88
2026-02-15 03:00:00,88.01,88.78,87.31,88.61
2026-02-15 04:00:00,88.6,89.82,88.35,88.79
2026-02-15 05:00:00,88.8,90.06,88.75,89.68
2026-02-15 06:00:00,89.68,90.16,89.34,89.6
2026-02-15 07:00:00,89.6,90.98,89.4,90.74
2026-02-15 08:00:00,90.74,91.26,89.22,89.67
2026-02-15 09:00:00,89.66,90.53,89.46,90
2026-02-15 10:00:00,90,90.13,89.05,89.53
2026-02-15 11:00:00,89.53,89.83,89.01,89.17
2026-02-15 12:00:00,89.18,89.63,87.3,87.31
2026-02-15 13:00:00,87.32,88.37,86.82,86.96
2026-02-15 14:00:00,86.96,87.61,86.66,87.35
2026-02-15 15:00:00,87.35,87.66,86.93,87.42
2026-02-15 16:00:00,87.41,87.66,86.72,87.57
2026-02-15 17:00:00,87.57,87.88,85.71,86.42
2026-02-15 18:00:00,86.43,86.86,86.01,86.21
2026-02-15 19:00:00,86.21,86.35,85.2,85.34
2026-02-15 20:00:00,85.35,85.99,84.89,85.88
2026-02-15 21:00:00,85.88,86.42,85.88,86.18
2026-02-15 22:00:00,86.18,86.7,86.05,86.36
2026-02-15 23:00:00,86.36,86.37,85.1,86.16
2026-02-16 00:00:00,86.15,86.5,85.58,86.18
2026-02-16 01:00:00,86.18,86.63,85.37,85.77
2026-02-16 02:00:00,85.76,86.23,85.23,85.39
2026-02-16 03:00:00,85.4,85.56,84.79,85.14
2026-02-16 04:00:00,85.15,85.84,85.09,85.79
2026-02-16 05:00:00,85.79,85.91,84.47,84.7
2026-02-16 06:00:00,84.69,85.2,84.51,85.06
2026-02-16 07:00:00,85.06,85.51,84.8,85.06
2026-02-16 08:00:00,85.07,85.5,85.04,85.39
2026-02-16 09:00:00,85.39,86.26,85.39,86.01
2026-02-16 10:00:00,86,86.04,85.63,85.75
2026-02-16 11:00:00,85.75,85.98,84.49,85.52
2026-02-16 12:00:00,85.52,86.42,85.27,86.2
2026-02-16 13:00:00,86.2,86.93,83.85,84.17
2026-02-16 14:00:00,84.16,84.67,83.48,84.05
2026-02-16 15:00:00,84.05,84.57,82.55,83.21
2026-02-16 16:00:00,83.21,84.11,83.1,84
2026-02-16 17:00:00,83.99,84.81,83.9,84.53
2026-02-16 18:00:00,84.52,85.16,84.48,84.52
2026-02-16 19:00:00,84.53,85.1,84.24,84.61
2026-02-16 20:00:00,84.62,85.49,84.5,85.37
2026-02-16 21:00:00,85.37,86.11,85.08,86.02
2026-02-16 22:00:00,86.02,86.24,85.6,85.72
2026-02-16 23:00:00,85.71,86.66,85.66,86.45
2026-02-17 00:00:00,86.45,87.16,86.29,86.61
2026-02-17 01:00:00,86.62,87.07,86.13,86.19
2026-02-17 02:00:00,86.18,87.69,85.76,87.31
2026-02-17 03:00:00,87.31,87.37,86.32,86.37
2026-02-17 04:00:00,86.37,86.67,85.92,86.37
2026-02-17 05:00:00,86.37,86.49,85.45,86.22
2026-02-17 06:00:00,86.23,86.8,86.22,86.5
2026-02-17 07:00:00,86.51,86.55,85.94,86.49
2026-02-17 08:00:00,86.48,86.77,85.92,85.97
2026-02-17 09:00:00,85.97,86.19,85.66,85.95
2026-02-17 10:00:00,85.94,86.05,84.87,85.05
2026-02-17 11:00:00,85.05,85.32,84.75,85.1
2026-02-17 12:00:00,85.11,85.58,84.54,84.63
2026-02-17 13:00:00,84.64,85.52,84.39,85
2026-02-17 14:00:00,84.99,85.45,83,83.26
2026-02-17 15:00:00,83.26,83.9,82.92,83.81
2026-02-17 16:00:00,83.8,85.46,83.71,84.19
2026-02-17 17:00:00,84.18,84.32,83.13,83.71
2026-02-17 18:00:00,83.71,85.43,83.57,85.11
2026-02-17 19:00:00,85.11,85.76,84.63,84.87
2026-02-17 20:00:00,84.86,85.27,84.53,85
2026-02-17 21:00:00,84.99,85.44,84.84,85.22
2026-02-17 22:00:00,85.23,85.44,84.97,85.05
2026-02-17 23:00:00,85.05,85.34,84.91,85.08
2026-02-18 00:00:00,85.09,85.49,84.81,84.87
2026-02-18 01:00:00,84.87,84.99,83.92,84.25
2026-02-18 02:00:00,84.25,85,84.23,84.66
2026-02-18 03:00:00,84.66,85.47,84.54,85.33
2026-02-18 04:00:00,85.34,85.54,84.97,85.14
2026-02-18 05:00:00,85.15,85.25,84.76,84.9
2026-02-18 06:00:00,84.9,85.31,84.8,84.92
2026-02-18 07:00:00,84.92,85.43,84.68,85.28
2026-02-18 08:00:00,85.28,86.09,85.23,85.47
2026-02-18 09:00:00,85.48,85.75,85.31,85.32
2026-02-18 10:00:00,85.31,85.4,84.18,84.26
2026-02-18 11:00:00,84.26,84.26,82.83,82.86
2026-02-18 12:00:00,82.87,83.34,82.34,82.99
2026-02-18 13:00:00,83,83.29,82.3,82.63
2026-02-18 14:00:00,82.62,82.88,81.72,82.56
2026-02-18 15:00:00,82.56,84.01,82.52,83.01
2026-02-18 16:00:00,83,83.09,82.04,82.3
2026-02-18 17:00:00,82.3,83,82.1,82.19
2026-02-18 18:00:00,82.2,82.37,80.95,81.28
2026-02-18 19:00:00,81.29,81.6,80.48,80.93
2026-02-18 20:00:00,80.93,81.59,80.85,81.32
2026-02-18 21:00:00,81.32,81.64,81.02,81.28
2026-02-18 22:00:00,81.28,81.54,81.05,81.46
2026-02-18 23:00:00,81.46,81.64,81.24,81.61
2026-02-19 00:00:00,81.61,81.73,81.25,81.5
2026-02-19 01:00:00,81.5,82.06,81.5,81.89
2026-02-19 02:00:00,81.89,82.07,81.33,81.67
2026-02-19 03:00:00,81.66,81.93,81.43,81.77
2026-02-19 04:00:00,81.77,82.01,81.4,81.49
2026-02-19 05:00:00,81.49,81.98,81.38,81.9
2026-02-19 06:00:00,81.9,82.5,81.83,82.36
2026-02-19 07:00:00,82.37,82.67,82.1,82.41
2026-02-19 08:00:00,82.4,82.42,81.57,81.73
2026-02-19 09:00:00,81.74,82.02,81.12,81.21
2026-02-19 10:00:00,81.2,81.82,80.91,81.53
2026-02-19 11:00:00,81.52,81.89,81.11,81.24
2026-02-19 12:00:00,81.24,81.31,80.68,80.79
2026-02-19 13:00:00,80.8,80.92,79.61,80
2026-02-19 14:00:00,80,81.32,79.95,80.78
2026-02-19 15:00:00,80.77,81.29,79.98,80.64
2026-02-19 16:00:00,80.63,80.96,79.92,80.79
2026-02-19 17:00:00,80.79,81.93,80.22,80.48
2026-02-19 18:00:00,80.47,82.05,80.39,81.98
2026-02-19 19:00:00,81.98,82.2,81.06,81.95
2026-02-19 20:00:00,81.94,82.37,81.68,82.1
2026-02-19 21:00:00,82.09,82.19,81.81,82.07
2026-02-19 22:00:00,82.07,82.53,81.91,82.34
2026-02-19 23:00:00,82.34,82.57,82.12,82.5
2026-02-20 00:00:00,82.5,83.54,82.33,82.9
2026-02-20 01:00:00,82.9,83.16,82.7,83.03
2026-02-20 02:00:00,83.04,83.35,82.82,82.92
2026-02-20 03:00:00,82.92,83.37,82.84,83.04
2026-02-20 04:00:00,83.05,83.11,82.38,82.69
2026-02-20 05:00:00,82.69,83.75,82.5,83.27
2026-02-20 06:00:00,83.27,83.74,83.14,83.71
2026-02-20 07:00:00,83.72,83.93,83.41,83.46
2026-02-20 08:00:00,83.45,83.81,83.3,83.66
2026-02-20 09:00:00,83.65,84.5,83.65,84.19
2026-02-20 10:00:00,84.19,84.84,84.04,84.09
2026-02-20 11:00:00,84.1,84.26,83.34,83.58
2026-02-20 12:00:00,83.58,84.03,83.29,83.72
2026-02-20 13:00:00,83.71,83.72,81.77,82.19
2026-02-20 14:00:00,82.19,83.39,82.12,83.07
2026-02-20 15:00:00,83.07,84.78,82.67,84.38
2026-02-20 16:00:00,84.38,84.96,83.75,84.51
2026-02-20 17:00:00,84.5,84.6,82.82,84.49
2026-02-20 18:00:00,84.48,85.49,83.97,85.24
2026-02-20 19:00:00,85.23,85.37,84.37,84.75
2026-02-20 20:00:00,84.75,85.23,84.42,84.62
2026-02-20 21:00:00,84.62,84.77,84.29,84.55
2026-02-20 22:00:00,84.55,84.77,84.12,84.59
2026-02-20 23:00:00,84.58,84.71,84.29,84.67
2026-02-21 00:00:00,84.68,84.76,84.34,84.43
2026-02-21 01:00:00,84.44,84.85,84.44,84.68
2026-02-21 02:00:00,84.68,85.03,84.54,84.82
2026-02-21 03:00:00,84.83,84.85,84.24,84.35
2026-02-21 04:00:00,84.35,84.5,84.14,84.4
2026-02-21 05:00:00,84.4,84.59,84.39,84.48
2026-02-21 06:00:00,84.48,84.78,84.04,84.12
2026-02-21 07:00:00,84.13,84.33,83.97,84.24
2026-02-21 08:00:00,84.24,84.74,84.19,84.73
2026-02-21 09:00:00,84.73,85.2,84.67,84.91
2026-02-21 10:00:00,84.91,85.27,84.9,85.15
2026-02-21 11:00:00,85.16,85.7,85.14,85.4
2026-02-21 12:00:00,85.4,85.54,85,85.32
2026-02-21 13:00:00,85.32,85.96,85.18,85.85
2026-02-21 14:00:00,85.85,86.66,85.62,86.3
2026-02-21 15:00:00,86.3,86.72,86.15,86.58
2026-02-21 16:00:00,86.59,86.68,85.88,86.13
2026-02-21 17:00:00,86.13,86.46,85.82,86.25
2026-02-21 18:00:00,86.24,86.72,86.18,86.56
2026-02-21 19:00:00,86.56,86.69,86.18,86.22
2026-02-21 20:00:00,86.21,86.21,85.27,85.48
2026-02-21 21:00:00,85.47,85.85,85.41,85.84
2026-02-21 22:00:00,85.83,85.9,85.38,85.46
2026-02-21 23:00:00,85.45,85.57,85.12,85.17
2026-02-22 00:00:00,85.17,85.22,84.76,85.08
2026-02-22 01:00:00,85.08,85.43,85.05,85.32
2026-02-22 02:00:00,85.32,85.6,84.86,84.96
2026-02-22 03:00:00,84.96,85.19,84.73,85.08
2026-02-22 04:00:00,85.08,85.35,84.97,85.17
2026-02-22 05:00:00,85.16,85.22,84.81,84.98
2026-02-22 06:00:00,84.99,85.34,84.95,85.31
2026-02-22 07:00:00,85.31,85.58,85.14,85.24
2026-02-22 08:00:00,85.25,85.26,84.87,84.97
2026-02-22 09:00:00,84.98,85.19,84.95,85.04
2026-02-22 10:00:00,85.04,85.32,85,85.21
2026-02-22 11:00:00,85.21,85.47,85.18,85.27
2026-02-22 12:00:00,85.28,85.33,84.34,84.47
2026-02-22 13:00:00,84.47,84.63,83.71,83.98
2026-02-22 14:00:00,83.99,84.07,83.39,83.66
2026-02-22 15:00:00,83.66,83.72,82.98,83.5
2026-02-22 16:00:00,83.49,83.63,83.2,83.58
2026-02-22 17:00:00,83.58,83.6,82.82,83.06
2026-02-22 18:00:00,83.06,83.29,82.96,83.22
2026-02-22 19:00:00,83.22,83.42,83.03,83.3
2026-02-22 20:00:00,83.3,83.38,82.94,83.03
2026-02-22 21:00:00,83.03,83.58,83.03,83.5
2026-02-22 22:00:00,83.5,83.71,83.09,83.57
2026-02-22 23:00:00,83.58,83.66,82.48,82.79
2026-02-23 00:00:00,82.8,82.85,81.32,81.37
2026-02-23 01:00:00,81.37,81.38,77.49,77.98
2026-02-23 02:00:00,77.97,78.44,77.55,77.87
2026-02-23 03:00:00,77.87,78.32,77.28,77.66
2026-02-23 04:00:00,77.66,77.74,77.15,77.39
2026-02-23 05:00:00,77.39,78.08,77.34,77.85
2026-02-23 06:00:00,77.84,79.18,77.7,79.09
2026-02-23 07:00:00,79.09,79.69,78.92,79.4
2026-02-23 08:00:00,79.4,79.4,78.53,78.78
2026-02-23 09:00:00,78.79,80.54,78.79,80.46
2026-02-23 10:00:00,80.47,80.69,80.09,80.27
2026-02-23 11:00:00,80.26,80.55,79.97,80.05
2026-02-23 12:00:00,80.06,80.96,79.86,80.71
2026-02-23 13:00:00,80.72,81.13,80.43,80.54
2026-02-23 14:00:00,80.55,80.81,79.43,80.14
2026-02-23 15:00:00,80.14,80.34,79.2,79.4
2026-02-23 16:00:00,79.39,79.8,78.6,78.97
2026-02-23 17:00:00,78.97,79.15,77.27,78.31
2026-02-23 18:00:00,78.32,79.3,78.04,78.62
2026-02-23 19:00:00,78.63,78.92,77.98,78.29
2026-02-23 20:00:00,78.28,78.54,77.85,78.31
2026-02-23 21:00:00,78.3,78.73,78.18,78.38
2026-02-23 22:00:00,78.38,78.92,78.25,78.26
2026-02-23 23:00:00,78.26,78.54,77.63,77.9
2026-02-24 00:00:00,77.91,78.53,77.9,78.46
2026-02-24 01:00:00,78.45,78.46,75.74,77.67
2026-02-24 02:00:00,77.67,78.43,77.52,77.64
2026-02-24 03:00:00,77.63,77.63,76.47,76.87
2026-02-24 04:00:00,76.88,77.07,76.11,76.86
2026-02-24 05:00:00,76.86,77.36,76.22,76.64
2026-02-24 06:00:00,76.63,76.94,76.38,76.58
2026-02-24 07:00:00,76.59,77.22,76.5,76.84
2026-02-24 08:00:00,76.85,77.2,76.5,77.03
2026-02-24 09:00:00,77.04,77.14,76,76.65
2026-02-24 10:00:00,76.65,76.83,76.41,76.74
2026-02-24 11:00:00,76.75,76.92,76.49,76.77
2026-02-24 12:00:00,76.78,77.05,76.51,76.59
2026-02-24 13:00:00,76.6,76.8,76.02,76.55
2026-02-24 14:00:00,76.56,77.42,75.63,76.86
2026-02-24 15:00:00,76.87,77.49,76.59,77.3
2026-02-24 16:00:00,77.3,78.25,77.23,78.13
2026-02-24 17:00:00,78.13,78.5,77.8,77.98
2026-02-24 18:00:00,77.97,78.34,77.56,78.2
2026-02-24 19:00:00,78.2,78.51,77.89,78.38
2026-02-24 20:00:00,78.38,78.9,78.32,78.67
2026-02-24 21:00:00,78.66,78.73,78.12,78.55
2026-02-24 22:00:00,78.54,79.37,78.44,79.08
2026-02-24 23:00:00,79.08,79.62,78.66,78.99
2026-02-25 00:00:00,78.99,79.44,78.73,79.21
2026-02-25 01:00:00,79.2,82.57,79.11,82
2026-02-25 02:00:00,81.99,82.99,81.98,82.45
2026-02-25 03:00:00,82.46,82.58,81.61,81.75
2026-02-25 04:00:00,81.75,82.43,81.28,81.96
2026-02-25 05:00:00,81.96,82.17,80.98,81.3
2026-02-25 06:00:00,81.31,81.9,81.16,81.57
2026-02-25 07:00:00,81.58,82.41,81.49,82.19
2026-02-25 08:00:00,82.19,82.57,81.93,82.48
2026-02-25 09:00:00,82.48,82.7,82.22,82.54
2026-02-25 10:00:00,82.55,82.95,82.45,82.55
2026-02-25 11:00:00,82.55,83.42,82.32,83.39
2026-02-25 12:00:00,83.38,84.09,82.89,83.68
2026-02-25 13:00:00,83.68,84.44,83.4,83.82
2026-02-25 14:00:00,83.83,85.8,83.8,85.64
2026-02-25 15:00:00,85.63,86.46,85.02,85.98
2026-02-25 16:00:00,85.98,87.69,85.97,87.55
2026-02-25 17:00:00,87.54,88.94,87.39,88.56
2026-02-25 18:00:00,88.55,89.18,88,88.94
2026-02-25 19:00:00,88.94,89.65,88.35,89.43
2026-02-25 20:00:00,89.43,90.13,88.97,89.39
2026-02-25 21:00:00,89.38,91.91,89.37,89.85
2026-02-25 22:00:00,89.85,90.53,88.38,89.1
2026-02-25 23:00:00,89.09,89.34,87.07,88.06
2026-02-26 00:00:00,88.05,89.27,87.84,88.58
2026-02-26 01:00:00,88.59,89.15,88.21,88.42
2026-02-26 02:00:00,88.42,88.49,87.53,88.2
2026-02-26 03:00:00,88.2,88.37,87.78,87.95
2026-02-26 04:00:00,87.95,89.05,87.84,88.74
2026-02-26 05:00:00,88.74,88.74,87.22,87.76
2026-02-26 06:00:00,87.76,88.01,87.32,87.65
2026-02-26 07:00:00,87.65,87.89,87.23,87.24
2026-02-26 08:00:00,87.24,87.9,87.24,87.31
2026-02-26 09:00:00,87.3,88.71,87.22,88.32
2026-02-26 10:00:00,88.32,88.58,87.29,87.48
2026-02-26 11:00:00,87.48,87.63,86.6,86.82
2026-02-26 12:00:00,86.82,87.78,86.72,87.7
2026-02-26 13:00:00,87.7,88.08,87.49,87.62
2026-02-26 14:00:00,87.63,88.26,86.27,87.02
2026-02-26 15:00:00,87.01,87.1,85.27,86.56
2026-02-26 16:00:00,86.57,86.75,84.34,84.58
2026-02-26 17:00:00,84.58,85.35,84.51,84.9
2026-02-26 18:00:00,84.91,85.7,84.47,85.38
2026-02-26 19:00:00,85.38,86.68,85.34,86.47
2026-02-26 20:00:00,86.47,86.87,85.85,86.03
2026-02-26 21:00:00,86.02,86.29,85.73,85.94
2026-02-26 22:00:00,85.94,86.39,85.8,86.15
2026-02-26 23:00:00,86.14,86.15,85.77,85.91
2026-02-27 00:00:00,85.91,86.04,85.19,85.83
2026-02-27 01:00:00,85.83,86.15,85.3,86.15
2026-02-27 02:00:00,86.14,86.79,85.94,86.58
2026-02-27 03:00:00,86.58,87.82,86.35,87.63
2026-02-27 04:00:00,87.63,88.29,87.48,87.56
2026-02-27 05:00:00,87.55,87.86,87.4,87.54
2026-02-27 06:00:00,87.54,87.62,86.85,87.34
2026-02-27 07:00:00,87.34,87.43,86.81,87.31
2026-02-27 08:00:00,87.31,87.93,87.22,87.57
2026-02-27 09:00:00,87.58,87.82,86.23,86.33
2026-02-27 10:00:00,86.33,86.49,84.57,84.71
2026-02-27 11:00:00,84.71,84.96,83.35,83.59
2026-02-27 12:00:00,83.59,83.76,82.66,83.12
2026-02-27 13:00:00,83.12,83.57,81.95,83.08
2026-02-27 14:00:00,83.07,83.36,82.09,82.39
2026-02-27 15:00:00,82.38,83.07,82.31,82.7
2026-02-27 16:00:00,82.7,82.7,81.32,81.37
2026-02-27 17:00:00,81.37,81.9,81.11,81.84
2026-02-27 18:00:00,81.84,82.03,81.39,81.48
2026-02-27 19:00:00,81.48,81.72,81.13,81.57
2026-02-27 20:00:00,81.57,81.87,81.22,81.45
2026-02-27 21:00:00,81.45,81.82,80.84,81.2
2026-02-27 22:00:00,81.2,81.6,80.32,81.43
2026-02-27 23:00:00,81.43,82.11,81.35,81.85
2026-02-28 00:00:00,81.84,82.16,81.59,82.12
2026-02-28 01:00:00,82.12,82.27,81.73,81.78
2026-02-28 02:00:00,81.78,82.2,81.71,82.15
2026-02-28 03:00:00,82.15,82.15,81.55,81.74
2026-02-28 04:00:00,81.75,81.9,81.21,81.65
2026-02-28 05:00:00,81.65,81.82,81.29,81.56
2026-02-28 06:00:00,81.56,81.56,77.12,77.56
2026-02-28 07:00:00,77.56,79.62,77.14,78.71
2026-02-28 08:00:00,78.7,78.72,77.85,78.02
2026-02-28 09:00:00,78.01,78.73,77.74,78.42
2026-02-28 10:00:00,78.41,79.18,77.96,79.12
2026-02-28 11:00:00,79.11,79.6,78.67,78.78
2026-02-28 12:00:00,78.78,79.22,78.59,78.94
2026-02-28 13:00:00,78.94,80.98,78.69,80.81
2026-02-28 14:00:00,80.82,81.51,80.05,80.25
2026-02-28 15:00:00,80.25,81.11,79.62,80.92
2026-02-28 16:00:00,80.91,81.33,80.5,81.07
2026-02-28 17:00:00,81.08,81.53,80.58,81.38
2026-02-28 18:00:00,81.38,82.91,81.1,82.36
2026-02-28 19:00:00,82.35,82.8,81.45,82.21
2026-02-28 20:00:00,82.22,85.05,81.97,84.88
2026-02-28 21:00:00,84.89,85.05,83.58,84.49
2026-02-28 22:00:00,84.49,85.65,84.25,84.29
2026-02-28 23:00:00,84.29,84.74,83.92,84.35
2026-03-01 00:00:00,84.35,85.01,84.32,84.87
2026-03-01 01:00:00,84.88,87.5,84.25,86.75
2026-03-01 02:00:00,86.75,88.9,86.75,87.97
2026-03-01 03:00:00,87.96,88.33,87.63,88.02
2026-03-01 04:00:00,88.02,88.26,86.87,87.55
2026-03-01 05:00:00,87.55,88.03,87.21,87.26
2026-03-01 06:00:00,87.26,87.38,86.16,86.66
2026-03-01 07:00:00,86.67,86.89,86.3,86.63
2026-03-01 08:00:00,86.63,86.83,85.07,85.22
2026-03-01 09:00:00,85.22,85.86,84.81,85
2026-03-01 10:00:00,85,85.66,84.71,85.23
2026-03-01 11:00:00,85.23,85.53,84.97,85.18
2026-03-01 12:00:00,85.18,85.4,84.76,84.88
2026-03-01 13:00:00,84.87,86.98,84.51,86.08
2026-03-01 14:00:00,86.09,86.89,85.44,85.8
2026-03-01 15:00:00,85.8,86.68,85.62,85.67
2026-03-01 16:00:00,85.67,86.1,83.71,84
2026-03-01 17:00:00,83.99,84.29,83.18,83.9
2026-03-01 18:00:00,83.89,85,83.86,83.92
2026-03-01 19:00:00,83.93,84.03,83.03,83.23
2026-03-01 20:00:00,83.23,83.27,81.69,81.98
2026-03-01 21:00:00,81.98,83.03,81.92,82.94
2026-03-01 22:00:00,82.93,84.12,82.38,82.73
2026-03-01 23:00:00,82.72,84.08,82.5,83.6
2026-03-02 00:00:00,83.61,85.24,83.48,85
2026-03-02 01:00:00,85,86.18,84.41,84.61
2026-03-02 02:00:00,84.62,84.77,83.46,84.15
2026-03-02 03:00:00,84.15,85.12,83.85,84.78
2026-03-02 04:00:00,84.78,84.84,84.1,84.3
2026-03-02 05:00:00,84.31,84.7,83.81,84.23
2026-03-02 06:00:00,84.23,84.26,82.88,83.26
2026-03-02 07:00:00,83.26,83.3,82.38,82.95
2026-03-02 08:00:00,82.96,83.63,82.37,83.46
2026-03-02 09:00:00,83.45,84.12,83.33,83.64
2026-03-02 10:00:00,83.63,84.1,83.36,83.89
2026-03-02 11:00:00,83.89,84.29,83.46,83.89
2026-03-02 12:00:00,83.88,84.15,83.57,83.7
2026-03-02 13:00:00,83.7,83.85,82.92,83.08
2026-03-02 14:00:00,83.07,85.97,82.78,85.68
2026-03-02 15:00:00,85.67,88.98,85.48,88.77
2026-03-02 16:00:00,88.77,90.29,88.47,88.85
2026-03-02 17:00:00,88.84,88.99,86.39,87.61
2026-03-02 18:00:00,87.61,87.84,86.69,87.31
2026-03-02 19:00:00,87.31,87.82,86.82,87.65
2026-03-02 20:00:00,87.65,88.08,86.85,87.57
2026-03-02 21:00:00,87.58,87.73,87.15,87.54
2026-03-02 22:00:00,87.55,88.25,87.26,88.04
2026-03-02 23:00:00,88.03,88.09,86.35,86.64
2026-03-03 00:00:00,86.65,87.32,86.11,86.92
2026-03-03 01:00:00,86.91,87.18,86.16,86.17
2026-03-03 02:00:00,86.16,86.35,85.23,86.21
2026-03-03 03:00:00,86.21,86.63,85.92,86.31
2026-03-03 04:00:00,86.31,86.46,85.65,85.85
2026-03-03 05:00:00,85.84,86.82,85.38,85.8
2026-03-03 06:00:00,85.79,85.98,85.4,85.85
2026-03-03 07:00:00,85.85,86.3,85.4,85.58
2026-03-03 08:00:00,85.58,85.77,83.94,84.26
2026-03-03 09:00:00,84.26,84.99,84.02,84.31
2026-03-03 10:00:00,84.3,84.57,83.7,83.92
2026-03-03 11:00:00,83.92,84.37,83.78,84.21
2026-03-03 12:00:00,84.22,85.37,84.14,84.42
2026-03-03 13:00:00,84.43,84.48,83.19,83.63
2026-03-03 14:00:00,83.63,84.43,82.5,83.24
2026-03-03 15:00:00,83.24,85.17,83.04,85.04
2026-03-03 16:00:00,85.03,87.34,84.33,85.4
2026-03-03 17:00:00,85.4,85.47,84.15,85.18
2026-03-03 18:00:00,85.18,86.02,84.52,85.38
2026-03-03 19:00:00,85.38,85.76,84.66,85.08
2026-03-03 20:00:00,85.08,85.46,84.66,84.85
2026-03-03 21:00:00,84.85,85.18,84.17,85.12
2026-03-03 22:00:00,85.13,86.65,85.11,86.29
2026-03-03 23:00:00,86.28,87.46,86.18,86.97
2026-03-04 00:00:00,86.98,87.4,86.28,86.62
2026-03-04 01:00:00,86.62,88.08,86.49,87.26
2026-03-04 02:00:00,87.26,87.48,86.55,87.08
2026-03-04 03:00:00,87.07,87.08,85.18,85.77
2026-03-04 04:00:00,85.77,85.91,84.82,85.41
2026-03-04 05:00:00,85.4,85.97,84.78,85.68
2026-03-04 06:00:00,85.67,86.04,84.97,85.6
2026-03-04 07:00:00,85.61,87.52,85.49,87.43
2026-03-04 08:00:00,87.43,89.91,86.98,89.71
2026-03-04 09:00:00,89.71,91.48,89.22,90.53
2026-03-04 10:00:00,90.53,91.05,89.88,90.15
2026-03-04 11:00:00,90.16,90.64,89.41,89.76
2026-03-04 12:00:00,89.76,89.87,88.69,89.42
2026-03-04 13:00:00,89.43,90.17,89.31,89.99
2026-03-04 14:00:00,90,91.76,89.46,90.19
2026-03-04 15:00:00,90.18,93.12,90.15,92.94
2026-03-04 16:00:00,92.94,93.15,90.96,91.55
2026-03-04 17:00:00,91.56,92.24,90.66,91.54
2026-03-04 18:00:00,91.55,92.49,91.12,92.38
2026-03-04 19:00:00,92.38,94.05,92.3,93.19
2026-03-04 20:00:00,93.19,93.76,92.77,92.87
2026-03-04 21:00:00,92.87,92.97,92.15,92.34
2026-03-04 22:00:00,92.35,92.86,91.17,91.33
2026-03-04 23:00:00,91.33,91.44,90.29,90.85
2026-03-05 00:00:00,90.86,91.4,90.73,90.79
2026-03-05 01:00:00,90.79,91.42,89.74,89.98
2026-03-05 02:00:00,89.98,90.68,89.97,90.2
2026-03-05 03:00:00,90.2,90.54,89.61,90.03
2026-03-05 04:00:00,90.03,90.74,89.9,90.4
2026-03-05 05:00:00,90.4,90.64,90.03,90.18
2026-03-05 06:00:00,90.18,91.01,89.7,90.87
2026-03-05 07:00:00,90.88,91.32,89.71,90.16
2026-03-05 08:00:00,90.16,90.71,89.66,90.64
2026-03-05 09:00:00,90.64,91.94,90.6,91.18
2026-03-05 10:00:00,91.19,92.96,91,92.65
2026-03-05 11:00:00,92.64,92.77,91.65,91.84
2026-03-05 12:00:00,91.84,92.22,91.31,91.98
2026-03-05 13:00:00,91.99,92.07,90.41,90.84
2026-03-05 14:00:00,90.84,91.49,89.82,91.02
2026-03-05 15:00:00,91.01,91.16,88.8,89.62
2026-03-05 16:00:00,89.61,89.63,87.92,88.97
2026-03-05 17:00:00,88.96,89.41,87.91,88.12
2026-03-05 18:00:00,88.11,88.89,88,88.8
2026-03-05 19:00:00,88.8,89.39,88.66,88.73
2026-03-05 20:00:00,88.72,89.57,88.54,89.21
2026-03-05 21:00:00,89.2,89.85,88.87,89.11
2026-03-05 22:00:00,89.12,89.41,88.86,89.09
2026-03-05 23:00:00,89.1,89.2,88.62,88.77
2026-03-06 00:00:00,88.78,89.04,88.58,88.86
2026-03-06 01:00:00,88.86,89.27,88.02,89.13
2026-03-06 02:00:00,89.13,89.31,88.21,88.38
2026-03-06 03:00:00,88.38,88.71,88.14,88.41
2026-03-06 04:00:00,88.4,88.59,87.67,88.15
2026-03-06 05:00:00,88.16,88.26,87.51,87.9
2026-03-06 06:00:00,87.89,88.44,87.67,88.09
2026-03-06 07:00:00,88.09,88.92,87.8,88.7
2026-03-06 08:00:00,88.7,88.7,88.2,88.35
2026-03-06 09:00:00,88.36,88.49,87.17,87.5
2026-03-06 10:00:00,87.5,87.96,87.41,87.71
2026-03-06 11:00:00,87.7,88,87.1,87.26
2026-03-06 12:00:00,87.25,87.27,85.9,86.47
2026-03-06 13:00:00,86.47,87.1,85.5,85.59
2026-03-06 14:00:00,85.59,85.75,83.96,84.34
2026-03-06 15:00:00,84.34,85.33,84.2,84.65
2026-03-06 16:00:00,84.65,85.02,84.1,84.36
2026-03-06 17:00:00,84.36,84.69,83.64,84.21
2026-03-06 18:00:00,84.21,85.63,84.18,85.28
2026-03-06 19:00:00,85.27,85.9,85.15,85.21
2026-03-06 20:00:00,85.21,85.47,84.56,85.01
2026-03-06 21:00:00,85,85.11,84.44,84.72
2026-03-06 22:00:00,84.73,85.06,84.54,84.96
2026-03-06 23:00:00,84.97,85.04,84.63,84.7
2026-03-07 00:00:00,84.69,85.07,84.52,84.75
2026-03-07 01:00:00,84.75,84.89,84.59,84.71
2026-03-07 02:00:00,84.71,84.74,84.32,84.65
2026-03-07 03:00:00,84.66,85.07,84.35,84.52
2026-03-07 04:00:00,84.53,84.56,84,84.27
2026-03-07 05:00:00,84.27,84.5,84.09,84.34
2026-03-07 06:00:00,84.34,84.34,83.9,84.03
2026-03-07 07:00:00,84.04,84.49,83.9,84.32
2026-03-07 08:00:00,84.33,84.66,84.12,84.37
2026-03-07 09:00:00,84.36,84.69,84.21,84.58
2026-03-07 10:00:00,84.57,84.76,84.41,84.5
2026-03-07 11:00:00,84.5,84.91,84.26,84.66
2026-03-07 12:00:00,84.66,84.78,84.28,84.3
2026-03-07 13:00:00,84.3,84.55,84.13,84.31
2026-03-07 14:00:00,84.3,84.42,83.67,84.23
2026-03-07 15:00:00,84.23,84.23,83.42,83.75
2026-03-07 16:00:00,83.75,83.8,83.5,83.59
2026-03-07 17:00:00,83.59,84.08,83.56,83.61
2026-03-07 18:00:00,83.62,83.63,83.01,83.38
2026-03-07 19:00:00,83.39,83.39,82.28,82.53
2026-03-07 20:00:00,82.52,83.13,82.51,83.02
2026-03-07 21:00:00,83.03,83.3,82.89,83.28
2026-03-07 22:00:00,83.28,83.32,82.66,82.98
2026-03-07 23:00:00,82.99,83.26,82.93,83.22
2026-03-08 00:00:00,83.22,83.49,82.93,83.06
2026-03-08 01:00:00,83.07,83.22,82.7,82.98
2026-03-08 02:00:00,82.97,83.1,82.11,82.39
2026-03-08 03:00:00,82.4,82.75,82.27,82.34
2026-03-08 04:00:00,82.34,82.56,81.74,81.97
2026-03-08 05:00:00,81.97,82.79,81.94,82.5
2026-03-08 06:00:00,82.5,82.61,82.27,82.45
2026-03-08 07:00:00,82.46,83.1,82.4,82.95
2026-03-08 08:00:00,82.95,83.12,82.51,83.1
2026-03-08 09:00:00,83.1,83.39,82.78,83.17
2026-03-08 10:00:00,83.16,84.13,83.16,83.67
2026-03-08 11:00:00,83.66,83.66,82.64,82.81
2026-03-08 12:00:00,82.81,83.01,81.61,82.31
2026-03-08 13:00:00,82.32,82.47,81.18,82.08
2026-03-08 14:00:00,82.09,82.37,81.95,82.32
2026-03-08 15:00:00,82.31,82.41,81.83,82.06
2026-03-08 16:00:00,82.06,82.17,81.36,81.52
2026-03-08 17:00:00,81.53,82,81.38,81.69
2026-03-08 18:00:00,81.69,81.8,81.31,81.6
2026-03-08 19:00:00,81.6,82.65,81.5,82.49
2026-03-08 20:00:00,82.48,82.96,82.11,82.33
2026-03-08 21:00:00,82.34,82.44,81.71,82.25
2026-03-08 22:00:00,82.26,82.51,80.26,81.99
2026-03-08 23:00:00,81.99,82.44,81.48,81.59
2026-03-09 00:00:00,81.6,83.29,81.54,82.35
2026-03-09 01:00:00,82.35,82.9,81.86,82.1
2026-03-09 02:00:00,82.11,82.93,81.65,82.67
2026-03-09 03:00:00,82.67,84.5,82.62,83.16
2026-03-09 04:00:00,83.16,83.89,83.09,83.19
2026-03-09 05:00:00,83.2,84.61,83.13,84.27
2026-03-09 06:00:00,84.28,84.31,83.1,83.13
2026-03-09 07:00:00,83.13,83.3,82.33,83.18
2026-03-09 08:00:00,83.18,83.86,82.94,83.73
2026-03-09 09:00:00,83.73,84.6,83.32,84.05
2026-03-09 10:00:00,84.05,84.26,83.49,83.75
2026-03-09 11:00:00,83.75,83.93,83.12,83.59
2026-03-09 12:00:00,83.58,84.22,83.41,84
2026-03-09 13:00:00,84.01,85.75,83.98,85.16
2026-03-09 14:00:00,85.15,85.71,84.56,85.3
2026-03-09 15:00:00,85.3,85.45,84.62,85.05
2026-03-09 16:00:00,85.05,85.63,84.7,85.14
2026-03-09 17:00:00,85.14,85.42,84.26,85.09
2026-03-09 18:00:00,85.09,85.58,84.48,85.19
2026-03-09 19:00:00,85.18,87.06,85.07,85.97
2026-03-09 20:00:00,85.97,86.18,85.28,85.81
2026-03-09 21:00:00,85.8,86.36,85.69,86
2026-03-09 22:00:00,86.01,86.3,85.59,85.74
2026-03-09 23:00:00,85.73,86.02,84.84,84.96
2026-03-10 00:00:00,84.95,85.96,84.83,85.57
2026-03-10 01:00:00,85.56,85.97,85.11,85.74
2026-03-10 02:00:00,85.73,86.91,85.46,86.62
2026-03-10 03:00:00,86.62,86.75,85.5,85.55
2026-03-10 04:00:00,85.56,86.65,85.41,86.54
2026-03-10 05:00:00,86.54,86.99,86.34,86.4
2026-03-10 06:00:00,86.41,86.69,85.99,86.35
2026-03-10 07:00:00,86.36,86.9,86.2,86.7
2026-03-10 08:00:00,86.71,87.43,86.58,86.71
2026-03-10 09:00:00,86.71,87.48,86.64,87.24
2026-03-10 10:00:00,87.23,87.67,86.8,87.09
2026-03-10 11:00:00,87.1,87.2,86.62,86.79
2026-03-10 12:00:00,86.8,86.86,86.29,86.7
2026-03-10 13:00:00,86.7,87.3,85.75,86.08
2026-03-10 14:00:00,86.09,88.23,84.91,88.1
2026-03-10 15:00:00,88.1,88.61,87.26,88.33
2026-03-10 16:00:00,88.34,88.7,87.65,88.39
2026-03-10 17:00:00,88.39,88.8,87.63,87.94
2026-03-10 18:00:00,87.94,88,86.1,86.25
2026-03-10 19:00:00,86.25,86.46,85.66,86.02
2026-03-10 20:00:00,86.01,86.4,85.94,86.24
2026-03-10 21:00:00,86.24,86.44,85.25,85.71
2026-03-10 22:00:00,85.7,85.84,85.01,85.53
2026-03-10 23:00:00,85.52,85.89,85.35,85.88
2026-03-11 00:00:00,85.88,86.24,85.59,86.01
2026-03-11 01:00:00,86.02,86.28,85.66,86.09
2026-03-11 02:00:00,86.09,86.21,85.48,85.92
2026-03-11 03:00:00,85.92,86.18,85.53,85.63
2026-03-11 04:00:00,85.63,86.84,85.49,86.72
2026-03-11 05:00:00,86.71,86.88,85.6,85.72
2026-03-11 06:00:00,85.72,86.17,85.66,86.02
2026-03-11 07:00:00,86.03,86.15,85.14,85.45
2026-03-11 08:00:00,85.44,85.61,85.09,85.5
2026-03-11 09:00:00,85.49,85.6,84.72,84.88
2026-03-11 10:00:00,84.88,85.53,84.84,85.25
2026-03-11 11:00:00,85.25,85.32,84.39,84.55
2026-03-11 12:00:00,84.54,85.72,84.36,85.2
2026-03-11 13:00:00,85.2,87.4,85.12,85.98
2026-03-11 14:00:00,85.97,87.2,85.75,86.53
2026-03-11 15:00:00,86.54,86.65,84.57,85.4
2026-03-11 16:00:00,85.41,86.59,85.3,86.44
2026-03-11 17:00:00,86.45,87.84,86.44,87.27
2026-03-11 18:00:00,87.26,88.09,87.15,87.81
2026-03-11 19:00:00,87.82,87.86,87.02,87.29
2026-03-11 20:00:00,87.28,87.43,87.01,87.29
2026-03-11 21:00:00,87.28,87.61,87.14,87.52
2026-03-11 22:00:00,87.53,87.94,86.84,87.05
2026-03-11 23:00:00,87.04,87.22,86.46,86.58
2026-03-12 00:00:00,86.58,86.78,86.37,86.68
2026-03-12 01:00:00,86.68,86.71,85.95,86.05
2026-03-12 02:00:00,86.05,86.16,85.17,85.21
2026-03-12 03:00:00,85.21,85.43,84.72,85.01
2026-03-12 04:00:00,85.02,85.42,84.9,85.11
2026-03-12 05:00:00,85.11,85.33,84.89,85.13
2026-03-12 06:00:00,85.13,85.42,84.97,85.39
2026-03-12 07:00:00,85.39,85.9,85,85.82
2026-03-12 08:00:00,85.82,86.16,85.39,85.96
2026-03-12 09:00:00,85.95,86.7,85.45,86.18
2026-03-12 10:00:00,86.19,87.04,86.04,86.76
2026-03-12 11:00:00,86.76,87.13,86.63,86.79
2026-03-12 12:00:00,86.8,87.51,86.55,87.25
2026-03-12 13:00:00,87.25,87.69,86.34,86.74
2026-03-12 14:00:00,86.75,87.66,85.2,85.54
2026-03-12 15:00:00,85.54,87.03,85.12,86.58
2026-03-12 16:00:00,86.57,87.09,85.8,86.79
2026-03-12 17:00:00,86.8,86.99,86.33,86.59
2026-03-12 18:00:00,86.6,86.82,85.81,85.86
2026-03-12 19:00:00,85.86,86.94,85.68,86.8
2026-03-12 20:00:00,86.79,86.96,86.42,86.45
2026-03-12 21:00:00,86.45,86.68,86.18,86.54
2026-03-12 22:00:00,86.54,86.6,85.96,86.3
2026-03-12 23:00:00,86.3,87.23,86.28,86.84
2026-03-13 00:00:00,86.83,91.14,86.71,89.78
2026-03-13 01:00:00,89.77,90.74,89.77,90.45
2026-03-13 02:00:00,90.46,90.59,88.93,89.09
2026-03-13 03:00:00,89.08,89.98,88.89,89.69
2026-03-13 04:00:00,89.7,89.74,89.19,89.35
2026-03-13 05:00:00,89.34,89.47,88.87,89.09
2026-03-13 06:00:00,89.09,89.22,88.27,88.4
2026-03-13 07:00:00,88.41,88.97,88.15,88.68
2026-03-13 08:00:00,88.68,89.67,88.32,89.16
2026-03-13 09:00:00,89.15,89.65,88.79,89.5
2026-03-13 10:00:00,89.5,90.31,89.46,90.19
2026-03-13 11:00:00,90.2,90.45,89.97,90.33
2026-03-13 12:00:00,90.32,91.38,90.14,91
2026-03-13 13:00:00,91,92.31,90.92,91.87
2026-03-13 14:00:00,91.88,92.98,90.46,90.69
2026-03-13 15:00:00,90.7,91.24,89.3,89.49
2026-03-13 16:00:00,89.49,89.96,88.84,89.61
2026-03-13 17:00:00,89.6,90.15,88.58,88.87
2026-03-13 18:00:00,88.88,89.14,88.37,88.82
2026-03-13 19:00:00,88.82,89.05,88.39,88.92
2026-03-13 20:00:00,88.91,89.11,88.54,88.91
2026-03-13 21:00:00,88.91,89.16,88.34,88.56
2026-03-13 22:00:00,88.56,88.66,87.73,88.01
2026-03-13 23:00:00,88.01,88.26,87.8,88.18
2026-03-14 00:00:00,88.17,88.39,87.84,87.94
2026-03-14 01:00:00,87.94,88.38,87.79,88.23
2026-03-14 02:00:00,88.24,88.32,88,88.23
2026-03-14 03:00:00,88.23,88.62,88.23,88.4
2026-03-14 04:00:00,88.4,88.71,88.21,88.25
2026-03-14 05:00:00,88.26,88.41,87.89,88.08
2026-03-14 06:00:00,88.08,88.1,86.92,87.25
2026-03-14 07:00:00,87.26,87.45,87.18,87.33
2026-03-14 08:00:00,87.32,87.55,87.08,87.15
2026-03-14 09:00:00,87.16,87.31,86.65,86.85
2026-03-14 10:00:00,86.84,86.93,86.51,86.65
2026-03-14 11:00:00,86.65,87.01,86.64,86.96
2026-03-14 12:00:00,86.95,87.13,86.81,87.11
2026-03-14 13:00:00,87.1,87.36,87.03,87.11
2026-03-14 14:00:00,87.11,87.24,86.63,86.72
2026-03-14 15:00:00,86.72,86.92,86.63,86.72
2026-03-14 16:00:00,86.72,87.13,86.62,87.07
2026-03-14 17:00:00,87.07,87.09,86.84,86.9
2026-03-14 18:00:00,86.89,87.11,86.79,87.04
2026-03-14 19:00:00,87.03,87.1,86.9,87
2026-03-14 20:00:00,87.01,87.18,86.87,87.08
2026-03-14 21:00:00,87.09,87.35,86.87,87.28
2026-03-14 22:00:00,87.29,87.46,87.22,87.31
2026-03-14 23:00:00,87.32,88.16,87.32,88.03
2026-03-15 00:00:00,88.04,88.21,87.67,87.76
2026-03-15 01:00:00,87.75,87.92,87.58,87.69
2026-03-15 02:00:00,87.69,88.65,87.68,88.3
2026-03-15 03:00:00,88.3,88.43,87.7,87.86
2026-03-15 04:00:00,87.86,88.33,87.85,88.32
2026-03-15 05:00:00,88.32,88.66,88.11,88.31
2026-03-15 06:00:00,88.32,88.59,88.09,88.35
2026-03-15 07:00:00,88.35,88.53,88.11,88.22
2026-03-15 08:00:00,88.22,88.52,88.14,88.5
2026-03-15 09:00:00,88.49,88.88,88.42,88.54
2026-03-15 10:00:00,88.55,88.71,88.38,88.47
2026-03-15 11:00:00,88.48,88.68,88.24,88.55
2026-03-15 12:00:00,88.56,88.56,88.19,88.26
2026-03-15 13:00:00,88.27,88.4,87.36,87.85
2026-03-15 14:00:00,87.84,88,87.57,87.97
2026-03-15 15:00:00,87.98,88.12,87.77,87.9
2026-03-15 16:00:00,87.9,88.05,87.45,87.55
2026-03-15 17:00:00,87.55,88.8,87.5,88.43
2026-03-15 18:00:00,88.44,88.69,87.85,87.92
2026-03-15 19:00:00,87.92,88.29,87.82,88.19
2026-03-15 20:00:00,88.19,89,87.98,88.76
2026-03-15 21:00:00,88.76,90.3,88.56,90
2026-03-15 22:00:00,90,92.93,89.84,92.64
2026-03-15 23:00:00,92.65,93.23,91.61,92.3
2026-03-16 00:00:00,92.31,93.06,91.88,92.01
2026-03-16 01:00:00,92.02,92.25,91.49,92.11
2026-03-16 02:00:00,92.11,92.28,91.18,91.48
2026-03-16 03:00:00,91.48,94,91.27,93.16
2026-03-16 04:00:00,93.17,94.24,92.94,93.62
2026-03-16 05:00:00,93.63,94.32,93.21,94.04
2026-03-16 06:00:00,94.05,94.05,93.15,93.4
2026-03-16 07:00:00,93.41,93.86,93.32,93.56
2026-03-16 08:00:00,93.56,94.02,92.57,92.86
2026-03-16 09:00:00,92.86,93.47,92.73,93.29
2026-03-16 10:00:00,93.3,93.96,93.26,93.9
2026-03-16 11:00:00,93.9,93.99,93.53,93.75
2026-03-16 12:00:00,93.75,94.2,93.4,93.77
2026-03-16 13:00:00,93.78,95.13,93.43,93.68
2026-03-16 14:00:00,93.68,94.54,92.37,93.6
2026-03-16 15:00:00,93.61,94.35,93.09,93.2
2026-03-16 16:00:00,93.2,94.06,93.13,93.81
2026-03-16 17:00:00,93.82,94.4,93.7,94.08
2026-03-16 18:00:00,94.08,95.09,94.05,94.38
2026-03-16 19:00:00,94.39,95.48,94.16,95.21
2026-03-16 20:00:00,95.21,95.97,95.06,95.78
2026-03-16 21:00:00,95.77,96.88,95.5,96.17
2026-03-16 22:00:00,96.17,97.68,96.17,96.37
2026-03-16 23:00:00,96.36,96.47,95.41,96.2
2026-03-17 00:00:00,96.19,96.95,95.13,95.49
2026-03-17 01:00:00,95.49,96.09,94.95,95.72
2026-03-17 02:00:00,95.72,95.77,94.88,95.15
2026-03-17 03:00:00,95.14,95.29,93.71,94.07
2026-03-17 04:00:00,94.07,94.28,93.2,93.8
2026-03-17 05:00:00,93.8,94.1,93.36,93.8
2026-03-17 06:00:00,93.8,94.3,93.47,93.89
2026-03-17 07:00:00,93.9,94.66,93.87,94.44
2026-03-17 08:00:00,94.43,94.95,94.29,94.41
2026-03-17 09:00:00,94.41,95.09,93.69,93.9
2026-03-17 10:00:00,93.9,94.06,93.25,93.57
2026-03-17 11:00:00,93.58,93.91,93.4,93.66
2026-03-17 12:00:00,93.67,94.08,93.15,93.42
2026-03-17 13:00:00,93.41,94.56,93.35,93.8
2026-03-17 14:00:00,93.8,94.68,93.5,94.5
2026-03-17 15:00:00,94.5,95.13,93.25,93.82
2026-03-17 16:00:00,93.82,94.79,93.72,94.39
2026-03-17 17:00:00,94.39,94.72,94.15,94.57
2026-03-17 18:00:00,94.57,95.59,94.45,95.32
2026-03-17 19:00:00,95.33,95.57,94.61,94.67
2026-03-17 20:00:00,94.66,95.03,94.41,94.9
2026-03-17 21:00:00,94.89,95.46,94.84,95.26
2026-03-17 22:00:00,95.27,95.62,94.59,95.33
2026-03-17 23:00:00,95.32,95.44,94.58,94.62
2026-03-18 00:00:00,94.61,94.93,94.1,94.53
2026-03-18 01:00:00,94.54,94.93,94.32,94.43
2026-03-18 02:00:00,94.43,95.23,94.41,94.94
2026-03-18 03:00:00,94.94,95.65,94.82,95.05
2026-03-18 04:00:00,95.06,95.12,94,94.13
2026-03-18 05:00:00,94.13,94.39,93.72,93.92
2026-03-18 06:00:00,93.92,94.64,93.92,94.21
2026-03-18 07:00:00,94.22,94.3,93.83,93.95
2026-03-18 08:00:00,93.95,94.26,93.94,94.04
2026-03-18 09:00:00,94.04,94.44,93.95,94.28
2026-03-18 10:00:00,94.28,94.43,93.51,93.86
2026-03-18 11:00:00,93.85,94.08,91.82,92
2026-03-18 12:00:00,92,92.03,90.31,90.43
2026-03-18 13:00:00,90.43,90.75,89.9,90.32
2026-03-18 14:00:00,90.32,90.4,88.85,88.96
2026-03-18 15:00:00,88.95,89.49,88.55,89.37
2026-03-18 16:00:00,89.36,89.36,88.61,88.97
2026-03-18 17:00:00,88.97,90.36,88.83,89.94
2026-03-18 18:00:00,89.94,90.86,89.38,89.58
2026-03-18 19:00:00,89.58,90.07,89.44,89.71
2026-03-18 20:00:00,89.7,90.13,88.99,89.99
2026-03-18 21:00:00,89.99,90.62,89.94,90.47
2026-03-18 22:00:00,90.46,90.48,89.92,90.02
2026-03-18 23:00:00,90.02,90.16,89.69,90.08
2026-03-19 00:00:00,90.07,90.3,89.82,90.11
2026-03-19 01:00:00,90.11,90.38,89.92,90.19
2026-03-19 02:00:00,90.18,90.39,89.79,89.99
2026-03-19 03:00:00,89.99,91.41,89.92,90.74
2026-03-19 04:00:00,90.74,90.74,89.75,89.91
2026-03-19 05:00:00,89.91,90.11,89.66,89.76
2026-03-19 06:00:00,89.77,90.12,89.52,89.86
2026-03-19 07:00:00,89.87,90.05,88.63,89.42
2026-03-19 08:00:00,89.41,89.64,89.09,89.34
2026-03-19 09:00:00,89.35,90.39,89.17,90.2
2026-03-19 10:00:00,90.19,90.48,89.78,89.81
2026-03-19 11:00:00,89.81,90.03,89.47,89.62
2026-03-19 12:00:00,89.62,89.62,88.03,88.11
2026-03-19 13:00:00,88.11,88.74,87.55,88.52
2026-03-19 14:00:00,88.52,88.9,87.45,88.23
2026-03-19 15:00:00,88.23,88.76,87.15,87.63
2026-03-19 16:00:00,87.63,87.8,87,87.69
2026-03-19 17:00:00,87.68,88.35,87.07,88.14
2026-03-19 18:00:00,88.13,88.32,87.66,88.13
2026-03-19 19:00:00,88.13,89.26,88.12,88.72
2026-03-19 20:00:00,88.71,89.21,88.66,88.99
2026-03-19 21:00:00,88.98,89.32,88.88,89.11
2026-03-19 22:00:00,89.12,89.17,88.37,88.76
2026-03-19 23:00:00,88.77,89.19,88.59,88.89
2026-03-20 00:00:00,88.9,89.43,88.87,89.41
2026-03-20 01:00:00,89.41,89.8,89.33,89.47
2026-03-20 02:00:00,89.47,89.6,88.88,89.31
2026-03-20 03:00:00,89.31,89.71,89.24,89.57
2026-03-20 04:00:00,89.57,89.75,88.73,89.28
2026-03-20 05:00:00,89.28,89.55,88.87,89.36
2026-03-20 06:00:00,89.36,89.36,88.94,89.09
2026-03-20 07:00:00,89.1,89.5,88.5,89.37
2026-03-20 08:00:00,89.38,90.45,89.32,89.78
2026-03-20 09:00:00,89.78,89.78,88.65,88.97
2026-03-20 10:00:00,88.97,89.49,88.61,89.33
2026-03-20 11:00:00,89.33,89.6,88.88,89.15
2026-03-20 12:00:00,89.15,89.53,89.02,89.15
2026-03-20 13:00:00,89.15,89.64,88.61,88.82
2026-03-20 14:00:00,88.81,89.73,88.51,88.92
2026-03-20 15:00:00,88.92,89.32,88.61,88.94
2026-03-20 16:00:00,88.94,89.23,88.62,88.9
2026-03-20 17:00:00,88.91,89.04,88.13,88.89
2026-03-20 18:00:00,88.89,89,88.16,88.56
2026-03-20 19:00:00,88.56,89.06,88.22,88.99
2026-03-20 20:00:00,88.99,89.36,88.65,89.01
2026-03-20 21:00:00,89.01,90.04,88.92,89.6
2026-03-20 22:00:00,89.59,90.26,89.59,90.1
2026-03-20 23:00:00,90.09,90.13,89.72,89.84
2026-03-21 00:00:00,89.85,90.24,89.84,90.02
2026-03-21 01:00:00,90.01,90.34,89.73,89.87
2026-03-21 02:00:00,89.86,90.65,89.76,90.47
2026-03-21 03:00:00,90.47,90.6,90.33,90.45
2026-03-21 04:00:00,90.45,90.81,90.16,90.28
2026-03-21 05:00:00,90.29,90.52,89.96,89.97
2026-03-21 06:00:00,89.97,90.32,89.91,90.16
2026-03-21 07:00:00,90.17,90.4,89.93,90.12
2026-03-21 08:00:00,90.12,90.13,89.81,90
2026-03-21 09:00:00,89.99,90.4,89.97,90.19
2026-03-21 10:00:00,90.2,90.24,89.89,89.97
2026-03-21 11:00:00,89.97,90.02,89.82,89.94
2026-03-21 12:00:00,89.95,90.2,89.88,90.2
2026-03-21 13:00:00,90.19,90.29,89.98,90.04
2026-03-21 14:00:00,90.04,90.42,89.66,89.67
2026-03-21 15:00:00,89.68,89.94,89.39,89.82
2026-03-21 16:00:00,89.83,90,89.57,89.69
2026-03-21 17:00:00,89.69,89.71,89.41,89.56
2026-03-21 18:00:00,89.55,89.95,89.55,89.78
2026-03-21 19:00:00,89.77,89.91,89.7,89.79
2026-03-21 20:00:00,89.8,90.29,89.78,90.16
2026-03-21 21:00:00,90.16,90.22,89.92,90.01
2026-03-21 22:00:00,90,90.07,89.82,89.9
2026-03-21 23:00:00,89.9,89.9,87.14,87.56
2026-03-22 00:00:00,87.55,87.78,86.26,87.33
2026-03-22 01:00:00,87.32,87.72,86.96,87.45
2026-03-22 02:00:00,87.46,88.48,87.36,88.16
2026-03-22 03:00:00,88.15,89.17,87.77,88.68
2026-03-22 04:00:00,88.67,89.2,88.6,89.03
2026-03-22 05:00:00,89.02,89.02,88.44,88.48
2026-03-22 06:00:00,88.48,88.48,88.14,88.2
2026-03-22 07:00:00,88.2,88.33,87.67,87.7
2026-03-22 08:00:00,87.7,87.74,86.85,87.38
2026-03-22 09:00:00,87.37,87.66,87.19,87.32
2026-03-22 10:00:00,87.32,87.51,87.23,87.34
2026-03-22 11:00:00,87.34,87.51,86.84,86.85
2026-03-22 12:00:00,86.84,87.47,86.82,87.27
2026-03-22 13:00:00,87.27,87.74,87.01,87.33
2026-03-22 14:00:00,87.32,87.6,87.04,87.21
2026-03-22 15:00:00,87.2,87.59,87.17,87.57
2026-03-22 16:00:00,87.58,87.71,87.26,87.48
2026-03-22 17:00:00,87.48,87.56,87.2,87.26
2026-03-22 18:00:00,87.26,87.32,86.51,87.01
2026-03-22 19:00:00,87.01,87.02,86.57,86.86
2026-03-22 20:00:00,86.87,87.19,86.55,86.58
2026-03-22 21:00:00,86.58,86.64,85.14,85.99
2026-03-22 22:00:00,86,86.77,85.51,86.75
2026-03-22 23:00:00,86.75,87.02,86.01,86.2
2026-03-23 00:00:00,86.21,86.61,85.47,85.9
2026-03-23 01:00:00,85.9,86.61,85.74,86.09
2026-03-23 02:00:00,86.1,86.98,86.05,86.7
2026-03-23 03:00:00,86.71,87.22,86.38,86.4
2026-03-23 04:00:00,86.39,86.92,86.32,86.91
2026-03-23 05:00:00,86.9,87.33,86.85,87.19
2026-03-23 06:00:00,87.18,87.18,85.44,85.75
2026-03-23 07:00:00,85.75,86.23,85.11,85.99
2026-03-23 08:00:00,86,86.46,85.85,85.95
2026-03-23 09:00:00,85.96,86.02,85.19,85.76
2026-03-23 10:00:00,85.76,86.32,85.66,86.06
2026-03-23 11:00:00,86.06,91.93,86.05,88.78
2026-03-23 12:00:00,88.78,90.5,88.33,90.23
2026-03-23 13:00:00,90.24,91.49,89.9,91.34
2026-03-23 14:00:00,91.34,91.73,91.04,91.51
2026-03-23 15:00:00,91.52,92.26,89.8,89.95
2026-03-23 16:00:00,89.96,90.47,89.4,90.35
2026-03-23 17:00:00,90.35,91.44,89.7,91.28
2026-03-23 18:00:00,91.28,91.8,90.93,91.62
2026-03-23 19:00:00,91.61,91.9,91.24,91.39
2026-03-23 20:00:00,91.38,92.02,91.24,91.79
2026-03-23 21:00:00,91.79,91.97,91.51,91.62
2026-03-23 22:00:00,91.62,91.9,91.17,91.52
2026-03-23 23:00:00,91.52,91.57,90.98,91.43
2026-03-24 00:00:00,91.44,91.68,90.6,91
2026-03-24 01:00:00,90.99,91.05,90.14,90.41
2026-03-24 02:00:00,90.41,90.76,90.12,90.16
2026-03-24 03:00:00,90.15,90.35,89.96,90.35
2026-03-24 04:00:00,90.34,90.82,90.14,90.34
2026-03-24 05:00:00,90.35,90.41,89.99,90.13
2026-03-24 06:00:00,90.13,90.53,90.06,90.47
2026-03-24 07:00:00,90.47,91.89,90.4,91.72
2026-03-24 08:00:00,91.71,91.95,91.26,91.58
2026-03-24 09:00:00,91.57,92.15,91.12,92.11
2026-03-24 10:00:00,92.12,92.22,91.74,91.86
2026-03-24 11:00:00,91.86,92.17,91.36,91.77
2026-03-24 12:00:00,91.78,91.86,91.36,91.59
2026-03-24 13:00:00,91.58,91.75,89.54,89.86
2026-03-24 14:00:00,89.86,90.23,88.7,89.57
2026-03-24 15:00:00,89.57,90.3,89.51,89.74
2026-03-24 16:00:00,89.74,89.98,89.09,89.28
2026-03-24 17:00:00,89.29,89.4,88.72,89.18
2026-03-24 18:00:00,89.18,89.69,88.89,88.9
2026-03-24 19:00:00,88.91,89.31,88.42,88.52
2026-03-24 20:00:00,88.53,90.24,88.51,90.04
2026-03-24 21:00:00,90.04,90.6,89.69,90.39
2026-03-24 22:00:00,90.39,90.77,90.07,90.32
2026-03-24 23:00:00,90.32,91.13,90.23,90.8
2026-03-25 00:00:00,90.8,91.62,90.71,91.32
2026-03-25 01:00:00,91.32,91.47,90.94,90.94
2026-03-25 02:00:00,90.95,91.5,90.82,91.13
2026-03-25 03:00:00,91.13,91.95,90.79,91.69
2026-03-25 04:00:00,91.69,92.11,91.59,92.05
2026-03-25 05:00:00,92.06,92.96,91.97,92.42
2026-03-25 06:00:00,92.42,92.93,92.27,92.39
2026-03-25 07:00:00,92.4,92.5,91.76,91.81
2026-03-25 08:00:00,91.82,92.74,91.82,92.36
2026-03-25 09:00:00,92.36,92.67,92.13,92.55
2026-03-25 10:00:00,92.54,92.7,92.39,92.65
2026-03-25 11:00:00,92.64,93.47,92.45,92.99
2026-03-25 12:00:00,92.99,93.43,92.34,93.04
2026-03-25 13:00:00,93.04,93.41,92.69,92.74
2026-03-25 14:00:00,92.74,92.91,91.92,91.95
2026-03-25 15:00:00,91.95,92.07,91,91.77
2026-03-25 16:00:00,91.77,92.73,91.59,92.21
2026-03-25 17:00:00,92.21,92.34,91.6,91.71
2026-03-25 18:00:00,91.71,92.19,91.46,91.69
2026-03-25 19:00:00,91.69,91.99,91.4,91.75
2026-03-25 20:00:00,91.76,91.78,91.1,91.48
2026-03-25 21:00:00,91.48,91.62,91.16,91.27
2026-03-25 22:00:00,91.27,91.96,91.03,91.75
2026-03-25 23:00:00,91.74,91.84,91.47,91.7
2026-03-26 00:00:00,91.7,91.98,91.49,91.7
2026-03-26 01:00:00,91.7,91.96,91.6,91.84
2026-03-26 02:00:00,91.83,91.85,90.67,90.96
2026-03-26 03:00:00,90.95,91.16,90.61,91.07
2026-03-26 04:00:00,91.07,91.08,90.68,90.82
2026-03-26 05:00:00,90.82,90.85,89.12,89.26
2026-03-26 06:00:00,89.25,89.31,88.81,89.05
2026-03-26 07:00:00,89.06,89.36,88.81,89.1
2026-03-26 08:00:00,89.1,89.11,88.65,88.88
2026-03-26 09:00:00,88.88,89.02,87.73,88.12
2026-03-26 10:00:00,88.12,88.34,87.79,87.94
2026-03-26 11:00:00,87.95,88.13,87.45,87.58
2026-03-26 12:00:00,87.58,87.81,87.41,87.56
2026-03-26 13:00:00,87.56,88.24,87.33,87.92
2026-03-26 14:00:00,87.93,88.19,87.17,87.54
2026-03-26 15:00:00,87.54,87.81,86.73,87.54
2026-03-26 16:00:00,87.53,87.73,87.14,87.2
2026-03-26 17:00:00,87.2,87.49,86.51,86.63
2026-03-26 18:00:00,86.62,86.82,85.73,86.06
2026-03-26 19:00:00,86.06,86.08,85.45,85.48
2026-03-26 20:00:00,85.48,87.12,85.45,86.34
2026-03-26 21:00:00,86.35,87.14,86.22,86.84
2026-03-26 22:00:00,86.83,86.89,86.22,86.81
2026-03-26 23:00:00,86.82,86.96,86.19,86.53
2026-03-27 00:00:00,86.52,86.8,86.19,86.55
2026-03-27 01:00:00,86.54,86.9,86.44,86.88
2026-03-27 02:00:00,86.89,87.04,86.53,86.7
2026-03-27 03:00:00,86.69,86.79,86.35,86.42
2026-03-27 04:00:00,86.42,86.44,85.74,86.17
2026-03-27 05:00:00,86.16,86.75,85.93,86.1
2026-03-27 06:00:00,86.1,86.39,85.89,86.07
2026-03-27 07:00:00,86.07,86.34,85.69,85.92
2026-03-27 08:00:00,85.92,86.14,84.38,85.12
2026-03-27 09:00:00,85.12,85.26,84.42,85.08
2026-03-27 10:00:00,85.08,85.15,82.66,83.02
2026-03-27 11:00:00,83.02,83.64,82.63,83.39
2026-03-27 12:00:00,83.39,83.44,83.06,83.1
2026-03-27 13:00:00,83.11,83.56,82.5,82.95
2026-03-27 14:00:00,82.94,83.36,82.6,83.18
2026-03-27 15:00:00,83.17,84.03,82.98,83.35
2026-03-27 16:00:00,83.36,83.38,82.66,83.03
2026-03-27 17:00:00,83.02,83.44,82.09,82.23
2026-03-27 18:00:00,82.24,82.5,81.86,82.39
2026-03-27 19:00:00,82.39,82.91,82.08,82.81
2026-03-27 20:00:00,82.81,82.98,82.38,82.77
2026-03-27 21:00:00,82.77,83.07,82.69,82.76
2026-03-27 22:00:00,82.75,82.84,82.54,82.73
2026-03-27 23:00:00,82.74,83.14,82.48,83.11
2026-03-28 00:00:00,83.11,83.11,82.72,82.86
2026-03-28 01:00:00,82.85,82.87,82.25,82.66
2026-03-28 02:00:00,82.66,82.91,82.38,82.56
2026-03-28 03:00:00,82.57,82.73,82.52,82.6
2026-03-28 04:00:00,82.6,82.79,82.4,82.58
2026-03-28 05:00:00,82.58,82.79,82.38,82.75
2026-03-28 06:00:00,82.75,83.27,82.66,83.18
2026-03-28 07:00:00,83.18,83.67,83.17,83.62
2026-03-28 08:00:00,83.62,83.73,83.38,83.4
2026-03-28 09:00:00,83.4,83.4,82.94,83.06
2026-03-28 10:00:00,83.05,83.33,82.69,83.01
2026-03-28 11:00:00,83.01,83.06,82.9,82.94
2026-03-28 12:00:00,82.94,83.2,82.6,82.68
2026-03-28 13:00:00,82.68,84.12,82.67,83.38
2026-03-28 14:00:00,83.37,83.55,83,83.24
2026-03-28 15:00:00,83.23,84.29,83.19,83.83
2026-03-28 16:00:00,83.84,83.95,83.49,83.57
2026-03-28 17:00:00,83.57,83.74,83.14,83.32
2026-03-28 18:00:00,83.32,83.54,83.3,83.39
2026-03-28 19:00:00,83.38,83.43,83.04,83.28
2026-03-28 20:00:00,83.28,83.52,83.28,83.42
2026-03-28 21:00:00,83.41,83.45,82.36,82.72
2026-03-28 22:00:00,82.71,82.91,82.47,82.8
2026-03-28 23:00:00,82.8,82.8,81.69,82.09
2026-03-29 00:00:00,82.09,82.28,81.87,82.21
2026-03-29 01:00:00,82.21,82.53,82.1,82.48
2026-03-29 02:00:00,82.48,82.84,82.42,82.78
2026-03-29 03:00:00,82.77,83.24,82.7,83
2026-03-29 04:00:00,83.01,83.04,82.73,82.79
2026-03-29 05:00:00,82.78,82.88,82.41,82.73
2026-03-29 06:00:00,82.72,82.84,82.3,82.5
2026-03-29 07:00:00,82.5,82.62,82.23,82.45
2026-03-29 08:00:00,82.45,82.61,82.34,82.47
2026-03-29 09:00:00,82.47,82.54,82.17,82.36
2026-03-29 10:00:00,82.35,82.35,81.98,82.12
2026-03-29 11:00:00,82.13,82.84,82.12,82.58
2026-03-29 12:00:00,82.59,82.65,82.23,82.44
2026-03-29 13:00:00,82.45,82.47,81.7,81.92
2026-03-29 14:00:00,81.92,82.44,81.72,81.93
2026-03-29 15:00:00,81.94,82.15,81.36,81.81
2026-03-29 16:00:00,81.82,82.12,81.63,81.71
2026-03-29 17:00:00,81.71,81.86,81.12,81.56
2026-03-29 18:00:00,81.56,81.92,81.4,81.81
2026-03-29 19:00:00,81.81,81.88,81.56,81.62
2026-03-29 20:00:00,81.62,82.23,81.6,81.94
2026-03-29 21:00:00,81.93,82.21,81.84,82.16
2026-03-29 22:00:00,82.15,82.15,78.96,80.94
2026-03-29 23:00:00,80.94,81.71,80.9,81.44
2026-03-30 00:00:00,81.45,83.02,81.15,81.89
2026-03-30 01:00:00,81.89,82.89,81.89,82.71
2026-03-30 02:00:00,82.72,83.94,82.46,83.35
2026-03-30 03:00:00,83.34,83.56,82.92,83.27
2026-03-30 04:00:00,83.27,83.86,83.26,83.77
2026-03-30 05:00:00,83.76,84.18,83.47,83.64
2026-03-30 06:00:00,83.63,83.87,83.41,83.47
2026-03-30 07:00:00,83.47,84.26,83.34,84.02
2026-03-30 08:00:00,84.01,84.88,84,84.52
2026-03-30 09:00:00,84.52,84.52,84.11,84.14
2026-03-30 10:00:00,84.14,84.21,83.55,83.92
2026-03-30 11:00:00,83.92,84.68,83.85,84.24
2026-03-30 12:00:00,84.25,84.61,84.12,84.49
2026-03-30 13:00:00,84.5,84.99,83.93,84.01
2026-03-30 14:00:00,84.01,84.64,83.65,84.39
2026-03-30 15:00:00,84.4,84.76,83.88,84.51
2026-03-30 16:00:00,84.5,84.55,83.93,84.22
2026-03-30 17:00:00,84.22,84.42,83.08,83.26
2026-03-30 18:00:00,83.25,83.43,82.45,82.69
2026-03-30 19:00:00,82.68,82.7,81.96,82.39
2026-03-30 20:00:00,82.38,82.9,82.36,82.79
2026-03-30 21:00:00,82.79,83.68,82.69,83.15
2026-03-30 22:00:00,83.16,83.5,82.65,82.81
2026-03-30 23:00:00,82.81,82.82,82.14,82.54
2026-03-31 00:00:00,82.55,82.96,82.15,82.72
2026-03-31 01:00:00,82.73,84.62,82.6,83.85
2026-03-31 02:00:00,83.85,84.07,83.59,83.83
2026-03-31 03:00:00,83.82,83.92,83.28,83.6
2026-03-31 04:00:00,83.6,83.91,83.28,83.34
2026-03-31 05:00:00,83.33,83.77,82.9,83.77
2026-03-31 06:00:00,83.76,83.83,83.05,83.41
2026-03-31 07:00:00,83.41,83.44,82.68,83.1
2026-03-31 08:00:00,83.1,83.35,82.24,82.25
2026-03-31 09:00:00,82.25,82.47,80.08,80.55
2026-03-31 10:00:00,80.55,80.94,80.33,80.47
2026-03-31 11:00:00,80.47,80.98,80.28,80.85
2026-03-31 12:00:00,80.85,81.09,80.4,80.78
2026-03-31 13:00:00,80.78,82.04,80.74,81.86
2026-03-31 14:00:00,81.85,82.59,80.4,80.63
2026-03-31 15:00:00,80.63,81.68,80.63,80.86
2026-03-31 16:00:00,80.87,82.9,80.87,82.39
2026-03-31 17:00:00,82.39,83.47,82.18,82.37
2026-03-31 18:00:00,82.38,83.09,82.38,82.9
2026-03-31 19:00:00,82.89,82.97,82.47,82.7
2026-03-31 20:00:00,82.7,83.4,82.61,83.16
2026-03-31 21:00:00,83.17,83.19,82.63,82.86
2026-03-31 22:00:00,82.86,82.91,82.33,82.76
2026-03-31 23:00:00,82.77,83.26,82.67,83.2
2026-04-01 00:00:00,83.19,83.58,82.85,83.4
2026-04-01 01:00:00,83.41,83.47,82.72,82.73
2026-04-01 02:00:00,82.74,82.91,82.48,82.65
2026-04-01 03:00:00,82.65,83.49,82.65,83.43
2026-04-01 04:00:00,83.44,83.86,83.26,83.74
2026-04-01 05:00:00,83.75,84.32,83.36,84.14
2026-04-01 06:00:00,84.14,84.74,84.02,84.45
2026-04-01 07:00:00,84.46,84.74,83.81,83.84
2026-04-01 08:00:00,83.84,84.06,83.43,83.62
2026-04-01 09:00:00,83.63,83.77,83.14,83.38
2026-04-01 10:00:00,83.38,83.5,83.07,83.38
2026-04-01 11:00:00,83.37,83.58,83.17,83.37
2026-04-01 12:00:00,83.37,83.73,82.8,83.03
2026-04-01 13:00:00,83.04,83.44,82.4,82.67
2026-04-01 14:00:00,82.66,83.56,82.51,83.39
2026-04-01 15:00:00,83.39,83.88,83.09,83.63
2026-04-01 16:00:00,83.62,85.33,83.08,85.26
2026-04-01 17:00:00,85.25,86.65,84.25,84.44
2026-04-01 18:00:00,84.43,84.49,83.55,83.66
2026-04-01 19:00:00,83.65,84.43,83.64,83.82
2026-04-01 20:00:00,83.83,83.88,82.3,82.57
2026-04-01 21:00:00,82.57,83.18,81.42,81.86
2026-04-01 22:00:00,81.85,81.94,80.77,81.17
2026-04-01 23:00:00,81.17,81.45,81.02,81.18
2026-04-02 00:00:00,81.19,81.77,80.92,81.63
2026-04-02 01:00:00,81.63,81.63,78.97,79.34
2026-04-02 02:00:00,79.34,79.34,78.3,78.87
2026-04-02 03:00:00,78.87,79.41,78.69,79.01
2026-04-02 04:00:00,79.01,79.19,78.75,78.82
2026-04-02 05:00:00,78.83,79.43,78.62,79.26
2026-04-02 06:00:00,79.26,79.43,78.95,79.12
2026-04-02 07:00:00,79.13,79.67,79,79.65
2026-04-02 08:00:00,79.64,79.64,79.04,79.12
2026-04-02 09:00:00,79.12,79.36,78.93,79.26
2026-04-02 10:00:00,79.27,79.32,78.8,78.9
2026-04-02 11:00:00,78.9,78.99,78.2,78.31
2026-04-02 12:00:00,78.32,78.59,77.9,77.97
2026-04-02 13:00:00,77.96,78.25,76.7,77.74
2026-04-02 14:00:00,77.74,79.73,77.51,79.07
2026-04-02 15:00:00,79.07,79.25,78.35,79.03
2026-04-02 16:00:00,79.03,79.88,78.71,79.43
2026-04-02 17:00:00,79.42,79.67,78.55,78.59
2026-04-02 18:00:00,78.59,79.28,78.43,79.13
2026-04-02 19:00:00,79.13,79.25,78.7,78.98
2026-04-02 20:00:00,78.99,79.37,78.77,79.16
2026-04-02 21:00:00,79.17,79.24,78.63,78.97
2026-04-02 22:00:00,78.96,79.14,78.73,78.99
2026-04-02 23:00:00,78.99,79.15,78.8,78.94
2026-04-03 00:00:00,78.95,79.38,78.87,79.23
2026-04-03 01:00:00,79.23,79.79,79,79.17
2026-04-03 02:00:00,79.18,79.6,78.85,79.34
2026-04-03 03:00:00,79.34,79.45,78.99,79
2026-04-03 04:00:00,79,79.53,78.99,79.32
2026-04-03 05:00:00,79.32,79.65,79.06,79.33
2026-04-03 06:00:00,79.33,79.71,79.2,79.65
2026-04-03 07:00:00,79.65,80.16,79.45,79.96
2026-04-03 08:00:00,79.96,80.17,79.64,79.77
2026-04-03 09:00:00,79.77,80.21,79.65,79.96
2026-04-03 10:00:00,79.96,80.2,79.69,80.15
2026-04-03 11:00:00,80.16,80.47,79.89,80.18
2026-04-03 12:00:00,80.18,80.91,79.23,79.34
2026-04-03 13:00:00,79.34,79.62,79.17,79.6
2026-04-03 14:00:00,79.6,80.33,79.43,80.25
2026-04-03 15:00:00,80.24,80.65,80.14,80.33
2026-04-03 16:00:00,80.33,80.67,80.23,80.56
2026-04-03 17:00:00,80.55,80.56,79.89,80.2
2026-04-03 18:00:00,80.19,80.45,80.08,80.13
2026-04-03 19:00:00,80.13,80.3,79.87,80.21
2026-04-03 20:00:00,80.21,80.33,80.16,80.2
2026-04-03 21:00:00,80.2,80.73,80.12,80.4
2026-04-03 22:00:00,80.41,80.5,79.92,80.15
2026-04-03 23:00:00,80.16,80.54,80.13,80.4
2026-04-04 00:00:00,80.39,80.42,80.15,80.24
2026-04-04 01:00:00,80.23,80.34,80.06,80.14
2026-04-04 02:00:00,80.14,80.34,80.07,80.19
2026-04-04 03:00:00,80.18,80.29,80.16,80.18
2026-04-04 04:00:00,80.18,80.32,80.15,80.26
2026-04-04 05:00:00,80.26,80.3,80.11,80.2
2026-04-04 06:00:00,80.19,80.54,80.14,80.46
2026-04-04 07:00:00,80.47,80.49,80.21,80.32
2026-04-04 08:00:00,80.32,80.4,79.93,79.99
2026-04-04 09:00:00,79.98,80.1,79.92,80.04
2026-04-04 10:00:00,80.04,80.29,80.02,80.24
2026-04-04 11:00:00,80.23,80.29,80.04,80.21
2026-04-04 12:00:00,80.2,80.25,80.01,80.1
2026-04-04 13:00:00,80.11,80.26,79.93,80.03
2026-04-04 14:00:00,80.03,80.37,79.57,80.36
2026-04-04 15:00:00,80.35,81.61,80.27,81.1
2026-04-04 16:00:00,81.1,81.35,80.7,80.74
2026-04-04 17:00:00,80.75,81.03,80.61,80.93
2026-04-04 18:00:00,80.93,81.13,80.7,80.84
2026-04-04 19:00:00,80.84,81.32,80.75,80.85
2026-04-04 20:00:00,80.86,80.87,80.62,80.81
2026-04-04 21:00:00,80.8,81.04,80.76,80.92
2026-04-04 22:00:00,80.93,81.06,80.88,81
2026-04-04 23:00:00,81,81,80.7,80.83
2026-04-05 00:00:00,80.84,80.85,80.54,80.7
2026-04-05 01:00:00,80.7,80.79,80.49,80.51
2026-04-05 02:00:00,80.5,80.64,80.37,80.59
2026-04-05 03:00:00,80.59,80.62,80.41,80.55
2026-04-05 04:00:00,80.55,80.58,80.29,80.33
2026-04-05 05:00:00,80.33,80.43,80.14,80.31
2026-04-05 06:00:00,80.3,80.38,79.41,79.59
2026-04-05 07:00:00,79.59,79.88,79.51,79.6
2026-04-05 08:00:00,79.59,79.71,79.54,79.62
2026-04-05 09:00:00,79.62,79.88,79.62,79.84
2026-04-05 10:00:00,79.83,80.24,79.78,79.84
2026-04-05 11:00:00,79.84,79.92,79.75,79.9
2026-04-05 12:00:00,79.91,79.95,78.8,79
2026-04-05 13:00:00,79.01,79.25,78.52,79.21
2026-04-05 14:00:00,79.21,79.48,79.13,79.29
2026-04-05 15:00:00,79.29,80.33,79,79.6
2026-04-05 16:00:00,79.59,79.82,79.39,79.46
2026-04-05 17:00:00,79.47,79.93,79.37,79.9
2026-04-05 18:00:00,79.89,80.14,79.71,79.95
2026-04-05 19:00:00,79.96,80.23,79.54,79.83
2026-04-05 20:00:00,79.83,80.22,79.81,80.16
2026-04-05 21:00:00,80.16,80.19,79.51,79.75
2026-04-05 22:00:00,79.74,80.69,79.1,80.58
2026-04-05 23:00:00,80.58,82.13,80.46,81.89
2026-04-06 00:00:00,81.89,82.97,81.89,82.32
2026-04-06 01:00:00,82.33,82.42,81.68,81.69
2026-04-06 02:00:00,81.7,82.8,81.66,82.41
2026-04-06 03:00:00,82.41,82.48,81.94,82.11
2026-04-06 04:00:00,82.11,82.34,81.79,82
2026-04-06 05:00:00,81.99,82.08,81.84,81.91
2026-04-06 06:00:00,81.9,82.14,80.97,81.5
2026-04-06 07:00:00,81.5,81.97,81.35,81.82
2026-04-06 08:00:00,81.83,82.26,81.71,82
2026-04-06 09:00:00,81.99,83.2,81.88,82.47
2026-04-06 10:00:00,82.47,82.9,82.47,82.68
2026-04-06 11:00:00,82.68,82.68,82.31,82.45
2026-04-06 12:00:00,82.44,82.53,82.21,82.3
2026-04-06 13:00:00,82.3,82.67,82.18,82.46
2026-04-06 14:00:00,82.46,82.81,81.73,82.23
2026-04-06 15:00:00,82.22,82.46,82,82.27
2026-04-06 16:00:00,82.28,82.48,81.58,81.59
2026-04-06 17:00:00,81.6,81.79,81.19,81.64
2026-04-06 18:00:00,81.64,82.22,81.55,81.88
2026-04-06 19:00:00,81.87,81.98,81.56,81.9
2026-04-06 20:00:00,81.91,82.15,81.81,82
2026-04-06 21:00:00,82,82,81.38,81.49
2026-04-06 22:00:00,81.48,81.51,80.16,80.17
2026-04-06 23:00:00,80.17,80.29,79.6,80.03
2026-04-07 00:00:00,80.03,80.23,79.6,79.91
2026-04-07 01:00:00,79.91,80.14,79.38,79.53
2026-04-07 02:00:00,79.53,79.9,79.47,79.72
2026-04-07 03:00:00,79.73,79.91,79.7,79.8
2026-04-07 04:00:00,79.8,80.17,79.67,79.92
2026-04-07 05:00:00,79.93,79.97,79.46,79.61
2026-04-07 06:00:00,79.6,79.65,79.31,79.53
2026-04-07 07:00:00,79.54,79.94,79.45,79.87
2026-04-07 08:00:00,79.87,80.36,79.82,80.14
2026-04-07 09:00:00,80.15,80.59,80.15,80.39
2026-04-07 10:00:00,80.38,80.46,79.22,79.37
2026-04-07 11:00:00,79.37,79.55,78.95,79.21
2026-04-07 12:00:00,79.22,79.39,78.69,79.14
2026-04-07 13:00:00,79.14,79.24,78.83,78.87
2026-04-07 14:00:00,78.88,79.06,78.4,78.59
2026-04-07 15:00:00,78.59,78.99,78.38,78.86
2026-04-07 16:00:00,78.86,79.19,78.65,78.89
2026-04-07 17:00:00,78.89,81,78.83,80.07
2026-04-07 18:00:00,80.07,80.23,79.51,79.94
2026-04-07 19:00:00,79.93,81.83,79.89,81.63
2026-04-07 20:00:00,81.63,82.41,81.63,81.93
2026-04-07 21:00:00,81.94,83.24,81.87,82.91
2026-04-07 22:00:00,82.92,85.24,82.91,85.24
2026-04-07 23:00:00,85.24,87.02,85.1,85.56
2026-04-08 00:00:00,85.56,85.9,84.26,84.76
2026-04-08 01:00:00,84.77,84.98,84.45,84.69
2026-04-08 02:00:00,84.68,84.97,84.4,84.61
2026-04-08 03:00:00,84.6,84.68,84.37,84.56
2026-04-08 04:00:00,84.56,85.03,84.49,84.49
2026-04-08 05:00:00,84.5,84.76,84.16,84.22
2026-04-08 06:00:00,84.22,84.71,83.89,84.55
2026-04-08 07:00:00,84.55,84.71,84.21,84.5
2026-04-08 08:00:00,84.51,84.88,84.43,84.86
2026-04-08 09:00:00,84.86,84.98,84.53,84.66
2026-04-08 10:00:00,84.66,84.8,84.49,84.5
2026-04-08 11:00:00,84.5,84.83,84.11,84.45
2026-04-08 12:00:00,84.46,84.69,84.09,84.54
2026-04-08 13:00:00,84.54,84.98,83.92,84.05
2026-04-08 14:00:00,84.05,84.16,82.51,82.9
2026-04-08 15:00:00,82.9,83.46,82.8,83.34
2026-04-08 16:00:00,83.33,83.6,83.05,83.48
2026-04-08 17:00:00,83.49,84.18,83.3,83.97
2026-04-08 18:00:00,83.98,84.03,82.82,82.93
2026-04-08 19:00:00,82.93,83.24,82.77,83.19
2026-04-08 20:00:00,83.19,83.38,83.02,83.28
2026-04-08 21:00:00,83.27,83.61,83.18,83.4
2026-04-08 22:00:00,83.4,83.44,82.6,82.63
2026-04-08 23:00:00,82.63,83.02,82.24,82.57
2026-04-09 00:00:00,82.56,82.67,82.08,82.21
2026-04-09 01:00:00,82.21,82.35,81.7,82.22
2026-04-09 02:00:00,82.23,82.44,82.06,82.12
2026-04-09 03:00:00,82.12,82.18,81.87,82.03
2026-04-09 04:00:00,82.02,82.03,81.82,81.84
2026-04-09 05:00:00,81.83,82.33,81.74,82.17
2026-04-09 06:00:00,82.17,82.37,81.85,82.18
2026-04-09 07:00:00,82.18,82.48,82.18,82.29
2026-04-09 08:00:00,82.29,82.65,82.16,82.48
2026-04-09 09:00:00,82.47,82.69,82.11,82.61
2026-04-09 10:00:00,82.6,82.66,82.37,82.58
2026-04-09 11:00:00,82.58,82.71,82.03,82.18
2026-04-09 12:00:00,82.18,82.39,81.94,82.28
2026-04-09 13:00:00,82.28,82.42,81.57,81.87
2026-04-09 14:00:00,81.87,82.32,81.4,82.19
2026-04-09 15:00:00,82.19,83.94,81.91,83.75
2026-04-09 16:00:00,83.75,84.24,82.92,83.68
2026-04-09 17:00:00,83.68,84.69,83.66,84.65
2026-04-09 18:00:00,84.65,84.7,83.45,83.83
2026-04-09 19:00:00,83.83,84.31,83.41,84.17
2026-04-09 20:00:00,84.16,84.53,84.09,84.27
2026-04-09 21:00:00,84.26,84.72,84.13,84.27
2026-04-09 22:00:00,84.27,85.95,83.95,83.99
2026-04-09 23:00:00,83.99,84.06,83.15,83.33
2026-04-10 00:00:00,83.33,83.39,82.89,83.13
2026-04-10 01:00:00,83.12,83.79,82.82,83.16
2026-04-10 02:00:00,83.16,83.46,83.03,83.25
2026-04-10 03:00:00,83.25,83.27,82.62,82.9
2026-04-10 04:00:00,82.89,83.53,82.87,83.36
2026-04-10 05:00:00,83.35,83.59,83.12,83.39
2026-04-10 06:00:00,83.39,83.47,83.1,83.2
2026-04-10 07:00:00,83.2,83.27,82.86,82.95
2026-04-10 08:00:00,82.95,83.11,82.7,82.92
2026-04-10 09:00:00,82.92,83.59,82.9,83.53
2026-04-10 10:00:00,83.52,83.54,83.11,83.31
2026-04-10 11:00:00,83.31,83.74,83.3,83.52
2026-04-10 12:00:00,83.52,84.42,83.36,84.11
2026-04-10 13:00:00,84.11,84.4,83.59,84.27
2026-04-10 14:00:00,84.27,85.24,84.19,85.08
2026-04-10 15:00:00,85.08,85.58,84.07,84.24
2026-04-10 16:00:00,84.25,84.91,84.14,84.84
2026-04-10 17:00:00,84.84,84.9,84.45,84.87
2026-04-10 18:00:00,84.88,85.27,84.62,85.21
2026-04-10 19:00:00,85.21,85.47,85.11,85.44
2026-04-10 20:00:00,85.45,85.67,85.05,85.45
2026-04-10 21:00:00,85.44,85.45,84.97,85.23
2026-04-10 22:00:00,85.24,85.28,84.65,84.87
2026-04-10 23:00:00,84.87,84.95,84.75,84.83
2026-04-11 00:00:00,84.83,84.85,84.52,84.68
2026-04-11 01:00:00,84.68,84.73,84.38,84.67
2026-04-11 02:00:00,84.68,84.93,84.59,84.8
2026-04-11 03:00:00,84.81,84.9,84.31,84.4
2026-04-11 04:00:00,84.4,84.62,84.21,84.38
2026-04-11 05:00:00,84.38,84.4,84.05,84.09
2026-04-11 06:00:00,84.09,84.19,83.87,84.13
2026-04-11 07:00:00,84.13,84.35,84.07,84.28
2026-04-11 08:00:00,84.27,84.43,84.17,84.17
2026-04-11 09:00:00,84.16,84.8,84.14,84.5
2026-04-11 10:00:00,84.49,84.53,83.95,84.05
2026-04-11 11:00:00,84.06,84.28,83.8,84.24
2026-04-11 12:00:00,84.24,84.57,84.06,84.24
2026-04-11 13:00:00,84.23,84.32,83.84,84.11
2026-04-11 14:00:00,84.11,84.42,84.02,84.38
2026-04-11 15:00:00,84.38,84.88,84.21,84.66
2026-04-11 16:00:00,84.67,85.4,84.6,84.98
2026-04-11 17:00:00,84.98,85.01,84.68,84.8
2026-04-11 18:00:00,84.8,85.8,84.64,85.48
2026-04-11 19:00:00,85.48,86.26,85.42,86.01
2026-04-11 20:00:00,86.01,86.08,85.12,85.4
2026-04-11 21:00:00,85.41,85.54,85.2,85.34
2026-04-11 22:00:00,85.33,86.19,85.05,85.28
2026-04-11 23:00:00,85.28,85.28,84.52,84.93
2026-04-12 00:00:00,84.94,85,84.7,84.9
2026-04-12 01:00:00,84.89,84.98,82.04,82.31
2026-04-12 02:00:00,82.3,83.03,81.84,82.67
2026-04-12 03:00:00,82.67,82.79,82.32,82.33
2026-04-12 04:00:00,82.32,82.46,82.15,82.21
2026-04-12 05:00:00,82.22,82.49,82.06,82.4
2026-04-12 06:00:00,82.4,82.5,82.2,82.27
2026-04-12 07:00:00,82.27,82.45,82.23,82.27
2026-04-12 08:00:00,82.28,82.31,82.15,82.29
2026-04-12 09:00:00,82.29,82.41,82.13,82.21
2026-04-12 10:00:00,82.21,82.34,81.93,82.04
2026-04-12 11:00:00,82.04,82.36,81.92,82.22
2026-04-12 12:00:00,82.21,82.56,81.88,82.02
2026-04-12 13:00:00,82.01,82.23,81.77,81.89
2026-04-12 14:00:00,81.89,82.1,81.29,81.56
2026-04-12 15:00:00,81.57,81.82,81.27,81.59
2026-04-12 16:00:00,81.59,81.88,81.53,81.88
2026-04-12 17:00:00,81.88,82.3,81.75,82.18
2026-04-12 18:00:00,82.19,82.32,82.04,82.13
2026-04-12 19:00:00,82.14,82.32,81.92,81.99
2026-04-12 20:00:00,81.98,82.88,81.94,82.67
2026-04-12 21:00:00,82.68,82.88,82.44,82.8
2026-04-12 22:00:00,82.79,82.82,81.37,81.98
2026-04-12 23:00:00,81.98,81.98,81.27,81.53
2026-04-13 00:00:00,81.54,82.22,81.4,82.15
2026-04-13 01:00:00,82.15,82.35,81.97,82.33
2026-04-13 02:00:00,82.33,82.44,81.89,81.94
2026-04-13 03:00:00,81.95,82.07,81.73,81.91
2026-04-13 04:00:00,81.9,82.25,81.85,81.9
2026-04-13 05:00:00,81.91,81.99,81.54,81.85
2026-04-13 06:00:00,81.85,82.6,81.81,82.36
2026-04-13 07:00:00,82.36,82.41,81.86,82.17
2026-04-13 08:00:00,82.17,82.32,81.74,81.86
2026-04-13 09:00:00,81.87,82.22,81.76,81.86
2026-04-13 10:00:00,81.86,81.97,81.64,81.73
2026-04-13 11:00:00,81.73,82.05,81.69,81.86
2026-04-13 12:00:00,81.86,82.79,81.82,82.54
2026-04-13 13:00:00,82.54,83.67,82.29,83.6
2026-04-13 14:00:00,83.6,83.81,82.76,83.77
2026-04-13 15:00:00,83.76,83.82,82.35,82.65
2026-04-13 16:00:00,82.66,83.62,82.34,83.35
2026-04-13 17:00:00,83.35,83.84,83.01,83.05
2026-04-13 18:00:00,83.05,83.27,82.58,83.22
2026-04-13 19:00:00,83.21,84.25,83.1,84.08
2026-04-13 20:00:00,84.09,84.36,83.81,83.93
2026-04-13 21:00:00,83.93,84.14,83.83,83.95
2026-04-13 22:00:00,83.95,86.47,83.94,86.22
2026-04-13 23:00:00,86.22,86.81,85.91,86.51
2026-04-14 00:00:00,86.51,86.75,85.37,85.91
2026-04-14 01:00:00,85.9,86.12,85.67,85.95
2026-04-14 02:00:00,85.96,86.39,85.8,86.22
2026-04-14 03:00:00,86.21,86.27,85.98,86.05
2026-04-14 04:00:00,86.05,86.06,85.56,85.89
2026-04-14 05:00:00,85.89,85.92,85.43,85.5
2026-04-14 06:00:00,85.5,86.09,85.5,85.94
2026-04-14 07:00:00,85.95,86.2,85.79,85.88
2026-04-14 08:00:00,85.88,86.38,85.72,86.12
2026-04-14 09:00:00,86.13,86.26,85.97,86.08
2026-04-14 10:00:00,86.08,86.56,86,86.01
2026-04-14 11:00:00,86.01,86.11,85.6,85.78
2026-04-14 12:00:00,85.78,86,85.6,85.96
2026-04-14 13:00:00,85.96,87.41,85.92,87.29
2026-04-14 14:00:00,87.3,87.67,86.01,86.02
2026-04-14 15:00:00,86.02,86.32,85.25,85.95
2026-04-14 16:00:00,85.95,86.17,84.77,85.04
2026-04-14 17:00:00,85.04,85.45,84.7,85.24
2026-04-14 18:00:00,85.25,85.42,83.89,84.08
2026-04-14 19:00:00,84.08,84.32,83.71,83.95
2026-04-14 20:00:00,83.94,84.14,83.41,83.61
2026-04-14 21:00:00,83.61,83.95,83.54,83.82
2026-04-14 22:00:00,83.81,83.94,83.3,83.51
2026-04-14 23:00:00,83.51,84.06,83.46,83.72
2026-04-15 00:00:00,83.72,84.06,83.53,83.78
2026-04-15 01:00:00,83.78,84.03,83.55,83.91
2026-04-15 02:00:00,83.92,84.02,83.13,83.4
2026-04-15 03:00:00,83.4,83.52,83.29,83.45
2026-04-15 04:00:00,83.45,83.66,83.32,83.61
2026-04-15 05:00:00,83.6,83.79,82.95,83.14
2026-04-15 06:00:00,83.13,83.14,82.86,83.01
2026-04-15 07:00:00,83.01,83.22,82.65,82.92
2026-04-15 08:00:00,82.92,83.29,82.71,83.14
2026-04-15 09:00:00,83.14,83.24,82.87,83.16
2026-04-15 10:00:00,83.16,83.66,82.9,83.15
2026-04-15 11:00:00,83.16,83.68,83.06,83.61
2026-04-15 12:00:00,83.6,83.89,83.38,83.72
2026-04-15 13:00:00,83.71,83.81,83.21,83.63
2026-04-15 14:00:00,83.63,84.49,83.41,84.3
2026-04-15 15:00:00,84.31,84.47,83.5,84
2026-04-15 16:00:00,84,84.7,83.9,84.54
2026-04-15 17:00:00,84.54,85.14,84.44,84.69
2026-04-15 18:00:00,84.7,85.06,84.59,85.03
2026-04-15 19:00:00,85.03,85.83,84.93,85.51
2026-04-15 20:00:00,85.51,85.56,84.63,84.79
2026-04-15 21:00:00,84.79,84.89,84.18,84.78
2026-04-15 22:00:00,84.78,85.59,84.73,85.02
2026-04-15 23:00:00,85.02,85.03,84.62,84.9
2026-04-16 00:00:00,84.9,85.06,84.48,84.92
2026-04-16 01:00:00,84.93,84.93,84.45,84.85
2026-04-16 02:00:00,84.84,85.58,84.71,85.1
2026-04-16 03:00:00,85.1,85.5,85.08,85.28
2026-04-16 04:00:00,85.29,85.56,84.99,85.24
2026-04-16 05:00:00,85.23,85.52,85.06,85.4
2026-04-16 06:00:00,85.41,85.54,85.18,85.47
2026-04-16 07:00:00,85.48,85.71,85.11,85.21
2026-04-16 08:00:00,85.21,85.31,84.9,85.03
2026-04-16 09:00:00,85.04,85.51,84.96,85.2
2026-04-16 10:00:00,85.2,85.25,84.64,85.04
2026-04-16 11:00:00,85.04,85.17,84.94,85.07
2026-04-16 12:00:00,85.07,85.5,85.06,85.38
2026-04-16 13:00:00,85.38,86.28,83.8,84.79
2026-04-16 14:00:00,84.79,85.7,84.06,85.39
2026-04-16 15:00:00,85.39,87.13,85.29,86.62
2026-04-16 16:00:00,86.62,87.09,85.63,85.94
2026-04-16 17:00:00,85.93,86.78,85.69,86.64
2026-04-16 18:00:00,86.65,89.09,86.5,89.01
2026-04-16 19:00:00,89.01,90.16,88.66,90.1
2026-04-16 20:00:00,90.1,90.53,89.24,89.59
2026-04-16 21:00:00,89.59,89.77,88.72,88.93
2026-04-16 22:00:00,88.94,89.46,88.87,89
2026-04-16 23:00:00,88.99,89.22,88.81,89.05
2026-04-17 00:00:00,89.06,89.19,88.58,88.82
2026-04-17 01:00:00,88.81,89.01,87.91,88.24
2026-04-17 02:00:00,88.24,88.36,87.55,87.86
2026-04-17 03:00:00,87.87,87.97,87.48,87.72
2026-04-17 04:00:00,87.73,88.28,87.69,88
2026-04-17 05:00:00,88.01,88.01,87.41,87.41
2026-04-17 06:00:00,87.41,88.1,87.36,88
2026-04-17 07:00:00,88.01,88.47,87.96,88.12
2026-04-17 08:00:00,88.13,89.08,88.11,88.93
2026-04-17 09:00:00,88.94,89.53,88.3,88.72
2026-04-17 10:00:00,88.71,88.74,87.34,87.67
2026-04-17 11:00:00,87.67,88.33,87.62,88.21
2026-04-17 12:00:00,88.22,88.92,87.91,88.89
2026-04-17 13:00:00,88.89,90.51,88.57,90.12
2026-04-17 14:00:00,90.13,90.73,89.63,90.03
2026-04-17 15:00:00,90.03,90.19,89.49,89.95
2026-04-17 16:00:00,89.95,90.59,89.89,90.42
2026-04-17 17:00:00,90.43,90.43,89.08,89.74
2026-04-17 18:00:00,89.74,89.83,88.88,89.17
2026-04-17 19:00:00,89.17,89.51,88.92,89.23
2026-04-17 20:00:00,89.24,89.37,88.51,89
2026-04-17 21:00:00,89,89.27,88.8,89.13
2026-04-17 22:00:00,89.12,89.47,88.94,89.22
2026-04-17 23:00:00,89.22,89.22,88.5,88.76
2026-04-18 00:00:00,88.77,89.14,88.66,88.96
2026-04-18 01:00:00,88.97,89.16,88.69,88.86
2026-04-18 02:00:00,88.86,89.1,88.67,88.94
2026-04-18 03:00:00,88.93,88.93,88.23,88.33
2026-04-18 04:00:00,88.34,88.55,88.24,88.36
2026-04-18 05:00:00,88.35,88.64,88.16,88.4
2026-04-18 06:00:00,88.4,88.62,88.3,88.5
2026-04-18 07:00:00,88.51,88.55,88.3,88.45
2026-04-18 08:00:00,88.45,88.5,87.1,87.56
2026-04-18 09:00:00,87.55,87.68,87.14,87.62
2026-04-18 10:00:00,87.62,87.63,86.77,86.97
2026-04-18 11:00:00,86.96,86.97,86.28,86.53
2026-04-18 12:00:00,86.54,86.96,86.51,86.91
2026-04-18 13:00:00,86.9,86.98,86.41,86.74
2026-04-18 14:00:00,86.73,86.86,86.43,86.82
2026-04-18 15:00:00,86.83,86.96,86.57,86.75
2026-04-18 16:00:00,86.75,86.98,86.43,86.7
2026-04-18 17:00:00,86.69,86.84,86.5,86.74
2026-04-18 18:00:00,86.74,86.75,85.78,85.95
2026-04-18 19:00:00,85.95,86.29,85.93,86.13
2026-04-18 20:00:00,86.12,86.3,86,86.18
2026-04-18 21:00:00,86.18,86.27,86.03,86.23
2026-04-18 22:00:00,86.23,86.36,85.92,86.3
2026-04-18 23:00:00,86.29,86.46,86.13,86.16
2026-04-19 00:00:00,86.15,86.38,85.86,86.01
2026-04-19 01:00:00,86.02,86.23,85.6,85.76
2026-04-19 02:00:00,85.76,85.86,85.24,85.53
2026-04-19 03:00:00,85.53,85.79,85.3,85.6
2026-04-19 04:00:00,85.6,85.96,85.14,85.58
2026-04-19 05:00:00,85.57,85.8,85.4,85.48
2026-04-19 06:00:00,85.49,85.66,85.14,85.45
2026-04-19 07:00:00,85.45,85.45,84.43,84.88
2026-04-19 08:00:00,84.88,85.14,84.62,84.8
2026-04-19 09:00:00,84.8,85.08,84.57,84.59
2026-04-19 10:00:00,84.59,84.9,84.44,84.79
2026-04-19 11:00:00,84.79,85.71,84.76,85.6
2026-04-19 12:00:00,85.61,85.96,85.55,85.79
2026-04-19 13:00:00,85.79,86.96,85.76,86.33
2026-04-19 14:00:00,86.34,87.12,85.98,86.53
2026-04-19 15:00:00,86.53,86.67,85.59,86.36
2026-04-19 16:00:00,86.35,86.5,85.72,85.86
2026-04-19 17:00:00,85.85,85.99,85,85.13
2026-04-19 18:00:00,85.14,85.3,84.88,85.11
2026-04-19 19:00:00,85.1,85.55,85.1,85.33
2026-04-19 20:00:00,85.33,85.35,84.72,84.94
2026-04-19 21:00:00,84.95,85.24,84.61,84.7
2026-04-19 22:00:00,84.69,84.69,82.94,83.77
2026-04-19 23:00:00,83.76,83.77,83.32,83.47
2026-04-20 00:00:00,83.47,84.19,83.34,84
2026-04-20 01:00:00,84,84.56,83.96,84.35
2026-04-20 02:00:00,84.36,84.39,83.72,84.21
2026-04-20 03:00:00,84.21,84.62,84.13,84.59
2026-04-20 04:00:00,84.59,84.62,84.26,84.58
2026-04-20 05:00:00,84.58,84.59,83.75,83.87
2026-04-20 06:00:00,83.88,84.75,83.78,84.46
2026-04-20 07:00:00,84.47,85.76,84.44,84.73
2026-04-20 08:00:00,84.74,85.14,84.57,84.69
2026-04-20 09:00:00,84.68,85.26,84.64,85.08
2026-04-20 10:00:00,85.08,85.4,84.82,84.86
2026-04-20 11:00:00,84.85,85.37,84.78,85.07
2026-04-20 12:00:00,85.06,85.54,84.85,85.32
2026-04-20 13:00:00,85.32,85.54,84.87,85.31
2026-04-20 14:00:00,85.31,85.81,84.54,84.8
2026-04-20 15:00:00,84.8,85.88,84.42,85.86
2026-04-20 16:00:00,85.86,85.88,85.26,85.31
2026-04-20 17:00:00,85.31,86.12,85.25,85.69
2026-04-20 18:00:00,85.7,86.22,85.7,86.07
2026-04-20 19:00:00,86.07,86.11,85.77,85.8
2026-04-20 20:00:00,85.8,86.17,85.66,85.95
2026-04-20 21:00:00,85.95,86.21,85.58,85.79
2026-04-20 22:00:00,85.8,86.07,85.6,85.7
2026-04-20 23:00:00,85.71,85.71,85.21,85.28
2026-04-21 00:00:00,85.29,85.77,85.22,85.66
2026-04-21 01:00:00,85.66,85.83,85.35,85.43
2026-04-21 02:00:00,85.44,85.46,85.17,85.27
2026-04-21 03:00:00,85.26,85.55,85,85.17
2026-04-21 04:00:00,85.17,85.47,85.02,85.44
2026-04-21 05:00:00,85.43,85.83,85.41,85.67
2026-04-21 06:00:00,85.68,85.95,85.19,85.67
2026-04-21 07:00:00,85.68,85.98,85.41,85.71
2026-04-21 08:00:00,85.71,86.38,85.63,85.81
2026-04-21 09:00:00,85.8,85.91,85.52,85.89
2026-04-21 10:00:00,85.89,86.32,85.84,86.16
2026-04-21 11:00:00,86.16,86.17,85.72,85.85
2026-04-21 12:00:00,85.85,86.04,85.17,85.52
2026-04-21 13:00:00,85.51,85.85,85.3,85.81
2026-04-21 14:00:00,85.82,86.89,85.61,85.76
2026-04-21 15:00:00,85.77,86.28,85.4,86.05
2026-04-21 16:00:00,86.05,86.3,85.66,85.69
2026-04-21 17:00:00,85.7,85.8,84.73,85.31
2026-04-21 18:00:00,85.32,85.39,84.73,85.25
2026-04-21 19:00:00,85.24,85.72,84.31,84.57
2026-04-21 20:00:00,84.57,85.75,84.43,85.42
2026-04-21 21:00:00,85.42,85.59,85.01,85.16
2026-04-21 22:00:00,85.15,85.45,84.99,85.36
2026-04-21 23:00:00,85.35,86.13,85.34,86.03
2026-04-22 00:00:00,86.04,86.51,86.01,86.48
2026-04-22 01:00:00,86.49,86.53,86.09,86.27
2026-04-22 02:00:00,86.27,87.57,86.2,87.42
2026-04-22 03:00:00,87.42,87.87,87.12,87.24
2026-04-22 04:00:00,87.25,87.33,86.97,87.08
2026-04-22 05:00:00,87.08,88.33,87.01,88.02
2026-04-22 06:00:00,88.02,88.19,87.79,87.96
2026-04-22 07:00:00,87.96,88.27,87.7,88.05
2026-04-22 08:00:00,88.06,88.29,87.6,88.01
2026-04-22 09:00:00,88,88.88,87.83,88.3
2026-04-22 10:00:00,88.3,88.43,88.13,88.33
2026-04-22 11:00:00,88.34,88.5,88.16,88.31
2026-04-22 12:00:00,88.31,88.67,88.22,88.58
2026-04-22 13:00:00,88.58,89.18,88.44,89.1
2026-04-22 14:00:00,89.1,89.32,88.47,88.75
2026-04-22 15:00:00,88.74,88.81,87.99,88.18
2026-04-22 16:00:00,88.19,88.46,87.53,87.65
2026-04-22 17:00:00,87.65,88.02,87.63,87.83
2026-04-22 18:00:00,87.83,88.37,87.8,87.81
2026-04-22 19:00:00,87.82,87.83,87.09,87.37
2026-04-22 20:00:00,87.38,87.49,87.09,87.14
2026-04-22 21:00:00,87.14,87.67,87.12,87.6
2026-04-22 22:00:00,87.59,87.72,87.3,87.43
2026-04-22 23:00:00,87.43,87.47,86.81,86.87
2026-04-23 00:00:00,86.86,87.18,85.97,86.86
2026-04-23 01:00:00,86.87,86.87,86.12,86.44
2026-04-23 02:00:00,86.43,86.44,85.73,85.95
2026-04-23 03:00:00,85.94,86.09,85.48,85.79
2026-04-23 04:00:00,85.78,86,85.65,85.96
2026-04-23 05:00:00,85.96,86.13,85.51,85.87
2026-04-23 06:00:00,85.87,86.23,85.84,86.18
2026-04-23 07:00:00,86.19,86.24,85.86,85.9
2026-04-23 08:00:00,85.91,85.94,85.54,85.69
2026-04-23 09:00:00,85.68,85.69,85.25,85.51
2026-04-23 10:00:00,85.51,85.6,85.2,85.41
2026-04-23 11:00:00,85.42,85.9,85.36,85.81
2026-04-23 12:00:00,85.82,86.1,85.69,85.97
2026-04-23 13:00:00,85.97,86.04,85.57,85.77
2026-04-23 14:00:00,85.76,86.19,85.55,86.06
2026-04-23 15:00:00,86.05,86.66,85.81,86.35
2026-04-23 16:00:00,86.36,86.42,85.78,85.81
2026-04-23 17:00:00,85.82,85.88,84.48,85.34
2026-04-23 18:00:00,85.35,85.68,85.23,85.26
2026-04-23 19:00:00,85.26,85.58,85.15,85.3
2026-04-23 20:00:00,85.3,85.85,85.29,85.61
2026-04-23 21:00:00,85.61,86.01,85.52,85.79
2026-04-23 22:00:00,85.8,86.25,85.8,85.97
2026-04-23 23:00:00,85.96,86.2,85.58,86.12
2026-04-24 00:00:00,86.12,86.36,86.04,86.19
2026-04-24 01:00:00,86.19,86.32,85.82,86.28
2026-04-24 02:00:00,86.28,86.36,85.78,85.89
2026-04-24 03:00:00,85.89,85.94,85.4,85.69
2026-04-24 04:00:00,85.69,85.71,85.14,85.32
2026-04-24 05:00:00,85.31,85.82,85.15,85.7
2026-04-24 06:00:00,85.7,85.73,85.33,85.44
2026-04-24 07:00:00,85.44,85.62,85.34,85.51
2026-04-24 08:00:00,85.5,85.73,85.29,85.34
2026-04-24 09:00:00,85.35,85.48,84.92,85.48
2026-04-24 10:00:00,85.47,85.76,85.18,85.71
2026-04-24 11:00:00,85.72,86.28,85.71,86.19
2026-04-24 12:00:00,86.2,86.79,86.06,86.33
2026-04-24 13:00:00,86.34,86.6,85.86,86.09
2026-04-24 14:00:00,86.08,86.23,85.67,86.05
2026-04-24 15:00:00,86.05,86.56,85.53,86.52
2026-04-24 16:00:00,86.52,86.58,86.09,86.35
2026-04-24 17:00:00,86.34,86.56,86.12,86.49
2026-04-24 18:00:00,86.49,86.54,85.95,86.36
2026-04-24 19:00:00,86.37,86.53,86.25,86.33
2026-04-24 20:00:00,86.32,86.9,86.22,86.85
2026-04-24 21:00:00,86.85,86.94,86.36,86.46
2026-04-24 22:00:00,86.45,86.46,86.1,86.17
2026-04-24 23:00:00,86.18,86.3,86.15,86.18
2026-04-25 00:00:00,86.18,86.26,86.03,86.23
2026-04-25 01:00:00,86.23,86.36,86.13,86.27
2026-04-25 02:00:00,86.28,86.4,86.16,86.29
2026-04-25 03:00:00,86.28,86.5,86.27,86.46
2026-04-25 04:00:00,86.46,86.51,86.29,86.34
2026-04-25 05:00:00,86.34,86.34,86.11,86.2
2026-04-25 06:00:00,86.2,86.66,86.19,86.45
2026-04-25 07:00:00,86.45,86.51,86.25,86.36
2026-04-25 08:00:00,86.36,86.8,86.3,86.63
2026-04-25 09:00:00,86.62,86.8,86.57,86.58
2026-04-25 10:00:00,86.58,86.73,86.57,86.63
2026-04-25 11:00:00,86.63,86.64,86.25,86.36
2026-04-25 12:00:00,86.36,86.43,86.23,86.39
2026-04-25 13:00:00,86.39,86.67,86.38,86.61
2026-04-25 14:00:00,86.61,86.66,86.46,86.47
2026-04-25 15:00:00,86.46,86.64,86.1,86.22
2026-04-25 16:00:00,86.22,86.33,85.61,85.88
2026-04-25 17:00:00,85.88,85.88,85.55,85.57
2026-04-25 18:00:00,85.56,85.82,85.53,85.7
2026-04-25 19:00:00,85.69,85.72,85.55,85.68
2026-04-25 20:00:00,85.68,85.92,85.61,85.9
2026-04-25 21:00:00,85.9,86.11,85.74,85.91
2026-04-25 22:00:00,85.91,86.18,85.86,86.11
2026-04-25 23:00:00,86.11,86.2,86.04,86.18
2026-04-26 00:00:00,86.19,86.22,85.93,86.03
2026-04-26 01:00:00,86.03,86.13,85.97,85.97
2026-04-26 02:00:00,85.97,86.4,85.97,86.4
2026-04-26 03:00:00,86.4,86.46,85.84,85.99
2026-04-26 04:00:00,85.99,86.73,85.92,86.45
2026-04-26 05:00:00,86.44,86.7,86.15,86.45
2026-04-26 06:00:00,86.44,86.59,86.38,86.5
2026-04-26 07:00:00,86.5,86.63,86.44,86.62
2026-04-26 08:00:00,86.63,86.76,86.51,86.57
2026-04-26 09:00:00,86.57,86.59,86.46,86.55
2026-04-26 10:00:00,86.54,86.61,86.42,86.48
2026-04-26 11:00:00,86.47,86.64,86.46,86.48
2026-04-26 12:00:00,86.49,86.49,85.9,86.09
2026-04-26 13:00:00,86.09,86.27,85.97,86.12
2026-04-26 14:00:00,86.12,86.5,86.06,86.42
2026-04-26 15:00:00,86.42,86.59,86.36,86.56
2026-04-26 16:00:00,86.55,86.6,86.38,86.41
2026-04-26 17:00:00,86.42,86.59,86.27,86.53
2026-04-26 18:00:00,86.53,86.99,86.43,86.82
2026-04-26 19:00:00,86.82,87.2,86.68,86.88
2026-04-26 20:00:00,86.89,86.94,86.6,86.68
2026-04-26 21:00:00,86.69,87.14,86.19,86.83
2026-04-26 22:00:00,86.82,87.32,86.33,86.73
2026-04-26 23:00:00,86.73,87.17,86.53,86.93
2026-04-27 00:00:00,86.93,87.4,86.53,87.35
2026-04-27 01:00:00,87.34,87.87,87.25,87.82
2026-04-27 02:00:00,87.82,88.08,87.36,87.81
2026-04-27 03:00:00,87.81,88.07,87.69,87.72
2026-04-27 04:00:00,87.72,87.84,87.41,87.51
2026-04-27 05:00:00,87.52,87.54,85.8,85.95
2026-04-27 06:00:00,85.95,86.06,85.42,85.72
2026-04-27 07:00:00,85.72,85.79,85.26,85.27
2026-04-27 08:00:00,85.27,85.53,85.05,85.51
2026-04-27 09:00:00,85.51,85.63,85.15,85.49
2026-04-27 10:00:00,85.48,85.58,85.15,85.18
2026-04-27 11:00:00,85.19,85.28,85.07,85.26
2026-04-27 12:00:00,85.26,85.26,84.91,85.09
2026-04-27 13:00:00,85.09,85.38,84.72,85.13
2026-04-27 14:00:00,85.13,85.83,85,85.23
2026-04-27 15:00:00,85.23,85.24,83.63,84.17
2026-04-27 16:00:00,84.17,84.4,84.04,84.29
2026-04-27 17:00:00,84.28,84.69,84.27,84.47
2026-04-27 18:00:00,84.47,84.7,84.42,84.57
2026-04-27 19:00:00,84.57,84.66,83.83,84.19
2026-04-27 20:00:00,84.18,84.35,84.14,84.29
2026-04-27 21:00:00,84.28,84.51,84.11,84.27
2026-04-27 22:00:00,84.27,84.61,84.19,84.54
2026-04-27 23:00:00,84.53,84.9,84.46,84.82
2026-04-28 00:00:00,84.82,84.93,84.59,84.83
2026-04-28 01:00:00,84.82,84.87,84.39,84.4
2026-04-28 02:00:00,84.4,84.64,83.9,84.18
2026-04-28 03:00:00,84.17,84.2,84.02,84.17
2026-04-28 04:00:00,84.18,84.43,83.79,84.06
2026-04-28 05:00:00,84.06,84.43,84.02,84.2
2026-04-28 06:00:00,84.21,84.31,83.68,83.95
2026-04-28 07:00:00,83.95,84.06,83.65,84.02
2026-04-28 08:00:00,84.01,84.19,83.76,83.95
2026-04-28 09:00:00,83.95,83.97,83.42,83.64
2026-04-28 10:00:00,83.64,83.82,83.63,83.82
2026-04-28 11:00:00,83.82,83.85,83.3,83.42
2026-04-28 12:00:00,83.42,83.74,83.25,83.69
2026-04-28 13:00:00,83.68,84,83.2,83.55
2026-04-28 14:00:00,83.54,83.54,82.98,83.4
2026-04-28 15:00:00,83.41,83.51,83.22,83.46
2026-04-28 16:00:00,83.46,83.69,83.32,83.59
2026-04-28 17:00:00,83.58,83.81,83.37,83.61
2026-04-28 18:00:00,83.61,83.83,83.59,83.81
2026-04-28 19:00:00,83.81,84.02,83.7,83.89
2026-04-28 20:00:00,83.89,83.99,83.78,83.79
2026-04-28 21:00:00,83.78,83.95,83.62,83.73
2026-04-28 22:00:00,83.73,83.99,83.58,83.72
2026-04-28 23:00:00,83.72,84.15,83.65,84.06
2026-04-29 00:00:00,84.06,84.19,83.82,84.07
2026-04-29 01:00:00,84.06,84.22,83.81,84.1
2026-04-29 02:00:00,84.1,84.22,83.93,84.06
2026-04-29 03:00:00,84.05,84.74,84.05,84.59
2026-04-29 04:00:00,84.6,85.06,84.45,84.95
2026-04-29 05:00:00,84.96,85,84.71,84.85
2026-04-29 06:00:00,84.84,85,84.54,84.63
2026-04-29 07:00:00,84.63,84.86,84.6,84.71
2026-04-29 08:00:00,84.71,84.75,84.36,84.52
2026-04-29 09:00:00,84.51,85.56,83.2,85.29
2026-04-29 10:00:00,85.3,85.55,85.13,85.14
2026-04-29 11:00:00,85.14,85.16,84.8,84.91
2026-04-29 12:00:00,84.91,84.92,83.93,84.24
2026-04-29 13:00:00,84.24,84.28,83.65,84
2026-04-29 14:00:00,84.01,84.05,83.65,83.85
2026-04-29 15:00:00,83.85,83.93,83,83.26
2026-04-29 16:00:00,83.25,83.65,82.97,83.13
2026-04-29 17:00:00,83.14,83.37,82.74,83.36
2026-04-29 18:00:00,83.36,83.44,81.4,82.3
2026-04-29 19:00:00,82.3,82.36,82,82.19
2026-04-29 20:00:00,82.2,82.81,82.17,82.62
2026-04-29 21:00:00,82.62,83.22,82.52,82.91
2026-04-29 22:00:00,82.91,83.13,82.81,83.07
2026-04-29 23:00:00,83.07,83.11,82.82,83.04
2026-04-30 00:00:00,83.05,84.01,83.05,83.81
2026-04-30 01:00:00,83.8,84,83.66,83.75
2026-04-30 02:00:00,83.75,83.96,82.7,82.98
2026-04-30 03:00:00,82.98,83.24,82.86,83.06
2026-04-30 04:00:00,83.06,83.09,82.37,82.39
2026-04-30 05:00:00,82.4,82.79,82.16,82.57
2026-04-30 06:00:00,82.57,83.05,82.53,82.94
2026-04-30 07:00:00,82.95,83.39,82.9,83.35
2026-04-30 08:00:00,83.35,83.43,83.12,83.13
2026-04-30 09:00:00,83.12,83.55,83.06,83.15
2026-04-30 10:00:00,83.14,83.22,82.92,83
2026-04-30 11:00:00,83.01,83.39,82.79,83.01
2026-04-30 12:00:00,83.01,83.48,82.99,83.22
2026-04-30 13:00:00,83.22,83.56,82.88,83.21
2026-04-30 14:00:00,83.22,83.42,82.69,83.23
2026-04-30 15:00:00,83.23,83.83,83.03,83.36
2026-04-30 16:00:00,83.36,83.43,82.94,83.02
2026-04-30 17:00:00,83.02,83.14,82.87,83.04
2026-04-30 18:00:00,83.03,83.31,82.98,83.07
2026-04-30 19:00:00,83.06,83.29,83,83.04
2026-04-30 20:00:00,83.04,83.19,82.97,83.09
2026-04-30 21:00:00,83.1,83.14,82.83,82.85
2026-04-30 22:00:00,82.86,83.04,82.78,82.85
2026-04-30 23:00:00,82.85,83.09,82.85,83.09
2026-05-01 00:00:00,83.09,83.41,83.08,83.2
2026-05-01 01:00:00,83.2,83.69,83.19,83.61
2026-05-01 02:00:00,83.62,83.84,83.45,83.63
2026-05-01 03:00:00,83.62,84.38,83.56,83.89
2026-05-01 04:00:00,83.9,84.06,83.69,83.82
2026-05-01 05:00:00,83.81,84.23,83.74,84.05
2026-05-01 06:00:00,84.06,84.18,83.69,83.85
2026-05-01 07:00:00,83.86,83.97,83.67,83.96
2026-05-01 08:00:00,83.96,84.3,83.9,84.18
2026-05-01 09:00:00,84.18,84.19,83.89,83.97
2026-05-01 10:00:00,83.96,84.08,83.69,83.95
2026-05-01 11:00:00,83.96,84.22,83.87,84.01
2026-05-01 12:00:00,84.01,84.59,83.92,84.27
2026-05-01 13:00:00,84.27,84.86,84.24,84.6
2026-05-01 14:00:00,84.61,84.73,83.89,84.22
2026-05-01 15:00:00,84.21,84.62,84.01,84.47
2026-05-01 16:00:00,84.46,84.63,83.98,83.99
2026-05-01 17:00:00,83.99,84.28,83.92,84.23
2026-05-01 18:00:00,84.23,84.31,83.98,83.99
2026-05-01 19:00:00,83.99,84.07,83.79,83.9
2026-05-01 20:00:00,83.9,83.93,83.33,83.49
2026-05-01 21:00:00,83.48,83.8,83.41,83.72
2026-05-01 22:00:00,83.72,83.89,83.57,83.75
2026-05-01 23:00:00,83.74,83.9,83.56,83.76
2026-05-02 00:00:00,83.76,83.87,83.44,83.82
2026-05-02 01:00:00,83.83,84.05,83.77,84.03
2026-05-02 02:00:00,84.04,84.18,83.86,83.95
2026-05-02 03:00:00,83.94,83.98,83.7,83.82
2026-05-02 04:00:00,83.82,83.83,83.56,83.64
2026-05-02 05:00:00,83.64,83.75,83.54,83.7
2026-05-02 06:00:00,83.71,83.85,83.58,83.82
2026-05-02 07:00:00,83.83,83.86,83.72,83.74
2026-05-02 08:00:00,83.73,83.89,83.64,83.85
2026-05-02 09:00:00,83.85,84.17,83.83,84
2026-05-02 10:00:00,84.01,84.01,83.87,83.95
2026-05-02 11:00:00,83.94,83.94,83.52,83.7
2026-05-02 12:00:00,83.7,84.11,83.67,83.86
2026-05-02 13:00:00,83.87,84.08,83.86,83.94
2026-05-02 14:00:00,83.95,84.1,83.91,83.98
2026-05-02 15:00:00,83.98,84.07,83.93,84.04
2026-05-02 16:00:00,84.04,84.28,84.02,84.2
2026-05-02 17:00:00,84.2,84.21,84,84.05
2026-05-02 18:00:00,84.04,84.22,83.95,84.19
2026-05-02 19:00:00,84.2,84.31,84.17,84.22
2026-05-02 20:00:00,84.23,84.23,84.09,84.18
2026-05-02 21:00:00,84.19,84.97,84.15,84.55
2026-05-02 22:00:00,84.55,84.64,84.07,84.46
2026-05-02 23:00:00,84.45,84.51,84.22,84.26
2026-05-03 00:00:00,84.26,84.31,83.83,84.08
2026-05-03 01:00:00,84.08,84.08,83.72,83.75
2026-05-03 02:00:00,83.74,83.81,83.6,83.66
2026-05-03 03:00:00,83.66,83.74,83.58,83.67
2026-05-03 04:00:00,83.66,83.76,83.58,83.7
2026-05-03 05:00:00,83.7,83.86,83.67,83.76
2026-05-03 06:00:00,83.75,83.88,83.6,83.76
2026-05-03 07:00:00,83.76,84.02,83.75,83.88
2026-05-03 08:00:00,83.88,84.03,83.83,83.9
2026-05-03 09:00:00,83.89,84.11,83.88,84.06
2026-05-03 10:00:00,84.06,84.06,83.82,83.83
2026-05-03 11:00:00,83.82,84.2,83.75,83.96
2026-05-03 12:00:00,83.96,84.24,83.95,84.11
2026-05-03 13:00:00,84.11,84.22,83.99,84.1
2026-05-03 14:00:00,84.1,84.45,84.1,84.37
2026-05-03 15:00:00,84.37,84.44,84.11,84.16
2026-05-03 16:00:00,84.16,84.29,84.01,84.14
2026-05-03 17:00:00,84.15,84.33,84,84.2
2026-05-03 18:00:00,84.2,84.32,84.11,84.26
2026-05-03 19:00:00,84.26,84.5,84.24,84.38
2026-05-03 20:00:00,84.37,84.73,84.25,84.34
2026-05-03 21:00:00,84.34,84.46,83.88,84.14
2026-05-03 22:00:00,84.14,84.97,84.14,84.68
2026-05-03 23:00:00,84.67,84.79,83.87,83.91
2026-05-04 00:00:00,83.91,83.91,83.35,83.78
2026-05-04 01:00:00,83.78,84.93,83.43,84.77
2026-05-04 02:00:00,84.77,85.67,84.74,85.26
2026-05-04 03:00:00,85.26,85.58,85.11,85.41
2026-05-04 04:00:00,85.4,85.9,85.38,85.76
2026-05-04 05:00:00,85.77,85.8,85.28,85.38
2026-05-04 06:00:00,85.39,85.41,84.51,84.88
2026-05-04 07:00:00,84.88,85.01,84.68,84.87
2026-05-04 08:00:00,84.87,84.91,84.62,84.77
2026-05-04 09:00:00,84.77,85.2,84.68,85.03
2026-05-04 10:00:00,85.04,85.07,83.23,84.04
2026-05-04 11:00:00,84.04,84.15,83.83,83.95
2026-05-04 12:00:00,83.96,84.16,83.85,83.9
2026-05-04 13:00:00,83.89,84.34,83.59,84
2026-05-04 14:00:00,84,85.32,83.78,84.99
2026-05-04 15:00:00,84.99,85.18,83.99,84.47
2026-05-04 16:00:00,84.47,84.8,83.98,84.49
2026-05-04 17:00:00,84.48,85.19,84.48,84.93
2026-05-04 18:00:00,84.94,85.04,84.58,84.74
2026-05-04 19:00:00,84.74,84.76,84.36,84.44
2026-05-04 20:00:00,84.45,84.47,84.06,84.09
2026-05-04 21:00:00,84.09,84.51,84.08,84.43
2026-05-04 22:00:00,84.42,84.56,84.18,84.22
2026-05-04 23:00:00,84.22,84.23,84.02,84.1
2026-05-05 00:00:00,84.11,84.38,84.04,84.33
2026-05-05 01:00:00,84.33,84.47,84.14,84.41
2026-05-05 02:00:00,84.41,84.8,84.34,84.51
2026-05-05 03:00:00,84.51,84.97,84.41,84.78
2026-05-05 04:00:00,84.77,84.9,84.59,84.78
2026-05-05 05:00:00,84.78,85.12,84.72,84.92
2026-05-05 06:00:00,84.93,85,84.54,84.98
2026-05-05 07:00:00,84.99,85.06,84.78,84.87
2026-05-05 08:00:00,84.88,84.91,84.69,84.78
2026-05-05 09:00:00,84.79,84.8,84.45,84.53
2026-05-05 10:00:00,84.54,84.93,84.43,84.9
2026-05-05 11:00:00,84.9,85.01,84.7,84.97
2026-05-05 12:00:00,84.97,85.35,84.9,85.31
2026-05-05 13:00:00,85.31,86.1,85.31,85.63
2026-05-05 14:00:00,85.63,85.75,85.19,85.48
2026-05-05 15:00:00,85.47,85.88,85.35,85.5
2026-05-05 16:00:00,85.5,85.7,85,85.31
2026-05-05 17:00:00,85.32,85.53,85.12,85.45
2026-05-05 18:00:00,85.46,85.88,85.43,85.87
2026-05-05 19:00:00,85.87,86.56,85.8,86.49
2026-05-05 20:00:00,86.49,86.9,86.42,86.64
2026-05-05 21:00:00,86.65,86.93,86.26,86.72
2026-05-05 22:00:00,86.71,86.98,86.2,86.58
2026-05-05 23:00:00,86.57,86.67,86.17,86.29
2026-05-06 00:00:00,86.29,86.55,86.1,86.38
2026-05-06 01:00:00,86.38,87,86.31,86.86
2026-05-06 02:00:00,86.86,86.93,86.39,86.88
2026-05-06 03:00:00,86.89,87.51,86.88,87.33
2026-05-06 04:00:00,87.34,87.43,86.67,86.81
2026-05-06 05:00:00,86.8,87.46,86.75,87.41
2026-05-06 06:00:00,87.4,87.54,87.17,87.49
2026-05-06 07:00:00,87.49,87.89,87.46,87.7
2026-05-06 08:00:00,87.71,89.22,87.64,89.02
2026-05-06 09:00:00,89.02,89.54,88.59,89.48
2026-05-06 10:00:00,89.48,89.69,89.21,89.38
2026-05-06 11:00:00,89.38,90.03,89.31,89.87
2026-05-06 12:00:00,89.87,89.97,89.5,89.66
2026-05-06 13:00:00,89.66,89.66,88.07,88.33
2026-05-06 14:00:00,88.33,88.85,87.47,88.4
2026-05-06 15:00:00,88.4,89.06,88.3,88.97
2026-05-06 16:00:00,88.97,89.51,88.59,89.18
2026-05-06 17:00:00,89.18,89.44,88.53,88.83
2026-05-06 18:00:00,88.83,89.15,88.5,88.99
2026-05-06 19:00:00,88.98,89.32,88.9,89.27
2026-05-06 20:00:00,89.27,89.62,88.92,89.19
2026-05-06 21:00:00,89.19,89.6,89.07,89.47
2026-05-06 22:00:00,89.48,89.57,89.01,89.07
2026-05-06 23:00:00,89.07,89.18,88.65,89.16
2026-05-07 00:00:00,89.16,89.27,88.21,88.32
2026-05-07 01:00:00,88.32,88.53,87.9,88.31
2026-05-07 02:00:00,88.31,88.37,87.8,88.15
2026-05-07 03:00:00,88.14,88.15,87.63,87.75
2026-05-07 04:00:00,87.75,88.38,87.69,88.36
2026-05-07 05:00:00,88.37,88.91,88.32,88.65
2026-05-07 06:00:00,88.66,89.28,88.22,89.27
2026-05-07 07:00:00,89.28,90.44,89.14,90.16
2026-05-07 08:00:00,90.17,90.27,89.48,89.58
2026-05-07 09:00:00,89.59,89.6,89.2,89.46
2026-05-07 10:00:00,89.46,89.53,88.76,89.17
2026-05-07 11:00:00,89.17,89.69,89.17,89.57
2026-05-07 12:00:00,89.56,90.1,89.52,89.77
2026-05-07 13:00:00,89.76,89.76,88.38,88.68
2026-05-07 14:00:00,88.67,88.91,87.83,88.15
2026-05-07 15:00:00,88.15,88.58,87.79,88.32
2026-05-07 16:00:00,88.32,88.79,88.08,88.43
2026-05-07 17:00:00,88.44,88.86,87.96,88.8
2026-05-07 18:00:00,88.8,89.05,88.24,88.58
2026-05-07 19:00:00,88.58,88.74,88.22,88.45
2026-05-07 20:00:00,88.45,88.88,88.04,88.07
2026-05-07 21:00:00,88.07,88.23,87.67,87.97
2026-05-07 22:00:00,87.97,88.22,87.68,88.1
2026-05-07 23:00:00,88.09,88.48,88.06,88.42
2026-05-08 00:00:00,88.43,88.65,88.1,88.27
2026-05-08 01:00:00,88.27,88.37,87.92,88.13
2026-05-08 02:00:00,88.14,88.35,87.6,88.06
2026-05-08 03:00:00,88.06,88.37,87.63,88.22
2026-05-08 04:00:00,88.23,88.37,88.01,88.18
2026-05-08 05:00:00,88.17,88.42,88.05,88.05
2026-05-08 06:00:00,88.05,88.29,87.83,88.05
2026-05-08 07:00:00,88.05,88.23,87.65,88.22
2026-05-08 08:00:00,88.23,88.63,88.01,88.38
2026-05-08 09:00:00,88.38,88.72,88.23,88.44
2026-05-08 10:00:00,88.44,89.1,88.28,88.63
2026-05-08 11:00:00,88.64,88.74,88.47,88.64
2026-05-08 12:00:00,88.64,88.87,88.37,88.46
2026-05-08 13:00:00,88.47,88.56,88.01,88.34
2026-05-08 14:00:00,88.34,89.38,88.34,89.15
2026-05-08 15:00:00,89.16,89.6,88.43,89.59
2026-05-08 16:00:00,89.6,89.79,89.34,89.59
2026-05-08 17:00:00,89.6,91.95,89.56,91.65
2026-05-08 18:00:00,91.66,92.56,91.65,92.32
2026-05-08 19:00:00,92.32,92.8,92.04,92.6
2026-05-08 20:00:00,92.61,92.67,92.01,92.11
2026-05-08 21:00:00,92.12,92.39,91.75,92.3
2026-05-08 22:00:00,92.31,92.71,92.25,92.3
2026-05-08 23:00:00,92.3,92.3,91.73,92.01
2026-05-09 00:00:00,92.02,92.62,91.85,92.48
2026-05-09 01:00:00,92.48,93.91,92.42,93.51
2026-05-09 02:00:00,93.52,93.8,93.3,93.51
2026-05-09 03:00:00,93.51,93.77,93.41,93.64
2026-05-09 04:00:00,93.65,94.17,93.12,93.24
2026-05-09 05:00:00,93.24,93.78,92.84,93.75
2026-05-09 06:00:00,93.75,94.13,93.21,93.54
2026-05-09 07:00:00,93.54,94,93.34,93.76
2026-05-09 08:00:00,93.76,93.95,93.66,93.72
2026-05-09 09:00:00,93.71,93.71,93.05,93.29
2026-05-09 10:00:00,93.29,93.6,93.09,93.38
2026-05-09 11:00:00,93.38,93.69,93.33,93.62
2026-05-09 12:00:00,93.61,93.74,93.27,93.45
2026-05-09 13:00:00,93.45,93.47,93.01,93.47
2026-05-09 14:00:00,93.46,93.47,92.77,92.88
2026-05-09 15:00:00,92.88,93.01,92.39,93.01
2026-05-09 16:00:00,93.01,93.31,92.69,92.76
2026-05-09 17:00:00,92.77,93.48,92.76,93.21
2026-05-09 18:00:00,93.21,93.65,93.15,93.37
2026-05-09 19:00:00,93.37,93.58,93.22,93.51
2026-05-09 20:00:00,93.51,93.51,93.15,93.26
2026-05-09 21:00:00,93.25,93.56,93.25,93.49
2026-05-09 22:00:00,93.5,93.53,93.22,93.33
2026-05-09 23:00:00,93.33,93.49,93.05,93.13
2026-05-10 00:00:00,93.12,93.34,92.92,93.03
2026-05-10 01:00:00,93.03,93.03,92.6,92.97
2026-05-10 02:00:00,92.96,93.11,92.81,93.04
2026-05-10 03:00:00,93.05,93.51,92.98,93.42
2026-05-10 04:00:00,93.41,93.5,93.24,93.35
2026-05-10 05:00:00,93.36,93.5,93.24,93.34
2026-05-10 06:00:00,93.34,93.46,93.25,93.41
2026-05-10 07:00:00,93.41,93.63,93.37,93.46
2026-05-10 08:00:00,93.46,94.09,93.42,94.06
2026-05-10 09:00:00,94.06,94.8,94.06,94.3
2026-05-10 10:00:00,94.31,94.37,93.59,93.87
2026-05-10 11:00:00,93.86,94.02,92.91,93.55
2026-05-10 12:00:00,93.56,93.62,93.2,93.32
2026-05-10 13:00:00,93.31,93.94,93.24,93.77
2026-05-10 14:00:00,93.76,94.13,93.68,93.89
2026-05-10 15:00:00,93.89,94.73,93.89,94.53
2026-05-10 16:00:00,94.53,94.98,94.18,94.84
2026-05-10 17:00:00,94.84,96.5,94.84,96.49
2026-05-10 18:00:00,96.49,97,96.12,96.44
2026-05-10 19:00:00,96.43,96.88,95.75,96.47
2026-05-10 20:00:00,96.47,96.6,93.43,94.52
2026-05-10 21:00:00,94.51,95.6,94.47,95.08
2026-05-10 22:00:00,95.07,96.36,94.89,96.23
2026-05-10 23:00:00,96.24,96.86,95.99,96.47
2026-05-11 00:00:00,96.46,96.67,95.33,95.79
2026-05-11 01:00:00,95.79,96.4,95.32,96.05
2026-05-11 02:00:00,96.05,96.14,95.19,95.3
2026-05-11 03:00:00,95.3,95.34,94.46,94.76
2026-05-11 04:00:00,94.76,95.21,94.43,94.97
2026-05-11 05:00:00,94.97,95.88,94.94,95.71
2026-05-11 06:00:00,95.71,96.16,95.42,95.49
2026-05-11 07:00:00,95.5,95.58,95.17,95.33
2026-05-11 08:00:00,95.34,95.37,94.58,94.79
2026-05-11 09:00:00,94.78,95.35,94.76,95.3
2026-05-11 10:00:00,95.3,95.57,95.05,95.07
2026-05-11 11:00:00,95.06,95.49,94.89,95.25
2026-05-11 12:00:00,95.26,95.39,94.67,94.81
2026-05-11 13:00:00,94.8,95.48,94.56,95.23
2026-05-11 14:00:00,95.22,95.87,94.3,95.17
2026-05-11 15:00:00,95.18,96.8,94.9,96.8
2026-05-11 16:00:00,96.79,98,96.5,97.35
2026-05-11 17:00:00,97.34,97.97,96.9,97.77
2026-05-11 18:00:00,97.77,98.1,97.26,97.29
2026-05-11 19:00:00,97.29,98.39,97.01,98.19
2026-05-11 20:00:00,98.19,98.41,97.61,97.63
2026-05-11 21:00:00,97.64,97.81,97.33,97.41
2026-05-11 22:00:00,97.41,97.84,97.36,97.65
2026-05-11 23:00:00,97.65,97.65,97.1,97.37
2026-05-12 00:00:00,97.37,97.68,97.18,97.54
2026-05-12 01:00:00,97.54,97.67,95.54,96.28
2026-05-12 02:00:00,96.29,96.72,96.14,96.55
2026-05-12 03:00:00,96.55,96.64,96.05,96.14
2026-05-12 04:00:00,96.14,96.5,96.07,96.36
2026-05-12 05:00:00,96.37,96.77,96.23,96.58
2026-05-12 06:00:00,96.58,97,96.16,96.21
2026-05-12 07:00:00,96.2,96.31,95.82,96.05
2026-05-12 08:00:00,96.05,96.15,95.4,95.65
2026-05-12 09:00:00,95.65,96.06,95.29,95.78
2026-05-12 10:00:00,95.78,95.97,94.94,95
2026-05-12 11:00:00,95,95.05,94.6,94.98
2026-05-12 12:00:00,94.97,95.56,94.39,95.22
2026-05-12 13:00:00,95.22,95.4,94.55,94.7
2026-05-12 14:00:00,94.71,95.24,94.38,94.54
2026-05-12 15:00:00,94.55,94.78,93.55,93.85
2026-05-12 16:00:00,93.85,94.32,93.6,93.83
2026-05-12 17:00:00,93.84,94.68,93.82,94.52
2026-05-12 18:00:00,94.51,95.01,94.35,94.56
2026-05-12 19:00:00,94.56,95,94.56,94.92
2026-05-12 20:00:00,94.92,94.98,94.62,94.74
2026-05-12 21:00:00,94.75,94.86,94.54,94.67
2026-05-12 22:00:00,94.68,95.05,94.64,94.67
2026-05-12 23:00:00,94.67,94.75,94.23,94.28
2026-05-13 00:00:00,94.28,94.64,94.05,94.48
2026-05-13 01:00:00,94.48,95.44,94.48,95.2
2026-05-13 02:00:00,95.2,95.57,95.02,95.25
2026-05-13 03:00:00,95.24,95.59,95.08,95.56
2026-05-13 04:00:00,95.56,95.99,95.43,95.5
2026-05-13 05:00:00,95.49,95.51,95.1,95.26
2026-05-13 06:00:00,95.26,95.7,95.12,95.14
2026-05-13 07:00:00,95.14,95.31,94.88,95.14
2026-05-13 08:00:00,95.14,95.77,95.02,95.57
2026-05-13 09:00:00,95.57,95.89,95.57,95.73
2026-05-13 10:00:00,95.73,95.78,94.74,94.79
2026-05-13 11:00:00,94.8,94.83,94.25,94.33
2026-05-13 12:00:00,94.33,94.64,92.24,93.16
2026-05-13 13:00:00,93.17,93.44,91.95,92.28
2026-05-13 14:00:00,92.29,92.33,91.38,91.78
2026-05-13 15:00:00,91.77,91.94,90.27,90.43
2026-05-13 16:00:00,90.43,91.26,90.41,90.87
2026-05-13 17:00:00,90.87,91.16,90.71,90.89
2026-05-13 18:00:00,90.9,91.41,90.77,90.93
2026-05-13 19:00:00,90.93,91.02,90.49,90.96
2026-05-13 20:00:00,90.95,91.35,90.93,91.24
2026-05-13 21:00:00,91.25,91.27,90.73,90.89
2026-05-13 22:00:00,90.9,91.25,90.64,91.18
2026-05-13 23:00:00,91.17,91.33,91.06,91.17
2026-05-14 00:00:00,91.17,91.42,91.07,91.21
2026-05-14 01:00:00,91.21,91.37,91,91.16
2026-05-14 02:00:00,91.16,91.26,90.46,90.58
2026-05-14 03:00:00,90.58,90.78,89.82,89.93
2026-05-14 04:00:00,89.93,90.62,89.86,90.48
2026-05-14 05:00:00,90.48,91.47,90.4,91.29
2026-05-14 06:00:00,91.29,91.47,91.16,91.41
2026-05-14 07:00:00,91.42,92.02,90.69,90.88
2026-05-14 08:00:00,90.88,91.3,90.67,91.06
2026-05-14 09:00:00,91.07,91.15,90.59,90.86
2026-05-14 10:00:00,90.86,91.14,90.66,91.05
2026-05-14 11:00:00,91.05,91.1,90.62,90.64
2026-05-14 12:00:00,90.64,91.29,90.54,91.22
2026-05-14 13:00:00,91.22,91.5,90.74,90.78
2026-05-14 14:00:00,90.78,92.35,90.63,92.28
2026-05-14 15:00:00,92.29,93.25,91.96,93.16
2026-05-14 16:00:00,93.16,93.68,92.34,93.33
2026-05-14 17:00:00,93.32,93.59,92.29,93.02
2026-05-14 18:00:00,93.01,93.64,92.7,93.43
2026-05-14 19:00:00,93.44,93.64,92.8,92.9
2026-05-14 20:00:00,92.91,93,92.37,92.73
2026-05-14 21:00:00,92.73,92.95,92.54,92.7
2026-05-14 22:00:00,92.71,92.92,92.57,92.66
2026-05-14 23:00:00,92.65,92.67,92.11,92.15
2026-05-15 00:00:00,92.16,92.66,92.1,92.43
2026-05-15 01:00:00,92.43,92.55,91.69,91.74
2026-05-15 02:00:00,91.75,92.44,91.47,92.36
2026-05-15 03:00:00,92.36,92.47,91.88,92.06
2026-05-15 04:00:00,92.05,92.05,91.27,91.28
2026-05-15 05:00:00,91.29,91.54,90.26,90.6
2026-05-15 06:00:00,90.6,91.08,90.47,91.02
2026-05-15 07:00:00,91.02,91.72,90.94,91.6
2026-05-15 08:00:00,91.61,91.65,90.94,91.27
2026-05-15 09:00:00,91.27,91.33,90.92,91.17
2026-05-15 10:00:00,91.17,91.57,91.01,91.47
2026-05-15 11:00:00,91.47,91.54,91.18,91.27
2026-05-15 12:00:00,91.26,91.27,90.57,90.66
2026-05-15 13:00:00,90.66,90.66,88.69,88.9
2026-05-15 14:00:00,88.91,89.55,88.55,89.06
2026-05-15 15:00:00,89.05,89.28,88.7,89.04
2026-05-15 16:00:00,89.04,89.7,88.81,89.5
2026-05-15 17:00:00,89.51,89.9,89.49,89.82
2026-05-15 18:00:00,89.81,90.09,89.47,89.8
2026-05-15 19:00:00,89.79,89.8,89.35,89.42
2026-05-15 20:00:00,89.41,89.5,89.08,89.28
2026-05-15 21:00:00,89.28,89.43,89,89.05
2026-05-15 22:00:00,89.06,89.36,89.05,89.33
2026-05-15 23:00:00,89.33,89.39,89.21,89.24
2026-05-16 00:00:00,89.23,89.44,89.14,89.22
2026-05-16 01:00:00,89.22,89.35,88.95,89.3
2026-05-16 02:00:00,89.3,89.39,88.97,89.2
2026-05-16 03:00:00,89.2,89.27,89,89.05
2026-05-16 04:00:00,89.05,89.09,88.19,88.86
2026-05-16 05:00:00,88.86,88.93,88.28,88.57
2026-05-16 06:00:00,88.58,88.66,87.81,88.01
2026-05-16 07:00:00,88.01,88.01,86.72,87.47
2026-05-16 08:00:00,87.46,87.62,87.33,87.48
2026-05-16 09:00:00,87.48,87.51,85.78,86.05
2026-05-16 10:00:00,86.04,86.15,85.52,86.01
2026-05-16 11:00:00,86.02,86.33,86.02,86.11
2026-05-16 12:00:00,86.12,86.44,86.01,86.26
2026-05-16 13:00:00,86.26,86.35,86.11,86.26
2026-05-16 14:00:00,86.26,86.71,86.07,86.4
2026-05-16 15:00:00,86.39,86.67,86.27,86.5
2026-05-16 16:00:00,86.49,86.78,86.37,86.63
2026-05-16 17:00:00,86.64,86.96,86.63,86.81
2026-05-16 18:00:00,86.81,86.97,86.6,86.81
2026-05-16 19:00:00,86.81,86.85,86.65,86.69
2026-05-16 20:00:00,86.69,86.88,86.66,86.68
2026-05-16 21:00:00,86.67,86.77,86.49,86.59
2026-05-16 22:00:00,86.59,86.69,86.45,86.54
2026-05-16 23:00:00,86.53,86.7,86.49,86.54
2026-05-17 00:00:00,86.53,86.72,85.97,86.13
2026-05-17 01:00:00,86.12,86.34,85.59,85.75
2026-05-17 02:00:00,85.76,86.27,85.76,86
2026-05-17 03:00:00,86.01,86.63,85.99,86.53
2026-05-17 04:00:00,86.52,86.98,86.47,86.86
2026-05-17 05:00:00,86.87,87.29,86.85,86.91
2026-05-17 06:00:00,86.9,87.01,86.71,86.85
2026-05-17 07:00:00,86.85,87.1,86.78,86.97
2026-05-17 08:00:00,86.98,87.03,86.6,86.83
2026-05-17 09:00:00,86.82,87.02,86.72,86.89
2026-05-17 10:00:00,86.9,87.26,86.81,87
2026-05-17 11:00:00,86.99,87.02,86.78,86.89
2026-05-17 12:00:00,86.89,87.02,86.72,86.76
2026-05-17 13:00:00,86.76,86.78,86.3,86.41
2026-05-17 14:00:00,86.41,86.46,85.95,86.31
2026-05-17 15:00:00,86.31,86.49,86.17,86.46
2026-05-17 16:00:00,86.46,86.69,86.11,86.3
2026-05-17 17:00:00,86.31,86.36,86,86.24
2026-05-17 18:00:00,86.24,86.44,86.02,86.43
2026-05-17 19:00:00,86.43,86.94,86.43,86.79
2026-05-17 20:00:00,86.8,86.85,86.57,86.68
2026-05-17 21:00:00,86.68,86.97,86.6,86.94
2026-05-17 22:00:00,86.93,86.93,86,86.23
2026-05-17 23:00:00,86.24,86.25,83.5,85.24
2026-05-18 00:00:00,85.23,85.36,84.4,85.36
2026-05-18 01:00:00,85.35,85.47,84.54,84.98
2026-05-18 02:00:00,84.98,85.35,84.72,84.89
2026-05-18 03:00:00,84.88,85.25,84.69,84.85
2026-05-18 04:00:00,84.85,85.3,84.58,85.26
2026-05-18 05:00:00,85.26,85.36,84.64,84.86
2026-05-18 06:00:00,84.86,84.98,84.27,84.74
2026-05-18 07:00:00,84.74,85.01,84.41,84.76
2026-05-18 08:00:00,84.76,85.01,84.6,84.91
2026-05-18 09:00:00,84.9,84.93,84.46,84.49
2026-05-18 10:00:00,84.49,84.51,84.21,84.26
2026-05-18 11:00:00,84.27,85.32,84.08,84.96
2026-05-18 12:00:00,84.97,85.8,84.97,85.57
2026-05-18 13:00:00,85.57,85.57,84.33,84.69
2026-05-18 14:00:00,84.69,84.69,83.72,83.98
2026-05-18 15:00:00,83.98,84.4,83.62,84.2
2026-05-18 16:00:00,84.21,84.55,83.99,84.33
2026-05-18 17:00:00,84.33,84.7,84.25,84.41
2026-05-18 18:00:00,84.41,84.43,83.5,83.53
2026-05-18 19:00:00,83.53,85.23,83.51,84.99
2026-05-18 20:00:00,85,85.41,84.85,84.93
2026-05-18 21:00:00,84.93,85.67,84.79,85.57
2026-05-18 22:00:00,85.58,85.77,85.27,85.46
2026-05-18 23:00:00,85.45,85.64,85.26,85.38
2026-05-19 00:00:00,85.38,85.97,85.32,85.58
2026-05-19 01:00:00,85.58,85.6,84.9,84.9
2026-05-19 02:00:00,84.9,85.3,84.62,84.86
2026-05-19 03:00:00,84.85,85.23,84.73,85.07
2026-05-19 04:00:00,85.08,85.31,84.79,85.15
2026-05-19 05:00:00,85.15,85.28,84.47,85.19
2026-05-19 06:00:00,85.18,85.62,85.12,85.26
2026-05-19 07:00:00,85.27,85.64,85.13,85.51
2026-05-19 08:00:00,85.51,85.59,85.04,85.25
2026-05-19 09:00:00,85.24,85.31,84.5,84.77
2026-05-19 10:00:00,84.76,84.88,84.31,84.7
2026-05-19 11:00:00,84.71,84.83,84.27,84.39
2026-05-19 12:00:00,84.39,84.79,84.3,84.78
2026-05-19 13:00:00,84.78,85.1,84.39,84.8
2026-05-19 14:00:00,84.8,84.94,83.7,84.11
2026-05-19 15:00:00,84.12,84.58,84.03,84.37
2026-05-19 16:00:00,84.38,84.91,84.15,84.85
2026-05-19 17:00:00,84.85,85.04,84.47,84.68
2026-05-19 18:00:00,84.68,84.8,84.25,84.37
2026-05-19 19:00:00,84.37,84.74,84.22,84.35
2026-05-19 20:00:00,84.36,84.58,84.3,84.51
2026-05-19 21:00:00,84.52,84.66,84.39,84.44
2026-05-19 22:00:00,84.43,84.43,84,84.1
2026-05-19 23:00:00,84.1,84.59,84.03,84.29
2026-05-20 00:00:00,84.3,84.41,83.92,84.23
2026-05-20 01:00:00,84.23,84.54,83.85,84.36
2026-05-20 02:00:00,84.36,84.49,83.93,83.99
2026-05-20 03:00:00,83.99,84.28,83.86,84.1
2026-05-20 04:00:00,84.1,84.23,83.88,84.23
2026-05-20 05:00:00,84.23,84.95,84.22,84.78
2026-05-20 06:00:00,84.77,85.02,84.72,84.99
2026-05-20 07:00:00,84.99,85.13,84.7,84.77
2026-05-20 08:00:00,84.76,85.19,84.72,84.98
2026-05-20 09:00:00,84.99,85.1,84.85,84.9
2026-05-20 10:00:00,84.89,85.21,84.88,84.98
2026-05-20 11:00:00,84.98,85.06,84.58,84.7
2026-05-20 12:00:00,84.7,85.33,84.62,85.1
2026-05-20 13:00:00,85.1,85.15,84.19,84.69
2026-05-20 14:00:00,84.69,86.16,84.33,85.86
2026-05-20 15:00:00,85.85,86.27,85.43,85.92
2026-05-20 16:00:00,85.92,86.85,85.54,86.49
2026-05-20 17:00:00,86.49,87.09,86.32,86.52
2026-05-20 18:00:00,86.52,86.58,85.53,85.83
2026-05-20 19:00:00,85.83,86.29,85.61,86.16
2026-05-20 20:00:00,86.16,86.24,85.55,86.18
2026-05-20 21:00:00,86.17,86.33,85.95,85.99
2026-05-20 22:00:00,85.98,86.24,85.64,86.04
2026-05-20 23:00:00,86.03,86.18,85.88,86.17
2026-05-21 00:00:00,86.17,86.83,86.11,86.64
2026-05-21 01:00:00,86.64,87.06,86.39,86.54
2026-05-21 02:00:00,86.54,86.88,86.44,86.61
2026-05-21 03:00:00,86.61,86.91,86.54,86.85
2026-05-21 04:00:00,86.85,87.22,86.76,86.98
2026-05-21 05:00:00,86.98,87.11,86.36,86.51
2026-05-21 06:00:00,86.51,86.62,86.2,86.31
2026-05-21 07:00:00,86.31,86.73,86.26,86.64
2026-05-21 08:00:00,86.64,87.27,86.63,86.86
2026-05-21 09:00:00,86.86,87.06,86.46,86.5
2026-05-21 10:00:00,86.49,86.68,85.71,85.74
2026-05-21 11:00:00,85.75,85.94,85.57,85.58
2026-05-21 12:00:00,85.58,85.85,85.42,85.75
2026-05-21 13:00:00,85.75,86.13,85.32,86.07
2026-05-21 14:00:00,86.07,86.47,85.62,86.01
2026-05-21 15:00:00,86.01,86.9,85.9,86.46
2026-05-21 16:00:00,86.46,86.59,86.04,86.26
2026-05-21 17:00:00,86.27,88,86.18,87.59
2026-05-21 18:00:00,87.59,87.79,86.78,87.07
2026-05-21 19:00:00,87.07,87.88,87.07,87.83
2026-05-21 20:00:00,87.83,87.92,87.49,87.55
2026-05-21 21:00:00,87.56,87.71,87.31,87.35
2026-05-21 22:00:00,87.35,87.5,87.13,87.19
2026-05-21 23:00:00,87.19,87.38,87.02,87.36
2026-05-22 00:00:00,87.35,87.36,86.81,86.85
2026-05-22 01:00:00,86.84,87.1,86.59,87.08
2026-05-22 02:00:00,87.08,87.26,86.99,87.17
2026-05-22 03:00:00,87.17,87.31,86.92,87.03
2026-05-22 04:00:00,87.04,87.38,86.93,86.98
2026-05-22 05:00:00,86.98,87.15,86.73,86.81
2026-05-22 06:00:00,86.81,86.85,86.52,86.71
2026-05-22 07:00:00,86.72,87.15,86.53,86.97
2026-05-22 08:00:00,86.98,87.53,86.87,87.14
2026-05-22 09:00:00,87.15,87.4,87.05,87.27
2026-05-22 10:00:00,87.26,87.28,86.89,86.99
2026-05-22 11:00:00,87,87.33,86.72,87.32
2026-05-22 12:00:00,87.33,87.77,87.25,87.76
2026-05-22 13:00:00,87.76,87.85,87.1,87.4
2026-05-22 14:00:00,87.39,87.39,86.37,86.62
2026-05-22 15:00:00,86.61,86.98,86.27,86.77
2026-05-22 16:00:00,86.76,87,86.66,86.92
2026-05-22 17:00:00,86.92,87.19,86.5,86.63
2026-05-22 18:00:00,86.63,86.69,84.62,85.46
2026-05-22 19:00:00,85.46,85.63,84,84.55
2026-05-22 20:00:00,84.55,85.07,84.55,85
2026-05-22 21:00:00,84.99,85.28,84.93,85.17
2026-05-22 22:00:00,85.17,85.22,84.78,84.96
2026-05-22 23:00:00,84.95,85.15,84,84.4
2026-05-23 00:00:00,84.4,84.55,84.07,84.44
2026-05-23 01:00:00,84.44,84.65,84.32,84.53
2026-05-23 02:00:00,84.53,84.86,84.21,84.54
2026-05-23 03:00:00,84.53,84.75,84.49,84.68
2026-05-23 04:00:00,84.69,84.72,84.35,84.42
2026-05-23 05:00:00,84.41,84.47,84.18,84.46
2026-05-23 06:00:00,84.45,84.49,84.18,84.27
2026-05-23 07:00:00,84.27,84.33,81.5,82.25
2026-05-23 08:00:00,82.25,82.36,81.63,82.13
2026-05-23 09:00:00,82.13,82.25,81.99,82.01
2026-05-23 10:00:00,82.01,82.39,82.01,82.26
2026-05-23 11:00:00,82.27,82.49,82.23,82.31
2026-05-23 12:00:00,82.3,82.56,82.15,82.49
2026-05-23 13:00:00,82.5,83.49,82.49,83.22
2026-05-23 14:00:00,83.23,84.47,83.1,84.13
2026-05-23 15:00:00,84.14,84.54,83.63,84.1
2026-05-23 16:00:00,84.09,84.31,83.93,84.11
2026-05-23 17:00:00,84.11,84.35,83.99,84.21
2026-05-23 18:00:00,84.22,85.14,84.17,84.71
2026-05-23 19:00:00,84.72,85.11,84.62,84.96
2026-05-23 20:00:00,84.97,87.09,84.8,87.08
2026-05-23 21:00:00,87.08,87.5,86,86.28
2026-05-23 22:00:00,86.28,86.61,85.52,85.81
2026-05-23 23:00:00,85.81,85.94,85.67,85.75
2026-05-24 00:00:00,85.76,86.03,85.62,85.89
2026-05-24 01:00:00,85.89,86.23,85.87,86.01
2026-05-24 02:00:00,86.02,86.11,85.7,85.98
2026-05-24 03:00:00,85.99,86.13,85.63,85.81
2026-05-24 04:00:00,85.81,86.12,85.78,85.93
2026-05-24 05:00:00,85.94,86.18,85.58,86.16
2026-05-24 06:00:00,86.16,86.49,85.93,86.45
2026-05-24 07:00:00,86.46,86.7,86,86.07
2026-05-24 08:00:00,86.07,86.54,86.01,86.51
2026-05-24 09:00:00,86.51,87,86.37,86.55
2026-05-24 10:00:00,86.55,86.73,86.24,86.5
2026-05-24 11:00:00,86.5,86.92,86.41,86.66
2026-05-24 12:00:00,86.67,86.69,86.18,86.35
2026-05-24 13:00:00,86.36,86.46,85.73,85.9
2026-05-24 14:00:00,85.9,86.01,84.48,85.25
2026-05-24 15:00:00,85.25,85.46,85.14,85.31
2026-05-24 16:00:00,85.3,85.88,85.11,85.64
2026-05-24 17:00:00,85.65,85.79,85.49,85.65
2026-05-24 18:00:00,85.64,85.68,85.27,85.4
2026-05-24 19:00:00,85.41,85.51,85.23,85.37
2026-05-24 20:00:00,85.38,85.43,84.49,84.76
2026-05-24 21:00:00,84.76,84.96,83.7,83.97
2026-05-24 22:00:00,83.96,85.33,83.94,84.99
2026-05-24 23:00:00,85,85.52,85,85.27
2026-05-25 00:00:00,85.27,85.67,85.26,85.5
2026-05-25 01:00:00,85.5,85.59,84.83,84.87
2026-05-25 02:00:00,84.87,85.85,84.87,85.08
2026-05-25 03:00:00,85.08,85.18,84.8,84.95
2026-05-25 04:00:00,84.95,85.93,84.93,85.84
2026-05-25 05:00:00,85.85,86.18,85.76,85.98
2026-05-25 06:00:00,85.99,86.19,85.65,85.99
2026-05-25 07:00:00,85.99,86.16,85.48,85.96
2026-05-25 08:00:00,85.95,86.08,85.75,86.02
2026-05-25 09:00:00,86.03,86.22,85.93,85.94
2026-05-25 10:00:00,85.94,86.11,85.9,86.08
2026-05-25 11:00:00,86.07,86.14,85.7,85.76
2026-05-25 12:00:00,85.77,86.07,85.66,85.87
2026-05-25 13:00:00,85.87,86.03,85.77,86.01
2026-05-25 14:00:00,86.01,86.45,85.9,86.34
2026-05-25 15:00:00,86.34,86.52,86.06,86.26
2026-05-25 16:00:00,86.26,86.44,85.98,86.27
2026-05-25 17:00:00,86.26,86.38,86.06,86.13
2026-05-25 18:00:00,86.12,86.3,85.88,85.91
2026-05-25 19:00:00,85.91,85.92,85.52,85.64
2026-05-25 20:00:00,85.64,85.87,85.3,85.41
2026-05-25 21:00:00,85.4,85.56,85.27,85.38
2026-05-25 22:00:00,85.38,85.54,84.71,84.81
2026-05-25 23:00:00,84.8,85.21,84.73,85.06
2026-05-26 00:00:00,85.06,85.09,83.9,84.4
2026-05-26 01:00:00,84.4,84.57,83.85,84.11
2026-05-26 02:00:00,84.12,84.23,83.9,84.03
2026-05-26 03:00:00,84.03,84.27,83.85,84.22
2026-05-26 04:00:00,84.23,84.52,84.01,84.37
2026-05-26 05:00:00,84.37,84.97,84.28,84.67
2026-05-26 06:00:00,84.66,84.83,84.4,84.6
2026-05-26 07:00:00,84.61,84.63,84.1,84.35
2026-05-26 08:00:00,84.36,84.57,84.34,84.44
2026-05-26 09:00:00,84.44,84.72,84.29,84.48
2026-05-26 10:00:00,84.47,85.8,84.36,85.56
2026-05-26 11:00:00,85.57,85.66,85.21,85.21
2026-05-26 12:00:00,85.22,85.4,84.81,85.32
2026-05-26 13:00:00,85.32,85.77,84.69,85.5
2026-05-26 14:00:00,85.51,86.13,84.77,85.24
2026-05-26 15:00:00,85.23,85.36,84.03,84.49
2026-05-26 16:00:00,84.49,84.57,83.95,84.23
2026-05-26 17:00:00,84.23,84.39,83.15,83.59
2026-05-26 18:00:00,83.59,84.09,83.49,83.63
2026-05-26 19:00:00,83.63,84.02,83.36,83.8
2026-05-26 20:00:00,83.8,83.98,83.74,83.94
2026-05-26 21:00:00,83.94,83.97,83.57,83.7
2026-05-26 22:00:00,83.7,83.88,83.54,83.65
2026-05-26 23:00:00,83.66,83.85,83.63,83.72
2026-05-27 00:00:00,83.73,84.18,83.72,84.14
2026-05-27 01:00:00,84.13,84.19,83.8,83.86
2026-05-27 02:00:00,83.85,83.96,83.55,83.96
2026-05-27 03:00:00,83.96,84.07,83.48,83.63
2026-05-27 04:00:00,83.62,83.68,82.86,83.64
2026-05-27 05:00:00,83.64,83.93,83.57,83.89
2026-05-27 06:00:00,83.89,84.07,83.74,84.06
2026-05-27 07:00:00,84.06,84.21,83.89,84.21
2026-05-27 08:00:00,84.2,84.42,83.89,83.93
2026-05-27 09:00:00,83.93,83.96,83.6,83.78
2026-05-27 10:00:00,83.78,84.09,83.67,83.95
2026-05-27 11:00:00,83.95,84.23,83.91,83.94
2026-05-27 12:00:00,83.95,84.68,83.55,83.95
2026-05-27 13:00:00,83.94,84.06,82.98,83.63
2026-05-27 14:00:00,83.64,84.12,83.22,83.91
2026-05-27 15:00:00,83.91,84.84,83.88,84.44
2026-05-27 16:00:00,84.44,84.75,83.87,84.18
2026-05-27 17:00:00,84.18,84.2,83.16,83.41
2026-05-27 18:00:00,83.4,83.99,83.2,83.94
2026-05-27 19:00:00,83.94,84.14,83.87,83.91
2026-05-27 20:00:00,83.92,84.14,83.76,83.82
2026-05-27 21:00:00,83.82,83.82,82.1,82.49
2026-05-27 22:00:00,82.49,83.03,82.22,82.47
2026-05-27 23:00:00,82.46,82.7,82.2,82.44
2026-05-28 00:00:00,82.43,82.74,82.36,82.71
2026-05-28 01:00:00,82.72,82.76,81.93,82.27
2026-05-28 02:00:00,82.28,82.44,82,82.1
2026-05-28 03:00:00,82.11,82.25,80.5,80.7
2026-05-28 04:00:00,80.7,80.98,80,80.9
2026-05-28 05:00:00,80.9,81,80.42,80.7
2026-05-28 06:00:00,80.7,81.12,80.53,80.97
2026-05-28 07:00:00,80.97,81.3,80.86,81.26
2026-05-28 08:00:00,81.26,81.3,80.83,80.99
2026-05-28 09:00:00,80.99,81.32,80.83,81.22
2026-05-28 10:00:00,81.23,81.32,80.72,80.75
2026-05-28 11:00:00,80.75,80.93,80.6,80.88
2026-05-28 12:00:00,80.88,81.25,80.59,81.13
2026-05-28 13:00:00,81.14,81.36,80.53,80.79
2026-05-28 14:00:00,80.79,81.66,80.02,81.19
2026-05-28 15:00:00,81.2,81.38,80.56,81.14
2026-05-28 16:00:00,81.15,82.18,80.91,82.07
2026-05-28 17:00:00,82.08,82.64,81.84,82.3
2026-05-28 18:00:00,82.3,83.01,82.25,82.9
2026-05-28 19:00:00,82.89,82.89,82.17,82.19
2026-05-28 20:00:00,82.18,82.6,81.78,82.3
2026-05-28 21:00:00,82.3,82.7,82.22,82.44
2026-05-28 22:00:00,82.44,82.63,81.91,82.04
2026-05-28 23:00:00,82.03,82.28,82,82.11
2026-05-29 00:00:00,82.12,82.48,82.12,82.33
2026-05-29 01:00:00,82.33,82.48,82.06,82.21
2026-05-29 02:00:00,82.21,82.32,81.47,81.57
2026-05-29 03:00:00,81.57,81.96,81.52,81.61
2026-05-29 04:00:00,81.62,81.94,81.36,81.93
2026-05-29 05:00:00,81.93,82.2,81.82,82.07
2026-05-29 06:00:00,82.06,82.49,82.02,82.31
2026-05-29 07:00:00,82.31,82.46,81.92,82.24
2026-05-29 08:00:00,82.25,82.49,82.18,82.22
2026-05-29 09:00:00,82.23,82.65,82.21,82.44
2026-05-29 10:00:00,82.44,82.45,82.09,82.15
2026-05-29 11:00:00,82.15,82.21,81.52,81.77
2026-05-29 12:00:00,81.76,81.79,81.31,81.48
2026-05-29 13:00:00,81.48,81.78,81.1,81.44
2026-05-29 14:00:00,81.44,81.58,80.35,81.33
2026-05-29 15:00:00,81.33,83.24,81.2,82.59
2026-05-29 16:00:00,82.58,83.13,82.2,82.93
2026-05-29 17:00:00,82.93,83.22,82.67,82.79
2026-05-29 18:00:00,82.8,83,81.82,82.07
2026-05-29 19:00:00,82.06,82.41,81.6,82.06
2026-05-29 20:00:00,82.06,82.39,82.01,82.22
2026-05-29 21:00:00,82.23,82.4,81.7,81.71
2026-05-29 22:00:00,81.71,82.02,81.62,81.99
2026-05-29 23:00:00,81.98,82.11,81.76,82.04
2026-05-30 00:00:00,82.04,82.35,81.94,82.29
2026-05-30 01:00:00,82.3,83,82.22,82.82
2026-05-30 02:00:00,82.82,83.03,82.77,82.98
2026-05-30 03:00:00,82.97,83.1,82.62,82.67
2026-05-30 04:00:00,82.67,82.8,81.86,82.33
2026-05-30 05:00:00,82.32,82.77,82.2,82.6
2026-05-30 06:00:00,82.59,82.74,82.39,82.47
2026-05-30 07:00:00,82.48,82.52,82.26,82.37
2026-05-30 08:00:00,82.37,82.41,82.19,82.23
2026-05-30 09:00:00,82.23,82.39,82.2,82.34
2026-05-30 10:00:00,82.34,82.51,82.3,82.38
2026-05-30 11:00:00,82.39,82.55,82.22,82.33
2026-05-30 12:00:00,82.33,82.44,82.25,82.43
2026-05-30 13:00:00,82.43,82.57,82.25,82.48
2026-05-30 14:00:00,82.48,82.79,82.43,82.63
2026-05-30 15:00:00,82.63,82.92,82.48,82.69
2026-05-30 16:00:00,82.68,82.92,82.63,82.89
2026-05-30 17:00:00,82.88,83.06,82.63,83.05
2026-05-30 18:00:00,83.05,83.14,82.87,83.03
2026-05-30 19:00:00,83.02,83.05,82.78,82.99
2026-05-30 20:00:00,82.99,83.08,82.86,82.96
2026-05-30 21:00:00,82.96,83.17,82.91,83.02
2026-05-30 22:00:00,83.02,83.02,82.45,82.65
2026-05-30 23:00:00,82.64,82.89,82.52,82.73
2026-05-31 00:00:00,82.74,82.96,82.62,82.93
2026-05-31 01:00:00,82.93,83.25,82.92,83.02
2026-05-31 02:00:00,83.03,83.42,82.88,83.15
2026-05-31 03:00:00,83.16,83.35,83.1,83.25
2026-05-31 04:00:00,83.24,83.3,83.09,83.22
2026-05-31 05:00:00,83.21,83.22,83,83.03
2026-05-31 06:00:00,83.03,83.03,82.84,82.95
2026-05-31 07:00:00,82.96,82.96,82.52,82.66
2026-05-31 08:00:00,82.67,82.86,82.59,82.81
2026-05-31 09:00:00,82.8,83.05,82.64,82.75
2026-05-31 10:00:00,82.75,82.75,82.49,82.71
2026-05-31 11:00:00,82.71,82.85,82.67,82.76
2026-05-31 12:00:00,82.76,82.94,82.57,82.82
2026-05-31 13:00:00,82.82,83.12,82.66,82.77
2026-05-31 14:00:00,82.76,82.77,81.79,81.96
2026-05-31 15:00:00,81.96,82.27,81.81,81.88
2026-05-31 16:00:00,81.88,82.04,81.42,81.59
2026-05-31 17:00:00,81.58,81.9,81.46,81.87
2026-05-31 18:00:00,81.87,81.87,81.61,81.76
2026-05-31 19:00:00,81.75,81.8,81.33,81.58
2026-05-31 20:00:00,81.59,82.01,81.59,81.97
2026-05-31 21:00:00,81.97,82.37,81.88,82.3
2026-05-31 22:00:00,82.31,82.69,82.04,82.53
2026-05-31 23:00:00,82.52,82.92,81.95,82.44
2026-06-01 00:00:00,82.45,83.1,82.37,82.83
2026-06-01 01:00:00,82.83,82.87,81.75,81.76
2026-06-01 02:00:00,81.76,82.9,81.63,82.68
2026-06-01 03:00:00,82.68,82.99,82.56,82.63
2026-06-01 04:00:00,82.63,82.78,81.77,82.04
2026-06-01 05:00:00,82.03,82.11,81.63,81.82
2026-06-01 06:00:00,81.82,81.87,81.13,81.45
2026-06-01 07:00:00,81.45,81.58,80.63,80.74
2026-06-01 08:00:00,80.74,81.05,80.46,80.99
2026-06-01 09:00:00,80.99,81.29,80.99,81.08
2026-06-01 10:00:00,81.08,81.19,80.83,81.1
2026-06-01 11:00:00,81.1,81.26,80.6,80.81
2026-06-01 12:00:00,80.82,81.07,80.23,80.82
2026-06-01 13:00:00,80.82,80.86,79.28,79.84
2026-06-01 14:00:00,79.84,80.11,79.43,79.71
2026-06-01 15:00:00,79.71,80.05,79.2,79.6
2026-06-01 16:00:00,79.61,80.46,79.11,80.41
2026-06-01 17:00:00,80.4,81.21,80.29,80.93
2026-06-01 18:00:00,80.92,81.22,80.58,80.86
2026-06-01 19:00:00,80.86,81.31,80.6,81.2
2026-06-01 20:00:00,81.19,81.24,80.96,81.13
2026-06-01 21:00:00,81.14,81.14,80.5,80.68
2026-06-01 22:00:00,80.67,81.48,80.32,81.4
2026-06-01 23:00:00,81.41,81.65,81.07,81.28
2026-06-02 00:00:00,81.28,81.3,80.87,80.89
2026-06-02 01:00:00,80.89,81.01,80.04,80.11
2026-06-02 02:00:00,80.11,80.78,79.41,80.78
2026-06-02 03:00:00,80.78,81.05,80.64,80.92
2026-06-02 04:00:00,80.92,81.02,80.38,80.44
2026-06-02 05:00:00,80.44,80.59,79.57,79.63
2026-06-02 06:00:00,79.63,79.82,79.33,79.59
2026-06-02 07:00:00,79.6,79.94,79.16,79.67
2026-06-02 08:00:00,79.67,79.8,79.45,79.61
2026-06-02 09:00:00,79.62,79.64,78.78,79.1
2026-06-02 10:00:00,79.11,79.48,78.97,79.44
2026-06-02 11:00:00,79.43,79.45,78.85,78.94
2026-06-02 12:00:00,78.93,79.16,78.66,78.98
2026-06-02 13:00:00,78.97,79.22,78.8,78.95
2026-06-02 14:00:00,78.95,78.99,76.75,77.44
2026-06-02 15:00:00,77.44,77.49,75.58,76.38
2026-06-02 16:00:00,76.38,77.67,76.15,76.71
2026-06-02 17:00:00,76.72,77.19,76.48,76.84
2026-06-02 18:00:00,76.84,77.08,75.81,76.15
2026-06-02 19:00:00,76.16,76.27,74.5,75.53
2026-06-02 20:00:00,75.53,75.95,74.77,75.44
2026-06-02 21:00:00,75.44,76.08,75.33,75.67
2026-06-02 22:00:00,75.66,75.67,73.37,73.67
2026-06-02 23:00:00,73.68,74.32,72.73,74.23
2026-06-03 00:00:00,74.23,75.13,74,74.85
2026-06-03 01:00:00,74.85,75.05,74.15,74.75
2026-06-03 02:00:00,74.75,74.81,74.21,74.4
2026-06-03 03:00:00,74.41,74.54,72.28,72.71
2026-06-03 04:00:00,72.71,74.11,72.69,74.06
2026-06-03 05:00:00,74.06,74.92,74.05,74.75
2026-06-03 06:00:00,74.75,75.33,74.67,74.86
2026-06-03 07:00:00,74.86,75.4,74.76,75.27
2026-06-03 08:00:00,75.26,75.33,74.86,75.01
2026-06-03 09:00:00,75,75.41,74.73,75.01
2026-06-03 10:00:00,75.01,75.6,74.97,75.55
2026-06-03 11:00:00,75.55,75.71,75,75.12
2026-06-03 12:00:00,75.12,75.27,74.68,75.18
2026-06-03 13:00:00,75.19,75.37,74.39,74.57
2026-06-03 14:00:00,74.56,74.61,73.84,74.46
2026-06-03 15:00:00,74.46,74.48,73.24,73.31
2026-06-03 16:00:00,73.31,73.48,72.02,73.01
2026-06-03 17:00:00,73.01,74.1,72.4,73.17
2026-06-03 18:00:00,73.17,73.49,72.46,73.09
2026-06-03 19:00:00,73.1,73.17,71.71,71.99
2026-06-03 20:00:00,71.99,72.43,70.93,71.23
2026-06-03 21:00:00,71.22,72.86,71.03,72.82
2026-06-03 22:00:00,72.81,73.18,71.94,72.22
2026-06-03 23:00:00,72.22,72.28,71.57,71.61
2026-06-04 00:00:00,71.61,72.09,70.33,70.75
2026-06-04 01:00:00,70.76,70.96,68.42,68.63
2026-06-04 02:00:00,68.63,70.47,66.8,70.07
2026-06-04 03:00:00,70.07,71.65,70.04,71.48
2026-06-04 04:00:00,71.49,71.8,70.8,70.9
2026-06-04 05:00:00,70.89,70.89,69.91,70.35
2026-06-04 06:00:00,70.34,71.21,70.26,70.35
2026-06-04 07:00:00,70.36,70.4,69.14,69.15
2026-06-04 08:00:00,69.16,69.44,68.33,69.25
2026-06-04 09:00:00,69.24,69.27,67.74,68.86
2026-06-04 10:00:00,68.87,68.94,67.51,67.89
2026-06-04 11:00:00,67.89,68.71,67.37,68.7
2026-06-04 12:00:00,68.69,70.38,68.32,70.12
2026-06-04 13:00:00,70.12,70.58,69.02,70.38
2026-06-04 14:00:00,70.38,70.64,69.56,69.77
2026-06-04 15:00:00,69.76,70.5,69.38,69.64
2026-06-04 16:00:00,69.64,69.67,68.98,69.41
2026-06-04 17:00:00,69.41,69.74,68.48,69.25
2026-06-04 18:00:00,69.25,69.89,68.65,69.5
2026-06-04 19:00:00,69.49,69.71,69.03,69.1
2026-06-04 20:00:00,69.09,69.15,68.44,68.82
2026-06-04 21:00:00,68.81,69.06,67.61,67.8
2026-06-04 22:00:00,67.79,68.58,67.57,68.49
2026-06-04 23:00:00,68.48,68.93,68,68.88
2026-06-05 00:00:00,68.87,69.1,68.27,68.31
2026-06-05 01:00:00,68.3,68.82,67.58,68.52
2026-06-05 02:00:00,68.52,68.62,67.21,67.33
2026-06-05 03:00:00,67.33,67.87,66.94,67.09
2026-06-05 04:00:00,67.1,68.01,66.52,67.94
2026-06-05 05:00:00,67.95,68.1,66.07,66.24
2026-06-05 06:00:00,66.24,66.56,63.87,65.05
2026-06-05 07:00:00,65.05,66.31,63.93,66.18
2026-06-05 08:00:00,66.18,66.2,65.1,65.31
2026-06-05 09:00:00,65.32,66.62,65.31,66.55
2026-06-05 10:00:00,66.56,66.74,66.16,66.42
2026-06-05 11:00:00,66.41,66.8,65.84,66.08
2026-06-05 12:00:00,66.08,66.37,65.2,65.83
2026-06-05 13:00:00,65.82,66.83,64.3,64.32
2026-06-05 14:00:00,64.33,65.85,63.94,65.27
2026-06-05 15:00:00,65.27,65.34,63.78,64.24
2026-06-05 16:00:00,64.25,65.98,63.18,65.86
2026-06-05 17:00:00,65.86,66.06,64.8,65.09
2026-06-05 18:00:00,65.1,65.39,62.63,62.91
2026-06-05 19:00:00,62.9,63.84,61.48,63.44
2026-06-05 20:00:00,63.44,64.82,62.68,64.64
2026-06-05 21:00:00,64.63,65.42,64.53,64.89
2026-06-05 22:00:00,64.88,64.91,63.78,64.41
2026-06-05 23:00:00,64.41,64.79,62.64,63.64
2026-06-06 00:00:00,63.64,64.83,63.63,64.68
2026-06-06 01:00:00,64.68,64.86,63.78,63.85
2026-06-06 02:00:00,63.86,63.96,63.27,63.53
2026-06-06 03:00:00,63.52,63.54,62.58,62.84
2026-06-06 04:00:00,62.84,63.12,60.35,60.88
2026-06-06 05:00:00,60.89,62.72,60.13,62.62
2026-06-06 06:00:00,62.62,63.35,62.08,62.22
2026-06-06 07:00:00,62.22,63.16,62.06,62.78
2026-06-06 08:00:00,62.79,63.6,62.54,63.18
2026-06-06 09:00:00,63.17,63.56,62.49,62.71
2026-06-06 10:00:00,62.7,62.71,61.2,61.84
2026-06-06 11:00:00,61.84,62.69,61.77,62.46
2026-06-06 12:00:00,62.46,63.11,62.04,62.92
2026-06-06 13:00:00,62.93,63.06,62.17,62.45
2026-06-06 14:00:00,62.45,62.93,62.3,62.33
2026-06-06 15:00:00,62.33,62.48,61.32,62.03
2026-06-06 16:00:00,62.04,62.4,61.38,62.13
2026-06-06 17:00:00,62.13,62.28,61.46,61.63
2026-06-06 18:00:00,61.62,62.14,61.41,61.73
2026-06-06 19:00:00,61.74,62.2,61.62,61.64
2026-06-06 20:00:00,61.64,61.94,61.38,61.84
2026-06-06 21:00:00,61.85,62.38,61.83,61.91
2026-06-06 22:00:00,61.9,61.98,61.47,61.73
2026-06-06 23:00:00,61.72,62.3,61.68,62.2
2026-06-07 00:00:00,62.21,62.64,61.96,62.11
2026-06-07 01:00:00,62.11,63.86,62.04,63.67
2026-06-07 02:00:00,63.67,63.79,63.07,63.55
2026-06-07 03:00:00,63.55,64.15,63.41,63.84
2026-06-07 04:00:00,63.84,64.13,63.31,64.1
2026-06-07 05:00:00,64.09,64.5,63.9,64.26
2026-06-07 06:00:00,64.27,65,64.03,64.85
2026-06-07 07:00:00,64.85,65.02,64.61,64.93
2026-06-07 08:00:00,64.92,65.97,64.5,65.97
2026-06-07 09:00:00,65.96,66.11,64.85,65.02
2026-06-07 10:00:00,65.03,65.09,64.46,64.67
2026-06-07 11:00:00,64.67,65.25,64.55,65.04
2026-06-07 12:00:00,65.05,65.11,63.67,64.33
2026-06-07 13:00:00,64.33,64.44,64.09,64.34
2026-06-07 14:00:00,64.34,65.35,64.33,64.92
2026-06-07 15:00:00,64.92,65.24,64.63,64.99
2026-06-07 16:00:00,64.99,65.33,64.75,65.15
2026-06-07 17:00:00,65.15,65.62,65.09,65.32
2026-06-07 18:00:00,65.33,65.58,64.91,64.95
2026-06-07 19:00:00,64.96,64.98,63.64,63.95
2026-06-07 20:00:00,63.94,64.8,63.75,64.7
2026-06-07 21:00:00,64.69,64.93,64.31,64.63
2026-06-07 22:00:00,64.64,67.92,64.53,65.83
2026-06-07 23:00:00,65.82,66.67,65.77,66.5
2026-06-08 00:00:00,66.5,67.11,66.02,66.71
2026-06-08 01:00:00,66.72,66.81,65.4,66.19
2026-06-08 02:00:00,66.19,66.65,66.06,66.46
2026-06-08 03:00:00,66.46,66.75,66.18,66.37
2026-06-08 04:00:00,66.37,66.42,65.37,65.44
2026-06-08 05:00:00,65.44,65.65,64.98,65.34
2026-06-08 06:00:00,65.33,65.89,65.27,65.68
2026-06-08 07:00:00,65.68,66.23,65.38,66.11
2026-06-08 08:00:00,66.1,66.11,65.45,65.63
2026-06-08 09:00:00,65.63,66.39,65.6,66.38
2026-06-08 10:00:00,66.37,66.47,65.81,66.21
2026-06-08 11:00:00,66.21,67.06,66.04,66.68
2026-06-08 12:00:00,66.69,67.32,65.99,67.26
2026-06-08 13:00:00,67.26,67.29,66.42,66.78
2026-06-08 14:00:00,66.78,67.31,66.45,67.28
2026-06-08 15:00:00,67.28,67.82,67.06,67.18
2026-06-08 16:00:00,67.19,67.75,66.9,66.96
2026-06-08 17:00:00,66.95,67.39,66.56,67.38
2026-06-08 18:00:00,67.38,67.62,67.16,67.43
2026-06-08 19:00:00,67.43,67.82,67.28,67.46
2026-06-08 20:00:00,67.46,67.53,66.94,67.48
2026-06-08 21:00:00,67.48,68.17,67.42,67.48
2026-06-08 22:00:00,67.48,67.48,66.84,67.2
2026-06-08 23:00:00,67.2,67.42,66.65,66.82
2026-06-09 00:00:00,66.82,66.89,65.29,65.42
2026-06-09 01:00:00,65.41,66.08,65.39,65.99
2026-06-09 02:00:00,65.99,66.08,65.53,65.91
2026-06-09 03:00:00,65.92,66.1,65.68,66.01
2026-06-09 04:00:00,66.01,67.41,65.83,67.02
2026-06-09 05:00:00,67.02,67.39,66.7,67.18
2026-06-09 06:00:00,67.19,67.47,66.98,67.05
2026-06-09 07:00:00,67.06,67.34,66.62,66.89
2026-06-09 08:00:00,66.9,66.94,66.39,66.6
2026-06-09 09:00:00,66.6,66.83,66.08,66.18
2026-06-09 10:00:00,66.18,66.49,66,66.42
2026-06-09 11:00:00,66.41,66.47,65.9,66.11
2026-06-09 12:00:00,66.11,66.52,65.95,66.21
2026-06-09 13:00:00,66.22,66.38,65.6,65.86
2026-06-09 14:00:00,65.86,65.99,64.39,65.08
2026-06-09 15:00:00,65.08,65.31,64.26,64.33
2026-06-09 16:00:00,64.33,64.5,63.54,64.14
2026-06-09 17:00:00,64.15,65.17,64.09,64.79
2026-06-09 18:00:00,64.8,65.55,64.66,65.3
2026-06-09 19:00:00,65.29,65.65,65.05,65.41
2026-06-09 20:00:00,65.42,65.7,65.29,65.62
2026-06-09 21:00:00,65.63,65.65,64.88,65.02
2026-06-09 22:00:00,65.02,65.35,64.82,64.89
2026-06-09 23:00:00,64.89,65.18,64.69,64.96
2026-06-10 00:00:00,64.97,65.22,64.49,65.19
2026-06-10 01:00:00,65.18,65.32,64.81,65.09
2026-06-10 02:00:00,65.1,65.25,64.25,64.31
2026-06-10 03:00:00,64.31,64.86,64.27,64.51
2026-06-10 04:00:00,64.52,64.66,64.12,64.29
2026-06-10 05:00:00,64.29,64.38,63.92,64.13
2026-06-10 06:00:00,64.13,64.37,63.83,64.2
2026-06-10 07:00:00,64.21,64.8,64.14,64.5
2026-06-10 08:00:00,64.5,64.52,63.43,63.61
2026-06-10 09:00:00,63.62,63.76,63.07,63.64
2026-06-10 10:00:00,63.64,63.79,63.27,63.68
2026-06-10 11:00:00,63.68,63.77,62.95,63.49
2026-06-10 12:00:00,63.5,64.68,63.3,64.13
2026-06-10 13:00:00,64.12,65.54,64.01,65.08
2026-06-10 14:00:00,65.08,65.28,64.59,65.06
2026-06-10 15:00:00,65.07,65.77,64.56,65.44
2026-06-10 16:00:00,65.44,65.49,64.24,64.62
2026-06-10 17:00:00,64.62,64.97,63.63,64.04
2026-06-10 18:00:00,64.05,64.22,63.36,63.84
2026-06-10 19:00:00,63.84,63.95,63.39,63.56
2026-06-10 20:00:00,63.56,63.66,63.18,63.33
2026-06-10 21:00:00,63.32,63.32,62.34,62.59
2026-06-10 22:00:00,62.6,63.07,62.37,62.77
2026-06-10 23:00:00,62.78,63.31,62.46,63.19
2026-06-11 00:00:00,63.19,63.77,63.19,63.67
2026-06-11 01:00:00,63.67,65.16,63.67,64.9
2026-06-11 02:00:00,64.91,65,64.37,64.52
2026-06-11 03:00:00,64.53,65.48,64.33,65.27
2026-06-11 04:00:00,65.27,65.35,64.95,65.21
2026-06-11 05:00:00,65.21,65.26,64.95,64.97
2026-06-11 06:00:00,64.97,65.43,64.81,65.12
2026-06-11 07:00:00,65.12,65.18,64.77,65.04
2026-06-11 08:00:00,65.04,65.53,65.03,65.31
2026-06-11 09:00:00,65.31,65.56,65.01,65.38
2026-06-11 10:00:00,65.39,65.66,65.28,65.5
2026-06-11 11:00:00,65.5,66.15,65.33,65.88
2026-06-11 12:00:00,65.89,65.93,64.89,65.26
2026-06-11 13:00:00,65.26,65.74,65.06,65.53
2026-06-11 14:00:00,65.52,65.78,64.99,65.35
2026-06-11 15:00:00,65.35,65.87,65,65.55
2026-06-11 16:00:00,65.56,65.8,65.31,65.38
2026-06-11 17:00:00,65.39,67.19,65.05,67.15
2026-06-11 18:00:00,67.15,67.31,66.64,66.8
2026-06-11 19:00:00,66.8,67.42,66.6,66.93
2026-06-11 20:00:00,66.93,67.04,66.36,66.6
2026-06-11 21:00:00,66.6,67.1,66.58,66.91
2026-06-11 22:00:00,66.91,67.14,66.87,66.9
2026-06-11 23:00:00,66.89,67.13,66.69,66.93
2026-06-12 00:00:00,66.93,67.11,66.75,66.87
2026-06-12 01:00:00,66.87,66.87,66.42,66.7
2026-06-12 02:00:00,66.69,67.3,66.68,67.14
2026-06-12 03:00:00,67.15,67.18,66.68,67.04
2026-06-12 04:00:00,67.04,67.24,66.85,67.07
2026-06-12 05:00:00,67.07,67.08,66.63,66.74
2026-06-12 06:00:00,66.75,66.82,65.95,66.11
2026-06-12 07:00:00,66.12,66.49,66.12,66.32
2026-06-12 08:00:00,66.32,67.05,66.31,66.92
2026-06-12 09:00:00,66.92,67.49,66.85,67.17
2026-06-12 10:00:00,67.18,67.35,66.59,66.79
2026-06-12 11:00:00,66.79,67.1,66.78,66.93
2026-06-12 12:00:00,66.92,67,66.63,66.77
2026-06-12 13:00:00,66.77,67.01,66.37,66.72
2026-06-12 14:00:00,66.73,67.99,66.65,67.94
2026-06-12 15:00:00,67.93,68.82,67.18,67.25
2026-06-12 16:00:00,67.26,68.01,67.09,68.01
2026-06-12 17:00:00,68.02,68.22,67.27,67.4
2026-06-12 18:00:00,67.4,67.48,67.01,67.07
2026-06-12 19:00:00,67.07,67.42,66.68,66.78
2026-06-12 20:00:00,66.79,66.83,66.42,66.68
2026-06-12 21:00:00,66.69,66.95,66.47,66.57
2026-06-12 22:00:00,66.57,66.76,66.43,66.63
2026-06-12 23:00:00,66.64,66.83,66.48,66.82
2026-06-13 00:00:00,66.83,67.08,66.78,66.99
2026-06-13 01:00:00,67,67.51,66.98,67.45
2026-06-13 02:00:00,67.44,67.51,66.87,66.97
2026-06-13 03:00:00,66.97,67.05,66.7,66.88
2026-06-13 04:00:00,66.87,66.96,66.64,66.67
2026-06-13 05:00:00,66.67,66.88,66.59,66.79
2026-06-13 06:00:00,66.79,67.22,66.67,67.16
2026-06-13 07:00:00,67.16,67.47,66.96,67.37
2026-06-13 08:00:00,67.38,67.57,67.26,67.33
2026-06-13 09:00:00,67.32,67.54,67.29,67.37
2026-06-13 10:00:00,67.37,67.61,67.34,67.44
2026-06-13 11:00:00,67.44,67.96,67.38,67.9
2026-06-13 12:00:00,67.91,68.06,67.77,67.99
2026-06-13 13:00:00,67.98,68.45,67.83,68.02
2026-06-13 14:00:00,68.02,68.43,67.99,68.29
2026-06-13 15:00:00,68.29,68.71,68.18,68.6
2026-06-13 16:00:00,68.6,68.63,67.83,68.1
2026-06-13 17:00:00,68.09,68.28,67.84,68
2026-06-13 18:00:00,68,68.38,67.97,68.13
2026-06-13 19:00:00,68.13,68.4,68.03,68.23
2026-06-13 20:00:00,68.24,68.29,68.05,68.28
2026-06-13 21:00:00,68.28,69.59,68.23,69.27
2026-06-13 22:00:00,69.27,69.28,68.88,68.91
2026-06-13 23:00:00,68.9,69.18,68.79,68.94
2026-06-14 00:00:00,68.94,68.94,68.65,68.75
2026-06-14 01:00:00,68.75,69.1,68.64,68.82
2026-06-14 02:00:00,68.82,69.11,68.72,68.83
2026-06-14 03:00:00,68.83,69.04,68.76,68.94
2026-06-14 04:00:00,68.95,69.01,68.44,68.52
2026-06-14 05:00:00,68.53,68.6,67.88,68.24
2026-06-14 06:00:00,68.25,68.5,68.1,68.19
2026-06-14 07:00:00,68.2,68.25,68.04,68.23
2026-06-14 08:00:00,68.23,68.37,68.11,68.25
2026-06-14 09:00:00,68.25,68.5,67.92,68.47
2026-06-14 10:00:00,68.48,68.52,68.15,68.16
2026-06-14 11:00:00,68.16,68.35,68.02,68.11
2026-06-14 12:00:00,68.11,68.17,67.7,67.78
2026-06-14 13:00:00,67.78,67.87,67.51,67.77
2026-06-14 14:00:00,67.77,67.83,66.94,67.27
2026-06-14 15:00:00,67.27,67.55,67.26,67.43
2026-06-14 16:00:00,67.43,67.76,67.41,67.49
2026-06-14 17:00:00,67.48,67.74,67.3,67.34
2026-06-14 18:00:00,67.34,67.5,67.19,67.43
2026-06-14 19:00:00,67.43,67.75,67.35,67.57
2026-06-14 20:00:00,67.57,68.07,67.44,67.81
2026-06-14 21:00:00,67.8,70.55,67.8,70.16
2026-06-14 22:00:00,70.16,70.73,69.68,70.45
2026-06-14 23:00:00,70.45,71.29,70.15,71.28
2026-06-15 00:00:00,71.29,71.73,70.94,71.12
2026-06-15 01:00:00,71.13,71.35,70.66,71.01
2026-06-15 02:00:00,71,71.59,70.9,70.99
2026-06-15 03:00:00,70.98,71.37,70.91,71.24
2026-06-15 04:00:00,71.24,71.27,70.88,70.93
2026-06-15 05:00:00,70.92,71.31,70.81,71.22
2026-06-15 06:00:00,71.22,71.5,71.11,71.36
2026-06-15 07:00:00,71.36,71.5,71.12,71.28
2026-06-15 08:00:00,71.28,71.62,71.17,71.3
2026-06-15 09:00:00,71.3,71.48,70.8,71.23
2026-06-15 10:00:00,71.23,72.12,71.19,71.88
2026-06-15 11:00:00,71.88,72.82,71.65,72.61
2026-06-15 12:00:00,72.61,73,72.31,72.86
2026-06-15 13:00:00,72.85,74.23,72.72,73.64
2026-06-15 14:00:00,73.63,73.98,73.2,73.82
2026-06-15 15:00:00,73.81,75.26,73.79,75.25
2026-06-15 16:00:00,75.25,76.09,74.97,75.48
2026-06-15 17:00:00,75.47,75.48,74.65,75.28
2026-06-15 18:00:00,75.28,75.69,75.1,75.3
2026-06-15 19:00:00,75.3,75.81,74.58,75.28
2026-06-15 20:00:00,75.27,75.46,74.77,74.95
2026-06-15 21:00:00,74.95,75.03,74.4,74.45
2026-06-15 22:00:00,74.46,74.61,73.62,73.78
2026-06-15 23:00:00,73.77,74.07,73.62,73.98
2026-06-16 00:00:00,73.99,74.42,73.85,74.04
2026-06-16 01:00:00,74.05,74.35,73.85,73.88
2026-06-16 02:00:00,73.89,73.89,72.77,73.01
2026-06-16 03:00:00,73.02,73.81,72.87,73.74
2026-06-16 04:00:00,73.75,73.94,73.19,73.36
2026-06-16 05:00:00,73.37,73.84,73.36,73.67
2026-06-16 06:00:00,73.67,74.32,73.67,74.19
2026-06-16 07:00:00,74.19,74.54,74.13,74.46
2026-06-16 08:00:00,74.45,75.65,74.35,75.4
2026-06-16 09:00:00,75.39,75.46,74.81,74.85
2026-06-16 10:00:00,74.85,75.12,74.69,74.7
2026-06-16 11:00:00,74.7,74.9,74.38,74.66
2026-06-16 12:00:00,74.67,75.53,74.49,74.94
2026-06-16 13:00:00,74.94,74.97,73.87,73.99
2026-06-16 14:00:00,73.99,74.3,72.29,72.98
2026-06-16 15:00:00,72.97,73.65,72.87,73.29
2026-06-16 16:00:00,73.29,73.48,73.01,73.1
2026-06-16 17:00:00,73.11,73.84,73.06,73.67
2026-06-16 18:00:00,73.68,74.34,73.58,74
2026-06-16 19:00:00,74,74.23,73.48,73.84
2026-06-16 20:00:00,73.85,74.26,73.67,74.14
2026-06-16 21:00:00,74.14,74.22,73.73,73.94
2026-06-16 22:00:00,73.94,74.1,73.62,73.84
2026-06-16 23:00:00,73.85,73.97,73.42,73.52
2026-06-17 00:00:00,73.53,73.78,73.32,73.37
2026-06-17 01:00:00,73.37,74,73.17,73.93
2026-06-17 02:00:00,73.94,74.47,73.69,74.05
2026-06-17 03:00:00,74.05,74.06,73.52,73.68
2026-06-17 04:00:00,73.68,74.11,73.6,73.83
2026-06-17 05:00:00,73.84,74.01,73.44,73.65
2026-06-17 06:00:00,73.65,73.83,73.19,73.41
2026-06-17 07:00:00,73.41,73.61,72.99,73.26
2026-06-17 08:00:00,73.27,73.3,72.16,72.34
2026-06-17 09:00:00,72.34,72.67,72.31,72.54
2026-06-17 10:00:00,72.54,72.69,72.12,72.15
2026-06-17 11:00:00,72.15,72.24,71.71,72.04
2026-06-17 12:00:00,72.04,72.36,71.59,72.33
2026-06-17 13:00:00,72.33,72.77,72.16,72.43
2026-06-17 14:00:00,72.42,72.67,71.82,72.39
2026-06-17 15:00:00,72.39,73.87,72.36,73.81
2026-06-17 16:00:00,73.8,74.69,73.71,73.76
2026-06-17 17:00:00,73.77,74.35,73.47,74.22
2026-06-17 18:00:00,74.21,74.38,72.19,73.5
2026-06-17 19:00:00,73.49,73.71,71.43,71.66
2026-06-17 20:00:00,71.66,72.25,71.55,72.2
2026-06-17 21:00:00,72.19,72.23,71.38,71.62
2026-06-17 22:00:00,71.61,71.95,70.83,71.7
2026-06-17 23:00:00,71.71,72.13,71.69,72.05
2026-06-18 00:00:00,72.05,72.5,72.03,72.22
2026-06-18 01:00:00,72.22,72.64,72.09,72.21
2026-06-18 02:00:00,72.22,72.68,72.13,72.54
2026-06-18 03:00:00,72.53,72.55,71.54,71.65
2026-06-18 04:00:00,71.66,71.73,70.91,71.06
2026-06-18 05:00:00,71.05,71.14,70.64,71.14
2026-06-18 06:00:00,71.13,71.41,70.99,71.34
2026-06-18 07:00:00,71.35,71.85,71.16,71.78
2026-06-18 08:00:00,71.77,72.08,71.64,71.85
2026-06-18 09:00:00,71.86,72.16,71.75,71.85
2026-06-18 10:00:00,71.85,71.85,71.08,71.39
2026-06-18 11:00:00,71.39,71.56,70.72,70.94
2026-06-18 12:00:00,70.94,71.62,70.87,71.57
2026-06-18 13:00:00,71.57,71.8,70.73,71.05
2026-06-18 14:00:00,71.06,71.72,70.7,71.08
2026-06-18 15:00:00,71.08,71.1,68.35,68.44
2026-06-18 16:00:00,68.43,69.13,68.38,69.06
2026-06-18 17:00:00,69.07,69.15,68.5,68.64
2026-06-18 18:00:00,68.64,68.99,68.23,68.66
2026-06-18 19:00:00,68.66,69.53,68.57,69.37
2026-06-18 20:00:00,69.38,69.96,69.38,69.82
2026-06-18 21:00:00,69.81,69.9,69.41,69.57
2026-06-18 22:00:00,69.56,69.69,69.26,69.52
2026-06-18 23:00:00,69.51,69.79,69.27,69.71
2026-06-19 00:00:00,69.72,69.9,69.53,69.81
2026-06-19 01:00:00,69.8,70.03,69.54,69.94
2026-06-19 02:00:00,69.94,70.09,69.41,69.66
2026-06-19 03:00:00,69.65,69.74,68.64,69.05
2026-06-19 04:00:00,69.06,69.27,68.1,68.33
2026-06-19 05:00:00,68.33,68.75,68.32,68.7
2026-06-19 06:00:00,68.69,68.84,68.46,68.75
2026-06-19 07:00:00,68.75,68.77,67.98,68.38
2026-06-19 08:00:00,68.37,68.75,68.23,68.68
2026-06-19 09:00:00,68.69,68.76,68.22,68.33
2026-06-19 10:00:00,68.32,68.46,68.05,68.3
2026-06-19 11:00:00,68.31,68.47,68.09,68.25
2026-06-19 12:00:00,68.25,68.71,67.92,68.62
2026-06-19 13:00:00,68.62,69.58,68.4,69.28
2026-06-19 14:00:00,69.28,69.48,68.83,69.15
2026-06-19 15:00:00,69.14,69.54,68.93,69.33
2026-06-19 16:00:00,69.34,69.57,68.69,68.71
2026-06-19 17:00:00,68.72,69.52,68.63,69.31
2026-06-19 18:00:00,69.32,69.37,68.8,69.06
2026-06-19 19:00:00,69.05,69.16,68.78,68.97
2026-06-19 20:00:00,68.97,69.31,68.72,69.25
2026-06-19 21:00:00,69.25,69.31,68.91,69.02
2026-06-19 22:00:00,69.01,69.44,69,69.42
2026-06-19 23:00:00,69.43,69.87,69.24,69.74
2026-06-20 00:00:00,69.73,70.12,69.61,69.63
2026-06-20 01:00:00,69.62,69.95,69.54,69.8
2026-06-20 02:00:00,69.8,69.86,69.48,69.65
2026-06-20 03:00:00,69.66,70.11,69.62,70
2026-06-20 04:00:00,70,71.09,69.89,70.86
2026-06-20 05:00:00,70.87,72.46,70.72,71.8
2026-06-20 06:00:00,71.8,72.39,71.71,72.12
2026-06-20 07:00:00,72.12,72.15,71.45,71.6
2026-06-20 08:00:00,71.6,71.65,71.27,71.34
2026-06-20 09:00:00,71.34,71.63,71.21,71.57
2026-06-20 10:00:00,71.57,71.72,71.41,71.69
2026-06-20 11:00:00,71.69,72.1,71.45,71.78
2026-06-20 12:00:00,71.78,71.94,71.38,71.56
2026-06-20 13:00:00,71.55,71.58,70.75,71.19
2026-06-20 14:00:00,71.19,72.18,70.47,71.93
2026-06-20 15:00:00,71.94,72.62,71.49,72.02
2026-06-20 16:00:00,72.03,72.05,71.32,71.67
2026-06-20 17:00:00,71.67,71.68,71.09,71.55
2026-06-20 18:00:00,71.56,71.99,71.53,71.75
2026-06-20 19:00:00,71.75,71.92,71.6,71.86
2026-06-20 20:00:00,71.86,72.07,71.7,72.01
2026-06-20 21:00:00,72.02,72.45,71.96,72.41
2026-06-20 22:00:00,72.41,74.3,72.36,73.56
2026-06-20 23:00:00,73.56,73.65,73.21,73.22
2026-06-21 00:00:00,73.22,73.28,73.02,73.2
2026-06-21 01:00:00,73.2,73.32,72.88,73.19
2026-06-21 02:00:00,73.19,73.39,73.08,73.34
2026-06-21 03:00:00,73.34,73.86,73.13,73.63
2026-06-21 04:00:00,73.63,73.84,73.39,73.44
2026-06-21 05:00:00,73.44,73.52,73.01,73.09
2026-06-21 06:00:00,73.09,73.36,73.04,73.24
2026-06-21 07:00:00,73.25,73.45,73.07,73.21
2026-06-21 08:00:00,73.21,73.25,72.75,73.15
2026-06-21 09:00:00,73.16,74.1,73.08,74.05
2026-06-21 10:00:00,74.04,74.4,73.87,73.9
2026-06-21 11:00:00,73.91,74.04,73.07,73.21
2026-06-21 12:00:00,73.21,73.69,72.93,73.65
2026-06-21 13:00:00,73.65,73.93,73.47,73.91
2026-06-21 14:00:00,73.92,74.15,73.63,74.11
2026-06-21 15:00:00,74.11,74.29,73.91,74.14
2026-06-21 16:00:00,74.14,74.68,73.8,74.34
2026-06-21 17:00:00,74.34,74.64,74.04,74.24
2026-06-21 18:00:00,74.25,74.44,73.86,74.22
2026-06-21 19:00:00,74.21,74.47,74.11,74.42
2026-06-21 20:00:00,74.42,74.55,73.34,73.42
2026-06-21 21:00:00,73.43,73.47,72.42,73.15
2026-06-21 22:00:00,73.14,73.26,72.63,73.06
2026-06-21 23:00:00,73.05,73.1,72.31,72.46
2026-06-22 00:00:00,72.47,73.59,72.46,73.36
2026-06-22 01:00:00,73.37,74.99,73.27,74.37
2026-06-22 02:00:00,74.37,74.46,73.77,73.83
2026-06-22 03:00:00,73.84,74.06,73.29,73.52
2026-06-22 04:00:00,73.53,73.91,73.36,73.86
2026-06-22 05:00:00,73.87,74.15,73.8,73.95
2026-06-22 06:00:00,73.96,74.21,73.56,73.71
2026-06-22 07:00:00,73.72,74.48,73.67,74.1
2026-06-22 08:00:00,74.1,74.33,73.71,73.9
2026-06-22 09:00:00,73.89,74.03,73.57,73.8
2026-06-22 10:00:00,73.79,74.01,73.6,73.78
2026-06-22 11:00:00,73.77,74.44,73.64,74.17
2026-06-22 12:00:00,74.18,74.56,74,74.41
2026-06-22 13:00:00,74.42,74.98,74.24,74.98
2026-06-22 14:00:00,74.97,75,73.19,73.44
2026-06-22 15:00:00,73.45,73.8,72.98,73.14
2026-06-22 16:00:00,73.15,73.21,72.55,72.95
2026-06-22 17:00:00,72.95,73.34,72.63,73.28
2026-06-22 18:00:00,73.28,73.57,72.58,72.64
2026-06-22 19:00:00,72.64,72.81,72.45,72.71
2026-06-22 20:00:00,72.71,72.97,72.49,72.83
2026-06-22 21:00:00,72.82,72.89,72.28,72.73
2026-06-22 22:00:00,72.74,72.96,71.37,72.11
2026-06-22 23:00:00,72.11,72.17,71.82,71.95
2026-06-23 00:00:00,71.95,72.01,71.46,71.88
2026-06-23 01:00:00,71.89,72.04,71.31,71.72
2026-06-23 02:00:00,71.71,72.06,71.54,72
2026-06-23 03:00:00,71.99,72.01,71.73,72
2026-06-23 04:00:00,71.99,72.03,71.37,71.45
2026-06-23 05:00:00,71.46,71.6,70.9,71.02
2026-06-23 06:00:00,71.03,71.07,69.68,70.33
2026-06-23 07:00:00,70.33,70.56,69.97,70.01
2026-06-23 08:00:00,70.01,70.11,68.16,68.7
2026-06-23 09:00:00,68.71,69.06,68.68,68.93
2026-06-23 10:00:00,68.93,69.22,68.61,68.82
2026-06-23 11:00:00,68.82,69.38,68.82,69.33
2026-06-23 12:00:00,69.33,69.38,68.87,68.98
2026-06-23 13:00:00,68.98,69.37,68.64,69.2
2026-06-23 14:00:00,69.2,69.68,69.06,69.2
2026-06-23 15:00:00,69.2,69.2,68.4,68.92
2026-06-23 16:00:00,68.93,69.41,68.81,68.9
2026-06-23 17:00:00,68.89,69.19,68.64,68.78
2026-06-23 18:00:00,68.78,69.05,68.69,68.91
2026-06-23 19:00:00,68.9,69.11,68.73,68.84
2026-06-23 20:00:00,68.84,69.06,68.83,69.01
2026-06-23 21:00:00,69.02,69.31,68.97,69.27
2026-06-23 22:00:00,69.27,69.84,69.26,69.56
2026-06-23 23:00:00,69.56,69.82,69.31,69.71
2026-06-24 00:00:00,69.7,70.14,69.59,69.99
2026-06-24 01:00:00,70,70.41,69.67,70.09
2026-06-24 02:00:00,70.09,70.15,69.43,69.46
2026-06-24 03:00:00,69.46,69.77,69.1,69.56
2026-06-24 04:00:00,69.57,69.7,69,69.58
2026-06-24 05:00:00,69.59,70.22,69.52,69.95
2026-06-24 06:00:00,69.95,70.04,69.7,69.75
2026-06-24 07:00:00,69.75,69.79,69.28,69.38
2026-06-24 08:00:00,69.38,69.63,69.25,69.48
2026-06-24 09:00:00,69.48,69.55,69.2,69.31
2026-06-24 10:00:00,69.31,69.35,68.96,69.05
2026-06-24 11:00:00,69.05,70.44,68.77,69.82
2026-06-24 12:00:00,69.82,69.93,69.41,69.46
2026-06-24 13:00:00,69.46,69.5,68.37,68.88
2026-06-24 14:00:00,68.87,69.43,68.59,68.85
2026-06-24 15:00:00,68.86,68.9,67.24,67.33
2026-06-24 16:00:00,67.32,68.03,66.28,66.52
2026-06-24 17:00:00,66.52,66.92,64.71,64.98
2026-06-24 18:00:00,64.98,66.5,64.83,66.03
2026-06-24 19:00:00,66.04,66.39,65.54,66.13
2026-06-24 20:00:00,66.13,68.01,65.98,67.68
2026-06-24 21:00:00,67.69,68.12,67.22,68.09
2026-06-24 22:00:00,68.08,68.55,67.69,67.83
2026-06-24 23:00:00,67.84,68.2,67.76,68.11
2026-06-25 00:00:00,68.12,68.32,67.57,67.72
2026-06-25 01:00:00,67.72,68.01,67.4,67.89
2026-06-25 02:00:00,67.89,67.94,67.61,67.74
2026-06-25 03:00:00,67.75,67.87,67.47,67.7
2026-06-25 04:00:00,67.7,68.51,67.5,68.46
2026-06-25 05:00:00,68.47,69.31,68.35,69.04
2026-06-25 06:00:00,69.03,69.66,69.01,69.47
2026-06-25 07:00:00,69.48,69.58,69.24,69.45
2026-06-25 08:00:00,69.44,69.45,68.99,69.05
2026-06-25 09:00:00,69.06,69.19,68.8,68.83
2026-06-25 10:00:00,68.83,68.88,68.13,68.29
2026-06-25 11:00:00,68.3,68.44,68,68.18
2026-06-25 12:00:00,68.18,68.92,67.79,68.29
2026-06-25 13:00:00,68.29,68.45,64.04,64.23
2026-06-25 14:00:00,64.23,67.24,64.23,66.36
2026-06-25 15:00:00,66.37,66.39,65.24,66.32
2026-06-25 16:00:00,66.32,67.05,65.65,65.98
2026-06-25 17:00:00,65.98,67.35,65.82,67.13
2026-06-25 18:00:00,67.12,67.16,65.91,66.18
2026-06-25 19:00:00,66.19,66.22,65.65,66.2
2026-06-25 20:00:00,66.19,66.8,66.08,66.27
2026-06-25 21:00:00,66.28,67.31,66.27,67.28
2026-06-25 22:00:00,67.28,67.35,66.94,67.15
2026-06-25 23:00:00,67.16,68.81,67,67.72
2026-06-26 00:00:00,67.72,68.1,67.62,67.74
2026-06-26 01:00:00,67.74,67.91,67.14,67.32
2026-06-26 02:00:00,67.32,67.36,65.93,66.2
2026-06-26 03:00:00,66.21,68.5,65.91,68.21
2026-06-26 04:00:00,68.22,68.38,67.96,68.06
2026-06-26 05:00:00,68.07,68.47,67.97,68.38
2026-06-26 06:00:00,68.37,70.01,68.01,69.99
2026-06-26 07:00:00,70,70.99,69.93,70.77
2026-06-26 08:00:00,70.78,70.88,69.72,69.94
2026-06-26 09:00:00,69.95,69.95,68.85,69.01
2026-06-26 10:00:00,69.01,69.25,68.64,68.78
2026-06-26 11:00:00,68.78,69.1,68.39,68.61
2026-06-26 12:00:00,68.61,69.74,68.37,68.87
2026-06-26 13:00:00,68.87,70.94,68.19,70.71
2026-06-26 14:00:00,70.71,71.99,70.24,70.46
2026-06-26 15:00:00,70.47,72.24,70.31,72.07
2026-06-26 16:00:00,72.06,73.53,72.01,72.48
2026-06-26 17:00:00,72.49,72.88,72.18,72.56
2026-06-26 18:00:00,72.57,73.1,72.37,72.6
2026-06-26 19:00:00,72.6,73.93,72.48,73.01
2026-06-26 20:00:00,73.01,73.68,72.05,72.17
2026-06-26 21:00:00,72.18,72.4,71.8,71.99
2026-06-26 22:00:00,71.98,72.09,71.41,71.83
2026-06-26 23:00:00,71.82,72.02,71.68,71.9
2026-06-27 00:00:00,71.9,72.5,71.58,71.82
2026-06-27 01:00:00,71.83,71.83,71.36,71.44
2026-06-27 02:00:00,71.44,72.26,71.39,72.12
2026-06-27 03:00:00,72.11,72.43,71.84,72.27
2026-06-27 04:00:00,72.26,72.59,71.9,71.94
2026-06-27 05:00:00,71.93,72.03,71.51,71.81
2026-06-27 06:00:00,71.81,72.33,71.62,72.13
2026-06-27 07:00:00,72.13,72.35,72.01,72.31
2026-06-27 08:00:00,72.31,72.33,71.88,72.03
2026-06-27 09:00:00,72.03,72.11,71.72,71.86
2026-06-27 10:00:00,71.85,72.05,71.83,72.04
2026-06-27 11:00:00,72.04,72.09,71.53,71.81
2026-06-27 12:00:00,71.81,72.18,71.64,72.17
2026-06-27 13:00:00,72.17,72.61,72.13,72.36
2026-06-27 14:00:00,72.36,72.9,72.21,72.7
2026-06-27 15:00:00,72.71,73.19,72.62,72.84
2026-06-27 16:00:00,72.83,73.01,72.63,72.64
2026-06-27 17:00:00,72.64,72.65,71.9,72.06
2026-06-27 18:00:00,72.05,72.18,71.76,71.92
2026-06-27 19:00:00,71.92,72.01,70.94,71.11
2026-06-27 20:00:00,71.11,71.35,71.09,71.3
2026-06-27 21:00:00,71.31,71.63,70.81,70.98
2026-06-27 22:00:00,70.98,71.1,70.25,71.09
2026-06-27 23:00:00,71.09,71.16,70.42,70.5
2026-06-28 00:00:00,70.49,70.82,70.45,70.72
2026-06-28 01:00:00,70.72,70.93,70.44,70.83
2026-06-28 02:00:00,70.84,71.01,70.49,70.73
2026-06-28 03:00:00,70.72,70.98,70.72,70.87
2026-06-28 04:00:00,70.86,70.99,70.55,70.77
2026-06-28 05:00:00,70.77,70.77,70.14,70.52
2026-06-28 06:00:00,70.52,70.56,70.17,70.45
2026-06-28 07:00:00,70.45,71.09,70.44,71.08
2026-06-28 08:00:00,71.08,72.2,71.06,71.91
2026-06-28 09:00:00,71.91,72.05,71.45,71.54
2026-06-28 10:00:00,71.53,71.6,71.11,71.48
2026-06-28 11:00:00,71.48,72.03,71.41,71.92
2026-06-28 12:00:00,71.92,72.41,71.65,71.88
2026-06-28 13:00:00,71.87,72.1,71.33,71.74
2026-06-28 14:00:00,71.74,72.2,71.65,71.65
2026-06-28 15:00:00,71.66,72.12,71.45,72.09
2026-06-28 16:00:00,72.09,72.13,71.16,71.56
2026-06-28 17:00:00,71.56,71.98,70.97,71.55
2026-06-28 18:00:00,71.55,71.73,71,71.18
2026-06-28 19:00:00,71.18,71.32,70.25,70.74
2026-06-28 20:00:00,70.73,71.29,70.66,70.92
2026-06-28 21:00:00,70.92,71.07,70.26,70.46
2026-06-28 22:00:00,70.47,71.53,69.74,70.24
2026-06-28 23:00:00,70.23,71.82,70.14,71.38
2026-06-29 00:00:00,71.39,71.7,70.35,71.66
2026-06-29 01:00:00,71.66,71.7,70.95,71.49
2026-06-29 02:00:00,71.49,72.21,70.51,72.18
2026-06-29 03:00:00,72.19,73.33,72.18,72.68
2026-06-29 04:00:00,72.68,72.69,71.64,71.68
2026-06-29 05:00:00,71.69,72.35,71.03,72.32
2026-06-29 06:00:00,72.33,73.12,72.21,72.39
2026-06-29 07:00:00,72.39,72.93,72.08,72.72
2026-06-29 08:00:00,72.72,73.02,72.39,72.73
2026-06-29 09:00:00,72.72,73.17,72.61,72.94
2026-06-29 10:00:00,72.94,73.68,72.94,73.25
2026-06-29 11:00:00,73.25,73.28,72.25,72.52
2026-06-29 12:00:00,72.53,74.55,72.12,73.52
2026-06-29 13:00:00,73.52,74.35,72.72,73.74
2026-06-29 14:00:00,73.74,74.01,72.32,73.73
2026-06-29 15:00:00,73.74,74.43,72.79,73.92
2026-06-29 16:00:00,73.92,74.16,72.89,74.03
2026-06-29 17:00:00,74.02,76.49,74,75.31
2026-06-29 18:00:00,75.31,75.84,75.14,75.59
2026-06-29 19:00:00,75.6,76.22,75.41,75.98
2026-06-29 20:00:00,75.98,76,75.27,75.37
2026-06-29 21:00:00,75.38,75.8,75.23,75.53
2026-06-29 22:00:00,75.52,75.66,75.05,75.27
2026-06-29 23:00:00,75.28,75.44,74.89,75.16
2026-06-30 00:00:00,75.17,75.24,74.19,74.42
2026-06-30 01:00:00,74.43,74.67,74.05,74.41
2026-06-30 02:00:00,74.41,74.84,74.04,74.59
2026-06-30 03:00:00,74.6,74.89,74.14,74.19
2026-06-30 04:00:00,74.19,74.25,73.69,74.02
2026-06-30 05:00:00,74.03,74.23,73.85,74.23
2026-06-30 06:00:00,74.23,74.26,73.91,74.17
2026-06-30 07:00:00,74.17,74.25,73.86,74.16
2026-06-30 08:00:00,74.16,75.8,73.3,73.64
2026-06-30 09:00:00,73.63,73.88,73.55,73.8
2026-06-30 10:00:00,73.8,73.9,73.48,73.69
2026-06-30 11:00:00,73.69,73.78,73.34,73.4
2026-06-30 12:00:00,73.41,73.42,72.06,72.08
2026-06-30 13:00:00,72.08,72.94,71.9,72.88
2026-06-30 14:00:00,72.87,73.91,72.74,72.95
2026-06-30 15:00:00,72.96,74.1,72.6,73.13
2026-06-30 16:00:00,73.14,73.72,72.73,73.52
2026-06-30 17:00:00,73.52,73.93,73.16,73.18
2026-06-30 18:00:00,73.17,73.8,72.95,73.6
2026-06-30 19:00:00,73.6,73.97,73.35,73.75
2026-06-30 20:00:00,73.74,73.94,73.53,73.69
2026-06-30 21:00:00,73.69,73.8,73.19,73.49
2026-06-30 22:00:00,73.5,73.75,73.27,73.43
2026-06-30 23:00:00,73.44,73.71,73.32,73.67
2026-07-01 00:00:00,73.67,73.88,73.36,73.65
2026-07-01 01:00:00,73.65,74.36,72.25,73.95
2026-07-01 02:00:00,73.95,75.03,73.79,74.78
2026-07-01 03:00:00,74.78,75.69,74.35,75.48
2026-07-01 04:00:00,75.48,75.87,75.25,75.57
2026-07-01 05:00:00,75.56,75.79,75.14,75.25
2026-07-01 06:00:00,75.24,75.28,73.96,74.31
2026-07-01 07:00:00,74.32,74.96,74.1,74.87
2026-07-01 08:00:00,74.87,75.52,74.46,75.44
2026-07-01 09:00:00,75.44,75.58,75.05,75.45
2026-07-01 10:00:00,75.46,75.57,74.97,74.99
2026-07-01 11:00:00,74.99,75.32,74.64,74.84
2026-07-01 12:00:00,74.84,74.96,74.27,74.62
2026-07-01 13:00:00,74.61,76.34,74.61,76.04
2026-07-01 14:00:00,76.04,77.27,75.64,76.97
2026-07-01 15:00:00,76.97,77.8,76.82,77.43
2026-07-01 16:00:00,77.43,78.25,76.91,77.17
2026-07-01 17:00:00,77.17,77.98,76.85,77.77
2026-07-01 18:00:00,77.77,77.91,77.29,77.42
2026-07-01 19:00:00,77.42,77.69,76.8,77
2026-07-01 20:00:00,77.01,77.51,76.59,77.42
2026-07-01 21:00:00,77.43,78.7,77.43,78.42
2026-07-01 22:00:00,78.41,78.96,77.77,77.87
2026-07-01 23:00:00,77.86,77.9,77.26,77.46
2026-07-02 00:00:00,77.46,77.46,76.9,77.26
2026-07-02 01:00:00,77.27,78.71,77.23,78.2
2026-07-02 02:00:00,78.2,78.6,77.8,78.44
2026-07-02 03:00:00,78.44,78.96,77.76,78.72
2026-07-02 04:00:00,78.71,78.72,78.06,78.29
2026-07-02 05:00:00,78.28,78.36,77.79,78.11
2026-07-02 06:00:00,78.11,78.64,77.74,77.9
2026-07-02 07:00:00,77.91,78.2,77.59,77.99
2026-07-02 08:00:00,78,78.52,77.94,78.48
2026-07-02 09:00:00,78.48,79.8,78.29,79.5
2026-07-02 10:00:00,79.49,82.18,79.43,82.09
2026-07-02 11:00:00,82.09,82.78,81.51,82.38
2026-07-02 12:00:00,82.37,82.45,81.12,81.41
2026-07-02 13:00:00,81.4,81.99,80.72,81.51
2026-07-02 14:00:00,81.5,81.53,80.12,80.54
2026-07-02 15:00:00,80.54,80.92,80.09,80.86
2026-07-02 16:00:00,80.87,81.11,80.15,80.56
2026-07-02 17:00:00,80.55,81.24,80.51,80.63
2026-07-02 18:00:00,80.64,81.26,80.64,81.04
2026-07-02 19:00:00,81.04,81.32,80.8,80.83
2026-07-02 20:00:00,80.84,81.11,80.58,81.03
2026-07-02 21:00:00,81.03,81.17,80.5,80.8
2026-07-02 22:00:00,80.79,80.89,80.41,80.66
2026-07-02 23:00:00,80.66,80.78,80.5,80.73
2026-07-03 00:00:00,80.72,80.92,80.52,80.75
2026-07-03 01:00:00,80.74,81.69,80.71,81.48
2026-07-03 02:00:00,81.49,81.68,80.66,80.82
2026-07-03 03:00:00,80.81,80.98,80.34,80.73
2026-07-03 04:00:00,80.72,80.81,80.44,80.51
2026-07-03 05:00:00,80.5,81.26,80.47,81.15
2026-07-03 06:00:00,81.16,81.39,80.73,80.96
2026-07-03 07:00:00,80.97,81.51,80.83,81.22
2026-07-03 08:00:00,81.23,81.53,80.84,80.92
2026-07-03 09:00:00,80.91,81.3,80.67,81.02
2026-07-03 10:00:00,81.02,81.88,80.87,81.54
2026-07-03 11:00:00,81.55,81.71,81.25,81.58
2026-07-03 12:00:00,81.57,81.78,81.23,81.53
2026-07-03 13:00:00,81.54,81.85,81.43,81.61
2026-07-03 14:00:00,81.61,81.84,80.91,81.69
2026-07-03 15:00:00,81.69,82.06,81.15,81.21
2026-07-03 16:00:00,81.21,81.57,81.08,81.54
2026-07-03 17:00:00,81.54,81.98,81.47,81.78
2026-07-03 18:00:00,81.79,82.37,81.63,82.12
2026-07-03 19:00:00,82.12,83.22,82.08,82.48
2026-07-03 20:00:00,82.47,83,82.24,82.72
2026-07-03 21:00:00,82.72,83.05,82.16,82.66
2026-07-03 22:00:00,82.67,82.68,82.25,82.34
2026-07-03 23:00:00,82.35,82.51,82.18,82.34
2026-07-04 00:00:00,82.35,82.74,82.26,82.39
2026-07-04 01:00:00,82.39,82.39,81.8,81.95
2026-07-04 02:00:00,81.94,82.4,81.9,82.18
2026-07-04 03:00:00,82.18,82.85,82.05,82.74
2026-07-04 04:00:00,82.74,83.98,82.66,83.48
2026-07-04 05:00:00,83.47,83.49,82.9,83.38
2026-07-04 06:00:00,83.38,83.59,82.39,82.55
2026-07-04 07:00:00,82.55,82.83,82.26,82.72
2026-07-04 08:00:00,82.72,82.78,82.25,82.32
2026-07-04 09:00:00,82.31,82.34,81.61,81.74
2026-07-04 10:00:00,81.74,81.94,81.42,81.65
2026-07-04 11:00:00,81.64,81.93,81.53,81.82
2026-07-04 12:00:00,81.82,82,81.36,81.59
2026-07-04 13:00:00,81.59,81.92,81.39,81.66
2026-07-04 14:00:00,81.65,81.87,81.55,81.8
2026-07-04 15:00:00,81.8,82.42,81.72,82.23
2026-07-04 16:00:00,82.24,82.39,82,82.22
2026-07-04 17:00:00,82.21,82.83,81.9,82.52
2026-07-04 18:00:00,82.53,82.62,82.1,82.27
2026-07-04 19:00:00,82.27,82.34,81.71,81.88
2026-07-04 20:00:00,81.88,82.29,81.58,81.98
2026-07-04 21:00:00,81.99,82.23,81.85,82
2026-07-04 22:00:00,81.99,82.04,81.79,81.94
2026-07-04 23:00:00,81.93,81.94,81.45,81.8
2026-07-05 00:00:00,81.8,81.84,81.12,81.3
2026-07-05 01:00:00,81.31,81.46,80.54,80.84
2026-07-05 02:00:00,80.85,80.89,80.2,80.36
2026-07-05 03:00:00,80.37,80.61,80.35,80.56
2026-07-05 04:00:00,80.56,80.87,80.41,80.6
2026-07-05 05:00:00,80.59,80.59,80.24,80.48
2026-07-05 06:00:00,80.48,80.67,80.34,80.6
2026-07-05 07:00:00,80.6,80.77,80.37,80.72
2026-07-05 08:00:00,80.72,80.87,80.46,80.5
2026-07-05 09:00:00,80.5,80.55,79.68,79.9
2026-07-05 10:00:00,79.9,80.45,79.75,80.44
2026-07-05 11:00:00,80.44,80.66,80.36,80.57
2026-07-05 12:00:00,80.57,81.32,80.37,80.76
2026-07-05 13:00:00,80.76,81.25,80.69,81.25
2026-07-05 14:00:00,81.25,81.6,81.03,81.46
2026-07-05 15:00:00,81.45,81.75,81.12,81.36
2026-07-05 16:00:00,81.36,81.54,80.91,81.1
2026-07-05 17:00:00,81.09,81.38,81.01,81.14
2026-07-05 18:00:00,81.14,81.27,81,81.01
2026-07-05 19:00:00,81.01,81.13,80.81,81.04
2026-07-05 20:00:00,81.04,81.18,80.96,81.07
2026-07-05 21:00:00,81.08,82.22,80.79,81.8
2026-07-05 22:00:00,81.8,82.43,81.65,81.82
2026-07-05 23:00:00,81.82,82.08,81.44,81.59
2026-07-06 00:00:00,81.59,82.24,81.11,82.2
2026-07-06 01:00:00,82.2,82.33,81.48,81.55
2026-07-06 02:00:00,81.54,81.68,80.82,81.01
2026-07-06 03:00:00,81.01,81.05,80.45,80.8
2026-07-06 04:00:00,80.8,81.02,80.7,80.82
2026-07-06 05:00:00,80.81,80.82,80.15,80.42
2026-07-06 06:00:00,80.42,80.53,80.26,80.35
2026-07-06 07:00:00,80.36,81.02,80.27,80.82
2026-07-06 08:00:00,80.83,81.08,80.3,80.49
2026-07-06 09:00:00,80.49,80.5,80.06,80.08
2026-07-06 10:00:00,80.07,80.71,80.06,80.67
2026-07-06 11:00:00,80.66,81,80.38,80.39
2026-07-06 12:00:00,80.39,80.64,79.27,79.46
2026-07-06 13:00:00,79.46,80.91,79.23,80.16
2026-07-06 14:00:00,80.17,80.79,79.86,80.29
2026-07-06 15:00:00,80.3,81.54,80.29,81.5
2026-07-06 16:00:00,81.5,82.4,81.29,82.1
2026-07-06 17:00:00,82.1,82.19,81.45,81.65
2026-07-06 18:00:00,81.64,82.3,81.31,81.99
2026-07-06 19:00:00,81.99,82.18,81.81,82.07
2026-07-06 20:00:00,82.08,82.25,81.68,82.1
2026-07-06 21:00:00,82.1,83.74,82.06,82.82
2026-07-06 22:00:00,82.83,82.88,82.25,82.32
2026-07-06 23:00:00,82.33,82.43,81.91,81.94
2026-07-07 00:00:00,81.94,82.5,81.82,82.36
2026-07-07 01:00:00,82.36,82.37,81.81,81.9
2026-07-07 02:00:00,81.9,81.99,81.29,81.35
2026-07-07 03:00:00,81.36,81.48,80.97,81.05
2026-07-07 04:00:00,81.05,81.1,80.65,80.92
2026-07-07 05:00:00,80.91,81.22,80.46,81.11
2026-07-07 06:00:00,81.11,81.64,80.81,81.54
2026-07-07 07:00:00,81.55,81.76,81.35,81.5
2026-07-07 08:00:00,81.51,81.6,81.21,81.28
2026-07-07 09:00:00,81.28,81.49,81.14,81.31
2026-07-07 10:00:00,81.31,81.59,80.93,80.99
2026-07-07 11:00:00,80.99,81.4,80.76,81.32
2026-07-07 12:00:00,81.32,82,81.3,81.45
2026-07-07 13:00:00,81.45,81.62,80.66,80.84
2026-07-07 14:00:00,80.85,81.92,80.51,81.81
2026-07-07 15:00:00,81.81,82.36,81.5,82.11
2026-07-07 16:00:00,82.11,82.57,81.82,82.22
2026-07-07 17:00:00,82.21,82.79,82.09,82.72
2026-07-07 18:00:00,82.73,82.73,81.24,81.3
2026-07-07 19:00:00,81.3,81.56,80.78,81.37
2026-07-07 20:00:00,81.38,81.49,81.01,81.17
2026-07-07 21:00:00,81.17,81.42,80.57,80.84
2026-07-07 22:00:00,80.83,81.1,80.34,80.88
2026-07-07 23:00:00,80.87,81.15,80.51,80.58
2026-07-08 00:00:00,80.58,80.78,80.35,80.37
2026-07-08 01:00:00,80.37,80.42,78.82,79.1
2026-07-08 02:00:00,79.09,79.18,78.22,79.06
2026-07-08 03:00:00,79.07,79.34,78.62,78.73
2026-07-08 04:00:00,78.73,78.93,78.35,78.64
2026-07-08 05:00:00,78.65,78.82,78.35,78.42
2026-07-08 06:00:00,78.43,78.46,77.95,78.23
2026-07-08 07:00:00,78.23,78.34,77.8,78.28
2026-07-08 08:00:00,78.29,78.43,76.9,77.25
2026-07-08 09:00:00,77.26,77.49,77.01,77.19
2026-07-08 10:00:00,77.19,77.5,76.94,77.33
2026-07-08 11:00:00,77.33,77.71,77.08,77.56
2026-07-08 12:00:00,77.56,77.66,77.02,77.03
2026-07-08 13:00:00,77.03,77.47,76.64,77.31
2026-07-08 14:00:00,77.3,77.42,76.71,77.11
2026-07-08 15:00:00,77.11,77.15,76.29,76.75
2026-07-08 16:00:00,76.76,77.36,76.76,77.29
2026-07-08 17:00:00,77.29,77.68,77.04,77.13
2026-07-08 18:00:00,77.13,77.36,76.82,77.14
2026-07-08 19:00:00,77.15,77.49,76.95,77.42
2026-07-08 20:00:00,77.42,77.57,77.05,77.17
2026-07-08 21:00:00,77.18,77.35,76.93,77.26
2026-07-08 22:00:00,77.26,77.59,77.18,77.55
2026-07-08 23:00:00,77.54,77.95,77.43,77.83
2026-07-09 00:00:00,77.83,77.9,77.52,77.71
2026-07-09 01:00:00,77.72,78.78,77.25,77.35
2026-07-09 02:00:00,77.35,77.84,76.98,77.07
2026-07-09 03:00:00,77.06,77.41,76.71,77.38
2026-07-09 04:00:00,77.39,78.04,77.22,77.99
2026-07-09 05:00:00,77.98,78.4,77.74,78.4
2026-07-09 06:00:00,78.4,78.62,78.11,78.49
2026-07-09 07:00:00,78.5,78.83,78.14,78.21
2026-07-09 08:00:00,78.22,78.41,77.96,78.11
2026-07-09 09:00:00,78.11,78.18,77.86,78.14
2026-07-09 10:00:00,78.13,78.22,77.52,77.68
2026-07-09 11:00:00,77.69,77.78,77.32,77.61
2026-07-09 12:00:00,77.61,78.21,77.41,77.64
2026-07-09 13:00:00,77.64,78.49,77.35,78.22
2026-07-09 14:00:00,78.22,78.35,77.58,77.88
2026-07-09 15:00:00,77.88,78.2,77.51,77.63
2026-07-09 16:00:00,77.63,77.81,77.26,77.69
2026-07-09 17:00:00,77.69,78.16,77.63,78.06
2026-07-09 18:00:00,78.06,78.43,78,78.19
2026-07-09 19:00:00,78.2,78.32,77.91,78.15
2026-07-09 20:00:00,78.16,78.32,77.98,78.15
2026-07-09 21:00:00,78.16,78.29,77.9,78.04
2026-07-09 22:00:00,78.05,78.29,77.99,78.11
2026-07-09 23:00:00,78.11,78.21,77.74,78.04
2026-07-10 00:00:00,78.05,78.16,77.79,78.12
2026-07-10 01:00:00,78.12,79.45,77.94,79.05
2026-07-10 02:00:00,79.06,79.16,78.83,79.05
2026-07-10 03:00:00,79.05,79.13,78.73,79.07
2026-07-10 04:00:00,79.07,79.11,78.84,78.97
2026-07-10 05:00:00,78.97,79.37,78.87,79.18
2026-07-10 06:00:00,79.18,79.24,78.86,78.92
2026-07-10 07:00:00,78.92,79.08,78.75,78.87
2026-07-10 08:00:00,78.87,79.42,78.81,79.2
2026-07-10 09:00:00,79.19,79.38,78.95,79.22
2026-07-10 10:00:00,79.23,79.68,79.15,79.39
2026-07-10 11:00:00,79.4,79.52,79.18,79.36
2026-07-10 12:00:00,79.37,79.56,78.9,78.92
2026-07-10 13:00:00,78.92,79.35,78.77,78.99
2026-07-10 14:00:00,78.98,78.98,77.07,77.91
2026-07-10 15:00:00,77.9,78.36,77.78,78.14
2026-07-10 16:00:00,78.15,78.26,77.66,78.14
2026-07-10 17:00:00,78.14,78.17,77.58,77.59
2026-07-10 18:00:00,77.58,77.91,77.33,77.53
2026-07-10 19:00:00,77.52,78.05,77.45,77.89
2026-07-10 20:00:00,77.9,77.99,77.71,77.76
2026-07-10 21:00:00,77.75,78.11,77.73,78
2026-07-10 22:00:00,78,78.25,77.94,78.17
2026-07-10 23:00:00,78.17,78.18,77.93,78.13
2026-07-11 00:00:00,78.14,78.14,77.79,77.85
2026-07-11 01:00:00,77.85,78.07,77.47,77.54
2026-07-11 02:00:00,77.54,77.83,77.49,77.78
2026-07-11 03:00:00,77.78,77.88,77.6,77.79
2026-07-11 04:00:00,77.8,77.86,77.65,77.74
2026-07-11 05:00:00,77.74,77.98,77.6,77.9
2026-07-11 06:00:00,77.91,78.12,77.79,78.06
2026-07-11 07:00:00,78.07,78.11,77.93,78
2026-07-11 08:00:00,77.99,78.18,77.95,78.17
2026-07-11 09:00:00,78.16,78.34,77.83,77.84
2026-07-11 10:00:00,77.84,78.11,77.75,78.05
2026-07-11 11:00:00,78.05,78.15,77.99,78.13
2026-07-11 12:00:00,78.13,78.21,77.95,78.08
2026-07-11 13:00:00,78.09,78.45,78.03,78.18
2026-07-11 14:00:00,78.17,78.74,78.17,78.5
2026-07-11 15:00:00,78.5,78.88,77.97,78.38
2026-07-11 16:00:00,78.39,78.4,77.63,77.94
2026-07-11 17:00:00,77.93,78.19,77.82,78.09
2026-07-11 18:00:00,78.08,78.31,78,78.08
2026-07-11 19:00:00,78.08,78.15,77.88,78.15
2026-07-11 20:00:00,78.15,78.28,78.11,78.17
2026-07-11 21:00:00,78.17,78.32,78.13,78.23
2026-07-11 22:00:00,78.23,78.27,77.75,77.89
2026-07-11 23:00:00,77.89,77.93,76.77,76.79
2026-07-12 00:00:00,76.79,76.88,75.65,76.11
2026-07-12 01:00:00,76.1,76.88,76.04,76.84
2026-07-12 02:00:00,76.83,76.92,76.63,76.86
2026-07-12 03:00:00,76.86,77.09,76.75,77.04
2026-07-12 04:00:00,77.05,77.08,76.61,76.71
2026-07-12 05:00:00,76.71,76.83,76.38,76.44
2026-07-12 06:00:00,76.44,76.44,75.85,76.37
2026-07-12 07:00:00,76.37,76.71,76.31,76.51
2026-07-12 08:00:00,76.52,76.83,76.47,76.7
2026-07-12 09:00:00,76.71,76.91,76.39,76.75
2026-07-12 10:00:00,76.76,76.85,76.66,76.71
2026-07-12 11:00:00,76.72,77.28,76.53,76.95
2026-07-12 12:00:00,76.94,77.24,76.78,77.19
2026-07-12 13:00:00,77.19,77.49,77.13,77.15
2026-07-12 14:00:00,77.16,77.71,76.97,77.55
2026-07-12 15:00:00,77.55,77.62,77.28,77.46
2026-07-12 16:00:00,77.47,77.67,77.38,77.54
2026-07-12 17:00:00,77.55,77.61,77.23,77.35
2026-07-12 18:00:00,77.35,77.65,77.24,77.57
2026-07-12 19:00:00,77.58,77.78,77.44,77.68
2026-07-12 20:00:00,77.67,77.71,77.44,77.46
2026-07-12 21:00:00,77.46,77.7,76.97,77.1
2026-07-12 22:00:00,77.1,77.1,76.46,76.77
2026-07-12 23:00:00,76.77,76.95,76.65,76.92
2026-07-13 00:00:00,76.92,78.2,76.82,77.52
2026-07-13 01:00:00,77.52,77.66,76.29,76.32
2026-07-13 02:00:00,76.32,76.67,76.13,76.48
2026-07-13 03:00:00,76.48,76.5,75.43,75.86
2026-07-13 04:00:00,75.87,76.17,75.72,75.92
2026-07-13 05:00:00,75.93,76.47,75.74,76.4
2026-07-13 06:00:00,76.4,76.59,76.28,76.34
2026-07-13 07:00:00,76.34,76.69,76.23,76.44
2026-07-13 08:00:00,76.45,76.9,76.36,76.73
2026-07-13 09:00:00,76.74,76.75,76.6,76.62
2026-07-13 10:00:00,76.63,76.63,76.1,76.29
2026-07-13 11:00:00,76.29,76.59,76.28,76.34
2026-07-13 12:00:00,76.35,76.41,75.74,75.85
2026-07-13 13:00:00,75.85,75.95,75.11,75.4
2026-07-13 14:00:00,75.4,76.18,75.34,76.16
2026-07-13 15:00:00,76.16,76.31,75.75,75.81
2026-07-13 16:00:00,75.82,76.04,75.2,75.3
2026-07-13 17:00:00,75.3,75.47,74.52,74.59
2026-07-13 18:00:00,74.6,75.04,74.57,74.86
2026-07-13 19:00:00,74.87,75.25,74.75,75.2
2026-07-13 20:00:00,75.19,75.35,74.59,74.8
2026-07-13 21:00:00,74.81,74.81,74.1,74.42
2026-07-13 22:00:00,74.41,74.75,74.4,74.52
2026-07-13 23:00:00,74.52,75.02,74.41,75.01
2026-07-14 00:00:00,75.02,75.49,74.83,75.45
2026-07-14 01:00:00,75.45,75.56,75.22,75.3
2026-07-14 02:00:00,75.31,75.33,74.87,75.08
2026-07-14 03:00:00,75.08,75.17,74.56,75.15
2026-07-14 04:00:00,75.15,75.34,75.04,75.15
2026-07-14 05:00:00,75.16,75.48,75.1,75.42
2026-07-14 06:00:00,75.41,75.44,75.1,75.16
2026-07-14 07:00:00,75.16,75.26,74.91,74.97
2026-07-14 08:00:00,74.98,75.39,74.85,75.16
2026-07-14 09:00:00,75.16,75.31,74.88,75.08
2026-07-14 10:00:00,75.08,75.6,74.96,75.47
2026-07-14 11:00:00,75.48,75.62,75.34,75.4
2026-07-14 12:00:00,75.4,76.98,75.19,76.86
2026-07-14 13:00:00,76.86,77.73,76.5,76.94
2026-07-14 14:00:00,76.94,77.5,76.68,77.35
2026-07-14 15:00:00,77.35,77.95,77.18,77.38
2026-07-14 16:00:00,77.39,77.65,77.12,77.28
2026-07-14 17:00:00,77.29,77.3,76.81,77.18
2026-07-14 18:00:00,77.18,77.34,77,77.29
2026-07-14 19:00:00,77.3,77.53,77.11,77.17
2026-07-14 20:00:00,77.18,77.22,76.93,77.18
2026-07-14 21:00:00,77.18,77.41,77.13,77.21
2026-07-14 22:00:00,77.22,77.95,77.1,77.62
2026-07-14 23:00:00,77.63,77.92,77.55,77.87
2026-07-15 00:00:00,77.87,77.92,77.47,77.66
2026-07-15 01:00:00,77.67,77.82,77.28,77.44
2026-07-15 02:00:00,77.43,77.59,77.03,77.29
2026-07-15 03:00:00,77.3,77.9,77.23,77.78
2026-07-15 04:00:00,77.78,78.18,77.54,78.02
2026-07-15 05:00:00,78.02,78.33,77.65,78.26
2026-07-15 06:00:00,78.26,78.7,77.94,77.94
2026-07-15 07:00:00,77.95,78.01,77.4,77.42
2026-07-15 08:00:00,77.42,77.62,77.23,77.58
2026-07-15 09:00:00,77.57,77.91,77.43,77.49
2026-07-15 10:00:00,77.49,77.71,77.23,77.37
2026-07-15 11:00:00,77.37,77.53,77.34,77.52
2026-07-15 12:00:00,77.53,78.31,77.26,78.28
2026-07-15 13:00:00,78.28,79.04,77.71,78.11
2026-07-15 14:00:00,78.11,78.39,77.78,78.22
2026-07-15 15:00:00,78.22,78.25,77.76,78.07
2026-07-15 16:00:00,78.06,78.12,77.07,77.63
2026-07-15 17:00:00,77.63,78.05,77.5,77.82
2026-07-15 18:00:00,77.82,78.09,77.51,77.58
2026-07-15 19:00:00,77.59,77.69,76.94,77.18
2026-07-15 20:00:00,77.18,77.54,77.1,77.38
2026-07-15 21:00:00,77.38,77.52,77.24,77.41
2026-07-15 22:00:00,77.41,77.74,77.3,77.48
2026-07-15 23:00:00,77.48,77.61,77.21,77.29
2026-07-16 00:00:00,77.28,77.48,76.7,76.95
2026-07-16 01:00:00,76.94,77.15,76.7,77.09
2026-07-16 02:00:00,77.09,77.15,76.86,77.13
2026-07-16 03:00:00,77.13,77.28,76.81,76.95
2026-07-16 04:00:00,76.95,77.02,76.59,76.81
2026-07-16 05:00:00,76.82,77.52,76.74,77.48
2026-07-16 06:00:00,77.49,77.64,77.12,77.35
2026-07-16 07:00:00,77.35,77.35,76.14,76.41
2026-07-16 08:00:00,76.42,76.48,75.64,76.16
2026-07-16 09:00:00,76.16,76.26,75.99,76.02
2026-07-16 10:00:00,76.03,76.35,76.01,76.21
2026-07-16 11:00:00,76.21,76.29,76.04,76.28
2026-07-16 12:00:00,76.27,76.29,75.69,75.93
2026-07-16 13:00:00,75.92,76.63,75.91,76.36
2026-07-16 14:00:00,76.36,76.8,76.19,76.49
2026-07-16 15:00:00,76.5,76.86,76,76.63
2026-07-16 16:00:00,76.63,76.63,76.1,76.27
2026-07-16 17:00:00,76.27,76.27,75.39,75.61
2026-07-16 18:00:00,75.62,75.92,75.43,75.74
2026-07-16 19:00:00,75.73,75.94,75.62,75.81
2026-07-16 20:00:00,75.8,75.9,75.7,75.8
2026-07-16 21:00:00,75.79,76.08,75.77,75.94
2026-07-16 22:00:00,75.95,76.04,75.24,75.32
2026-07-16 23:00:00,75.32,75.42,75.01,75.32
2026-07-17 00:00:00,75.33,75.56,74.92,75.55
2026-07-17 01:00:00,75.56,75.75,74.98,75.1
2026-07-17 02:00:00,75.09,75.28,74.75,75
2026-07-17 03:00:00,75,75.45,74.99,75.23
2026-07-17 04:00:00,75.23,75.34,74.75,75.24
2026-07-17 05:00:00,75.23,75.23,74.29,74.4
2026-07-17 06:00:00,74.39,74.77,74.31,74.6
2026-07-17 07:00:00,74.6,74.76,74.42,74.61
2026-07-17 08:00:00,74.62,74.69,74.2,74.53
2026-07-17 09:00:00,74.53,74.82,74.47,74.65
2026-07-17 10:00:00,74.66,74.88,74.63,74.8
2026-07-17 11:00:00,74.8,75,74.64,74.86
2026-07-17 12:00:00,74.86,74.88,74.37,74.4
2026-07-17 13:00:00,74.4,74.4,73.39,74.33
2026-07-17 14:00:00,74.34,74.81,74.09,74.32
2026-07-17 15:00:00,74.32,74.78,73.8,74.77
2026-07-17 16:00:00,74.78,75.12,74.61,74.94
2026-07-17 17:00:00,74.95,75.6,74.95,75.24
2026-07-17 18:00:00,75.24,75.41,74.98,75.32
2026-07-17 19:00:00,75.32,75.37,74.86,75.2
2026-07-17 20:00:00,75.2,75.21,74.89,75.11
2026-07-17 21:00:00,75.11,75.24,74.96,75.01
2026-07-17 22:00:00,75.01,75.13,74.84,75.02
2026-07-17 23:00:00,75.03,75.14,74.85,75.04
2026-07-18 00:00:00,75.04,75.27,74.99,75.09
2026-07-18 01:00:00,75.1,75.24,75.04,75.23
2026-07-18 02:00:00,75.23,75.45,75.15,75.21
2026-07-18 03:00:00,75.21,75.38,75.14,75.38
2026-07-18 04:00:00,75.37,75.39,75.05,75.1
2026-07-18 05:00:00,75.11,75.12,74.87,74.92
2026-07-18 06:00:00,74.93,75.09,74.92,74.98
2026-07-18 07:00:00,74.98,75.05,74.9,74.97
2026-07-18 08:00:00,74.97,75.04,74.79,74.96
2026-07-18 09:00:00,74.96,75.01,74.66,74.85
2026-07-18 10:00:00,74.84,74.95,74.8,74.91
2026-07-18 11:00:00,74.91,75.02,74.89,74.97
2026-07-18 12:00:00,74.96,75.19,74.72,75.01
2026-07-18 13:00:00,75,75.01,74.5,74.73
2026-07-18 14:00:00,74.73,75.01,74.65,74.98
2026-07-18 15:00:00,74.99,75.04,74.81,74.97
2026-07-18 16:00:00,74.96,75.29,74.84,75.17
2026-07-18 17:00:00,75.17,75.41,75.06,75.35
2026-07-18 18:00:00,75.36,75.67,75.18,75.29
2026-07-18 19:00:00,75.28,75.45,75.23,75.44
2026-07-18 20:00:00,75.45,75.58,75.34,75.47
2026-07-18 21:00:00,75.47,75.64,75.35,75.49
2026-07-18 22:00:00,75.48,75.61,75.39,75.57
2026-07-18 23:00:00,75.57,75.6,75.4,75.52
2026-07-19 00:00:00,75.53,75.68,75.45,75.63
2026-07-19 01:00:00,75.64,75.74,75.51,75.68
2026-07-19 02:00:00,75.68,76.57,75.67,76.21
2026-07-19 03:00:00,76.2,76.45,75.81,75.96
2026-07-19 04:00:00,75.95,76.08,75.74,76
2026-07-19 05:00:00,76.01,76.1,75.9,75.97
2026-07-19 06:00:00,75.98,76.17,75.95,76.11
2026-07-19 07:00:00,76.12,76.34,76.01,76.14
2026-07-19 08:00:00,76.14,76.38,76.08,76.28
2026-07-19 09:00:00,76.28,76.31,75.93,75.99
2026-07-19 10:00:00,75.99,76.53,75.9,76.26
2026-07-19 11:00:00,76.26,76.41,76.04,76.06
2026-07-19 12:00:00,76.07,76.18,75.76,76.01
2026-07-19 13:00:00,76.02,76.15,75.88,76.12
2026-07-19 14:00:00,76.12,76.7,76.05,76.43
2026-07-19 15:00:00,76.43,76.48,76.08,76.21
2026-07-19 16:00:00,76.22,76.29,75.87,75.92
2026-07-19 17:00:00,75.92,76.23,75.59,75.97
2026-07-19 18:00:00,75.96,75.98,75.37,75.75
2026-07-19 19:00:00,75.76,75.89,75.63,75.88
2026-07-19 20:00:00,75.89,76.15,75.87,76.14
2026-07-19 21:00:00,76.14,76.24,75.71,75.78
2026-07-19 22:00:00,75.78,76.42,75.63,76.1
2026-07-19 23:00:00,76.1,76.57,75.88,76.38
2026-07-20 00:00:00,76.38,77.12,76.13,76.57
2026-07-20 01:00:00,76.57,77.4,76.29,76.39
2026-07-20 02:00:00,76.39,77.2,76.37,76.98
2026-07-20 03:00:00,76.98,77.09,76.54,76.76
2026-07-20 04:00:00,76.76,76.95,76.3,76.46
2026-07-20 05:00:00,76.46,76.5,75.78,75.92
2026-07-20 06:00:00,75.93,76.05,75.5,75.64
2026-07-20 07:00:00,75.64,76.25,75.54,76.22
2026-07-20 08:00:00,76.22,76.44,75.9,76.15
2026-07-20 09:00:00,76.16,76.75,76.08,76.47
2026-07-20 10:00:00,76.47,76.69,76.34,76.34
2026-07-20 11:00:00,76.35,77.24,76.31,77.14
2026-07-20 12:00:00,77.14,77.15,76.67,76.75
2026-07-20 13:00:00,76.75,77.14,76.14,76.29
2026-07-20 14:00:00,76.29,76.47,75.79,76.15
2026-07-20 15:00:00,76.16,77.92,76.11,77.76
2026-07-20 16:00:00,77.77,77.88,77.45,77.66
2026-07-20 17:00:00,77.66,77.91,77.36,77.74
2026-07-20 18:00:00,77.75,78.38,77.6,77.67
2026-07-20 19:00:00,77.66,77.73,77.29,77.63
2026-07-20 20:00:00,77.64,78.05,77.54,77.88
2026-07-20 21:00:00,77.88,78.03,77.74,77.74
2026-07-20 22:00:00,77.74,77.84,77.44,77.44
2026-07-20 23:00:00,77.44,77.89,77.43,77.85
2026-07-21 00:00:00,77.85,78.29,77.75,78.12
2026-07-21 01:00:00,78.11,78.22,77.83,77.84
2026-07-21 02:00:00,77.84,78.25,77.66,78.02
2026-07-21 03:00:00,78.03,78.55,78.02,78.19
2026-07-21 04:00:00,78.2,78.39,78.02,78.13
2026-07-21 05:00:00,78.12,78.67,78.11,78.45
2026-07-21 06:00:00,78.46,78.88,78.3,78.67
2026-07-21 07:00:00,78.67,78.75,78.48,78.56
2026-07-21 08:00:00,78.57,78.75,78.34,78.36
2026-07-21 09:00:00,78.37,78.51,78.15,78.43
2026-07-21 10:00:00,78.43,78.49,78.07,78.22
2026-07-21 11:00:00,78.22,78.43,78.1,78.36
2026-07-21 12:00:00,78.36,78.55,78.27,78.52
2026-07-21 13:00:00,78.53,78.64,78.21,78.58
2026-07-21 14:00:00,78.58,78.64,77.9,78
2026-07-21 15:00:00,78.01,78.16,77.79,78.14
2026-07-21 16:00:00,78.15,78.25,77.97,78.19
2026-07-21 17:00:00,78.2,78.24,77.42,77.72
2026-07-21 18:00:00,77.72,78,77.6,77.85
2026-07-21 19:00:00,77.86,78,77.71,77.87
2026-07-21 20:00:00,77.86,78.11,77.8,77.91
2026-07-21 21:00:00,77.9,78.14,77.8,78.05
2026-07-21 22:00:00,78.04,78.06,77.85,78
2026-07-21 23:00:00,77.99,78.2,77.81,78.12
2026-07-22 00:00:00,78.13,78.59,78.11,78.46
2026-07-22 01:00:00,78.45,78.52,78.15,78.34
2026-07-22 02:00:00,78.35,78.51,78.09,78.13
2026-07-22 03:00:00,78.12,78.24,77.81,77.87
2026-07-22 04:00:00,77.87,78.23,77.83,78.06
2026-07-22 05:00:00,78.06,78.08,77.41,77.43
2026-07-22 06:00:00,77.43,77.5,77.01,77.29
2026-07-22 07:00:00,77.3,77.32,77,77.1
2026-07-22 08:00:00,77.11,77.52,77.06,77.43
2026-07-22 09:00:00,77.43,77.59,77.29,77.55
2026-07-22 10:00:00,77.56,77.74,77.45,77.68
2026-07-22 11:00:00,77.68,77.82,77.48,77.56
2026-07-22 12:00:00,77.56,77.57,77.02,77.24
2026-07-22 13:00:00,77.24,77.95,77.14,77.87
2026-07-22 14:00:00,77.87,78.47,77.4,77.9
2026-07-22 15:00:00,77.9,78.85,77.9,78.47
2026-07-22 16:00:00,78.46,78.81,78.1,78.58
2026-07-22 17:00:00,78.57,78.65,78.15,78.21
2026-07-22 18:00:00,78.22,78.29,77.46,77.74
2026-07-22 19:00:00,77.75,77.81,77.31,77.66
2026-07-22 20:00:00,77.66,77.96,77.58,77.8
2026-07-22 21:00:00,77.8,78.08,77.68,78.02
2026-07-22 22:00:00,78.02,78.12,77.7,78.01
2026-07-22 23:00:00,78.01,78.03,77.5,77.97
2026-07-23 00:00:00,77.97,78.54,77.97,78.27
2026-07-23 01:00:00,78.27,78.41,77.87,77.9
2026-07-23 02:00:00,77.9,77.9,77.4,77.76
2026-07-23 03:00:00,77.76,77.79,77.47,77.6
2026-07-23 04:00:00,77.6,77.83,77.38,77.53
2026-07-23 05:00:00,77.53,77.72,77.4,77.53
2026-07-23 06:00:00,77.53,77.59,77.37,77.57
2026-07-23 07:00:00,77.58,77.58,77.04,77.16
2026-07-23 08:00:00,77.16,77.5,77.11,77.47
2026-07-23 09:00:00,77.47,77.65,77.4,77.49
2026-07-23 10:00:00,77.49,77.81,77.43,77.74
2026-07-23 11:00:00,77.75,77.87,77.57,77.67
2026-07-23 12:00:00,77.67,77.74,76.5,76.94
2026-07-23 13:00:00,76.94,77.05,76.57,76.7
2026-07-23 14:00:00,76.7,76.89,76.34,76.43
2026-07-23 15:00:00,76.44,76.45,75.86,76.39
2026-07-23 16:00:00,76.39,76.39,75.83,76.01
2026-07-23 17:00:00,76,76.17,75.47,75.65
2026-07-23 18:00:00,75.65,75.85,75.56,75.81
2026-07-23 19:00:00,75.81,75.85,75.43,75.75
2026-07-23 20:00:00,75.74,76.18,75.71,76.12
2026-07-23 21:00:00,76.12,76.28,75.92,76.05
2026-07-23 22:00:00,76.05,76.25,75.86,76.19
2026-07-23 23:00:00,76.19,76.26,75.87,75.88
2026-07-24 00:00:00,75.88,75.9,75.53,75.82
2026-07-24 01:00:00,75.83,76.13,75.66,75.7
2026-07-24 02:00:00,75.7,75.92,75.3,75.53
2026-07-24 03:00:00,75.54,75.96,75.48,75.83
2026-07-24 04:00:00,75.84,75.86,75.6,75.66
2026-07-24 05:00:00,75.66,75.92,75.59,75.8
2026-07-24 06:00:00,75.8,76.02,75.73,75.85
2026-07-24 07:00:00,75.85,76.45,75.78,76.07
2026-07-24 08:00:00,76.08,76.11,75.71,75.78
2026-07-24 09:00:00,75.78,75.83,75.36,75.62
2026-07-24 10:00:00,75.62,75.65,75.38,75.49
2026-07-24 11:00:00,75.49,75.51,74.97,75.2
2026-07-24 12:00:00,75.2,75.3,74.81,74.86
2026-07-24 13:00:00,74.86,74.93,73.99,74.22
2026-07-24 14:00:00,74.21,74.27,73.61,74.03
2026-07-24 15:00:00,74.03,74.3,73.69,74.04
2026-07-24 16:00:00,74.04,74.22,73.71,73.9
2026-07-24 17:00:00,73.9,74.15,73.86,74.05
2026-07-24 18:00:00,74.04,74.08,73.9,73.98
2026-07-24 19:00:00,73.98,74.05,73.79,73.97
2026-07-24 20:00:00,73.97,74.03,73.73,73.77
2026-07-24 21:00:00,73.77,73.84,73.44,73.63
2026-07-24 22:00:00,73.64,73.99,73.63,73.94
2026-07-24 23:00:00,73.94,74.03,73.85,73.96
2026-07-25 00:00:00,73.97,74.16,73.94,74.13
2026-07-25 01:00:00,74.13,74.26,74,74.13
2026-07-25 02:00:00,74.12,74.22,74.05,74.11
2026-07-25 03:00:00,74.12,74.33,74.05,74.14
2026-07-25 04:00:00,74.14,74.36,74.13,74.32
2026-07-25 05:00:00,74.32,74.36,73.91,73.99
2026-07-25 06:00:00,73.98,74.03,73.77,74.03
2026-07-25 07:00:00,74.03,74.06,73.79,73.79
2026-07-25 08:00:00,73.79,73.87,73.56,73.79
2026-07-25 09:00:00,73.8,74.04,73.76,74
2026-07-25 10:00:00,73.99,74.04,73.91,73.98
2026-07-25 11:00:00,73.99,74.05,73.86,73.92
2026-07-25 12:00:00,73.92,73.99,73.85,73.97
2026-07-25 13:00:00,73.97,74.2,73.94,73.98
2026-07-25 14:00:00,73.99,74.08,73.78,74.06
2026-07-25 15:00:00,74.06,74.31,74,74.18
2026-07-25 16:00:00,74.18,74.42,74.09,74.32
2026-07-25 17:00:00,74.32,74.63,74.3,74.63
