datetime,open,high,low,close
2021-09-13 08:00:00,157.13000,160.95000,154.95000,160.24001
2021-09-13 12:00:00,160.14999,167.58000,151.25,157.21001
2021-09-13 16:00:00,157.029999,165.89999,154.60001,164.36000
2021-09-13 20:00:00,164.19000,174.96001,164.19000,169.63000
2021-09-14 00:00:00,169.070007,171.64999,163.78000,167.53999
2021-09-14 04:00:00,167.69000,168.75,163.52000,166.24001
2021-09-14 08:00:00,165.95000,171.19000,163.72000,164.81000
2021-09-14 12:00:00,165.12000,165.67000,155.30000,159.16000
2021-09-14 16:00:00,159.39999,160.14000,150.92999,153.89999
2021-09-14 20:00:00,154.48000,159.63000,143.69000,158.44000
2021-09-15 00:00:00,158.64999,163.56000,156.35001,157.49001
2021-09-15 04:00:00,157.17999,166.24001,154.059998,161.96001
2021-09-15 08:00:00,161.97000,164.0099945,156.63000,157.92000
2021-09-15 12:00:00,157.99001,162.48000,155.32001,161.92000
2021-09-15 16:00:00,162.13000,164.52000,160.13000,161.67000
2021-09-15 20:00:00,161.75999,161.75999,156.020004,158.72000
2021-09-16 00:00:00,158.89000,159.38000,152.75999,155.14000
2021-09-16 04:00:00,155,163.029999,155,160.75
2021-09-16 08:00:00,160.60001,161.58000,157.53000,158.50999
2021-09-16 12:00:00,158.42000,159.32001,153.38000,154.71001
2021-09-16 16:00:00,154.73000,159.34000,151.24001,152.48000
2021-09-16 20:00:00,152.070007,152.85001,147.50999,152.28999
2021-09-17 00:00:00,152.59000,153.28999,146.37000,148.55000
2021-09-17 04:00:00,148.67999,150.20000,143,143.52000
2021-09-17 08:00:00,143.31000,145.55000,134.99001,138.97000
2021-09-17 12:00:00,138.73000,145.95000,137.17999,144.36000
2021-09-17 16:00:00,144.58000,145.80000,138.53999,144.55000
2021-09-17 20:00:00,144.57001,148.94000,140.67999,147.38000
2021-09-18 00:00:00,147.60001,148.98000,144.23000,144.84000
2021-09-18 04:00:00,145.080002,158.62000,144.28000,157.64000
2021-09-18 08:00:00,157.70000,164.56000,157.5,160.60001
2021-09-18 12:00:00,160.82001,164.19000,160.25999,163.49001
2021-09-18 16:00:00,163.66000,165.070007,161.070007,162.61000
2021-09-18 20:00:00,162.14999,171.28000,157.92999,169.24001
2021-09-19 00:00:00,168.44000,170.81000,162.31000,164.34000
2021-09-19 04:00:00,164.24001,164.96001,159.95000,161.53999
2021-09-19 08:00:00,161.62000,163.42999,155.23000,156.039993
2021-09-19 12:00:00,155.75999,161.91000,155.75,159.66000
2021-09-19 16:00:00,159.42999,160.050003,153.46001,154.28999
2021-09-19 20:00:00,154.37000,156.64000,150.92000,152.71001
2021-09-20 00:00:00,152.98000,153.25,143.39000,145.34000
2021-09-20 04:00:00,144.91000,146.33000,136.96001,138.92000
2021-09-20 08:00:00,139.089996,143.53000,134.92999,137.56000
2021-09-20 12:00:00,137.46001,146.17999,131.12000,144.42999
2021-09-20 16:00:00,144.45000,145.80000,133.36000,139.070007
2021-09-20 20:00:00,138.56000,142.32001,131.53000,132.50999
2021-09-21 00:00:00,132.74001,141.20000,125.35000,136.67999
2021-09-21 04:00:00,136.42000,143.14999,133.69000,143.14999
2021-09-21 08:00:00,142.64000,144.45000,140.42000,142.77000
2021-09-21 12:00:00,143.11000,143.23000,135.67000,138.50999
2021-09-21 16:00:00,138.20000,138.46001,127.21000,127.40000
2021-09-21 20:00:00,127.050003,128.83000,116.20000,123.81000
2021-09-22 00:00:00,124.61000,132.10001,122.31000,128.78999
2021-09-22 04:00:00,129.23000,133.96001,126.91000,132.98000
2021-09-22 08:00:00,133.089996,133.78999,127.84000,128.78000
2021-09-22 12:00:00,128.67999,142.020004,128.20000,141.80000
2021-09-22 16:00:00,141.70000,151.059998,140.33000,146.5
2021-09-22 20:00:00,146.47000,149.80000,144.14000,147.89999
2021-09-23 00:00:00,148,151.35001,144.89000,148.67999
2021-09-23 04:00:00,149.11000,151.86000,145.85001,151.39999
2021-09-23 08:00:00,151.45000,152.25999,143.089996,144.36000
2021-09-23 12:00:00,144.21001,150.77000,143.77000,146.10001
2021-09-23 16:00:00,146.0099945,151.70000,144.98000,149.66000
2021-09-23 20:00:00,149.95000,150.85001,146.59000,149.91000
2021-09-24 00:00:00,149.89999,150.92999,144.60001,144.84000
2021-09-24 04:00:00,144.62000,146.24001,141,144.91000
2021-09-24 08:00:00,144.72000,146.34000,128.50999,135.17999
2021-09-24 12:00:00,134.81000,140.91000,131.30000,137.84000
2021-09-24 16:00:00,137.67999,139.44000,136.5,138.11000
2021-09-24 20:00:00,138.33000,144.059998,137.92000,139.25
2021-09-25 00:00:00,139.16000,142.070007,136.89000,138.73000
2021-09-25 04:00:00,138.60001,143.92000,138.60001,140.050003
2021-09-25 08:00:00,140.11000,142.080002,135.72000,140.14999
2021-09-25 12:00:00,139.89999,140.46001,136.60001,138.77000
2021-09-25 16:00:00,138.66000,139.11000,135.88000,137.31000
2021-09-25 20:00:00,137.34000,137.41000,133.60001,136.059998
2021-09-26 00:00:00,136.029999,136.21001,128.37000,131.059998
2021-09-26 04:00:00,130.64999,131.98000,124.97000,126.88000
2021-09-26 08:00:00,126.83000,137.22000,125.84000,135.029999
2021-09-26 12:00:00,135.42000,140.25,134.72000,139.81000
2021-09-26 16:00:00,140.14999,140.61000,135.28000,136.14000
2021-09-26 20:00:00,136.47000,139.42000,133.67000,135.75
2021-09-27 00:00:00,135.59000,142.95000,133.75999,139.13000
2021-09-27 04:00:00,139.31000,142.42000,137.92000,138.35001
2021-09-27 08:00:00,138.17999,148.75,137.85001,147.49001
2021-09-27 12:00:00,147.21001,148.25,143.42000,145.42000
2021-09-27 16:00:00,145.28999,145.28999,140.67000,143.36000
2021-09-27 20:00:00,142.97000,142.97000,135.59000,136.36000
2021-09-28 00:00:00,136.17000,138.47000,135.14999,138.11000
2021-09-28 04:00:00,138.21001,139.37000,132.42999,133.55000
2021-09-28 08:00:00,133.69000,136.059998,132.97000,135.81000
2021-09-28 12:00:00,135.89000,136.0099945,130.57001,130.58000
2021-09-28 16:00:00,130.42999,132.12000,128.21001,130.78999
2021-09-28 20:00:00,131.31000,134.50999,130.16000,132.020004
2021-09-29 00:00:00,132.20000,139,132.14999,138.74001
2021-09-29 04:00:00,138.88000,140.0099945,137.89000,139.34000
2021-09-29 08:00:00,139.34000,139.85001,136.99001,139.58000
2021-09-29 12:00:00,139.52000,139.95000,135.21001,135.56000
2021-09-29 16:00:00,135.66000,136.25999,131.71001,131.84000
2021-09-29 20:00:00,132,135.39000,131.22000,135.28999
2021-09-30 00:00:00,135.32001,140.029999,134.89999,139.97000
2021-09-30 04:00:00,140.39999,141.21001,137,137.11000
2021-09-30 08:00:00,136.89000,138.75,134.12000,137.32001
2021-09-30 12:00:00,137.21001,139.55000,137,138.21001
2021-09-30 16:00:00,138.25999,142.83000,136.30000,139.23000
2021-09-30 20:00:00,139.49001,141.58000,138.10001,141.37000
2021-10-01 00:00:00,141.36000,144.86000,138.38000,139.41000
2021-10-01 04:00:00,139.52000,143.66000,139.20000,142.83000
2021-10-01 08:00:00,142.75,155.87000,142.55000,153.28000
2021-10-01 12:00:00,153.34000,158.92000,149.56000,157.16000
2021-10-01 16:00:00,157.5,164.83000,155.63000,162.73000
2021-10-01 20:00:00,162.47000,163.13000,156.78000,161.58000
2021-10-02 00:00:00,161.55000,161.55000,156.17000,156.69000
2021-10-02 04:00:00,156.52000,159.97000,156.46001,158.5
2021-10-02 08:00:00,158.5,159.39000,156.75999,159.070007
2021-10-02 12:00:00,159.089996,170.53000,158.67999,170.27000
2021-10-02 16:00:00,170.42999,174.84000,170.28000,174.78000
2021-10-02 20:00:00,174.57001,174.57001,166.34000,169.080002
2021-10-03 00:00:00,168.99001,171.59000,165.86000,170.45000
2021-10-03 04:00:00,170.83000,173.73000,168.95000,171.75
2021-10-03 08:00:00,171.55000,173.25999,168.94000,171.089996
2021-10-03 12:00:00,171.070007,177.21001,170.5,172.61000
2021-10-03 16:00:00,172.47000,176.88000,172.30000,175.67999
2021-10-03 20:00:00,175.69000,175.96001,167.98000,172.98000
2021-10-04 00:00:00,172.77000,172.89999,166.19000,167.12000
2021-10-04 04:00:00,166.92000,170.020004,164.62000,169.59000
2021-10-04 08:00:00,169.55000,169.78999,165,165.75999
2021-10-04 12:00:00,165.64000,172.5,162.60001,166.42000
2021-10-04 16:00:00,166.44000,172.22000,165.96001,169.089996
2021-10-04 20:00:00,169.25999,169.53999,165.46001,167.10001
2021-10-05 00:00:00,167.17000,170.10001,164.47000,166.81000
2021-10-05 04:00:00,166.86000,167.91000,165.27000,166.080002
2021-10-05 08:00:00,166.10001,169.95000,165.50999,168.19000
2021-10-05 12:00:00,168.58000,169.53000,162.089996,162.45000
2021-10-05 16:00:00,162.34000,163.52000,160.17999,161.74001
2021-10-05 20:00:00,162.080002,166.99001,161.75999,164.59000
2021-10-06 00:00:00,164.72000,165.34000,158.039993,158.039993
2021-10-06 04:00:00,157.91000,159.60001,154.20000,155.94000
2021-10-06 08:00:00,155.81000,156.25,150.25,152.86000
2021-10-06 12:00:00,152.73000,162.77000,152.089996,160.92999
2021-10-06 16:00:00,160.87000,161.58000,158.039993,159.91000
2021-10-06 20:00:00,160.039993,160.039993,152.73000,153.88000
2021-10-07 00:00:00,153.70000,155.029999,150.48000,152.080002
2021-10-07 04:00:00,152,159.28999,151.92999,158.47000
2021-10-07 08:00:00,158.57001,160.11000,154.23000,157.67999
2021-10-07 12:00:00,157.70000,161.12000,153.97000,155.83000
2021-10-07 16:00:00,155.78999,156.86000,153.61000,155.89999
2021-10-07 20:00:00,156.070007,158.71001,153.12000,154.14999
2021-10-08 00:00:00,154.22000,156.96001,152.67000,154.16000
2021-10-08 04:00:00,154.42999,158.89999,152.59000,158.66000
2021-10-08 08:00:00,158.78999,166.56000,158,162.37000
2021-10-08 12:00:00,161.97000,168.71001,160.13000,166.38000
2021-10-08 16:00:00,166.49001,167.94000,162.50999,163.48000
2021-10-08 20:00:00,163.45000,163.45000,157.25,158.53999
2021-10-09 00:00:00,158.81000,160.39999,156.22000,160.029999
2021-10-09 04:00:00,160.16000,161.35001,158.94000,159.17999
2021-10-09 08:00:00,159.17999,160.45000,157.53000,158.59000
2021-10-09 12:00:00,158.42999,160.13000,157.23000,157.98000
2021-10-09 16:00:00,157.98000,158.39000,156.17000,156.39000
2021-10-09 20:00:00,156.39999,157.82001,154.70000,156.75
2021-10-10 00:00:00,156.80000,156.80000,152.60001,155.39999
2021-10-10 04:00:00,155.48000,156.94000,154.75,154.96001
2021-10-10 08:00:00,154.92000,158.47000,154.080002,154.69000
2021-10-10 12:00:00,154.81000,154.83000,152.82001,154.35001
2021-10-10 16:00:00,154.39999,154.48000,152.080002,153.59000
2021-10-10 20:00:00,153.46001,154.67999,145.94000,147.73000
2021-10-11 00:00:00,147.53000,151.47000,145.49001,151.47000
2021-10-11 04:00:00,151.99001,152.88000,150.45000,152.32001
2021-10-11 08:00:00,152.46001,153.98000,147.14999,148.53000
2021-10-11 12:00:00,148.55000,149.94000,147.050003,147.75
2021-10-11 16:00:00,147.89000,148.050003,141.44000,141.78999
2021-10-11 20:00:00,141.37000,145.42000,140.46001,144.86000
2021-10-12 00:00:00,144.82001,145.73000,140.97000,143.16000
2021-10-12 04:00:00,142.95000,145.46001,141.31000,143.30000
2021-10-12 08:00:00,143.28999,145.13000,140.23000,142.46001
2021-10-12 12:00:00,142.62000,145.17000,137.73000,143.48000
2021-10-12 16:00:00,143.46001,153.34000,142.94000,149.94000
2021-10-12 20:00:00,150.020004,152.94000,148.46001,152.53999
2021-10-13 00:00:00,152.25,155.37000,148.53000,149.25999
2021-10-13 04:00:00,149.050003,150.34000,145.039993,145.58000
2021-10-13 08:00:00,147.20000,147.28999,145.59000,146.83000
2021-10-13 12:00:00,146.78000,147.33000,144.41000,146.14999
2021-10-13 16:00:00,146.33000,147.82001,144.63000,144.97000
2021-10-13 20:00:00,144.96001,148.97000,144.78999,148.14999
2021-10-14 00:00:00,148.050003,150.84000,147.27000,149.74001
2021-10-14 04:00:00,149.95000,151.92000,148.49001,150.38000
2021-10-14 08:00:00,150.35001,153.91000,150.0099945,153.69000
2021-10-14 12:00:00,153.89999,155.5,152.41000,152.78999
2021-10-14 16:00:00,152.85001,153.47000,148.67999,150.039993
2021-10-14 20:00:00,150.0099945,151.32001,148.97000,150.020004
2021-10-15 00:00:00,149.86000,151.37000,146.99001,150.85001
2021-10-15 04:00:00,151.86000,163.20000,151.86000,161.5
2021-10-15 08:00:00,161.58000,165.38000,157.11000,157.85001
2021-10-15 12:00:00,157.77000,163.039993,157.050003,159.23000
2021-10-15 16:00:00,159.33000,162.89999,158.74001,160.42999
2021-10-15 20:00:00,160.47000,164.27000,159.21001,163.14999
2021-10-16 00:00:00,163.42000,163.42000,158.30000,158.67999
2021-10-16 04:00:00,158.78999,159.67000,157.61000,158.17000
2021-10-16 08:00:00,158.30000,164.71001,158,162.14999
2021-10-16 12:00:00,162.48000,162.84000,158.86000,159.62000
2021-10-16 16:00:00,159.60001,160.12000,158.059998,158.14999
2021-10-16 20:00:00,158.089996,158.82001,156.72000,157.35001
2021-10-17 00:00:00,157.52000,162.98000,156.88000,162.98000
2021-10-17 04:00:00,162.92999,164.89999,160.75999,162.25999
2021-10-17 08:00:00,162.16000,167.49001,162.16000,163.80000
2021-10-17 12:00:00,163.49001,165.42000,160.14999,160.88000
2021-10-17 16:00:00,160.67999,161.62000,158.27000,158.78999
2021-10-17 20:00:00,158.59000,160.080002,153.24001,160.080002
2021-10-18 00:00:00,160.27000,162.91000,159.27000,159.92999
2021-10-18 04:00:00,159.99001,161.41000,158.69000,158.88000
2021-10-18 08:00:00,158.87000,159.87000,156.089996,156.85001
2021-10-18 12:00:00,156.85001,159.61000,155.86000,156.94000
2021-10-18 16:00:00,156.70000,157.82001,155.020004,156.74001
2021-10-18 20:00:00,156.75,158.16000,155.64999,157.21001
2021-10-19 00:00:00,157.13000,158.82001,156.080002,158.62000
2021-10-19 04:00:00,158.78999,159.39000,156.80000,157.71001
2021-10-19 08:00:00,157.69000,157.91000,156.39000,156.92000
2021-10-19 12:00:00,156.89999,157.94000,155.059998,155.60001
2021-10-19 16:00:00,155.53999,156.45000,154.47000,154.47000
2021-10-19 20:00:00,154.45000,157.22000,153.13000,155.86000
2021-10-20 00:00:00,155.78999,157.42000,155.75999,155.92000
2021-10-20 04:00:00,155.75999,157,155.23000,156.5
2021-10-20 08:00:00,156.56000,160.059998,155.95000,160.059998
2021-10-20 12:00:00,160.080002,169.89999,159.63000,168.75
2021-10-20 16:00:00,168.67000,174.64999,166.82001,173.10001
2021-10-20 20:00:00,173.17000,176.78999,170.36000,176.78999
2021-10-21 00:00:00,176.96001,189.56000,176.96001,184.41000
2021-10-21 04:00:00,184.089996,188.61000,180.28000,187.17000
2021-10-21 08:00:00,186.98000,193.74001,185.84000,189.53000
2021-10-21 12:00:00,187.98000,191.080002,178.50999,182.99001
2021-10-21 16:00:00,182.13000,188.41000,180.5,184.38000
2021-10-21 20:00:00,184.58000,191.039993,182.80000,190.41000
2021-10-22 00:00:00,190.77000,204.99001,188.10001,201.42000
2021-10-22 04:00:00,201.63000,207.77000,200.42999,203.36000
2021-10-22 08:00:00,203.32001,205.98000,201.17999,204.42999
2021-10-22 12:00:00,204.16000,215,201.86000,206.46001
2021-10-22 16:00:00,206.27000,210.92000,195.44000,197.64000
2021-10-22 20:00:00,197.48000,199.42999,192.39999,196.14999
2021-10-23 00:00:00,196.28999,204,192.55000,202.92999
2021-10-23 04:00:00,202.73000,205.70000,199.050003,201.64000
2021-10-23 08:00:00,201.34000,203.070007,197.16000,201.94000
2021-10-23 12:00:00,202.42000,202.48000,196.95000,199.0099945
2021-10-23 16:00:00,199,201.58000,193.070007,193.71001
2021-10-23 20:00:00,193.64999,198.17000,193.64999,197.77000
2021-10-24 00:00:00,197.75999,200.029999,195.86000,196.59000
2021-10-24 04:00:00,196.47000,196.50999,192.56000,194.14999
2021-10-24 08:00:00,194.13000,196.38000,188.91000,188.91000
2021-10-24 12:00:00,188.74001,192.35001,185.82001,186.70000
2021-10-24 16:00:00,186.52000,191.55000,185.37000,191.42999
2021-10-24 20:00:00,191.59000,204.75999,190.55000,202.42000
2021-10-25 00:00:00,202.24001,203.87000,198.17999,201.92999
2021-10-25 04:00:00,201.74001,210.49001,200.88000,207.73000
2021-10-25 08:00:00,207.75,212.45000,206,208.050003
2021-10-25 12:00:00,207.87000,218.92999,205.050003,218.5
2021-10-25 16:00:00,218.61000,218.61000,210.16000,210.25
2021-10-25 20:00:00,210.70000,214.0099945,208.070007,209.75999
2021-10-26 00:00:00,209.75999,213.94000,207.73000,208.57001
2021-10-26 04:00:00,208.53999,209.39000,205.85001,209.14999
2021-10-26 08:00:00,209.35001,211.47000,207.30000,207.31000
2021-10-26 12:00:00,207.38000,208.34000,202.59000,206.89999
2021-10-26 16:00:00,206.63000,209.55000,204.21001,207.080002
2021-10-26 20:00:00,207.059998,207.47000,196.69000,199.71001
2021-10-27 00:00:00,199.86000,204.69000,198.23000,203.029999
2021-10-27 04:00:00,202.82001,205.42999,194,194
2021-10-27 08:00:00,194.059998,195.57001,177.24001,189.89000
2021-10-27 12:00:00,189.32001,194.11000,187.5,188.97000
2021-10-27 16:00:00,188.92000,191.92000,184.74001,189.21001
2021-10-27 20:00:00,189.56000,190.78000,181.46001,184.38000
2021-10-28 00:00:00,184.48000,190.16000,181.92000,186.81000
2021-10-28 04:00:00,187.25,191.14000,185.14000,186.75999
2021-10-28 08:00:00,186.72000,198.77000,186.72000,195.42000
2021-10-28 12:00:00,195.71001,201.36000,194.83000,196.96001
2021-10-28 16:00:00,197.36000,198.70000,191.99001,198.59000
2021-10-28 20:00:00,198.71001,200.57001,194.029999,194.74001
2021-10-29 00:00:00,195.48000,204.94000,194.66000,201.69000
2021-10-29 04:00:00,201.70000,201.96001,196.74001,198.22000
2021-10-29 08:00:00,197.87000,199.53000,195.55000,196.33000
2021-10-29 12:00:00,196.34000,203.25,195.61000,201.87000
2021-10-29 16:00:00,202.14000,204.77000,199.81000,200.45000
2021-10-29 20:00:00,200.87000,203.49001,199.17000,200.17999
2021-10-30 00:00:00,200.42000,200.53000,196.62000,197.070007
2021-10-30 04:00:00,196.82001,198.99001,196.0099945,197.85001
2021-10-30 08:00:00,198.14000,198.53999,195.28999,196.78000
2021-10-30 12:00:00,197.0099945,197.21001,190.39999,193.14999
2021-10-30 16:00:00,193.22000,194.69000,191.24001,194.59000
2021-10-30 20:00:00,194.52000,195.74001,187.52000,195.74001
2021-10-31 00:00:00,195.70000,196.52000,191.14999,191.80000
2021-10-31 04:00:00,191.92999,192.42999,189.22000,190.42000
2021-10-31 08:00:00,190.64999,190.64999,186.0099945,186.37000
2021-10-31 12:00:00,186.10001,201.64000,185.72000,195.48000
2021-10-31 16:00:00,195.020004,198.33000,193.19000,195.89000
2021-10-31 20:00:00,195.67000,204.89000,195.029999,202.53000
2021-11-01 00:00:00,203.070007,209.86000,199.52000,201.029999
2021-11-01 04:00:00,200.12000,209.92999,198.10001,209.88000
2021-11-01 08:00:00,209.92999,211.41000,204.11000,204.42999
2021-11-01 12:00:00,204.82001,206.28999,201.42000,203.28999
2021-11-01 16:00:00,204,204.27000,199,204.050003
2021-11-01 20:00:00,203.99001,206.12000,200.99001,203.39000
2021-11-02 00:00:00,203.96001,204.62000,201.12000,203.95000
2021-11-02 04:00:00,203.98000,205.74001,202.84000,202.84000
2021-11-02 08:00:00,203.35001,207.80000,202.50999,204.36000
2021-11-02 12:00:00,204.46001,208.84000,203.75999,208.84000
2021-11-02 16:00:00,208.97000,217.36000,206.63000,217.16000
2021-11-02 20:00:00,216.34000,222.14000,212.55000,220.34000
2021-11-03 00:00:00,220.67000,231.57001,215.99001,228.34000
2021-11-03 04:00:00,229.60001,232.47000,224.070007,232.47000
2021-11-03 08:00:00,232.44000,235,227.0099945,231.72000
2021-11-03 12:00:00,231.80000,231.91000,223.46001,225.39000
2021-11-03 16:00:00,225.34000,237.5,221.57001,234.61000
2021-11-03 20:00:00,234.50999,246.16000,234.42999,243.0099945
2021-11-04 00:00:00,243.21001,247.58000,238.020004,238.27000
2021-11-04 04:00:00,238.13000,244.23000,235.83000,236.92999
2021-11-04 08:00:00,237.94000,243.64000,236.88000,238.67000
2021-11-04 12:00:00,238.91000,244.81000,236.17999,238.48000
2021-11-04 16:00:00,239.58000,242.47000,235.050003,240.19000
2021-11-04 20:00:00,239.88000,250.080002,239.089996,247.10001
2021-11-05 00:00:00,247.22000,248.24001,240.81000,243.17000
2021-11-05 04:00:00,243.33000,244.20000,240.59000,242.77000
2021-11-05 08:00:00,242.78999,243.75999,236.38000,236.55000
2021-11-05 12:00:00,236.52000,238.67999,230.49001,233.35001
2021-11-05 16:00:00,233.25,238.39999,232.50999,235.96001
2021-11-05 20:00:00,235.75,237.95000,231.52000,236.029999
2021-11-06 00:00:00,236.029999,241.96001,234.81000,239.87000
2021-11-06 04:00:00,239.80000,247.75,239.75,245.95000
2021-11-06 08:00:00,246.21001,249.80000,240.16000,242.32001
2021-11-06 12:00:00,242.24001,253.94000,238.25999,252.95000
2021-11-06 16:00:00,253.28000,254.83000,248.39999,254.64000
2021-11-06 20:00:00,254.66000,259.79999,252.38000,258.35001
2021-11-07 00:00:00,258.44000,258.44000,251.38000,254.14999
2021-11-07 04:00:00,254.17999,258.48999,252.59000,252.91000
2021-11-07 08:00:00,252.89999,253.75999,250.17999,252.70000
2021-11-07 12:00:00,252.59000,254.24001,250.70000,252.25
2021-11-07 16:00:00,252.17999,253.30000,246.85001,246.99001
2021-11-07 20:00:00,246.74001,250.60001,245.67000,249.60001
2021-11-08 00:00:00,249.84000,249.96001,240.77000,248.070007
2021-11-08 04:00:00,248.32001,249.17000,244.020004,245.95000
2021-11-08 08:00:00,245.92000,247.63000,242.52000,243.69000
2021-11-08 12:00:00,243.78999,248.57001,242.74001,248.37000
2021-11-08 16:00:00,248.44000,253.24001,245.87000,246.38000
2021-11-08 20:00:00,246.020004,249.53000,243.039993,248.39000
2021-11-09 00:00:00,248.28000,253.14999,246.22000,246.61000
2021-11-09 04:00:00,246.78000,248.059998,245.11000,246.62000
2021-11-09 08:00:00,246.17000,248.80000,244.85001,245.91000
2021-11-09 12:00:00,245.92000,246.020004,237.86000,240.45000
2021-11-09 16:00:00,240.84000,243.44000,238.050003,240.16000
2021-11-09 20:00:00,239.95000,242.44000,238.82001,239.039993
2021-11-10 00:00:00,239.23000,241.17999,236.080002,236.64999
2021-11-10 04:00:00,236.53000,243.28000,235.55000,240.97000
2021-11-10 08:00:00,240.87000,243.84000,240.67999,241
2021-11-10 12:00:00,240.42000,247.92000,236.53000,244.81000
2021-11-10 16:00:00,244.92000,246,236.41000,236.41000
2021-11-10 20:00:00,236.19000,238.53999,217.85001,233.64000
2021-11-11 00:00:00,233.070007,239.12000,229.53000,239.12000
2021-11-11 04:00:00,238.85001,246.39999,237.82001,244.41000
2021-11-11 08:00:00,244.46001,245.89000,240.41000,240.41000
2021-11-11 12:00:00,240.24001,243.059998,237.28999,239.39000
2021-11-11 16:00:00,239.36000,240.56000,235.42999,237.74001
2021-11-11 20:00:00,237.77000,238.64999,233.5,233.50999
2021-11-12 00:00:00,233.12000,239.029999,230.5,232.21001
2021-11-12 04:00:00,232.17999,234.78999,227.32001,227.88000
2021-11-12 08:00:00,227.89999,231.62000,225.0099945,226.14999
2021-11-12 12:00:00,226,229.13000,221.86000,222.31000
2021-11-12 16:00:00,222.17999,232.36000,220.94000,228.94000
2021-11-12 20:00:00,228.85001,233.27000,227.92000,228.56000
2021-11-13 00:00:00,228.55000,232.69000,225.58000,225.58000
2021-11-13 04:00:00,225.28000,227.36000,225.050003,226.99001
2021-11-13 08:00:00,227.050003,228.88000,225.10001,226.94000
2021-11-13 12:00:00,226.89000,237.14999,226.39999,233.61000
2021-11-13 16:00:00,233.75999,239.12000,233.75999,237.20000
2021-11-13 20:00:00,237.38000,241.86000,236.95000,241.62000
2021-11-14 00:00:00,241.57001,241.86000,236.50999,237.20000
2021-11-14 04:00:00,237.37000,238.64999,234.91000,235.45000
2021-11-14 08:00:00,235.31000,236.95000,233.91000,236.30000
2021-11-14 12:00:00,236.45000,238.69000,234.089996,234.27000
2021-11-14 16:00:00,234.41000,235.78999,230.5,235.19000
2021-11-14 20:00:00,235.74001,238.92999,235.38000,238.66000
2021-11-15 00:00:00,238.86000,244.13000,238.059998,243.95000
2021-11-15 04:00:00,243.73000,244.34000,240.75,241.37000
2021-11-15 08:00:00,241.34000,243.92000,239.85001,243.029999
2021-11-15 12:00:00,243.13000,246.16000,239,239.75
2021-11-15 16:00:00,239.75999,242.28999,237.92999,240.53999
2021-11-15 20:00:00,240.20000,240.47000,234.53000,238.21001
2021-11-16 00:00:00,237.64999,237.64999,224.50999,226.82001
2021-11-16 04:00:00,226.57001,230.44000,224.78000,226.62000
2021-11-16 08:00:00,226.39000,229.53999,214.78999,224.84000
2021-11-16 12:00:00,224.42999,227.69000,220.52000,225.47000
2021-11-16 16:00:00,225.20000,226.89000,222.60001,225.87000
2021-11-16 20:00:00,225.70000,225.70000,217.20000,218.95000
2021-11-17 00:00:00,219.13000,221.19000,211.91000,212.46001
2021-11-17 04:00:00,212.59000,216.45000,211.089996,215.080002
2021-11-17 08:00:00,214.88000,220.28999,210.24001,220.25
2021-11-17 12:00:00,220.57001,221.89999,210.10001,213.55000
2021-11-17 16:00:00,213.66000,217.56000,211.39999,214.46001
2021-11-17 20:00:00,214.28000,218.91000,213.020004,218.91000
2021-11-18 00:00:00,218.89999,222.70000,216.70000,216.70000
2021-11-18 04:00:00,216.61000,217.83000,211.45000,212.61000
2021-11-18 08:00:00,212.66000,213.17999,207.62000,207.83000
2021-11-18 12:00:00,207.75999,209.45000,193.029999,196.81000
2021-11-18 16:00:00,197.37000,201.77000,187.38000,200.25
2021-11-18 20:00:00,200.089996,202.64000,192.60001,195
2021-11-19 00:00:00,195.5,202.46001,189.61000,192
2021-11-19 04:00:00,191.62000,199.92999,191.55000,196.070007
2021-11-19 08:00:00,196.42999,205.99001,196.42999,203.039993
2021-11-19 12:00:00,203.020004,215.87000,202.17999,214.0099945
2021-11-19 16:00:00,213.96001,219.48000,213.69000,217.56000
2021-11-19 20:00:00,217.86000,218.31000,212.81000,215.21001
2021-11-20 00:00:00,215.25,221.089996,213.28000,215
2021-11-20 04:00:00,214.99001,215.92999,212.84000,212.92000
2021-11-20 08:00:00,212.83000,216.94000,212.45000,215.50999
2021-11-20 12:00:00,215.80000,216.11000,207.17000,207.48000
2021-11-20 16:00:00,207.089996,217.58000,206.029999,215.30000
2021-11-20 20:00:00,215.69000,218.81000,215.38000,217.80000
2021-11-21 00:00:00,217.96001,218.10001,211.050003,211.58000
2021-11-21 04:00:00,211.62000,215.050003,211.13000,213.91000
2021-11-21 08:00:00,213.87000,214.25999,210.75999,211.56000
2021-11-21 12:00:00,211.35001,215.25,210.66000,215.080002
2021-11-21 16:00:00,215.57001,233.22000,214.72000,228.83000
2021-11-21 20:00:00,229.25999,235.25999,226.53000,231.82001
2021-11-22 00:00:00,230.85001,231.87000,220.13000,220.47000
2021-11-22 04:00:00,219.53000,221.89999,215.39999,216.53999
2021-11-22 08:00:00,216.28000,224.17999,215.84000,218.87000
2021-11-22 12:00:00,218.67999,224.74001,214.63000,222.33000
2021-11-22 16:00:00,222.59000,225.25,212.41000,212.66000
2021-11-22 20:00:00,212.17999,218.81000,211.91000,215.87000
2021-11-23 00:00:00,215.61000,221.67000,214.62000,221.029999
2021-11-23 04:00:00,220.96001,220.96001,212.50999,213.020004
2021-11-23 08:00:00,213,216.55000,211.42999,212.10001
2021-11-23 12:00:00,212.56000,219.48000,211.22000,216.020004
2021-11-23 16:00:00,215.99001,224.50999,215.99001,224.32001
2021-11-23 20:00:00,224.64999,225.98000,221.39999,221.78999
2021-11-24 00:00:00,221.92999,222.36000,214.17999,217.050003
2021-11-24 04:00:00,217.31000,220.24001,215.27000,217.020004
2021-11-24 08:00:00,216.89000,219.53999,214.25,214.67999
2021-11-24 12:00:00,214.63000,215.30000,207.44000,212.5
2021-11-24 16:00:00,212.28999,213.95000,200.27000,202.17999
2021-11-24 20:00:00,201.97000,207.88000,200.92000,205.91000
2021-11-25 00:00:00,205.67000,211.55000,204.75999,210.81000
2021-11-25 04:00:00,210.95000,211.10001,205.12000,205.67999
2021-11-25 08:00:00,205.67999,209.53999,201.97000,208.58000
2021-11-25 12:00:00,208.35001,214.64999,208.039993,214.25999
2021-11-25 16:00:00,214.46001,216.28000,210.029999,210.44000
2021-11-25 20:00:00,210.44000,212.080002,207.66000,209.88000
2021-11-26 00:00:00,210.19000,210.33000,205.25999,205.53000
2021-11-26 04:00:00,205.38000,207,200.029999,201.16000
2021-11-26 08:00:00,201.24001,201.24001,184.20000,185.28999
2021-11-26 12:00:00,185.32001,198.24001,183.070007,192.75
2021-11-26 16:00:00,192.69000,198.35001,190.28000,197.85001
2021-11-26 20:00:00,197.82001,200.66000,191.36000,191.92999
2021-11-27 00:00:00,192.45000,196.22000,191.45000,195.42000
2021-11-27 04:00:00,195.77000,198.28999,192.67999,194.28999
2021-11-27 08:00:00,194.27000,198.50999,194.27000,196.12000
2021-11-27 12:00:00,196.17999,199.34000,196.17999,196.52000
2021-11-27 16:00:00,196.44000,199.020004,195.92000,196.32001
2021-11-27 20:00:00,196.33000,197.64000,190.77000,193.0099945
2021-11-28 00:00:00,192.55000,192.92000,184.88000,187.080002
2021-11-28 04:00:00,187.14999,190.029999,186.10001,189.83000
2021-11-28 08:00:00,189.85001,191.39000,187.44000,189.92000
2021-11-28 12:00:00,190.27000,191.42999,188.19000,189.070007
2021-11-28 16:00:00,188.99001,189.75,181.32001,188.28000
2021-11-28 20:00:00,188.72000,201.75999,188.60001,200.81000
2021-11-29 00:00:00,200.70000,203.66000,199.72000,200.78999
2021-11-29 04:00:00,200.75,206.53000,200.75,203.70000
2021-11-29 08:00:00,203.77000,206.19000,201.14000,203.42999
2021-11-29 12:00:00,203.38000,210.56000,203.30000,206.64999
2021-11-29 16:00:00,206.92999,212.67000,205.73000,205.89999
2021-11-29 20:00:00,206.039993,207.96001,203.77000,204.10001
2021-11-30 00:00:00,204.059998,206.42000,201.33000,203.83000
2021-11-30 04:00:00,203.78999,206.050003,200.17999,201.80000
2021-11-30 08:00:00,201.73000,207.27000,199.70000,207.17999
2021-11-30 12:00:00,207.17999,218.080002,207.17999,213.44000
2021-11-30 16:00:00,213.089996,216.070007,208.020004,215.36000
2021-11-30 20:00:00,215.42000,215.69000,208.30000,208.30000
2021-12-01 00:00:00,208.52000,214.92999,208.0099945,214.91000
2021-12-01 04:00:00,214.92999,220.80000,214.36000,218.32001
2021-12-01 08:00:00,218.47000,224.36000,216.34000,221.24001
2021-12-01 12:00:00,221.38000,229.78000,220.71001,229.61000
2021-12-01 16:00:00,229.71001,232.45000,221.74001,230.28999
2021-12-01 20:00:00,229.77000,230.74001,220.57001,229.78000
2021-12-02 00:00:00,229.84000,236.13000,220.11000,224.33000
2021-12-02 04:00:00,224.28999,227.30000,221.50999,222.89000
2021-12-02 08:00:00,222.85001,229.63000,222.85001,226.85001
2021-12-02 12:00:00,226.87000,231.84000,221.99001,229.47000
2021-12-02 16:00:00,229.75999,235.86000,225.36000,234.32001
2021-12-02 20:00:00,234.91000,242.97000,231.81000,233.72000
2021-12-03 00:00:00,233.61000,236.27000,226.55000,230.080002
2021-12-03 04:00:00,230.0099945,235.19000,228.39000,232.64000
2021-12-03 08:00:00,232.52000,238.16000,229.88000,237.71001
2021-12-03 12:00:00,237.97000,239.33000,223.25,224.28999
2021-12-03 16:00:00,223.71001,225.97000,211.41000,212.82001
2021-12-03 20:00:00,212.14000,219.11000,205.38000,212.0099945
2021-12-04 00:00:00,211.67000,212.50999,196.77000,196.77000
2021-12-04 04:00:00,196.30000,202.020004,170.89999,192.57001
2021-12-04 08:00:00,193.029999,196.52000,185.83000,188.50999
2021-12-04 12:00:00,188.47000,207.61000,188.47000,205.41000
2021-12-04 16:00:00,204.92000,208.57001,198.50999,206.97000
2021-12-04 20:00:00,206.99001,210.14999,199.24001,201.11000
2021-12-05 00:00:00,201.0099945,204.17000,191.86000,196.72000
2021-12-05 04:00:00,196.66000,203.28999,194.27000,200.31000
2021-12-05 08:00:00,200.50999,201.60001,195.39999,195.95000
2021-12-05 12:00:00,196.14999,199.42000,182.11000,185.35001
2021-12-05 16:00:00,185.16000,190.78999,185.16000,190.17999
2021-12-05 20:00:00,190.35001,197.73000,186.75,196.25
2021-12-06 00:00:00,196.63000,196.92000,187.52000,193.41000
2021-12-06 04:00:00,193.37000,196.28000,183.46001,184.99001
2021-12-06 08:00:00,185.050003,189.31000,176.50999,182.39999
2021-12-06 12:00:00,182.14999,188.20000,179.41000,188.20000
2021-12-06 16:00:00,188.35001,191.88000,185.89000,187.56000
2021-12-06 20:00:00,187.72000,197.55000,187.72000,193.99001
2021-12-07 00:00:00,193.52000,197.96001,193.47000,195.35001
2021-12-07 04:00:00,195.35001,201.029999,194.64000,199.41000
2021-12-07 08:00:00,199.42000,203.94000,199.13000,203.19000
2021-12-07 12:00:00,203.30000,203.42000,196.69000,197.99001
2021-12-07 16:00:00,198.13000,198.75999,193.81000,194.22000
2021-12-07 20:00:00,194.21001,195.070007,187.84000,190.10001
2021-12-08 00:00:00,190.21001,193.33000,186.25999,187.14999
2021-12-08 04:00:00,186.59000,190.83000,186.59000,189.63000
2021-12-08 08:00:00,189.85001,190.91000,184.020004,186.59000
2021-12-08 12:00:00,186.39000,196.12000,184.88000,192.62000
2021-12-08 16:00:00,192.42999,194.67000,189.70000,192.98000
2021-12-08 20:00:00,193.13000,194.62000,191.22000,194.47000
2021-12-09 00:00:00,194.64999,196.5,188.55000,189.14000
2021-12-09 04:00:00,188.91000,191.99001,188.61000,190.88000
2021-12-09 08:00:00,190.69000,190.69000,186.85001,187.70000
2021-12-09 12:00:00,187.50999,189.48000,182.34000,184.94000
2021-12-09 16:00:00,184.46001,186.30000,178.96001,181.47000
2021-12-09 20:00:00,181.22000,184,178.66000,181.17999
2021-12-10 00:00:00,181.12000,184.32001,179.87000,179.89999
2021-12-10 04:00:00,179.97000,180.27000,175.28000,176
2021-12-10 08:00:00,176.10001,178.78999,175.47000,178.45000
2021-12-10 12:00:00,178.67000,183.5,173.050003,173.53999
2021-12-10 16:00:00,173.42000,175,169.98000,173.64999
2021-12-10 20:00:00,173.85001,175.60001,167.35001,167.35001
2021-12-11 00:00:00,167.33000,171.72000,161.62000,170.17000
2021-12-11 04:00:00,170.30000,172.20000,167.57001,169.33000
2021-12-11 08:00:00,169.080002,172.34000,168.42000,170.10001
2021-12-11 12:00:00,170.25999,171.16000,167.72000,170.97000
2021-12-11 16:00:00,171.089996,173.74001,167.75,167.92000
2021-12-11 20:00:00,167.87000,172.39999,167.81000,171.44000
2021-12-12 00:00:00,172.14999,172.58000,168.75999,169.78000
2021-12-12 04:00:00,169.82001,170.89999,168.11000,170.24001
2021-12-12 08:00:00,170.37000,170.45000,167.67000,169.19000
2021-12-12 12:00:00,169.25,171.91000,168.78999,170.41000
2021-12-12 16:00:00,170.49001,176.82001,169.89999,174.42999
2021-12-12 20:00:00,174.16000,175.32001,172.84000,172.96001
2021-12-13 00:00:00,172.77000,172.77000,167.31000,167.31000
2021-12-13 04:00:00,167.24001,167.94000,163.59000,164.13000
2021-12-13 08:00:00,164.12000,167.66000,163.46001,167.66000
2021-12-13 12:00:00,167.49001,168.71001,157.62000,159.35001
2021-12-13 16:00:00,156.72000,157.91000,148.64999,153.089996
2021-12-13 20:00:00,152.61000,159.20000,149.27000,155.25
2021-12-14 00:00:00,155.21001,158.039993,152.80000,153.64999
2021-12-14 04:00:00,153.73000,155.12000,149.84000,154.66000
2021-12-14 08:00:00,154.77000,158.21001,153.19000,158.13000
2021-12-14 12:00:00,158.39000,161.56000,156.92999,157.35001
2021-12-14 16:00:00,157.48000,158.88000,152.83000,153.92999
2021-12-14 20:00:00,154.21001,162.75,153.99001,161.24001
2021-12-15 00:00:00,161.30000,163.5,158.63000,160.44000
2021-12-15 04:00:00,160.73000,166.56000,159.56000,166.17999
2021-12-15 08:00:00,166.61000,168.39999,164.84000,165.85001
2021-12-15 12:00:00,165.84000,166.70000,157.60001,157.60001
2021-12-15 16:00:00,157.60001,177.30000,157.24001,175.20000
2021-12-15 20:00:00,175.71001,182.42999,174.39000,178.47000
2021-12-16 00:00:00,178.55000,179.82001,176.67999,178.99001
2021-12-16 04:00:00,179,180.52000,174.42999,178.44000
2021-12-16 08:00:00,178.24001,185.92000,178.24001,185.83000
2021-12-16 12:00:00,185.92000,188.89000,182.94000,186.92000
2021-12-16 16:00:00,187.42999,187.42999,179.62000,180
2021-12-16 20:00:00,180.17999,184.92999,176.14999,176.89999
2021-12-17 00:00:00,176.87000,181.53000,176.70000,179.25
2021-12-17 04:00:00,179.25,182.28000,175.62000,177.84000
2021-12-17 08:00:00,177.75,179.17999,174.98000,175.89000
2021-12-17 12:00:00,175.99001,177.46001,168.13000,176.46001
2021-12-17 16:00:00,176.10001,181.31000,174.91000,177.63000
2021-12-17 20:00:00,177.67000,178.53999,172.99001,175.57001
2021-12-18 00:00:00,175.5,176.20000,171.020004,174.080002
2021-12-18 04:00:00,174.16000,176.62000,173.14000,176.34000
2021-12-18 08:00:00,176,181.0099945,176,179.73000
2021-12-18 12:00:00,179.99001,183.28999,179.14000,181.5
2021-12-18 16:00:00,181.41000,182.63000,179.80000,181.70000
2021-12-18 20:00:00,181.74001,184.20000,180.62000,182.78000
2021-12-19 00:00:00,182.47000,184.81000,179.94000,184.62000
2021-12-19 04:00:00,184.71001,189.19000,184.34000,187.14999
2021-12-19 08:00:00,187.21001,187.83000,183.029999,184.88000
2021-12-19 12:00:00,185.050003,188.050003,183.050003,183.96001
2021-12-19 16:00:00,183.69000,185.029999,179.48000,180.37000
2021-12-19 20:00:00,180.050003,183.80000,178.57001,179.92999
2021-12-20 00:00:00,179.78000,181.0099945,177.17999,178.34000
2021-12-20 04:00:00,178.25999,180.050003,175.050003,175.35001
2021-12-20 08:00:00,175.56000,176.10001,171.45000,172.58000
2021-12-20 12:00:00,172.58000,173.77000,168.53999,169.75
2021-12-20 16:00:00,169.86000,176.42000,169.44000,175.97000
2021-12-20 20:00:00,176.17999,177.83000,172.80000,173.70000
2021-12-21 00:00:00,174.050003,176.17000,170.30000,175.53999
2021-12-21 04:00:00,175.87000,180.97000,175.87000,178.85001
2021-12-21 08:00:00,178.71001,180.96001,178.66000,179.63000
2021-12-21 12:00:00,179.74001,182.17999,176.69000,177.45000
2021-12-21 16:00:00,177.5,179.14000,176.14999,177
2021-12-21 20:00:00,177.080002,181.42000,177.0099945,179.69000
2021-12-22 00:00:00,179.67999,181.46001,177.48000,179.64999
2021-12-22 04:00:00,179.98000,187.25,179.17000,186.42999
2021-12-22 08:00:00,186.38000,187.52000,183.020004,185.39999
2021-12-22 12:00:00,185.82001,186.16000,181.31000,185.059998
2021-12-22 16:00:00,185.089996,185.56000,179.72000,180.30000
2021-12-22 20:00:00,180.23000,181.75,177.17000,178.37000
2021-12-23 00:00:00,178.30000,182.71001,175.80000,180.92999
2021-12-23 04:00:00,180.78999,181.58000,177.089996,177.92000
2021-12-23 08:00:00,177.59000,180.57001,177.39000,179.020004
2021-12-23 12:00:00,179.35001,181.020004,177.64000,180.87000
2021-12-23 16:00:00,181.029999,193.33000,180.25,191.25
2021-12-23 20:00:00,191.20000,192.80000,188.71001,190.029999
2021-12-24 00:00:00,189.84000,191.78999,187.17999,187.73000
2021-12-24 04:00:00,187.73000,189,186.33000,188.70000
2021-12-24 08:00:00,188.88000,191.36000,188.27000,188.87000
2021-12-24 12:00:00,188.57001,195.55000,184.52000,195.38000
2021-12-24 16:00:00,195.46001,197.36000,191.78000,191.78000
2021-12-24 20:00:00,191.95000,194.81000,188.20000,190.35001
2021-12-25 00:00:00,190.48000,194.95000,189.87000,191.53000
2021-12-25 04:00:00,191.62000,194.78000,191.41000,192.95000
2021-12-25 08:00:00,193.059998,193.20000,189.17999,190.12000
2021-12-25 12:00:00,190.20000,192.80000,190.17999,192.070007
2021-12-25 16:00:00,192.11000,192.70000,189.46001,191.089996
2021-12-25 20:00:00,191.36000,194.41000,190.059998,192.99001
2021-12-26 00:00:00,193.17999,196.49001,190.87000,190.87000
2021-12-26 04:00:00,190.67000,193.70000,190.35001,192.85001
2021-12-26 08:00:00,192.70000,198.64000,192.49001,196.53999
2021-12-26 12:00:00,196.22000,199.41000,195.36000,198.070007
2021-12-26 16:00:00,198.38000,200.52000,197.50999,198.48000
2021-12-26 20:00:00,198.60001,199.55000,196.25999,197.70000
2021-12-27 00:00:00,198.42999,201.13000,196.72000,201.13000
2021-12-27 04:00:00,201.23000,201.53999,198.48000,198.66000
2021-12-27 08:00:00,198.59000,200.98000,194.85001,200.14999
2021-12-27 12:00:00,200.17000,203.42999,199.039993,201.57001
2021-12-27 16:00:00,201.92000,204.63000,200.45000,200.53000
2021-12-27 20:00:00,200.45000,201.070007,195.28000,195.57001
2021-12-28 00:00:00,195.37000,195.47000,187.20000,190.22000
2021-12-28 04:00:00,189.85001,193.17000,185.98000,189.98000
2021-12-28 08:00:00,189.64000,192.87000,188.78999,192.38000
2021-12-28 12:00:00,192.14000,192.88000,185.28999,185.64999
2021-12-28 16:00:00,185.78999,185.96001,176.74001,180.12000
2021-12-28 20:00:00,179.92999,182.31000,177.11000,177.11000
2021-12-29 00:00:00,177.22000,180.56000,176.70000,179.62000
2021-12-29 04:00:00,179.78000,179.97000,175.66000,176.17999
2021-12-29 08:00:00,176.32001,177.91000,174.75,175.42000
2021-12-29 12:00:00,175.42999,176.53999,170.99001,176.45000
2021-12-29 16:00:00,176.47000,177.41000,173.67000,174.23000
2021-12-29 20:00:00,174.53000,176.58000,170.48000,170.61000
2021-12-30 00:00:00,170.69000,172.14999,168.36000,170.020004
2021-12-30 04:00:00,170.25,174.64000,169.81000,173.96001
2021-12-30 08:00:00,173.77000,175.14000,172.020004,174.66000
2021-12-30 12:00:00,174.70000,175.67999,173.24001,173.75999
2021-12-30 16:00:00,173.99001,175.52000,173.61000,174.30000
2021-12-30 20:00:00,174.31000,174.91000,171.0099945,172.5
2021-12-31 00:00:00,172.35001,173.75,170.85001,171.58000
2021-12-31 04:00:00,171.46001,172.41000,170.14000,172.41000
2021-12-31 08:00:00,172.53999,177.59000,172.53999,175.11000
2021-12-31 12:00:00,175.13000,176.13000,174.85001,175.59000
2021-12-31 16:00:00,175.48000,176.059998,167.82001,167.82001
2021-12-31 20:00:00,168.12000,171.91000,168.12000,169.99001
2022-01-01 00:00:00,170.059998,174.24001,170.059998,172.91000
2022-01-01 04:00:00,172.96001,174.30000,171.47000,173.19000
2022-01-01 08:00:00,173.21001,173.30000,171.020004,171.63000
2022-01-01 12:00:00,171.58000,174.029999,171.50999,173.81000
2022-01-01 16:00:00,173.88000,177.24001,173.58000,177.22000
2022-01-01 20:00:00,177.39999,179.14000,176.23000,178.97000
2022-01-02 00:00:00,179.22000,179.44000,177,177.64999
2022-01-02 04:00:00,177.64000,178.039993,175.25,175.86000
2022-01-02 08:00:00,175.74001,176.21001,174.73000,175.63000
2022-01-02 12:00:00,175.64999,176.66000,175.020004,176.20000
2022-01-02 16:00:00,176.23000,178.57001,174.39000,175.41000
2022-01-02 20:00:00,175.35001,177.039993,174.71001,176.35001
2022-01-03 00:00:00,176.42999,176.42999,172.19000,172.75999
2022-01-03 04:00:00,172.66000,173.85001,172.029999,173.12000
2022-01-03 08:00:00,173.30000,174.97000,172.38000,174.74001
2022-01-03 12:00:00,174.94000,175.75999,170.89999,170.96001
2022-01-03 16:00:00,170.80000,171.62000,169.050003,170
2022-01-03 20:00:00,169.78999,171.020004,166.89000,170.020004
2022-01-04 00:00:00,170.11000,170.37000,167.0099945,167.87000
2022-01-04 04:00:00,167.75999,169.039993,166.56000,169.039993
2022-01-04 08:00:00,168.86000,172.19000,167.38000,171.62000
2022-01-04 12:00:00,171.85001,173.87000,170.59000,172.22000
2022-01-04 16:00:00,172.10001,172.35001,167.24001,168.58000
2022-01-04 20:00:00,168.47000,169.46001,167.57001,167.75999
2022-01-05 00:00:00,167.84000,169.31000,167.24001,169.14000
2022-01-05 04:00:00,169.17999,170.5,168.13000,169.87000
2022-01-05 08:00:00,170.039993,171.25999,168.039993,168.52000
2022-01-05 12:00:00,168.47000,169.21001,167.58000,168.28000
2022-01-05 16:00:00,168.28000,168.61000,157.85001,158.69000
2022-01-05 20:00:00,158.48000,159.46001,145,154.66000
2022-01-06 00:00:00,154.52000,154.67000,148.080002,148.080002
2022-01-06 04:00:00,148.64999,150.85001,147.19000,150.77000
2022-01-06 08:00:00,150.92000,150.92000,146.44000,147.48000
2022-01-06 12:00:00,147.91000,151,146.46001,149.89000
2022-01-06 16:00:00,149.73000,154.37000,148.89999,153.86000
2022-01-06 20:00:00,153.84000,153.84000,150.19000,150.39999
2022-01-07 00:00:00,150.25999,150.69000,138.59000,139.78999
2022-01-07 04:00:00,139.12000,141.11000,134.92999,139.0099945
2022-01-07 08:00:00,138.98000,142.36000,138.33000,139.20000
2022-01-07 12:00:00,139.44000,142.66000,134,136.039993
2022-01-07 16:00:00,135.99001,140.33000,134.53999,140.039993
2022-01-07 20:00:00,140.35001,140.94000,136.020004,136.38000
2022-01-08 00:00:00,136.67999,141.47000,135.89999,139.49001
2022-01-08 04:00:00,139.36000,144.58000,139.36000,144.58000
2022-01-08 08:00:00,144.39999,148.0099945,144.35001,146.46001
2022-01-08 12:00:00,146.5,146.75999,142.35001,144.089996
2022-01-08 16:00:00,144.22000,146.13000,133.32001,135.48000
2022-01-08 20:00:00,135.91000,146.73000,134.71001,141.99001
2022-01-09 00:00:00,142.039993,145.24001,140.85001,141.91000
2022-01-09 04:00:00,141.82001,143.69000,140.080002,140.44000
2022-01-09 08:00:00,140.37000,141.25,137.89999,140.57001
2022-01-09 12:00:00,140.55000,140.89000,138.11000,140.23000
2022-01-09 16:00:00,140.089996,145.57001,139.74001,145.27000
2022-01-09 20:00:00,145.46001,145.67000,140.059998,140.73000
2022-01-10 00:00:00,140.78000,142.53999,138.89000,140.67999
2022-01-10 04:00:00,140.64000,143.73000,140.31000,143.059998
2022-01-10 08:00:00,143.30000,143.37000,139.050003,139.44000
2022-01-10 12:00:00,139.35001,139.67999,130.17999,133
2022-01-10 16:00:00,133.19000,137.39000,131.080002,132.53000
2022-01-10 20:00:00,132.63000,136.070007,132.16000,135.99001
2022-01-11 00:00:00,135.86000,137.46001,133.58000,137.22000
2022-01-11 04:00:00,137.36000,137.87000,135.12000,137.21001
2022-01-11 08:00:00,137.39000,138.27000,134.35001,135.50999
2022-01-11 12:00:00,135.44000,137.99001,135.059998,136.96001
2022-01-11 16:00:00,137.23000,143.38000,137.050003,142.32001
2022-01-11 20:00:00,142.70000,143.029999,139.82001,140.16000
2022-01-12 00:00:00,140.13000,141.42000,139.27000,140.059998
2022-01-12 04:00:00,140.17999,140.85001,138.25999,138.89999
2022-01-12 08:00:00,139,143.87000,138.74001,141.42999
2022-01-12 12:00:00,141.31000,148.45000,141.30000,147.78999
2022-01-12 16:00:00,147.89000,153.050003,147.63000,152.83000
2022-01-12 20:00:00,152.72000,153.050003,151.36000,151.39000
2022-01-13 00:00:00,151.50999,152.17000,148.25,148.77000
2022-01-13 04:00:00,148.78000,151.49001,148.74001,151.38000
2022-01-13 08:00:00,151.36000,152.78000,149.92999,150.34000
2022-01-13 12:00:00,150.33000,157.64000,150.33000,155.020004
2022-01-13 16:00:00,154.73000,155.13000,146.67999,147.56000
2022-01-13 20:00:00,147.37000,149.81000,145.57001,146.029999
2022-01-14 00:00:00,146.19000,147.99001,145.059998,147.60001
2022-01-14 04:00:00,147.57001,150.55000,147.0099945,147.71001
2022-01-14 08:00:00,147.73000,147.73000,142.0099945,143.41000
2022-01-14 12:00:00,143.28000,148.089996,142.21001,147.37000
2022-01-14 16:00:00,147.25999,149.74001,145.64000,148.39999
2022-01-14 20:00:00,148.49001,149,145.5,146.14999
2022-01-15 00:00:00,146.20000,147.23000,145.070007,145.89999
2022-01-15 04:00:00,145.89999,146.25,144.67000,145.55000
2022-01-15 08:00:00,145.52000,146.75999,144.92000,146.39999
2022-01-15 12:00:00,146.42999,148.53000,144.11000,148
2022-01-15 16:00:00,148.10001,148.67999,147.23000,147.91000
2022-01-15 20:00:00,148.039993,149.46001,147.42000,147.60001
2022-01-16 00:00:00,147.72000,148.16000,146.14000,146.83000
2022-01-16 04:00:00,146.92000,149.89999,146.45000,149.75
2022-01-16 08:00:00,149.75999,150.71001,147.67000,148.12000
2022-01-16 12:00:00,148.19000,151.88000,147.16000,149.88000
2022-01-16 16:00:00,150.19000,150.89999,147.80000,148.0099945
2022-01-16 20:00:00,147.85001,148.64999,146.38000,147.95000
2022-01-17 00:00:00,148.020004,148.25999,142.92000,142.92000
2022-01-17 04:00:00,142.62000,143.86000,141.78000,143.22000
2022-01-17 08:00:00,143.38000,143.86000,142.35001,142.47000
2022-01-17 12:00:00,142.45000,143.78000,141.13000,142.14999
2022-01-17 16:00:00,141.96001,142.42999,138.85001,139.88000
2022-01-17 20:00:00,139.89999,140.25,137.14000,139.82001
2022-01-18 00:00:00,139.80000,141.78999,139,139.21001
2022-01-18 04:00:00,139.24001,140.80000,138.12000,140.19000
2022-01-18 08:00:00,140.21001,140.33000,136.28999,137.72000
2022-01-18 12:00:00,137.61000,138.23000,134.45000,136.67000
2022-01-18 16:00:00,136.36000,137.78999,135.69000,137.020004
2022-01-18 20:00:00,137.13000,142.50999,136.44000,141.24001
2022-01-19 00:00:00,141.39000,142.63000,137.089996,138.19000
2022-01-19 04:00:00,138.17999,139.089996,134.089996,134.31000
2022-01-19 08:00:00,134.17999,136.19000,132.99001,136.19000
2022-01-19 12:00:00,136.14999,138.53999,135.63000,136.92999
2022-01-19 16:00:00,136.83000,137.99001,135.58000,136.80000
2022-01-19 20:00:00,136.75,137.44000,135.13000,135.25
2022-01-20 00:00:00,135.66000,137.13000,134.53999,137.020004
2022-01-20 04:00:00,137.23000,137.85001,136.27000,137.39000
2022-01-20 08:00:00,137.48000,138.14999,135.62000,137.87000
2022-01-20 12:00:00,137.77000,143.41000,137,143.23000
2022-01-20 16:00:00,143.16000,143.77000,139.82001,139.99001
2022-01-20 20:00:00,139.94000,140.19000,126.5,127.73000
2022-01-21 00:00:00,127.65000,128.67999,121.27000,124.21000
2022-01-21 04:00:00,124.68000,126.75,123.88000,126.46000
2022-01-21 08:00:00,126.53000,126.85000,121.33000,122.20000
2022-01-21 12:00:00,122.31000,122.75,115.71000,121.78000
2022-01-21 16:00:00,121.77000,126.82000,120.17000,120.17000
2022-01-21 20:00:00,120.42000,121.86000,106.62000,112.29000
2022-01-22 00:00:00,112.29000,114,108.65000,109.56000
2022-01-22 04:00:00,109.67000,110.37000,98.49000,100.60000
2022-01-22 08:00:00,101.040001,103.71000,88.46000,98.63000
2022-01-22 12:00:00,98.93000,103.11000,92.95000,93.029999
2022-01-22 16:00:00,93.059998,98.36000,88.68000,90.59000
2022-01-22 20:00:00,90.67000,96.84000,89.91000,94.62000
2022-01-23 00:00:00,94.5,99.070000,93.29000,94.49000
2022-01-23 04:00:00,94.45000,101.53000,93.59000,101.080002
2022-01-23 08:00:00,101.20000,104.62000,99.88000,101.87000
2022-01-23 12:00:00,101.86000,102.98000,96.79000,98.88000
2022-01-23 16:00:00,98.91000,99.5,94.15000,94.84000
2022-01-23 20:00:00,94.76000,101.69000,94.34000,99.70000
2022-01-24 00:00:00,99.78000,99.78000,91.36000,92.14000
2022-01-24 04:00:00,92.099998,92.71000,86.20000,86.86000
2022-01-24 08:00:00,86.83000,88.80000,81.98000,83.95000
2022-01-24 12:00:00,84.050003,87.90000,80.94000,87.30000
2022-01-24 16:00:00,87.33000,90.95000,83.86000,89.78000
2022-01-24 20:00:00,89.68000,95.80000,89.57000,91.82000
2022-01-25 00:00:00,91.98000,91.98000,88,89.91000
2022-01-25 04:00:00,90.11000,90.65000,87.53000,89.90000
2022-01-25 08:00:00,90.019997,94.20000,90.019997,91.72000
2022-01-25 12:00:00,91.61000,94.51000,90.5,92.65000
2022-01-25 16:00:00,92.85000,99.92000,92.73000,96.22000
2022-01-25 20:00:00,96.19000,96.19000,92.059998,94.64000
2022-01-26 00:00:00,94.80000,95.19000,91.54000,94.76000
2022-01-26 04:00:00,94.99000,96.80000,93.70000,94.47000
2022-01-26 08:00:00,94.41000,98.22000,94.41000,97.95000
2022-01-26 12:00:00,97.99000,101.79000,96.20000,98.88000
2022-01-26 16:00:00,98.74000,103.96000,96.44000,98.22000
2022-01-26 20:00:00,97.90000,97.90000,89.47000,91.89000
2022-01-27 00:00:00,91.81000,93.43000,85.87000,86.74000
2022-01-27 04:00:00,86.59000,89.81000,86.43000,88.73000
2022-01-27 08:00:00,88.83000,91.28000,88.40000,91.099998
2022-01-27 12:00:00,91.25,94.43000,90.81000,92.31000
2022-01-27 16:00:00,92.31000,93.23000,89.22000,89.88000
2022-01-27 20:00:00,90.15000,90.60000,85.86000,89.45000
2022-01-28 00:00:00,89.56000,92.90000,88.80000,92.46000
2022-01-28 04:00:00,92.65000,93.49000,89.65000,89.65000
2022-01-28 08:00:00,89.61000,90.91000,87.67000,88.55000
2022-01-28 12:00:00,88.53000,91.37000,87.24000,91.070000
2022-01-28 16:00:00,91.21000,92.85000,90.24000,91.61000
2022-01-28 20:00:00,91.70000,93.40000,90.26000,91.39000
2022-01-29 00:00:00,91.35000,93.66000,90.57000,92.099998
2022-01-29 04:00:00,92.11000,97.21000,92.050003,97.15000
2022-01-29 08:00:00,97.30000,97.64000,95.37000,96.30000
2022-01-29 12:00:00,96.31000,98.64000,93.93000,95.029999
2022-01-29 16:00:00,95,95.70000,93.57000,95.19000
2022-01-29 20:00:00,95.26000,96.77000,94.80000,95.98000
2022-01-30 00:00:00,95.96000,96.32000,93.86000,94.45000
2022-01-30 04:00:00,94.53000,97.44000,94.39000,96.65000
2022-01-30 08:00:00,96.75,96.95000,95.19000,96.34000
2022-01-30 12:00:00,96.19000,96.51000,93.89000,95.089996
2022-01-30 16:00:00,95.18000,95.66000,91.82000,92.010002
2022-01-30 20:00:00,91.97000,94.20000,91.41000,93.43000
2022-01-31 00:00:00,93.28000,93.52000,89.41000,90.74000
2022-01-31 04:00:00,90.67000,90.70000,89.26000,90.16000
2022-01-31 08:00:00,90.11000,91.67000,90.010002,91.38000
2022-01-31 12:00:00,91.37000,95.67000,90.52000,95.26000
2022-01-31 16:00:00,95.55000,98.54000,95.070000,98.44000
2022-01-31 20:00:00,98.46000,101.32000,97.48000,99.48000
2022-02-01 00:00:00,99.37000,107.89000,99.15000,106.97000
2022-02-01 04:00:00,106.97000,107.33000,104.58000,105.46000
2022-02-01 08:00:00,105.42000,108.90000,103.93000,106.39000
2022-02-01 12:00:00,106.43000,110.83000,106.11000,108.76000
2022-02-01 16:00:00,109.14000,113.45000,108.23000,108.52000
2022-02-01 20:00:00,107.89000,112.040001,107.89000,110.099998
2022-02-02 00:00:00,110.029999,112.28000,108.33000,110.65000
2022-02-02 04:00:00,110.51000,110.69000,107.58000,108.43000
2022-02-02 08:00:00,108.43000,110.5,108.35000,110.010002
2022-02-02 12:00:00,109.98000,112.22000,105.43000,105.90000
2022-02-02 16:00:00,105.92000,111.70000,103.86000,110.080002
2022-02-02 20:00:00,109.81000,109.81000,97.18000,101.87000
2022-02-03 00:00:00,101.91000,103.040001,96.81000,97.35000
2022-02-03 04:00:00,97.22000,99.46000,97.22000,99.42000
2022-02-03 08:00:00,99.44000,99.98000,94.16000,97.37000
2022-02-03 12:00:00,97.33000,98.90000,94.75,98.26000
2022-02-03 16:00:00,98.20000,99.059998,96.029999,96.89000
2022-02-03 20:00:00,96.89000,102.15000,95.89000,101.80000
2022-02-04 00:00:00,101.47000,103.81000,100.32000,102.37000
2022-02-04 04:00:00,102.42000,106.77000,101.79000,104.81000
2022-02-04 08:00:00,104.94000,106.74000,104.56000,104.89000
2022-02-04 12:00:00,104.94000,109.71000,101.82000,107.089996
2022-02-04 16:00:00,107.21000,111.19000,107.21000,110.44000
2022-02-04 20:00:00,110.64000,112.74000,109.33000,112.48000
2022-02-05 00:00:00,112.65000,114.070000,110.32000,114.070000
2022-02-05 04:00:00,114.099998,118.47000,113.63000,115.60000
2022-02-05 08:00:00,115.77000,116.75,114.55000,114.98000
2022-02-05 12:00:00,115.019997,117.089996,114.29000,116.029999
2022-02-05 16:00:00,116.099998,116.33000,111.11000,113.51000
2022-02-05 20:00:00,113.75,115.64000,112.89000,113.87000
2022-02-06 00:00:00,113.75,115.73000,113.75,114.45000
2022-02-06 04:00:00,114.49000,114.86000,112.22000,114.34000
2022-02-06 08:00:00,114.31000,116.010002,113.57000,114.30000
2022-02-06 12:00:00,114.45000,115.60000,111.54000,113.029999
2022-02-06 16:00:00,113.050003,114.47000,112.12000,112.83000
2022-02-06 20:00:00,112.78000,115.37000,112.16000,115.27000
2022-02-07 00:00:00,115.47000,119.64000,112.88000,119.46000
2022-02-07 04:00:00,119.18000,119.92000,117,117.32000
2022-02-07 08:00:00,117.28000,117.88000,115.54000,117.47000
2022-02-07 12:00:00,117.56000,121.65000,116.69000,121.49000
2022-02-07 16:00:00,121.32000,121.84000,119.34000,120.059998
2022-02-07 20:00:00,120.019997,120.93000,116.63000,117.49000
2022-02-08 00:00:00,117.52000,118.89000,115.61000,117.47000
2022-02-08 04:00:00,117.68000,120.17000,116.91000,117.88000
2022-02-08 08:00:00,117.73000,117.77000,112.32000,114.32000
2022-02-08 12:00:00,114.31000,114.31000,110.089996,112.14000
2022-02-08 16:00:00,112.16000,112.65000,110.35000,110.96000
2022-02-08 20:00:00,110.64000,114.65000,109.87000,113.25
2022-02-09 00:00:00,113.45000,115.010002,110.92000,111.21000
2022-02-09 04:00:00,111.32000,111.90000,109.48000,111.78000
2022-02-09 08:00:00,111.47000,113.64000,110.49000,113.5
2022-02-09 12:00:00,113.28000,116.98000,113.029999,113.089996
2022-02-09 16:00:00,113.27000,115.56000,112.68000,114.97000
2022-02-09 20:00:00,115.23000,116.32000,113.66000,113.96000
2022-02-10 00:00:00,114.040001,114.040001,110.67000,111.019997
2022-02-10 04:00:00,111.019997,112.46000,110.83000,112.37000
2022-02-10 08:00:00,112.24000,114.92000,112.089996,113.77000
2022-02-10 12:00:00,113.87000,114.15000,105.82000,111.85000
2022-02-10 16:00:00,111.93000,112.83000,108.19000,108.81000
2022-02-10 20:00:00,108.64000,109.43000,105.78000,106.17000
2022-02-11 00:00:00,106,106.39000,103.83000,104.62000
2022-02-11 04:00:00,104.66000,105.78000,103.39000,105.71000
2022-02-11 08:00:00,105.58000,106.38000,104.56000,105.5
2022-02-11 12:00:00,105.54000,108.059998,105.080002,106.85000
2022-02-11 16:00:00,106.81000,107.040001,99.40000,99.73000
2022-02-11 20:00:00,99.81000,100.040001,95.32000,96.5
2022-02-12 00:00:00,96.38000,98.46000,95.42000,96.91000
2022-02-12 04:00:00,96.89000,97.60000,93.28000,93.68000
2022-02-12 08:00:00,93.90000,96.080002,93.87000,96.070000
2022-02-12 12:00:00,96.029999,96.14000,93.64000,95
2022-02-12 16:00:00,95.040001,99.77000,94.70000,97.099998
2022-02-12 20:00:00,97.22000,98.30000,94.5,95.86000
2022-02-13 00:00:00,95.98000,97.27000,95.11000,95.94000
2022-02-13 04:00:00,96.070000,96.66000,95.23000,96.41000
2022-02-13 08:00:00,96.33000,96.94000,95.48000,96.22000
2022-02-13 12:00:00,96.18000,96.77000,95.53000,95.59000
2022-02-13 16:00:00,95.65000,95.65000,91.44000,92.22000
2022-02-13 20:00:00,92.26000,94.029999,92.050003,92.80000
2022-02-14 00:00:00,92.86000,93.74000,90.97000,93.54000
2022-02-14 04:00:00,93.54000,94.81000,92.76000,94.81000
2022-02-14 08:00:00,94.75,94.91000,91.91000,93.13000
2022-02-14 12:00:00,93.24000,97.75,92.35000,96.63000
2022-02-14 16:00:00,96.59000,97.92000,93.43000,94.35000
2022-02-14 20:00:00,94.37000,97.16000,93.64000,96.41000
2022-02-15 00:00:00,96.40000,102.37000,96.40000,101.32000
2022-02-15 04:00:00,101.42000,102.25,100.42000,102.050003
2022-02-15 08:00:00,102.019997,103.56000,101.48000,102.54000
2022-02-15 12:00:00,102.40000,103.21000,101.15000,102.77000
2022-02-15 16:00:00,102.89000,103.20000,100.86000,101.61000
2022-02-15 20:00:00,101.56000,105.64000,101.010002,105.52000
2022-02-16 00:00:00,105.37000,105.37000,102.49000,102.85000
2022-02-16 04:00:00,102.80000,104.40000,101.13000,104.21000
2022-02-16 08:00:00,104.28000,104.41000,101.49000,102.48000
2022-02-16 12:00:00,102.43000,102.72000,98.61000,98.97000
2022-02-16 16:00:00,99.089996,103.53000,98.28000,103.19000
2022-02-16 20:00:00,103.30000,103.45000,101.60000,101.77000
2022-02-17 00:00:00,101.85000,102.73000,99.26000,99.26000
2022-02-17 04:00:00,99.11000,100.96000,98.14000,100.93000
2022-02-17 08:00:00,100.98000,101.070000,98.14000,99.099998
2022-02-17 12:00:00,99.14000,99.65000,96.72000,97.33000
2022-02-17 16:00:00,97.26000,97.76000,93.20000,94.92000
2022-02-17 20:00:00,94.83000,94.87000,92.38000,93.55000
2022-02-18 00:00:00,93.45000,95.5,92.86000,94.36000
2022-02-18 04:00:00,94.44000,95.49000,93.83000,95.13000
2022-02-18 08:00:00,95.19000,96.29000,93.70000,93.91000
2022-02-18 12:00:00,94.010002,94.79000,90.16000,90.98000
2022-02-18 16:00:00,90.91000,91.84000,89.48000,91
2022-02-18 20:00:00,91.029999,91.38000,89.48000,89.92000
2022-02-19 00:00:00,89.86000,92.20000,89.86000,91.17000
2022-02-19 04:00:00,91.23000,92.55000,91.080002,92.15000
2022-02-19 08:00:00,92.13000,92.35000,88.74000,89.46000
2022-02-19 12:00:00,89.5,90.84000,88.74000,90.44000
2022-02-19 20:00:00,90.11000,91.61000,89.76000,91.24000
2022-02-20 00:00:00,91.29000,91.39000,88.11000,88.40000
2022-02-20 04:00:00,88.37000,88.64000,85.85000,87.38000
2022-02-20 08:00:00,87.37000,90.089996,85.87000,89.15000
2022-02-20 12:00:00,89.19000,90.75,87.46000,89.55000
2022-02-20 16:00:00,89.40000,93.32000,89.26000,92
2022-02-20 20:00:00,92.010002,93.84000,90.32000,90.71000
2022-02-21 00:00:00,90.91000,95.24000,90.54000,93.88000
2022-02-21 04:00:00,94.040001,95.71000,93.78000,95.5
2022-02-21 08:00:00,95.41000,95.98000,88.40000,89.20000
2022-02-21 12:00:00,89.010002,91.98000,87.010002,89.66000
2022-02-21 16:00:00,89.56000,90.24000,86.40000,87.52000
2022-02-21 20:00:00,87.39000,88.21000,82.75,82.82000
2022-02-22 00:00:00,83.099998,84.58000,81.16000,81.54000
2022-02-22 04:00:00,81.62000,83.71000,81.43000,82.19000
2022-02-22 08:00:00,82.15000,85.88000,81.88000,85.19000
2022-02-22 12:00:00,84.94000,87.44000,84.25,85.75
2022-02-22 16:00:00,85.91000,86.51000,83.89000,86.33000
2022-02-22 20:00:00,86.33000,87.019997,84.79000,86.40000
2022-02-23 00:00:00,86.49000,88.63000,86.20000,87.20000
2022-02-23 04:00:00,87.15000,89.93000,87.010002,89.15000
2022-02-23 08:00:00,89.099998,92.89000,88.73000,92.070000
2022-02-23 12:00:00,92.070000,93.24000,89.19000,89.69000
2022-02-23 16:00:00,89.62000,92.089996,87.61000,88.080002
2022-02-23 20:00:00,88.050003,88.12000,84.39000,84.56000
2022-02-24 00:00:00,84.33000,85.76000,76.59000,77.57000
2022-02-24 04:00:00,77.48000,83.79000,75.70000,82.11000
2022-02-24 08:00:00,82.050003,84.42000,79.59000,81.38000
2022-02-24 12:00:00,81.010002,86.059998,79.57000,85
2022-02-24 16:00:00,84.98000,91.12000,83.47000,91.12000
2022-02-24 20:00:00,91.010002,92.98000,86.84000,89.37000
2022-02-25 00:00:00,89.65000,90.72000,87.72000,89.64000
2022-02-25 04:00:00,89.60000,89.77000,87.040001,88.70000
2022-02-25 08:00:00,88.71000,89.41000,87.11000,89.22000
2022-02-25 12:00:00,89.42000,92.010002,88.099998,91.050003
2022-02-25 16:00:00,90.98000,91.89000,88.93000,89.54000
2022-02-25 20:00:00,89.54000,94.98000,89.070000,92.79000
2022-02-26 00:00:00,92.77000,94.95000,92.19000,92.93000
2022-02-26 04:00:00,92.87000,93.46000,90.55000,91.89000
2022-02-26 08:00:00,92.050003,92.83000,90.18000,90.67000
2022-02-26 12:00:00,90.80000,91.88000,90.20000,91.26000
2022-02-26 16:00:00,91.25,91.61000,89.36000,90.82000
2022-02-26 20:00:00,90.81000,92.54000,89.62000,90.13000
2022-02-27 00:00:00,90.23000,90.67000,86.29000,87.080002
2022-02-27 04:00:00,86.92000,89.17000,86.64000,88.83000
2022-02-27 08:00:00,88.83000,90.83000,88.080002,90.79000
2022-02-27 12:00:00,90.86000,92.13000,88.54000,91.18000
2022-02-27 16:00:00,91.18000,91.18000,84.78000,84.82000
2022-02-27 20:00:00,84.74000,86.41000,84.19000,85.59000
2022-02-28 00:00:00,85.62000,88.010002,84.27000,86.70000
2022-02-28 04:00:00,86.73000,88.62000,84.82000,88.15000
2022-02-28 08:00:00,88.27000,91.11000,88.15000,90.83000
2022-02-28 12:00:00,90.85000,96.29000,89.040001,95.57000
2022-02-28 16:00:00,95.78000,96.99000,94.41000,96.13000
2022-02-28 20:00:00,96.25,102.51000,95.90000,99.67000
2022-03-01 00:00:00,99.72000,101.040001,96.21000,97.38000
2022-03-01 04:00:00,97.32000,97.90000,95.17000,96.93000
2022-03-01 08:00:00,96.93000,98.39000,94.51000,97.75
2022-03-01 12:00:00,97.75,101.81000,96.68000,97.95000
2022-03-01 16:00:00,97.86000,99.010002,96.13000,97.69000
2022-03-01 20:00:00,97.72000,99.26000,96.87000,98.61000
2022-03-02 00:00:00,98.71000,105.070000,96.87000,104.35000
2022-03-02 04:00:00,104.41000,105.21000,101.35000,102.31000
2022-03-02 08:00:00,102.34000,106.32000,101.22000,104.67000
2022-03-02 12:00:00,104.48000,105.22000,100.40000,101.53000
2022-03-02 16:00:00,101.58000,103.33000,99.99000,100.89000
2022-03-02 20:00:00,101.040001,101.80000,99.97000,100.69000
2022-03-03 00:00:00,100.47000,101.67000,97.84000,98.28000
2022-03-03 04:00:00,98.43000,100.58000,98.070000,99.79000
2022-03-03 08:00:00,99.79000,101.11000,98.82000,99.75
2022-03-03 12:00:00,99.74000,100.83000,95.16000,95.95000
2022-03-03 16:00:00,95.87000,96.24000,94.25,94.94000
2022-03-03 20:00:00,94.73000,96.43000,94.15000,95.67000
2022-03-04 00:00:00,95.62000,95.86000,90.61000,91.57000
2022-03-04 04:00:00,91.53000,92.23000,90.90000,91.98000
2022-03-04 08:00:00,92.019997,93.78000,90.76000,93.089996
2022-03-04 12:00:00,93.28000,93.74000,90.79000,91.28000
2022-03-04 16:00:00,91.29000,92.79000,88.55000,88.61000
2022-03-04 20:00:00,88.49000,89.29000,87.010002,88.29000
2022-03-05 00:00:00,88.28000,88.32000,86.029999,87.76000
2022-03-05 04:00:00,87.74000,89.22000,86.94000,88.85000
2022-03-05 08:00:00,88.89000,89.089996,87.90000,88.21000
2022-03-05 12:00:00,89.46000,89.53000,87.84000,89.19000
2022-03-05 16:00:00,89.17000,91.11000,89.16000,90.15000
2022-03-05 20:00:00,90.14000,90.44000,89.089996,89.66000
2022-03-06 00:00:00,89.35000,89.91000,87.5,87.66000
2022-03-06 04:00:00,87.53000,88.90000,87.010002,88.5
2022-03-06 08:00:00,88.33000,88.37000,85.99000,86.90000
2022-03-06 12:00:00,86.97000,88.13000,86.55000,87.24000
2022-03-06 16:00:00,87.26000,88.23000,84.98000,85.44000
2022-03-06 20:00:00,85.33000,86.35000,84.18000,84.55000
2022-03-07 00:00:00,84.44000,84.69000,81.53000,82.26000
2022-03-07 04:00:00,82.37000,83.29000,81.40000,81.75
2022-03-07 08:00:00,81.99000,83.30000,81.28000,83.18000
2022-03-07 12:00:00,83.23000,86.51000,83.23000,85.059998
2022-03-07 16:00:00,85.050003,85.95000,80.14000,80.35000
2022-03-07 20:00:00,80.24000,82.96000,80.070000,81.80000
2022-03-08 00:00:00,81.66000,84.52000,81.33000,83.46000
2022-03-08 04:00:00,83.47000,84.16000,82.55000,83.050003
2022-03-08 08:00:00,83.089996,84.90000,82.77000,83.91000
2022-03-08 12:00:00,84.029999,84.47000,81.86000,82.86000
2022-03-08 16:00:00,82.80000,84.99000,81.42000,82.91000
2022-03-08 20:00:00,82.96000,83.15000,81.48000,82.29000
2022-03-09 00:00:00,82.27000,88.39000,81.95000,87.97000
2022-03-09 04:00:00,88.35000,89.65000,87.089996,89.27000
2022-03-09 08:00:00,89.26000,89.76000,87.89000,88.22000
2022-03-09 12:00:00,88.31000,89.20000,86.60000,88.87000
2022-03-09 16:00:00,88.91000,89.39000,86.080002,87.010002
2022-03-09 20:00:00,86.95000,88.76000,86.14000,88.089996
2022-03-10 00:00:00,88.17000,88.55000,85.33000,85.34000
2022-03-10 04:00:00,85.15000,85.5,82.019997,82.61000
2022-03-10 08:00:00,82.65000,83.17000,81.89000,82.089996
2022-03-10 12:00:00,82.029999,83.92000,80.75,81.87000
2022-03-10 16:00:00,81.86000,82.70000,81.71000,82.40000
2022-03-10 20:00:00,82.47000,83.98000,82.12000,82.86000
2022-03-11 00:00:00,82.77000,83.089996,80.79000,81.95000
2022-03-11 04:00:00,81.90000,82.60000,80.28000,82.13000
2022-03-11 08:00:00,82.26000,83.80000,81.24000,83.32000
2022-03-11 12:00:00,83.44000,84.26000,81.35000,81.77000
2022-03-11 16:00:00,81.71000,81.71000,80.43000,80.59000
2022-03-11 20:00:00,80.54000,81.5,80.12000,80.66000
2022-03-12 00:00:00,80.67000,82.71000,80.64000,81.80000
2022-03-12 04:00:00,81.81000,82.46000,81.37000,81.70000
2022-03-12 08:00:00,81.68000,81.70000,80.59000,81.12000
2022-03-12 12:00:00,81.13000,82.30000,81.010002,81.77000
2022-03-12 16:00:00,81.75,82.32000,81.55000,81.66000
2022-03-12 20:00:00,81.66000,82.19000,81.39000,81.39000
2022-03-13 00:00:00,81.41000,82.57000,81.029999,82.57000
2022-03-13 04:00:00,82.67000,83.070000,81.77000,81.78000
2022-03-13 08:00:00,81.75,81.78000,80.85000,81.050003
2022-03-13 12:00:00,80.98000,81.66000,80.050003,81.23000
2022-03-13 16:00:00,81.19000,81.44000,80.35000,80.46000
2022-03-13 20:00:00,80.45000,80.45000,77.76000,78.71000
2022-03-14 00:00:00,78.63000,79.90000,78.040001,79.51000
2022-03-14 04:00:00,79.63000,81.67000,79.54000,80.94000
2022-03-14 08:00:00,80.90000,82.24000,80.85000,80.92000
2022-03-14 12:00:00,80.92000,81.41000,80.17000,80.91000
2022-03-14 16:00:00,80.93000,81,78.57000,79.95000
2022-03-14 20:00:00,79.92000,81.37000,79.19000,81.21000
2022-03-15 00:00:00,81.19000,81.51000,79.32000,79.67000
2022-03-15 04:00:00,79.59000,80.32000,78.88000,79.23000
2022-03-15 08:00:00,79.33000,80.34000,79,80.14000
2022-03-15 12:00:00,80.12000,81.21000,79.63000,81.040001
2022-03-15 16:00:00,81.13000,85.79000,80.73000,84.54000
2022-03-15 20:00:00,84.62000,85.13000,82.80000,82.84000
2022-03-16 00:00:00,82.92000,86.31000,82.24000,82.33000
2022-03-16 04:00:00,82.23000,82.91000,81.53000,82.66000
2022-03-16 08:00:00,82.85000,84.56000,82.76000,84.21000
2022-03-16 12:00:00,84.34000,84.82000,82.77000,83.92000
2022-03-16 16:00:00,84.010002,85.94000,82.28000,85.72000
2022-03-16 20:00:00,85.81000,87.95000,85.57000,87.79000
2022-03-17 00:00:00,87.86000,89.080002,87,87.93000
2022-03-17 04:00:00,87.98000,88.92000,86.86000,87.19000
2022-03-17 08:00:00,87.18000,87.77000,86.68000,87.59000
2022-03-17 12:00:00,87.71000,90.72000,87.55000,89.33000
2022-03-17 16:00:00,89.43000,90.80000,88.72000,90.80000
2022-03-17 20:00:00,90.97000,90.97000,87.70000,87.80000
2022-03-18 00:00:00,87.78000,88.040001,85.62000,85.93000
2022-03-18 04:00:00,85.85000,87.12000,85.56000,85.75
2022-03-18 08:00:00,85.77000,86.55000,84.5,84.92000
2022-03-18 12:00:00,84.97000,88.29000,84.65000,88.29000
2022-03-18 16:00:00,88.38000,92.13000,88.27000,91.050003
2022-03-18 20:00:00,91.29000,91.71000,88.93000,89.77000
2022-03-19 00:00:00,89.83000,92.23000,89.46000,90.31000
2022-03-19 04:00:00,90.30000,90.80000,89.29000,89.32000
2022-03-19 08:00:00,89.32000,90.98000,89.25,90.70000
2022-03-19 12:00:00,90.55000,94.20000,90.40000,94.099998
2022-03-19 16:00:00,94.29000,94.52000,92.37000,92.65000
2022-03-19 20:00:00,92.61000,93.41000,91.20000,92.34000
2022-03-20 00:00:00,92.26000,92.48000,90.35000,90.78000
2022-03-20 04:00:00,90.82000,91.57000,90.39000,91.010002
2022-03-20 08:00:00,91.019997,91.63000,89.78000,90.019997
2022-03-20 12:00:00,89.94000,90.62000,89,89.21000
2022-03-20 16:00:00,89.13000,89.89000,87.97000,89.52000
2022-03-20 20:00:00,89.52000,90.31000,88.31000,88.59000
2022-03-21 00:00:00,88.62000,89.17000,86.89000,87.71000
2022-03-21 04:00:00,87.71000,89.71000,87.61000,89.63000
2022-03-21 08:00:00,89.70000,91.12000,89.41000,89.90000
2022-03-21 12:00:00,90.019997,91.059998,88.69000,89.59000
2022-03-21 16:00:00,89.58000,89.59000,87.59000,88.76000
2022-03-21 20:00:00,88.77000,89.20000,88.23000,88.61000
2022-03-22 00:00:00,88.49000,91.67000,88.059998,90.98000
2022-03-22 04:00:00,91.13000,92.38000,89.52000,90.25
2022-03-22 08:00:00,90.31000,92.15000,90.040001,91.98000
2022-03-22 12:00:00,92,93.90000,91.019997,92.76000
2022-03-22 16:00:00,92.57000,93.58000,91.37000,91.37000
2022-03-22 20:00:00,91.58000,92.43000,90.27000,90.44000
2022-03-23 00:00:00,90.43000,91.28000,89.38000,90.11000
2022-03-23 04:00:00,90.089996,91.78000,89.67000,91.17000
2022-03-23 08:00:00,91.13000,91.72000,90.62000,91.33000
2022-03-23 12:00:00,91.39000,96.23000,90.99000,95.75
2022-03-23 16:00:00,95.73000,96.080002,92.63000,92.81000
2022-03-23 20:00:00,92.78000,95.18000,92.72000,94.88000
2022-03-24 00:00:00,95.099998,95.89000,93.52000,94.65000
2022-03-24 04:00:00,94.78000,97.58000,94.62000,97.099998
2022-03-24 08:00:00,97.24000,101.77000,96.78000,100.059998
2022-03-24 12:00:00,100.13000,102.11000,98.24000,101.45000
2022-03-24 16:00:00,101.62000,103.70000,100.62000,102.90000
2022-03-24 20:00:00,102.96000,103.47000,101.51000,102.32000
2022-03-25 00:00:00,102.24000,104.42000,100.83000,103.45000
2022-03-25 04:00:00,103.44000,104.83000,102.77000,102.88000
2022-03-25 08:00:00,102.85000,104.41000,101.53000,104.28000
2022-03-25 12:00:00,104.35000,104.48000,99.73000,100.24000
2022-03-25 16:00:00,100.19000,100.81000,97.14000,98.46000
2022-03-25 20:00:00,98.48000,99.22000,97.84000,98.60000
2022-03-26 00:00:00,98.69000,99.21000,97.72000,99
2022-03-26 04:00:00,98.92000,101.41000,98.57000,101.24000
2022-03-26 08:00:00,101.16000,101.47000,99.97000,100.37000
2022-03-26 12:00:00,100.37000,101.84000,99.76000,101.070000
2022-03-26 16:00:00,101.20000,103.29000,101.19000,102.68000
2022-03-26 20:00:00,102.70000,103.28000,101.25,101.75
2022-03-27 00:00:00,101.82000,102.94000,101.37000,101.83000
2022-03-27 04:00:00,101.73000,102.40000,101.099998,102.18000
2022-03-27 08:00:00,102.21000,102.38000,100.25,100.42000
2022-03-27 12:00:00,100.38000,101.58000,98.81000,101.5
2022-03-27 16:00:00,101.47000,103.34000,100.96000,103.25
2022-03-27 20:00:00,103.28000,107.41000,101.98000,107.070000
2022-03-28 00:00:00,106.98000,107.56000,105.30000,106.82000
2022-03-28 04:00:00,106.83000,111.68000,105.97000,108.89000
2022-03-28 08:00:00,109.050003,111.62000,107.70000,110.040001
2022-03-28 12:00:00,110.070000,113.85000,109.30000,110.43000
2022-03-28 16:00:00,109.86000,112.93000,109.089996,111.48000
2022-03-28 20:00:00,111.32000,112.99000,105.45000,105.94000
2022-03-29 00:00:00,105.73000,110.44000,105.73000,109.059998
2022-03-29 04:00:00,109.13000,111.67000,108.70000,109.88000
2022-03-29 08:00:00,109.93000,113.41000,109.93000,113.25
2022-03-29 12:00:00,113.27000,115.58000,111.35000,111.62000
2022-03-29 16:00:00,111.62000,114.059998,108.95000,113.85000
2022-03-29 20:00:00,113.96000,113.96000,109.39000,111.70000
2022-03-30 00:00:00,111.40000,111.40000,107.32000,110.76000
2022-03-30 04:00:00,110.86000,112.85000,109.63000,112.32000
2022-03-30 08:00:00,112.34000,112.91000,110.75,112.24000
2022-03-30 12:00:00,112.34000,124.67000,111.59000,122.59000
2022-03-30 16:00:00,123.059998,124.92000,119.98000,121.12000
2022-03-30 20:00:00,121.18000,121.39000,119.18000,120.59000
2022-03-31 00:00:00,120.81000,123.82000,119.98000,121.25
2022-03-31 04:00:00,121.23000,123.44000,120.39000,123.30000
2022-03-31 08:00:00,123.029999,127.70000,122.57000,127.30000
2022-03-31 12:00:00,127.34000,129.39999,121.96000,125.38000
2022-03-31 16:00:00,125.24000,127.47000,121.85000,123.019997
2022-03-31 20:00:00,123.080002,125.55000,122.26000,122.86000
2022-04-01 00:00:00,122.80000,124.87000,117.99000,122.029999
2022-04-01 04:00:00,121.80000,126.40000,119.92000,126.40000
2022-04-01 08:00:00,126.33000,126.99000,124.040001,124.35000
2022-04-01 12:00:00,124.17000,133.53000,122.43000,132.64999
2022-04-01 16:00:00,132.74001,137.42000,132.24001,137.42000
2022-04-01 20:00:00,137.17000,138.35001,133.74001,134.49001
2022-04-02 00:00:00,134.13000,137.20000,133.42000,134.70000
2022-04-02 04:00:00,134.75,136.32001,134.20000,135.81000
2022-04-02 08:00:00,135.73000,138.39000,135.070007,137.64999
2022-04-02 12:00:00,137.56000,143.16000,136.34000,137.82001
2022-04-02 16:00:00,137.92999,140.44000,134.50999,136.16000
2022-04-02 20:00:00,135.80000,137.47000,131.53999,132.39999
2022-04-03 00:00:00,132.48000,136.080002,130.62000,135.48000
2022-04-03 04:00:00,135.56000,138.84000,135.56000,137.59000
2022-04-03 08:00:00,137.59000,140.92999,136.44000,139
2022-04-03 12:00:00,139.11000,139.98000,135.59000,136.089996
2022-04-03 16:00:00,136.039993,136.86000,134.30000,135.28999
2022-04-03 20:00:00,135.35001,139.39000,135.14000,136.77000
2022-04-04 00:00:00,136.91000,137.23000,134.28999,135.25999
2022-04-04 04:00:00,135.25999,138.24001,134.97000,137.089996
2022-04-04 08:00:00,137.039993,137.71001,133.39999,134.71001
2022-04-04 12:00:00,134.83000,135.32001,128.67000,129.039993
2022-04-04 16:00:00,129.22000,131.39999,126.30000,130.21001
2022-04-04 20:00:00,130.12000,132.97000,129.16000,132.11000
2022-04-05 00:00:00,132.10001,133.92999,129.80000,133.36000
2022-04-05 04:00:00,133.30000,134.21001,131.74001,133.38000
2022-04-05 08:00:00,133.34000,134.83000,131.50999,134.52000
2022-04-05 12:00:00,134.73000,136.53999,129.30000,131.61000
2022-04-05 16:00:00,131.5,133.61000,129.55000,131.11000
2022-04-05 20:00:00,130.95000,131.41000,126.11000,126.90000
2022-04-06 00:00:00,126.87000,126.90000,120.15000,123.56000
2022-04-06 04:00:00,123.76000,127.34000,123.25,125.49000
2022-04-06 08:00:00,125.31000,125.78000,119.47000,121.60000
2022-04-06 12:00:00,121.86000,123.20000,115.34000,117.46000
2022-04-06 16:00:00,117.35000,119.89000,114.80000,118.81000
2022-04-06 20:00:00,118.73000,119.52000,112.27000,113
2022-04-07 00:00:00,112.87000,114.90000,110.89000,113.76000
2022-04-07 04:00:00,113.96000,116.39000,113.099998,115.97000
2022-04-07 08:00:00,116.029999,117.57000,114.17000,117.46000
2022-04-07 12:00:00,117.58000,118.54000,111.80000,113.21000
2022-04-07 16:00:00,113.20000,118.47000,112.92000,117.70000
2022-04-07 20:00:00,117.65000,119.89000,116.81000,118.63000
2022-04-08 00:00:00,118.62000,122.39000,118.12000,122.080002
2022-04-08 04:00:00,122.13000,122.33000,116.98000,119.059998
2022-04-08 08:00:00,119.16000,120.19000,114.92000,115.28000
2022-04-08 12:00:00,115.63000,118.41000,113.17000,116.42000
2022-04-08 16:00:00,116.53000,116.77000,112.81000,113.27000
2022-04-08 20:00:00,113.53000,113.97000,108.28000,109.95000
2022-04-09 00:00:00,109.85000,111.74000,108.33000,109.41000
2022-04-09 04:00:00,109.64000,111.14000,109.040001,110.67000
2022-04-09 08:00:00,110.73000,111.17000,109.040001,110.51000
2022-04-09 12:00:00,110.37000,111.77000,109.41000,109.41000
2022-04-09 16:00:00,109.68000,111.46000,109.47000,109.81000
2022-04-09 20:00:00,109.95000,113.5,109.58000,112.94000
2022-04-10 00:00:00,113.15000,113.90000,111.36000,113.35000
2022-04-10 04:00:00,113.38000,113.58000,111.47000,111.61000
2022-04-10 08:00:00,111.54000,112.16000,109.80000,110.99000
2022-04-10 12:00:00,110.96000,112.52000,110.55000,112.42000
2022-04-10 16:00:00,112.42000,115.97000,111.94000,114.66000
2022-04-10 20:00:00,114.66000,115.34000,110.59000,110.99000
2022-04-11 00:00:00,110.61000,111.87000,108.49000,109.80000
2022-04-11 04:00:00,109.97000,111.31000,109.57000,111.080002
2022-04-11 08:00:00,111.11000,111.82000,103.45000,104.070000
2022-04-11 12:00:00,104.050003,104.73000,101.57000,101.57000
2022-04-11 16:00:00,101.43000,103.83000,100.52000,101.36000
2022-04-11 20:00:00,101.77000,102.61000,98.41000,99.66000
2022-04-12 00:00:00,99.94000,100.99000,98.33000,99.69000
2022-04-12 04:00:00,99.75,103.22000,99.36000,103.029999
2022-04-12 08:00:00,103.040001,105.66000,102.26000,105.66000
2022-04-12 12:00:00,105.58000,109.15000,104.82000,105.74000
2022-04-12 16:00:00,105.94000,106.96000,100.35000,100.74000
2022-04-12 20:00:00,101.040001,103.58000,101.040001,103.16000
2022-04-13 00:00:00,103.27000,104.92000,101.92000,103.68000
2022-04-13 04:00:00,103.66000,104.81000,103.029999,103.97000
2022-04-13 08:00:00,103.95000,104.27000,101.019997,101.019997
2022-04-13 12:00:00,101.029999,105.94000,100.14000,105.099998
2022-04-13 16:00:00,105.14000,105.91000,103.70000,104.010002
2022-04-13 20:00:00,103.87000,105.44000,103.72000,104.77000
2022-04-14 00:00:00,104.93000,107.26000,104.57000,105.62000
2022-04-14 04:00:00,105.67000,107.52000,105.64000,106.41000
2022-04-14 08:00:00,106.53000,107.20000,103.37000,103.56000
2022-04-14 12:00:00,103.47000,105.71000,101.15000,101.21000
2022-04-14 16:00:00,101.31000,101.88000,98.95000,99.66000
2022-04-14 20:00:00,99.55000,101.20000,99.17000,100.72000
2022-04-15 00:00:00,100.77000,102.089996,99.65000,102.089996
2022-04-15 04:00:00,102.12000,102.44000,100.60000,101.67000
2022-04-15 08:00:00,101.81000,102.059998,100.90000,101.61000
2022-04-15 12:00:00,101.68000,102.85000,99.87000,102.35000
2022-04-15 16:00:00,102.40000,102.76000,100.23000,100.48000
2022-04-15 20:00:00,100.36000,101.35000,100.36000,101.31000
2022-04-16 00:00:00,101.51000,101.95000,100.95000,101.010002
2022-04-16 04:00:00,101.010002,101.89000,101.010002,101.49000
2022-04-16 08:00:00,101.43000,102.68000,101.13000,101.89000
2022-04-16 12:00:00,101.80000,103.47000,100.91000,100.99000
2022-04-16 16:00:00,100.85000,102.69000,100.77000,101.95000
2022-04-16 20:00:00,102.019997,102.87000,101.76000,102.12000
2022-04-17 00:00:00,102.050003,102.35000,101.080002,101.5
2022-04-17 04:00:00,101.42000,102.22000,101.34000,101.93000
2022-04-17 08:00:00,101.89000,102.49000,101.84000,102.44000
2022-04-17 12:00:00,102.49000,105.21000,102.33000,105.080002
2022-04-17 16:00:00,105.22000,105.33000,102.87000,104.059998
2022-04-17 20:00:00,104.089996,104.20000,99.74000,100.30000
2022-04-18 00:00:00,100.15000,101.64000,99.97000,101.17000
2022-04-18 04:00:00,101.19000,101.29000,95.080002,96.39000
2022-04-18 08:00:00,96.42000,97.23000,94.97000,96.79000
2022-04-18 12:00:00,96.95000,99.13000,96.81000,98.71000
2022-04-18 16:00:00,98.69000,102.15000,97.17000,101.20000
2022-04-18 20:00:00,101.42000,102.59000,101.019997,102.28000
2022-04-19 00:00:00,102.40000,103.73000,101.25,101.42000
2022-04-19 04:00:00,101.46000,102.56000,101.070000,101.95000
2022-04-19 08:00:00,101.86000,103.46000,101.49000,102.46000
2022-04-19 12:00:00,102.37000,108.32000,102.28000,106.52000
2022-04-19 16:00:00,106.49000,107.12000,105.44000,106.97000
2022-04-19 20:00:00,106.49000,108.75,105.82000,108.58000
2022-04-20 00:00:00,108.54000,109.28000,107.059998,108.22000
2022-04-20 04:00:00,108.29000,108.56000,106.75,107
2022-04-20 08:00:00,107,110.88000,106.63000,110.53000
2022-04-20 12:00:00,110.51000,110.69000,104.94000,105.71000
2022-04-20 16:00:00,105.62000,106.59000,104.47000,105.93000
2022-04-20 20:00:00,106.029999,107.53000,105.070000,105.55000
2022-04-21 00:00:00,105.45000,107.099998,105.45000,107.029999
2022-04-21 04:00:00,107.050003,107.43000,105.35000,106.94000
2022-04-21 08:00:00,106.89000,108.94000,105.78000,108.40000
2022-04-21 12:00:00,108.48000,109.94000,107.68000,107.79000
2022-04-21 16:00:00,107.74000,107.74000,104.35000,104.35000
2022-04-21 20:00:00,104.12000,104.25,100.11000,101.73000
2022-04-22 00:00:00,101.82000,103.010002,101.51000,102.55000
2022-04-22 04:00:00,102.54000,103.52000,101.44000,102.69000
2022-04-22 08:00:00,102.63000,102.91000,100.15000,102.19000
2022-04-22 12:00:00,102.18000,102.64000,99.54000,99.75
2022-04-22 16:00:00,99.57000,101.97000,99.35000,100.82000
2022-04-22 20:00:00,100.96000,101.70000,100.20000,100.55000
2022-04-23 00:00:00,100.56000,101.010002,99.34000,99.87000
2022-04-23 04:00:00,99.85000,101.23000,98.42000,101.21000
2022-04-23 08:00:00,101.24000,101.99000,100.76000,101.57000
2022-04-23 12:00:00,101.61000,102.53000,100.89000,102.080002
2022-04-23 16:00:00,102.18000,102.82000,101.54000,102.089996
2022-04-23 20:00:00,102.080002,102.48000,100.36000,100.48000
2022-04-24 00:00:00,100.63000,101.58000,100.27000,101.29000
2022-04-24 04:00:00,101.35000,102,101.19000,101.75
2022-04-24 08:00:00,101.81000,102.28000,100.97000,101.12000
2022-04-24 12:00:00,101.14000,101.48000,99.89000,100.11000
2022-04-24 16:00:00,100.11000,101.13000,98.75,100.47000
2022-04-24 20:00:00,100.63000,100.69000,99.010002,99.22000
2022-04-25 00:00:00,99.23000,99.38000,96.39000,98.059998
2022-04-25 04:00:00,98.070000,98.26000,94.70000,95.18000
2022-04-25 08:00:00,95.099998,96.84000,94.57000,96.84000
2022-04-25 12:00:00,96.81000,98.20000,95.94000,97.010002
2022-04-25 16:00:00,96.93000,100.77000,96.86000,100.63000
2022-04-25 20:00:00,100.74000,101.58000,99.85000,100.98000
2022-04-26 00:00:00,100.98000,101.95000,100.27000,100.97000
2022-04-26 04:00:00,101.029999,101.52000,100.32000,100.90000
2022-04-26 08:00:00,100.90000,101.45000,99.83000,100.5
2022-04-26 12:00:00,100.5,101.059998,96.5,96.5
2022-04-26 16:00:00,96.53000,97.72000,95.72000,96.57000
2022-04-26 20:00:00,96.45000,97.49000,94.79000,95.67000
2022-04-27 00:00:00,95.74000,97.17000,94.98000,96.77000
2022-04-27 04:00:00,96.77000,99.43000,96.66000,99.37000
2022-04-27 08:00:00,99.40000,100,98.13000,99.11000
2022-04-27 12:00:00,99.21000,100.63000,96.88000,98.13000
2022-04-27 16:00:00,98.089996,98.93000,96.84000,97.60000
2022-04-27 20:00:00,97.33000,98.85000,97.25,98.36000
2022-04-28 00:00:00,98.32000,99.83000,98.010002,99.14000
2022-04-28 04:00:00,99.20000,100,98.58000,99.5
2022-04-28 08:00:00,99.59000,100.5,99.070000,99.82000
2022-04-28 12:00:00,99.95000,100.050003,96.45000,97.61000
2022-04-28 16:00:00,97.42000,100.15000,96.93000,98.65000
2022-04-28 20:00:00,98.69000,99.099998,97.37000,98.23000
2022-04-29 00:00:00,98.29000,98.66000,96.96000,97.19000
2022-04-29 04:00:00,97.14000,98,96.80000,97.82000
2022-04-29 08:00:00,97.83000,97.97000,95.22000,95.61000
2022-04-29 12:00:00,95.64000,96.94000,95.27000,96.20000
2022-04-29 16:00:00,96.15000,96.31000,92.44000,92.85000
2022-04-29 20:00:00,92.84000,94.46000,92.74000,93.95000
2022-04-30 00:00:00,94.010002,94.95000,93.73000,94.050003
2022-04-30 04:00:00,94.099998,94.93000,93.73000,94.050003
2022-04-30 08:00:00,94.029999,94.52000,93.66000,93.90000
2022-04-30 12:00:00,93.86000,94.17000,91.67000,92.29000
2022-04-30 16:00:00,92.25,92.57000,90.33000,91.57000
2022-04-30 20:00:00,91.49000,91.49000,82.040001,84.63000
2022-05-01 00:00:00,84.68000,88.43000,84.19000,88.11000
2022-05-01 04:00:00,88.059998,89.80000,87.15000,88.79000
2022-05-01 08:00:00,88.90000,89.90000,87.90000,88.25
2022-05-01 12:00:00,88.30000,90.30000,87.059998,90
2022-05-01 16:00:00,90.070000,92.70000,87.089996,88.029999
2022-05-01 20:00:00,88.18000,90.40000,87.80000,89.75
2022-05-02 00:00:00,89.69000,90.70000,88.74000,89.45000
2022-05-02 04:00:00,89.34000,90.72000,89.089996,89.82000
2022-05-02 08:00:00,89.74000,89.99000,86.47000,86.67000
2022-05-02 12:00:00,86.70000,88.89000,86.33000,87.60000
2022-05-02 16:00:00,87.71000,87.93000,85.13000,87.28000
2022-05-02 20:00:00,87.30000,88.44000,86.39000,87.47000
2022-05-03 00:00:00,87.5,88.56000,86.72000,88.56000
2022-05-03 04:00:00,88.74000,88.79000,87.85000,88.31000
2022-05-03 08:00:00,88.36000,88.73000,87.33000,88.47000
2022-05-03 12:00:00,88.54000,88.54000,86.77000,87.26000
2022-05-03 16:00:00,87.21000,87.41000,84.86000,85.44000
2022-05-03 20:00:00,85.40000,86.54000,84.69000,85.87000
2022-05-04 00:00:00,85.83000,86.74000,85.51000,86.16000
2022-05-04 04:00:00,86.17000,87.43000,85.58000,87.32000
2022-05-04 08:00:00,87.37000,88.71000,87.089996,88.45000
2022-05-04 12:00:00,88.44000,88.73000,86.37000,87.19000
2022-05-04 16:00:00,87.19000,92.059998,86.59000,91.49000
2022-05-04 20:00:00,91.60000,92.98000,91.40000,92.78000
2022-05-05 00:00:00,92.83000,95.19000,92.83000,94.33000
2022-05-05 04:00:00,94.35000,94.53000,92.83000,93.24000
2022-05-05 08:00:00,93.19000,93.38000,92.14000,92.32000
2022-05-05 12:00:00,92.32000,92.98000,84.38000,85.059998
2022-05-05 16:00:00,84.90000,85.97000,82.52000,82.52000
2022-05-05 20:00:00,83.75,85.37000,83.67000,84.5
2022-05-06 00:00:00,84.41000,84.74000,82.57000,82.84000
2022-05-06 04:00:00,82.77000,83.40000,81.059998,82.5
2022-05-06 08:00:00,82.29000,83.57000,80.5,81.26000
2022-05-06 12:00:00,81.25,83.13000,80.11000,81.76000
2022-05-06 16:00:00,81.77000,82.44000,81.029999,81.91000
2022-05-06 20:00:00,81.89000,82.39000,81.36000,81.69000
2022-05-07 00:00:00,81.66000,81.96000,80.38000,80.56000
2022-05-07 04:00:00,80.51000,80.94000,79.16000,80.47000
2022-05-07 08:00:00,80.52000,81.99000,80.31000,81.78000
2022-05-07 12:00:00,81.87000,82.28000,80.95000,82.059998
2022-05-07 16:00:00,82.070000,82.18000,81.35000,81.44000
2022-05-07 20:00:00,81.36000,81.41000,77.27000,78.87000
2022-05-08 00:00:00,78.85000,79.26000,76.029999,76.97000
2022-05-08 04:00:00,76.97000,78.53000,76.97000,77.86000
2022-05-08 08:00:00,77.88000,79.30000,77.82000,79.099998
2022-05-08 12:00:00,79.11000,79.31000,76.81000,77.14000
2022-05-08 16:00:00,77.24000,78.089996,73.93000,76.39000
2022-05-08 20:00:00,76.48000,76.54000,74.69000,75.37000
2022-05-09 00:00:00,75.5,77.19000,73.94000,75.23000
2022-05-09 04:00:00,75.24000,75.97000,73.44000,73.94000
2022-05-09 08:00:00,73.93000,75.18000,71.099998,72.19000
2022-05-09 12:00:00,72.20000,72.97000,69.24000,69.88000
2022-05-09 16:00:00,69.84000,70.23000,63.0099983,65.089996
2022-05-09 20:00:00,65.17000,68.35000,61.96000,61.96000
2022-05-10 00:00:00,62.55000,66.34000,60.47000,64.61000
2022-05-10 04:00:00,64.35000,72.87000,64.30000,69.050003
2022-05-10 08:00:00,68.95000,72.040001,68.56000,71.53000
2022-05-10 12:00:00,71.73000,73.95000,67.45000,69.42000
2022-05-10 16:00:00,69.52000,71.050003,67.37000,67.59000
2022-05-10 20:00:00,67.38000,67.63000,63.25,66.68000
2022-05-11 00:00:00,66.85000,68.22000,65.11000,66.21000
2022-05-11 04:00:00,66.36000,68.29000,60.78000,62.049999
2022-05-11 08:00:00,62.58000,66.30000,61.24000,61.28000
2022-05-11 12:00:00,61.29000,63.71000,48.37000,55.46000
2022-05-11 16:00:00,55.71000,56.64000,47.18000,47.90000
2022-05-11 20:00:00,48.070000,50.79000,43.46000,50.64000
2022-05-12 00:00:00,51.15000,53.99000,45.27000,45.45000
2022-05-12 04:00:00,45.25,46.46000,37.81000,44.82000
2022-05-12 08:00:00,44.65000,47.43000,41.77000,44.19000
2022-05-12 12:00:00,44.090000,49.16000,42.88000,44.78000
2022-05-12 16:00:00,44.99000,47.98000,43.48000,44.71000
2022-05-12 20:00:00,44.73000,45.39000,41.54000,44.61000
2022-05-13 00:00:00,44.61000,52.049999,43.87000,50.58000
2022-05-13 04:00:00,50.53000,53.61000,48.95000,49.090000
2022-05-13 08:00:00,49.41000,53.11000,49.37000,52.90000
2022-05-13 12:00:00,53.43000,56.18000,52.040001,53.040001
2022-05-13 16:00:00,53.049999,54.18000,49.82000,51.53000
2022-05-13 20:00:00,51.48000,51.85000,48.24000,48.87000
2022-05-14 00:00:00,48.92000,53.31000,48.65000,51.77000
2022-05-14 04:00:00,51.84000,53.33000,50.64000,50.73000
2022-05-14 08:00:00,50.94000,51.46000,47.46000,48.049999
2022-05-14 12:00:00,47.93000,49.0099983,46.20000,46.39000
2022-05-14 16:00:00,46.47000,50.53000,46.090000,49.39000
2022-05-14 20:00:00,49.41000,52.74000,49.41000,52.35000
2022-05-15 00:00:00,52.44000,52.66000,49.72000,50.20000
2022-05-15 04:00:00,50.21000,52.51000,49.89000,51.46000
2022-05-15 08:00:00,51.38000,53.65000,50.83000,53.48000
2022-05-15 12:00:00,53.59000,54.56000,52.33000,52.83000
2022-05-15 16:00:00,52.92000,55.63000,52.72000,55.18000
2022-05-15 20:00:00,55.31000,59.28000,55.029999,58.67000
2022-05-16 00:00:00,58.80000,58.80000,55.39000,56.070000
2022-05-16 04:00:00,55.99000,56.31000,53.38000,53.80000
2022-05-16 08:00:00,53.79000,55.16000,52.69000,53.83000
2022-05-16 12:00:00,53.80000,55.41000,51.98000,53.23000
2022-05-16 16:00:00,53.23000,55.44000,52.45000,53.95000
2022-05-16 20:00:00,54.080002,55.72000,53.39000,53.64000
2022-05-17 00:00:00,53.85000,56.11000,53.79000,55.85000
2022-05-17 04:00:00,55.78000,57.63000,55.12000,55.84000
2022-05-17 08:00:00,55.71000,57.090000,55.48000,55.63000
2022-05-17 12:00:00,55.64000,58.21000,54.37000,55.17000
2022-05-17 16:00:00,55.22000,56,53.20000,55.20000
2022-05-17 20:00:00,55.070000,57.54000,55.060001,57.070000
2022-05-18 00:00:00,57.080002,57.83000,54.94000,55.12000
2022-05-18 04:00:00,55.0099983,56.21000,54.80000,55.39000
2022-05-18 08:00:00,55.42000,55.52000,53.80000,54.18000
2022-05-18 12:00:00,54.14000,54.27000,49.77000,50.39000
2022-05-18 16:00:00,50.31000,51.97000,49.88000,51.76000
2022-05-18 20:00:00,51.68000,51.68000,49.5,49.97000
2022-05-19 00:00:00,50.060001,50.95000,48.41000,50.62000
2022-05-19 04:00:00,50.73000,52.22000,50.20000,51.13000
2022-05-19 08:00:00,51.12000,51.44000,48.31000,51.30000
2022-05-19 12:00:00,51.34000,53.91000,50.41000,53.20000
2022-05-19 16:00:00,53.25,53.52000,51.69000,51.71000
2022-05-19 20:00:00,51.59000,52.61000,50.73000,52.17000
2022-05-20 00:00:00,52.099998,53.5,51.46000,51.52000
2022-05-20 04:00:00,51.47000,52.31000,50.62000,52.14000
2022-05-20 08:00:00,52.13000,53.57000,51.83000,53.18000
2022-05-20 12:00:00,53.15000,53.22000,49.32000,49.43000
2022-05-20 16:00:00,49.41000,50.29000,47.87000,50.19000
2022-05-20 20:00:00,50.22000,50.75,49.34000,49.43000
2022-05-21 00:00:00,49.52000,50.099998,48.58000,50.099998
2022-05-21 04:00:00,50.19000,50.36000,49.46000,50.049999
2022-05-21 08:00:00,50,50.15000,49.029999,49.44000
2022-05-21 12:00:00,49.39000,50.83000,49.020000,50.72000
2022-05-21 16:00:00,50.69000,51.20000,49.97000,50.22000
2022-05-21 20:00:00,50.23000,50.63000,49.48000,50.31000
2022-05-22 00:00:00,50.31000,50.73000,49.94000,50.14000
2022-05-22 04:00:00,50.080002,50.53000,49.70000,50.26000
2022-05-22 08:00:00,50.24000,51.89000,50.20000,51.56000
2022-05-22 12:00:00,51.49000,52.87000,51.37000,51.80000
2022-05-22 16:00:00,51.74000,52.19000,51.20000,51.43000
2022-05-22 20:00:00,51.46000,53.14000,51.32000,52.46000
2022-05-23 00:00:00,52.46000,53.14000,51.83000,52.22000
2022-05-23 04:00:00,52.26000,54.32000,51.92000,53.54000
2022-05-23 08:00:00,53.63000,54.64000,53,53.98000
2022-05-23 12:00:00,54.020000,54.57000,52.30000,53.86000
2022-05-23 16:00:00,53.87000,54.37000,50.099998,50.099998
2022-05-23 20:00:00,49.97000,51.040001,48.68000,49.11000
2022-05-24 00:00:00,49.070000,49.95000,48.91000,49.87000
2022-05-24 04:00:00,49.94000,50.28000,49.46000,49.88000
2022-05-24 08:00:00,49.82000,49.96000,48.87000,49.5
2022-05-24 12:00:00,49.51000,50.53000,47.26000,50.18000
2022-05-24 16:00:00,50.20000,50.78000,48.64000,49.080002
2022-05-24 20:00:00,49.11000,50.11000,48.76000,49.68000
2022-05-25 00:00:00,49.65000,50.5,49.049999,50.35000
2022-05-25 04:00:00,50.31000,50.31000,48.62000,48.81000
2022-05-25 08:00:00,48.88000,49.34000,47.63000,47.68000
2022-05-25 12:00:00,47.59000,48.87000,47.59000,48.26000
2022-05-25 16:00:00,48.31000,49.099998,47.83000,48.35000
2022-05-25 20:00:00,48.28000,48.88000,47.92000,47.98000
2022-05-26 00:00:00,47.94000,48.64000,47.90000,48.21000
2022-05-26 04:00:00,48.19000,48.30000,45.67000,46.42000
2022-05-26 08:00:00,46.41000,46.41000,43.32000,43.72000
2022-05-26 12:00:00,43.71000,45.78000,41.84000,45.13000
2022-05-26 16:00:00,45.099998,46.48000,43.92000,44.049999
2022-05-26 20:00:00,44.15000,44.78000,43.33000,43.36000
2022-05-27 00:00:00,43.41000,43.88000,41.22000,42.69000
2022-05-27 04:00:00,42.66000,42.88000,40.049999,41.070000
2022-05-27 08:00:00,41.0099983,42.20000,40.60000,41.58000
2022-05-27 12:00:00,41.45000,43.55000,41.30000,42.12000
2022-05-27 16:00:00,42.15000,42.32000,40.53000,41.80000
2022-05-27 20:00:00,41.86000,42.51000,40.73000,41.099998
2022-05-28 00:00:00,41.21000,42.40000,40.35000,41.31000
2022-05-28 04:00:00,41.37000,42.18000,41.13000,41.69000
2022-05-28 08:00:00,41.71000,41.95000,41.13000,41.60000
2022-05-28 12:00:00,41.57000,43.44000,41.49000,42.96000
2022-05-28 16:00:00,42.90000,44.66000,42.60000,44.36000
2022-05-28 20:00:00,44.43000,44.94000,43.73000,44.26000
2022-05-29 00:00:00,44.30000,44.39000,42.18000,42.38000
2022-05-29 04:00:00,42.33000,42.63000,41.83000,42.34000
2022-05-29 08:00:00,42.45000,44.12000,42.35000,44.11000
2022-05-29 12:00:00,44.17000,45.53000,44.16000,44.68000
2022-05-29 16:00:00,44.75,45.30000,44.080002,44.27000
2022-05-29 20:00:00,44.32000,45.13000,44.16000,44.98000
2022-05-30 00:00:00,45,46.62000,44.28000,45.98000
2022-05-30 04:00:00,45.97000,47.33000,45.57000,47.060001
2022-05-30 08:00:00,47.049999,47.21000,45.90000,46.020000
2022-05-30 12:00:00,46.040001,46.62000,45.040001,45.84000
2022-05-30 16:00:00,45.85000,46.33000,45.46000,45.64000
2022-05-30 20:00:00,45.62000,48.19000,45.49000,47.22000
2022-05-31 00:00:00,47.14000,48.17000,46.26000,47.69000
2022-05-31 04:00:00,47.70000,47.82000,45.94000,46.35000
2022-05-31 08:00:00,46.36000,46.90000,45.98000,46.59000
2022-05-31 12:00:00,46.53000,46.76000,44.68000,46.34000
2022-05-31 16:00:00,46.43000,46.78000,45.27000,45.57000
2022-05-31 20:00:00,45.71000,46.18000,45.43000,45.73000
2022-06-01 00:00:00,45.77000,46.12000,44.70000,44.79000
2022-06-01 04:00:00,44.83000,45.16000,44.36000,44.58000
2022-06-01 08:00:00,44.60000,45.27000,44.25,44.62000
2022-06-01 12:00:00,44.63000,45.62000,42.85000,42.94000
2022-06-01 16:00:00,42.93000,43.099998,40.82000,41.30000
2022-06-01 20:00:00,41.30000,41.36000,39.57000,40.099998
2022-06-02 00:00:00,40.040001,40.20000,38.76000,38.83000
2022-06-02 04:00:00,38.85000,40.040001,38.16000,39.67000
2022-06-02 08:00:00,39.66000,41.12000,39.53000,41.12000
2022-06-02 12:00:00,41.040001,41.19000,39.73000,40.74000
2022-06-02 16:00:00,40.74000,41.0099983,40.0099983,40.43000
2022-06-02 20:00:00,40.46000,41.55000,40.41000,40.86000
2022-06-03 00:00:00,40.90000,41.53000,40.44000,41.17000
2022-06-03 04:00:00,41.14000,41.18000,40.30000,40.38000
2022-06-03 08:00:00,40.33000,40.45000,37.95000,38.23000
2022-06-03 12:00:00,38.26000,38.58000,37.69000,38.049999
2022-06-03 16:00:00,38.090000,38.51000,37.78000,38.16000
2022-06-03 20:00:00,38.13000,38.94000,37.95000,38.28000
2022-06-04 00:00:00,38.32000,38.36000,35.84000,36.27000
2022-06-04 04:00:00,36.25,37.45000,36.24000,37.36000
2022-06-04 08:00:00,37.35000,37.88000,36.87000,36.96000
2022-06-04 12:00:00,36.97000,38.099998,36.61000,37.76000
2022-06-04 16:00:00,37.65000,38.20000,37.40000,37.5
2022-06-04 20:00:00,37.48000,39.19000,37.48000,38.96000
2022-06-05 00:00:00,39.029999,39.38000,37.86000,38.27000
2022-06-05 04:00:00,38.31000,39.32000,37.98000,38.80000
2022-06-05 08:00:00,38.87000,39.95000,38.75,39.46000
2022-06-05 12:00:00,39.49000,39.84000,38.78000,39.84000
2022-06-05 16:00:00,39.88000,40.17000,39.23000,39.65000
2022-06-05 20:00:00,39.69000,40.040001,38.42000,38.52000
2022-06-06 00:00:00,38.54000,41.93000,38.38000,41.82000
2022-06-06 04:00:00,41.80000,43.64000,41.53000,43.020000
2022-06-06 08:00:00,43,44.62000,42.98000,43.91000
2022-06-06 12:00:00,43.98000,44.12000,42.33000,42.83000
2022-06-06 16:00:00,42.85000,42.85000,41.55000,42.24000
2022-06-06 20:00:00,42.27000,43.20000,41.14000,42.38000
2022-06-07 00:00:00,42.34000,42.5,38.74000,39.61000
2022-06-07 04:00:00,39.54000,39.64000,38.86000,39.33000
2022-06-07 08:00:00,39.30000,39.63000,37.49000,38.070000
2022-06-07 12:00:00,38.060001,39.60000,37.72000,39.15000
2022-06-07 16:00:00,39.14000,41.090000,38.64000,40.44000
2022-06-07 20:00:00,40.49000,41.33000,38.66000,39.34000
2022-06-08 00:00:00,39.35000,40.83000,38.35000,38.63000
2022-06-08 04:00:00,38.61000,39.48000,38.31000,39.28000
2022-06-08 08:00:00,39.25,39.68000,39.020000,39.34000
2022-06-08 12:00:00,39.31000,40.090000,38.80000,39.70000
2022-06-08 16:00:00,39.76000,39.86000,38.46000,38.78000
2022-06-08 20:00:00,38.75,39.35000,38.69000,38.82000
2022-06-09 00:00:00,38.85000,39.20000,38.46000,39.12000
2022-06-09 04:00:00,39.15000,39.53000,38.91000,39.53000
2022-06-09 08:00:00,39.53000,41.83000,39.31000,41.25
2022-06-09 12:00:00,41.21000,41.41000,39.86000,40.32000
2022-06-09 16:00:00,40.32000,41.37000,39.61000,39.61000
2022-06-09 20:00:00,39.62000,40.15000,39.46000,39.96000
2022-06-10 00:00:00,39.92000,40.87000,39.060001,40.31000
2022-06-10 04:00:00,40.31000,40.79000,40.090000,40.35000
2022-06-10 08:00:00,40.34000,40.55000,38.95000,39.32000
2022-06-10 12:00:00,39.31000,39.68000,37.60000,38.0099983
2022-06-10 16:00:00,37.97000,38.029999,37.020000,37.32000
2022-06-10 20:00:00,37.26000,38.029999,36.92000,37.14000
2022-06-11 00:00:00,37.17000,37.72000,37.020000,37.54000
2022-06-11 04:00:00,37.60000,37.91000,37.17000,37.71000
2022-06-11 08:00:00,37.75,37.77000,35.17000,35.47000
2022-06-11 12:00:00,35.44000,35.75,33.27000,33.77000
2022-06-11 16:00:00,33.79000,34.76000,33.40000,34.13000
2022-06-11 20:00:00,34.12000,34.66000,33.66000,33.91000
2022-06-12 00:00:00,33.93000,34.25,31.65000,32.34000
2022-06-12 04:00:00,32.27000,33.13000,31.10000,33.13000
2022-06-12 08:00:00,33.15000,33.68000,32.33000,32.74000
2022-06-12 12:00:00,32.74000,34.23000,31.44000,34.040001
2022-06-12 16:00:00,34,34.26000,32.42000,32.59000
2022-06-12 20:00:00,32.64000,32.80000,30.62000,30.62000
2022-06-13 00:00:00,30.64000,30.98000,27.72000,28.83000
2022-06-13 04:00:00,28.72000,29.68000,27.24000,27.55000
2022-06-13 08:00:00,27.5,28.28000,26.059999,26.90000
2022-06-13 12:00:00,27,28.13000,26.22000,27.90000
2022-06-13 16:00:00,27.83000,29.35000,27.45000,28.33000
2022-06-13 20:00:00,28.30000,29.79000,27.049999,28.43000
2022-06-14 00:00:00,28.59000,28.98000,25.97000,28.96000
2022-06-14 04:00:00,28.94000,32.090000,28.10000,31.080000
2022-06-14 08:00:00,31.080000,31.080000,28.68000,29.070000
2022-06-14 12:00:00,29.070000,31.34000,28.40000,31.070000
2022-06-14 16:00:00,30.83000,31.090000,29.059999,29.42000
2022-06-14 20:00:00,29.48000,29.94000,28.080000,29.62000
2022-06-15 00:00:00,29.55000,30.24000,28.67000,28.79000
2022-06-15 04:00:00,28.78000,28.78000,27.5,27.66000
2022-06-15 08:00:00,27.56000,29.059999,26.81000,28.89000
2022-06-15 12:00:00,28.81000,29.93000,28.69000,29.52000
2022-06-15 16:00:00,29.49000,32.85000,28.22000,31.58000
2022-06-15 20:00:00,31.52000,34.76000,31.11000,34.74000
2022-06-16 00:00:00,34.75,35.78000,33.80000,33.81000
2022-06-16 04:00:00,33.79000,34.22000,32.47000,32.65000
2022-06-16 08:00:00,32.59000,32.98000,30.76000,31.25
2022-06-16 12:00:00,31.27000,32.37000,30.090000,31.21000
2022-06-16 16:00:00,31.29000,32.5,30.69000,30.88000
2022-06-16 20:00:00,30.86000,31.56000,29.56000,30.12000
2022-06-17 00:00:00,30.070000,31.18000,29.27000,30.030001
2022-06-17 04:00:00,30,31.93000,29.98000,31.58000
2022-06-17 08:00:00,31.57000,32.099998,30.99000,31.60000
2022-06-17 12:00:00,31.57000,32,30.91000,31.23000
2022-06-17 16:00:00,31.21000,32.090000,31.010000,31.16000
2022-06-17 20:00:00,31.18000,31.73000,30.65000,30.67000
2022-06-18 00:00:00,30.71000,31.29000,29.78000,30.090000
2022-06-18 04:00:00,30.080000,30.39000,28.16000,28.5
2022-06-18 08:00:00,28.48000,30.63000,27.93000,29.98000
2022-06-18 12:00:00,30.020000,30.43000,29.55000,29.82000
2022-06-18 16:00:00,29.87000,30.5,28.090000,28.090000
2022-06-18 20:00:00,28.080000,31.99000,27.20000,31.96000
2022-06-19 00:00:00,32.0099983,32.23000,29.79000,30.16000
2022-06-19 04:00:00,30.14000,30.51000,28.95000,29.18000
2022-06-19 08:00:00,29.22000,32.97000,28.79000,32.40000
2022-06-19 12:00:00,32.47000,33.52000,31.63000,33.52000
2022-06-19 16:00:00,33.38000,34.15000,32.040001,33.18000
2022-06-19 20:00:00,33.32000,35.24000,33.060001,34.20000
2022-06-20 00:00:00,34.25,34.41000,31.83000,32.27000
2022-06-20 04:00:00,32.26000,32.83000,31.77000,32.30000
2022-06-20 08:00:00,32.33000,36.79000,32.18000,36.33000
2022-06-20 12:00:00,36.37000,36.65000,34.65000,35.27000
2022-06-20 16:00:00,35.25,35.26000,33.99000,34.47000
2022-06-20 20:00:00,34.49000,35.61000,33.83000,35.26000
2022-06-21 00:00:00,35.24000,35.76000,34.27000,35.22000
2022-06-21 04:00:00,35.18000,37.60000,34.83000,36.84000
2022-06-21 08:00:00,36.84000,38.45000,36.77000,37.18000
2022-06-21 12:00:00,37.29000,38.94000,36.98000,38
2022-06-21 16:00:00,37.93000,38.56000,36.58000,36.63000
2022-06-21 20:00:00,36.60000,36.82000,35.75,36.28000
2022-06-22 00:00:00,36.42000,36.57000,34.59000,34.71000
2022-06-22 04:00:00,34.69000,35.23000,33.83000,33.83000
2022-06-22 08:00:00,33.82000,36.049999,33.68000,35.48000
2022-06-22 12:00:00,35.45000,36.84000,34.59000,34.78000
2022-06-22 16:00:00,34.75,35.31000,33.96000,34.44000
2022-06-22 20:00:00,34.43000,35.070000,33.93000,34.099998
2022-06-23 00:00:00,34.12000,35.84000,34.040001,35.16000
2022-06-23 04:00:00,35.11000,36.61000,35.049999,35.99000
2022-06-23 08:00:00,36.020000,37.38000,35.77000,36.91000
2022-06-23 12:00:00,36.97000,37.57000,36.11000,37.27000
2022-06-23 16:00:00,37.22000,38.33000,36.30000,37.60000
2022-06-23 20:00:00,37.63000,38.49000,37.29000,38.15000
2022-06-24 00:00:00,38.14000,39.58000,37.76000,38.95000
2022-06-24 04:00:00,38.95000,39.27000,37.80000,38.34000
2022-06-24 08:00:00,38.32000,40.47000,38.099998,40.28000
2022-06-24 12:00:00,40.30000,41.23000,39.83000,40.12000
2022-06-24 16:00:00,40.099998,41.12000,39.46000,41.12000
2022-06-24 20:00:00,41.13000,42.85000,40.93000,41.91000
2022-06-25 00:00:00,41.90000,42.43000,40.77000,41.40000
2022-06-25 04:00:00,41.39000,42.33000,40.98000,42.16000
2022-06-25 08:00:00,42.17000,42.63000,41.76000,41.85000
2022-06-25 12:00:00,41.87000,42.049999,39.79000,39.89000
2022-06-25 16:00:00,39.87000,40.90000,39.79000,40.36000
2022-06-25 20:00:00,40.38000,42.54000,40.099998,42.26000
2022-06-26 00:00:00,42.22000,42.46000,40.91000,41.41000
2022-06-26 04:00:00,41.41000,41.78000,40.82000,41.32000
2022-06-26 08:00:00,41.32000,42.18000,40.62000,42.11000
2022-06-26 12:00:00,42.11000,42.36000,40.0099983,40.61000
2022-06-26 16:00:00,40.53000,40.92000,39.67000,40.67000
2022-06-26 20:00:00,40.71000,41.38000,39.20000,39.42000
2022-06-27 00:00:00,39.36000,40.25,38.95000,40.18000
2022-06-27 04:00:00,40.15000,40.81000,39.66000,40.63000
2022-06-27 08:00:00,40.75,41.18000,40.30000,40.31000
2022-06-27 12:00:00,40.31000,40.44000,38.33000,38.75
2022-06-27 16:00:00,38.75,39.13000,37.94000,38.32000
2022-06-27 20:00:00,38.45000,39.14000,38.34000,38.45000
2022-06-28 00:00:00,38.53000,38.96000,37,37.76000
2022-06-28 04:00:00,37.76000,38.70000,37.57000,38.62000
2022-06-28 08:00:00,38.62000,39.65000,38.46000,39.25
2022-06-28 12:00:00,39.22000,39.89000,37.070000,37.070000
2022-06-28 16:00:00,37.020000,37.19000,35.69000,35.91000
2022-06-28 20:00:00,35.98000,36.64000,35.14000,35.34000
2022-06-29 00:00:00,35.32000,36.029999,35.080002,35.48000
2022-06-29 04:00:00,35.48000,35.67000,34.51000,35.33000
2022-06-29 08:00:00,35.33000,35.72000,34.52000,34.96000
2022-06-29 12:00:00,34.97000,35.11000,33.71000,34.69000
2022-06-29 16:00:00,34.64000,34.64000,33.18000,34.42000
2022-06-29 20:00:00,34.54000,35.099998,33.57000,34
2022-06-30 00:00:00,34,34.15000,32.56000,33.0099983
2022-06-30 04:00:00,32.99000,33.17000,31.63000,31.93000
2022-06-30 08:00:00,31.92000,32.060001,31.26000,31.68000
2022-06-30 12:00:00,31.70000,32.30000,31.010000,32.020000
2022-06-30 16:00:00,32.15000,32.84000,31.55000,31.92000
2022-06-30 20:00:00,32.0099983,33.84000,31.47000,33.76000
2022-07-01 00:00:00,33.62000,35.35000,33.51000,33.69000
2022-07-01 04:00:00,33.69000,33.69000,32.41000,33.13000
2022-07-01 08:00:00,33.11000,33.55000,31.90000,32.33000
2022-07-01 12:00:00,32.37000,33.029999,32.060001,32.34000
2022-07-01 16:00:00,32.33000,33.44000,32.29000,33.24000
2022-07-01 20:00:00,33.22000,33.93000,32.70000,32.86000
2022-07-02 00:00:00,32.86000,33.38000,32.090000,32.16000
2022-07-02 04:00:00,32.17000,32.86000,32.11000,32.43000
2022-07-02 08:00:00,32.45000,32.78000,31.89000,32.78000
2022-07-02 12:00:00,32.79000,33.34000,32.61000,32.87000
2022-07-02 16:00:00,32.88000,33.47000,32.73000,33.15000
2022-07-02 20:00:00,33.14000,34.029999,32.92000,33.36000
2022-07-03 00:00:00,33.36000,33.61000,32.74000,33.070000
2022-07-03 04:00:00,33.11000,33.52000,32.39000,32.86000
2022-07-03 08:00:00,32.89000,33.11000,32.54000,32.91000
2022-07-03 12:00:00,32.90000,33,32.19000,32.36000
2022-07-03 16:00:00,32.30000,33.5,32.30000,33.5
2022-07-03 20:00:00,33.55000,33.64000,33.16000,33.41000
2022-07-04 00:00:00,33.39000,33.83000,32.64000,32.66000
2022-07-04 04:00:00,32.59000,33.060001,32.48000,32.80000
2022-07-04 08:00:00,32.78000,34.32000,32.74000,34.32000
2022-07-04 12:00:00,34.34000,34.86000,33.79000,34.30000
2022-07-04 16:00:00,34.33000,35.12000,34.16000,34.87000
2022-07-04 20:00:00,34.90000,36.91000,34.75,36.71000
2022-07-05 00:00:00,36.73000,36.94000,35.25,35.85000
2022-07-05 04:00:00,35.84000,36.27000,35.61000,35.91000
2022-07-05 08:00:00,35.88000,35.93000,33.86000,33.97000
2022-07-05 12:00:00,33.94000,34.090000,33.17000,33.83000
2022-07-05 16:00:00,33.87000,36.029999,33.63000,35.65000
2022-07-05 20:00:00,35.71000,36.39000,35.24000,35.42000
2022-07-06 00:00:00,35.43000,35.99000,34.84000,35.56000
2022-07-06 04:00:00,35.54000,36.35000,35.31000,35.97000
2022-07-06 08:00:00,35.95000,36.66000,35.67000,35.67000
2022-07-06 12:00:00,35.69000,36.41000,35.34000,35.74000
2022-07-06 16:00:00,35.73000,36.75,35.73000,36.21000
2022-07-06 20:00:00,36.25,37.57000,36.0099983,37.040001
2022-07-07 00:00:00,37.049999,37.40000,36.76000,37.090000
2022-07-07 04:00:00,37.090000,37.099998,36.42000,36.82000
2022-07-07 08:00:00,36.80000,37.38000,36.68000,37.26000
2022-07-07 12:00:00,37.25,38.49000,36.77000,38.24000
2022-07-07 16:00:00,38.31000,39.26000,38.099998,39.029999
2022-07-07 20:00:00,39.049999,39.049999,38.16000,38.49000
2022-07-08 00:00:00,38.47000,39.56000,38.12000,38.60000
2022-07-08 04:00:00,38.71000,38.77000,37.19000,37.52000
2022-07-08 08:00:00,37.45000,37.63000,36.60000,37.15000
2022-07-08 12:00:00,37.25,38.75,36.51000,38.57000
2022-07-08 16:00:00,38.60000,39.31000,38.029999,38.95000
2022-07-08 20:00:00,39.0099983,39.13000,38.049999,38.14000
2022-07-09 00:00:00,38.21000,38.82000,37.82000,38.32000
2022-07-09 04:00:00,38.32000,38.85000,38.24000,38.62000
2022-07-09 08:00:00,38.62000,38.83000,38.090000,38.19000
2022-07-09 12:00:00,38.16000,38.34000,37.81000,38.080002
2022-07-09 16:00:00,38.049999,38.85000,37.98000,38.40000
2022-07-09 20:00:00,38.40000,38.48000,37.95000,38.070000
2022-07-10 00:00:00,38.080002,38.11000,37.15000,37.38000
2022-07-10 04:00:00,37.39000,37.52000,37.16000,37.29000
2022-07-10 08:00:00,37.28000,37.36000,36.69000,36.93000
2022-07-10 12:00:00,36.94000,37.11000,36.32000,36.68000
2022-07-10 16:00:00,36.68000,37.28000,36.46000,37.28000
2022-07-10 20:00:00,37.26000,37.42000,36.54000,36.69000
2022-07-11 00:00:00,36.70000,36.70000,35.37000,35.79000
2022-07-11 04:00:00,35.79000,35.82000,34.79000,35.21000
2022-07-11 08:00:00,35.17000,35.64000,35.070000,35.13000
2022-07-11 12:00:00,35.16000,35.70000,34.68000,35.19000
2022-07-11 16:00:00,35.15000,35.66000,35.060001,35.29000
2022-07-11 20:00:00,35.38000,35.45000,33.27000,33.46000
2022-07-12 00:00:00,33.43000,33.99000,33.27000,33.62000
2022-07-12 04:00:00,33.62000,34.12000,33.32000,33.53000
2022-07-12 08:00:00,33.49000,34.080002,33.17000,33.93000
2022-07-12 12:00:00,33.96000,34.59000,33.76000,34.21000
2022-07-12 16:00:00,34.26000,34.49000,32.79000,32.95000
2022-07-12 20:00:00,32.93000,33.29000,32.63000,32.68000
2022-07-13 00:00:00,32.71000,33.21000,32.42000,33.060001
2022-07-13 04:00:00,33.070000,33.71000,32.98000,33.70000
2022-07-13 08:00:00,33.73000,34.12000,33.64000,33.98000
2022-07-13 12:00:00,33.94000,34.39000,31.97000,33.24000
2022-07-13 16:00:00,33.21000,34.020000,33,33.66000
2022-07-13 20:00:00,33.65000,35.020000,33.49000,34.96000
2022-07-14 00:00:00,34.96000,35.27000,34.53000,34.55000
2022-07-14 04:00:00,34.58000,34.70000,34.20000,34.32000
2022-07-14 08:00:00,34.35000,34.44000,33.64000,33.81000
2022-07-14 12:00:00,33.83000,35.20000,33.65000,35.16000
2022-07-14 16:00:00,35.24000,37.049999,34.85000,36.36000
2022-07-14 20:00:00,36.39000,37.28000,36.39000,37.16000
2022-07-15 00:00:00,37.15000,37.77000,36.59000,37.37000
2022-07-15 04:00:00,37.37000,37.53000,36.62000,37.48000
2022-07-15 08:00:00,37.47000,38.45000,37.46000,37.73000
2022-07-15 12:00:00,37.74000,38.5,37.41000,37.70000
2022-07-15 16:00:00,37.65000,38.84000,37.080002,38.84000
2022-07-15 20:00:00,38.82000,39.0099983,37.25,37.37000
2022-07-16 00:00:00,37.36000,37.53000,36.77000,37.23000
2022-07-16 04:00:00,37.22000,37.25,36.37000,36.44000
2022-07-16 08:00:00,36.40000,36.90000,36.40000,36.74000
2022-07-16 12:00:00,36.76000,37.96000,36.65000,37.95000
2022-07-16 16:00:00,37.97000,40.40000,37.91000,39.42000
2022-07-16 20:00:00,39.43000,39.90000,38.85000,39.60000
2022-07-17 00:00:00,39.59000,40.46000,39.31000,39.90000
2022-07-17 04:00:00,39.89000,41.080002,39.87000,40.40000
2022-07-17 08:00:00,40.42000,40.55000,39.34000,39.85000
2022-07-17 12:00:00,39.77000,39.85000,39.060001,39.27000
2022-07-17 16:00:00,39.25,39.74000,38.32000,39.0099983
2022-07-17 20:00:00,39.020000,39.54000,38.53000,38.56000
2022-07-18 00:00:00,38.61000,40.86000,38.58000,40.56000
2022-07-18 04:00:00,40.58000,42.44000,40.29000,42.28000
2022-07-18 08:00:00,42.15000,42.63000,41.36000,41.62000
2022-07-18 12:00:00,41.64000,42.52000,41.23000,42.33000
2022-07-18 16:00:00,42.28000,42.40000,39.73000,40.040001
2022-07-18 20:00:00,40.060001,44.029999,39.80000,43.54000
2022-07-19 00:00:00,43.58000,45.65000,42.87000,42.99000
2022-07-19 04:00:00,43.029999,44.070000,42.63000,43.46000
2022-07-19 08:00:00,43.49000,45.86000,43.26000,45.63000
2022-07-19 12:00:00,45.54000,47.28000,45.31000,46.67000
2022-07-19 16:00:00,46.58000,47.24000,45.38000,45.46000
2022-07-19 20:00:00,45.44000,46.070000,44.68000,44.88000
2022-07-20 00:00:00,44.90000,45.75,44.12000,45.46000
2022-07-20 04:00:00,45.47000,46,44.46000,44.46000
2022-07-20 08:00:00,44.43000,45.59000,43.76000,45.32000
2022-07-20 12:00:00,45.32000,46.25,44.97000,45.35000
2022-07-20 16:00:00,45.36000,45.46000,43.15000,43.20000
2022-07-20 20:00:00,43.21000,43.54000,41.42000,42.040001
2022-07-21 00:00:00,42.0099983,42.47000,39.97000,40.020000
2022-07-21 04:00:00,40.14000,41.47000,39.67000,41.040001
2022-07-21 08:00:00,41.040001,41.87000,40.74000,41.79000
2022-07-21 12:00:00,41.74000,42.42000,40.89000,41.89000
2022-07-21 16:00:00,41.87000,43.84000,41.87000,43.76000
2022-07-21 20:00:00,43.78000,44.029999,42.61000,43.12000
2022-07-22 00:00:00,43.12000,43.47000,42.33000,42.67000
2022-07-22 04:00:00,42.65000,43.45000,42.13000,43.049999
2022-07-22 08:00:00,43.070000,44.27000,42.91000,44.14000
2022-07-22 12:00:00,44.15000,44.18000,41.55000,41.67000
2022-07-22 16:00:00,41.68000,41.87000,40.060001,40.18000
2022-07-22 20:00:00,40.20000,41.070000,40.18000,40.55000
2022-07-23 00:00:00,40.5,41.47000,40.13000,41.080002
2022-07-23 04:00:00,41.090000,41.90000,41.020000,41.30000
2022-07-23 08:00:00,41.34000,41.5,39.61000,39.63000
2022-07-23 12:00:00,39.58000,40.46000,39.42000,40.20000
2022-07-23 16:00:00,40.19000,40.38000,38.66000,39.37000
2022-07-23 20:00:00,39.34000,40.22000,39.23000,39.99000
2022-07-24 00:00:00,39.98000,40.41000,39.5,39.63000
2022-07-24 04:00:00,39.61000,41.099998,39.54000,40.72000
2022-07-24 08:00:00,40.76000,41.37000,40.24000,40.89000
2022-07-24 12:00:00,40.91000,41.30000,40.14000,41.14000
2022-07-24 16:00:00,41.21000,41.25,40.63000,40.83000
2022-07-24 20:00:00,40.82000,42.070000,40.75,40.97000
2022-07-25 00:00:00,40.92000,41.080002,37.81000,38.060001
2022-07-25 04:00:00,38.029999,38.72000,37.83000,38.57000
2022-07-25 08:00:00,38.56000,39.23000,38.36000,38.85000
2022-07-25 12:00:00,38.89000,39.32000,38.38000,38.59000
2022-07-25 16:00:00,38.49000,38.98000,37.37000,37.95000
2022-07-25 20:00:00,37.95000,38.94000,36.60000,36.68000
2022-07-26 00:00:00,36.65000,36.81000,35.60000,36.24000
2022-07-26 04:00:00,36.23000,36.44000,35.48000,35.65000
2022-07-26 08:00:00,35.67000,36.22000,35.47000,35.84000
2022-07-26 12:00:00,35.83000,36.21000,34.95000,35.0099983
2022-07-26 16:00:00,35,35.57000,34.71000,35.040001
2022-07-26 20:00:00,34.94000,36.28000,34.81000,36.26000
2022-07-27 00:00:00,36.27000,36.32000,35.70000,35.77000
2022-07-27 04:00:00,35.79000,37.15000,35.79000,36.82000
2022-07-27 08:00:00,36.82000,37.049999,36.32000,36.38000
2022-07-27 12:00:00,36.35000,37.40000,36.23000,37.15000
2022-07-27 16:00:00,37.17000,40.20000,36.45000,39.36000
2022-07-27 20:00:00,39.44000,40.46000,39.31000,40.25
2022-07-28 00:00:00,40.23000,40.45000,39.049999,39.70000
2022-07-28 04:00:00,39.73000,39.98000,39.27000,39.30000
2022-07-28 08:00:00,39.33000,40.85000,39.30000,40.53000
2022-07-28 12:00:00,40.53000,42.070000,39.28000,41.99000
2022-07-28 16:00:00,41.94000,42.91000,41.78000,42.15000
2022-07-28 20:00:00,42.22000,44.13000,42.22000,42.97000
2022-07-29 00:00:00,42.99000,43.52000,42.44000,43.52000
2022-07-29 04:00:00,43.5,44.30000,42.77000,43.049999
2022-07-29 08:00:00,43.070000,43.26000,41.52000,41.93000
2022-07-29 12:00:00,41.96000,43.43000,41.24000,42.63000
2022-07-29 16:00:00,42.64000,42.64000,41.27000,41.77000
2022-07-29 20:00:00,41.88000,43.049999,41.53000,41.90000
2022-07-30 00:00:00,42.020000,42.47000,41.5,41.91000
2022-07-30 04:00:00,41.88000,42.47000,41.57000,42.34000
2022-07-30 08:00:00,42.37000,43.020000,41.86000,42.43000
2022-07-30 12:00:00,42.41000,46.28000,42.25,46.28000
2022-07-30 16:00:00,46.29000,46.54000,44.92000,45.060001
2022-07-30 20:00:00,45.070000,45.42000,43.46000,43.84000
2022-07-31 00:00:00,43.77000,44.080002,43.020000,43.23000
2022-07-31 04:00:00,43.25,44.42000,43.25,43.84000
2022-07-31 08:00:00,43.90000,44.71000,43.30000,44.41000
2022-07-31 12:00:00,44.43000,44.57000,43.69000,44.12000
2022-07-31 16:00:00,44.11000,45.13000,42.88000,43.71000
2022-07-31 20:00:00,43.77000,43.87000,42.26000,42.35000
2022-08-01 00:00:00,42.24000,43.23000,42.22000,42.96000
2022-08-01 04:00:00,43,43.12000,42.28000,42.94000
2022-08-01 08:00:00,42.97000,43.11000,41.65000,42.23000
2022-08-01 12:00:00,42.20000,42.92000,41.38000,42.47000
2022-08-01 16:00:00,42.5,42.53000,40.62000,41.099998
2022-08-01 20:00:00,41.070000,41.87000,40.83000,41.73000
2022-08-02 00:00:00,41.64000,42.099998,39.99000,40.25
2022-08-02 04:00:00,40.24000,40.62000,39.97000,40.51000
2022-08-02 08:00:00,40.53000,40.79000,39.83000,40.53000
2022-08-02 12:00:00,40.54000,41.61000,39.97000,41.47000
2022-08-02 16:00:00,41.48000,42.39000,40.96000,41.15000
2022-08-02 20:00:00,41.18000,41.5,39.59000,39.73000
2022-08-03 00:00:00,39.77000,40.070000,37.59000,38.48000
2022-08-03 04:00:00,38.5,39.33000,38.20000,38.32000
2022-08-03 08:00:00,38.39000,39.90000,38.39000,39.69000
2022-08-03 12:00:00,39.66000,40.88000,39.59000,40.080002
2022-08-03 16:00:00,40.16000,40.66000,39.85000,40.099998
2022-08-03 20:00:00,40.12000,40.26000,38.25,38.56000
2022-08-04 00:00:00,38.53000,39.64000,38.44000,39.31000
2022-08-04 04:00:00,39.33000,39.69000,38.59000,39.20000
2022-08-04 08:00:00,39.18000,39.31000,38.58000,38.64000
2022-08-04 12:00:00,38.61000,39.80000,38.36000,38.86000
2022-08-04 16:00:00,38.89000,38.98000,37.99000,38.38000
2022-08-04 20:00:00,38.40000,38.98000,38.18000,38.81000
2022-08-05 00:00:00,38.87000,40.15000,38.73000,40.11000
2022-08-05 04:00:00,40.14000,40.55000,39.69000,40.080002
2022-08-05 08:00:00,40.070000,41.029999,39.88000,40.96000
2022-08-05 12:00:00,41.0099983,41.29000,39.68000,40.049999
2022-08-05 16:00:00,40.0099983,40.14000,39.46000,39.96000
2022-08-05 20:00:00,39.96000,40.76000,39.78000,40.55000
2022-08-06 00:00:00,40.51000,40.69000,40.18000,40.52000
2022-08-06 04:00:00,40.55000,40.66000,40.26000,40.39000
2022-08-06 08:00:00,40.46000,40.87000,40.29000,40.30000
2022-08-06 12:00:00,40.30000,40.54000,40.20000,40.44000
2022-08-06 16:00:00,40.44000,40.88000,39.87000,40.80000
2022-08-06 20:00:00,40.86000,40.87000,39.99000,40.070000
2022-08-07 00:00:00,40.0099983,40.25,39.23000,39.78000
2022-08-07 04:00:00,39.77000,40.21000,39.73000,39.98000
2022-08-07 08:00:00,39.98000,40.16000,39.70000,40.14000
2022-08-07 12:00:00,40.14000,40.60000,40.13000,40.35000
2022-08-07 16:00:00,40.34000,40.76000,40.26000,40.55000
2022-08-07 20:00:00,40.58000,41.53000,40.48000,40.60000
2022-08-08 00:00:00,40.61000,42.040001,40.57000,41.93000
2022-08-08 04:00:00,41.96000,42.76000,41.88000,42.67000
2022-08-08 08:00:00,42.70000,43.41000,42.43000,43.41000
2022-08-08 12:00:00,43.38000,43.66000,42.44000,42.5
2022-08-08 16:00:00,42.45000,42.55000,42.049999,42.53000
2022-08-08 20:00:00,42.53000,43.13000,41.90000,42.23000
2022-08-09 00:00:00,42.18000,42.45000,41.58000,42.41000
2022-08-09 04:00:00,42.43000,42.74000,42.26000,42.54000
2022-08-09 08:00:00,42.58000,42.58000,40.72000,40.86000
2022-08-09 12:00:00,40.81000,41.42000,39.83000,40.12000
2022-08-09 16:00:00,40.13000,40.45000,39.95000,40.080002
2022-08-09 20:00:00,40.060001,40.71000,40.060001,40.35000
2022-08-10 00:00:00,40.30000,40.34000,39.17000,39.26000
2022-08-10 04:00:00,39.30000,39.80000,39.17000,39.67000
2022-08-10 08:00:00,39.69000,40.18000,39.68000,40.040001
2022-08-10 12:00:00,40.040001,42.39000,39.89000,42.070000
2022-08-10 16:00:00,42.099998,42.40000,41.23000,41.29000
2022-08-10 20:00:00,41.35000,42.71000,41.35000,42.45000
2022-08-11 00:00:00,42.43000,44.029999,42.36000,43.81000
2022-08-11 04:00:00,43.90000,45.060001,43.84000,44.52000
2022-08-11 08:00:00,44.5,44.61000,43.85000,44.070000
2022-08-11 12:00:00,44.060001,45.25,43.46000,43.5
2022-08-11 16:00:00,43.44000,43.99000,42.86000,43.37000
2022-08-11 20:00:00,43.40000,43.47000,42.44000,42.75
2022-08-12 00:00:00,42.78000,43.61000,42.26000,43.41000
2022-08-12 04:00:00,43.43000,43.62000,42.83000,43.14000
2022-08-12 08:00:00,43.13000,43.79000,42.15000,42.29000
2022-08-12 12:00:00,42.30000,43.28000,42.30000,43.22000
2022-08-12 16:00:00,43.26000,44.75,42.98000,44.71000
2022-08-12 20:00:00,44.71000,45.48000,44.34000,45.43000
2022-08-13 00:00:00,45.48000,47.70000,45.28000,47.47000
2022-08-13 04:00:00,47.44000,48.35000,46.95000,47.16000
2022-08-13 08:00:00,47.16000,47.73000,46.45000,46.73000
2022-08-13 12:00:00,46.72000,46.98000,46.049999,46.27000
2022-08-13 16:00:00,46.24000,46.75,46.070000,46.30000
2022-08-13 20:00:00,46.29000,47.31000,46.24000,46.56000
2022-08-14 00:00:00,46.63000,47.42000,46.099998,46.72000
2022-08-14 04:00:00,46.76000,48.0099983,46.58000,47.73000
2022-08-14 08:00:00,47.76000,47.76000,46.63000,46.74000
2022-08-14 12:00:00,46.70000,46.70000,45.83000,46.040001
2022-08-14 16:00:00,46.020000,46.070000,44.48000,45.099998
2022-08-14 20:00:00,45.060001,45.78000,44.79000,44.87000
2022-08-15 00:00:00,44.86000,47.18000,44.42000,46.47000
2022-08-15 04:00:00,46.45000,46.55000,43.57000,43.81000
2022-08-15 08:00:00,43.86000,44.41000,43.40000,43.84000
2022-08-15 12:00:00,43.81000,44.54000,43.40000,44.5
2022-08-15 16:00:00,44.54000,44.74000,43.68000,43.83000
2022-08-15 20:00:00,43.83000,44.12000,42.77000,43.72000
2022-08-16 00:00:00,43.70000,44.18000,42.60000,43.61000
2022-08-16 04:00:00,43.68000,43.77000,42.80000,43.25
2022-08-16 08:00:00,43.30000,44.29000,43.15000,43.97000
2022-08-16 12:00:00,43.97000,44.21000,42.64000,43.43000
2022-08-16 16:00:00,43.43000,43.59000,42.58000,43.13000
2022-08-16 20:00:00,43.12000,43.49000,42.86000,43.080002
2022-08-17 00:00:00,43.099998,44.070000,42.97000,44
2022-08-17 04:00:00,44.040001,44.67000,43.060001,43.15000
2022-08-17 08:00:00,43.14000,43.41000,42.64000,42.74000
2022-08-17 12:00:00,42.74000,42.77000,40.81000,41.12000
2022-08-17 16:00:00,41.070000,41.83000,40.70000,40.79000
2022-08-17 20:00:00,40.75,41.12000,40.22000,40.5
2022-08-18 00:00:00,40.55000,41.020000,40.19000,40.83000
2022-08-18 04:00:00,40.83000,41.029999,40.57000,40.91000
2022-08-18 08:00:00,40.93000,41.39000,40.71000,41.33000
2022-08-18 12:00:00,41.35000,41.64000,40.70000,41.19000
2022-08-18 16:00:00,41.19000,41.25,40.39000,40.76000
2022-08-18 20:00:00,40.77000,41.24000,39.46000,39.48000
2022-08-19 00:00:00,39.51000,39.58000,37.87000,38.31000
2022-08-19 04:00:00,38.30000,38.42000,35.30000,36.68000
2022-08-19 08:00:00,36.65000,36.65000,35.61000,36.40000
2022-08-19 12:00:00,36.38000,37.13000,36.23000,36.97000
2022-08-19 16:00:00,36.96000,37.76000,36.78000,37.19000
2022-08-19 20:00:00,37.19000,37.27000,35.66000,35.84000
2022-08-20 00:00:00,35.83000,36.84000,35.81000,36.60000
2022-08-20 04:00:00,36.60000,37.25,36.47000,37.060001
2022-08-20 08:00:00,37.040001,37.11000,36.43000,36.58000
2022-08-20 12:00:00,36.58000,36.89000,36.20000,36.5
2022-08-20 16:00:00,36.5,36.59000,34.44000,34.44000
2022-08-20 20:00:00,34.46000,35.35000,34.29000,35.28000
2022-08-21 00:00:00,35.29000,35.65000,35.040001,35.13000
2022-08-21 04:00:00,35.13000,35.45000,34.60000,35.45000
2022-08-21 08:00:00,35.46000,36.25,35.41000,36.20000
2022-08-21 12:00:00,36.16000,36.30000,35.63000,36.029999
2022-08-21 16:00:00,36.0099983,36.53000,35.88000,36.32000
2022-08-21 20:00:00,36.33000,37.0099983,35.98000,36.45000
2022-08-22 00:00:00,36.48000,36.53000,36.060001,36.11000
2022-08-22 04:00:00,36.12000,36.32000,34.85000,34.92000
2022-08-22 08:00:00,34.89000,34.90000,33.82000,34.65000
2022-08-22 12:00:00,34.61000,34.84000,33.97000,34.81000
2022-08-22 16:00:00,34.82000,35,34.0099983,34.57000
2022-08-22 20:00:00,34.65000,35.55000,34.5,35.42000
2022-08-23 00:00:00,35.42000,35.55000,35.11000,35.23000
2022-08-23 04:00:00,35.25,35.41000,34.27000,34.97000
2022-08-23 08:00:00,34.97000,35.71000,34.87000,35.67000
2022-08-23 12:00:00,35.68000,36.090000,35.19000,35.70000
2022-08-23 16:00:00,35.69000,35.73000,35.18000,35.43000
2022-08-23 20:00:00,35.42000,35.88000,35.32000,35.66000
2022-08-24 00:00:00,35.69000,35.72000,34.32000,34.62000
2022-08-24 04:00:00,34.60000,35.33000,34.52000,34.85000
2022-08-24 08:00:00,34.88000,35.44000,34.88000,35.41000
2022-08-24 12:00:00,35.44000,36.080002,35.18000,36.040001
2022-08-24 16:00:00,36.070000,36.34000,35.68000,35.85000
2022-08-24 20:00:00,35.82000,36.060001,34.88000,34.90000
2022-08-25 00:00:00,34.89000,35.67000,34.89000,35.23000
2022-08-25 04:00:00,35.21000,36.26000,35.21000,36.26000
2022-08-25 08:00:00,36.26000,36.35000,35.96000,36.33000
2022-08-25 12:00:00,36.32000,36.47000,35.43000,35.75
2022-08-25 16:00:00,35.72000,35.85000,35.45000,35.78000
2022-08-25 20:00:00,35.79000,35.96000,35.099998,35.27000
2022-08-26 00:00:00,35.23000,35.23000,34.57000,35.099998
2022-08-26 04:00:00,35.12000,35.23000,34.49000,34.68000
2022-08-26 08:00:00,34.68000,34.78000,33.99000,34.25
2022-08-26 12:00:00,34.23000,35.71000,33.049999,33.28000
2022-08-26 16:00:00,33.28000,33.37000,32.65000,32.95000
2022-08-26 20:00:00,32.90000,33.14000,31.46000,31.75
2022-08-27 00:00:00,31.74000,32.020000,31.54000,31.86000
2022-08-27 04:00:00,31.87000,32.18000,31.15000,32.18000
2022-08-27 08:00:00,32.24000,32.24000,31.79000,31.97000
2022-08-27 12:00:00,31.99000,32.049999,31.080000,31.37000
2022-08-27 16:00:00,31.39000,31.42000,30.89000,31.34000
2022-08-27 20:00:00,31.32000,31.66000,31.049999,31.52000
2022-08-28 00:00:00,31.54000,31.76000,31.20000,31.42000
2022-08-28 04:00:00,31.41000,31.83000,31.28000,31.79000
2022-08-28 08:00:00,31.78000,32.029999,31.52000,31.76000
2022-08-28 12:00:00,31.78000,31.92000,31.25,31.85000
2022-08-28 16:00:00,31.87000,32.18000,31.67000,31.71000
2022-08-28 20:00:00,31.70000,31.88000,30.21000,30.32000
2022-08-29 00:00:00,30.42000,30.93000,30.030001,30.66000
2022-08-29 04:00:00,30.67000,30.79000,30.12000,30.58000
2022-08-29 08:00:00,30.58000,30.75,30.35000,30.70000
2022-08-29 12:00:00,30.69000,32.26000,30.65000,31.78000
2022-08-29 16:00:00,31.77000,31.93000,31.45000,31.54000
2022-08-29 20:00:00,31.55000,32.61000,31.49000,32.42000
2022-08-30 00:00:00,32.43000,32.48000,31.87000,32.32000
2022-08-30 04:00:00,32.31000,33.040001,32.31000,32.75
2022-08-30 08:00:00,32.75,33.13000,32.60000,32.74000
2022-08-30 12:00:00,32.75,32.84000,30.98000,31.23000
2022-08-30 16:00:00,31.21000,31.99000,30.74000,31.56000
2022-08-30 20:00:00,31.55000,32.090000,31.34000,31.45000
2022-08-31 00:00:00,31.52000,32.61000,31.47000,32.44000
2022-08-31 04:00:00,32.46000,32.81000,32.21000,32.31000
2022-08-31 08:00:00,32.33000,32.79000,31.95000,32.58000
2022-08-31 12:00:00,32.56000,32.89000,31.63000,31.92000
2022-08-31 16:00:00,31.92000,32.33000,31.47000,32.12000
2022-08-31 20:00:00,32.15000,32.46000,31.19000,31.51000
2022-09-01 00:00:00,31.48000,31.76000,31.010000,31.23000
2022-09-01 04:00:00,31.22000,31.54000,30.85000,31.070000
2022-09-01 08:00:00,31.070000,31.58000,30.89000,31.46000
2022-09-01 12:00:00,31.47000,31.48000,30.48000,30.72000
2022-09-01 16:00:00,30.74000,31.090000,30.48000,31.070000
2022-09-01 20:00:00,31.080000,31.76000,31.020000,31.60000
2022-09-02 00:00:00,31.60000,31.80000,31.13000,31.61000
2022-09-02 04:00:00,31.57000,31.90000,31.44000,31.63000
2022-09-02 08:00:00,31.60000,31.69000,31.26000,31.56000
2022-09-02 12:00:00,31.58000,32.37000,31.48000,32.28000
2022-09-02 16:00:00,32.31000,32.34000,30.79000,31.059999
2022-09-02 20:00:00,30.99000,31.28000,30.91000,31.25
2022-09-03 00:00:00,31.24000,31.24000,30.87000,30.93000
2022-09-03 04:00:00,30.95000,31.27000,30.82000,31.059999
2022-09-03 08:00:00,31.020000,31.21000,30.93000,31.049999
2022-09-03 12:00:00,31.030001,31.27000,31.010000,31.13000
2022-09-03 16:00:00,31.13000,31.20000,30.83000,30.98000
2022-09-03 20:00:00,30.95000,31.21000,30.93000,31.12000
2022-09-04 00:00:00,31.12000,31.66000,31.080000,31.43000
2022-09-04 04:00:00,31.43000,31.54000,31.10000,31.12000
2022-09-04 08:00:00,31.090000,31.86000,31.020000,31.86000
2022-09-04 12:00:00,31.94000,31.98000,31.46000,31.80000
2022-09-04 16:00:00,31.81000,31.93000,31.64000,31.74000
2022-09-04 20:00:00,31.77000,32.17000,31.74000,32.16000
2022-09-05 00:00:00,32.19000,32.47000,32.060001,32.090000
2022-09-05 04:00:00,32.12000,32.16000,31.48000,31.68000
2022-09-05 08:00:00,31.56000,31.73000,31.16000,31.27000
2022-09-05 12:00:00,31.27000,31.91000,31.18000,31.86000
2022-09-05 16:00:00,31.86000,32.0099983,31.70000,31.72000
2022-09-05 20:00:00,31.73000,32.37000,31.73000,32.15000
2022-09-06 00:00:00,32.18000,33.49000,32.17000,32.68000
2022-09-06 04:00:00,32.73000,33.23000,32.54000,32.98000
2022-09-06 08:00:00,32.97000,33.28000,32.80000,33.26000
2022-09-06 12:00:00,33.24000,33.85000,32.45000,33.83000
2022-09-06 16:00:00,33.82000,33.82000,30.76000,31.010000
2022-09-06 20:00:00,30.96000,31.32000,30.58000,30.88000
2022-09-07 00:00:00,30.87000,31.19000,30.38000,30.88000
2022-09-07 04:00:00,30.84000,31.16000,30.71000,31.090000
2022-09-07 08:00:00,31.070000,31.30000,30.99000,31.16000
2022-09-07 12:00:00,31.15000,31.57000,30.88000,31.5
2022-09-07 16:00:00,31.65000,32.34000,31.42000,31.95000
2022-09-07 20:00:00,32.029999,32.93000,32.020000,32.70000
2022-09-08 00:00:00,32.74000,32.82000,32.27000,32.44000
2022-09-08 04:00:00,32.46000,32.73000,32.040001,32.34000
2022-09-08 08:00:00,32.35000,33.17000,32.35000,32.89000
2022-09-08 12:00:00,32.89000,33.85000,32.20000,33.41000
2022-09-08 16:00:00,33.42000,33.46000,32.91000,33.46000
2022-09-08 20:00:00,33.44000,33.82000,33.34000,33.60000
2022-09-09 00:00:00,33.65000,34.79000,33.59000,34.74000
2022-09-09 04:00:00,34.69000,35.51000,34.68000,35.36000
2022-09-09 08:00:00,35.37000,35.85000,35.16000,35.41000
2022-09-09 12:00:00,35.38000,35.88000,34.83000,34.96000
2022-09-09 16:00:00,34.99000,35.13000,34.45000,34.79000
2022-09-09 20:00:00,34.80000,35.17000,34.28000,34.67000
2022-09-10 00:00:00,34.71000,34.98000,34.35000,34.69000
2022-09-10 04:00:00,34.71000,35.16000,34.28000,34.33000
2022-09-10 08:00:00,34.36000,34.83000,34.36000,34.76000
2022-09-10 12:00:00,34.75,34.89000,34.31000,34.51000
2022-09-10 16:00:00,34.49000,34.98000,34.33000,34.91000
2022-09-10 20:00:00,34.91000,35.39000,34.63000,35.029999
2022-09-11 00:00:00,35.060001,35.30000,34.72000,34.76000
2022-09-11 04:00:00,34.77000,34.94000,34.080002,34.62000
2022-09-11 08:00:00,34.61000,34.82000,34.45000,34.77000
2022-09-11 12:00:00,34.77000,35.23000,34.54000,35.20000
2022-09-11 16:00:00,35.25,35.98000,35.17000,35.27000
2022-09-11 20:00:00,35.28000,35.54000,34.36000,34.99000
2022-09-12 00:00:00,34.99000,36.26000,34.41000,34.91000
2022-09-12 04:00:00,34.91000,35.49000,34.59000,35.49000
2022-09-12 08:00:00,35.5,38.090000,35.35000,37.69000
2022-09-12 12:00:00,37.69000,38.28000,36.90000,37.12000
2022-09-12 16:00:00,37.14000,37.85000,36.86000,37.62000
2022-09-12 20:00:00,37.65000,37.80000,37.19000,37.45000
2022-09-13 00:00:00,37.44000,38.86000,36.73000,38.79000
2022-09-13 04:00:00,38.78000,38.90000,38.18000,38.53000
2022-09-13 08:00:00,38.54000,38.88000,38.18000,38.47000
2022-09-13 12:00:00,38.45000,38.76000,34.49000,34.72000
2022-09-13 16:00:00,34.68000,35.31000,33.36000,34.090000
2022-09-13 20:00:00,34.070000,34.31000,32.97000,32.99000
2022-09-14 00:00:00,32.97000,33.81000,32.76000,33.59000
2022-09-14 04:00:00,33.57000,33.91000,32.93000,33.16000
2022-09-14 08:00:00,33.17000,33.64000,33,33.23000
2022-09-14 12:00:00,33.24000,33.69000,32.95000,33.54000
2022-09-14 16:00:00,33.53000,33.61000,32.79000,33.49000
2022-09-14 20:00:00,33.53000,34.32000,33.28000,34.11000
2022-09-15 00:00:00,34.099998,34.11000,32.90000,33.070000
2022-09-15 04:00:00,33.040001,34.75,32.77000,34.72000
2022-09-15 08:00:00,34.67000,34.75,33.71000,33.95000
2022-09-15 12:00:00,33.92000,34.040001,32.54000,32.97000
2022-09-15 16:00:00,32.94000,33.64000,32.83000,33.44000
2022-09-15 20:00:00,33.47000,33.79000,32.81000,33.090000
2022-09-16 00:00:00,33.099998,33.20000,32.54000,32.85000
2022-09-16 04:00:00,32.86000,33.090000,32.81000,32.82000
2022-09-16 08:00:00,32.82000,33.11000,32.36000,33.080002
2022-09-16 12:00:00,33.080002,33.080002,31.94000,32.28000
2022-09-16 16:00:00,32.27000,32.27000,31.52000,32.14000
2022-09-16 20:00:00,32.13000,32.39000,32.060001,32.24000
2022-09-17 00:00:00,32.25,32.93000,32.23000,32.66000
2022-09-17 04:00:00,32.68000,33.049999,32.55000,32.85000
2022-09-17 08:00:00,32.86000,32.98000,32.63000,32.65000
2022-09-17 12:00:00,32.63000,33.31000,32.54000,33.29000
2022-09-17 16:00:00,33.30000,33.60000,33.11000,33.27000
2022-09-17 20:00:00,33.28000,33.89000,33.20000,33.70000
2022-09-18 00:00:00,33.69000,33.87000,33.27000,33.40000
2022-09-18 04:00:00,33.41000,33.87000,33.39000,33.82000
2022-09-18 08:00:00,33.83000,33.99000,33.020000,33.35000
2022-09-18 12:00:00,33.34000,33.49000,32.79000,32.91000
2022-09-18 16:00:00,32.90000,32.97000,32.099998,32.40000
2022-09-18 20:00:00,32.43000,32.44000,30.87000,31.10000
2022-09-19 00:00:00,31.049999,31.75,30.64000,30.90000
2022-09-19 04:00:00,30.92000,31.60000,30.90000,31.10000
2022-09-19 08:00:00,31.10000,31.42000,30.64000,31.24000
2022-09-19 12:00:00,31.26000,32.48000,31.19000,31.95000
2022-09-19 16:00:00,31.92000,32.97000,31.70000,32.78000
2022-09-19 20:00:00,32.87000,33.029999,32.58000,32.62000
2022-09-20 00:00:00,32.66000,32.87000,31.98000,32.45000
2022-09-20 04:00:00,32.44000,32.71000,32.12000,32.33000
2022-09-20 08:00:00,32.33000,32.52000,31.95000,32.20000
2022-09-20 12:00:00,32.20000,32.54000,31.59000,32.54000
2022-09-20 16:00:00,32.53000,32.53000,31.51000,31.81000
2022-09-20 20:00:00,31.85000,31.98000,31.33000,31.41000
2022-09-21 00:00:00,31.41000,31.97000,31.34000,31.85000
2022-09-21 04:00:00,31.85000,32.020000,31.44000,31.74000
2022-09-21 08:00:00,31.75,32.070000,31.43000,32.040001
2022-09-21 12:00:00,32.049999,32.30000,31.32000,31.5
2022-09-21 16:00:00,31.5,33.39000,30.83000,31.57000
2022-09-21 20:00:00,31.53000,31.64000,30.12000,30.69000
2022-09-22 00:00:00,30.68000,31.12000,30.61000,31.010000
2022-09-22 04:00:00,31.049999,31.75,31.049999,31.74000
2022-09-22 08:00:00,31.79000,32.39000,31.71000,32.35000
2022-09-22 12:00:00,32.40000,32.49000,31.62000,31.88000
2022-09-22 16:00:00,31.90000,32.85000,31.57000,32.45000
2022-09-22 20:00:00,32.51000,32.72000,32.099998,32.42000
2022-09-23 00:00:00,32.43000,33.19000,32.17000,33
2022-09-23 04:00:00,33.020000,33.28000,32.57000,32.57000
2022-09-23 08:00:00,32.58000,32.66000,31.55000,31.74000
2022-09-23 12:00:00,31.75,32.25,31.27000,31.60000
2022-09-23 16:00:00,31.57000,31.93000,31.27000,31.90000
2022-09-23 20:00:00,31.95000,33.95000,31.95000,33.67000
2022-09-24 00:00:00,33.72000,34.46000,33.43000,33.97000
2022-09-24 04:00:00,33.99000,34,33.53000,33.74000
2022-09-24 08:00:00,33.75,34.75,33.59000,34.48000
2022-09-24 12:00:00,34.52000,34.59000,33.58000,33.68000
2022-09-24 16:00:00,33.73000,34.12000,33.29000,34.099998
2022-09-24 20:00:00,34.090000,34.090000,33.18000,33.38000
2022-09-25 00:00:00,33.40000,33.70000,33.40000,33.69000
2022-09-25 04:00:00,33.68000,34.040001,33.64000,33.97000
2022-09-25 08:00:00,33.96000,33.97000,33.47000,33.64000
2022-09-25 12:00:00,33.64000,33.79000,32.88000,33.27000
2022-09-25 16:00:00,33.22000,33.35000,32.58000,32.73000
2022-09-25 20:00:00,32.71000,32.71000,31.93000,32.32000
2022-09-26 00:00:00,32.32000,32.67000,32.11000,32.52000
2022-09-26 04:00:00,32.49000,32.60000,31.89000,32.47000
2022-09-26 08:00:00,32.48000,33.29000,32.19000,32.57000
2022-09-26 12:00:00,32.56000,33.42000,32.28000,33.11000
2022-09-26 16:00:00,33.099998,33.92000,32.71000,33.73000
2022-09-26 20:00:00,33.72000,33.94000,33.32000,33.89000
2022-09-27 00:00:00,33.88000,34.95000,33.74000,34.73000
2022-09-27 04:00:00,34.74000,34.99000,34.49000,34.51000
2022-09-27 08:00:00,34.53000,34.88000,34.34000,34.68000
2022-09-27 12:00:00,34.68000,35.33000,34.32000,34.35000
2022-09-27 16:00:00,34.38000,34.56000,32.15000,32.60000
2022-09-27 20:00:00,32.57000,32.93000,32.38000,32.69000
2022-09-28 00:00:00,32.68000,32.92000,31.67000,32.37000
2022-09-28 04:00:00,32.28000,32.60000,31.89000,32.31000
2022-09-28 08:00:00,32.33000,32.84000,31.87000,32.46000
2022-09-28 12:00:00,32.52000,33.12000,32.44000,33.029999
2022-09-28 16:00:00,33.13000,33.74000,32.82000,33.59000
2022-09-28 20:00:00,33.63000,33.78000,33.13000,33.21000
2022-09-29 00:00:00,33.23000,33.82000,33,33.73000
2022-09-29 04:00:00,33.78000,33.95000,33.13000,33.37000
2022-09-29 08:00:00,33.33000,33.90000,33.21000,33.77000
2022-09-29 12:00:00,33.78000,34.17000,32.72000,34.16000
2022-09-29 16:00:00,34.12000,34.41000,33.44000,33.81000
2022-09-29 20:00:00,33.85000,34.11000,33.64000,33.91000
2022-09-30 00:00:00,33.95000,34.32000,33.74000,34.070000
2022-09-30 04:00:00,34.090000,34.34000,33.89000,34.23000
2022-09-30 08:00:00,34.25,34.63000,33.92000,33.94000
2022-09-30 12:00:00,33.94000,35.17000,33.54000,34.66000
2022-09-30 16:00:00,34.66000,34.84000,33.67000,33.69000
2022-09-30 20:00:00,33.72000,33.86000,32.68000,33.24000
2022-10-01 00:00:00,33.22000,33.22000,32.72000,33.099998
2022-10-01 04:00:00,33.049999,33.070000,32.78000,33.0099983
2022-10-01 08:00:00,33.029999,33.16000,32.85000,33.020000
2022-10-01 12:00:00,33.0099983,33.080002,32.84000,33.0099983
2022-10-01 16:00:00,32.99000,32.99000,32.39000,32.64000
2022-10-01 20:00:00,32.64000,32.69000,32.42000,32.44000
2022-10-02 00:00:00,32.44000,32.95000,32.42000,32.83000
2022-10-02 04:00:00,32.84000,33,32.76000,32.82000
2022-10-02 08:00:00,32.80000,32.89000,32.15000,32.54000
2022-10-02 12:00:00,32.52000,32.61000,32.26000,32.43000
2022-10-02 16:00:00,32.39000,32.80000,32.37000,32.71000
2022-10-02 20:00:00,32.74000,32.75,31.94000,32.060001
2022-10-03 00:00:00,32.060001,32.5,31.79000,32.32000
2022-10-03 04:00:00,32.32000,32.44000,31.99000,32.26000
2022-10-03 08:00:00,32.25,32.5,32.14000,32.5
2022-10-03 12:00:00,32.52000,33.12000,32.44000,32.82000
2022-10-03 16:00:00,32.89000,33.20000,32.72000,32.95000
2022-10-03 20:00:00,32.97000,33.24000,32.79000,32.88000
2022-10-04 00:00:00,32.91000,33.13000,32.84000,33.099998
2022-10-04 04:00:00,33.11000,33.78000,32.98000,33.70000
2022-10-04 08:00:00,33.73000,33.87000,33.41000,33.68000
2022-10-04 12:00:00,33.67000,34.38000,33.56000,34.18000
2022-10-04 16:00:00,34.18000,34.23000,33.81000,34.090000
2022-10-04 20:00:00,34.11000,34.33000,33.93000,34.090000
2022-10-05 00:00:00,34.099998,34.36000,33.90000,34.080002
2022-10-05 04:00:00,34.080002,34.27000,33.95000,34.11000
2022-10-05 08:00:00,34.11000,34.12000,33.45000,33.53000
2022-10-05 12:00:00,33.53000,33.69000,33.24000,33.68000
2022-10-05 16:00:00,33.68000,34.26000,33.63000,33.83000
2022-10-05 20:00:00,33.90000,34.13000,33.67000,34.040001
2022-10-06 00:00:00,34.049999,34.49000,34.029999,34.33000
2022-10-06 04:00:00,34.34000,34.45000,33.90000,34.070000
2022-10-06 08:00:00,34.060001,34.15000,33.86000,34.14000
2022-10-06 12:00:00,34.14000,34.29000,33.59000,33.85000
2022-10-06 16:00:00,33.81000,33.99000,33.60000,33.63000
2022-10-06 20:00:00,33.64000,33.78000,33.25,33.36000
2022-10-07 00:00:00,33.34000,33.76000,33.34000,33.62000
2022-10-07 04:00:00,33.60000,33.74000,33.21000,33.33000
2022-10-07 08:00:00,33.34000,33.46000,33.16000,33.35000
2022-10-07 12:00:00,33.36000,33.38000,32.46000,32.90000
2022-10-07 16:00:00,32.90000,33.049999,32.69000,32.97000
2022-10-07 20:00:00,32.96000,33.13000,32.83000,32.98000
2022-10-08 00:00:00,32.97000,33.070000,32.78000,32.83000
2022-10-08 04:00:00,32.84000,33,32.75,33
2022-10-08 08:00:00,33,33,32.84000,32.96000
2022-10-08 12:00:00,32.95000,32.97000,32.73000,32.84000
2022-10-08 16:00:00,32.83000,32.97000,32.68000,32.71000
2022-10-08 20:00:00,32.71000,32.81000,32.42000,32.58000
2022-10-09 00:00:00,32.56000,32.64000,32.44000,32.51000
2022-10-09 04:00:00,32.5,32.75,32.47000,32.71000
2022-10-09 08:00:00,32.72000,32.93000,32.61000,32.83000
2022-10-09 12:00:00,32.84000,33.13000,32.80000,33.099998
2022-10-09 16:00:00,33.099998,33.12000,32.88000,32.95000
2022-10-09 20:00:00,32.95000,32.97000,32.64000,32.92000
2022-10-10 00:00:00,32.91000,33.43000,32.84000,33.029999
2022-10-10 04:00:00,33.060001,33.11000,32.80000,32.89000
2022-10-10 08:00:00,32.90000,32.90000,32.38000,32.71000
2022-10-10 12:00:00,32.69000,32.90000,32.42000,32.59000
2022-10-10 16:00:00,32.61000,32.63000,32.29000,32.45000
2022-10-10 20:00:00,32.46000,32.57000,31.93000,31.93000
2022-10-11 00:00:00,31.95000,31.95000,31.10000,31.36000
2022-10-11 04:00:00,31.36000,31.61000,31.30000,31.55000
2022-10-11 08:00:00,31.55000,31.62000,31.29000,31.54000
2022-10-11 12:00:00,31.57000,31.73000,31.12000,31.56000
2022-10-11 16:00:00,31.57000,31.84000,31.15000,31.15000
2022-10-11 20:00:00,31.15000,31.38000,30.49000,30.81000
2022-10-12 00:00:00,30.79000,31.11000,30.69000,30.93000
2022-10-12 04:00:00,30.94000,31.41000,30.94000,31.28000
2022-10-12 08:00:00,31.26000,31.51000,31.16000,31.24000
2022-10-12 12:00:00,31.24000,31.31000,30.93000,31.29000
2022-10-12 16:00:00,31.29000,31.29000,30.88000,31.12000
2022-10-12 20:00:00,31.12000,31.27000,31.090000,31.16000
2022-10-13 00:00:00,31.15000,31.20000,30.55000,30.76000
2022-10-13 04:00:00,30.75,30.76000,29.42000,29.73000
2022-10-13 08:00:00,29.69000,29.88000,28.33000,28.80000
2022-10-13 12:00:00,28.81000,29.88000,27.98000,29.66000
2022-10-13 16:00:00,29.69000,30.92000,29.61000,30.59000
2022-10-13 20:00:00,30.57000,30.88000,30.5,30.5
2022-10-14 00:00:00,30.48000,31.85000,30.40000,31.64000
2022-10-14 04:00:00,31.66000,31.96000,31.22000,31.34000
2022-10-14 08:00:00,31.33000,31.51000,31.16000,31.21000
2022-10-14 12:00:00,31.23000,31.80000,30.85000,30.85000
2022-10-14 16:00:00,30.81000,30.90000,29.98000,30.17000
2022-10-14 20:00:00,30.20000,30.29000,29.65000,30
2022-10-15 00:00:00,30,30.19000,29.89000,30.11000
2022-10-15 04:00:00,30.10000,30.18000,29.86000,30.049999
2022-10-15 08:00:00,30.049999,30.059999,29.57000,29.98000
2022-10-15 12:00:00,29.97000,30.070000,29.74000,29.93000
2022-10-15 16:00:00,29.93000,30.059999,29.78000,29.85000
2022-10-15 20:00:00,29.84000,29.84000,29.45000,29.58000
2022-10-16 00:00:00,29.59000,29.93000,29.58000,29.79000
2022-10-16 04:00:00,29.79000,29.90000,29.68000,29.76000
2022-10-16 08:00:00,29.77000,30.030001,29.77000,29.95000
2022-10-16 12:00:00,29.95000,30.030001,29.83000,29.95000
2022-10-16 16:00:00,29.96000,30.38000,29.83000,30.38000
2022-10-16 20:00:00,30.37000,30.5,29.89000,30.17000
2022-10-17 00:00:00,30.16000,30.25,29.84000,30.010000
2022-10-17 04:00:00,30.010000,30.37000,29.95000,30.32000
2022-10-17 08:00:00,30.32000,30.76000,30.17000,30.53000
2022-10-17 12:00:00,30.51000,31.18000,30.42000,30.93000
2022-10-17 16:00:00,30.94000,30.99000,30.58000,30.80000
2022-10-17 20:00:00,30.80000,31.28000,30.79000,31.21000
2022-10-18 00:00:00,31.22000,31.47000,30.92000,31.11000
2022-10-18 04:00:00,31.10000,31.24000,30.93000,31.12000
2022-10-18 08:00:00,31.13000,31.13000,30.46000,30.85000
2022-10-18 12:00:00,30.85000,31,30.16000,30.32000
2022-10-18 16:00:00,30.30000,30.49000,29.81000,30.059999
2022-10-18 20:00:00,30.080000,30.47000,30.070000,30.14000
2022-10-19 00:00:00,30.15000,30.23000,29.89000,30.049999
2022-10-19 04:00:00,30.030001,30.059999,29.77000,30.059999
2022-10-19 08:00:00,30.059999,30.17000,29.79000,29.93000
2022-10-19 12:00:00,29.92000,30.010000,29.59000,29.99000
2022-10-19 16:00:00,30,30,29.57000,29.75
2022-10-19 20:00:00,29.76000,29.82000,28.80000,28.85000
2022-10-20 00:00:00,28.82000,29,28.5,28.93000
2022-10-20 04:00:00,28.93000,29.37000,28.91000,29.25
2022-10-20 08:00:00,29.24000,29.46000,29.18000,29.34000
2022-10-20 12:00:00,29.35000,29.42000,29,29.15000
2022-10-20 16:00:00,29.13000,29.13000,28.10000,28.28000
2022-10-20 20:00:00,28.26000,28.38000,28,28.040001
2022-10-21 00:00:00,28.020000,28.24000,27.56000,28.13000
2022-10-21 04:00:00,28.12000,28.21000,27.86000,27.93000
2022-10-21 08:00:00,27.91000,27.95000,27.29000,27.51000
2022-10-21 12:00:00,27.48000,27.67000,26.87000,27.55000
2022-10-21 16:00:00,27.58000,28.24000,27.58000,28.18000
2022-10-21 20:00:00,28.22000,28.28000,27.89000,28.10000
2022-10-22 00:00:00,28.14000,28.16000,27.68000,27.82000
2022-10-22 04:00:00,27.81000,27.89000,27.5,27.79000
2022-10-22 08:00:00,27.76000,27.97000,27.74000,27.94000
2022-10-22 12:00:00,28.11000,28.17000,27.93000,28.030001
2022-10-22 16:00:00,27.99000,28.040001,27.67000,27.82000
2022-10-22 20:00:00,27.84000,28.17000,27.75,28
2022-10-23 00:00:00,28.049999,28.54000,27.92000,28.36000
2022-10-23 04:00:00,28.36000,28.53000,28.23000,28.42000
2022-10-23 08:00:00,28.43000,28.51000,27.97000,27.97000
2022-10-23 12:00:00,27.98000,28.16000,27.85000,27.99000
2022-10-23 16:00:00,27.95000,29.020000,27.92000,28.82000
2022-10-23 20:00:00,28.84000,29.40000,28.74000,29.29000
2022-10-24 00:00:00,29.29000,29.47000,28.57000,28.59000
2022-10-24 04:00:00,28.61000,28.77000,28.38000,28.54000
2022-10-24 08:00:00,28.54000,29.20000,28.48000,29.16000
2022-10-24 12:00:00,29.14000,29.18000,28.21000,28.45000
2022-10-24 16:00:00,28.46000,28.59000,28.18000,28.40000
2022-10-24 20:00:00,28.40000,28.56000,28.23000,28.30000
2022-10-25 00:00:00,28.31000,28.5,28.11000,28.47000
2022-10-25 04:00:00,28.47000,28.59000,28.35000,28.43000
2022-10-25 08:00:00,28.43000,28.45000,28.049999,28.22000
2022-10-25 12:00:00,28.20000,29.78000,28.10000,29.68000
2022-10-25 16:00:00,29.76000,32.26000,29.76000,31.5
2022-10-25 20:00:00,31.57000,31.57000,30.73000,30.88000
2022-10-26 00:00:00,30.95000,31.34000,30.83000,31.13000
2022-10-26 04:00:00,31.11000,31.47000,30.98000,31.35000
2022-10-26 08:00:00,31.34000,31.78000,31.12000,31.29000
2022-10-26 12:00:00,31.25,32.020000,30.70000,31.42000
2022-10-26 16:00:00,31.45000,31.66000,30.97000,31.24000
2022-10-26 20:00:00,31.29000,31.54000,31,31.30000
2022-10-27 00:00:00,31.26000,31.62000,31.10000,31.44000
2022-10-27 04:00:00,31.48000,32.27000,31.41000,31.63000
2022-10-27 08:00:00,31.64000,31.85000,31.23000,31.38000
2022-10-27 12:00:00,31.33000,32.049999,31.21000,31.29000
2022-10-27 16:00:00,31.29000,31.59000,31.11000,31.41000
2022-10-27 20:00:00,31.44000,31.44000,30.48000,30.59000
2022-10-28 00:00:00,30.58000,30.85000,30.42000,30.68000
2022-10-28 04:00:00,30.65000,30.72000,30.13000,30.21000
2022-10-28 08:00:00,30.22000,30.64000,30.22000,30.42000
2022-10-28 12:00:00,30.39000,31.29000,30.26000,31.090000
2022-10-28 16:00:00,31.080000,32.25,31.080000,32.0099983
2022-10-28 20:00:00,32.070000,32.53000,31.99000,32.049999
2022-10-29 00:00:00,32.080002,32.98000,31.85000,32.90000
2022-10-29 04:00:00,32.91000,33.30000,32.53000,33.30000
2022-10-29 08:00:00,33.28000,33.83000,32.90000,32.95000
2022-10-29 12:00:00,32.96000,33.35000,32.76000,33.15000
2022-10-29 16:00:00,33.20000,33.71000,32.77000,32.93000
2022-10-29 20:00:00,32.93000,33.14000,32.64000,32.87000
2022-10-30 00:00:00,32.86000,33.23000,32.73000,33.0099983
2022-10-30 04:00:00,33.029999,33.52000,32.74000,33.42000
2022-10-30 08:00:00,33.42000,33.53000,32.42000,32.68000
2022-10-30 12:00:00,32.67000,32.72000,32.14000,32.21000
2022-10-30 16:00:00,32.21000,32.48000,32.070000,32.35000
2022-10-30 20:00:00,32.36000,33.020000,31.99000,32.94000
2022-10-31 00:00:00,32.94000,33.35000,32.43000,32.82000
2022-10-31 04:00:00,32.83000,33.47000,32.83000,33.42000
2022-10-31 08:00:00,33.44000,34.36000,33.16000,34.040001
2022-10-31 12:00:00,34.040001,34.16000,32.72000,32.94000
2022-10-31 16:00:00,33,33.21000,32.55000,32.57000
2022-10-31 20:00:00,32.5,32.75,32.23000,32.56000
2022-11-01 00:00:00,32.58000,33,32.52000,32.64000
2022-11-01 04:00:00,32.61000,33.21000,32.58000,33.029999
2022-11-01 08:00:00,32.99000,33.39000,32.84000,32.92000
2022-11-01 12:00:00,32.89000,33.14000,32.30000,32.48000
2022-11-01 16:00:00,32.46000,32.59000,32.19000,32.21000
2022-11-01 20:00:00,32.22000,32.44000,32.16000,32.21000
2022-11-02 00:00:00,32.22000,32.36000,31.96000,32.26000
2022-11-02 04:00:00,32.28000,32.41000,31.55000,31.73000
2022-11-02 08:00:00,31.70000,31.94000,31.13000,31.32000
2022-11-02 12:00:00,31.29000,31.56000,31.17000,31.33000
2022-11-02 16:00:00,31.34000,32.93000,30.84000,30.94000
2022-11-02 20:00:00,30.91000,31.030001,30.24000,30.81000
2022-11-03 00:00:00,30.74000,31.80000,30.62000,31.64000
2022-11-03 04:00:00,31.68000,32.22000,31.63000,31.63000
2022-11-03 08:00:00,31.66000,32.049999,31.14000,31.20000
2022-11-03 12:00:00,31.22000,31.56000,30.94000,31.19000
2022-11-03 16:00:00,31.19000,31.44000,31.17000,31.30000
2022-11-03 20:00:00,31.33000,31.43000,30.63000,30.86000
2022-11-04 00:00:00,30.82000,31.92000,30.67000,31.92000
2022-11-04 04:00:00,31.89000,32.55000,31.69000,32.39000
2022-11-04 08:00:00,32.42000,32.71000,32.17000,32.31000
2022-11-04 12:00:00,32.31000,33.95000,31.89000,33.14000
2022-11-04 16:00:00,33.15000,33.52000,32.72000,33.44000
2022-11-04 20:00:00,33.51000,34.17000,33.39000,33.74000
2022-11-05 00:00:00,33.81000,34.99000,33.68000,34.71000
2022-11-05 04:00:00,34.69000,35.56000,34.52000,35.24000
2022-11-05 08:00:00,35.19000,35.47000,34.81000,35.39000
2022-11-05 12:00:00,35.40000,37.97000,34.43000,37.27000
2022-11-05 16:00:00,37.28000,38.75,35.83000,37.049999
2022-11-05 20:00:00,36.96000,37.31000,36.58000,36.89000
2022-11-06 00:00:00,36.88000,37.029999,35.66000,36.0099983
2022-11-06 04:00:00,35.99000,36.22000,35.54000,36.17000
2022-11-06 08:00:00,36.11000,36.40000,35.60000,35.75
2022-11-06 12:00:00,35.76000,35.98000,35.18000,35.18000
2022-11-06 16:00:00,35.060001,35.34000,33.75,34.19000
2022-11-06 20:00:00,34.18000,34.18000,32.43000,32.63000
2022-11-07 00:00:00,32.59000,33.099998,32.18000,32.44000
2022-11-07 04:00:00,32.45000,32.54000,30.80000,30.90000
2022-11-07 08:00:00,30.72000,31.90000,30.72000,31.60000
2022-11-07 12:00:00,31.58000,32.69000,30.93000,32.67000
2022-11-07 16:00:00,32.75,32.84000,31.97000,32.38000
2022-11-07 20:00:00,32.41000,32.47000,28.52000,29.61000
2022-11-08 00:00:00,29.56000,29.69000,26.25,26.36000
2022-11-08 04:00:00,26.39000,28.47000,25.14000,27.95000
2022-11-08 08:00:00,27.85000,29.040001,27.80000,28.030001
2022-11-08 12:00:00,28.040001,28.5,26.78000,27.70000
2022-11-08 16:00:00,27.70000,31.44000,20.090000,23.88000
2022-11-08 20:00:00,23.87000,24.70000,22.88000,24.35000
2022-11-09 00:00:00,24.30000,24.30000,21.34000,22.070000
2022-11-09 04:00:00,22.10000,22.14000,19.26000,19.30000
2022-11-09 08:00:00,19.25,20.40000,16.31000,20.030001
2022-11-09 12:00:00,20.049999,20.72000,15.86000,16.10000
2022-11-09 16:00:00,16.11000,17.30000,12.69000,13.86000
2022-11-09 20:00:00,13.79000,14.83000,12.46000,14.050000
2022-11-10 00:00:00,13.74000,15.97000,13.21000,15.24000
2022-11-10 04:00:00,15.050000,15.97000,14.64000,15.34000
2022-11-10 08:00:00,15.080000,15.080000,13.27000,14.070000
2022-11-10 12:00:00,14.11000,18.5,14.11000,17.77000
2022-11-10 16:00:00,17.45000,18.75,16.39000,17.31000
2022-11-10 20:00:00,17.12000,18.47000,16.94000,17.66000
2022-11-11 00:00:00,17.78000,18.10000,15.88000,16.40000
2022-11-11 04:00:00,16.31000,17.58000,16.19000,17.24000
2022-11-11 08:00:00,17.20000,18.27000,17.080000,18.15000
2022-11-11 12:00:00,18.059999,18.22000,15.20000,16.47000
2022-11-11 16:00:00,16.36000,16.61000,15.86000,16.21000
2022-11-11 20:00:00,16.21000,16.49000,15.39000,16.48000
2022-11-12 00:00:00,16.42000,16.47000,15.75,15.81000
2022-11-12 04:00:00,15.77000,15.90000,14.77000,15.47000
2022-11-12 08:00:00,15.45000,15.70000,15.070000,15.32000
2022-11-12 12:00:00,15.35000,15.48000,14.80000,14.82000
2022-11-12 16:00:00,14.82000,15.24000,14.81000,15.17000
2022-11-12 20:00:00,15.15000,15.15000,14.48000,14.55000
2022-11-13 00:00:00,14.54000,14.71000,14.080000,14.55000
2022-11-13 04:00:00,14.56000,14.65000,13.5,13.94000
2022-11-13 08:00:00,13.94000,13.98000,13.35000,13.79000
2022-11-13 12:00:00,13.77000,14.31000,13.63000,13.96000
2022-11-13 16:00:00,13.98000,14.17000,13.66000,14.010000
2022-11-13 20:00:00,13.98000,14,13.040000,13.16000
2022-11-14 00:00:00,13.19000,13.32000,12.14000,13.010000
2022-11-14 04:00:00,12.92000,14.65000,12.47000,14.56000
2022-11-14 08:00:00,14.57000,14.93000,14.21000,14.23000
2022-11-14 12:00:00,14.22000,14.95000,13.53000,13.74000
2022-11-14 16:00:00,13.68000,14.10000,13.30000,13.73000
2022-11-14 20:00:00,13.74000,14.14000,13.61000,14
2022-11-15 00:00:00,13.97000,14.39000,13.84000,14.21000
2022-11-15 04:00:00,14.20000,14.62000,13.93000,14.47000
2022-11-15 08:00:00,14.46000,14.90000,14.46000,14.53000
2022-11-15 12:00:00,14.54000,15.050000,14.12000,14.35000
2022-11-15 16:00:00,14.36000,14.59000,14.050000,14.33000
2022-11-15 20:00:00,14.40000,14.43000,14.16000,14.33000
2022-11-16 00:00:00,14.32000,14.59000,14.12000,14.51000
2022-11-16 04:00:00,14.5,14.57000,14.28000,14.34000
2022-11-16 08:00:00,14.33000,14.61000,14.090000,14.17000
2022-11-16 12:00:00,14.15000,14.17000,13.68000,13.78000
2022-11-16 16:00:00,13.75,14.22000,13.66000,14.13000
2022-11-16 20:00:00,14.14000,14.32000,14.11000,14.17000
2022-11-17 00:00:00,14.46000,14.48000,14.23000,14.24000
2022-11-17 04:00:00,14.24000,14.42000,14.090000,14.26000
2022-11-17 08:00:00,14.27000,14.32000,14.080000,14.22000
2022-11-17 12:00:00,14.22000,14.22000,12.97000,13.56000
2022-11-17 16:00:00,13.51000,13.76000,13.34000,13.43000
2022-11-17 20:00:00,13.42000,13.80000,13.42000,13.73000
2022-11-18 04:00:00,13.68000,13.73000,13.57000,13.61000
2022-11-18 08:00:00,13.62000,13.70000,13.49000,13.56000
2022-11-18 12:00:00,13.55000,13.65000,13.27000,13.37000
2022-11-18 16:00:00,13.35000,13.39000,13,13.16000
2022-11-18 20:00:00,13.16000,13.29000,13.12000,13.19000
2022-11-19 12:00:00,12.65000,12.75,12.63000,12.73000
2022-11-19 16:00:00,12.73000,12.88000,12.68000,12.80000
2022-11-19 20:00:00,12.80000,12.97000,12.76000,12.84000
2022-11-20 00:00:00,12.84000,12.91000,12.70000,12.90000
2022-11-20 04:00:00,12.94000,13.46000,12.94000,13.060000
2022-11-20 08:00:00,13.080000,13.080000,12.55000,12.55000
2022-11-20 12:00:00,12.54000,13.060000,12.48000,13.010000
2022-11-20 16:00:00,13.010000,13.030000,12.68000,12.76000
2022-11-20 20:00:00,12.77000,12.78000,12.13000,12.28000
2022-11-21 00:00:00,12.26000,12.28000,11.58000,11.76000
2022-11-21 04:00:00,11.75,12,11.66000,11.72000
2022-11-21 08:00:00,11.71000,11.89000,11.57000,11.82000
2022-11-21 12:00:00,11.82000,12.14000,11.74000,11.91000
2022-11-21 16:00:00,11.91000,12.070000,11.30000,11.42000
2022-11-21 20:00:00,11.40000,11.99000,11.40000,11.84000
2022-11-22 00:00:00,11.82000,12.030000,11.58000,11.61000
2022-11-22 04:00:00,11.60000,11.69000,11.34000,11.51000
2022-11-22 08:00:00,11.51000,11.51000,11.020000,11.040000
2022-11-22 12:00:00,11.040000,12.060000,10.96000,12.060000
2022-11-22 16:00:00,12.030000,12.15000,11.68000,11.85000
2022-11-22 20:00:00,11.84000,12.49000,11.84000,12.43000
2022-11-23 00:00:00,12.44000,13.40000,12.41000,13.080000
2022-11-23 04:00:00,13.070000,13.24000,12.83000,13.11000
2022-11-23 08:00:00,13.15000,13.44000,12.95000,13.33000
2022-11-23 12:00:00,13.34000,13.36000,12.72000,13.060000
2022-11-23 16:00:00,13.10000,14.18000,13.010000,14.050000
2022-11-23 20:00:00,14.050000,14.44000,13.88000,14.37000
2022-11-24 00:00:00,14.38000,14.90000,14.010000,14.62000
2022-11-24 04:00:00,14.61000,14.61000,14.20000,14.42000
2022-11-24 08:00:00,14.45000,14.45000,13.84000,14.090000
2022-11-24 12:00:00,14.10000,14.52000,14,14.43000
2022-11-24 16:00:00,14.47000,14.77000,14.34000,14.44000
2022-11-24 20:00:00,14.43000,14.67000,14.30000,14.59000
2022-11-25 00:00:00,14.59000,14.59000,13.98000,14.20000
2022-11-25 04:00:00,14.16000,14.25,13.92000,14.25
2022-11-25 08:00:00,14.25,14.45000,13.99000,14.32000
2022-11-25 12:00:00,14.33000,14.41000,14.040000,14.16000
2022-11-25 16:00:00,14.13000,14.23000,13.96000,14.22000
2022-11-25 20:00:00,14.23000,14.30000,14.010000,14.010000
2022-11-26 00:00:00,14.030000,14.55000,14,14.37000
2022-11-26 04:00:00,14.37000,14.48000,14.24000,14.47000
2022-11-26 08:00:00,14.48000,14.92000,14.35000,14.75
2022-11-26 12:00:00,14.74000,14.75,14.38000,14.43000
2022-11-26 16:00:00,14.42000,14.42000,14.090000,14.24000
2022-11-26 20:00:00,14.22000,14.24000,13.98000,14.17000
2022-11-27 00:00:00,14.16000,14.30000,14.070000,14.26000
2022-11-27 04:00:00,14.28000,14.44000,14.22000,14.32000
2022-11-27 08:00:00,14.32000,14.37000,14.21000,14.35000
2022-11-27 12:00:00,14.36000,14.43000,14.17000,14.40000
2022-11-27 16:00:00,14.42000,14.43000,14.22000,14.29000
2022-11-27 20:00:00,14.29000,14.42000,14.060000,14.12000
2022-11-28 00:00:00,14.090000,14.17000,12.79000,13.090000
2022-11-28 04:00:00,13.080000,13.54000,13.050000,13.42000
2022-11-28 08:00:00,13.38000,13.53000,13.28000,13.46000
2022-11-28 12:00:00,13.48000,13.5,13.11000,13.21000
2022-11-28 16:00:00,13.18000,13.74000,13.030000,13.35000
2022-11-28 20:00:00,13.35000,13.42000,13.29000,13.32000
2022-11-29 00:00:00,13.31000,13.54000,13.16000,13.47000
2022-11-29 04:00:00,13.46000,13.87000,13.46000,13.73000
2022-11-29 08:00:00,13.75,13.93000,13.61000,13.65000
2022-11-29 12:00:00,13.64000,13.65000,13.34000,13.45000
2022-11-29 16:00:00,13.44000,13.45000,13.28000,13.41000
2022-11-29 20:00:00,13.42000,13.47000,13.28000,13.35000
2022-11-30 00:00:00,13.36000,13.93000,13.35000,13.5
2022-11-30 04:00:00,13.52000,13.74000,13.52000,13.70000
2022-11-30 08:00:00,13.71000,13.79000,13.65000,13.72000
2022-11-30 12:00:00,13.73000,13.73000,13.5,13.52000
2022-11-30 16:00:00,13.53000,13.83000,13.26000,13.64000
2022-11-30 20:00:00,13.67000,14.28000,13.62000,14.14000
2022-12-01 00:00:00,14.15000,14.18000,13.81000,13.92000
2022-12-01 04:00:00,13.92000,13.99000,13.82000,13.83000
2022-12-01 08:00:00,13.82000,13.92000,13.75,13.81000
2022-12-01 12:00:00,13.83000,13.93000,13.49000,13.63000
2022-12-01 16:00:00,13.62000,13.64000,13.51000,13.52000
2022-12-01 20:00:00,13.51000,13.56000,13.41000,13.51000
2022-12-02 00:00:00,13.51000,13.67000,13.33000,13.45000
2022-12-02 04:00:00,13.43000,13.55000,13.34000,13.53000
2022-12-02 08:00:00,13.5,13.67000,13.49000,13.61000
2022-12-02 12:00:00,13.60000,13.78000,13.38000,13.53000
2022-12-02 16:00:00,13.53000,13.69000,13.46000,13.68000
2022-12-02 20:00:00,13.70000,13.78000,13.67000,13.71000
2022-12-03 00:00:00,13.73000,13.75,13.57000,13.64000
2022-12-03 04:00:00,13.64000,13.68000,13.53000,13.55000
2022-12-03 08:00:00,13.5,13.5,13.5,13.5
2022-12-03 12:00:00,13.5,13.59000,13.49000,13.58000
2022-12-03 16:00:00,13.56000,13.61000,13.5,13.53000
2022-12-03 20:00:00,13.51000,13.53000,13.24000,13.29000
2022-12-04 00:00:00,13.29000,13.53000,13.27000,13.42000
2022-12-04 04:00:00,13.43000,13.51000,13.41000,13.46000
2022-12-04 08:00:00,13.44000,13.47000,13.36000,13.37000
2022-12-04 12:00:00,13.37000,13.51000,13.36000,13.49000
2022-12-04 16:00:00,13.51000,13.56000,13.46000,13.55000
2022-12-04 20:00:00,13.54000,13.75,13.53000,13.71000
2022-12-05 00:00:00,13.72000,14.17000,13.66000,13.91000
2022-12-05 04:00:00,13.92000,14.030000,13.84000,13.93000
2022-12-05 08:00:00,13.95000,14.090000,13.93000,14
2022-12-05 12:00:00,13.99000,14,13.66000,13.75
2022-12-05 16:00:00,13.73000,13.99000,13.60000,13.69000
2022-12-05 20:00:00,13.66000,13.99000,13.66000,13.82000
2022-12-06 00:00:00,13.81000,14.28000,13.81000,14.16000
2022-12-06 04:00:00,14.17000,14.35000,14.020000,14.15000
2022-12-06 08:00:00,14.15000,14.19000,13.92000,14.010000
2022-12-06 12:00:00,14,14.11000,13.91000,13.98000
2022-12-06 16:00:00,14,14.10000,13.94000,14.010000
2022-12-06 20:00:00,14.020000,14.30000,14.010000,14.30000
2022-12-07 00:00:00,14.30000,14.33000,14.050000,14.050000
2022-12-07 04:00:00,14.030000,14.070000,13.57000,13.63000
2022-12-07 08:00:00,13.56000,13.73000,13.49000,13.62000
2022-12-07 12:00:00,13.61000,13.73000,13.60000,13.69000
2022-12-07 16:00:00,13.69000,13.73000,13.53000,13.58000
2022-12-07 20:00:00,13.56000,13.61000,13.47000,13.49000
2022-12-08 00:00:00,13.48000,13.53000,13.35000,13.45000
2022-12-08 04:00:00,13.46000,13.55000,13.28000,13.49000
2022-12-08 08:00:00,13.52000,13.56000,13.40000,13.51000
2022-12-08 12:00:00,13.5,13.61000,13.44000,13.57000
2022-12-08 16:00:00,13.58000,13.76000,13.54000,13.74000
2022-12-08 20:00:00,13.75,13.76000,13.63000,13.69000
2022-12-09 00:00:00,13.69000,13.76000,13.63000,13.75
2022-12-09 04:00:00,13.75,13.75,13.65000,13.70000
2022-12-09 08:00:00,13.70000,14.010000,13.64000,13.86000
2022-12-09 12:00:00,13.86000,13.90000,13.69000,13.87000
2022-12-09 16:00:00,13.86000,13.89000,13.56000,13.62000
2022-12-09 20:00:00,13.61000,13.63000,13.51000,13.58000
2022-12-10 00:00:00,13.59000,13.66000,13.55000,13.62000
2022-12-10 04:00:00,13.62000,13.70000,13.62000,13.62000
2022-12-10 08:00:00,13.63000,13.64000,13.57000,13.58000
2022-12-10 12:00:00,13.59000,13.67000,13.56000,13.65000
2022-12-10 16:00:00,13.65000,13.69000,13.61000,13.65000
2022-12-10 20:00:00,13.65000,13.69000,13.54000,13.58000
2022-12-11 00:00:00,13.58000,13.65000,13.53000,13.64000
2022-12-11 04:00:00,13.64000,13.66000,13.62000,13.64000
2022-12-11 08:00:00,13.64000,13.65000,13.62000,13.63000
2022-12-11 12:00:00,13.63000,13.69000,13.62000,13.66000
2022-12-11 16:00:00,13.66000,13.79000,13.65000,13.73000
2022-12-11 20:00:00,13.73000,13.73000,13.40000,13.42000
2022-12-12 00:00:00,13.41000,13.48000,12.82000,12.95000
2022-12-12 04:00:00,12.96000,13.040000,12.94000,12.99000
2022-12-12 08:00:00,12.99000,13.23000,12.96000,13.17000
2022-12-12 12:00:00,13.16000,13.18000,13.020000,13.10000
2022-12-12 16:00:00,13.11000,13.23000,13.10000,13.23000
2022-12-12 20:00:00,13.26000,13.37000,13.21000,13.31000
2022-12-13 00:00:00,13.34000,13.38000,13.070000,13.080000
2022-12-13 04:00:00,13.080000,13.17000,12.78000,12.96000
2022-12-13 08:00:00,12.95000,13.36000,12.92000,13.34000
2022-12-13 12:00:00,13.35000,14.10000,13.18000,13.72000
2022-12-13 16:00:00,13.76000,13.84000,13.59000,13.80000
2022-12-13 20:00:00,13.79000,13.88000,13.73000,13.88000
2022-12-14 00:00:00,13.90000,13.99000,13.83000,13.95000
2022-12-14 04:00:00,13.97000,14.020000,13.81000,13.91000
2022-12-14 08:00:00,13.91000,14.010000,13.90000,13.97000
2022-12-14 12:00:00,13.98000,14.53000,13.96000,14.49000
2022-12-14 16:00:00,14.5,14.94000,14.21000,14.27000
2022-12-14 20:00:00,14.29000,14.44000,14.090000,14.12000
2022-12-15 00:00:00,14.12000,14.5,13.87000,14.37000
2022-12-15 04:00:00,14.37000,14.39000,14.14000,14.14000
2022-12-15 08:00:00,14.15000,14.19000,14.030000,14.10000
2022-12-15 12:00:00,14.10000,14.13000,13.90000,14
2022-12-15 16:00:00,13.99000,14.13000,13.88000,14.11000
2022-12-15 20:00:00,14.13000,14.19000,13.93000,14.040000
2022-12-16 00:00:00,14.030000,14.16000,13.90000,14.030000
2022-12-16 04:00:00,14.040000,14.10000,13.92000,14.090000
2022-12-16 08:00:00,14.080000,14.090000,13.35000,13.51000
2022-12-16 12:00:00,13.49000,13.49000,13,13.020000
2022-12-16 16:00:00,13,13.080000,12.70000,13.020000
2022-12-16 20:00:00,13.010000,13.090000,12.030000,12.29000
2022-12-17 00:00:00,12.26000,12.35000,11.93000,12.25
2022-12-17 04:00:00,12.26000,12.48000,12.18000,12.46000
2022-12-17 08:00:00,12.43000,12.49000,12.27000,12.31000
2022-12-17 12:00:00,12.29000,12.35000,12.22000,12.32000
2022-12-17 16:00:00,12.31000,12.34000,12.16000,12.27000
2022-12-17 20:00:00,12.27000,12.53000,12.25,12.51000
2022-12-18 00:00:00,12.5,12.54000,12.37000,12.48000
2022-12-18 04:00:00,12.49000,12.59000,12.41000,12.43000
2022-12-18 08:00:00,12.44000,12.48000,12.27000,12.39000
2022-12-18 12:00:00,12.40000,12.44000,12.30000,12.31000
2022-12-18 16:00:00,12.30000,12.51000,12.29000,12.45000
2022-12-18 20:00:00,12.44000,12.59000,12.37000,12.38000
2022-12-19 00:00:00,12.40000,12.58000,12.19000,12.22000
2022-12-19 04:00:00,12.22000,12.33000,12.19000,12.23000
2022-12-19 08:00:00,12.23000,12.36000,12.22000,12.28000
2022-12-19 12:00:00,12.28000,12.33000,12.16000,12.17000
2022-12-19 16:00:00,12.18000,12.23000,11.93000,12.020000
2022-12-19 20:00:00,12.010000,12.14000,11.69000,11.94000
2022-12-20 00:00:00,11.95000,12.30000,11.84000,12.19000
2022-12-20 04:00:00,12.21000,12.42000,12.19000,12.35000
2022-12-20 08:00:00,12.35000,12.43000,12.31000,12.37000
2022-12-20 12:00:00,12.38000,12.47000,12.21000,12.35000
2022-12-20 16:00:00,12.34000,12.35000,12.14000,12.23000
2022-12-20 20:00:00,12.25,12.32000,12.21000,12.26000
2022-12-21 00:00:00,12.26000,12.28000,12.060000,12.090000
2022-12-21 04:00:00,12.080000,12.10000,11.93000,12.030000
2022-12-21 08:00:00,12.020000,12.15000,11.97000,12.12000
2022-12-21 12:00:00,12.11000,12.12000,11.97000,12.070000
2022-12-21 16:00:00,12.070000,12.070000,11.95000,11.95000
2022-12-21 20:00:00,11.95000,12.21000,11.90000,12.14000
2022-12-22 00:00:00,12.14000,12.18000,12.080000,12.12000
2022-12-22 04:00:00,12.13000,12.15000,12,12.070000
2022-12-22 08:00:00,12.080000,12.17000,12.040000,12.11000
2022-12-22 12:00:00,12.11000,12.14000,11.74000,11.76000
2022-12-22 16:00:00,11.76000,11.88000,11.70000,11.84000
2022-12-22 20:00:00,11.85000,12.090000,11.69000,11.82000
2022-12-23 00:00:00,11.82000,12.10000,11.73000,12.020000
2022-12-23 04:00:00,12.030000,12.030000,11.88000,11.89000
2022-12-23 08:00:00,11.89000,11.97000,11.81000,11.89000
2022-12-23 12:00:00,11.89000,11.96000,11.77000,11.83000
2022-12-23 16:00:00,11.84000,11.88000,11.80000,11.85000
2022-12-23 20:00:00,11.85000,11.87000,11.75,11.79000
2022-12-24 00:00:00,11.79000,11.79000,11.73000,11.79000
2022-12-24 04:00:00,11.78000,11.79000,11.20000,11.39000
2022-12-24 08:00:00,11.36000,11.36000,11.22000,11.32000
2022-12-24 12:00:00,11.32000,11.40000,11.28000,11.37000
2022-12-24 16:00:00,11.38000,11.56000,11.35000,11.56000
2022-12-24 20:00:00,11.56000,11.58000,11.36000,11.45000
2022-12-25 00:00:00,11.44000,11.5,11.42000,11.47000
2022-12-25 04:00:00,11.47000,11.55000,11.41000,11.5
2022-12-25 08:00:00,11.49000,11.5,11.37000,11.41000
2022-12-25 12:00:00,11.40000,11.43000,11.25,11.35000
2022-12-25 16:00:00,11.35000,11.40000,11.27000,11.40000
2022-12-25 20:00:00,11.40000,11.45000,11.32000,11.39000
2022-12-26 00:00:00,11.39000,11.48000,11.26000,11.43000
2022-12-26 04:00:00,11.43000,11.44000,11.27000,11.32000
2022-12-26 08:00:00,11.32000,11.36000,11.28000,11.35000
2022-12-26 12:00:00,11.35000,11.38000,11.18000,11.19000
2022-12-26 16:00:00,11.16000,11.23000,11.11000,11.19000
2022-12-26 20:00:00,11.19000,11.33000,11.16000,11.33000
2022-12-27 00:00:00,11.38000,11.43000,11.27000,11.28000
2022-12-27 04:00:00,11.28000,11.30000,11.20000,11.22000
2022-12-27 08:00:00,11.23000,11.24000,11.12000,11.15000
2022-12-27 12:00:00,11.15000,11.16000,10.76000,10.76000
2022-12-27 16:00:00,10.75,11.030000,10.74000,11.020000
2022-12-27 20:00:00,11.020000,11.15000,10.97000,11.090000
2022-12-28 00:00:00,11.10000,11.11000,10.71000,10.78000
2022-12-28 04:00:00,10.77000,10.78000,9.89000,10.15000
2022-12-28 08:00:00,10.12000,10.19000,9.87000,10.020000
2022-12-28 12:00:00,10.020000,10.32000,9.88000,9.94000
2022-12-28 16:00:00,9.94000,10.090000,9.79000,9.80000
2022-12-28 20:00:00,9.81000,9.90000,9.48000,9.76000
2022-12-29 00:00:00,9.76000,9.86000,9.54000,9.76000
2022-12-29 04:00:00,9.75,9.77000,9.56000,9.61000
2022-12-29 08:00:00,9.62000,9.64000,9.27000,9.45000
2022-12-29 12:00:00,9.46000,9.51000,9.32000,9.38000
2022-12-29 16:00:00,9.37000,9.45000,8.71000,8.78000
2022-12-29 20:00:00,8.78000,9.94000,8.090000,9.63000
2022-12-30 00:00:00,9.51000,10.10000,9.41000,9.52000
2022-12-30 04:00:00,9.51000,9.67000,9.10000,9.13000
2022-12-30 08:00:00,9.15000,9.23000,9.020000,9.13000
2022-12-30 12:00:00,9.13000,9.67000,9.13000,9.57000
2022-12-30 16:00:00,9.57000,9.98000,9.51000,9.86000
2022-12-30 20:00:00,9.87000,10.030000,9.71000,9.89000
2022-12-31 00:00:00,9.88000,9.98000,9.75,9.75
2022-12-31 04:00:00,9.76000,9.87000,9.67000,9.83000
2022-12-31 08:00:00,9.82000,9.91000,9.74000,9.85000
2022-12-31 12:00:00,9.87000,10.17000,9.86000,10.15000
2022-12-31 16:00:00,10.17000,10.17000,9.95000,10.070000
2022-12-31 20:00:00,10.080000,10.12000,9.87000,9.96000
2023-01-01 00:00:00,9.97000,10.080000,9.92000,9.97000
2023-01-01 04:00:00,9.97000,9.98000,9.72000,9.80000
2023-01-01 08:00:00,9.78000,9.98000,9.71000,9.93000
2023-01-01 12:00:00,9.92000,9.96000,9.81000,9.87000
2023-01-01 16:00:00,9.87000,10.040000,9.85000,9.97000
2023-01-01 20:00:00,9.98000,10.040000,9.94000,10
2023-01-02 00:00:00,9.99000,10.020000,9.82000,9.99000
2023-01-02 04:00:00,10,11.42000,9.94000,11.10000
2023-01-02 08:00:00,11.10000,11.33000,10.94000,11.010000
2023-01-02 12:00:00,11.010000,11.18000,11.010000,11.13000
2023-01-02 16:00:00,11.13000,11.36000,11.090000,11.27000
2023-01-02 20:00:00,11.23000,11.39000,11.20000,11.27000
2023-01-03 00:00:00,11.27000,11.33000,11.030000,11.23000
2023-01-03 04:00:00,11.22000,12.020000,11.21000,11.95000
2023-01-03 08:00:00,11.93000,11.99000,11.71000,11.85000
2023-01-03 12:00:00,11.85000,13.25,11.80000,13.090000
2023-01-03 16:00:00,13.080000,13.66000,12.74000,12.96000
2023-01-03 20:00:00,12.96000,13.42000,12.96000,13.37000
2023-01-04 00:00:00,13.36000,14,13.24000,13.59000
2023-01-04 04:00:00,13.62000,14.17000,13.31000,14.17000
2023-01-04 08:00:00,14.050000,14.050000,13.59000,13.64000
2023-01-04 12:00:00,13.65000,13.74000,13.18000,13.38000
2023-01-04 16:00:00,13.30000,13.59000,13.11000,13.17000
2023-01-04 20:00:00,13.21000,13.64000,12.87000,13.45000
2023-01-05 00:00:00,13.39000,13.42000,13.060000,13.20000
2023-01-05 04:00:00,13.22000,13.44000,13.13000,13.24000
2023-01-05 08:00:00,13.23000,13.30000,12.95000,13.27000
2023-01-05 12:00:00,13.27000,13.37000,13.050000,13.28000
2023-01-05 16:00:00,13.28000,13.46000,13.070000,13.42000
2023-01-05 20:00:00,13.42000,13.85000,13.36000,13.42000
2023-01-06 00:00:00,13.38000,13.56000,13.17000,13.19000
2023-01-06 04:00:00,13.21000,13.24000,13.030000,13.12000
2023-01-06 08:00:00,13.12000,13.24000,12.89000,13.010000
2023-01-06 12:00:00,13,13.20000,12.73000,13.19000
2023-01-06 16:00:00,13.19000,13.43000,13.080000,13.35000
2023-01-06 20:00:00,13.39000,13.58000,13.17000,13.52000
2023-01-07 00:00:00,13.5,13.5,13.29000,13.32000
2023-01-07 04:00:00,13.33000,13.33000,13.21000,13.28000
2023-01-07 08:00:00,13.29000,13.31000,13.13000,13.17000
2023-01-07 12:00:00,13.15000,13.28000,13.14000,13.27000
2023-01-07 16:00:00,13.26000,13.27000,13.19000,13.22000
2023-01-07 20:00:00,13.23000,13.25,13.030000,13.090000
2023-01-08 00:00:00,13.090000,13.38000,12.86000,13.37000
2023-01-08 04:00:00,13.40000,13.40000,13.26000,13.33000
2023-01-08 08:00:00,13.35000,13.73000,13.28000,13.51000
2023-01-08 12:00:00,13.52000,13.91000,13.44000,13.88000
2023-01-08 16:00:00,13.89000,13.89000,13.48000,13.55000
2023-01-08 20:00:00,13.55000,14.61000,13.54000,14.45000
2023-01-09 00:00:00,14.38000,16.49000,14.30000,16.040001
2023-01-09 04:00:00,16.049999,16.48000,15.97000,16.36000
2023-01-09 08:00:00,16.35000,16.66000,16.090000,16.35000
2023-01-09 12:00:00,16.40000,17.46000,16.12000,17.13000
2023-01-09 16:00:00,17.18000,17.35000,16.28000,16.29000
2023-01-09 20:00:00,16.33000,16.62000,16.059999,16.27000
2023-01-10 00:00:00,16.25,16.57000,15.62000,15.98000
2023-01-10 04:00:00,16.010000,16.29000,15.86000,15.88000
2023-01-10 08:00:00,15.89000,16.32000,15.83000,16.049999
2023-01-10 12:00:00,16.020000,16.46000,15.85000,16.23000
2023-01-10 16:00:00,16.21000,16.46000,16.040001,16.38000
2023-01-10 20:00:00,16.40000,16.69000,16.16000,16.19000
2023-01-11 00:00:00,16.18000,16.29000,15.91000,16.020000
2023-01-11 04:00:00,16.010000,16.15000,15.86000,16.10000
2023-01-11 08:00:00,16.10000,16.13000,15.95000,16.030001
2023-01-11 12:00:00,16,16,15.34000,15.41000
2023-01-11 16:00:00,15.41000,16.11000,15.33000,15.99000
2023-01-11 20:00:00,16,16.59000,15.77000,16.35000
2023-01-12 00:00:00,16.38000,16.93000,16.17000,16.43000
2023-01-12 04:00:00,16.44000,16.51000,16.17000,16.25
2023-01-12 08:00:00,16.23000,16.23000,15.91000,16.080000
2023-01-12 12:00:00,16.070000,16.47000,15.70000,16.010000
2023-01-12 16:00:00,15.95000,16.78000,15.91000,16.53000
2023-01-12 20:00:00,16.53000,16.70000,16.32000,16.60000
2023-01-13 00:00:00,16.58000,16.82000,16.33000,16.75
2023-01-13 04:00:00,16.71000,17.32000,16.71000,16.88000
2023-01-13 08:00:00,16.90000,17.059999,16.56000,16.68000
2023-01-13 12:00:00,16.65000,16.84000,16.47000,16.81000
2023-01-13 16:00:00,16.82000,17.090000,16.53000,17.030001
2023-01-13 20:00:00,17.16000,18.59000,17.030001,18.28000
2023-01-14 00:00:00,18.24000,22.70000,18.20000,21.89000
2023-01-14 04:00:00,21.94000,24.36000,21.81000,23.55000
2023-01-14 08:00:00,23.59000,23.87000,21.40000,22.31000
2023-01-14 12:00:00,22.37000,23.19000,22,22.33000
2023-01-14 16:00:00,22.32000,23.40000,22.19000,23.070000
2023-01-14 20:00:00,23.030001,24.62000,22.59000,24.24000
2023-01-15 00:00:00,24.23000,24.80000,22.65000,23.059999
2023-01-15 04:00:00,23.030001,23.14000,22.18000,22.61000
2023-01-15 08:00:00,22.66000,23.049999,22.049999,22.94000
2023-01-15 12:00:00,22.88000,23.80000,22.78000,23.69000
2023-01-15 16:00:00,23.61000,23.76000,23.040001,23.35000
2023-01-15 20:00:00,23.36000,23.39000,22.73000,22.89000
2023-01-16 00:00:00,22.87000,23.96000,22.49000,23.22000
2023-01-16 04:00:00,23.24000,24.88000,23.080000,24.26000
2023-01-16 08:00:00,24.26000,24.26000,22.93000,23.37000
2023-01-16 12:00:00,23.41000,23.51000,22.37000,23.090000
2023-01-16 16:00:00,23.12000,23.75,22.89000,23.56000
2023-01-16 20:00:00,23.56000,24.22000,23.40000,23.57000
2023-01-17 00:00:00,23.54000,23.77000,22.97000,23.19000
2023-01-17 04:00:00,23.16000,23.73000,23.14000,23.43000
2023-01-17 08:00:00,23.43000,23.91000,23.38000,23.77000
2023-01-17 12:00:00,23.76000,23.94000,23.19000,23.27000
2023-01-17 16:00:00,23.24000,23.53000,23.059999,23.43000
2023-01-17 20:00:00,23.45000,23.65000,22.81000,22.87000
2023-01-18 00:00:00,22.94000,23.31000,22.61000,23.040001
2023-01-18 04:00:00,23.070000,23.29000,22.88000,22.97000
2023-01-18 08:00:00,22.96000,22.96000,22.21000,22.52000
2023-01-18 12:00:00,22.53000,23.56000,21.25,21.77000
2023-01-18 16:00:00,21.63000,22.24000,20.54000,21.79000
2023-01-18 20:00:00,21.75,21.84000,20.72000,20.83000
2023-01-19 00:00:00,20.88000,21.52000,20.88000,21.34000
2023-01-19 04:00:00,21.35000,21.78000,21.27000,21.27000
2023-01-19 08:00:00,21.30000,21.49000,20.82000,20.93000
2023-01-19 12:00:00,20.93000,21.17000,20.44000,21.12000
2023-01-19 16:00:00,21.049999,21.71000,20.89000,21.65000
2023-01-19 20:00:00,21.69000,21.83000,21.31000,21.42000
2023-01-20 00:00:00,21.39000,21.60000,21.020000,21.31000
2023-01-20 04:00:00,21.33000,21.40000,20.94000,21.059999
2023-01-20 08:00:00,21.049999,21.22000,20.98000,21.13000
2023-01-20 12:00:00,21.12000,21.53000,21.090000,21.41000
2023-01-20 16:00:00,21.41000,23.32000,21.41000,23.24000
2023-01-20 20:00:00,23.35000,25.70000,23.31000,25.55000
2023-01-21 00:00:00,25.56000,25.76000,24.66000,24.83000
2023-01-21 04:00:00,24.82000,25.72000,24.73000,25.57000
2023-01-21 08:00:00,25.49000,26.44000,24.71000,25.19000
2023-01-21 12:00:00,25.20000,25.60000,25.090000,25.22000
2023-01-21 16:00:00,25.26000,25.91000,25.20000,25.64000
2023-01-21 20:00:00,25.63000,25.66000,24.55000,24.55000
2023-01-22 00:00:00,24.55000,25.25,24.43000,25
2023-01-22 04:00:00,24.95000,25.41000,24.93000,25.13000
2023-01-22 08:00:00,25.18000,25.31000,24.83000,24.88000
2023-01-22 12:00:00,24.85000,25.40000,24.71000,24.96000
2023-01-22 16:00:00,25,25.24000,24.82000,24.89000
2023-01-22 20:00:00,24.90000,24.90000,23.67000,24.21000
2023-01-23 00:00:00,24.25,24.88000,24.090000,24.52000
2023-01-23 04:00:00,24.58000,24.79000,24.39000,24.47000
2023-01-23 08:00:00,24.48000,24.79000,24.25,24.62000
2023-01-23 12:00:00,24.64000,24.66000,23.92000,24.19000
2023-01-23 16:00:00,24.16000,24.73000,23.99000,24.16000
2023-01-23 20:00:00,24.17000,24.5,24.070000,24.32000
2023-01-24 00:00:00,24.34000,25.16000,24.11000,24.98000
2023-01-24 04:00:00,24.99000,25,24.63000,24.77000
2023-01-24 08:00:00,24.80000,24.94000,24.38000,24.44000
2023-01-24 12:00:00,24.44000,24.57000,24.15000,24.47000
2023-01-24 16:00:00,24.53000,24.53000,24.16000,24.46000
2023-01-24 20:00:00,24.46000,24.5,22.49000,22.77000
2023-01-25 00:00:00,22.77000,22.96000,22.32000,22.93000
2023-01-25 04:00:00,22.93000,23.41000,22.88000,23.28000
2023-01-25 08:00:00,23.28000,23.38000,23.010000,23.12000
2023-01-25 12:00:00,23.13000,24.45000,22.79000,23.32000
2023-01-25 16:00:00,23.29000,23.78000,23.25,23.75
2023-01-25 20:00:00,23.74000,25.35000,23.74000,24.51000
2023-01-26 00:00:00,24.55000,25.20000,24.44000,24.79000
2023-01-26 04:00:00,24.81000,24.93000,24.33000,24.33000
2023-01-26 08:00:00,24.37000,24.58000,24.13000,24.31000
2023-01-26 12:00:00,24.31000,25.020000,24.17000,24.24000
2023-01-26 16:00:00,24.29000,24.70000,23.90000,24.47000
2023-01-26 20:00:00,24.46000,24.60000,24.23000,24.34000
2023-01-27 00:00:00,24.34000,24.52000,23.53000,23.71000
2023-01-27 04:00:00,23.72000,24.040001,23.66000,24.020000
2023-01-27 08:00:00,24.040001,24.040001,23.62000,23.71000
2023-01-27 12:00:00,23.69000,24.16000,23.43000,23.86000
2023-01-27 16:00:00,23.90000,24.58000,23.85000,24.47000
2023-01-27 20:00:00,24.5,24.91000,24.040001,24.42000
2023-01-28 00:00:00,24.42000,24.83000,24.31000,24.5
2023-01-28 04:00:00,24.51000,25.10000,24.19000,24.35000
2023-01-28 08:00:00,24.35000,24.46000,24.20000,24.29000
2023-01-28 12:00:00,24.30000,24.31000,23.81000,24.16000
2023-01-28 16:00:00,24.17000,24.22000,23.95000,24.10000
2023-01-28 20:00:00,24.12000,24.13000,23.78000,24.010000
2023-01-29 00:00:00,23.99000,24.64000,23.76000,24.10000
2023-01-29 04:00:00,24.14000,24.18000,24.030001,24.15000
2023-01-29 08:00:00,24.14000,24.42000,24.070000,24.32000
2023-01-29 12:00:00,24.35000,24.75,24.20000,24.69000
2023-01-29 16:00:00,24.69000,26.46000,24.57000,26.30000
2023-01-29 20:00:00,26.33000,26.74000,26,26.10000
2023-01-30 00:00:00,26.030001,26.30000,25.22000,25.44000
2023-01-30 04:00:00,25.48000,25.58000,25.27000,25.39000
2023-01-30 08:00:00,25.36000,25.51000,23.82000,24.049999
2023-01-30 12:00:00,23.96000,24.74000,23.93000,24.36000
2023-01-30 16:00:00,24.32000,24.62000,23.36000,23.60000
2023-01-30 20:00:00,23.59000,24,23.43000,23.96000
2023-01-31 00:00:00,23.95000,24.27000,23.67000,24
2023-01-31 04:00:00,24.030001,24.11000,23.70000,24.11000
2023-01-31 08:00:00,24.12000,24.13000,23.51000,23.74000
2023-01-31 12:00:00,23.77000,24.28000,23.65000,24.10000
2023-01-31 16:00:00,24.12000,24.40000,24.040001,24.22000
2023-01-31 20:00:00,24.20000,24.21000,23.66000,23.92000
2023-02-01 00:00:00,23.94000,24.030001,23.69000,23.89000
2023-02-01 04:00:00,23.87000,24,23.45000,23.56000
2023-02-01 08:00:00,23.54000,23.60000,23.22000,23.54000
2023-02-01 12:00:00,23.53000,23.64000,22.72000,22.82000
2023-02-01 16:00:00,22.80000,24.41000,22.55000,24.20000
2023-02-01 20:00:00,24.32000,25.19000,24.15000,25.010000
2023-02-02 00:00:00,25.080000,25.73000,24.97000,25.29000
2023-02-02 04:00:00,25.30000,25.42000,24.75,24.88000
2023-02-02 08:00:00,24.87000,25.080000,24.81000,25
2023-02-02 12:00:00,25.030001,25.25,24.67000,25.030001
2023-02-02 16:00:00,24.97000,26.13000,24.90000,25.080000
2023-02-02 20:00:00,25.049999,25.25,24.20000,24.26000
2023-02-03 00:00:00,24.36000,24.48000,24.059999,24.33000
2023-02-03 04:00:00,24.33000,24.52000,24.26000,24.32000
2023-02-03 08:00:00,24.33000,24.53000,24.13000,24.5
2023-02-03 12:00:00,24.51000,25.059999,24.17000,24.87000
2023-02-03 16:00:00,24.89000,25.030001,24.37000,24.37000
2023-02-03 20:00:00,24.37000,24.76000,24.27000,24.67000
2023-02-04 00:00:00,24.70000,24.79000,24.44000,24.45000
2023-02-04 04:00:00,24.45000,24.52000,24.33000,24.49000
2023-02-04 08:00:00,24.5,24.60000,24.42000,24.59000
2023-02-04 12:00:00,24.59000,24.93000,24.54000,24.70000
2023-02-04 16:00:00,24.72000,24.78000,24.52000,24.68000
2023-02-04 20:00:00,24.66000,24.74000,24.26000,24.35000
2023-02-05 00:00:00,24.31000,24.41000,24.059999,24.30000
2023-02-05 04:00:00,24.27000,24.45000,24.26000,24.35000
2023-02-05 08:00:00,24.36000,24.45000,24.14000,24.19000
2023-02-05 12:00:00,24.19000,24.22000,23.44000,23.65000
2023-02-05 16:00:00,23.64000,23.70000,23.24000,23.38000
2023-02-05 20:00:00,23.36000,23.65000,23.049999,23.46000
2023-02-06 00:00:00,23.48000,23.72000,23.28000,23.38000
2023-02-06 04:00:00,23.38000,23.45000,22.90000,23.36000
2023-02-06 08:00:00,23.35000,23.40000,23.049999,23.35000
2023-02-06 12:00:00,23.35000,23.48000,22.83000,23.41000
2023-02-06 16:00:00,23.55000,23.58000,23.16000,23.38000
2023-02-06 20:00:00,23.36000,23.36000,22.54000,22.65000
2023-02-07 00:00:00,22.65000,23.16000,22.57000,23.040001
2023-02-07 04:00:00,23.059999,23.34000,23.040001,23.22000
2023-02-07 08:00:00,23.22000,23.45000,23.11000,23.35000
2023-02-07 12:00:00,23.37000,23.42000,22.96000,23.030001
2023-02-07 16:00:00,22.99000,23.82000,22.74000,23.26000
2023-02-07 20:00:00,23.30000,23.93000,23.14000,23.83000
2023-02-08 00:00:00,23.90000,24.18000,23.81000,23.90000
2023-02-08 04:00:00,23.91000,23.97000,23.58000,23.77000
2023-02-08 08:00:00,23.77000,23.77000,23.54000,23.72000
2023-02-08 12:00:00,23.76000,23.97000,23.28000,23.28000
2023-02-08 16:00:00,23.24000,23.46000,22.83000,23.090000
2023-02-08 20:00:00,23.049999,23.26000,22.88000,23.21000
2023-02-09 00:00:00,23.21000,23.34000,22.059999,22.34000
2023-02-09 04:00:00,22.32000,22.89000,22.24000,22.77000
2023-02-09 08:00:00,22.79000,22.95000,22.74000,22.78000
2023-02-09 12:00:00,22.78000,22.94000,22.62000,22.64000
2023-02-09 16:00:00,22.62000,22.70000,21.51000,21.80000
2023-02-09 20:00:00,21.73000,21.73000,20.080000,20.48000
2023-02-10 00:00:00,20.47000,20.89000,20.30000,20.77000
2023-02-10 04:00:00,20.79000,21.080000,20.58000,21.080000
2023-02-10 08:00:00,21.10000,21.18000,20.66000,20.66000
2023-02-10 12:00:00,20.72000,20.99000,20.51000,20.73000
2023-02-10 16:00:00,20.71000,20.98000,20.54000,20.89000
2023-02-10 20:00:00,20.88000,20.91000,19.69000,20.12000
2023-02-11 00:00:00,20.10000,20.48000,20.10000,20.40000
2023-02-11 04:00:00,20.40000,20.42000,20.21000,20.33000
2023-02-11 08:00:00,20.33000,20.38000,20.24000,20.31000
2023-02-11 12:00:00,20.32000,20.61000,20.29000,20.52000
2023-02-11 16:00:00,20.52000,20.52000,20.28000,20.37000
2023-02-11 20:00:00,20.35000,20.89000,20.35000,20.81000
2023-02-12 00:00:00,20.81000,20.81000,20.63000,20.68000
2023-02-12 04:00:00,20.66000,20.98000,20.63000,20.85000
2023-02-12 08:00:00,20.87000,21.070000,20.84000,21.070000
2023-02-12 12:00:00,21.080000,21.5,20.79000,21.44000
2023-02-12 16:00:00,21.43000,22.35000,21.39000,22.070000
2023-02-12 20:00:00,22.070000,22.21000,21.13000,21.5
2023-02-13 00:00:00,21.47000,21.56000,20.56000,20.91000
2023-02-13 04:00:00,20.91000,21.27000,20.88000,21.17000
2023-02-13 08:00:00,21.19000,21.19000,20.12000,20.44000
2023-02-13 12:00:00,20.44000,20.68000,20.37000,20.37000
2023-02-13 16:00:00,20.40000,20.51000,19.78000,20.44000
2023-02-13 20:00:00,20.43000,20.83000,20.24000,20.77000
2023-02-14 00:00:00,20.78000,21.059999,20.68000,20.83000
2023-02-14 04:00:00,20.81000,21.080000,20.78000,21.040001
2023-02-14 08:00:00,21.070000,21.60000,20.78000,21.35000
2023-02-14 12:00:00,21.37000,22.29000,20.94000,21.90000
2023-02-14 16:00:00,21.90000,22.049999,21.64000,22
2023-02-14 20:00:00,22.030001,22.030001,21.58000,21.84000
2023-02-15 00:00:00,21.87000,21.88000,21.46000,21.60000
2023-02-15 04:00:00,21.62000,21.68000,21.5,21.55000
2023-02-15 08:00:00,21.57000,22.21000,21.47000,22.12000
2023-02-15 12:00:00,22.15000,22.70000,22.13000,22.45000
2023-02-15 16:00:00,22.43000,23.020000,22.28000,22.98000
2023-02-15 20:00:00,23.010000,23.92000,22.93000,23.88000
2023-02-16 00:00:00,23.88000,24.12000,23.59000,23.83000
2023-02-16 04:00:00,23.82000,23.98000,23.56000,23.73000
2023-02-16 08:00:00,23.73000,23.88000,23.52000,23.57000
2023-02-16 12:00:00,23.58000,23.87000,23.090000,23.87000
2023-02-16 16:00:00,23.87000,24.13000,23.44000,23.60000
2023-02-16 20:00:00,23.59000,23.59000,22.23000,22.29000
2023-02-17 00:00:00,22.24000,22.78000,22.080000,22.70000
2023-02-17 04:00:00,22.69000,22.80000,22.53000,22.53000
2023-02-17 08:00:00,22.53000,22.71000,22.49000,22.60000
2023-02-17 12:00:00,22.60000,22.98000,22.48000,22.80000
2023-02-17 16:00:00,22.82000,23.48000,22.59000,23.45000
2023-02-17 20:00:00,23.47000,23.53000,22.74000,23.14000
2023-02-18 00:00:00,23.14000,23.61000,23.14000,23.35000
2023-02-18 04:00:00,23.36000,23.48000,23.15000,23.21000
2023-02-18 08:00:00,23.21000,23.25,22.93000,23.059999
2023-02-18 12:00:00,23.049999,23.52000,23.010000,23.42000
2023-02-18 16:00:00,23.42000,23.90000,23.40000,23.48000
2023-02-18 20:00:00,23.5,23.66000,23.29000,23.45000
2023-02-19 00:00:00,23.45000,23.60000,23.23000,23.30000
2023-02-19 04:00:00,23.30000,23.98000,23.27000,23.53000
2023-02-19 08:00:00,23.55000,23.72000,23.48000,23.69000
2023-02-19 12:00:00,23.72000,25.18000,23.71000,25.18000
2023-02-19 16:00:00,25.29000,25.29000,24.10000,24.62000
2023-02-19 20:00:00,24.60000,25.59000,24.059999,24.86000
2023-02-20 00:00:00,24.86000,26.25,24.21000,26.14000
2023-02-20 04:00:00,26.12000,27.049999,25.85000,26.49000
2023-02-20 08:00:00,26.48000,26.66000,26.040001,26.36000
2023-02-20 12:00:00,26.38000,26.66000,26.21000,26.54000
2023-02-20 16:00:00,26.54000,26.54000,25.59000,26.35000
2023-02-20 20:00:00,26.30000,26.37000,25.97000,26.24000
2023-02-21 00:00:00,26.26000,26.61000,25.80000,26.13000
2023-02-21 04:00:00,26.11000,26.28000,25.75,26.010000
2023-02-21 08:00:00,26,26.18000,24.96000,25.070000
2023-02-21 12:00:00,25.11000,25.38000,24.84000,25.059999
2023-02-21 16:00:00,25.049999,25.48000,24.72000,25.25
2023-02-21 20:00:00,25.26000,25.43000,24.65000,24.98000
2023-02-22 00:00:00,24.97000,25.21000,23.93000,24.44000
2023-02-22 04:00:00,24.46000,24.46000,23.46000,23.83000
2023-02-22 08:00:00,23.82000,23.82000,23.25,23.57000
2023-02-22 12:00:00,23.56000,23.77000,23.31000,23.58000
2023-02-23 04:00:00,24.34000,24.56000,24.24000,24.51000
2023-02-23 08:00:00,24.51000,24.62000,23.63000,23.75
2023-02-23 12:00:00,23.74000,24.37000,23.63000,23.86000
2023-02-23 16:00:00,23.88000,24.070000,23.63000,24.040001
2023-02-23 20:00:00,24.049999,24.21000,23.69000,23.92000
2023-02-24 00:00:00,23.91000,24.11000,23.70000,23.77000
2023-02-24 04:00:00,23.78000,24.10000,23.75,23.95000
2023-02-24 08:00:00,23.97000,24.049999,23.60000,23.79000
2023-02-24 12:00:00,23.78000,23.99000,23.010000,23.080000
2023-02-24 16:00:00,23.030001,23.040001,22.53000,23.040001
2023-02-24 20:00:00,23.040001,23.33000,22.53000,23.080000
2023-02-25 00:00:00,23.059999,23.31000,22.94000,22.95000
2023-02-25 04:00:00,22.97000,23.16000,22.84000,22.94000
2023-02-25 08:00:00,22.92000,23.020000,22.65000,22.78000
2023-02-25 12:00:00,22.78000,22.80000,22.12000,22.33000
2023-02-25 16:00:00,22.35000,22.51000,21.74000,21.90000
2023-02-25 20:00:00,21.89000,22.48000,21.51000,22.37000
2023-02-26 00:00:00,22.38000,22.73000,22.22000,22.62000
2023-02-26 04:00:00,22.66000,22.83000,22.5,22.79000
2023-02-26 08:00:00,22.79000,22.98000,22.64000,22.85000
2023-02-26 12:00:00,22.86000,22.96000,22.57000,22.94000
2023-02-26 16:00:00,22.96000,23.39000,22.70000,23.36000
2023-02-26 20:00:00,23.38000,23.51000,22.96000,23.27000
2023-02-27 00:00:00,23.26000,23.26000,22.99000,23.040001
2023-02-27 04:00:00,23.030001,23.040001,22.78000,22.90000
2023-02-27 08:00:00,22.91000,22.96000,22.64000,22.77000
2023-02-27 12:00:00,22.80000,23.40000,22.66000,23.049999
2023-02-27 16:00:00,23.070000,23.11000,22.34000,22.56000
2023-02-27 20:00:00,22.51000,22.77000,22.38000,22.68000
2023-02-28 00:00:00,22.68000,22.74000,22.43000,22.61000
2023-02-28 04:00:00,22.62000,22.62000,22.070000,22.070000
2023-02-28 08:00:00,22.080000,22.29000,22.059999,22.20000
2023-02-28 12:00:00,22.20000,22.60000,22.20000,22.53000
2023-02-28 16:00:00,22.54000,22.68000,22.18000,22.19000
2023-02-28 20:00:00,22.18000,22.23000,21.79000,21.88000
2023-03-01 00:00:00,21.87000,22.39000,21.67000,22.32000
2023-03-01 04:00:00,22.36000,22.67000,22.30000,22.60000
2023-03-01 08:00:00,22.60000,22.84000,22.55000,22.68000
2023-03-01 12:00:00,22.69000,22.84000,22.54000,22.67000
2023-03-01 16:00:00,22.63000,22.65000,22.12000,22.13000
2023-03-01 20:00:00,22.12000,22.54000,22.12000,22.52000
2023-03-02 00:00:00,22.51000,22.63000,21.90000,22.020000
2023-03-02 04:00:00,22.030001,22.16000,21.89000,21.98000
2023-03-02 08:00:00,21.96000,22.10000,21.90000,22.070000
2023-03-02 12:00:00,22.080000,22.10000,21.68000,21.84000
2023-03-02 16:00:00,21.86000,22.14000,21.70000,22.090000
2023-03-02 20:00:00,22.080000,22.15000,21.93000,22
2023-03-03 00:00:00,22,22.020000,20.41000,20.85000
2023-03-03 04:00:00,20.84000,21.24000,20.82000,21.059999
2023-03-03 08:00:00,21.059999,21.22000,21.059999,21.15000
2023-03-03 12:00:00,21.15000,21.43000,21.059999,21.27000
2023-03-03 16:00:00,21.27000,21.45000,21.16000,21.43000
2023-03-03 20:00:00,21.44000,21.52000,21.19000,21.42000
2023-03-04 00:00:00,21.42000,21.60000,21.30000,21.33000
2023-03-04 04:00:00,21.33000,21.37000,21.049999,21.19000
2023-03-04 08:00:00,21.17000,21.26000,21.090000,21.16000
2023-03-04 12:00:00,21.16000,21.19000,20.96000,20.96000
2023-03-04 16:00:00,20.93000,21.040001,20.62000,20.66000
2023-03-04 20:00:00,20.66000,21,20.24000,20.99000
2023-03-05 00:00:00,20.98000,21.66000,20.95000,21.33000
2023-03-05 04:00:00,21.34000,21.44000,21.25,21.29000
2023-03-05 08:00:00,21.32000,21.36000,21.15000,21.20000
2023-03-05 12:00:00,21.20000,21.34000,21.16000,21.30000
2023-03-05 16:00:00,21.28000,21.32000,21.030001,21.10000
2023-03-05 20:00:00,21.080000,21.31000,20.85000,20.97000
2023-03-06 00:00:00,20.94000,21.090000,20.67000,20.92000
2023-03-06 04:00:00,20.91000,20.96000,20.63000,20.78000
2023-03-06 08:00:00,20.76000,20.78000,20.64000,20.70000
2023-03-06 12:00:00,20.70000,21.070000,20.58000,21.059999
2023-03-06 16:00:00,21.14000,21.14000,20.75,20.76000
2023-03-06 20:00:00,20.76000,20.77000,20.49000,20.61000
2023-03-07 00:00:00,20.63000,20.95000,20.46000,20.80000
2023-03-07 04:00:00,20.80000,20.85000,20.69000,20.70000
2023-03-07 08:00:00,20.71000,20.74000,20.30000,20.30000
2023-03-07 12:00:00,20.30000,20.61000,19.99000,20.44000
2023-03-07 16:00:00,20.42000,20.5,20.010000,20.020000
2023-03-07 20:00:00,20.010000,20.28000,19.74000,20.24000
2023-03-08 00:00:00,20.25,20.38000,19.84000,20
2023-03-08 04:00:00,20,20.059999,19.19000,19.19000
2023-03-08 08:00:00,19.21000,19.52000,19.17000,19.32000
2023-03-08 12:00:00,19.34000,19.38000,18.67000,19.26000
2023-03-08 16:00:00,19.20000,19.38000,18.53000,18.69000
2023-03-08 20:00:00,18.71000,18.94000,18.21000,18.41000
2023-03-09 00:00:00,18.47000,18.66000,18.39000,18.58000
2023-03-09 04:00:00,18.59000,18.73000,18.49000,18.5
2023-03-09 08:00:00,18.53000,18.60000,18.27000,18.55000
2023-03-09 12:00:00,18.55000,18.66000,18.17000,18.37000
2023-03-09 16:00:00,18.37000,18.39000,17.55000,17.74000
2023-03-09 20:00:00,17.70000,17.70000,16.82000,17.33000
2023-03-10 00:00:00,17.32000,17.35000,16.82000,17.15000
2023-03-10 04:00:00,17.15000,17.18000,16.69000,16.99000
2023-03-10 08:00:00,16.98000,17.020000,16.059999,16.70000
2023-03-10 12:00:00,16.73000,17.89000,16.61000,17.67000
2023-03-10 16:00:00,17.62000,17.94000,17.44000,17.77000
2023-03-10 20:00:00,17.73000,18.32000,17.48000,18.18000
2023-03-11 00:00:00,18.17000,18.80000,18.040001,18.19000
2023-03-11 04:00:00,18.20000,18.26000,17.040001,17.11000
2023-03-11 08:00:00,17.040001,17.68000,16.95000,17.39000
2023-03-11 12:00:00,17.39000,17.51000,17.090000,17.15000
2023-03-11 16:00:00,17.14000,17.94000,17.030001,17.94000
2023-03-11 20:00:00,17.96000,18.19000,17.87000,18.070000
2023-03-12 00:00:00,18.040001,18.11000,17.82000,17.93000
2023-03-12 04:00:00,17.94000,18.080000,17.71000,17.83000
2023-03-12 08:00:00,17.83000,18.25,17.80000,18.14000
2023-03-12 12:00:00,18.12000,18.12000,17.78000,17.84000
2023-03-12 16:00:00,17.81000,18.76000,17.80000,18.38000
2023-03-12 20:00:00,18.39000,20.40000,18.39000,20.14000
2023-03-13 00:00:00,20.21000,20.52000,19.51000,19.53000
2023-03-13 04:00:00,19.59000,19.81000,19.53000,19.75
2023-03-13 08:00:00,19.76000,19.78000,19.010000,19.24000
2023-03-13 12:00:00,19.23000,21.32000,18.91000,20.70000
2023-03-13 16:00:00,20.77000,20.95000,20.36000,20.49000
2023-03-13 20:00:00,20.51000,20.58000,20.17000,20.41000
2023-03-14 00:00:00,20.41000,20.5,20.17000,20.38000
2023-03-14 04:00:00,20.43000,20.68000,19.96000,20.010000
2023-03-14 08:00:00,20.040001,20.22000,19.77000,20.13000
2023-03-14 12:00:00,20.10000,22.049999,20.049999,21.91000
2023-03-14 16:00:00,21.90000,21.99000,20.55000,20.89000
2023-03-14 20:00:00,20.93000,21.040001,20.30000,20.89000
2023-03-15 00:00:00,20.85000,21.22000,20.60000,21.059999
2023-03-15 04:00:00,21.049999,21.43000,20.99000,21.25
2023-03-15 08:00:00,21.24000,21.24000,20.22000,20.60000
2023-03-15 12:00:00,20.54000,20.85000,19.13000,19.28000
2023-03-15 16:00:00,19.27000,19.39000,18.76000,19.070000
2023-03-15 20:00:00,19.049999,19.46000,19.030001,19.23000
2023-03-16 00:00:00,19.22000,19.46000,18.90000,19.31000
2023-03-16 04:00:00,19.32000,19.61000,19.070000,19.5
2023-03-16 08:00:00,19.52000,19.75,19.29000,19.66000
2023-03-16 12:00:00,19.66000,19.68000,19.059999,19.59000
2023-03-16 16:00:00,19.60000,19.86000,19.30000,19.75
2023-03-16 20:00:00,19.74000,19.77000,19.27000,19.68000
2023-03-17 00:00:00,19.67000,20.26000,19.42000,19.99000
2023-03-17 04:00:00,19.99000,20.26000,19.89000,20.010000
2023-03-17 08:00:00,20.010000,20.70000,19.94000,20.68000
2023-03-17 12:00:00,20.68000,20.68000,19.83000,20.030001
2023-03-17 16:00:00,20.040001,20.60000,19.91000,20.51000
2023-03-17 20:00:00,20.54000,21.64000,20.34000,21.61000
2023-03-18 00:00:00,21.58000,22.81000,21.34000,22.65000
2023-03-18 04:00:00,22.68000,22.84000,22.13000,22.17000
2023-03-18 08:00:00,22.18000,22.49000,21.81000,22.49000
2023-03-18 12:00:00,22.48000,22.5,21.52000,21.84000
2023-03-18 16:00:00,21.83000,22.18000,21.35000,21.93000
2023-03-18 20:00:00,21.93000,22.15000,21.070000,21.20000
2023-03-19 00:00:00,21.22000,21.84000,21.22000,21.82000
2023-03-19 04:00:00,21.81000,21.92000,21.30000,21.56000
2023-03-19 08:00:00,21.55000,21.74000,21.26000,21.73000
2023-03-19 12:00:00,21.73000,22.040001,21.5,22.030001
2023-03-19 16:00:00,22.030001,22.41000,21.98000,22.18000
2023-03-19 20:00:00,22.18000,22.27000,21.74000,21.84000
2023-03-20 00:00:00,21.88000,22.89000,21.71000,21.71000
2023-03-20 04:00:00,21.69000,23.16000,21.43000,23.070000
2023-03-20 08:00:00,23.11000,23.56000,22.95000,23.35000
2023-03-20 12:00:00,23.30000,23.86000,22.95000,23.14000
2023-03-20 16:00:00,23.16000,23.40000,21.85000,22.15000
2023-03-20 20:00:00,22.15000,22.78000,22.070000,22.12000
2023-03-21 00:00:00,22.12000,22.68000,22.020000,22.43000
2023-03-21 04:00:00,22.44000,22.62000,21.75,21.95000
2023-03-21 08:00:00,21.93000,22.5,21.55000,22.43000
2023-03-21 12:00:00,22.46000,23.29000,22.37000,22.96000
2023-03-21 16:00:00,22.91000,23.16000,22.15000,22.51000
2023-03-21 20:00:00,22.54000,22.66000,22.28000,22.55000
2023-03-22 00:00:00,22.53000,22.53000,22.030001,22.32000
2023-03-22 04:00:00,22.30000,22.55000,22.26000,22.32000
2023-03-22 08:00:00,22.27000,22.66000,22.12000,22.48000
2023-03-22 12:00:00,22.47000,23.040001,22.37000,22.63000
2023-03-22 16:00:00,22.63000,22.94000,21,21.14000
2023-03-22 20:00:00,21.080000,21.83000,21.070000,21.41000
2023-03-23 00:00:00,21.40000,21.58000,21.16000,21.26000
2023-03-23 04:00:00,21.27000,21.72000,21.21000,21.70000
2023-03-23 08:00:00,21.72000,21.80000,21.59000,21.75
2023-03-23 12:00:00,21.76000,22.55000,21.40000,22.41000
2023-03-23 16:00:00,22.43000,22.73000,21.71000,22.10000
2023-03-23 20:00:00,22.030001,22.25,21.91000,22.17000
2023-03-24 00:00:00,22.17000,22.26000,22.040001,22.090000
2023-03-24 04:00:00,22.080000,22.13000,21.89000,21.99000
2023-03-24 08:00:00,22,22.010000,21.49000,21.73000
2023-03-24 12:00:00,21.73000,21.73000,21.010000,21.23000
2023-03-24 16:00:00,21.24000,21.31000,20.30000,20.76000
2023-03-24 20:00:00,20.74000,20.79000,20.34000,20.64000
2023-03-25 00:00:00,20.64000,20.90000,20.63000,20.72000
2023-03-25 04:00:00,20.73000,20.81000,20.53000,20.61000
2023-03-25 08:00:00,20.62000,20.69000,20.41000,20.68000
2023-03-25 12:00:00,20.66000,20.96000,20.57000,20.91000
2023-03-25 16:00:00,20.87000,20.90000,20.13000,20.14000
2023-03-25 20:00:00,20.14000,20.44000,20.12000,20.42000
2023-03-26 00:00:00,20.41000,20.74000,20.29000,20.68000
2023-03-26 04:00:00,20.67000,20.87000,20.64000,20.77000
2023-03-26 08:00:00,20.76000,20.94000,20.71000,20.84000
2023-03-26 12:00:00,20.87000,21.11000,20.76000,20.84000
2023-03-26 16:00:00,20.82000,21,20.67000,20.92000
2023-03-26 20:00:00,20.90000,21.090000,20.77000,20.95000
2023-03-27 00:00:00,20.95000,20.98000,20.60000,20.73000
2023-03-27 04:00:00,20.71000,20.73000,20.39000,20.44000
2023-03-27 08:00:00,20.43000,20.66000,20.35000,20.62000
2023-03-27 12:00:00,20.62000,20.70000,19.41000,19.78000
2023-03-27 16:00:00,19.78000,19.96000,19.63000,19.67000
2023-03-27 20:00:00,19.68000,19.94000,19.61000,19.89000
2023-03-28 00:00:00,19.89000,19.98000,19.61000,19.71000
2023-03-28 04:00:00,19.74000,20.059999,19.72000,19.88000
2023-03-28 08:00:00,19.88000,20.15000,19.63000,20.090000
2023-03-28 12:00:00,20.12000,20.39000,19.84000,20.24000
2023-03-28 16:00:00,20.22000,20.82000,20.080000,20.69000
2023-03-28 20:00:00,20.72000,20.72000,20.26000,20.45000
2023-03-29 00:00:00,20.46000,20.84000,20.43000,20.65000
2023-03-29 04:00:00,20.66000,21.26000,20.63000,21.20000
2023-03-29 08:00:00,21.22000,21.53000,21.11000,21.20000
2023-03-29 12:00:00,21.20000,21.34000,20.98000,21.25
2023-03-29 16:00:00,21.25,21.25,20.97000,21.18000
2023-03-29 20:00:00,21.17000,21.32000,20.96000,21.11000
2023-03-30 00:00:00,21.10000,21.65000,20.74000,21.059999
2023-03-30 04:00:00,21.020000,21.22000,20.87000,21.020000
2023-03-30 08:00:00,21.020000,21.049999,20.54000,20.70000
2023-03-30 12:00:00,20.68000,20.70000,20.47000,20.52000
2023-03-30 16:00:00,20.52000,20.52000,20.16000,20.51000
2023-03-30 20:00:00,20.49000,20.71000,20.39000,20.55000
2023-03-31 00:00:00,20.56000,20.74000,20.44000,20.54000
2023-03-31 04:00:00,20.53000,20.61000,20.049999,20.28000
2023-03-31 08:00:00,20.27000,20.41000,20.23000,20.32000
2023-03-31 12:00:00,20.31000,20.99000,20.22000,20.85000
2023-03-31 16:00:00,20.87000,20.99000,20.70000,20.98000
2023-03-31 20:00:00,20.98000,21.46000,20.84000,21.16000
2023-04-01 00:00:00,21.21000,21.31000,20.92000,21.040001
2023-04-01 04:00:00,21.020000,21.27000,20.88000,21.010000
2023-04-01 08:00:00,21.010000,21.11000,20.93000,21.020000
2023-04-01 12:00:00,21.020000,21.080000,20.88000,20.96000
2023-04-01 16:00:00,20.97000,21.020000,20.80000,20.95000
2023-04-01 20:00:00,20.95000,21.21000,20.95000,21.080000
2023-04-02 00:00:00,21.070000,21.14000,20.89000,21.030001
2023-04-02 04:00:00,21.020000,21.29000,20.93000,21.17000
2023-04-02 08:00:00,21.20000,21.20000,20.98000,20.98000
2023-04-02 12:00:00,20.98000,21,20.5,20.61000
2023-04-02 16:00:00,20.56000,20.67000,20.24000,20.34000
2023-04-02 20:00:00,20.31000,20.56000,20.29000,20.52000
2023-04-03 00:00:00,20.51000,20.54000,19.99000,20.040001
2023-04-03 04:00:00,20.040001,20.25,20,20.24000
2023-04-03 08:00:00,20.25,20.55000,20.25,20.41000
2023-04-03 12:00:00,20.40000,20.58000,20.11000,20.32000
2023-04-03 16:00:00,20.29000,20.95000,20.17000,20.90000
2023-04-03 20:00:00,20.95000,20.99000,20.090000,20.44000
2023-04-04 00:00:00,20.48000,20.56000,20.32000,20.42000
2023-04-04 04:00:00,20.44000,20.64000,20.33000,20.52000
2023-04-04 08:00:00,20.53000,20.99000,20.47000,20.97000
2023-04-04 12:00:00,20.99000,21.23000,20.73000,20.88000
2023-04-04 16:00:00,20.86000,21.010000,20.76000,20.93000
2023-04-04 20:00:00,20.96000,21.070000,20.84000,20.92000
2023-04-05 00:00:00,20.92000,21.33000,20.86000,21.14000
2023-04-05 04:00:00,21.14000,21.31000,21.12000,21.18000
2023-04-05 08:00:00,21.20000,21.27000,21.080000,21.17000
2023-04-05 12:00:00,21.20000,21.24000,20.64000,20.83000
2023-04-05 16:00:00,20.80000,20.96000,20.64000,20.91000
2023-04-05 20:00:00,20.91000,21.020000,20.82000,20.97000
2023-04-06 00:00:00,20.96000,20.99000,20.57000,20.83000
2023-04-06 04:00:00,20.82000,20.82000,20.63000,20.63000
2023-04-06 08:00:00,20.61000,20.75,20.47000,20.67000
2023-04-06 12:00:00,20.69000,20.81000,20.46000,20.75
2023-04-06 16:00:00,20.75,20.85000,20.62000,20.72000
2023-04-06 20:00:00,20.71000,20.78000,20.53000,20.62000
2023-04-07 00:00:00,20.62000,20.77000,20.42000,20.56000
2023-04-07 04:00:00,20.57000,20.57000,20.25,20.29000
2023-04-07 08:00:00,20.27000,20.43000,20.25,20.29000
2023-04-07 12:00:00,20.31000,20.63000,20.28000,20.53000
2023-04-07 16:00:00,20.53000,20.57000,20.42000,20.48000
2023-04-07 20:00:00,20.5,20.52000,20.37000,20.44000
2023-04-08 00:00:00,20.45000,20.49000,20.29000,20.47000
2023-04-08 04:00:00,20.48000,20.72000,20.44000,20.61000
2023-04-08 08:00:00,20.60000,20.65000,20.52000,20.58000
2023-04-08 12:00:00,20.57000,20.58000,20.41000,20.45000
2023-04-08 16:00:00,20.45000,20.45000,20.10000,20.20000
2023-04-08 20:00:00,20.18000,20.24000,19.90000,20.040001
2023-04-09 00:00:00,20.030001,20.23000,20.030001,20.090000
2023-04-09 04:00:00,20.10000,20.22000,19.90000,20.010000
2023-04-09 08:00:00,20,20.19000,19.97000,20.19000
2023-04-09 12:00:00,20.20000,20.27000,20.020000,20.12000
2023-04-09 16:00:00,20.12000,20.37000,20.059999,20.26000
2023-04-09 20:00:00,20.28000,20.42000,20.21000,20.28000
2023-04-10 00:00:00,20.28000,20.35000,20.14000,20.27000
2023-04-10 04:00:00,20.26000,20.32000,20.19000,20.22000
2023-04-10 08:00:00,20.25,20.38000,20.22000,20.29000
2023-04-10 12:00:00,20.29000,20.29000,20.080000,20.21000
2023-04-10 16:00:00,20.22000,20.71000,20.17000,20.69000
2023-04-10 20:00:00,20.71000,20.94000,20.54000,20.89000
2023-04-11 00:00:00,20.90000,21.29000,20.82000,21.26000
2023-04-11 04:00:00,21.27000,22.67000,21.22000,22.47000
2023-04-11 08:00:00,22.53000,22.58000,22.21000,22.21000
2023-04-11 12:00:00,22.24000,23.49000,22.13000,23.29000
2023-04-11 16:00:00,23.32000,23.66000,23.11000,23.45000
2023-04-11 20:00:00,23.41000,23.46000,22.90000,22.97000
2023-04-12 00:00:00,23.070000,23.53000,22.33000,22.56000
2023-04-12 04:00:00,22.55000,24,22.52000,23.70000
2023-04-12 08:00:00,23.73000,23.85000,23.28000,23.51000
2023-04-12 12:00:00,23.5,24.39000,23.29000,23.59000
2023-04-12 16:00:00,23.61000,24.36000,23.55000,23.90000
2023-04-12 20:00:00,23.89000,24.15000,23.64000,23.78000
2023-04-13 00:00:00,23.83000,24.11000,23.65000,24.010000
2023-04-13 04:00:00,24,24.23000,23.90000,24.13
2023-04-13 08:00:00,24.13,24.55,23.9,24.31
2023-04-13 12:00:00,24.30000,25.3,24.26,24.63
2023-04-13 16:00:00,24.62,24.87,24.38,24.73
2023-04-13 20:00:00,24.73000,24.79,24.29,24.43
2023-04-14 00:00:00,24.43,25.44,24.21,25.08
2023-04-14 04:00:00,25.09,25.49,24.84,24.9
2023-04-14 08:00:00,24.9,25.13,24.8,25.02
2023-04-14 12:00:00,25.010000,25.09,23.79,23.85000
2023-04-14 16:00:00,23.83,24.73,23.73,24.52
2023-04-14 20:00:00,24.53,24.98,24.43,24.72000
2023-04-15 00:00:00,24.72000,24.8,24.14,24.26
2023-04-15 04:00:00,24.26,24.5,24,24.41
2023-04-15 08:00:00,24.42,24.51000,24.22,24.35
2023-04-15 12:00:00,24.35,24.51,24.16,24.34
2023-04-15 16:00:00,24.34,24.41,23.84,24.04
2023-04-15 20:00:00,24.04,24.15,23.81,24.05
2023-04-16 00:00:00,24.05,24.48,23.81,24.32
2023-04-16 04:00:00,24.32,24.44,24.18,24.25
2023-04-16 08:00:00,24.25,24.34,23.99,24.05
2023-04-16 12:00:00,24.06,24.35,24.010000,24.32
2023-04-16 16:00:00,24.32,24.82,24.2,24.53
2023-04-16 20:00:00,24.54,25.45000,24.31,25.36000
2023-04-17 00:00:00,25.33000,25.96000,24.82000,25.78000
2023-04-17 04:00:00,25.83000,25.93000,25.090000,25.12000
2023-04-17 08:00:00,25.14000,25.37000,24.73000,24.94000
2023-04-17 12:00:00,24.92000,25.42000,24.39000,24.54000
2023-04-17 16:00:00,24.53000,24.88,24.35000,24.73
2023-04-17 20:00:00,24.73,24.8,24.46,24.58
2023-04-18 00:00:00,24.57,24.67,24,24.42
2023-04-18 04:00:00,24.43,25.15,24.35,25.1
2023-04-18 08:00:00,25.1,25.44,24.86,25.34
2023-04-18 12:00:00,25.35,25.4,24.83,24.92
2023-04-18 16:00:00,24.92,25,24.42,24.68
2023-04-18 20:00:00,24.68,24.91,24.58,24.82
2023-04-19 00:00:00,24.82,24.98,24.53,24.61
2023-04-19 04:00:00,24.61,24.78,24.26,24.36
2023-04-19 08:00:00,24.36,24.37,21.71,23.21
2023-04-19 12:00:00,23.21,23.55,22.93,23.33
2023-04-19 16:00:00,23.34,23.49,22.83,22.99
2023-04-19 20:00:00,22.98,23.16,22.14,22.66
2023-04-20 00:00:00,22.66,23.09,22.37,22.86
2023-04-20 04:00:00,22.87,23.08,22.57,22.61
2023-04-20 08:00:00,22.6,22.87,22.23,22.33
2023-04-20 12:00:00,22.34,23.18,22.06,22.13
2023-04-20 16:00:00,22.13,22.44,21.59,21.79
2023-04-20 20:00:00,21.78,22.3,21.68,22.2
2023-04-21 00:00:00,22.19,22.41,21.99,22.31
2023-04-21 04:00:00,22.31,22.36,21.81,22.26
2023-04-21 08:00:00,22.26,22.4,21.93,22.03
2023-04-21 12:00:00,22.02,22.3,21.8,21.88
2023-04-21 16:00:00,21.87,21.94,21,21.21
2023-04-21 20:00:00,21.21,21.5,21,21.25
2023-04-22 00:00:00,21.26,21.4,21.05,21.37
2023-04-22 04:00:00,21.38,21.5,21.23,21.27
2023-04-22 08:00:00,21.28,21.4,21.21,21.37
2023-04-22 12:00:00,21.37,21.74,21.36,21.74
2023-04-22 16:00:00,21.72000,21.94,21.62000,21.78000
2023-04-22 20:00:00,21.76000,21.99,21.69,21.79
2023-04-23 00:00:00,21.79,21.8,21.44,21.72
2023-04-23 04:00:00,21.71,22.15,21.68,22.07
2023-04-23 08:00:00,22.07,22.21,21.92,22.13
2023-04-23 12:00:00,22.13,22.25,21.48,21.66
2023-04-23 16:00:00,21.65,21.69,20.91,21.21000
2023-04-23 20:00:00,21.17000,21.53000,21.11000,21.47000
2023-04-24 00:00:00,21.45000,21.98000,21.27000,21.70000
2023-04-24 04:00:00,21.72000,21.78000,21.20000,21.27000
2023-04-24 08:00:00,21.31000,21.73000,21.16000,21.72000
2023-04-24 12:00:00,21.78000,22,21.29,21.35
2023-04-24 16:00:00,21.34,21.56,21,21.32
2023-04-24 20:00:00,21.32,21.48,21.26,21.38
2023-04-25 00:00:00,21.39,21.46,20.82,20.87
2023-04-25 04:00:00,20.88,21.16,20.84,20.89
2023-04-25 08:00:00,20.88,21.05,20.73,21
2023-04-25 12:00:00,21.01,21.17,20.76,20.88
2023-04-25 16:00:00,20.87,21.3,20.77,21.17000
2023-04-25 20:00:00,21.18000,21.96000,21.18000,21.92000
2023-04-26 00:00:00,21.96000,22.049999,21.74000,21.80000
2023-04-26 04:00:00,21.83000,22.10000,21.81000,21.92000
2023-04-26 08:00:00,21.95000,22.61000,21.93000,22.46
2023-04-26 12:00:00,22.46,22.97,22.45,22.68
2023-04-26 16:00:00,22.67,22.85,20.8,21.09
2023-04-26 20:00:00,21.09,21.54,20.36,21.28
2023-04-27 00:00:00,21.28,22.08,21.18,21.63
2023-04-27 04:00:00,21.62,22,21.51,21.68
2023-04-27 08:00:00,21.67,21.77,21.52,21.65
2023-04-27 12:00:00,21.64,22.46,21.31,22.25
2023-04-27 16:00:00,22.25,22.52,22.03,22.33
2023-04-27 20:00:00,22.33,22.49,22.13,22.33
2023-04-28 00:00:00,22.34,22.68,22.19,22.31
2023-04-28 04:00:00,22.31,22.65,22.3,22.61
2023-04-28 08:00:00,22.62,22.87,22.34,22.49
2023-04-28 12:00:00,22.49,22.75,22.16,22.38
2023-04-28 16:00:00,22.38,23.47,22.37,23.31
2023-04-28 20:00:00,23.32,23.5,23.12,23.34
2023-04-29 00:00:00,23.34,23.49,23.2,23.3
2023-04-29 04:00:00,23.31,23.41,23.13,23.26
2023-04-29 08:00:00,23.26,23.36,23.18,23.29
2023-04-29 12:00:00,23.28,23.89,23.25,23.35
2023-04-29 16:00:00,23.34,23.4,22.9,23.31
2023-04-29 20:00:00,23.3,23.31,22.92,23.19
2023-04-30 00:00:00,23.18,23.21,22.97,23.15
2023-04-30 04:00:00,23.15,23.49,23.07,23.42
2023-04-30 08:00:00,23.42,23.74,23.42,23.49
2023-04-30 12:00:00,23.49,23.99,23.33,23.67
2023-04-30 16:00:00,23.68,23.88,23.04,23.18
2023-04-30 20:00:00,23.18,23.33,22.69,22.74
2023-05-01 00:00:00,22.73,22.88,21.91,22.18
2023-05-01 04:00:00,22.18,22.38,22.01,22.33
2023-05-01 08:00:00,22.34,22.36,22.14,22.21
2023-05-01 12:00:00,22.21,22.31,21.74,21.89
2023-05-01 16:00:00,21.89,22,21.54,21.74
2023-05-01 20:00:00,21.74,22.07,21.6,21.96
2023-05-02 00:00:00,21.95,22.02,21.75,21.87
2023-05-02 04:00:00,21.87,22.01,21.75,21.91
2023-05-02 08:00:00,21.91,22.06,21.8,21.98
2023-05-02 12:00:00,21.99,22.31,21.77,22.19
2023-05-02 16:00:00,22.19,22.38,22.09,22.29
2023-05-02 20:00:00,22.3,22.35,22.16,22.25
2023-05-03 00:00:00,22.25,22.27,21.75,21.89
2023-05-03 04:00:00,21.89,22.01,21.6,21.75
2023-05-03 08:00:00,21.74,21.85,21.34,21.41
2023-05-03 12:00:00,21.4,21.52,21.23,21.33
2023-05-03 16:00:00,21.32,21.72,21.27,21.4
2023-05-03 20:00:00,21.41,22.3,21.39,22.24
2023-05-04 00:00:00,22.24,22.49,22.13,22.24
2023-05-04 04:00:00,22.23,22.35,22.1,22.12
2023-05-04 08:00:00,22.11,22.45,22.08,22.24
2023-05-04 12:00:00,22.25,22.33,21.76,21.82
2023-05-04 16:00:00,21.81,21.92,21.61,21.75
2023-05-04 20:00:00,21.75,21.8,21.62,21.74
2023-05-05 00:00:00,21.74,22.12,21.67,21.9
2023-05-05 04:00:00,21.9,22.01,21.66,21.79
2023-05-05 08:00:00,21.78,22.04,21.77,22.01
2023-05-05 12:00:00,22.02,22.49,21.56,22.32
2023-05-05 16:00:00,22.32,22.95,22.31,22.87
2023-05-05 20:00:00,22.88,23.07,22.76,22.82
2023-05-06 00:00:00,22.82,23.23,22.64,22.72
2023-05-06 04:00:00,22.72,22.8,22.54,22.64
2023-05-06 08:00:00,22.63,22.68,22.44,22.67
2023-05-06 12:00:00,22.67,22.69,21.56,21.79
2023-05-06 16:00:00,21.78,22.16,21.73,21.98
2023-05-06 20:00:00,21.98,22.02,21.82,21.91
2023-05-07 00:00:00,21.91,22.03,21.72,21.88
2023-05-07 04:00:00,21.88,22.07,21.87,22.05
2023-05-07 08:00:00,22.06,22.24,21.93,22.1
2023-05-07 12:00:00,22.1,22.56,22.1,22.46
2023-05-07 16:00:00,22.46,22.78,22.36,22.44
2023-05-07 20:00:00,22.44,22.57,21.63,21.66
2023-05-08 00:00:00,21.65,21.81,20.75,21.3
2023-05-08 04:00:00,21.3,21.44,20.92,21.22
2023-05-08 08:00:00,21.22,21.32,21.05,21.26
2023-05-08 12:00:00,21.27,21.39,21.07,21.16
2023-05-08 16:00:00,21.16,21.2,20,20.39
2023-05-08 20:00:00,20.39,20.75,20.32,20.62
2023-05-09 00:00:00,20.63,20.8,20.51,20.62
2023-05-09 04:00:00,20.63,20.72,20.41,20.69
2023-05-09 08:00:00,20.69,20.81,20.51,20.81
2023-05-09 12:00:00,20.81,21,20.49,20.55
2023-05-09 16:00:00,20.55,20.85,20.4,20.62
2023-05-09 20:00:00,20.61,20.73,20.42,20.65
2023-05-10 00:00:00,20.66,20.88,20.61,20.7
2023-05-10 04:00:00,20.71,20.82,20.53,20.54
2023-05-10 08:00:00,20.55,20.76,20.48,20.75
2023-05-10 12:00:00,20.75,21.31,20.64,21.09
2023-05-10 16:00:00,21.08,21.19,19.74,20.96
2023-05-10 20:00:00,20.96,21.28,20.85,20.91
2023-05-11 00:00:00,20.92,20.93,20.52,20.55
2023-05-11 04:00:00,20.55,20.7,20.53,20.6
2023-05-11 08:00:00,20.59,20.64,20.31,20.49
2023-05-11 12:00:00,20.5,20.76,19.9,20.17
2023-05-11 16:00:00,20.16,20.2,19.69,20
2023-05-11 20:00:00,20.01,20.31,19.96,20.17
2023-05-12 00:00:00,20.17,20.28,19.83,19.98
2023-05-12 04:00:00,19.98,20.21,19.8,20.09
2023-05-12 08:00:00,20.09,20.36,20.05,20.28
2023-05-12 12:00:00,20.27,20.75,20.27,20.3
2023-05-12 16:00:00,20.29,20.54,19.91,20.49
2023-05-12 20:00:00,20.48,20.95,20.41,20.9
2023-05-13 00:00:00,20.91,21.19,20.8,21.15
2023-05-13 04:00:00,21.15,21.25,20.98,21.22
2023-05-13 08:00:00,21.22,21.29,21.03,21.08
2023-05-13 12:00:00,21.08,21.13,20.77,20.87
2023-05-13 16:00:00,20.87,21.13,20.79,20.94
2023-05-13 20:00:00,20.94,21.03,20.83,20.84
2023-05-14 00:00:00,20.83,21,20.62,20.94
2023-05-14 04:00:00,20.95,21.2,20.91,21.09
2023-05-14 08:00:00,21.1,21.12,20.94,20.97
2023-05-14 12:00:00,20.96,21.28,20.85,21.18
2023-05-14 16:00:00,21.17,21.2,20.86,20.93
2023-05-14 20:00:00,20.92,20.99,20.82,20.93
2023-05-15 00:00:00,20.93,21.29,20.6,21.22
2023-05-15 04:00:00,21.23,21.5,21.1,21.39
2023-05-15 08:00:00,21.39,21.52,21.26,21.28
2023-05-15 12:00:00,21.29,21.46,21.18,21.37
2023-05-15 16:00:00,21.38,21.49,21.11,21.16
2023-05-15 20:00:00,21.16,21.17,20.93,20.99
2023-05-16 00:00:00,20.98,21.13,20.67,20.86
2023-05-16 04:00:00,20.86,21.07,20.75,21.04
2023-05-16 08:00:00,21.05,21.11,20.8,20.88
2023-05-16 12:00:00,20.87,20.9,20.65,20.78
2023-05-16 16:00:00,20.78,20.82,20.47,20.5
2023-05-16 20:00:00,20.5,20.73,20.43,20.67
2023-05-17 00:00:00,20.68,21.08,20.58,20.96
2023-05-17 04:00:00,20.97,21.01,20.53,20.56
2023-05-17 08:00:00,20.56,20.69,20.47,20.52
2023-05-17 12:00:00,20.53,20.73,20.42,20.59
2023-05-17 16:00:00,20.59,21.15,20.54,21.03
2023-05-17 20:00:00,21.03,21.23,20.93,21.06
2023-05-18 00:00:00,21.06,21.09,20.88,21.03
2023-05-18 04:00:00,21.04,21.05,20.75,20.92
2023-05-18 08:00:00,20.93,20.96,20.74,20.84
2023-05-18 12:00:00,20.83,20.84,20.47,20.53
2023-05-18 16:00:00,20.52,20.6,20.07,20.34
2023-05-18 20:00:00,20.34,20.52,20.28,20.34
2023-05-19 00:00:00,20.35,20.42,20.27,20.34
2023-05-19 04:00:00,20.34,20.48,20.3,20.44
2023-05-19 08:00:00,20.43,20.52,20.37,20.45
2023-05-19 12:00:00,20.45,20.59,20.21,20.4
2023-05-19 16:00:00,20.41,20.51,20.31,20.37
2023-05-19 20:00:00,20.37,20.4,20.32,20.36
2023-05-20 00:00:00,20.35,20.37,20.15,20.27
2023-05-20 04:00:00,20.27,20.29,20.08,20.16
2023-05-20 08:00:00,20.17,20.26,20.16,20.22
2023-05-20 12:00:00,20.21,20.31,20.18,20.28
2023-05-20 16:00:00,20.28,20.36,20.2,20.29
2023-05-20 20:00:00,20.29,20.31,20.21,20.28
2023-05-21 00:00:00,20.28,20.39,20.22,20.24
2023-05-21 04:00:00,20.24,20.29,20.22,20.28
2023-05-21 08:00:00,20.29,20.33,20.08,20.15
2023-05-21 12:00:00,20.14,20.19,19.81,19.94
2023-05-21 16:00:00,19.93,20.01,19.83,19.98
2023-05-21 20:00:00,19.98,20.06,19.33,19.61
2023-05-22 00:00:00,19.61,19.68,19.28,19.54
2023-05-22 04:00:00,19.54,19.79,19.52,19.69
2023-05-22 08:00:00,19.69,19.92,19.69,19.87
2023-05-22 12:00:00,19.87,20.03,19.57,19.67
2023-05-22 16:00:00,19.67,19.76,19.57,19.68
2023-05-22 20:00:00,19.69,19.75,19.51,19.53
2023-05-23 00:00:00,19.52,20.18,19.42,20.04
2023-05-23 04:00:00,20.04,20.11,19.74,19.84
2023-05-23 08:00:00,19.85,19.94,19.74,19.92
2023-05-23 12:00:00,19.92,20.07,19.81,20
2023-05-23 16:00:00,20.01,20.16,19.88,20.02
2023-05-23 20:00:00,20.03,20.12,19.98,20.02
2023-05-24 00:00:00,20.02,20.07,19.44,19.56
2023-05-24 04:00:00,19.55,19.6,19.38,19.42
2023-05-24 08:00:00,19.43,19.56,19.31,19.42
2023-05-24 12:00:00,19.43,19.49,18.66,19.17
2023-05-24 16:00:00,19.17,19.29,19.04,19.19
2023-05-24 20:00:00,19.2,19.37,19.15,19.22
2023-05-25 00:00:00,19.22,19.4,18.77,19.37
2023-05-25 04:00:00,19.38,19.47,19.27,19.27
2023-05-25 08:00:00,19.27,19.42,19.24,19.38
2023-05-25 12:00:00,19.39,19.58,19.18,19.24
2023-05-25 16:00:00,19.24,19.43,19.19,19.31
2023-05-25 20:00:00,19.32,19.34,19.21,19.25
2023-05-26 00:00:00,19.25,19.36,19.18,19.29
2023-05-26 04:00:00,19.29,19.31,19.08,19.3
2023-05-26 08:00:00,19.3,19.35,19.25,19.29
2023-05-26 12:00:00,19.3,19.56,19.21,19.43
2023-05-26 16:00:00,19.43,19.5,19.3,19.46
2023-05-26 20:00:00,19.47,19.5,19.34,19.35
2023-05-27 00:00:00,19.35,19.5,19.33,19.48
2023-05-27 04:00:00,19.47,19.64,19.44,19.53
2023-05-27 08:00:00,19.53,19.54,19.44,19.48
2023-05-27 12:00:00,19.48,19.61,19.43,19.61
2023-05-27 16:00:00,19.61,19.69,19.51,19.67
2023-05-27 20:00:00,19.66,20.54,19.66,20.43
2023-05-28 00:00:00,20.42,20.79,20.29,20.48
2023-05-28 04:00:00,20.49,20.56,20.42,20.49
2023-05-28 08:00:00,20.48,20.67,20.4,20.52
2023-05-28 12:00:00,20.52,20.67,20.42,20.5
2023-05-28 16:00:00,20.5,20.99,20.47,20.77
2023-05-28 20:00:00,20.77,21.19,20.71,20.81
2023-05-29 00:00:00,20.81,20.98,20.64,20.7
2023-05-29 04:00:00,20.71,20.78,20.54,20.73
2023-05-29 08:00:00,20.73,20.78,20.61,20.74
2023-05-29 12:00:00,20.75,20.78,20.41,20.48
2023-05-29 16:00:00,20.47,20.59,20.26,20.51
2023-05-29 20:00:00,20.5,20.68,20.43,20.57
2023-05-30 00:00:00,20.57,21.17,20.46,20.86
2023-05-30 04:00:00,20.87,20.92,20.66,20.74
2023-05-30 08:00:00,20.75,21.37,20.74,21.28
2023-05-30 12:00:00,21.28,21.4,20.88,20.96
2023-05-30 16:00:00,20.95,21.39,20.8,21.36
2023-05-30 20:00:00,21.36,21.39,21.14,21.25
2023-05-31 00:00:00,21.25,21.33,20.94,21.1
2023-05-31 04:00:00,21.1,21.14,20.47,20.72
2023-05-31 08:00:00,20.72,20.81,20.52,20.61
2023-05-31 12:00:00,20.61,20.7,20.37,20.48
2023-05-31 16:00:00,20.47,20.73,20.45,20.64
2023-05-31 20:00:00,20.64,20.84,20.63,20.81
2023-06-01 00:00:00,20.82,20.98,20.41,20.7
2023-06-01 04:00:00,20.7,20.74,20.55,20.61
2023-06-01 08:00:00,20.62,20.73,20.58,20.72
2023-06-01 12:00:00,20.71,20.9,20.62,20.69
2023-06-01 16:00:00,20.69,20.86,20.5,20.68
2023-06-01 20:00:00,20.67,20.71,20.41,20.49
2023-06-02 00:00:00,20.49,20.78,20.3,20.76
2023-06-02 04:00:00,20.77,21.14,20.71,20.98
2023-06-02 08:00:00,20.98,21.3,20.98,21.25
2023-06-02 12:00:00,21.25,21.3,20.95,21.19
2023-06-02 16:00:00,21.18,21.37,21.06,21.29
2023-06-02 20:00:00,21.3,21.37,21.18,21.26
2023-06-03 00:00:00,21.26,21.31,21.07,21.12
2023-06-03 04:00:00,21.12,21.19,21.03,21.17
2023-06-03 08:00:00,21.18,21.24,21.08,21.18
2023-06-03 12:00:00,21.17,21.25,21.08,21.25
2023-06-03 16:00:00,21.24,21.35,21.04,21.06
2023-06-03 20:00:00,21.06,21.19,20.95,21.19
2023-06-04 00:00:00,21.19,21.31,21.03,21.25
2023-06-04 04:00:00,21.26,21.82,21.22,21.6
2023-06-04 08:00:00,21.61,21.73,21.46,21.7
2023-06-04 12:00:00,21.7,22.15,21.69,22.05
2023-06-04 16:00:00,22.04,22.29,21.9,22.21
2023-06-04 20:00:00,22.21,22.3,21.78,21.82
2023-06-05 00:00:00,21.83,22.06,21.51,21.54
2023-06-05 04:00:00,21.53,21.69,21.39,21.66
2023-06-05 08:00:00,21.66,21.69,21.5,21.6
2023-06-05 12:00:00,21.61,21.61,19.84,19.93
2023-06-05 16:00:00,19.92,20.58,19.03,20.03
2023-06-05 20:00:00,20.03,20.14,19.67,20
2023-06-06 00:00:00,20.01,20.03,19.71,20
2023-06-06 04:00:00,19.99,20.12,19.86,20.11
2023-06-06 08:00:00,20.1,20.12,19.82,19.88
2023-06-06 12:00:00,19.88,20.08,19.23,19.94
2023-06-06 16:00:00,19.95,20.66,19.91,20.59
2023-06-06 20:00:00,20.58,20.7,20.23,20.38
2023-06-07 00:00:00,20.38,20.53,20.01,20.15
2023-06-07 04:00:00,20.15,20.25,19.96,20.01
2023-06-07 08:00:00,20.01,20.1,19.57,19.95
2023-06-07 12:00:00,19.95,19.96,19.22,19.32
2023-06-07 16:00:00,19.32,19.32,18.6,18.97
2023-06-07 20:00:00,18.98,18.99,18.5,18.64
2023-06-08 00:00:00,18.64,18.88,18.23,18.47
2023-06-08 04:00:00,18.47,18.78,18.39,18.64
2023-06-08 08:00:00,18.65,18.83,18.55,18.79
2023-06-08 12:00:00,18.79,19,18.71,18.92
2023-06-08 16:00:00,18.92,18.93,18.56,18.86
2023-06-08 20:00:00,18.85,19.11,18.82,18.89
2023-06-09 00:00:00,18.88,18.92,18.59,18.76
2023-06-09 04:00:00,18.76,18.81,18.47,18.59
2023-06-09 08:00:00,18.58,19.37,18.55,19.27
2023-06-09 12:00:00,19.27,19.33,18.49,18.7
2023-06-09 16:00:00,18.71,18.71,17.22,17.39
2023-06-09 20:00:00,17.39,17.75,17.11,17.4
2023-06-10 00:00:00,17.4,17.43,16.03,16.29
2023-06-10 04:00:00,16.29,16.47,12.8,14.42
2023-06-10 08:00:00,14.42,15.07,14.25,14.92
2023-06-10 12:00:00,14.92,14.93,14.42,14.77
2023-06-10 16:00:00,14.77,15.87,14.52,15.32
2023-06-10 20:00:00,15.33,15.89,15.19,15.61
2023-06-11 00:00:00,15.61,15.79,15.39,15.57
2023-06-11 04:00:00,15.57,15.73,15.28,15.4
2023-06-11 08:00:00,15.4,15.71,15.29,15.53
2023-06-11 12:00:00,15.53,15.68,15.11,15.22
2023-06-11 16:00:00,15.22,16.18,15.14,16
2023-06-11 20:00:00,16,16.15,15.37,15.55
2023-06-12 00:00:00,15.55,15.6,14.9,15.1
2023-06-12 04:00:00,15.09,15.31,15,15.09
2023-06-12 08:00:00,15.09,15.69,15.02,15.4
2023-06-12 12:00:00,15.4,15.47,15.14,15.2
2023-06-12 16:00:00,15.2,15.33,14.74,14.96
2023-06-12 20:00:00,14.95,15.39,14.9,15.19
2023-06-13 00:00:00,15.19,15.52,15,15.34
2023-06-13 04:00:00,15.33,15.52,15.12,15.43
2023-06-13 08:00:00,15.43,15.69,15.35,15.64
2023-06-13 12:00:00,15.63,16,14.76,14.8
2023-06-13 16:00:00,14.8,15.16,14.78,14.97
2023-06-13 20:00:00,14.97,15.08,14.86,15.04
2023-06-14 00:00:00,15.03,15.3,14.92,15.25
2023-06-14 04:00:00,15.24,15.27,15,15.05
2023-06-14 08:00:00,15.06,15.24,15.04,15.2
2023-06-14 12:00:00,15.21,15.29,15.01,15.11
2023-06-14 16:00:00,15.1,15.37,14.87,15.09
2023-06-14 20:00:00,15.09,15.13,14.06,14.48
2023-06-15 00:00:00,14.49,15.08,14.42,14.92
2023-06-15 04:00:00,14.92,14.93,14.64,14.81
2023-06-15 08:00:00,14.81,14.92,14.45,14.65
2023-06-15 12:00:00,14.66,14.79,14.37,14.48
2023-06-15 16:00:00,14.48,14.82,14.18,14.77
2023-06-15 20:00:00,14.76,15.07,14.59,14.77
2023-06-16 00:00:00,14.78,14.87,14.63,14.8
2023-06-16 04:00:00,14.8,14.99,14.78,14.85
2023-06-16 08:00:00,14.85,14.95,14.53,14.56
2023-06-16 12:00:00,14.57,15.09,14.38,15
2023-06-16 16:00:00,15.01,15.47,14.89,15.28
2023-06-16 20:00:00,15.28,15.44,15.22,15.31
2023-06-17 00:00:00,15.32,15.43,15.16,15.42
2023-06-17 04:00:00,15.42,16.12,15.36,15.85
2023-06-17 08:00:00,15.86,15.95,15.72,15.77
2023-06-17 12:00:00,15.76,15.92,15.56,15.65
2023-06-17 16:00:00,15.65,15.79,15.62,15.65
2023-06-17 20:00:00,15.66,15.77,15.59,15.64
2023-06-18 00:00:00,15.65,15.67,15.41,15.59
2023-06-18 04:00:00,15.59,15.7,15.47,15.59
2023-06-18 08:00:00,15.59,15.75,15.5,15.72
2023-06-18 12:00:00,15.73,15.79,15.61,15.72
2023-06-18 16:00:00,15.71,15.83,15.68,15.81
2023-06-18 20:00:00,15.82,15.84,15.28,15.45
2023-06-19 00:00:00,15.45,15.58,15.34,15.49
2023-06-19 04:00:00,15.48,15.54,15.41,15.48
2023-06-19 08:00:00,15.48,15.57,15.41,15.56
2023-06-19 12:00:00,15.57,15.7,15.45,15.56
2023-06-19 16:00:00,15.56,15.98,15.43,15.85
2023-06-19 20:00:00,15.85,16.14,15.79,16.1
2023-06-20 00:00:00,16.1,16.3,16,16.02
2023-06-20 04:00:00,16.03,16.13,15.92,15.98
2023-06-20 08:00:00,15.97,15.98,15.8,15.93
2023-06-20 12:00:00,15.93,16.1,15.73,15.95
2023-06-20 16:00:00,15.95,16.5,15.85,16.36
2023-06-20 20:00:00,16.36,16.69,16.28,16.64
2023-06-21 00:00:00,16.65,17.21,16.56,16.76
2023-06-21 04:00:00,16.76,16.97,16.7,16.83
2023-06-21 08:00:00,16.82,16.9,16.64,16.79
2023-06-21 12:00:00,16.79,17.09,16.54,16.89
2023-06-21 16:00:00,16.88,17.29,16.81,17.12
2023-06-21 20:00:00,17.13,17.4,16.95,17.23
2023-06-22 00:00:00,17.23,17.75,17.17,17.53
2023-06-22 04:00:00,17.54,17.56,17.14,17.37
2023-06-22 08:00:00,17.38,17.4,16.62,16.86
2023-06-22 12:00:00,16.85,17.16,16.66,16.9
2023-06-22 16:00:00,16.89,17.11,16.79,16.93
2023-06-22 20:00:00,16.94,16.95,16.57,16.62
2023-06-23 00:00:00,16.62,16.8,16.52,16.78
2023-06-23 04:00:00,16.78,16.86,16.68,16.78
2023-06-23 08:00:00,16.78,16.84,16.54,16.59
2023-06-23 12:00:00,16.6,17.05,16.16,16.98
2023-06-23 16:00:00,16.98,17.27,16.81,17.13
2023-06-23 20:00:00,17.12,17.53,16.92,17.13
2023-06-24 00:00:00,17.14,17.53,17.05,17.37
2023-06-24 04:00:00,17.37,17.42,17.02,17.07
2023-06-24 08:00:00,17.07,17.32,17.06,17.21
2023-06-24 12:00:00,17.22,17.39,16.5,16.62
2023-06-24 16:00:00,16.62,16.8,16.42,16.69
2023-06-24 20:00:00,16.69,16.69,16.37,16.64
2023-06-25 00:00:00,16.64,16.99,16.57,16.98
2023-06-25 04:00:00,16.98,17.37,16.92,17.28
2023-06-25 08:00:00,17.27,17.38,17.02,17.24
2023-06-25 12:00:00,17.25,17.3,16.76,17.12
2023-06-25 16:00:00,17.12,17.28,16.88,16.99
2023-06-25 20:00:00,16.98,17.11,16.8,16.96
2023-06-26 00:00:00,16.96,16.97,16.54,16.75
2023-06-26 04:00:00,16.76,17.06,16.61,16.93
2023-06-26 08:00:00,16.93,16.97,16.72,16.92
2023-06-26 12:00:00,16.92,17.12,16.74,16.82
2023-06-26 16:00:00,16.82,16.82,16.09,16.31
2023-06-26 20:00:00,16.31,16.33,15.89,16.27
2023-06-27 00:00:00,16.27,16.5,16.13,16.5
2023-06-27 04:00:00,16.5,16.74,16.35,16.73
2023-06-27 08:00:00,16.74,16.78,16.51,16.69
2023-06-27 12:00:00,16.7,16.83,16.33,16.39
2023-06-27 16:00:00,16.39,16.81,16.34,16.72
2023-06-27 20:00:00,16.71,16.93,16.48,16.63
2023-06-28 00:00:00,16.63,16.65,16.12,16.39
2023-06-28 04:00:00,16.39,16.39,15.79,15.98
2023-06-28 08:00:00,15.97,16.23,15.91,16.21
2023-06-28 12:00:00,16.21,16.52,16.08,16.33
2023-06-28 16:00:00,16.33,16.41,15.6,15.9
2023-06-28 20:00:00,15.9,16.1,15.77,15.97
2023-06-29 00:00:00,15.98,16.19,15.87,16.03
2023-06-29 04:00:00,16.03,16.35,16,16.26
2023-06-29 08:00:00,16.26,18.28,16.24,18.06
2023-06-29 12:00:00,18.06,18.24,17.26,17.68
2023-06-29 16:00:00,17.67,17.8,17.52,17.73
2023-06-29 20:00:00,17.73,18.06,17.44,17.99
2023-06-30 00:00:00,18,19.08,17.86,18.95
2023-06-30 04:00:00,18.96,19.07,18.41,18.8
2023-06-30 08:00:00,18.79,19.02,18.58,18.88
2023-06-30 12:00:00,18.88,19.56,17.01,18.28
2023-06-30 16:00:00,18.28,20.03,18.17,19.1
2023-06-30 20:00:00,19.1,19.36,18.81,18.86
2023-07-01 00:00:00,18.85,19,18.16,18.3
2023-07-01 04:00:00,18.31,18.48,17.9,18.45
2023-07-01 08:00:00,18.44,18.51,18.19,18.33
2023-07-01 12:00:00,18.34,18.57,18.25,18.44
2023-07-01 16:00:00,18.44,18.49,18.25,18.33
2023-07-01 20:00:00,18.33,18.74,18.33,18.7
2023-07-02 00:00:00,18.7,18.91,18.53,18.76
2023-07-02 04:00:00,18.76,19.5,18.56,19.22
2023-07-02 08:00:00,19.22,19.41,19,19.04
2023-07-02 12:00:00,19.04,19.39,18.77,19.29
2023-07-02 16:00:00,19.29,19.49,19.07,19.36
2023-07-02 20:00:00,19.37,19.74,19.24,19.45
2023-07-03 00:00:00,19.46,19.66,19.17,19.58
2023-07-03 04:00:00,19.57,19.58,19.23,19.43
2023-07-03 08:00:00,19.42,19.51,19.3,19.47
2023-07-03 12:00:00,19.46,19.5,18.94,19.29
2023-07-03 16:00:00,19.28,19.35,19.02,19.28
2023-07-03 20:00:00,19.28,19.32,18.87,19.26
2023-07-04 00:00:00,19.25,19.5,19.21,19.29
2023-07-04 04:00:00,19.29,19.32,19.06,19.1
2023-07-04 08:00:00,19.09,19.25,19.07,19.23
2023-07-04 12:00:00,19.23,19.94,19.21,19.84
2023-07-04 16:00:00,19.84,19.86,19.3,19.5
2023-07-04 20:00:00,19.5,19.57,19.09,19.13
2023-07-05 00:00:00,19.14,19.3,19.1,19.28
2023-07-05 04:00:00,19.29,19.38,19.19,19.32
2023-07-05 08:00:00,19.32,19.53,18.32,18.71
2023-07-05 12:00:00,18.7,18.9,18.44,18.59
2023-07-05 16:00:00,18.59,18.88,18.51,18.6
2023-07-05 20:00:00,18.6,19.04,18.54,19
2023-07-06 00:00:00,18.99,19.75,18.95,19.46
2023-07-06 04:00:00,19.45,19.74,19.32,19.59
2023-07-06 08:00:00,19.6,20.36,19.54,19.9
2023-07-06 12:00:00,19.89,19.92,18.82,19.71
2023-07-06 16:00:00,19.7,21,19.5,20.91
2023-07-06 20:00:00,20.91,20.98,19.6,19.61
2023-07-07 00:00:00,19.61,20.52,19.45,20.21
2023-07-07 04:00:00,20.2,20.3,19.26,19.46
2023-07-07 08:00:00,19.45,20.35,19.26,20.17
2023-07-07 12:00:00,20.17,21.9,20.17,21.23
2023-07-07 16:00:00,21.22,21.54,21.04,21.43
2023-07-07 20:00:00,21.43,21.86,21.15,21.5
2023-07-08 00:00:00,21.51,21.99,21.43,21.7
2023-07-08 04:00:00,21.7,22.13,21.32,21.99
2023-07-08 08:00:00,21.98,22.5,21.79,21.94
2023-07-08 12:00:00,21.93,21.99,21.37,21.52
2023-07-08 16:00:00,21.52,22,21.4,21.62
2023-07-08 20:00:00,21.62,21.99,21.42,21.81
2023-07-09 00:00:00,21.82,22.38,21.53,21.66
2023-07-09 04:00:00,21.67,21.87,21.4,21.56
2023-07-09 08:00:00,21.57,21.89,21.5,21.62
2023-07-09 12:00:00,21.62,21.85,21.1,21.25
2023-07-09 16:00:00,21.25,21.4,21.17,21.29
2023-07-09 20:00:00,21.29,21.48,20.99,21.32
2023-07-10 00:00:00,21.32,21.37,20.78,21.25
2023-07-10 04:00:00,21.25,21.28,20.56,20.74
2023-07-10 08:00:00,20.73,20.88,20.47,20.8
2023-07-10 12:00:00,20.8,21.3,20.66,21.15
2023-07-10 16:00:00,21.16,21.62,20.91,21.58
2023-07-10 20:00:00,21.59,21.81,21.08,21.3
2023-07-11 00:00:00,21.3,21.8,21.2,21.74
2023-07-11 04:00:00,21.74,22.26,21.7,22.11
2023-07-11 08:00:00,22.11,22.15,21.83,22.05
2023-07-11 12:00:00,22.04,22.37,21.87,22.13
2023-07-11 16:00:00,22.14,22.19,21.9,21.97
2023-07-11 20:00:00,21.97,22.11,21.74,22.07
2023-07-12 00:00:00,22.06,22.27,21.89,21.91
2023-07-12 04:00:00,21.91,22.16,21.86,22.03
2023-07-12 08:00:00,22.02,22.18,21.94,22.13
2023-07-12 12:00:00,22.13,22.8,21.98,22.42
2023-07-12 16:00:00,22.42,22.47,21.74,21.84
2023-07-12 20:00:00,21.84,22.14,21.76,21.94
2023-07-13 00:00:00,21.93,22.02,21.56,21.65
2023-07-13 04:00:00,21.65,21.95,21.42,21.76
2023-07-13 08:00:00,21.77,22.49,21.72,22.41
2023-07-13 12:00:00,22.42,25.4,22.11,24.06
2023-07-13 16:00:00,24.06,26.82,24.06,26.2
2023-07-13 20:00:00,26.19,26.21,25.36,26.01
2023-07-14 00:00:00,26.01,32.13,25.6,28.54
2023-07-14 04:00:00,28.54,28.91,28.22,28.71
2023-07-14 08:00:00,28.71,29.98,27.64,28.05
2023-07-14 12:00:00,28.05,28.34,27.38,28.17
2023-07-14 16:00:00,28.17,28.24,25.56,26.07
2023-07-14 20:00:00,26.07,26.91,25.23,26.67
2023-07-15 00:00:00,26.67,28.02,26.45,27.15
2023-07-15 04:00:00,27.15,28.94,27.12,28.73
2023-07-15 08:00:00,28.72,29.12,28.44,28.93
2023-07-15 12:00:00,28.93,29.04,27.42,27.56
2023-07-15 16:00:00,27.56,28.19,27.01,27.9
2023-07-15 20:00:00,27.9,27.9,27.21,27.46
2023-07-16 00:00:00,27.47,27.95,26.46,27.03
2023-07-16 04:00:00,27.03,27.94,27.03,27.7
2023-07-16 08:00:00,27.7,28.33,27.65,28.06
2023-07-16 12:00:00,28.07,28.7,27.92,28.1
2023-07-16 16:00:00,28.1,28.12,27.32,27.37
2023-07-16 20:00:00,27.36,27.77,27.07,27.42
2023-07-17 00:00:00,27.41,28.44,27.2,28.02
2023-07-17 04:00:00,28.01,28.49,27.35,27.64
2023-07-17 08:00:00,27.63,27.64,26.55,27.13
2023-07-17 12:00:00,27.14,27.39,26.36,27.01
2023-07-17 16:00:00,27.01,27.26,25.55,26.18
2023-07-17 20:00:00,26.18,27,26.15,26.8
2023-07-18 00:00:00,26.8,27.09,26.41,26.56
2023-07-18 04:00:00,26.57,26.61,25.66,25.71
2023-07-18 08:00:00,25.71,26.12,24.87,25.02
2023-07-18 12:00:00,25.02,25.69,24.76,25.53
2023-07-18 16:00:00,25.52,25.78,24.87,25.29
2023-07-18 20:00:00,25.3,25.58,25.05,25.54
2023-07-19 00:00:00,25.54,26.59,25.35,26.4
2023-07-19 04:00:00,26.4,26.52,26.08,26.21
2023-07-19 08:00:00,26.21,26.5,25.67,26.48
2023-07-19 12:00:00,26.48,26.73,25.83,26.37
2023-07-19 16:00:00,26.36,26.87,26.19,26.76
2023-07-19 20:00:00,26.33,26.56,26.26,26.31
2023-07-20 00:00:00,26.31,26.81,26.14,26.49
2023-07-20 04:00:00,26.49,26.95,26.31,26.87
2023-07-20 08:00:00,26.86,27.38,26.8,27.16
2023-07-20 12:00:00,27.15,27.24,25.57,25.69
2023-07-20 16:00:00,25.69,25.77,25.21,25.39
2023-07-20 20:00:00,25.4,25.68,25.03,25.38
2023-07-21 00:00:00,25.38,25.62,25.08,25.49
2023-07-21 04:00:00,25.49,25.51,25.13,25.18
2023-07-21 08:00:00,25.17,25.47,25.06,25.28
2023-07-21 12:00:00,25.28,25.6,25.25,25.31
2023-07-21 16:00:00,25.3,26,25.17,25.79
2023-07-21 20:00:00,25.8,25.91,25.46,25.5
2023-07-22 00:00:00,25.51,25.97,25.45,25.84
2023-07-22 04:00:00,25.84,25.86,25.59,25.77
2023-07-22 08:00:00,25.77,25.89,25.4,25.6
2023-07-22 12:00:00,25.6,25.76,25.51,25.68
2023-07-22 16:00:00,25.69,25.75,25.22,25.29
2023-07-22 20:00:00,25.3,25.37,24,24.52
2023-07-23 00:00:00,24.52,24.8,24.15,24.71
2023-07-23 04:00:00,24.72,24.91,24.62,24.68
2023-07-23 08:00:00,24.69,24.86,24.63,24.67
2023-07-23 12:00:00,24.67,24.71,24.51,24.69
2023-07-23 16:00:00,24.69,25.26,24.69,24.9
2023-07-23 20:00:00,24.9,25,24.52,24.76
2023-07-24 00:00:00,24.76,24.83,24.23,24.35
2023-07-24 04:00:00,24.34,24.69,24.07,24.58
2023-07-24 08:00:00,24.57,24.63,23.05,23.63
2023-07-24 12:00:00,23.62,23.68,22.89,23.21
2023-07-24 16:00:00,23.21,23.5,23.07,23.31
2023-07-24 20:00:00,23.31,23.61,23.23,23.37
2023-07-25 00:00:00,23.36,23.52,23.13,23.37
2023-07-25 04:00:00,23.38,23.39,22.96,23.09
2023-07-25 08:00:00,23.09,23.4,23.03,23.17
2023-07-25 12:00:00,23.18,23.6,22.73,23.22
2023-07-25 16:00:00,23.22,23.46,23.07,23.17
2023-07-25 20:00:00,23.16,23.36,23.12,23.27
2023-07-26 00:00:00,23.28,23.69,23.17,23.52
2023-07-26 04:00:00,23.51,23.62,23.37,23.48
2023-07-26 08:00:00,23.47,23.98,23.43,23.82
2023-07-26 12:00:00,23.82,25,23.81,24.91
2023-07-26 16:00:00,24.92,25.68,24.5,25.37
2023-07-26 20:00:00,25.37,25.59,25.07,25.17
2023-07-27 00:00:00,25.18,25.53,24.66,24.93
2023-07-27 04:00:00,24.93,25.36,24.93,25.02
2023-07-27 08:00:00,25.01,25.5,24.92,25.39
2023-07-27 12:00:00,25.38,25.65,25.04,25.16
2023-07-27 16:00:00,25.15,25.34,24.71,24.94
2023-07-27 20:00:00,24.95,25.25,24.76,25.1
2023-07-28 00:00:00,25.1,25.4,24.83,24.94
2023-07-28 04:00:00,24.94,25.03,24.56,24.63
2023-07-28 08:00:00,24.63,24.84,24.54,24.63
2023-07-28 12:00:00,24.63,25.56,24.63,25.23
2023-07-28 16:00:00,25.23,25.42,24.83,25.05
2023-07-28 20:00:00,25.04,25.12,24.81,24.82
2023-07-29 00:00:00,24.82,25.21,24.75,25.13
2023-07-29 04:00:00,25.13,25.25,25.04,25.07
2023-07-29 08:00:00,25.07,25.18,24.94,24.97
2023-07-29 12:00:00,24.96,25.21,24.92,25.08
2023-07-29 16:00:00,25.07,25.35,25.03,25.22
2023-07-29 20:00:00,25.22,25.39,25.13,25.17
2023-07-30 00:00:00,25.17,25.21,25.01,25.02
2023-07-30 04:00:00,25.02,25.13,24.84,24.93
2023-07-30 08:00:00,24.93,25.06,24.83,24.97
2023-07-30 12:00:00,24.97,25.1,24.73,24.9
2023-07-30 16:00:00,24.89,25,23.87,24.24
2023-07-30 20:00:00,24.24,24.33,23.47,24.25
2023-07-31 00:00:00,24.25,24.79,24.12,24.64
2023-07-31 04:00:00,24.65,24.69,24.37,24.49
2023-07-31 08:00:00,24.49,24.6,24.35,24.46
2023-07-31 12:00:00,24.46,24.71,23.91,23.92
2023-07-31 16:00:00,23.93,24.15,23.52,23.68
2023-07-31 20:00:00,23.68,23.93,23.56,23.73
2023-08-01 00:00:00,23.72,23.99,22.88,23.4
2023-08-01 04:00:00,23.39,23.65,23.26,23.48
2023-08-01 08:00:00,23.48,23.63,23.3,23.33
2023-08-01 12:00:00,23.34,23.48,22.84,23.27
2023-08-01 16:00:00,23.27,23.8,23.19,23.62
2023-08-01 20:00:00,23.62,24.07,23.47,24.05
2023-08-02 00:00:00,24.06,24.29,23.64,23.67
2023-08-02 04:00:00,23.67,23.81,23.58,23.64
2023-08-02 08:00:00,23.63,23.72,23.42,23.68
2023-08-02 12:00:00,23.69,23.72,23.1,23.26
2023-08-02 16:00:00,23.25,23.33,22.82,23.18
2023-08-02 20:00:00,23.17,23.33,23.01,23.15
2023-08-03 00:00:00,23.14,23.38,23.07,23.24
2023-08-03 04:00:00,23.25,23.28,22.44,22.71
2023-08-03 08:00:00,22.71,22.85,22.45,22.75
2023-08-03 12:00:00,22.75,23.11,22.6,22.79
2023-08-03 16:00:00,22.8,23.08,22.7,22.89
2023-08-03 20:00:00,22.89,23.11,22.47,22.65
2023-08-04 00:00:00,22.65,22.79,22.48,22.74
2023-08-04 04:00:00,22.75,23.02,22.65,22.97
2023-08-04 08:00:00,22.96,23.07,22.83,22.91
2023-08-04 12:00:00,22.91,23.57,22.86,23.35
2023-08-04 16:00:00,23.36,23.46,22.76,22.94
2023-08-04 20:00:00,22.94,23.03,22.49,22.8
2023-08-05 00:00:00,22.8,22.83,22.49,22.73
2023-08-05 04:00:00,22.72,22.88,22.56,22.77
2023-08-05 08:00:00,22.77,22.94,22.71,22.79
2023-08-05 12:00:00,22.79,22.81,22.49,22.59
2023-08-05 16:00:00,22.59,22.7,22.23,22.59
2023-08-05 20:00:00,22.59,22.7,22.49,22.65
2023-08-06 00:00:00,22.66,22.9,22.58,22.84
2023-08-06 04:00:00,22.83,23.13,22.82,23.02
2023-08-06 08:00:00,23.03,23.48,22.99,23.21
2023-08-06 12:00:00,23.21,23.26,22.85,23.03
2023-08-06 16:00:00,23.02,23.3,22.92,23.21
2023-08-06 20:00:00,23.22,23.39,23.06,23.2
2023-08-07 00:00:00,23.2,23.67,23.02,23.31
2023-08-07 04:00:00,23.31,23.43,22.99,23.15
2023-08-07 08:00:00,23.15,23.16,23.01,23.09
2023-08-07 12:00:00,23.09,23.17,22.66,22.77
2023-08-07 16:00:00,22.76,23.07,22.27,22.97
2023-08-07 20:00:00,22.98,23.12,22.92,23.12
2023-08-08 00:00:00,23.11,23.24,23.02,23.15
2023-08-08 04:00:00,23.16,23.39,23.11,23.23
2023-08-08 08:00:00,23.23,23.39,23.16,23.38
2023-08-08 12:00:00,23.38,23.91,23.17,23.73
2023-08-08 16:00:00,23.74,24.79,23.71,24.59
2023-08-08 20:00:00,24.59,24.66,24.05,24.22
2023-08-09 00:00:00,24.22,24.49,24.16,24.31
2023-08-09 04:00:00,24.3,24.63,24.27,24.57
2023-08-09 08:00:00,24.57,24.98,24.53,24.85
2023-08-09 12:00:00,24.85,24.99,24.43,24.56
2023-08-09 16:00:00,24.56,24.6,24.23,24.3
2023-08-09 20:00:00,24.3,24.47,24.1,24.38
2023-08-10 00:00:00,24.39,24.54,24.21,24.23
2023-08-10 04:00:00,24.24,24.39,24.13,24.32
2023-08-10 08:00:00,24.32,24.5,24.24,24.4
2023-08-10 12:00:00,24.4,24.89,24.36,24.56
2023-08-10 16:00:00,24.56,24.63,24.36,24.6
2023-08-10 20:00:00,24.6,24.75,24.56,24.62
2023-08-11 00:00:00,24.63,24.93,24.63,24.68
2023-08-11 04:00:00,24.69,24.82,24.47,24.49
2023-08-11 08:00:00,24.49,24.57,24.39,24.53
2023-08-11 12:00:00,24.53,24.88,24.4,24.55
2023-08-11 16:00:00,24.55,24.66,24.34,24.45
2023-08-11 20:00:00,24.45,24.66,24.38,24.62
2023-08-12 00:00:00,24.63,24.76,24.4,24.48
2023-08-12 04:00:00,24.48,24.57,24.42,24.54
2023-08-12 08:00:00,24.54,24.56,24.45,24.55
2023-08-12 12:00:00,24.55,24.71,24.5,24.66
2023-08-12 16:00:00,24.67,24.85,24.64,24.75
2023-08-12 20:00:00,24.74,25.24,24.71,24.91
2023-08-13 00:00:00,24.91,24.95,24.67,24.9
2023-08-13 04:00:00,24.9,24.91,24.65,24.77
2023-08-13 08:00:00,24.77,24.88,24.66,24.69
2023-08-13 12:00:00,24.69,24.76,24.47,24.59
2023-08-13 16:00:00,24.58,24.69,24.32,24.66
2023-08-13 20:00:00,24.67,24.68,24.21,24.23
2023-08-14 00:00:00,24.22,24.44,24.06,24.4
2023-08-14 04:00:00,24.4,24.52,24.38,24.41
2023-08-14 08:00:00,24.42,24.6,24.41,24.51
2023-08-14 12:00:00,24.52,24.89,24.33,24.82
2023-08-14 16:00:00,24.82,25.3,24.53,24.83
2023-08-14 20:00:00,24.83,25.23,24.77,25.18
2023-08-15 00:00:00,25.19,25.42,24.89,25
2023-08-15 04:00:00,24.99,25.06,24.71,24.89
2023-08-15 08:00:00,24.88,25.06,24.73,24.83
2023-08-15 12:00:00,24.84,25,24.66,24.72
2023-08-15 16:00:00,24.72,24.84,23.75,24.05
2023-08-15 20:00:00,24.05,24.16,23.74,23.9
2023-08-16 00:00:00,23.91,24.03,23.62,23.69
2023-08-16 04:00:00,23.69,23.78,23.35,23.45
2023-08-16 08:00:00,23.45,23.57,23.21,23.51
2023-08-16 12:00:00,23.5,23.5,22.93,23.09
2023-08-16 16:00:00,23.08,23.64,22.87,23.34
2023-08-16 20:00:00,23.34,23.41,22.36,22.82
2023-08-17 00:00:00,22.82,23.43,22.46,23.31
2023-08-17 04:00:00,23.31,23.39,23.21,23.25
2023-08-17 08:00:00,23.26,23.3,22.99,23.08
2023-08-17 12:00:00,23.09,23.43,22.57,22.87
2023-08-17 16:00:00,22.87,23.32,22.61,23.09
2023-08-17 20:00:00,23.09,23.12,20,21.66
2023-08-18 00:00:00,21.67,22.03,21.3,21.56
2023-08-18 04:00:00,21.56,22.2,21.39,22.08
2023-08-18 08:00:00,22.08,22.18,21.81,22.02
2023-08-18 12:00:00,22.03,22.06,21.55,21.6
2023-08-18 16:00:00,21.6,21.75,20.9,21.29
2023-08-18 20:00:00,21.28,21.51,21.23,21.34
2023-08-19 00:00:00,21.34,21.66,21.29,21.43
2023-08-19 04:00:00,21.42,21.85,21.37,21.83
2023-08-19 08:00:00,21.83,21.89,21.6,21.65
2023-08-19 12:00:00,21.65,21.99,21.63,21.97
2023-08-19 16:00:00,21.98,22.18,21.79,21.88
2023-08-19 20:00:00,21.88,21.91,21.71,21.9
2023-08-20 00:00:00,21.89,21.96,21.74,21.81
2023-08-20 04:00:00,21.81,21.82,21.57,21.74
2023-08-20 08:00:00,21.74,22.04,21.64,21.97
2023-08-20 12:00:00,21.96,21.98,21.67,21.8
2023-08-20 16:00:00,21.8,21.88,21.58,21.79
2023-08-20 20:00:00,21.8,21.95,21.72,21.77
2023-08-21 00:00:00,21.78,21.79,21.36,21.4
2023-08-21 04:00:00,21.4,21.7,21.29,21.35
2023-08-21 08:00:00,21.34,21.36,20.96,21.23
2023-08-21 12:00:00,21.23,21.4,20.3,20.71
2023-08-21 16:00:00,20.71,21.38,20.66,21.28
2023-08-21 20:00:00,21.29,21.41,21.19,21.2
2023-08-22 00:00:00,21.2,21.26,21.03,21.11
2023-08-22 04:00:00,21.1,21.19,20.96,21.18
2023-08-22 08:00:00,21.18,21.21,20.93,20.94
2023-08-22 12:00:00,20.93,21.07,20.58,20.69
2023-08-22 16:00:00,20.69,20.73,20,20.07
2023-08-22 20:00:00,20.06,20.7,19.35,20.59
2023-08-23 00:00:00,20.59,20.76,20.47,20.59
2023-08-23 04:00:00,20.59,20.9,20.49,20.75
2023-08-23 08:00:00,20.76,20.94,20.61,20.63
2023-08-23 12:00:00,20.63,20.99,20.33,20.92
2023-08-23 16:00:00,20.92,21.69,20.9,21.5
2023-08-23 20:00:00,21.5,21.82,21.27,21.74
2023-08-24 00:00:00,21.74,21.81,21.6,21.76
2023-08-24 04:00:00,21.77,22.02,21.67,21.74
2023-08-24 08:00:00,21.74,21.92,21.62,21.78
2023-08-24 12:00:00,21.79,21.79,21.01,21.03
2023-08-24 16:00:00,21.04,21.2,20.74,20.93
2023-08-24 20:00:00,20.93,21.09,20.67,21.06
2023-08-25 00:00:00,21.05,21.06,20.47,20.74
2023-08-25 04:00:00,20.74,20.76,20.42,20.56
2023-08-25 08:00:00,20.56,20.77,20.56,20.68
2023-08-25 12:00:00,20.69,20.89,20.25,20.34
2023-08-25 16:00:00,20.35,20.47,20.09,20.24
2023-08-25 20:00:00,20.23,20.43,20.18,20.42
2023-08-26 00:00:00,20.42,20.42,20.22,20.41
2023-08-26 04:00:00,20.4,20.44,20.21,20.31
2023-08-26 08:00:00,20.31,20.36,20.24,20.3
2023-08-26 12:00:00,20.29,20.4,20.19,20.37
2023-08-26 16:00:00,20.37,20.39,20.2,20.35
2023-08-26 20:00:00,20.34,20.37,20.24,20.29
2023-08-27 00:00:00,20.28,20.39,20.24,20.3
2023-08-27 04:00:00,20.29,20.43,20.28,20.38
2023-08-27 08:00:00,20.39,20.74,20.37,20.57
2023-08-27 12:00:00,20.57,20.92,20.55,20.75
2023-08-27 16:00:00,20.74,20.8,20.55,20.77
2023-08-27 20:00:00,20.78,20.84,20.62,20.79
2023-08-28 00:00:00,20.79,20.79,20.43,20.49
2023-08-28 04:00:00,20.48,20.51,20.21,20.39
2023-08-28 08:00:00,20.39,20.4,20.03,20.37
2023-08-28 12:00:00,20.36,20.8,20.34,20.54
2023-08-28 16:00:00,20.54,20.68000,20.38,20.47
2023-08-28 20:00:00,20.47,20.64,20.37,20.56
2023-08-29 00:00:00,20.57,20.77,20.43,20.51
2023-08-29 04:00:00,20.5,20.53,20.22,20.27
2023-08-29 08:00:00,20.26,20.34,20.12,20.15
2023-08-29 12:00:00,20.15,22.05,20.12,21.32
2023-08-29 16:00:00,21.33,21.96,21.2,21.58
2023-08-29 20:00:00,21.58,21.96,21.58,21.79
2023-08-30 00:00:00,21.79,21.99,21.47,21.64
2023-08-30 04:00:00,21.63,21.75,21.54,21.64
2023-08-30 08:00:00,21.63,21.72,21.38,21.42
2023-08-30 12:00:00,21.42,21.52,20.66,20.84
2023-08-30 16:00:00,20.83,20.86,20.6,20.68
2023-08-30 20:00:00,20.68,20.9,20.66,20.82
2023-08-31 00:00:00,20.82,20.82,20.61,20.64
2023-08-31 04:00:00,20.64,20.85,20.63,20.78
2023-08-31 08:00:00,20.77,21.07,20.68,20.89
2023-08-31 12:00:00,20.89,20.9,20.22,20.33
2023-08-31 16:00:00,20.33,20.34,19.43,19.83
2023-08-31 20:00:00,19.83,19.84,19.43,19.74
2023-09-01 00:00:00,19.74,19.93,19.7,19.89
2023-09-01 04:00:00,19.89,19.93,19.77,19.8
2023-09-01 08:00:00,19.81,19.91,19.73,19.84
2023-09-01 12:00:00,19.85,19.93,19.28,19.39
2023-09-01 16:00:00,19.4,19.56,19.02,19.27
2023-09-01 20:00:00,19.28,19.52,19.21,19.33
2023-09-02 00:00:00,19.33,19.59,19.31,19.57
2023-09-02 04:00:00,19.58,19.66,19.45,19.58
2023-09-02 08:00:00,19.58,19.66,19.5,19.57
2023-09-02 12:00:00,19.57,19.69,19.37,19.56
2023-09-02 16:00:00,19.55,19.6,19.13,19.41
2023-09-02 20:00:00,19.4,19.55,19.36,19.5
2023-09-03 00:00:00,19.5,19.67,19.46,19.63
2023-09-03 04:00:00,19.64,19.65,19.47,19.52
2023-09-03 08:00:00,19.53,19.54,19.32,19.42
2023-09-03 12:00:00,19.42,19.57,19.3,19.34
2023-09-03 16:00:00,19.34,19.57,19.23,19.48
2023-09-03 20:00:00,19.49,19.64,19.43,19.57
2023-09-04 00:00:00,19.57,20.05,19.55,19.76
2023-09-04 04:00:00,19.76,19.86,19.61,19.78
2023-09-04 08:00:00,19.77,19.88,19.58,19.58
2023-09-04 12:00:00,19.58,19.65,19.23,19.41
2023-09-04 16:00:00,19.4,19.55,19.33,19.43
2023-09-04 20:00:00,19.43,19.53,19.15,19.52
2023-09-05 00:00:00,19.52,19.56,19.03,19.21
2023-09-05 04:00:00,19.21,19.48,19.21,19.4
2023-09-05 08:00:00,19.41,19.63,19.25,19.55
2023-09-05 12:00:00,19.55,20.6,19.49,20.41
2023-09-05 16:00:00,20.4,20.58,20.17,20.23
2023-09-05 20:00:00,20.24,20.36,20.07,20.26
2023-09-06 00:00:00,20.26,20.39,20.1,20.14
2023-09-06 04:00:00,20.15,20.17,19.69,19.74
2023-09-06 08:00:00,19.73,19.87,19.7,19.76
2023-09-06 12:00:00,19.75,19.83,19.14,19.38
2023-09-06 16:00:00,19.39,19.87,19.14,19.47
2023-09-06 20:00:00,19.47,19.66,19.47,19.64
2023-09-07 00:00:00,19.63,19.82,19.57,19.75
2023-09-07 04:00:00,19.76,19.83,19.55,19.55
2023-09-07 08:00:00,19.55,19.6,19.36,19.4
2023-09-07 12:00:00,19.39,19.62,19.32,19.52
2023-09-07 16:00:00,19.53,19.76,19.52,19.67
2023-09-07 20:00:00,19.66,20,19.61,19.92
2023-09-08 00:00:00,19.92,20.28,19.83,20.01
2023-09-08 04:00:00,20.02,20.09,19.82,19.9
2023-09-08 08:00:00,19.9,19.92,19.37,19.56
2023-09-08 12:00:00,19.55,19.7,19.49,19.52
2023-09-08 16:00:00,19.52,19.57,19.38,19.57
2023-09-08 20:00:00,19.56,19.65,19.48,19.61
2023-09-09 00:00:00,19.6,19.61,19.47,19.54
2023-09-09 04:00:00,19.53,19.59,19.46,19.46
2023-09-09 08:00:00,19.46,19.58,19.45,19.56
2023-09-09 12:00:00,19.57,19.59,19.47,19.53
2023-09-09 16:00:00,19.53,19.57,19.38,19.43
2023-09-09 20:00:00,19.43,19.54,19.42,19.44
2023-09-10 00:00:00,19.43,19.44,19.19,19.2
2023-09-10 04:00:00,19.2,19.21,18,18.53
2023-09-10 08:00:00,18.52,18.52,18.24,18.33
2023-09-10 12:00:00,18.33,18.46,17.78,18.22
2023-09-10 16:00:00,18.22,18.27,17.81,18.19
2023-09-10 20:00:00,18.18,18.6,18.13,18.24
2023-09-11 00:00:00,18.23,18.46,17.98,18.36
2023-09-11 04:00:00,18.35,18.43,18.15,18.19
2023-09-11 08:00:00,18.2,18.22,17.36,17.67
2023-09-11 12:00:00,17.67,18.01,17.33,17.84
2023-09-11 16:00:00,17.84,18,17.42,17.52
2023-09-11 20:00:00,17.52,17.76,17.42,17.72
2023-09-12 00:00:00,17.72,18.53,17.57,18.19
2023-09-12 04:00:00,18.19,18.28,17.86,17.98
2023-09-12 08:00:00,17.98,18.8,17.93,18.3
2023-09-12 12:00:00,18.3,18.41,17.91,18
2023-09-12 16:00:00,18,18.32,17.68,17.93
2023-09-12 20:00:00,17.93,18.06,17.86,17.92
2023-09-13 00:00:00,17.91,18.18,17.78,17.83
2023-09-13 04:00:00,17.82,18.56,17.69,17.89
2023-09-13 08:00:00,17.9,18.29,17.86,18.18
2023-09-13 12:00:00,18.18,18.55,17.95,18.36
2023-09-13 16:00:00,18.36,18.54,17.89,18.36
2023-09-13 20:00:00,18.36,18.51,18.25,18.4
2023-09-14 00:00:00,18.4,19.33,18.38,18.94
2023-09-14 04:00:00,18.93,18.94,18.61,18.79
2023-09-14 08:00:00,18.79,18.91,18.54,18.85
2023-09-14 12:00:00,18.85,19.19,18.74,18.97
2023-09-14 16:00:00,18.97,19.13,18.87,19.04
2023-09-14 20:00:00,19.04,19.1,18.79,18.85
2023-09-15 00:00:00,18.85,19.19,18.73,19.14
2023-09-15 04:00:00,19.14,19.29,19.03,19.08
2023-09-15 08:00:00,19.08,19.24,19,19.01
2023-09-15 12:00:00,19.01,19.06,18.73,18.88
2023-09-15 16:00:00,18.89,18.91,18.55,18.73
2023-09-15 20:00:00,18.74,19.5,18.67,19.14
2023-09-16 00:00:00,19.15,19.46,19.05,19.21
2023-09-16 04:00:00,19.22,19.38,19.06,19.11
2023-09-16 08:00:00,19.11,19.25,19.04,19.15
2023-09-16 12:00:00,19.15,19.19,18.86,18.97
2023-09-16 16:00:00,18.96,19.14,18.92,18.97
2023-09-16 20:00:00,18.96,19.15,18.95,19.12
2023-09-17 00:00:00,19.12,19.14,18.74,19.03
2023-09-17 04:00:00,19.03,19.06,18.89,18.9
2023-09-17 08:00:00,18.91,19.11,18.88,19.04
2023-09-17 12:00:00,19.03,19.08,18.95,18.98
2023-09-17 16:00:00,18.97,19,18.75,18.9
2023-09-17 20:00:00,18.9,18.9,18.63,18.81
2023-09-18 00:00:00,18.81,19.29,18.58,19.2
2023-09-18 04:00:00,19.2,19.31,18.99,19.13
2023-09-18 08:00:00,19.12,19.75,19.09,19.58000
2023-09-18 12:00:00,19.58,20.15,19.53,19.95
2023-09-18 16:00:00,19.96,20.06,19.5,19.78
2023-09-18 20:00:00,19.78,19.9,19.61,19.64
2023-09-19 00:00:00,19.65,19.98,19.58,19.96
2023-09-19 04:00:00,19.97,19.97,19.74,19.79
2023-09-19 08:00:00,19.79,20.42,19.76,20.21
2023-09-19 12:00:00,20.21,20.22,19.82,20.13
2023-09-19 16:00:00,20.13,20.15,19.83,19.94
2023-09-19 20:00:00,19.94,20.09,19.84,20.03
2023-09-20 00:00:00,20.02,20.24,19.85,19.91
2023-09-20 04:00:00,19.91,19.97,19.8,19.95
2023-09-20 08:00:00,19.95,20.18,19.87,20.06
2023-09-20 12:00:00,20.05,20.37,19.9,20.19
2023-09-20 16:00:00,20.2,20.54,19.88,20.12
2023-09-20 20:00:00,20.13,20.45,20.1,20.29
2023-09-21 00:00:00,20.29,20.29,19.92,20.18
2023-09-21 04:00:00,20.18,20.19,19.76,19.92
2023-09-21 08:00:00,19.92,19.96,19.5,19.59
2023-09-21 12:00:00,19.59,19.65,19.29,19.6
2023-09-21 16:00:00,19.61,19.71,19.53,19.62
2023-09-21 20:00:00,19.62,19.63,19.42,19.46
2023-09-22 00:00:00,19.45,19.69,19.23,19.66
2023-09-22 04:00:00,19.66,19.73,19.54,19.63
2023-09-22 08:00:00,19.63,19.81,19.58,19.69
2023-09-22 12:00:00,19.68,19.73,19.45,19.47
2023-09-22 16:00:00,19.47,19.5,19.3,19.35
2023-09-22 20:00:00,19.36,19.49,19.15,19.43
2023-09-23 00:00:00,19.42,19.57,19.29,19.38
2023-09-23 04:00:00,19.37,19.53,19.32,19.52
2023-09-23 08:00:00,19.52,19.54,19.44,19.52
2023-09-23 12:00:00,19.51,19.53,19.3,19.32
2023-09-23 16:00:00,19.31,19.49,19.29,19.46
2023-09-23 20:00:00,19.47,19.49,19.38,19.49
2023-09-24 00:00:00,19.48,19.66,19.44,19.57
2023-09-24 04:00:00,19.57,19.65,19.49,19.62
2023-09-24 08:00:00,19.62,19.68,19.53,19.6
2023-09-24 12:00:00,19.6,19.65,19.44,19.53
2023-09-24 16:00:00,19.53,19.66,19.43,19.46
2023-09-24 20:00:00,19.46,19.53,19.2,19.36
2023-09-25 00:00:00,19.36,19.6,19.07,19.47
2023-09-25 04:00:00,19.48,19.54,19.34,19.48
2023-09-25 08:00:00,19.49,19.58,19.4,19.55
2023-09-25 12:00:00,19.55,19.68,19.44,19.57
2023-09-25 16:00:00,19.58,19.74,19.46,19.52
2023-09-25 20:00:00,19.52,19.57,19.35,19.39
2023-09-26 00:00:00,19.39,19.53,19.29,19.44
2023-09-26 04:00:00,19.45,19.49,19.3,19.33
2023-09-26 08:00:00,19.33,19.43,19.24,19.39
2023-09-26 12:00:00,19.39,19.41,19.13,19.17
2023-09-26 16:00:00,19.16,19.3,19.12,19.24
2023-09-26 20:00:00,19.24,19.27,18.84,19.03
2023-09-27 00:00:00,19.03,19.13,18.94,19.03
2023-09-27 04:00:00,19.03,19.05,18.9,18.95
2023-09-27 08:00:00,18.95,19.48,18.87,19.39
2023-09-27 12:00:00,19.39,19.46,18.76,18.95
2023-09-27 16:00:00,18.94,19.03,18.73,18.98
2023-09-27 20:00:00,18.97,19.16,18.88,19.14
2023-09-28 00:00:00,19.13,19.44,19.1,19.21
2023-09-28 04:00:00,19.21,19.28,19.17,19.22
2023-09-28 08:00:00,19.22,19.30000,19.1,19.17
2023-09-28 12:00:00,19.17,19.62,19.15,19.59
2023-09-28 16:00:00,19.6,19.73,19.43,19.71
2023-09-28 20:00:00,19.71,19.98,19.58,19.96
2023-09-29 00:00:00,19.97,20.33,19.85,20.2
2023-09-29 04:00:00,20.2,20.35,20.05,20.27
2023-09-29 08:00:00,20.27,20.31,20.04,20.09
2023-09-29 12:00:00,20.08,20.46,20.03,20.34
2023-09-29 16:00:00,20.33,20.35,20.08,20.24
2023-09-29 20:00:00,20.25,20.36,20.2,20.28
2023-09-30 00:00:00,20.28,20.45,20.2,20.21
2023-09-30 04:00:00,20.22,20.35,20.07,20.31
2023-09-30 08:00:00,20.32,20.4,20.26,20.28
2023-09-30 12:00:00,20.29,21.65,20.28,21.43
2023-09-30 16:00:00,21.44,21.81,21.25,21.41
2023-09-30 20:00:00,21.41,21.46,21.23,21.37
2023-10-01 00:00:00,21.37,21.43,21.13,21.21
2023-10-01 04:00:00,21.21,21.41,21.17,21.37
2023-10-01 08:00:00,21.37,24.25,21.36,22.97
2023-10-01 12:00:00,22.97,23.44,22.83,23.1
2023-10-01 16:00:00,23.09,23.09,22.44,22.72
2023-10-01 20:00:00,22.73,24.5,22.58,23.87
2023-10-02 00:00:00,23.88,24.34,23.58,24.1
2023-10-02 04:00:00,24.1,24.8,23.95,24.33
2023-10-02 08:00:00,24.33,24.52,23.78,23.82
2023-10-02 12:00:00,23.83,24.48,23.59,24.06
2023-10-02 16:00:00,24.05,24.29,23.08,23.83
2023-10-02 20:00:00,23.83,23.83,22.9,23.37
2023-10-03 00:00:00,23.38,23.81,23.3,23.66
2023-10-03 04:00:00,23.66,24.25,23.49,23.82
2023-10-03 08:00:00,23.82,24.47,23.78,23.92
2023-10-03 12:00:00,23.93,24.77,23.75,23.99
2023-10-03 16:00:00,23.99,24.33,23.44,23.52
2023-10-03 20:00:00,23.52,23.76,23.21,23.6
2023-10-04 00:00:00,23.61,23.66,22.8,23.12
2023-10-04 04:00:00,23.11,23.24,22.78,23.17
2023-10-04 08:00:00,23.16,23.86,23.1,23.58
2023-10-04 12:00:00,23.59,23.65,22.67,22.69
2023-10-04 16:00:00,22.69,23.28,22.58,22.92
2023-10-04 20:00:00,22.92,23.31,22.86,23.13
2023-10-05 00:00:00,23.13,23.76,23.04,23.24
2023-10-05 04:00:00,23.24,23.49,22.83,23.01
2023-10-05 08:00:00,23,23.35,22.89,23.22
2023-10-05 12:00:00,23.23,23.59,22.62,22.8
2023-10-05 16:00:00,22.8,23.06,22.53,22.8
2023-10-05 20:00:00,22.8,22.85,22.61,22.7
2023-10-06 00:00:00,22.7,23.34,22.66,23.19
2023-10-06 04:00:00,23.19,23.45,22.94,23.34
2023-10-06 08:00:00,23.34,23.57,23.08,23.18
2023-10-06 12:00:00,23.18,23.68,22.7,23.51
2023-10-06 16:00:00,23.51,23.75,23.33,23.42
2023-10-06 20:00:00,23.41,23.76,23.29,23.41
2023-10-07 00:00:00,23.41,23.74,23.34,23.67
2023-10-07 04:00:00,23.67,24.21,23.47,23.53
2023-10-07 08:00:00,23.52,23.84,23.36,23.48
2023-10-07 12:00:00,23.48,23.58,23.29,23.34
2023-10-07 16:00:00,23.34,23.45,23.08,23.13
2023-10-07 20:00:00,23.12,23.35,23.11,23.3
2023-10-08 00:00:00,23.29,23.64,23.18,23.52
2023-10-08 04:00:00,23.52,23.55,23.2,23.33
2023-10-08 08:00:00,23.33,23.53,23.16,23.22
2023-10-08 12:00:00,23.22,23.5,23.06,23.48
2023-10-08 16:00:00,23.49,23.56,23.26,23.33
2023-10-08 20:00:00,23.33,23.48,23.17,23.22
2023-10-09 00:00:00,23.21,23.31,23.08,23.25
2023-10-09 04:00:00,23.25,23.37,22.85,22.99
2023-10-09 08:00:00,22.99,23.01,22.05,22.17
2023-10-09 12:00:00,22.18,22.39,22.07,22.2
2023-10-09 16:00:00,22.21,22.43,21.59,22.2
2023-10-09 20:00:00,22.2,22.26,22,22.1
2023-10-10 00:00:00,22.09,22.25,21.88,22.14
2023-10-10 04:00:00,22.15,22.4,22.04,22.33
2023-10-10 08:00:00,22.32,22.45,22.11,22.13
2023-10-10 12:00:00,22.13,22.48,21.93,21.98
2023-10-10 16:00:00,21.97,22.07,21.69,22.03
2023-10-10 20:00:00,22.04,22.19,21.8,22.11
2023-10-11 00:00:00,22.11,22.29,21.73,21.98
2023-10-11 04:00:00,21.98,22.36,21.95,22.02
2023-10-11 08:00:00,22.01,22.43,21.99,22.14
2023-10-11 12:00:00,22.14,22.33,21.9,21.99
2023-10-11 16:00:00,21.99,22.03,21.62,21.91
2023-10-11 20:00:00,21.9,22.03,21.75,22.01
2023-10-12 00:00:00,22.01,22.05,21.49,21.71
2023-10-12 04:00:00,21.71,21.84,21.64,21.64
2023-10-12 08:00:00,21.64,21.66,21.15,21.5
2023-10-12 12:00:00,21.51,21.54,21.24,21.27
2023-10-12 16:00:00,21.28,21.37,20.93,21.22
2023-10-12 20:00:00,21.22,21.35,21.13,21.28
2023-10-13 00:00:00,21.29,21.47,21.12,21.13
2023-10-13 04:00:00,21.13,21.46,21.11,21.39
2023-10-13 08:00:00,21.4,21.57,21.31,21.48
2023-10-13 12:00:00,21.49,21.61,21.35,21.43
2023-10-13 16:00:00,21.42,21.61,21.41,21.58
2023-10-13 20:00:00,21.57,22.23,21.56,21.84
2023-10-14 00:00:00,21.85,22.06,21.8,22.03
2023-10-14 04:00:00,22.04,22.13,21.95,22.05
2023-10-14 08:00:00,22.06,22.31,21.91,21.98
2023-10-14 12:00:00,21.97,22.09,21.85,22.08
2023-10-14 16:00:00,22.08,22.1,21.97,22.04
2023-10-14 20:00:00,22.04,22.04,21.92,22
2023-10-15 00:00:00,22,22.17,21.83,21.93
2023-10-15 04:00:00,21.93,21.97,21.87,21.94
2023-10-15 08:00:00,21.93,22.02,21.81,21.87
2023-10-15 12:00:00,21.87,21.94,21.66,21.73
2023-10-15 16:00:00,21.74,21.98,21.71,21.91
2023-10-15 20:00:00,21.91,22.11,21.84,21.93
2023-10-16 00:00:00,21.93,22.23,21.89,22.11
2023-10-16 04:00:00,22.11,22.87,22.11,22.82
2023-10-16 08:00:00,22.82,23.16,22.62,23.16
2023-10-16 12:00:00,23.15,24.75,22.9,23.15
2023-10-16 16:00:00,23.15,24.14,23.15,23.86
2023-10-16 20:00:00,23.86,24.2,23.65,23.95
2023-10-17 00:00:00,23.95,24.34,23.77,24
2023-10-17 04:00:00,24,24.23,23.76,24.09
2023-10-17 08:00:00,24.08,24.56,24.05,24.08
2023-10-17 12:00:00,24.08,24.19,23.46,23.89
2023-10-17 16:00:00,23.89,24.39,23.72,24.17
2023-10-17 20:00:00,24.17,24.24,23.89,23.93
2023-10-18 00:00:00,23.94,24.11,23.8,24.04
2023-10-18 04:00:00,24.04,24.43,23.88,23.89
2023-10-18 08:00:00,23.89,24.15,23.78,23.81
2023-10-18 12:00:00,23.81,23.92,23.62,23.68
2023-10-18 16:00:00,23.68,23.79,23.57,23.7
2023-10-18 20:00:00,23.7,23.74,23.36,23.42
2023-10-19 00:00:00,23.41,23.58,23.11,23.46
2023-10-19 04:00:00,23.45,23.9,23.44,23.86
2023-10-19 08:00:00,23.86,24.3,23.7,24.28
2023-10-19 12:00:00,24.29,24.9,24.05,24.77
2023-10-19 16:00:00,24.77,25.77,24.67,25.16
2023-10-19 20:00:00,25.15,25.25,24.73,24.93
2023-10-20 00:00:00,24.92,25.72,24.73,25.67
2023-10-20 04:00:00,25.67,26.53,25.6,26.24
2023-10-20 08:00:00,26.24,27.5,26.23,26.88
2023-10-20 12:00:00,26.89,27.14,26.55,26.88
2023-10-20 16:00:00,26.89,27.05,26.31,26.88
2023-10-20 20:00:00,26.88,27.35,26.7,27.03
2023-10-21 00:00:00,27.02,27.13,26.65,26.81
2023-10-21 04:00:00,26.82,28.45,26.66,28.08
2023-10-21 08:00:00,28.08,29.97,27.84,29.52
2023-10-21 12:00:00,29.51,29.66,28.62,29.04
2023-10-21 16:00:00,29.04,29.92,28.87,29.5
2023-10-21 20:00:00,29.51,30.31,29.2,29.32
2023-10-22 00:00:00,29.33,29.94,29.17,29.73
2023-10-22 04:00:00,29.73,30.01,28.18,28.8
2023-10-22 08:00:00,28.81,29.05,28.09,28.34
2023-10-22 12:00:00,28.34,28.9,28.29,28.43
2023-10-22 16:00:00,28.42,29.16,28.39,28.69
2023-10-22 20:00:00,28.69,29.33,28.67,29.05
2023-10-23 00:00:00,29.06,30.67,28.74,30.66
2023-10-23 04:00:00,30.66,31.36,29.88,30.1
2023-10-23 08:00:00,30.1,30.35,29.31,29.71
2023-10-23 12:00:00,29.71,29.88,28.81,28.98
2023-10-23 16:00:00,28.98,30,28.88,29.91
2023-10-23 20:00:00,29.91,32.81,29.75,31.88
2023-10-24 00:00:00,31.88,32.57,31.26,31.4
2023-10-24 04:00:00,31.39,31.77,30.65,31.25
2023-10-24 08:00:00,31.25,31.99,31.17,31.84
2023-10-24 12:00:00,31.83,32.61,30.5,30.89
2023-10-24 16:00:00,30.89,31.2,30.02,30.5
2023-10-24 20:00:00,30.5,30.8,29.5,30.17
2023-10-25 00:00:00,30.18,32.21,30,31.04
2023-10-25 04:00:00,31.05,31.87,30.66,30.96
2023-10-25 08:00:00,30.97,32.51,30.78,32.23
2023-10-25 12:00:00,32.23,33.9,32.22,33.41
2023-10-25 16:00:00,33.41,33.58,32.28,32.77
2023-10-25 20:00:00,32.77,33.07,31.87,32.44
2023-10-26 00:00:00,32.43,32.8,31.73,32.75
2023-10-26 04:00:00,32.76,33.28,32,32.82
2023-10-26 08:00:00,32.82,32.98,31.6,31.82
2023-10-26 12:00:00,31.82,32.39,30.91,31.32
2023-10-26 16:00:00,31.31,31.69,30.73,31.55
2023-10-26 20:00:00,31.54,33.25,31.46,32.77
2023-10-27 00:00:00,32.78,32.86,31.82,32.39
2023-10-27 04:00:00,32.39,32.89,32.13,32.34
2023-10-27 08:00:00,32.34,33.1,32.15,32.58
2023-10-27 12:00:00,32.58,33.35,31.92,32.21
2023-10-27 16:00:00,32.21,32.49,31.2,31.93
2023-10-27 20:00:00,31.92,32.27,31.46,31.73
2023-10-28 00:00:00,31.73,32.38,31.65,32.34
2023-10-28 04:00:00,32.34,32.48,32.05,32.28
2023-10-28 08:00:00,32.27,32.51,32.06,32.2
2023-10-28 12:00:00,32.2,32.22,31.63,32.03
2023-10-28 16:00:00,32.03,32.1,31.5,31.58
2023-10-28 20:00:00,31.58,31.99,31.35,31.63
2023-10-29 00:00:00,31.62,31.83,31.27,31.57
2023-10-29 04:00:00,31.56,32.36,31.49,32.29
2023-10-29 08:00:00,32.29,32.37,32.12,32.25
2023-10-29 12:00:00,32.26,32.7,32.17,32.63
2023-10-29 16:00:00,32.63,33.19,32.54,33
2023-10-29 20:00:00,33,33.04,32.5,32.83
2023-10-30 00:00:00,32.83,33.09,32.51,32.74
2023-10-30 04:00:00,32.73,32.98,32.28,32.56
2023-10-30 08:00:00,32.55,35.16,32.48,34.94
2023-10-30 12:00:00,34.95,35.35,34.51,35.04
2023-10-30 16:00:00,35.04,35.05,34.23,34.88
2023-10-30 20:00:00,34.89,35.01,34.47,34.94
2023-10-31 00:00:00,34.94,36.47,34.82,35.79
2023-10-31 04:00:00,35.79,36.61,35.57,35.72
2023-10-31 08:00:00,35.72,36.98,35.59,36.58
2023-10-31 12:00:00,36.58,36.68,35.62,36.1
2023-10-31 16:00:00,36.1,36.45,35.82,36.28
2023-10-31 20:00:00,36.27,38.62,36.26,38.4
2023-11-01 00:00:00,38.41,38.79,37.9,38.27
2023-11-01 04:00:00,38.28,39.4,37.81,38.46
2023-11-01 08:00:00,38.46,39.8,38,39.28
2023-11-01 12:00:00,39.28,41.84,38.85,40.66
2023-11-01 16:00:00,40.67,46.9,40.39,42
2023-11-01 20:00:00,42,43.82,40.57,41.15
2023-11-02 00:00:00,41.16,42.84,41.1,42.59
2023-11-02 04:00:00,42.59,43.46,41.11,43.12
2023-11-02 08:00:00,43.12,44.57,42.53,44.47
2023-11-02 12:00:00,44.47,44.5,40.01,40.03
2023-11-02 16:00:00,40.03,41.58,38.65,41.42
2023-11-02 20:00:00,41.42,42.13,39.55,40.23
2023-11-03 00:00:00,40.24,40.26,37.98,38.94
2023-11-03 04:00:00,38.94,39.12,38,39.02
2023-11-03 08:00:00,39.02,39.77,38.08,39.15
2023-11-03 12:00:00,39.15,40.2,38.8,39.79
2023-11-03 16:00:00,39.81,40.06,38.51,39.17
2023-11-03 20:00:00,39.17,39.95,39.04,39.45
2023-11-04 00:00:00,39.45,41.23,39,41.12
2023-11-04 04:00:00,41.12,42.06,40.4,41.72
2023-11-04 08:00:00,41.72,42.72,41.26,41.53
2023-11-04 12:00:00,41.52,42.21,40.82,41.28
2023-11-04 16:00:00,41.28,41.88,41.03,41.38
2023-11-04 20:00:00,41.39,42.69,41.3,42.41
2023-11-05 00:00:00,42.41,42.85,41.7,42.52
2023-11-05 04:00:00,42.52,42.54,41.42,41.57
2023-11-05 08:00:00,41.56,41.81,41.1,41.64
2023-11-05 12:00:00,41.64,41.88,40.5,40.72
2023-11-05 16:00:00,40.72,41.6,40.63,40.74
2023-11-05 20:00:00,40.75,41.55,40.1,41.15
2023-11-06 00:00:00,41.16,41.83,40.88,41.11
2023-11-06 04:00:00,41.11,41.23,39.66,39.93
2023-11-06 08:00:00,39.93,40.73,39.7,40.32
2023-11-06 12:00:00,40.32,40.7,39.9,40.23
2023-11-06 16:00:00,40.23,40.52,39.88,40.48
2023-11-06 20:00:00,40.49,42.2,40.03,42.16
2023-11-07 00:00:00,42.16,42.29,40.08,40.81
2023-11-07 04:00:00,40.82,41.68,40.67,41.55
2023-11-07 08:00:00,41.56,41.75,40.48,41.1
2023-11-07 12:00:00,41.1,42.1,40.71,41.21
2023-11-07 16:00:00,41.21,44.39,41.02,43.86
2023-11-07 20:00:00,43.86,44.78,42.76,42.93
2023-11-08 00:00:00,42.93,43.5,42.25,43.37
2023-11-08 04:00:00,43.36,43.78,42.98,43.49
2023-11-08 08:00:00,43.47,43.88,43.09,43.31
2023-11-08 12:00:00,43.3,43.6,42.31,42.77
2023-11-08 16:00:00,42.77,43.61,42.55,43.1
2023-11-08 20:00:00,43.08,43.51,42.63,43.13
2023-11-09 00:00:00,43.12,44.15,42.5,44.09
2023-11-09 04:00:00,44.09,44.61,43.8,43.9
2023-11-09 08:00:00,43.9,47.45,43.88,47.13
2023-11-09 12:00:00,47.13,48.88,45.72,46.4
2023-11-09 16:00:00,46.4,46.8,41.36,44.42
2023-11-09 20:00:00,44.41,45.74,43.04,45.29
2023-11-10 00:00:00,45.3,47.99,45.05,47.4
2023-11-10 04:00:00,47.41,48.87,46.81,47.55
2023-11-10 08:00:00,47.54,51.2,46.56,50.7
2023-11-10 12:00:00,50.7,51.93,48.63,50.87
2023-11-10 16:00:00,50.88,54.99,50.64,54.11
2023-11-10 20:00:00,54.11,57.54,53.02,56.67
2023-11-11 00:00:00,56.67,57.7,54.39,55.84
2023-11-11 04:00:00,55.82,56,53.55,54.26
2023-11-11 08:00:00,54.27,55.84,53.8,55.25
2023-11-11 12:00:00,55.25,63.95,55.02,60.89
2023-11-11 16:00:00,60.89,62.49,58.1,60.53
2023-11-11 20:00:00,60.53,60.53,55.36,56.34
2023-11-12 00:00:00,56.36,57.91,54.5,57.39
2023-11-12 04:00:00,57.37,61.86,56.44,61.08
2023-11-12 08:00:00,61.09,61.45,58.4,59.97
2023-11-12 12:00:00,59.98,60.39,57.68,58.62
2023-11-12 16:00:00,58.63,58.77,55.5,56.03
2023-11-12 20:00:00,56.02,57.57,55.56,56.28
2023-11-13 00:00:00,56.27,59.42,55.1,56.99
2023-11-13 04:00:00,56.98,59.5,56.65,58.24
2023-11-13 08:00:00,58.23,59.6,56.46,57.04
2023-11-13 12:00:00,57.02,59.86,54.28,55.64
2023-11-13 16:00:00,55.63,56.9,52.2,54.64
2023-11-13 20:00:00,54.64,54.65,51.28,51.6
2023-11-14 00:00:00,51.6,54.84,51.12,54.03
2023-11-14 04:00:00,54.03,55.44,53.79,55.16
2023-11-14 08:00:00,55.16,55.82,52.01,52.65
2023-11-14 12:00:00,52.65,57.99,52.01,56.23
2023-11-14 16:00:00,56.22,56.98,52.2,55.1
2023-11-14 20:00:00,55.1,57.44,54.81,56.81
2023-11-15 00:00:00,56.81,57.97,56.15,56.24
2023-11-15 04:00:00,56.24,59.68,56.23,59.16
2023-11-15 08:00:00,59.17,63.5,58.72,62.99
2023-11-15 12:00:00,62.98,63.92,61.27,62.42
2023-11-15 16:00:00,62.43,65.8,60.61,65.33
2023-11-15 20:00:00,65.34,67.12,64.13,65.43
2023-11-16 00:00:00,65.43,66.72,64.4,65.88
2023-11-16 04:00:00,65.88,68.2,64.72,65.68
2023-11-16 08:00:00,65.67,66.11,63.28,64.03
2023-11-16 12:00:00,64.02,64.7,60.44,61.6
2023-11-16 16:00:00,61.61,62.87,59,62.34
2023-11-16 20:00:00,62.34,62.89,56.31,57.8
2023-11-17 00:00:00,57.81,60.57,57.63,58.95
2023-11-17 04:00:00,58.95,59.97,58,58.16
2023-11-17 08:00:00,58.16,59.04,56.47,58.15
2023-11-17 12:00:00,58.14,59.63,54.1,55.04
2023-11-17 16:00:00,55.04,58.95,54.39,57.58
2023-11-17 20:00:00,57.58,59.46,57.48,58.51
2023-11-18 00:00:00,58.52,58.62,56.31,56.68
2023-11-18 04:00:00,56.68,57.45,54.7,56.36
2023-11-18 08:00:00,56.36,57.64,56.05,56.96
2023-11-18 12:00:00,56.97,58.35,55.5,58.01
2023-11-18 16:00:00,58.01,59.37,57.51,59.06
2023-11-18 20:00:00,59.07,59.31,57.97,58.56
2023-11-19 00:00:00,58.56,58.57,56.61,58.25
2023-11-19 04:00:00,58.25,60.93,57.75,60.44
2023-11-19 08:00:00,60.44,61.79,59.42,59.87
2023-11-19 12:00:00,59.87,60.35,59.08,59.97
2023-11-19 16:00:00,59.98,61.29,59.41,61.19
2023-11-19 20:00:00,61.2,62.1,60.14,61.1
2023-11-20 00:00:00,61.1,61.33,59.78,59.92
2023-11-20 04:00:00,59.91,60.18,59.12,59.88
2023-11-20 08:00:00,59.89,61.09,59.3,60.08
2023-11-20 12:00:00,60.08,60.63,57.6,59.01
2023-11-20 16:00:00,59.01,59.41,56.6,57.54
2023-11-20 20:00:00,57.54,57.79,56,56.57
2023-11-21 00:00:00,56.57,57.4,55.1,56
2023-11-21 04:00:00,56.01,56.45,55.3,55.39
2023-11-21 08:00:00,55.39,57.12,55.36,56.27
2023-11-21 12:00:00,56.28,56.65,52.73,55.11
2023-11-21 16:00:00,55.11,56.24,52.35,54.81
2023-11-21 20:00:00,54.82,55.8,51.23,51.65
2023-11-22 00:00:00,51.65,54.46,51.43,54.37
2023-11-22 04:00:00,54.36,55.29,53.89,54.67
2023-11-22 08:00:00,54.68,55.23,54.37,54.53
2023-11-22 12:00:00,54.53,55.73,54.04,54.94
2023-11-22 16:00:00,54.94,57.67,54.4,57.34
2023-11-22 20:00:00,57.33,58.94,56.93,57.56
2023-11-23 00:00:00,57.55,58.49,56.98,57.64
2023-11-23 04:00:00,57.64,58.53,57.5,57.8
2023-11-23 08:00:00,57.81,58.98,57.2,57.97
2023-11-23 12:00:00,57.98,59.63,56.43,56.6
2023-11-23 16:00:00,56.61,57.32,56.14,56.35
2023-11-23 20:00:00,56.34,57.05,56.29,56.51
2023-11-24 00:00:00,56.52,57.6,56.2,57.28
2023-11-24 04:00:00,57.27,57.44,56.67,57.34
2023-11-24 08:00:00,57.34,58.79,57.08,58.03
2023-11-24 12:00:00,58.02,58.52,57.2,58.13
2023-11-24 16:00:00,58.13,58.43,56.82,57.14
2023-11-24 20:00:00,57.14,57.6,56.5,56.86
2023-11-25 00:00:00,56.86,59.82,55.7,58.83
2023-11-25 04:00:00,58.82,58.98,58.41,58.6
2023-11-25 08:00:00,58.59,58.83,57.33,57.81
2023-11-25 12:00:00,57.81,58.74,57.7,58.55
2023-11-25 16:00:00,58.55,59.7,58.34,59.03
2023-11-25 20:00:00,59.03,59.3,58.61,58.82
2023-11-26 00:00:00,58.81,59.04,57.99,58.31
2023-11-26 04:00:00,58.32,58.65,58.16,58.41
2023-11-26 08:00:00,58.4,58.63,57.75,57.86
2023-11-26 12:00:00,57.86,58.11,56.67,57.1
2023-11-26 16:00:00,57.09,57.3,56.12,57.2
2023-11-26 20:00:00,57.2,58.69,57.01,57.57
2023-11-27 00:00:00,57.57,58.09,0.2698,56.6
2023-11-27 04:00:00,56.6,57.34,55.5,55.93
2023-11-27 08:00:00,55.93,56.29,54.69,55.02
2023-11-27 12:00:00,55.02,55.22,53.91,53.94
2023-11-27 16:00:00,53.94,55.15,53.47,54.13
2023-11-27 20:00:00,54.12,55.17,53.68,55.06
2023-11-28 00:00:00,55.06,55.42,54.62,54.96
2023-11-28 04:00:00,54.96,55.32,53.94,55.09
2023-11-28 08:00:00,55.08,56.35,54.65,56.19
2023-11-28 12:00:00,56.19,56.42,55.41,56.05
2023-11-28 16:00:00,56.05,58.4,55.95,58.04
2023-11-28 20:00:00,58.04,58.65,57.56,58.18
2023-11-29 00:00:00,58.18,58.85,57.72,58.53
2023-11-29 04:00:00,58.54,59.64,58.2,59.36
2023-11-29 08:00:00,59.37,61.78,59.36,60.64
2023-11-29 12:00:00,60.63,61.62,59.11,60.06
2023-11-29 16:00:00,60.06,60.39,58.88,60.06
2023-11-29 20:00:00,60.05,60.26,58.6,59.31
2023-11-30 00:00:00,59.31,60.75,58.75,60.42
2023-11-30 04:00:00,60.42,61.25,59.65,60
2023-11-30 08:00:00,60.01,60.94,59.24,60.78
2023-11-30 12:00:00,60.79,61.7,59.15,59.59
2023-11-30 16:00:00,59.6,60,58.96,59.99
2023-11-30 20:00:00,59.99,60.18,58.98,59.3
2023-12-01 00:00:00,59.3,61.08,58.6,60.75
2023-12-01 04:00:00,60.76,61.3,60.21,60.86
2023-12-01 08:00:00,60.87,61.9,60.68,61.04
2023-12-01 12:00:00,61.05,61.2,59.75,60.12
2023-12-01 16:00:00,60.13,61.66,59.87,60.51
2023-12-01 20:00:00,60.52,60.71,59.58,59.75
2023-12-02 00:00:00,59.74,61.15,59.67,61.01
2023-12-02 04:00:00,61.02,62.65,60.8,62.01
2023-12-02 08:00:00,62.01,62.48,61.61,62.15
2023-12-02 12:00:00,62.15,62.56,61.45,61.89
2023-12-02 16:00:00,61.88,63.32,61.31,62.98
2023-12-02 20:00:00,62.98,63.9,62.71,63.66
2023-12-03 00:00:00,63.66,65.53,63.51,64.09
2023-12-03 04:00:00,64.08,64.3,63.48,63.96
2023-12-03 08:00:00,63.95,64.13,63.03,63.52
2023-12-03 12:00:00,63.53,63.62,62.44,62.98
2023-12-03 16:00:00,62.99,63.02,62.22,62.94
2023-12-03 20:00:00,62.94,64.1,62.52,62.98
2023-12-04 00:00:00,62.99,64.88,62.92,64.23
2023-12-04 04:00:00,64.22,65.25,63.54,63.69
2023-12-04 08:00:00,63.69,64.35,59.75,62.11
2023-12-04 12:00:00,62.11,62.27,59.94,60.53
2023-12-04 16:00:00,60.53,61.31,60.32,61.04
2023-12-04 20:00:00,61.03,62.1,60.66,61.64
2023-12-05 00:00:00,61.63,62.17,59.66,60.62
2023-12-05 04:00:00,60.62,60.66,59.11,59.69
2023-12-05 08:00:00,59.69,60.44,59.43,60.16
2023-12-05 12:00:00,60.16,61.64,59.98,60.96
2023-12-05 16:00:00,60.95,62.6,60.38,61.37
2023-12-05 20:00:00,61.37,61.63,60.21,61.03
2023-12-06 00:00:00,61.04,64.47,61.03,64.36
2023-12-06 04:00:00,64.36,64.66,62.59,63.36
2023-12-06 08:00:00,63.35,66.68,62,63.05
2023-12-06 12:00:00,63.04,63.75,62.35,62.61
2023-12-06 16:00:00,62.61,64.45,62.48,64.42
2023-12-06 20:00:00,64.42,64.6,61.5,61.85
2023-12-07 00:00:00,61.85,63.97,61.64,62.92
2023-12-07 04:00:00,62.92,63.84,62.85,63.37
2023-12-07 08:00:00,63.36,64.32,61.78,64.18
2023-12-07 12:00:00,64.18,66.18,63.61,65.81
2023-12-07 16:00:00,65.81,67.49,64.5,64.77
2023-12-07 20:00:00,64.77,69.37,64.63,67.80000
2023-12-08 00:00:00,67.74,72.29,67.74,71.47
2023-12-08 04:00:00,71.47,72.87,70.83,71.39
2023-12-08 08:00:00,71.38,73.78,70.45,72.95
2023-12-08 12:00:00,72.95,74.3,71.7,72.02
2023-12-08 16:00:00,72.02,74.08,72,72.28
2023-12-08 20:00:00,72.28,75.3,72.26,74.94
2023-12-09 00:00:00,74.93,75.53,72.9,74.16
2023-12-09 04:00:00,74.16,77.78,73.66,76.96
2023-12-09 08:00:00,76.96,77.5,74.6,77.1
2023-12-09 12:00:00,77.1,77.46,75.13,75.57
2023-12-09 16:00:00,75.57,75.84,72.73,74.08
2023-12-09 20:00:00,74.09,74.32,71.5,72.3
2023-12-10 00:00:00,72.31,74,72.17,73
2023-12-10 04:00:00,73,73.61,71.64,72.47
2023-12-10 08:00:00,72.48,72.75,70.67,71.42
2023-12-10 12:00:00,71.42,74.64,71.36,73.73
2023-12-10 16:00:00,73.72,74.1,72.16,73.47
2023-12-10 20:00:00,73.46,74.89,73.3,74.87
2023-12-11 00:00:00,74.88,75,64.18,70.88
2023-12-11 04:00:00,70.88,71.2,67.72,68.49
2023-12-11 08:00:00,68.5,69.96,67.73,69.66
2023-12-11 12:00:00,69.66,69.85,66.92,69.26
2023-12-11 16:00:00,69.26,70.88,67.94,69.33
2023-12-11 20:00:00,69.32,70.6,67.74,70.25
2023-12-12 00:00:00,70.24,72.42,70.23,71.18
2023-12-12 04:00:00,71.18,71.78,69.61,71.77
2023-12-12 08:00:00,71.76,72.2,70.5,70.61
2023-12-12 12:00:00,70.62,71.79,68.21,68.46
2023-12-12 16:00:00,68.45,68.78,0.00000224,67.62
2023-12-12 20:00:00,67.62,69.09,66.93,68.6
2023-12-13 00:00:00,68.6,68.76,65.12,65.48
2023-12-13 04:00:00,65.51,66.28,63.67,64.89
2023-12-13 08:00:00,64.9,66.6,64.79,65.38
2023-12-13 12:00:00,65.37,68.17,65.1,67.58000
2023-12-13 16:00:00,67.57,70.58,66.76,70.35
2023-12-13 20:00:00,70.35,72.47000,37.35,70.62
2023-12-14 00:00:00,70.62,70.93000,69.66,70.08
2023-12-14 04:00:00,70.08,71.94,69.7,71.52
2023-12-14 08:00:00,71.52,73.7,71.06,73.53
2023-12-14 12:00:00,73.52,73.87,68.18,71.65
2023-12-14 16:00:00,71.65,74.48,71.64,73.28
2023-12-14 20:00:00,73.28,76.24,72.67,75.68
2023-12-15 00:00:00,75.68,75.85,73.98,74.38
2023-12-15 04:00:00,74.38,77.05,74.38,76.62
2023-12-15 08:00:00,76.63,79.31,76.16,79.14
2023-12-15 12:00:00,79.13,79.5,75.22,76.06
2023-12-15 16:00:00,76.06,77.49,73.61,76.94
2023-12-15 20:00:00,76.92000,77.23,72.13,72.51
2023-12-16 00:00:00,72.51,74.41,71.18,74.21
2023-12-16 04:00:00,74.21,74.59,73.64,74.38
2023-12-16 08:00:00,74.39,75.15,0.01652,75.15
2023-12-16 12:00:00,75.14,77.22,74.91,77.15
2023-12-16 16:00:00,77.16,77.17,73.78,74.16
2023-12-16 20:00:00,74.16,74.58,72.84,73.72
2023-12-17 00:00:00,73.71,74.12,72.55,73.51
2023-12-17 04:00:00,73.51,74.24,72.03,72.38
2023-12-17 08:00:00,72.38,73.32,71.82,73.08
2023-12-17 12:00:00,73.08,73.29,71.39,72.68
2023-12-17 16:00:00,72.68,75.05,72.25,73.54
2023-12-17 20:00:00,73.55,74.22,70.36,70.87
2023-12-18 00:00:00,70.85,71.97,68.56,69.94
2023-12-18 04:00:00,69.94,70.21,68.68,68.94
2023-12-18 08:00:00,68.94,69.9,67,69.01
2023-12-18 12:00:00,69.02,71.85,68.23,70.73
2023-12-18 16:00:00,70.73,72.69,70.41,72.34
2023-12-18 20:00:00,72.34,75.46,71.66,74.39000
2023-12-19 00:00:00,74.41,76.09,73.83,75.27
2023-12-19 04:00:00,75.27,76.37,74.97,75.71
2023-12-19 08:00:00,75.71,76.11,74.49,74.63
2023-12-19 12:00:00,74.62,75.13,72.79,73.67
2023-12-19 16:00:00,73.68,74.39,71.78,74.26
2023-12-19 20:00:00,74.26,75.42,72.3,73
2023-12-20 00:00:00,73,75.11,72.96,74.92
2023-12-20 04:00:00,74.92,76.18,74.33,76.07
2023-12-20 08:00:00,76.07,78.6,75.5,77.07
2023-12-20 12:00:00,77.06,81.13000,0.45911,80.52000
2023-12-20 16:00:00,80.73000,84.14,79.27000,81.07
2023-12-20 20:00:00,81.07,82.46,79.25,82.21
2023-12-21 00:00:00,82.22,84.69,81.03,83.38
2023-12-21 04:00:00,83.38,87.14,83.03,86.83
2023-12-21 08:00:00,86.84,88.42,85.13,87.01
2023-12-21 12:00:00,87.01,88.71,85.6,87.5
2023-12-21 16:00:00,87.5,95.35,87.48,92.89
2023-12-21 20:00:00,92.88,95.54,91.22,93.84
2023-12-22 00:00:00,93.86,99.5,93.06,97.77
2023-12-22 04:00:00,97.78,99.28,92.21,93.78
2023-12-22 08:00:00,93.78,95.23,90.34,93.78
2023-12-22 12:00:00,93.79,96.8,92,96.31
2023-12-22 16:00:00,96.31,97.63,93.34,96.91
2023-12-22 20:00:00,96.91,98.42,95.8,97.9
2023-12-23 00:00:00,97.91,98.22,93.33,93.73
2023-12-23 04:00:00,93.72,96.52,92.8,95.36
2023-12-23 08:00:00,95.35,96.4,94.71,95.87
2023-12-23 12:00:00,95.87,97.3,95.28,96.77
2023-12-23 16:00:00,96.77,103.82,96.12,102.88
2023-12-23 20:00:00,102.87,110,101.46,107.88
2023-12-24 00:00:00,107.88,117.69,107.3,116.22
2023-12-24 04:00:00,116.22,118.1,109.76,114.51
2023-12-24 08:00:00,114.5,114.7,107.58,110.34
2023-12-24 12:00:00,110.35,114.44,109.05,113.55
2023-12-24 16:00:00,113.56,116.8,112.22,115.16
2023-12-24 20:00:00,115.15,115.5,109.51,112.45
2023-12-25 00:00:00,112.45,113.07,107.92,112.03
2023-12-25 04:00:00,112.03,114.46,111.57,112.93
2023-12-25 08:00:00,112.94,113.65,109.67,111.75
2023-12-25 12:00:00,111.75,124.3,110.2,123.15
2023-12-25 16:00:00,123.15,126.36,120.5,121.26
2023-12-25 20:00:00,121.26,123.99,116.42,120.91
2023-12-26 00:00:00,120.91,121.36,116.69,119.37
2023-12-26 04:00:00,119.37,120.69,110.67,113.4
2023-12-26 08:00:00,113.41,115.85,111.15,114.8
2023-12-26 12:00:00,114.81,117.16,110.27,110.51
2023-12-26 16:00:00,110.52,112.91,102.09,106.65
2023-12-26 20:00:00,106.66,113.07,106.16,112.49
2023-12-27 00:00:00,112.48,113.6,107.84,108.53
2023-12-27 04:00:00,108.51,112.75,108.38,111.36
2023-12-27 08:00:00,111.37,115.3,110.93,112.78
2023-12-27 12:00:00,112.78,113.24,106.27,107.8
2023-12-27 16:00:00,107.79,110.67,104.58,109.02
2023-12-27 20:00:00,109.03,111,106.45,106.91
2023-12-28 00:00:00,106.92,109.66,103,104.49
2023-12-28 04:00:00,104.51,106.45,102.2,105.85
2023-12-28 08:00:00,105.84,106.15,103.16,104.86
2023-12-28 12:00:00,104.85,105.09,97.14,99.71
2023-12-28 16:00:00,99.7,101.65,98.37,101.1
2023-12-28 20:00:00,101.1,103.97,98.81,101.8
2023-12-29 00:00:00,101.8,105.91,99,104.89
2023-12-29 04:00:00,104.91,108.59,104.02,105.12
2023-12-29 08:00:00,105.13,110,104.98,107.56
2023-12-29 12:00:00,107.56,109.77,104.25,105.98
2023-12-29 16:00:00,105.98,107.96,102.28,105.84
2023-12-29 20:00:00,105.84,106.34,102.7,106.17
2023-12-30 00:00:00,106.17,107.47,102.9,103.55
2023-12-30 04:00:00,103.56,105.01,103.14,103.44
2023-12-30 08:00:00,103.45,103.47,100.62,102.16
2023-12-30 12:00:00,102.15,104.37,102.06,104.26
2023-12-30 16:00:00,104.27,104.97,102.6,103.26
2023-12-30 20:00:00,103.24,104.31,101.22,101.9
2023-12-31 00:00:00,101.9,102.93,99.54,100.65
2023-12-31 04:00:00,100.63,104.88,100.43,103.98
2023-12-31 08:00:00,103.98,105.18,103.38,104.26
2023-12-31 12:00:00,104.27,105.21,102.15,102.49
2023-12-31 16:00:00,102.49,104.48,102.3,103.77
2023-12-31 20:00:00,103.77,105.08,99.78,101.72
2024-01-01 00:00:00,101.72,104.75,101.51,103.07
2024-01-01 04:00:00,103.07,103.98,101.44,102.51
2024-01-01 08:00:00,102.49,104.95,101.78,104.32
2024-01-01 12:00:00,104.33,106.39,103.86,105.98
2024-01-01 16:00:00,105.99,109.07,105.83,108.81
2024-01-01 20:00:00,108.82,109.93,107.12,109.91
2024-01-02 00:00:00,109.93,113.15,108.46,111.41
2024-01-02 04:00:00,111.41,114.7,110.89,114.47
2024-01-02 08:00:00,114.47,116.95,112.55,113.86
2024-01-02 12:00:00,113.86,114.38,107.66,109.61
2024-01-02 16:00:00,109.62,110.48,106.36,107.67
2024-01-02 20:00:00,107.67,108.9,106.02,106.73
2024-01-03 00:00:00,106.72,108.7,106.48,108.11
2024-01-03 04:00:00,108.11,109.9,107.09,107.81
2024-01-03 08:00:00,107.8,109.38,102.3,103.42
2024-01-03 12:00:00,103.42,103.47,85,102.06
2024-01-03 16:00:00,102.03,103.3,95.21,97.38
2024-01-03 20:00:00,97.38,100.52,97.22,98.52
2024-01-04 00:00:00,98.52,102,97.54,101.1
2024-01-04 04:00:00,101.1,101.67,98.75,98.88
2024-01-04 08:00:00,98.89,99.26,96.6,98.51
2024-01-04 12:00:00,98.51,104.4,97.98,103.66
2024-01-04 16:00:00,103.66,106.86,101.49,105.16
2024-01-04 20:00:00,105.16,108.15,104.29,104.91
2024-01-05 00:00:00,104.91,105.48,98.5,100.95
2024-01-05 04:00:00,100.92,102.23,99.99,101.15
2024-01-05 08:00:00,101.16,103.17,99.07,99.62
2024-01-05 12:00:00,99.63,101.44,96.72,98.03
2024-01-05 16:00:00,98.03,98.89,95.23,97.95
2024-01-05 20:00:00,97.96,100.47,97.68,99.94
2024-01-06 00:00:00,99.93,100.3,97.76,98.66
2024-01-06 04:00:00,98.66,98.92,91.53,94.5
2024-01-06 08:00:00,94.51,95.7,93.7,94.45
2024-01-06 12:00:00,94.45,96.57,92.82,95.18
2024-01-06 16:00:00,95.18,97.24,94.52,95.05
2024-01-06 20:00:00,95.05,95.65,92.23,93.77
2024-01-07 00:00:00,93.77,96.3,91,92.9
2024-01-07 04:00:00,92.9,95.75,92.53,95.25
2024-01-07 08:00:00,95.26,95.62,92.91,94.53
2024-01-07 12:00:00,94.53,96.8,93.19,93.96
2024-01-07 16:00:00,93.96,95,93,94.75
2024-01-07 20:00:00,94.76,95.31,87.68,89.44
2024-01-08 00:00:00,89.44,90.9,85.16,87.25
2024-01-08 04:00:00,87.24,91,86.91,89.68
2024-01-08 08:00:00,89.68,92.24,88.48,92.23
2024-01-08 12:00:00,92.23,95.56,92.2,94.67
2024-01-08 16:00:00,94.69,99.97,93.76,99.26
2024-01-08 20:00:00,99.26,99.43,96.4,97.88
2024-01-09 00:00:00,97.88,99.8,95.25,99.79
2024-01-09 04:00:00,99.8,103.95,99.47,101.87
2024-01-09 08:00:00,101.87,102.67,99.49,101.88
2024-01-09 12:00:00,101.88,102.38,95.91,99.8
2024-01-09 16:00:00,99.79,101.44,98.17,99.29
2024-01-09 20:00:00,99.3,104.89,95.5,99.36
2024-01-10 00:00:00,99.36,100.21,97.53,99.65
2024-01-10 04:00:00,99.65,100.42,98.01,98.11000
2024-01-10 08:00:00,97.93000,98.21000,96.3,97.31
2024-01-10 12:00:00,97.32,97.74,91.68,94.78
2024-01-10 16:00:00,94.77,98.39,93.99,96.31
2024-01-10 20:00:00,96.3,105.52,93,102
2024-01-11 00:00:00,101.99,102.15,99.16,100.32
2024-01-11 04:00:00,100.32,101.73,98,99.72
2024-01-11 08:00:00,99.71,104.59,99.55,104.43
2024-01-11 12:00:00,104.44,107.32,99,100.79
2024-01-11 16:00:00,100.79,101.53,97.67,101.36
2024-01-11 20:00:00,101.36,102.4,99.07,99.9
2024-01-12 00:00:00,99.89,100.34,97.47,97.73
2024-01-12 04:00:00,97.72,100.49,97.65,98.83
2024-01-12 08:00:00,98.83,99.13,97.58,98.22
2024-01-12 12:00:00,98.22,99.3,95,95.32
2024-01-12 16:00:00,95.33,96.69,92.68,95.21
2024-01-12 20:00:00,95.22,95.91,87,92.12
2024-01-13 00:00:00,92.14,92.65,89.51,91.08
2024-01-13 04:00:00,91.08,93.31,90.92,92.56
2024-01-13 08:00:00,92.56,93.19,91.52,92.24
2024-01-13 12:00:00,92.23,93.35,91.09,92.89
2024-01-13 16:00:00,92.9,95.7,91.57,94.8
2024-01-13 20:00:00,94.8,97.05,94.7,95.85
2024-01-14 00:00:00,95.85,96.99,94.32,96.93
2024-01-14 04:00:00,96.92,98.85,95.97,98.28
2024-01-14 08:00:00,98.28,98.6,96.59,96.74
2024-01-14 12:00:00,96.75,99.74,96.26,99.49
2024-01-14 16:00:00,99.49,102.87,96,96.14
2024-01-14 20:00:00,96.14,97.71,93.62,93.81
2024-01-15 00:00:00,93.81,96.96,93.81,95.9
2024-01-15 04:00:00,95.9,96.82,94.89,95.59
2024-01-15 08:00:00,95.58,95.98,94.41,95.52
2024-01-15 12:00:00,95.51,95.79,92.97,93.51
2024-01-15 16:00:00,93.5,96.82,93.26,96.01
2024-01-15 20:00:00,96.02,96.5,93.1,94.36
2024-01-16 00:00:00,94.35,96.24,94.34,96.19
2024-01-16 04:00:00,96.19,98.22,95.29,97.73
2024-01-16 08:00:00,97.73,98.29,96.27,96.7
2024-01-16 12:00:00,96.7,97.74,94.16,97.25
2024-01-16 16:00:00,97.25,97.85,96.1,96.78
2024-01-16 20:00:00,96.78,98.73,96.71,97.61
2024-01-17 00:00:00,97.6,101.09,97.31,99.96
2024-01-17 04:00:00,99.96,100.36,97.09,97.32
2024-01-17 08:00:00,97.32,102.8,96.5,102.02
2024-01-17 12:00:00,102.01,102.75,99.15,99.38
2024-01-17 16:00:00,99.37,101.3,97.25,100.79
2024-01-17 20:00:00,100.79,102.35,100,102.1
2024-01-18 00:00:00,102.1,103.59,99.54,99.91
2024-01-18 04:00:00,99.91,101.5,99.46,100.76
2024-01-18 08:00:00,100.75,101.27,98.27,98.96
2024-01-18 12:00:00,98.95,99.25,97.76,98.25
2024-01-18 16:00:00,98.25,98.26,91.41,92.36
2024-01-18 20:00:00,92.37,94.88,92.21,94.4
2024-01-19 00:00:00,94.39,94.79,91.47,93.09
2024-01-19 04:00:00,93.09,95.39,92.85,94.48
2024-01-19 08:00:00,94.49,95.47,93.83,94.78
2024-01-19 12:00:00,94.78,94.78,90.71,91.2
2024-01-19 16:00:00,91.21,94.73,87.04,94.12
2024-01-19 20:00:00,94.12,94.95,92.71,93.62
2024-01-20 00:00:00,93.62,94.27,92.04,93.58
2024-01-20 04:00:00,93.59,93.69,91.68,91.9
2024-01-20 08:00:00,91.89,92.33,91.1,91.98
2024-01-20 12:00:00,91.98,92.25,90.2,90.84
2024-01-20 16:00:00,90.84,92.58,90.72,92.01
2024-01-20 20:00:00,92.02,93.44,91.78,92.88
2024-01-21 00:00:00,92.88,93.38,91.84,92.92
2024-01-21 04:00:00,92.93,93.06,91.83,92.35
2024-01-21 08:00:00,92.35,93.93,92.2,93.16
2024-01-21 12:00:00,93.17,93.74,91.99,92.5
2024-01-21 16:00:00,92.51,92.89,91.67,92.46
2024-01-21 20:00:00,92.46,92.61,90.79,91.09
2024-01-22 00:00:00,91.08,91.9,88.15,89.34
2024-01-22 04:00:00,89.35,90.17,88.2,89.22
2024-01-22 08:00:00,89.22,89.22,86.2,88.36
2024-01-22 12:00:00,88.36,90,85.65,87.26
2024-01-22 16:00:00,87.29,87.67,82.06,83.64
2024-01-22 20:00:00,83.64,86.35,83.17,83.84
2024-01-23 00:00:00,83.84,85.9,83.6,85.18
2024-01-23 04:00:00,85.18,86,82.24,82.83
2024-01-23 08:00:00,82.82,83.5,79,80.22
2024-01-23 12:00:00,80.21,83.4,79,82.71
2024-01-23 16:00:00,82.71,84,80.84,80.92
2024-01-23 20:00:00,80.92,84.44,80.41,84.35
2024-01-24 00:00:00,84.36,85.78,83.39,83.55
2024-01-24 04:00:00,83.57,86.84,83.3,86.16
2024-01-24 08:00:00,86.16,88.57,85.94,87.21
2024-01-24 12:00:00,87.22,88,85.24,86.99
2024-01-24 16:00:00,86.99,87.85,85.54,86.37
2024-01-24 20:00:00,86.36,89.47,85.9,88.77
2024-01-25 00:00:00,88.77,89.64,87.69,88.35
2024-01-25 04:00:00,88.34,88.65,86.74,88.2
2024-01-25 08:00:00,88.19,89.37,86.55,89.03
2024-01-25 12:00:00,89.03,89.3,86.01,86.41
2024-01-25 16:00:00,86.42,88.19,85.09,87.75
2024-01-25 20:00:00,87.75,87.83,86.45,86.91
2024-01-26 00:00:00,86.9,88.3,85.96,87.96
2024-01-26 04:00:00,87.96,88.5,86.71,87.02
2024-01-26 08:00:00,87.03,92.4,87.01,91.95
2024-01-26 12:00:00,91.96,92.68,90.12,92.42
2024-01-26 16:00:00,92.42,93.72,92.22,92.84
2024-01-26 20:00:00,92.83,93.72,91.7,92.28
2024-01-27 00:00:00,92.29,93.78,92.06,92.69
2024-01-27 04:00:00,92.7,92.81,90.78,91.2
2024-01-27 08:00:00,91.21,92.29,90.68,92.02
2024-01-27 12:00:00,92.02,92.99,91.64,92.83
2024-01-27 16:00:00,92.83,93.44,92.19,93.1
2024-01-27 20:00:00,93.11,94.5,92.86,94.28
2024-01-28 00:00:00,94.27,96.76,93.31,96.65
2024-01-28 04:00:00,96.65,97.38,95.24,95.76
2024-01-28 08:00:00,95.76,99.44,95.55,98.4
2024-01-28 12:00:00,98.4,98.6,96.64,97.07
2024-01-28 16:00:00,97.07,97.92,93.94,94.49
2024-01-28 20:00:00,94.48,96.35,93.45,95.98
2024-01-29 00:00:00,95.99,98.99,95.06,97.85
2024-01-29 04:00:00,97.85,97.99,96.21,96.72
2024-01-29 08:00:00,96.72,97.99,96.26,97.44
2024-01-29 12:00:00,97.44,100.29,95.5,99.92
2024-01-29 16:00:00,99.91,101.79,98.97,100.54
2024-01-29 20:00:00,100.54,101.98,100.51,101.68
2024-01-30 00:00:00,101.67,103.8,100.95,102.12
2024-01-30 04:00:00,102.11,103.42,101.71,102.89
2024-01-30 08:00:00,102.88,106.4,102.4,106.07
2024-01-30 12:00:00,106.07,106.49,103.52,104.78
2024-01-30 16:00:00,104.77,105.69,103.25,105.27
2024-01-30 20:00:00,105.27,105.6,101,101.4
2024-01-31 00:00:00,101.4,101.95,98.66,101.13
2024-01-31 04:00:00,101.13,101.82,100.02,101.66
2024-01-31 08:00:00,101.65,101.95,97.34,99.15
2024-01-31 12:00:00,99.15,101.9,97.52,101.55
2024-01-31 16:00:00,101.54,102.73,99.63,100.99
2024-01-31 20:00:00,100.99,101.23,95.9,96.96
2024-02-01 00:00:00,96.96,97.69,93.34,93.6
2024-02-01 04:00:00,93.6,95.79,93.11,94.94
2024-02-01 08:00:00,94.93,96.75,94.61,95.46
2024-02-01 12:00:00,95.45,97.5,94.67,96
2024-02-01 16:00:00,96,97.97,94.68,97.87
2024-02-01 20:00:00,97.87,98.11,96.91,97.81
2024-02-02 00:00:00,97.81,100.05,97.39,98.97
2024-02-02 04:00:00,98.98,101.53,98.41,101.21
2024-02-02 08:00:00,101.21,102.35,99.92,101.97
2024-02-02 12:00:00,101.97,102.57,98.32,101.3
2024-02-02 16:00:00,101.3,102.2,98.23,99.46
2024-02-02 20:00:00,99.47,100.84,98.89,100.58
2024-02-03 00:00:00,100.57,101.24,99.15,99.23
2024-02-03 04:00:00,99.23,100.09,98,99.11
2024-02-03 08:00:00,99.11,99.38,98.38,98.66
2024-02-03 12:00:00,98.65,98.95,96.53,98
2024-02-03 16:00:00,98,98.76,97.2,98.16
2024-02-03 20:00:00,98.16,98.47,97.57,97.96
2024-02-04 00:00:00,97.95,98.59,96.86,98.35
2024-02-04 04:00:00,98.35,98.36,96.13,96.51
2024-02-04 08:00:00,96.51,98.26,95.9,97.91
2024-02-04 12:00:00,97.91,98.4,97.22,97.62
2024-02-04 16:00:00,97.62,97.68,96.13,96.35
2024-02-04 20:00:00,96.34,97.02,95.08,95.49
2024-02-05 00:00:00,95.48,96.2,94.11,96.04
2024-02-05 04:00:00,96.04,98.04,95.8,97.62
2024-02-05 08:00:00,97.61,98.24,96.91,97.88
2024-02-05 12:00:00,97.88,98.7,95.23,95.6
2024-02-05 16:00:00,95.61,96.53,95.34,95.94
2024-02-05 20:00:00,95.94,96.12,94.25,95.66
2024-02-06 00:00:00,95.66,96.79,95.22,96.01
2024-02-06 04:00:00,96.01,96.1,94.89,95.77
2024-02-06 08:00:00,95.76,96.35,92.88,94.29
2024-02-06 12:00:00,94.29,95.85,93.32,95.76
2024-02-06 16:00:00,95.76,97.67,95.11,97.58
2024-02-06 20:00:00,97.58,97.88,96.69,96.88
2024-02-07 00:00:00,96.87,97.45,95.47,95.5
2024-02-07 04:00:00,95.51,96.2,95.01,95.57
2024-02-07 08:00:00,95.58,96,94.62,95.14
2024-02-07 12:00:00,95.14,96.67,95.1,96.26
2024-02-07 16:00:00,96.26,98.12,96.14,97.08
2024-02-07 20:00:00,97.09,101.58,97.08,101.14
2024-02-08 00:00:00,101.14,102.54,100.92,101.77
2024-02-08 04:00:00,101.76,102.04,100.51,100.83
2024-02-08 08:00:00,100.82,102.32,100.78,101.24
2024-02-08 12:00:00,101.24,104.98,101,104.83
2024-02-08 16:00:00,104.83,104.92,101.75,102.31
2024-02-08 20:00:00,102.3,103.4,102.3,102.76
2024-02-09 00:00:00,102.77,105.77,102.76,104.35
2024-02-09 04:00:00,104.34,105.74,103.78,105.28
2024-02-09 08:00:00,105.28,106.4,103.88,105.89
2024-02-09 12:00:00,105.89,107,104.06,105.64
2024-02-09 16:00:00,105.64,106.48,104.34,104.99
2024-02-09 20:00:00,104.99,109.13,104.83,106.94
2024-02-10 00:00:00,106.94,110.71,106.86,110.67
2024-02-10 04:00:00,110.67,110.86,108.67,108.87
2024-02-10 08:00:00,108.86,109.65,107.22,108.14
2024-02-10 12:00:00,108.14,108.81,107.15,108.53
2024-02-10 16:00:00,108.54,109.58,107.77,109.19
2024-02-10 20:00:00,109.18,110.42,108.61,109.01
2024-02-11 00:00:00,109.01,109.75,107.75,109.43
2024-02-11 04:00:00,109.43,109.93,108.75,109.22
2024-02-11 08:00:00,109.21,110.33,108.55,109.72
2024-02-11 12:00:00,109.71,110.67,108.67,108.82
2024-02-11 16:00:00,108.81,109.11,107.65,108.19
2024-02-11 20:00:00,108.19,108.79,107.24,107.46
2024-02-12 00:00:00,107.46,109.34,104.56,106.27
2024-02-12 04:00:00,106.28,106.41,104.63,105.93
2024-02-12 08:00:00,105.92,106.34,103.4,104.21
2024-02-12 12:00:00,104.21,109.03,103.79,108.86
2024-02-12 16:00:00,108.87,111.3,107.56,109.79
2024-02-12 20:00:00,109.79,112.22,109.67,111.64
2024-02-13 00:00:00,111.65,114.99,111.64,113.02
2024-02-13 04:00:00,113.02,114.63,112.99,114.02
2024-02-13 08:00:00,114.02,115.15,112.28,114.14
2024-02-13 12:00:00,114.13,114.21,108.89,110.31
2024-02-13 16:00:00,110.33,112.32,108.25,111.51
2024-02-13 20:00:00,111.52,113.76,111.47,112.48
2024-02-14 00:00:00,112.49,112.54,110.61,111.86
2024-02-14 04:00:00,111.87,113.31,111.2,113.06
2024-02-14 08:00:00,113.06,116.4,112.76,115.66
2024-02-14 12:00:00,115.66,118.69,115.05,116.88
2024-02-14 16:00:00,116.89,117,115,116.06
2024-02-14 20:00:00,116.05,117.32,115.93,116.97
2024-02-15 00:00:00,116.97,118.39,115.92,117.23
2024-02-15 04:00:00,117.23,117.27,114.54,115.01
2024-02-15 08:00:00,115,117.02,114.72,116.07
2024-02-15 12:00:00,116.06,117.28,112.97,114.05
2024-02-15 16:00:00,114.04,115.06,112.88,114.02
2024-02-15 20:00:00,114,114.39,111.51,113.5
2024-02-16 00:00:00,113.5,114.25,112.12,113.84
2024-02-16 04:00:00,113.84,113.98,111.39,111.48
2024-02-16 08:00:00,111.47,112.69,110.06,112.11
2024-02-16 12:00:00,112.11,113.19,107.94,109.67
2024-02-16 16:00:00,109.67,110.42,108.17,108.65
2024-02-16 20:00:00,108.65,110.71,108.35,110.33
2024-02-17 00:00:00,110.32,111.08,109.16,109.89
2024-02-17 04:00:00,109.89,110.44,108.62,110.34
2024-02-17 08:00:00,110.34,110.81,108.37,109.38
2024-02-17 12:00:00,109.38,109.55,105,107.2
2024-02-17 16:00:00,107.19,108.07,106.47,108.01
2024-02-17 20:00:00,108.01,109.66,107.75,108.92
2024-02-18 00:00:00,108.92,109.76,107.51,108.38
2024-02-18 04:00:00,108.38,110,108.04,109.23
2024-02-18 08:00:00,109.23,112.97,108.82,111.78
2024-02-18 12:00:00,111.78,112.48,110.68,112.32
2024-02-18 16:00:00,112.32,114.04,111.7,112.73
2024-02-18 20:00:00,112.73,113.64,111.87,112.24
2024-02-19 00:00:00,112.25,112.92,111.21,111.68
2024-02-19 04:00:00,111.67,113.65,111.14,113.22
2024-02-19 08:00:00,113.23,113.37,110.75,112.67
2024-02-19 12:00:00,112.67,114.87,111.72,113.69
2024-02-19 16:00:00,113.69,114.17,111.48,111.94
2024-02-19 20:00:00,111.93,113.06,111.1,111.53
2024-02-20 00:00:00,111.53,112.11,109.07,109.48
2024-02-20 04:00:00,109.49,111.11,108,109.42
2024-02-20 08:00:00,109.41,110.82,108.06,110.42
2024-02-20 12:00:00,110.41,110.75,103,106.62
2024-02-20 16:00:00,106.62,107.6,104.69,107.33
2024-02-20 20:00:00,107.32,109.8,106.72,108.31
2024-02-21 00:00:00,108.32,108.4,106.39,106.63
2024-02-21 04:00:00,106.63,107.05,104.36,104.85
2024-02-21 08:00:00,104.85,105.6,102.28,102.73
2024-02-21 12:00:00,102.73,104.37,101.01,103.86
2024-02-21 16:00:00,103.86,104.49,100.23,102.04
2024-02-21 20:00:00,102.04,105.69,101.39,105.03
2024-02-22 00:00:00,105.04,105.09,102.07,103.58
2024-02-22 04:00:00,103.59,105.42,103.21,105.07
2024-02-22 08:00:00,105.08,107.1,104.85,105.84
2024-02-22 12:00:00,105.83,106.15,103.18,105.39
2024-02-22 16:00:00,105.4,105.47,103.33,103.54
2024-02-22 20:00:00,103.55,105.33,101.53,101.76
2024-02-23 00:00:00,101.75,102.87,101,101.83
2024-02-23 04:00:00,101.82,103.1,101.39,101.98
2024-02-23 08:00:00,101.98,103.01,101.2,102.67
2024-02-23 12:00:00,102.68,102.91,100.18,100.29
2024-02-23 16:00:00,100.29,101.7,98.64,101.39
2024-02-23 20:00:00,101.4,101.76,98.86,99.9
2024-02-24 00:00:00,99.91,100.77,98.48,100.23
2024-02-24 04:00:00,100.22,102.31,100.18,102.24
2024-02-24 08:00:00,102.24,102.8,101.53,102.13
2024-02-24 12:00:00,102.14,102.58,101.7,101.95
2024-02-24 16:00:00,101.96,104.16,101.91,104.05
2024-02-24 20:00:00,104.05,104.85,103.68,104.01
2024-02-25 00:00:00,104.02,104.43,102.18,103.38
2024-02-25 04:00:00,103.38,103.67,102.7,103.03
2024-02-25 08:00:00,103.02,103.1,102,102.8
2024-02-25 12:00:00,102.79,103.8,102.29,102.78
2024-02-25 16:00:00,102.78,103.7,102.17,103.36
2024-02-25 20:00:00,103.37,104.34,103.01,103.47
2024-02-26 00:00:00,103.47,104.8,102.26,103.49
2024-02-26 04:00:00,103.48,104.25,102.92,103.3
2024-02-26 08:00:00,103.3,104.15,100.6,100.95
2024-02-26 12:00:00,100.95,105.05,100.29,104.97
2024-02-26 16:00:00,104.96,110.27,104.53,109.69
2024-02-26 20:00:00,109.7,110.89,108.4,109.9
2024-02-27 00:00:00,109.9,112.3,109.21,110.17
2024-02-27 04:00:00,110.16,111.48,108.95,110.41
2024-02-27 08:00:00,110.42,112.18,110.42,111.5
2024-02-27 12:00:00,111.49,112,106.15,106.81
2024-02-27 16:00:00,106.81,108.44,105.29,108.41
2024-02-27 20:00:00,108.41,109.34,107.53,108.36
2024-02-28 00:00:00,108.35,109.32,107.25,107.56
2024-02-28 04:00:00,107.57,110.19,107.54,110.08
2024-02-28 08:00:00,110.09,114.98,109.21,111.39
2024-02-28 12:00:00,111.39,113.33,110.48,113.07
2024-02-28 16:00:00,113.08,116.86,106.85,111.34
2024-02-28 20:00:00,111.33,119.06,110.1,119.03
2024-02-29 00:00:00,119.03,124.34,117.15,123.52
2024-02-29 04:00:00,123.51,126,121.47,125.49
2024-02-29 08:00:00,125.5,132.94,125.2,129.18
2024-02-29 12:00:00,129.17,134.48000,126.99,132.35001
2024-02-29 16:00:00,132.35001,132.99001,126.36,130.19
2024-02-29 20:00:00,130.18,131.92,122.5,125.68
2024-03-01 00:00:00,125.68,137.2,125.61,133.94
2024-03-01 04:00:00,133.95,137.8,131.59,131.92
2024-03-01 08:00:00,131.91,135.47,130.75,135.37
2024-03-01 12:00:00,135.37,135.37,130.23,131.18
2024-03-01 16:00:00,131.18,133.7,129.35,130.93
2024-03-01 20:00:00,130.92,131.78,129.32,129.43
2024-03-02 00:00:00,129.43,131.69,127.2,130.06
2024-03-02 04:00:00,130.06,130.71,127.8,129.16
2024-03-02 08:00:00,129.16,130.53,127.28,128.69
2024-03-02 12:00:00,128.69,130.44,127.35,127.91
2024-03-02 16:00:00,127.92,130.79,127.46,130.63
2024-03-02 20:00:00,130.63,131.46,128.19,130.02
2024-03-03 00:00:00,130.03,130.73,128.23,130.15
2024-03-03 04:00:00,130.14,130.56,124.17,126.76
2024-03-03 08:00:00,126.77,131.35,125,128.71
2024-03-03 12:00:00,128.7,129.6,127.5,129.36
2024-03-03 16:00:00,129.35,131.14,128.77,130.17
2024-03-03 20:00:00,130.17,132.11,129.48,130.16
2024-03-04 00:00:00,130.16,133,128.42,128.98
2024-03-04 04:00:00,128.97,129.89,128.5,129.6
2024-03-04 08:00:00,129.61,134.95,129.47,132.58
2024-03-04 12:00:00,132.59,133.71,129.35,131.77
2024-03-04 16:00:00,131.76,132.03,127.35,129.53
2024-03-04 20:00:00,129.53,133.34,128.15,133.27
2024-03-05 00:00:00,133.26,133.34,129.18,130.13
2024-03-05 04:00:00,130.12,133.03,127.68,129.48
2024-03-05 08:00:00,129.48,132.16,128.93,130.68
2024-03-05 12:00:00,130.68,142.72,130.68,139.18
2024-03-05 16:00:00,139.19,140.59,105,119.24
2024-03-05 20:00:00,119.24,127.34,115.95,125.31
2024-03-06 00:00:00,125.31,126.87,120,122.38
2024-03-06 04:00:00,122.37,133.31,122.34,133.2
2024-03-06 08:00:00,133.2,134.95,129.04,131.93
2024-03-06 12:00:00,131.93,132.2,125.33,128.22
2024-03-06 16:00:00,128.23,132,128.03,130.81
2024-03-06 20:00:00,130.82,132.4,130.02,130.79
2024-03-07 00:00:00,130.8,141.77,130.52,138.19
2024-03-07 04:00:00,138.2,140.05,136.03,138.24
2024-03-07 08:00:00,138.25,144.45,138.06,140.28
2024-03-07 12:00:00,140.28,149,139.04,145.91
2024-03-07 16:00:00,145.92,149.3,145.21,148.75
2024-03-07 20:00:00,148.75,148.94,143.39,143.82
2024-03-08 00:00:00,143.82,146.48,143.03,144.29
2024-03-08 04:00:00,144.3,145.55,142,144.48
2024-03-08 08:00:00,144.48,149.18,144.31,148.98
2024-03-08 12:00:00,148.98,152.64,143,145.35
2024-03-08 16:00:00,145.38,150.72,142.03,147.8
2024-03-08 20:00:00,147.8,149.09,143.4,144.79
2024-03-09 00:00:00,144.79,147,143.8,145.76
2024-03-09 04:00:00,145.75,149.15,145.34,148.33
2024-03-09 08:00:00,148.34,148.75,145,146.82
2024-03-09 12:00:00,146.83,147.25,145,147
2024-03-09 16:00:00,147,147.22,143.54,145.34
2024-03-09 20:00:00,145.34,146.7,144,144.29
2024-03-10 00:00:00,144.3,148.31,143.8,146.71
2024-03-10 04:00:00,146.7,148.5,146.58,148.27
2024-03-10 08:00:00,148.27,148.49,144.88,145.42
2024-03-10 12:00:00,145.42,145.86,141.36,142.91
2024-03-10 16:00:00,142.91,145.32,142.78,145.11
2024-03-10 20:00:00,145.1,145.3,140.43,144.39
2024-03-11 00:00:00,144.39,144.5,136.49,141.17
2024-03-11 04:00:00,141.16,148.33,139.54,147.85
2024-03-11 08:00:00,147.85,150.2,147.5,148.26
2024-03-11 12:00:00,148.27,150.07,145.58,147.06
2024-03-11 16:00:00,147.06,148.31,145.76,146.67
2024-03-11 20:00:00,146.67,149.29,146.48,148.83
2024-03-12 00:00:00,148.83,155,147.12,150.9
2024-03-12 04:00:00,150.91,154.54,149.36,151.86
2024-03-12 08:00:00,151.86,153.19,147.9,150.45
2024-03-12 12:00:00,150.45,152,147.23,150.22
2024-03-12 16:00:00,150.23,150.95,141.5,149.88
2024-03-12 20:00:00,149.87,151.29,146.95,151.05
2024-03-13 00:00:00,151.06,151.64,148.71,149.28
2024-03-13 04:00:00,149.28,153,148.74,150.74
2024-03-13 08:00:00,150.74,154.69,150.45,153.73
2024-03-13 12:00:00,153.74,159.49,149.61,157.25
2024-03-13 16:00:00,157.25,161.89,156.59,161.44
2024-03-13 20:00:00,161.44,166.73,159.48,163.9
2024-03-14 00:00:00,163.9,169.28,163.09,167.45
2024-03-14 04:00:00,167.45,170,165.2,168.31
2024-03-14 08:00:00,168.3,174.07,168.14,173.09
2024-03-14 12:00:00,173.1,173.37,164,167.64
2024-03-14 16:00:00,167.64,170.2,159.2,162.42
2024-03-14 20:00:00,162.42,178.5,161.99,176.65
2024-03-15 00:00:00,176.65,186.77,170,176.02
2024-03-15 04:00:00,176.02,182.03,171.36,176.07
2024-03-15 08:00:00,176.07,177.22,164.5,170
2024-03-15 12:00:00,170,184.81,168.12,181.84
2024-03-15 16:00:00,181.85,188.98,178.18,183.32
2024-03-15 20:00:00,183.28,185.6,175.25,183.95
2024-03-16 00:00:00,183.95,189.11,180.41,187.62
2024-03-16 04:00:00,187.61,193.76,185.24,192.94
2024-03-16 08:00:00,192.93,197.95,190.51,192.68
2024-03-16 12:00:00,192.67,196.04,187.71,195.08
2024-03-16 16:00:00,195.09,195.65,178.61,180.08
2024-03-16 20:00:00,180.08,185.91,176.78,182.05
2024-03-17 00:00:00,182.05,189.39,181.75,186.5
2024-03-17 04:00:00,186.5,188.8,178.55,181.86
2024-03-17 08:00:00,181.85,193.82,179.8,191.94
2024-03-17 12:00:00,191.93,196,188.45,195.6
2024-03-17 16:00:00,195.6,198.27,192.25,195.7
2024-03-17 20:00:00,195.69,205.2,195.52,201.86
2024-03-18 00:00:00,201.85,205.49,193.8,203.93
2024-03-18 04:00:00,203.93,204.99,200,203.22
2024-03-18 08:00:00,203.23,210.18,197.9,208.08
2024-03-18 12:00:00,208.09,209.4,198.37,203.81
2024-03-18 16:00:00,203.8,206.28,195.41,198.35
2024-03-18 20:00:00,198.35,205.97,195.36,195.92
2024-03-19 00:00:00,195.92,198.68,180.11,184.21
2024-03-19 04:00:00,184.21,189.16,179,186.14
2024-03-19 08:00:00,186.14,186.2,170,177.84
2024-03-19 12:00:00,177.84,185.9,174.54,182.98
2024-03-19 16:00:00,182.98,186.36,180,181.47
2024-03-19 20:00:00,181.47,181.98,166,169.82
2024-03-20 00:00:00,169.82,177.03,169.29,169.84
2024-03-20 04:00:00,169.85,174.31,162.45,173.36
2024-03-20 08:00:00,173.35,175.3,169.39,172.06
2024-03-20 12:00:00,172.05,177.01,170.01,170.53
2024-03-20 16:00:00,170.54,184.99,165.51,182.54
2024-03-20 20:00:00,182.55,193.19,181.71,191.77
2024-03-21 00:00:00,191.76,195.68,189.3,190.28
2024-03-21 04:00:00,190.28,192.31,184.75,188.55
2024-03-21 08:00:00,188.56,191.6,185.01,189.13
2024-03-21 12:00:00,189.13,191.43,183.8,185.32
2024-03-21 16:00:00,185.32,187.95,177.03,177.91
2024-03-21 20:00:00,177.91,182.08,175.84,179.46
2024-03-22 00:00:00,179.46,181.95,173.94,179.06
2024-03-22 04:00:00,179.07,180.89,177.11,179.08
2024-03-22 08:00:00,179.07,180.2,171.62,172.05
2024-03-22 12:00:00,172.05,173.99,167.57,171.66
2024-03-22 16:00:00,171.67,173.66,168.78,172.81
2024-03-22 20:00:00,172.81,175.22,168.2,175.21
2024-03-23 00:00:00,175.21,178.14,170.38,171.9
2024-03-23 04:00:00,171.89,177.6,171.41,175.98
2024-03-23 08:00:00,175.98,177.11,174.03,175.85
2024-03-23 12:00:00,175.84,179,174.44,175.16
2024-03-23 16:00:00,175.16,176.74,173.74,174.79
2024-03-23 20:00:00,174.79,175.49,172.5,172.65
2024-03-24 00:00:00,172.65,177.39,171.5,171.7
2024-03-24 04:00:00,171.7,173.79,171.25,173.54
2024-03-24 08:00:00,173.54,176.15,173,174.84
2024-03-24 12:00:00,174.84,177.25,174.54,176.21
2024-03-24 16:00:00,176.2,176.98,172.43,176.09
2024-03-24 20:00:00,176.08,186.78,175.42,183.88
2024-03-25 00:00:00,183.87,185.47,180.92,184.81
2024-03-25 04:00:00,184.81,189.63,183.82,185.76
2024-03-25 08:00:00,185.76,191.77,185.61,187.94
2024-03-25 12:00:00,187.94,194.6,186.35,192.78
2024-03-25 16:00:00,192.78,194.5,190.35,192.24
2024-03-25 20:00:00,192.24,193,188.37,188.99
2024-03-26 00:00:00,188.98,192.05,188.07,191.64
2024-03-26 04:00:00,191.64,196.57,191.31,193.99
2024-03-26 08:00:00,194,196.26,192.01,194.8
2024-03-26 12:00:00,194.8,195.31,189.48,190.35
2024-03-26 16:00:00,190.35,191.5,186,188.29
2024-03-26 20:00:00,188.3,192.58,188.26,190.46
2024-03-27 00:00:00,190.46,192.74,188.69,189.99
2024-03-27 04:00:00,189.99,190.54,186.04,186.79
2024-03-27 08:00:00,186.8,188.68,183.51,188.53
2024-03-27 12:00:00,188.54,191.2,180,181.11
2024-03-27 16:00:00,181.11,184.18,180,182.68
2024-03-27 20:00:00,182.68,189.33,182.6,186.33
2024-03-28 00:00:00,186.34,188.09,180.92,182.17
2024-03-28 04:00:00,182.16,187.56,182,187.33
2024-03-28 08:00:00,187.32,188.59,184.7,185.39
2024-03-28 12:00:00,185.38,189.45,182.67,187.36
2024-03-28 16:00:00,187.36,187.39,184.49,186.27
2024-03-28 20:00:00,186.27,190.93,186.16,189.63
2024-03-29 00:00:00,189.64,190.74,187.6,188.34
2024-03-29 04:00:00,188.33,189.14,183.39,183.63
2024-03-29 08:00:00,183.63,186.45,183.44,185.83
2024-03-29 12:00:00,185.83,190,184.2,184.91
2024-03-29 16:00:00,184.92,187.72,184.33,187.69
2024-03-29 20:00:00,187.69,193,187.33,192.01
2024-03-30 00:00:00,192.02,194.52,190.71,192.77
2024-03-30 04:00:00,192.77,200,192.57,195.76
2024-03-30 08:00:00,195.76,198.8,193.19,197.76
2024-03-30 12:00:00,197.76,198.5,195.05,196.29
2024-03-30 16:00:00,196.3,197.9,193.44,195.45
2024-03-30 20:00:00,195.45,196.74,193.26,194.2
2024-03-31 00:00:00,194.19,197.31,193.69,194.29
2024-03-31 04:00:00,194.3,197.34,194,196.74
2024-03-31 08:00:00,196.75,197.21,195.43,195.83
2024-03-31 12:00:00,195.83,197.66,195.46,195.69
2024-03-31 16:00:00,195.69,201,195.51,200.13
2024-03-31 20:00:00,200.13,203.17,198.45,202.45
2024-04-01 00:00:00,202.45,204.46,200.82,202.58
2024-04-01 04:00:00,202.57,203.53,193.25,197.96
2024-04-01 08:00:00,197.96,198,194.73,195.14
2024-04-01 12:00:00,195.14,197.75,186.87,188.08
2024-04-01 16:00:00,188.08,193.52,187.28,193.33
2024-04-01 20:00:00,193.32,193.96,191.79,192.24
2024-04-02 00:00:00,192.24,192.24,181.71,183.59
2024-04-02 04:00:00,183.59,186.27,181,183.17
2024-04-02 08:00:00,183.18,183.85,177.49,179.87
2024-04-02 12:00:00,179.87,182.22,175.92,177.43
2024-04-02 16:00:00,177.43,186.89,176.77,185.69
2024-04-02 20:00:00,185.67,186.42,180.71,181.53
2024-04-03 00:00:00,181.53,189.09,176.92,188.47
2024-04-03 04:00:00,188.47,192,186.98,189.54
2024-04-03 08:00:00,189.54,191.66,186.41,187.75
2024-04-03 12:00:00,187.76,191.25,186.5,189.06
2024-04-03 16:00:00,189.06,191.03,184.09,185.65
2024-04-03 20:00:00,185.65,186.61,182.08,185.05
2024-04-04 00:00:00,185.05,187.4,180.83,181.52
2024-04-04 04:00:00,181.51,185.82,180.02,184.96
2024-04-04 08:00:00,184.96,186.34,184.43,185.62
2024-04-04 12:00:00,185.63,189.71,185.38,186.99
2024-04-04 16:00:00,187,190.13,185.47,185.66
2024-04-04 20:00:00,185.65,185.83,180.98,184
2024-04-05 00:00:00,184,185.07,177.6,179.42
2024-04-05 04:00:00,179.41,180.37,172.88,175.04
2024-04-05 08:00:00,175.04,177.1,169.11,169.76
2024-04-05 12:00:00,169.76,177.36,167.84,175.89
2024-04-05 16:00:00,175.89,176.9,172.44,175.4
2024-04-05 20:00:00,175.4,176.83,174.11,174.37
2024-04-06 00:00:00,174.37,176.55,173.54,175.93
2024-04-06 04:00:00,175.93,178.21,174.89,177.27
2024-04-06 08:00:00,177.27,178.45,175.28,175.69
2024-04-06 12:00:00,175.69,177.32,173.79,177.17
2024-04-06 16:00:00,177.16,178.99,176.5,177.37
2024-04-06 20:00:00,177.37,179.89,176.74,178.68
2024-04-07 00:00:00,178.69,182.71,177.26,180.65
2024-04-07 04:00:00,180.66,181.31,179.05,179.75
2024-04-07 08:00:00,179.74,180.87,178.66,180.73
2024-04-07 12:00:00,180.72,182.31,179.49,179.64
2024-04-07 16:00:00,179.65,182.68,177.69,178.27
2024-04-07 20:00:00,178.28,180.05,176.85,179.52
2024-04-08 00:00:00,179.51,179.53,175.25,176.41
2024-04-08 04:00:00,176.4,181.12,175.75,180.15
2024-04-08 08:00:00,180.15,184.68,179.72,182.6
2024-04-08 12:00:00,182.73,183.6,179.35,181.46
2024-04-08 16:00:00,181.46,182.12,178.54,179.38
2024-04-08 20:00:00,179.38,181.66,179.19,180.68
2024-04-09 00:00:00,180.68,180.9,176.5,177.5
2024-04-09 04:00:00,177.5,178.67,175.02,175.62
2024-04-09 08:00:00,175.61,176.44,173.17,176.21
2024-04-09 12:00:00,176.2,176.68,169.11,172.47
2024-04-09 16:00:00,172.48,177.65,171.76,174.33
2024-04-09 20:00:00,174.32,176.01,172.14,172.42
2024-04-10 00:00:00,172.41,173.09,169.24,171.39
2024-04-10 04:00:00,171.39,173.65,170.89,172.76
2024-04-10 08:00:00,172.76,172.78,168.24,170.21
2024-04-10 12:00:00,170.21,170.68,162.28,167.92
2024-04-10 16:00:00,167.92,173.08,167,171.31
2024-04-10 20:00:00,171.31,175.5,170.22,173.31
2024-04-11 00:00:00,173.3,173.38,171.09,172.76
2024-04-11 04:00:00,172.77,175.99,171.65,174.46
2024-04-11 08:00:00,174.46,175.4,170.14,170.52
2024-04-11 12:00:00,170.52,175.4,170.24,173.39
2024-04-11 16:00:00,173.4,176.32,172,174.63
2024-04-11 20:00:00,174.64,175.65,172,172.37
2024-04-12 00:00:00,172.37,174.34,172.33,174.06
2024-04-12 04:00:00,174.05,175.98,172.92,173.25
2024-04-12 08:00:00,173.24,173.65,171.34,172.67
2024-04-12 12:00:00,172.67,172.71,166.49,167.36
2024-04-12 16:00:00,167.35,167.82,141,149.26
2024-04-12 20:00:00,149.25,154.36,148.73,153.16
2024-04-13 00:00:00,153.16,153.46,145.47,151.77
2024-04-13 04:00:00,151.77,155,150.55,151.02
2024-04-13 08:00:00,151.02,153.39,149.46,151.23
2024-04-13 12:00:00,151.22,153,148,148.99
2024-04-13 16:00:00,148.99,149.64,130,133.73
2024-04-13 20:00:00,133.73,143.46,116,138.47
2024-04-14 00:00:00,138.47,140.96,130.45,134.91
2024-04-14 04:00:00,134.9,144.56,133.85,144.06
2024-04-14 08:00:00,144.05,145.6,138.25,138.84
2024-04-14 12:00:00,138.84,143.27,135.49,137.99
2024-04-14 16:00:00,137.99,143.16,133.44,141.78
2024-04-14 20:00:00,141.77,152.84,139.83,151.25
2024-04-15 00:00:00,151.26,151.27,146.4,148.11
2024-04-15 04:00:00,148.11,156.06,146.08,153.75
2024-04-15 08:00:00,153.74,155,150.79,150.95
2024-04-15 12:00:00,150.94,152.24,141.39,143.31
2024-04-15 16:00:00,143.32,144.56,133.56,137.89
2024-04-15 20:00:00,137.89,140.17,135.4,138.51
2024-04-16 00:00:00,138.51,140.57,133.62,134.6
2024-04-16 04:00:00,134.6,138.9,130.14,137.87
2024-04-16 08:00:00,137.86,138.04,129.77,136.18
2024-04-16 12:00:00,136.19,136.19,127.43,127.62
2024-04-16 16:00:00,127.61,135.43,126.4,132.14
2024-04-16 20:00:00,132.14,137.96,131.63,136.22
2024-04-17 00:00:00,136.21,138.24,134.88,137.41
2024-04-17 04:00:00,137.41,142.77,136.67,139.46
2024-04-17 08:00:00,139.46,140.25,134,134.29
2024-04-17 12:00:00,134.28,135.15,127.59,128.71
2024-04-17 16:00:00,128.72,137.91,126.87,134.62
2024-04-17 20:00:00,134.62,138,131.61,131.84
2024-04-18 00:00:00,131.84,136.65,129.65,135.58
2024-04-18 04:00:00,135.57,136.83,128.96,129.43
2024-04-18 08:00:00,129.44,137,127.62,135.81
2024-04-18 12:00:00,135.8,141.5,131.95,138.99
2024-04-18 16:00:00,139,141.53,135.51,140.29
2024-04-18 20:00:00,140.3,144.25,139.55,142.07
2024-04-19 00:00:00,142.08,142.08,128.5,136.54
2024-04-19 04:00:00,136.54,146.93,136.2,143.32
2024-04-19 08:00:00,143.31,146.01,142.31,144.44
2024-04-19 12:00:00,144.43,147.49,141.67,146.19
2024-04-19 16:00:00,146.18,147.46,143.61,145.49
2024-04-19 20:00:00,145.5,145.73,139.97,142.5
2024-04-20 00:00:00,142.5,143.5,139.66,142.4
2024-04-20 04:00:00,142.4,145,141.59,143.51
2024-04-20 08:00:00,143.52,143.57,140,141.55
2024-04-20 12:00:00,141.55,147.8,140.96,147.19
2024-04-20 16:00:00,147.2,151.99,146.32,151.2
2024-04-20 20:00:00,151.2,152.39,149.1,151.22
2024-04-21 00:00:00,151.21,153.5,148.07,150.63
2024-04-21 04:00:00,150.63,151.74,149.88,151.12
2024-04-21 08:00:00,151.12,152.65,149.57,151.46
2024-04-21 12:00:00,151.46,151.74,148.4,150.14
2024-04-21 16:00:00,150.14,150.32,146.68,148
2024-04-21 20:00:00,147.99,150.8,147.46,148.8
2024-04-22 00:00:00,148.81,151.5,146.63,150.35
2024-04-22 04:00:00,150.35,156.64,149.93,153.62
2024-04-22 08:00:00,153.63,154.64,152.23,153.28
2024-04-22 12:00:00,153.29,154.95,151.55,153.45
2024-04-22 16:00:00,153.44,156.11,152.41,154.55
2024-04-22 20:00:00,154.55,158.5,154.12,156.95
2024-04-23 00:00:00,156.94,159.33,155.43,155.51
2024-04-23 04:00:00,155.5,156.82,153.04,153.62
2024-04-23 08:00:00,153.62,155.6,153.16,154.08
2024-04-23 12:00:00,154.07,159.77,153.57,157.92
2024-04-23 16:00:00,157.93,160,157.12,157.48
2024-04-23 20:00:00,157.49,157.78,154.57,154.75
2024-04-24 00:00:00,154.75,158.89,154.42,156.73
2024-04-24 04:00:00,156.72,159.8,156.26,157.84
2024-04-24 08:00:00,157.84,159.39,156.5,159.33
2024-04-24 12:00:00,159.32,159.67,151.1,151.51
2024-04-24 16:00:00,151.51,153.85,147.4,149.83
2024-04-24 20:00:00,149.82,150.49,145.58,147.78
2024-04-25 00:00:00,147.79,149.6,144.75,146.03
2024-04-25 04:00:00,146.03,148.55,144.73,146.3
2024-04-25 08:00:00,146.3,147.5,143.13,144.8
2024-04-25 12:00:00,144.8,148.47,142.09,147.81
2024-04-25 16:00:00,147.81,149.6,146.53,146.86
2024-04-25 20:00:00,146.86,148.9,144.71,144.84
2024-04-26 00:00:00,144.83,145.09,141.44,143.25
2024-04-26 04:00:00,143.26,144.85,142.4,143.45
2024-04-26 08:00:00,143.46,144.6,142.26,143.15
2024-04-26 12:00:00,143.15,146.19,141.11,142.7
2024-04-26 16:00:00,142.7,144.25,141.69,142.65
2024-04-26 20:00:00,142.69,143.81,138.74,139.23
2024-04-27 00:00:00,139.23,140.22,132.88,136.3
2024-04-27 04:00:00,136.29,137.23,135.54,136.15
2024-04-27 08:00:00,136.16,136.81,135.26,135.89
2024-04-27 12:00:00,135.88,139.83,135.68,137.72
2024-04-27 16:00:00,137.72,142.5,137.46,142.3
2024-04-27 20:00:00,142.3,143.04,140,141.31
2024-04-28 00:00:00,141.31,144.82,140.74,143.83
2024-04-28 04:00:00,143.83,144.47,142.88,143.54
2024-04-28 08:00:00,143.54,143.93,140.89,141.2
2024-04-28 12:00:00,141.19,142.96,141.11,141.98
2024-04-28 16:00:00,141.98,144,141.79,142.06
2024-04-28 20:00:00,142.06,142.34,137.03,137.99
2024-04-29 00:00:00,137.99,138.93,134.52,134.93
2024-04-29 04:00:00,134.93,136.77,134,134.96
2024-04-29 08:00:00,134.95,136.71,133.67,134.68
2024-04-29 12:00:00,134.67,137.68,133.94,136.49
2024-04-29 16:00:00,136.49,136.68,133.38,134.98
2024-04-29 20:00:00,134.98,138.69,134.05,137.77
2024-04-30 00:00:00,137.79,139.77,134.98,136.51
2024-04-30 04:00:00,136.52,136.77,134.66,135.1
2024-04-30 08:00:00,135.08,135.53,128.26,128.78
2024-04-30 12:00:00,128.78,130.39,126.7,127.76
2024-04-30 16:00:00,127.75,127.75,121.21,123.04
2024-04-30 20:00:00,123.04,128.81,123.01,126.77
2024-05-01 00:00:00,126.76,127.57,123.77,126.23
2024-05-01 04:00:00,126.23,126.9,118.47,120.58
2024-05-01 08:00:00,120.57,123.09,118.6,123.06
2024-05-01 12:00:00,123.06,125.03,121.41,123.4
2024-05-01 16:00:00,123.4,135.97,122.64,129.73
2024-05-01 20:00:00,129.74,135.21,128.81,134.64
2024-05-02 00:00:00,134.64,134.98,128.66,130.06
2024-05-02 04:00:00,130.06,135.5,128.19,131.39
2024-05-02 08:00:00,131.38,138.97,131.08,138.74
2024-05-02 12:00:00,138.74,140.46,135.06,139.09
2024-05-02 16:00:00,139.1,139.84,136.96,138.05
2024-05-02 20:00:00,138.06,140.9,135.55,137.58
2024-05-03 00:00:00,137.58,141.96,136.72,141.01
2024-05-03 04:00:00,141.01,141.55,136.68,137.23
2024-05-03 08:00:00,137.23,139.18,135.88,136.88
2024-05-03 12:00:00,136.88,143.97,136.47,142.09
2024-05-03 16:00:00,142.09,143.16,141.14,142.77
2024-05-03 20:00:00,142.76,145,142.45,143.69
2024-05-04 00:00:00,143.7,145,142.22,144.22
2024-05-04 04:00:00,144.21,146.5,143.71,143.96
2024-05-04 08:00:00,143.96,149.14,143.92,146.49
2024-05-04 12:00:00,146.52,148.26,145.6,146.18
2024-05-04 16:00:00,146.18,147.5,145.25,147.4
2024-05-04 20:00:00,147.41,147.87,145.8,146.05
2024-05-05 00:00:00,146.05,147.25,143.1,144.62
2024-05-05 04:00:00,144.62,146,144.14,145.64
2024-05-05 08:00:00,145.65,146.74,145.11,146.63
2024-05-05 12:00:00,146.63,148,145.35,147.49
2024-05-05 16:00:00,147.5,147.88,145.67,146.07
2024-05-05 20:00:00,146.07,146.13,144.7,145.73
2024-05-06 00:00:00,145.74,148.08,145.4,146.28
2024-05-06 04:00:00,146.27,149.34,145.93,148.73
2024-05-06 08:00:00,148.74,156.89,148.73,153.99
2024-05-06 12:00:00,153.99,156.31,149.72,153.82
2024-05-06 16:00:00,153.83,154.21,150.84,153.48
2024-05-06 20:00:00,153.49,155.74,152.5,152.82
2024-05-07 00:00:00,152.81,158.05,151.92,153.89
2024-05-07 04:00:00,153.88,156.27,153.13,155.13
2024-05-07 08:00:00,155.14,159.19,154.84,154.97
2024-05-07 12:00:00,154.97,157.07,152.01,154.71
2024-05-07 16:00:00,154.7,155.5,150.77,151.19
2024-05-07 20:00:00,151.18,152.43,147.76,148.03
2024-05-08 00:00:00,148.03,149.96,147.2,149.5
2024-05-08 04:00:00,149.5,152,145.74,146.42
2024-05-08 08:00:00,146.41,147,144.78,145.39
2024-05-08 12:00:00,145.39,148.94,144.4,145.86
2024-05-08 16:00:00,145.86,149.12,144.65,145.48
2024-05-08 20:00:00,145.48,145.93,140,142.18
2024-05-09 00:00:00,142.17,144.87,141.92,144.14
2024-05-09 04:00:00,144.13,145.89,142.09,143.27
2024-05-09 08:00:00,143.26,144.01,140.61,142.8
2024-05-09 12:00:00,142.8,148,141.62,146.47
2024-05-09 16:00:00,146.47,150.98,145.73,150.86
2024-05-09 20:00:00,150.85,153.39,149.25,152.57
2024-05-10 00:00:00,152.56,155,151.34,153.93
2024-05-10 04:00:00,153.93,155.75,152.27,154.34
2024-05-10 08:00:00,154.35,155.18,152.97,155.01
2024-05-10 12:00:00,155.01,155.4,145.34,146.94
2024-05-10 16:00:00,146.95,148.78,145.12,147.17
2024-05-10 20:00:00,147.17,148.05,144.49,146.01
2024-05-11 00:00:00,146.02,147.7,143.33,143.64
2024-05-11 04:00:00,143.65,146.46,143.54,145.78
2024-05-11 08:00:00,145.77,145.86,143.12,144.25
2024-05-11 12:00:00,144.24,147.04,143.86,145.65
2024-05-11 16:00:00,145.65,146.71,144.81,146.44
2024-05-11 20:00:00,146.43,146.54,145.09,145.42
2024-05-12 00:00:00,145.42,146.95,145.2,146.4
2024-05-12 04:00:00,146.41,147.8,143.65,144.22
2024-05-12 08:00:00,144.23,146.36,143.83,145.07
2024-05-12 12:00:00,145.07,145.72,144,145.2
2024-05-12 16:00:00,145.2,146.4,144.35,144.96
2024-05-12 20:00:00,144.96,145.27,142.5,143.43
2024-05-13 00:00:00,143.42,145.94,138.35,140.13
2024-05-13 04:00:00,140.13,144.2,137.78,143.56
2024-05-13 08:00:00,143.56,147.5,143.55,145.62
2024-05-13 12:00:00,145.61,148.28,144.8,147.26
2024-05-13 16:00:00,147.26,150.88,145.79,148.81
2024-05-13 20:00:00,148.8,149.61,146.76,147.54
2024-05-14 00:00:00,147.53,148.27,145.7,146.34
2024-05-14 04:00:00,146.32,149.09,143.71,146.54
2024-05-14 08:00:00,146.54,147.48,145.36,146.59
2024-05-14 12:00:00,146.59,148.42,141.84,142.92
2024-05-14 16:00:00,142.92,144.68,141.82,143.8
2024-05-14 20:00:00,143.8,143.91,141.9,142.03
2024-05-15 00:00:00,142.03,144.18,141.21,143.96
2024-05-15 04:00:00,143.96,144.62,143.12,144.29
2024-05-15 08:00:00,144.28,146.08,143.11,144.19
2024-05-15 12:00:00,144.19,154.06,143.64,151.61
2024-05-15 16:00:00,151.61,155,150.99,154.92
2024-05-15 20:00:00,154.92,158.88,154.25,158.52
2024-05-16 00:00:00,158.52,163.9,158.14,163.11
2024-05-16 04:00:00,163.11,163.64,161.31,162.78
2024-05-16 08:00:00,162.78,164.79,161.77,163.73
2024-05-16 12:00:00,163.72,163.74,157.6,160.45
2024-05-16 16:00:00,160.46,160.55,156.46,159.08
2024-05-16 20:00:00,159.09,159.59,157.41,159.37
2024-05-17 00:00:00,159.36,162.85,159.32,162.19
2024-05-17 04:00:00,162.2,170,161,169.2
2024-05-17 08:00:00,169.2,170,167.21,167.46
2024-05-17 12:00:00,167.46,170.93,165.78,169.69
2024-05-17 16:00:00,169.68,174,166.19,168.89
2024-05-17 20:00:00,168.89,169.85,167.35,169.44
2024-05-18 00:00:00,169.43,174.86,168.65,173.2
2024-05-18 04:00:00,173.21,173.9,172.05,172.31
2024-05-18 08:00:00,172.3,176.06,172.13,174.4
2024-05-18 12:00:00,174.41,174.7,171.65,172.42
2024-05-18 16:00:00,172.42,172.65,170,172.25
2024-05-18 20:00:00,172.25,173.65,171.62,172.4
2024-05-19 00:00:00,172.4,175.16,171.98,174.32
2024-05-19 04:00:00,174.32,175.5,172.35,174.17
2024-05-19 08:00:00,174.16,174.58,170.79,171.76
2024-05-19 12:00:00,171.75,171.84,165.96,168.29
2024-05-19 16:00:00,168.28,171.79,167.24,169.3
2024-05-19 20:00:00,169.31,171.7,168.21,169.93
2024-05-20 00:00:00,169.93,173.5,167.47,172.15
2024-05-20 04:00:00,172.14,178.66,171.8,178.03
2024-05-20 08:00:00,178.02,179.41,175.69,177.7
2024-05-20 12:00:00,177.72,179.5,175.33,179.01
2024-05-20 16:00:00,179.01,188.32,178.11,187.25
2024-05-20 20:00:00,187.25,187.7,182.25,186.7
2024-05-21 00:00:00,186.69,188.89,182.79,184.27
2024-05-21 04:00:00,184.27,185.03,180.02,181.28
2024-05-21 08:00:00,181.28,183.84,180.39,180.4
2024-05-21 12:00:00,180.41,181.41,176,176.75
2024-05-21 16:00:00,176.75,178.92,174.37,175.3
2024-05-21 20:00:00,175.32,178.63,175.15,178.15
2024-05-22 00:00:00,178.15,179.29,176.51,177.95
2024-05-22 04:00:00,177.95,183.09,174.96,179.89
2024-05-22 08:00:00,179.89,181.35,178.02,178.06
2024-05-22 12:00:00,178.07,182.77,176.09,181.39
2024-05-22 16:00:00,181.39,185,177.35,178.36
2024-05-22 20:00:00,178.36,180.8,176.29,176.95
2024-05-23 00:00:00,176.96,179.37,175.62,178.79
2024-05-23 04:00:00,178.79,178.86,176.25,177.44
2024-05-23 08:00:00,177.45,177.98,172.59,175.67
2024-05-23 12:00:00,175.67,176.99,168.82,172.7
2024-05-23 16:00:00,172.69,175.25,170.54,170.92
2024-05-23 20:00:00,170.92,181.04,165.35,176.16
2024-05-24 00:00:00,176.15,176.15,171.53,172.01
2024-05-24 04:00:00,172,172.01,165.12,166.16
2024-05-24 08:00:00,166.15,166.62,162.5,166.34
2024-05-24 12:00:00,166.34,169.12,165.11,167.29
2024-05-24 16:00:00,167.29,170.61,164.73,168.33
2024-05-24 20:00:00,168.33,168.75,166.66,167.7
2024-05-25 00:00:00,167.7,169.8,165.9,169.66
2024-05-25 04:00:00,169.65,170.16,168.11,168.99
2024-05-25 08:00:00,168.99,170.55,168.37,168.61
2024-05-25 12:00:00,168.61,168.91,166.48,167.83
2024-05-25 16:00:00,167.83,168.08,166.35,167.23
2024-05-25 20:00:00,167.23,168.66,166.55,168.35
2024-05-26 00:00:00,168.35,168.4,164.81,166.28
2024-05-26 04:00:00,166.28,167.02,164.56,165.33
2024-05-26 08:00:00,165.33,165.65,162.23,164.02
2024-05-26 12:00:00,164.03,165.85,162.37,162.85
2024-05-26 16:00:00,162.85,163.49,161.14,162.71
2024-05-26 20:00:00,162.71,164.16,161,163.41
2024-05-27 00:00:00,163.42,166.65,163.26,165.38
2024-05-27 04:00:00,165.38,166.43,163.83,165.52
2024-05-27 08:00:00,165.53,168.08,165,167.74
2024-05-27 12:00:00,167.73,171.47,166.68,171.04
2024-05-27 16:00:00,171.03,172.28,166.98,168.65
2024-05-27 20:00:00,168.64,171.67,168.36,170.15
2024-05-28 00:00:00,170.15,172.09,166.05,167.4
2024-05-28 04:00:00,167.4,167.58,164.92,166.09
2024-05-28 08:00:00,166.1,170.38,165.88,169.81
2024-05-28 12:00:00,169.81,173.24,166.72,168.28
2024-05-28 16:00:00,168.3,170.78,166,170.39
2024-05-28 20:00:00,170.39,170.74,168.31,168.68
2024-05-29 00:00:00,168.68,172.55,167.44,172.35
2024-05-29 04:00:00,172.35,173.93,170.79,170.8
2024-05-29 08:00:00,170.81,171.06,167.56,168.28
2024-05-29 12:00:00,168.28,170,167,168.6
2024-05-29 16:00:00,168.61,171.86,167.53,169.41
2024-05-29 20:00:00,169.41,169.94,167.77,168.32
2024-05-30 00:00:00,168.32,170.97,167.9,169.99
2024-05-30 04:00:00,169.99,170.89,164.23,165
2024-05-30 08:00:00,164.99,167.28,163.55,166.2
2024-05-30 12:00:00,166.2,169.66,166,168.48
2024-05-30 16:00:00,168.47,173,167.88,168.42
2024-05-30 20:00:00,168.43,168.43,166.18,166.88
2024-05-31 00:00:00,166.88,167.56,165.52,167.24
2024-05-31 04:00:00,167.25,167.68,165,166.62
2024-05-31 08:00:00,166.62,168.98,166.03,168.75
2024-05-31 12:00:00,168.74,170.94,164.78000,164.96001
2024-05-31 16:00:00,164.81000,166.92999,164.059998,166.28000
2024-05-31 20:00:00,166.50999,166.96001,165.14999,165.61000
2024-06-01 00:00:00,165.64999,167.80000,165.64999,167.0099945
2024-06-01 04:00:00,167.10001,167.45000,166.57001,166.80000
2024-06-01 08:00:00,166.89000,167.34000,166.61000,166.89000
2024-06-01 12:00:00,166.87000,167.89000,166.82001,167.36000
2024-06-01 16:00:00,167.20000,167.55000,166.87000,167.42999
2024-06-01 20:00:00,167.46001,167.75,165.69000,166.14000
2024-06-02 00:00:00,166.14999,167.070007,165.52000,166.20000
2024-06-02 04:00:00,166.17999,166.50999,164.96001,165.070007
2024-06-02 08:00:00,165.0099945,166.14999,164.080002,166.039993
2024-06-02 12:00:00,166.17999,166.22000,164.70000,165.16000
2024-06-02 16:00:00,165.11000,165.35001,161.42000,163.13000
2024-06-02 20:00:00,163.020004,163.64000,161.75999,163.32001
2024-06-03 00:00:00,163.039993,165.17999,161.85001,163.66000
2024-06-03 04:00:00,163.63000,165.74001,162.80000,165.30000
2024-06-03 08:00:00,165.5,166.83000,164.57001,164.83000
2024-06-03 12:00:00,164.99001,167.13000,163.080002,164.81000
2024-06-03 16:00:00,164.85001,166.87000,163.74001,166.87000
2024-06-03 20:00:00,167,167.11000,164.46001,164.89000
2024-06-04 00:00:00,164.80000,166.80000,164.42000,166.50999
2024-06-04 04:00:00,166.49001,166.98000,164.94000,165.14999
2024-06-04 08:00:00,165.39999,165.77000,164.48000,165.50999
2024-06-04 12:00:00,165.55000,167.88000,165.36000,167.88000
2024-06-04 16:00:00,168.080002,170.36000,167.92000,169.57001
2024-06-04 20:00:00,169.39999,171.86000,168.33000,171.78000
2024-06-05 00:00:00,171.84000,174.81000,171.25,172.96001
2024-06-05 04:00:00,173.059998,174.20000,172.36000,173.56000
2024-06-05 08:00:00,173.49001,174.11000,172.28000,172.92999
2024-06-05 12:00:00,172.89000,175.070007,171.33000,174.75
2024-06-05 16:00:00,174.81000,175.57001,172.59000,173.080002
2024-06-05 20:00:00,173.039993,173.80000,172.75,173.5
2024-06-06 00:00:00,173.55000,174.38000,173.16000,173.86000
2024-06-06 04:00:00,174,174,171.60001,172.59000
2024-06-06 08:00:00,172.66000,173.39999,172.14000,173.080002
2024-06-06 12:00:00,173.070007,173.64999,172.41000,173.020004
2024-06-06 16:00:00,172.99001,173.050003,168.75999,169.10001
2024-06-06 20:00:00,168.94000,170.78999,167.77000,170.14999
2024-06-07 00:00:00,170.039993,170.59000,169.059998,170.57001
2024-06-07 04:00:00,170.5,172.49001,170.46001,172.020004
2024-06-07 08:00:00,172.059998,172.39999,170.95000,172.12000
2024-06-07 12:00:00,172.25999,172.60001,169.31000,170.14000
2024-06-07 16:00:00,170.050003,170.34000,154.38000,162.25999
2024-06-07 20:00:00,161.64999,163.11000,161.10001,162.50999
2024-06-08 00:00:00,162.36000,163.10001,161.92000,162.70000
2024-06-08 04:00:00,162.64000,163.73000,161.62000,163.57001
2024-06-08 08:00:00,163.62000,163.62000,160.20000,160.48000
2024-06-08 12:00:00,160.41000,161.34000,158.53999,160.10001
2024-06-08 16:00:00,160.17999,161.029999,158.91000,159.85001
2024-06-08 20:00:00,159.89999,159.98000,157.41000,157.83000
2024-06-09 00:00:00,157.87000,158.78000,156.63000,157.78000
2024-06-09 04:00:00,157.88000,159.64999,157.28000,159.020004
2024-06-09 08:00:00,158.89999,159.80000,158.69000,159.47000
2024-06-09 12:00:00,159.39000,161.78000,159.25,161.62000
2024-06-09 16:00:00,161.75999,163.029999,160.56000,162.14999
2024-06-09 20:00:00,162.0099945,162.37000,161.28000,162.12000
2024-06-10 00:00:00,162.17999,162.17999,159.75999,159.81000
2024-06-10 04:00:00,159.72000,160.55000,157.60001,157.60001
2024-06-10 08:00:00,157.91000,160.14999,157.91000,159.45000
2024-06-10 12:00:00,159.44000,163.13000,157.74001,162.37000
2024-06-10 16:00:00,162.71001,162.78999,160.080002,160.33000
2024-06-10 20:00:00,160.25,160.62000,158.33000,159.050003
2024-06-11 00:00:00,158.98000,159.64999,154.91000,156.070007
2024-06-11 04:00:00,155.91000,156.14000,152.66000,153.48000
2024-06-11 08:00:00,153.25999,155.25999,152.89999,153.78000
2024-06-11 12:00:00,153.73000,154.44000,146.62000,147.39000
2024-06-11 16:00:00,147.46001,149.72000,145.71001,149.22000
2024-06-11 20:00:00,149.11000,150.17000,148.14000,149.35001
2024-06-12 00:00:00,149.37000,149.82001,145.5,149.70000
2024-06-12 04:00:00,149.75,151.95000,149.63000,151.75999
2024-06-12 08:00:00,151.78000,153.5,151.059998,151.80000
2024-06-12 12:00:00,151.75,161.59000,151.71001,158.83000
2024-06-12 16:00:00,159.050003,159.75,151.77000,152.89999
2024-06-12 20:00:00,153.28999,155.59000,152.99001,155.24001
2024-06-13 00:00:00,155.10001,155.16000,150.070007,151.52000
2024-06-13 04:00:00,151.42000,152.81000,150.91000,152.089996
2024-06-13 08:00:00,152.0099945,152.41000,149.27000,149.59000
2024-06-13 12:00:00,149.50999,151.91000,146.25999,147.070007
2024-06-13 16:00:00,146.77000,148.89999,146.44000,147.99001
2024-06-13 20:00:00,147.64000,148.39999,146.050003,147.25
2024-06-14 00:00:00,147.50999,148.37000,146.039993,147.5
2024-06-14 04:00:00,147.71001,148.71001,146.82001,147.64000
2024-06-14 08:00:00,147.59000,148.72000,147.31000,148.020004
2024-06-14 12:00:00,148.22000,148.96001,143.14999,143.67000
2024-06-14 16:00:00,143.67999,143.88000,139.92999,141.71001
2024-06-14 20:00:00,141.69000,145.059998,141.42999,143.070007
2024-06-15 00:00:00,143.070007,144.92999,143,144.92999
2024-06-15 04:00:00,144.78999,145.50999,143.72000,143.72000
2024-06-15 08:00:00,143.83000,144.62000,143.12000,144.47000
2024-06-15 12:00:00,144.56000,145.41000,144.039993,145.21001
2024-06-15 16:00:00,145.16000,145.69000,144.13000,144.64000
2024-06-15 20:00:00,144.64000,145.63000,143.98000,145.52000
2024-06-16 00:00:00,145.56000,145.56000,143.92999,144.0099945
2024-06-16 04:00:00,144,145.21001,143.12000,144.46001
2024-06-16 08:00:00,144.42000,145.67000,144,145.029999
2024-06-16 12:00:00,144.94000,148.66000,144.81000,148.56000
2024-06-16 16:00:00,148.64000,149.14000,147.60001,148.84000
2024-06-16 20:00:00,148.75999,151.27000,148.38000,151.27000
2024-06-17 00:00:00,151.12000,151.77000,147.23000,147.31000
2024-06-17 04:00:00,147.21001,149.17000,145.92000,147.22000
2024-06-17 08:00:00,147.0099945,147.20000,141.86000,144.029999
2024-06-17 12:00:00,143.83000,144.53000,140.97000,141.050003
2024-06-17 16:00:00,140.64000,146.66000,140,144.50999
2024-06-17 20:00:00,144.34000,144.42000,141.70000,143.23000
2024-06-18 00:00:00,143.28999,143.78000,129,135.61000
2024-06-18 04:00:00,135.44000,137.85001,134.83000,136.78000
2024-06-18 08:00:00,136.66000,138.81000,136.13000,137.14999
2024-06-18 12:00:00,137.36000,137.61000,133.050003,135.84000
2024-06-18 16:00:00,135.82001,136,130.42999,132.71001
2024-06-18 20:00:00,133.33000,138.37000,132.27000,137.41000
2024-06-19 00:00:00,137.17999,141.28000,136.13000,140.14999
2024-06-19 04:00:00,140.19000,141.77000,139.58000,139.99001
2024-06-19 08:00:00,140.11000,140.14000,137.17000,138
2024-06-19 12:00:00,137.83000,138.75,135.56000,136.89000
2024-06-19 16:00:00,136.91000,138.81000,135.67000,136.66000
2024-06-19 20:00:00,136.73000,136.78999,134.67000,135.66000
2024-06-20 00:00:00,135.49001,137.17999,132.67000,133.039993
2024-06-20 04:00:00,133.029999,137.86000,132.63000,137.12000
2024-06-20 08:00:00,137.059998,141.059998,136.5,139.14999
2024-06-20 12:00:00,139.35001,139.69000,132.62000,133.28000
2024-06-20 16:00:00,133.27000,135.78000,131.99001,133.92999
2024-06-20 20:00:00,134.11000,134.87000,133.47000,133.53000
2024-06-21 00:00:00,133.57001,134.70000,131.94000,132.69000
2024-06-21 04:00:00,132.35001,133.28999,130.67000,131.48000
2024-06-21 08:00:00,131.55000,132.70000,129.77000,132.13000
2024-06-21 12:00:00,132.19000,133.70000,129.75999,131.36000
2024-06-21 16:00:00,131.36000,133.85001,128.81000,132.69000
2024-06-21 20:00:00,133.32001,135.31000,131.98000,134.55000
2024-06-22 00:00:00,134.67000,135.24001,133.070007,134.92000
2024-06-22 04:00:00,135.14000,136.64000,134.53999,134.82001
2024-06-22 08:00:00,134.80000,134.86000,133.78999,134.47000
2024-06-22 12:00:00,134.60001,134.75999,133.89999,134.25999
2024-06-22 16:00:00,134.22000,134.91000,133.96001,134.41000
2024-06-22 20:00:00,134.52000,134.60001,133.20000,133.70000
2024-06-23 00:00:00,133.71001,135.080002,133.60001,134.72000
2024-06-23 04:00:00,134.87000,134.95000,134.25999,134.73000
2024-06-23 08:00:00,134.75999,134.83000,133.55000,134.029999
2024-06-23 12:00:00,134.080002,134.36000,131.5,131.55000
2024-06-23 16:00:00,131.50999,132.5,130.52000,131.39999
2024-06-23 20:00:00,131.34000,131.50999,128.24001,128.66000
2024-06-24 00:00:00,128.53999,129.75999,126.019997,126.19000
2024-06-24 04:00:00,126.22000,126.66000,123.55000,125.11000
2024-06-24 08:00:00,125.27000,127.40000,123.64000,127.15000
2024-06-24 12:00:00,126.96000,129.82001,125.87000,126.080002
2024-06-24 16:00:00,126.12000,130.34000,125.88000,127.13000
2024-06-24 20:00:00,128.28999,132.57001,125.66000,132.34000
2024-06-25 00:00:00,132.27000,136.50999,131.22000,135.81000
2024-06-25 04:00:00,135.99001,136.80000,134.78999,134.78999
2024-06-25 08:00:00,134.97000,139.050003,133.64999,137.95000
2024-06-25 12:00:00,138.020004,139.82001,136.55000,139.47000
2024-06-25 16:00:00,139.55000,139.57001,137.13000,138.74001
2024-06-25 20:00:00,138.88000,138.98000,135.99001,136.59000
2024-06-26 00:00:00,136.56000,140.32001,136.16000,138.50999
2024-06-26 04:00:00,138.57001,138.75,136.33000,137.96001
2024-06-26 08:00:00,137.99001,137.99001,136.039993,137.32001
2024-06-26 12:00:00,137.39000,139.36000,136.13000,136.94000
2024-06-26 16:00:00,136.95000,137.75999,134.92000,137.73000
2024-06-26 20:00:00,137.67999,138.36000,136.27000,136.81000
2024-06-27 00:00:00,136.85001,137.87000,135.72000,137.42999
2024-06-27 04:00:00,137.58000,137.66000,135.23000,135.94000
2024-06-27 08:00:00,135.99001,139.41000,135.57001,139.12000
2024-06-27 12:00:00,139.089996,151.0099945,138.78999,147.60001
2024-06-27 16:00:00,147.81000,149.37000,146.67000,148.39000
2024-06-27 20:00:00,148.56000,150.35001,148.12000,149.74001
2024-06-28 00:00:00,149.63000,150.38000,146.71001,147.53000
2024-06-28 04:00:00,147.50999,147.55000,143.84000,145.33000
2024-06-28 08:00:00,145.32001,146.14999,144.88000,145.52000
2024-06-28 12:00:00,145.42999,146.74001,141.14000,144.36000
2024-06-28 16:00:00,143.33000,143.66000,140.42999,140.89999
2024-06-28 20:00:00,140.99001,141.63000,139.029999,140.029999
2024-06-29 00:00:00,140.050003,142.50999,140.050003,141.78999
2024-06-29 04:00:00,141.77000,142.52000,140.24001,142
2024-06-29 08:00:00,142.089996,143.080002,141.50999,142.66000
2024-06-29 12:00:00,142.70000,143,141.53000,142.66000
2024-06-29 16:00:00,142.64999,142.64999,141.10001,141.72000
2024-06-29 20:00:00,141.71001,141.81000,139.77000,140.25
2024-06-30 00:00:00,140.17999,141.089996,138.28999,138.28999
2024-06-30 04:00:00,138.24001,141.089996,137.24001,140.55000
2024-06-30 08:00:00,140.67000,141.78000,140.36000,141.16000
2024-06-30 12:00:00,141.21001,143.95000,140.59000,143.81000
2024-06-30 16:00:00,143.82001,145.80000,142.78000,144.81000
2024-06-30 20:00:00,144.92000,147.47000,144.059998,146.60001
2024-07-01 00:00:00,146.74001,148.71001,146.029999,147.52000
2024-07-01 04:00:00,147.67999,148.59000,147.19000,148.28000
2024-07-01 08:00:00,148.33000,148.97000,145.89999,146.12000
2024-07-01 12:00:00,146.11000,148.61000,146.11000,148.45000
2024-07-01 16:00:00,148.39999,149.12000,146.71001,147.45000
2024-07-01 20:00:00,147.25999,148.24001,146.059998,146.71001
2024-07-02 00:00:00,146.67999,149.62000,146.16000,149.16000
2024-07-02 04:00:00,149.24001,149.82001,147.029999,147.41000
2024-07-02 08:00:00,147.48000,150.029999,146.92999,149.69000
2024-07-02 12:00:00,149.61000,151.47000,147.39000,148.37000
2024-07-02 16:00:00,148.25999,153.41000,147.75,152.64999
2024-07-02 20:00:00,152.85001,154.99001,152.35001,153.92999
2024-07-03 00:00:00,154.080002,154.48000,149.48000,150.53999
2024-07-03 04:00:00,150.39999,150.39999,146.47000,146.80000
2024-07-03 08:00:00,146.24001,147.27000,143.039993,144.070007
2024-07-03 12:00:00,143.85001,144.10001,141.22000,141.72000
2024-07-03 16:00:00,141.52000,143.13000,139.64000,140.39999
2024-07-03 20:00:00,140.75999,142.039993,139.55000,140.78000
2024-07-04 00:00:00,140.83000,142.71001,133.5,137.029999
2024-07-04 04:00:00,136.89000,137.30000,134.070007,134.30000
2024-07-04 08:00:00,134.25999,135.81000,132.39000,132.74001
2024-07-04 12:00:00,132.45000,135.61000,129.87000,135.33000
2024-07-04 16:00:00,135.34000,135.91000,133.75999,133.99001
2024-07-04 20:00:00,133.95000,135.60001,127.23000,127.66000
2024-07-05 00:00:00,128.039993,128.99001,121.73000,123.73000
2024-07-05 04:00:00,123.70000,127.64000,121.070000,126.63000
2024-07-05 08:00:00,126.74000,130.74001,122.30000,130.13000
2024-07-05 12:00:00,129.78000,134.92999,128.64000,134.92999
2024-07-05 16:00:00,134.53000,136.10001,133.91000,134.92000
2024-07-05 20:00:00,134.94000,135.77000,134.13000,134.30000
2024-07-06 00:00:00,134.20000,137.66000,132.47000,134.42000
2024-07-06 04:00:00,134.34000,137.32001,133.58000,136.99001
2024-07-06 08:00:00,136.92999,140.49001,136.49001,138.85001
2024-07-06 12:00:00,138.74001,142.020004,137.82001,141.58000
2024-07-06 16:00:00,141.88000,143.48000,141,142.85001
2024-07-06 20:00:00,142.92999,144.13000,142.25999,143.13000
2024-07-07 00:00:00,143.31000,143.31000,140.35001,142.12000
2024-07-07 04:00:00,142.059998,142.059998,138.10001,139.070007
2024-07-07 08:00:00,139.19000,140.58000,138.75999,139.91000
2024-07-07 12:00:00,139.78000,140.67999,135.74001,137.070007
2024-07-07 16:00:00,137.38000,139.38000,136.92000,137.30000
2024-07-07 20:00:00,137.28000,137.80000,131.39999,131.53000
2024-07-08 00:00:00,131.83000,132.92000,128.089996,130.74001
2024-07-08 04:00:00,130.82001,133.91000,129.95000,132.57001
2024-07-08 08:00:00,132.35001,141.73000,132.35001,140.61000
2024-07-08 12:00:00,140.62000,141.60001,134.48000,137.34000
2024-07-08 16:00:00,137.64000,138.5,135.33000,138.35001
2024-07-08 20:00:00,138.33000,140.99001,137.36000,139.71001
2024-07-09 00:00:00,139.81000,141.070007,136.53000,140.42999
2024-07-09 04:00:00,140.47000,143.37000,140.11000,141.94000
2024-07-09 08:00:00,142.11000,144.059998,140.44000,142
2024-07-09 12:00:00,142.029999,142.82001,138.74001,140.60001
2024-07-09 16:00:00,140.55000,142.96001,140.20000,142.17000
2024-07-09 20:00:00,142.10001,143.42000,140.97000,141.37000
2024-07-10 00:00:00,141.42000,141.80000,138.67999,141.78999
2024-07-10 04:00:00,141.75999,145.95000,141.75999,144.17999
2024-07-10 08:00:00,144.33000,144.47000,142.36000,142.86000
2024-07-10 12:00:00,142.78999,143.12000,140.059998,141.17000
2024-07-10 16:00:00,141.23000,142.52000,140.38000,141.22000
2024-07-10 20:00:00,141.27000,142.37000,140.28999,142.080002
2024-07-11 00:00:00,141.96001,143.11000,139.25,140.31000
2024-07-11 04:00:00,140.14000,142.46001,140.12000,142.089996
2024-07-11 08:00:00,142.30000,143.94000,142.13000,143.56000
2024-07-11 12:00:00,143.60001,145.39999,137.82001,138.31000
2024-07-11 16:00:00,138.28000,138.95000,136.56000,136.62000
2024-07-11 20:00:00,136.53000,137.39999,135.72000,135.77000
2024-07-12 00:00:00,135.72000,138.17000,134.089996,136.52000
2024-07-12 04:00:00,136.67999,137.029999,134.67999,135.42999
2024-07-12 08:00:00,135.35001,135.87000,134.17000,135.57001
2024-07-12 12:00:00,135.64000,139.24001,135.53999,138.92999
2024-07-12 16:00:00,138.85001,140.48000,137.83000,138.5
2024-07-12 20:00:00,138.64000,139.53000,136.85001,139.48000
2024-07-13 00:00:00,139.48000,139.88000,138.28999,138.75
2024-07-13 04:00:00,138.83000,139.46001,137.98000,139.38000
2024-07-13 08:00:00,139.39000,140.72000,138.45000,140.070007
2024-07-13 12:00:00,140.14999,140.53000,139.32001,140.39999
2024-07-13 16:00:00,140.42000,140.77000,139.24001,139.88000
2024-07-13 20:00:00,139.77000,143.48000,139.14999,141.87000
2024-07-14 00:00:00,142.11000,145.089996,142.089996,144.039993
2024-07-14 04:00:00,143.92000,145.92000,143.92000,144.78000
2024-07-14 08:00:00,144.89999,146.88000,144.84000,144.84000
2024-07-14 12:00:00,144.86000,146,143.59000,145.89000
2024-07-14 16:00:00,145.91000,145.92000,144.70000,145.25999
2024-07-14 20:00:00,145.22000,148.53000,145.13000,147.72000
2024-07-15 00:00:00,147.67999,152.020004,147.039993,151.39000
2024-07-15 04:00:00,151.46001,154.0099945,150.75999,153.33000
2024-07-15 08:00:00,153.23000,154.0099945,151.050003,151.64000
2024-07-15 12:00:00,151.71001,153.98000,151.71001,152.86000
2024-07-15 16:00:00,152.91000,156.94000,152.60001,155.36000
2024-07-15 20:00:00,155.25999,159.89999,155.25999,159.62000
2024-07-16 00:00:00,159.38000,160.059998,156.16000,157.86000
2024-07-16 04:00:00,157.85001,158.69000,153.82001,154.39999
2024-07-16 08:00:00,154.70000,157.50999,152.74001,157.32001
2024-07-16 12:00:00,157.5,161.34000,154.67999,161.050003
2024-07-16 16:00:00,160.97000,162.42000,159.039993,162
2024-07-16 20:00:00,161.86000,161.94000,159.20000,160.5
2024-07-17 00:00:00,160.63000,163.57001,160.12000,160.95000
2024-07-17 04:00:00,160.89999,162.48000,160.089996,160.59000
2024-07-17 08:00:00,160.69000,163.57001,159.60001,160.77000
2024-07-17 12:00:00,160.75999,162.029999,157.96001,158.23000
2024-07-17 16:00:00,157.91000,158.089996,154.71001,156.82001
2024-07-17 20:00:00,156.73000,157.21001,154.98000,155.30000
2024-07-18 00:00:00,155.52000,159.78000,155.52000,158.98000
2024-07-18 04:00:00,159.020004,160,157.070007,158.64999
2024-07-18 08:00:00,158.73000,159.85001,158.17000,159.39999
2024-07-18 12:00:00,159.49001,161.55000,156.24001,156.41000
2024-07-18 16:00:00,156.34000,157.66000,155.31000,156.88000
2024-07-18 20:00:00,156.81000,160.25999,156.36000,159.22000
2024-07-19 00:00:00,159.21001,161.96001,156.25999,161.94000
2024-07-19 04:00:00,161.92999,165.57001,160.75999,161.42999
2024-07-19 08:00:00,161.39999,163.36000,159.39999,162.55000
2024-07-19 12:00:00,162.84000,168.98000,162.39999,168.66000
2024-07-19 16:00:00,168.78999,171.24001,168.36000,170.42999
2024-07-19 20:00:00,170.53000,170.53000,168.029999,169.13000
2024-07-20 00:00:00,169.23000,171.74001,168.36000,169.57001
2024-07-20 04:00:00,169.55000,170.35001,168.55000,168.55000
2024-07-20 08:00:00,168.63000,169.77000,167.67000,168.0099945
2024-07-20 12:00:00,168.0099945,169.66000,167.35001,169.25
2024-07-20 16:00:00,169.22000,174.5,169.029999,172.42999
2024-07-20 20:00:00,172.55000,175.0099945,172.55000,173.60001
2024-07-21 00:00:00,173.88000,175.28999,172.83000,173.13000
2024-07-21 04:00:00,173.13000,173.77000,171.029999,171.33000
2024-07-21 08:00:00,171.25999,173,171.25999,172.92999
2024-07-21 12:00:00,172.81000,176.45000,171.49001,175.35001
2024-07-21 16:00:00,175.38000,177.98000,170.70000,177.97000
2024-07-21 20:00:00,178,184.97000,177.53999,184.42000
2024-07-22 00:00:00,184.52000,184.86000,180.81000,180.95000
2024-07-22 04:00:00,180.98000,181.64999,177.88000,178.49001
2024-07-22 08:00:00,178.32001,180.87000,176.84000,180.57001
2024-07-22 12:00:00,180.30000,181.66000,177.12000,179.85001
2024-07-22 16:00:00,179.92000,182.99001,178.72000,182.78999
2024-07-22 20:00:00,182.70000,183.21001,177.21001,178.95000
2024-07-23 00:00:00,178.78000,180.48000,177.22000,179.089996
2024-07-23 04:00:00,178.99001,178.99001,173.86000,175.97000
2024-07-23 08:00:00,175.77000,178.60001,174.28999,175.58000
2024-07-23 12:00:00,175.80000,178.22000,172.21001,176.62000
2024-07-23 16:00:00,176.33000,176.91000,170.87000,172
2024-07-23 20:00:00,171.91000,174.72000,171.24001,173.0099945
2024-07-24 00:00:00,173.050003,174.46001,171.039993,173.64999
2024-07-24 04:00:00,173.64999,174.57001,172.27000,174.23000
2024-07-24 08:00:00,174.22000,178.28999,173.70000,177.92000
2024-07-24 12:00:00,177.89999,181.75999,176.36000,177.75999
2024-07-24 16:00:00,177.73000,182.39999,176.63000,178.14999
2024-07-24 20:00:00,178.30000,180.33000,176.10001,178.16000
2024-07-25 00:00:00,178.0099945,179.53999,168.89000,170.74001
2024-07-25 04:00:00,170.37000,172.85001,169.31000,169.31000
2024-07-25 08:00:00,169.34000,171.25,167.31000,169.070007
2024-07-25 12:00:00,168.81000,171.98000,165.89000,170.32001
2024-07-25 16:00:00,170.32001,172.39999,166.72000,168.10001
2024-07-25 20:00:00,167.92999,172.78000,165.71001,171.85001
2024-07-26 00:00:00,171.99001,176.89000,171.92999,175.71001
2024-07-26 04:00:00,175.83000,177.72000,175.67000,176.71001
2024-07-26 08:00:00,176.86000,179.98000,176.86000,178.78999
2024-07-26 12:00:00,178.97000,183.039993,177.56000,181.62000
2024-07-26 16:00:00,181.66000,182.91000,180.73000,182.070007
2024-07-26 20:00:00,182.32001,183.50999,181.17999,183.059998
2024-07-27 00:00:00,183.14999,184.25999,181.36000,182.66000
2024-07-27 04:00:00,182.66000,186.059998,182.60001,185.89000
2024-07-27 08:00:00,186.11000,187.32001,184.33000,185.41000
2024-07-27 12:00:00,185.42000,188.10001,181.63000,182.49001
2024-07-27 16:00:00,182.45000,183.10001,179.66000,181.42999
2024-07-27 20:00:00,181.059998,186.72000,178.12000,183.83000
2024-07-28 00:00:00,183.64999,186.58000,182.55000,184.31000
2024-07-28 04:00:00,184.31000,184.86000,181.31000,183.84000
2024-07-28 08:00:00,183.92999,185.84000,183.13000,185.35001
2024-07-28 12:00:00,185.25999,186.56000,183.81000,184.089996
2024-07-28 16:00:00,184.12000,185.53999,183.19000,184.78000
2024-07-28 20:00:00,185,185.36000,182.69000,184.89999
2024-07-29 00:00:00,184.89999,193.25999,184.44000,192.27000
2024-07-29 04:00:00,192.5,193.89999,191.30000,192.37000
2024-07-29 08:00:00,192.32001,192.32001,190.33000,190.84000
2024-07-29 12:00:00,191.0099945,192.99001,185.73000,186.92000
2024-07-29 16:00:00,186.77000,187.39000,184.44000,186.77000
2024-07-29 20:00:00,186.57001,186.84000,181.66000,182.55000
2024-07-30 00:00:00,183.19000,183.77000,179.57001,182.59000
2024-07-30 04:00:00,182.57001,184.75999,181.39999,182.39000
2024-07-30 08:00:00,182.13000,182.75999,180.089996,181.050003
2024-07-30 12:00:00,180.81000,182.60001,178.80000,181
2024-07-30 16:00:00,181.050003,181.55000,176.39999,177.88000
2024-07-30 20:00:00,177.61000,179.89000,175.70000,179.089996
2024-07-31 00:00:00,179.19000,181.64999,178.16000,181.039993
2024-07-31 04:00:00,180.89000,183.78999,178.17999,183.14000
2024-07-31 08:00:00,183.35001,184.24001,181.42000,181.71001
2024-07-31 12:00:00,181.74001,184.17000,179.84000,180.039993
2024-07-31 16:00:00,180.029999,182.57001,175.19000,176.60001
2024-07-31 20:00:00,176.21001,176.97000,171.73000,171.73000
2024-08-01 00:00:00,171.88000,172.78999,168.61000,168.71001
2024-08-01 04:00:00,168.64999,169.67999,166.12000,168.17999
2024-08-01 08:00:00,168.19000,169.89999,168.089996,169.66000
2024-08-01 12:00:00,169.67999,171.46001,161.84000,162.85001
2024-08-01 16:00:00,162.58000,162.88000,158.029999,162.32001
2024-08-01 20:00:00,162.16000,168.39000,161.28999,167.52000
2024-08-02 00:00:00,167.39999,169.37000,161.66000,164.42999
2024-08-02 04:00:00,164.46001,165.21001,159.20000,161.42999
2024-08-02 08:00:00,161.41000,165.38000,160.53999,164.37000
2024-08-02 12:00:00,164.41000,167.60001,153.23000,156.89000
2024-08-02 16:00:00,156.66000,157.27000,150.11000,151.25
2024-08-02 20:00:00,151.77000,154.94000,150.38000,152.88000
2024-08-03 00:00:00,152.83000,153.95000,148.84000,153.45000
2024-08-03 04:00:00,153.42000,153.44000,151.23000,151.67999
2024-08-03 08:00:00,151.47000,152.56000,148.41000,152.25
2024-08-03 12:00:00,152.39999,153.50999,146.16000,146.30000
2024-08-03 16:00:00,146.67000,147.56000,140.31000,140.63000
2024-08-03 20:00:00,140.44000,143.88000,140.12000,142.44000
2024-08-04 00:00:00,142.48000,146.029999,141.89000,144.34000
2024-08-04 04:00:00,144.36000,144.42999,140.70000,140.78000
2024-08-04 08:00:00,140.87000,144.44000,139.61000,143.50999
2024-08-04 12:00:00,143.45000,145,135.0099945,135.30000
2024-08-04 16:00:00,135.23000,142.71001,132,142.050003
2024-08-04 20:00:00,142.12000,143.86000,137.42999,138.19000
2024-08-05 00:00:00,138.30000,139.050003,122.67000,126.66000
2024-08-05 04:00:00,125.87000,129.66000,110.070000,122.80000
2024-08-05 08:00:00,122.61000,123.72000,110.69000,115.98000
2024-08-05 12:00:00,115.86000,132.23000,110.27000,130.39999
2024-08-05 16:00:00,130.16000,135.27000,126.92000,128.50999
2024-08-05 20:00:00,128.70000,134.84000,128.70000,129.67000
2024-08-06 00:00:00,129.50999,141.029999,129.50999,138.67999
2024-08-06 04:00:00,138.64000,143.77000,137.59000,142.029999
2024-08-06 08:00:00,141.86000,142.059998,136.63000,139.89000
2024-08-06 12:00:00,139.49001,146.19000,136.42000,145.92999
2024-08-06 16:00:00,146,148.22000,145.050003,146.56000
2024-08-06 20:00:00,146.13000,149.31000,143.39000,144.39999
2024-08-07 00:00:00,144.38000,151.58000,142.67000,151.58000
2024-08-07 04:00:00,151.49001,154.96001,150.53000,152.36000
2024-08-07 08:00:00,152.27000,154.86000,150.78999,151.63000
2024-08-07 12:00:00,151.84000,154.35001,146.50999,148.25999
2024-08-07 16:00:00,148.24001,149.31000,142.5,143.10001
2024-08-07 20:00:00,143.059998,147.44000,142.48000,144.42999
2024-08-08 00:00:00,144.71001,156.25999,141.47000,153.070007
2024-08-08 04:00:00,153.38000,155.50999,151.67000,153.64999
2024-08-08 08:00:00,153.73000,155.58000,153.17999,154.10001
2024-08-08 12:00:00,154.21001,160.46001,152.60001,160.42999
2024-08-08 16:00:00,160.48000,162.74001,155.32001,155.32001
2024-08-08 20:00:00,155.62000,163.23000,155.44000,162.99001
2024-08-09 00:00:00,163.25,163.53000,158.35001,159.020004
2024-08-09 04:00:00,158.78999,159.029999,155.85001,157.81000
2024-08-09 08:00:00,157.95000,159.64000,155.44000,156.64999
2024-08-09 12:00:00,156.59000,157.050003,151.19000,151.19000
2024-08-09 16:00:00,151.32001,154.21001,151.10001,153.58000
2024-08-09 20:00:00,153.62000,157.11000,151.55000,156.23000
2024-08-10 00:00:00,156.14999,158.48000,153.53000,154.039993
2024-08-10 04:00:00,154.070007,155.41000,152.69000,155.41000
2024-08-10 08:00:00,155.46001,155.72000,153.64000,154.85001
2024-08-10 12:00:00,154.91000,155.12000,152.91000,154.20000
2024-08-10 16:00:00,153.95000,155.25999,153.089996,154.48000
2024-08-10 20:00:00,154.63000,155.13000,153.64999,154.0099945
2024-08-11 00:00:00,154.039993,156.94000,153.74001,155.67000
2024-08-11 04:00:00,155.97000,156.83000,154.81000,156.73000
2024-08-11 08:00:00,156.72000,157.77000,153.080002,153.67999
2024-08-11 12:00:00,153.64000,153.74001,148.089996,148.73000
2024-08-11 16:00:00,148.60001,149.60001,145.70000,145.78000
2024-08-11 20:00:00,145.75,145.75,141.25,141.47000
2024-08-12 00:00:00,141.41000,144.66000,141.41000,143.94000
2024-08-12 04:00:00,143.91000,146.67000,142.25,146.11000
2024-08-12 08:00:00,145.95000,150.66000,143.67999,150.37000
2024-08-12 12:00:00,150.25999,150.34000,143.17000,147.58000
2024-08-12 16:00:00,146.97000,147.73000,143.029999,143.75
2024-08-12 20:00:00,143.82001,147.42000,141.87000,146.28999
2024-08-13 00:00:00,146.020004,147.24001,142.98000,143.58000
2024-08-13 04:00:00,143.66000,146.97000,143.029999,145.98000
2024-08-13 08:00:00,145.96001,146.28000,143.38000,145.67999
2024-08-13 12:00:00,145.99001,147.62000,144.82001,146.14000
2024-08-13 16:00:00,146.070007,149.70000,144.92999,146.57001
2024-08-13 20:00:00,146.56000,147.86000,145.89000,146.64999
2024-08-14 00:00:00,146.63000,147.13000,143.77000,145.17999
2024-08-14 04:00:00,145.13000,145.72000,144.20000,145.71001
2024-08-14 08:00:00,145.71001,148.99001,144.91000,148.020004
2024-08-14 12:00:00,148.070007,151.82001,144.84000,146.67000
2024-08-14 16:00:00,146.41000,147.17999,143.81000,144.25
2024-08-14 20:00:00,144.25999,144.67000,142.56000,143.75999
2024-08-15 00:00:00,143.77000,145.39000,143.23000,144.70000
2024-08-15 04:00:00,144.72000,144.85001,141.089996,142.48000
2024-08-15 08:00:00,142.36000,143.42999,141.34000,143.14999
2024-08-15 12:00:00,143.21001,146.25999,142.23000,146.050003
2024-08-15 16:00:00,145.95000,147.39000,138.10001,140.17000
2024-08-15 20:00:00,139.98000,144.75,138.91000,142.49001
2024-08-16 00:00:00,142.28000,144.33000,140.78999,142.050003
2024-08-16 04:00:00,141.92000,144.77000,141.69000,144.48000
2024-08-16 08:00:00,144.53000,144.83000,141.94000,141.95000
2024-08-16 12:00:00,142.11000,142.56000,136.80000,137.94000
2024-08-16 16:00:00,137.91000,141.34000,136.20000,140.88000
2024-08-16 20:00:00,140.92999,141.82001,139.029999,139.029999
2024-08-17 00:00:00,138.89999,140.20000,137.64999,138.81000
2024-08-17 04:00:00,138.84000,139.72000,138.63000,139.48000
2024-08-17 08:00:00,139.47000,140.080002,138.20000,139.12000
2024-08-17 12:00:00,139.0099945,141.49001,139.0099945,140.17000
2024-08-17 16:00:00,140.31000,141.64999,140.13000,141.080002
2024-08-17 20:00:00,141.14000,141.95000,140.74001,141.92999
2024-08-18 00:00:00,141.95000,143.16000,141.039993,141.17000
2024-08-18 04:00:00,141.070007,141.92999,140.75999,141.55000
2024-08-18 08:00:00,141.50999,145.85001,141.34000,144.52000
2024-08-18 12:00:00,144.63000,146.52000,144.10001,145.75999
2024-08-18 16:00:00,145.89000,146.60001,144.31000,146.46001
2024-08-18 20:00:00,146.44000,147.0099945,142.37000,142.38000
2024-08-19 00:00:00,142.25999,143.47000,141.61000,143.24001
2024-08-19 04:00:00,143.20000,143.50999,141.92000,142.33000
2024-08-19 08:00:00,142.36000,143.27000,140.36000,142.34000
2024-08-19 12:00:00,142.25999,144.52000,141.78999,143.94000
2024-08-19 16:00:00,143.84000,145.39999,142.64999,143.19000
2024-08-19 20:00:00,142.86000,144.46001,142.81000,144.32001
2024-08-20 00:00:00,144.16000,147.59000,143.49001,145.46001
2024-08-20 04:00:00,145.66000,148.60001,145.46001,147.47000
2024-08-20 08:00:00,147.49001,147.64999,145.23000,145.32001
2024-08-20 12:00:00,145.39999,146.39999,141.19000,142.10001
2024-08-20 16:00:00,141.85001,144.25,141.67000,143.95000
2024-08-20 20:00:00,143.97000,144.39000,142.27000,142.28999
2024-08-21 00:00:00,142.28999,143.039993,141.69000,142.45000
2024-08-21 04:00:00,142.53999,143.77000,142.30000,143.12000
2024-08-21 08:00:00,143.21001,143.52000,141.0099945,141.47000
2024-08-21 12:00:00,141.28999,142.37000,139,140.33000
2024-08-21 16:00:00,140.37000,143.64999,139.67999,143.49001
2024-08-21 20:00:00,143.57001,144.33000,142.10001,142.72000
2024-08-22 00:00:00,142.94000,143.22000,140.84000,141.74001
2024-08-22 04:00:00,141.70000,143.64000,141.42999,143.33000
2024-08-22 08:00:00,143.42000,144.77000,142.66000,144.55000
2024-08-22 12:00:00,144.57001,144.75999,142.14999,142.64999
2024-08-22 16:00:00,142.57001,143.50999,142.44000,142.67000
2024-08-22 20:00:00,142.73000,143.73000,142.70000,143.22000
2024-08-23 00:00:00,143.25999,145.60001,143.20000,144.49001
2024-08-23 04:00:00,144.49001,145.89000,144.39000,145.089996
2024-08-23 08:00:00,145.14999,145.44000,143.44000,143.5
2024-08-23 12:00:00,143.53000,147.020004,142.70000,144.39999
2024-08-23 16:00:00,144.13000,150.020004,144.13000,149.71001
2024-08-23 20:00:00,149.75999,153.75,149.75999,153.13000
2024-08-24 00:00:00,153.28999,154.52000,152.0099945,153.17999
2024-08-24 04:00:00,153.24001,155.28999,153.16000,154.63000
2024-08-24 08:00:00,154.52000,158.69000,154.35001,157.39999
2024-08-24 12:00:00,157.63000,159.69000,157.020004,159.10001
2024-08-24 16:00:00,159.44000,162.14000,159.37000,160.62000
2024-08-24 20:00:00,160.62000,161.11000,157.39999,160.66000
2024-08-25 00:00:00,160.64000,160.64000,157.38000,158.23000
2024-08-25 04:00:00,158.28999,159.029999,155.31000,156.22000
2024-08-25 08:00:00,156.059998,157.94000,155.85001,157.28000
2024-08-25 12:00:00,157.27000,159.88000,156.98000,159.24001
2024-08-25 16:00:00,159.31000,160.17000,158.56000,159.12000
2024-08-25 20:00:00,159.11000,161.96001,158.52000,159.10001
2024-08-26 00:00:00,159.27000,160.16000,157.78000,160.16000
2024-08-26 04:00:00,160.11000,161.11000,158.41000,159.14999
2024-08-26 08:00:00,159.13000,161.87000,158.57001,160.35001
2024-08-26 12:00:00,160.42999,161.41000,156.020004,157.56000
2024-08-26 16:00:00,157.45000,159.32001,155.57001,157.69000
2024-08-26 20:00:00,158.0099945,159.25,156.5,157.14000
2024-08-27 00:00:00,157.11000,158.99001,157.11000,158.56000
2024-08-27 04:00:00,158.52000,159.55000,157.39000,157.70000
2024-08-27 08:00:00,157.72000,157.97000,153.5,154.24001
2024-08-27 12:00:00,153.95000,155.59000,153.11000,153.75
2024-08-27 16:00:00,153.55000,155.50999,153.28999,154.64999
2024-08-27 20:00:00,154.91000,155.029999,145.28999,146.89000
2024-08-28 00:00:00,146.67999,148.24001,145.42999,148.17000
2024-08-28 04:00:00,148.13000,148.70000,143.86000,143.86000
2024-08-28 08:00:00,143.88000,147.99001,142.96001,147.17000
2024-08-28 12:00:00,147.12000,148.5,143.39000,144.21001
2024-08-28 16:00:00,144.020004,145.57001,140.63000,144.25999
2024-08-28 20:00:00,144.34000,145.75,141.75,143.91000
2024-08-29 00:00:00,143.80000,144.97000,143.070007,143.28000
2024-08-29 04:00:00,143.36000,145.14999,143.22000,144.75
2024-08-29 08:00:00,144.69000,146.85001,144.45000,145.83000
2024-08-29 12:00:00,145.56000,147.30000,144.75,146.12000
2024-08-29 16:00:00,146.029999,146.78000,138.70000,140.27000
2024-08-29 20:00:00,140.19000,141.24001,138.13000,140.0099945
2024-08-30 00:00:00,139.74001,141.059998,138.45000,138.85001
2024-08-30 04:00:00,138.78000,139.82001,137.31000,139.020004
2024-08-30 08:00:00,139.070007,140.0099945,138.42000,138.64999
2024-08-30 12:00:00,138.59000,140.57001,132.85001,133.22000
2024-08-30 16:00:00,133.029999,137.67000,132.33000,135.87000
2024-08-30 20:00:00,136.13000,138.47000,135.67000,137.98000
2024-08-31 00:00:00,138.020004,139.19000,137.57001,138.28000
2024-08-31 04:00:00,138.31000,138.77000,137.52000,137.63000
2024-08-31 08:00:00,137.64999,137.85001,135.96001,136.98000
2024-08-31 12:00:00,136.99001,137.27000,135.64999,136.63000
2024-08-31 16:00:00,136.66000,136.66000,134.64000,134.99001
2024-08-31 20:00:00,134.83000,136.28000,134.55000,135.35001
2024-09-01 00:00:00,135.36000,135.58000,132.92000,134.089996
2024-09-01 04:00:00,134.070007,134.080002,131.14999,132.69000
2024-09-01 08:00:00,132.77000,132.78999,130.30000,131.85001
2024-09-01 12:00:00,131.86000,134.80000,130.28000,134.21001
2024-09-01 16:00:00,134.14000,135.77000,131.95000,135.17000
2024-09-01 20:00:00,135.27000,136.050003,127.85000,128.53999
2024-09-02 00:00:00,128.80000,130.52000,128.5,130.19000
2024-09-02 04:00:00,130.27000,130.27000,127.13000,127.51000
2024-09-02 08:00:00,127.75,132.80000,127.31000,131.83000
2024-09-02 12:00:00,131.86000,133.31000,130.14000,132.49001
2024-09-02 16:00:00,132.57001,133.83000,131.74001,133.020004
2024-09-02 20:00:00,133.10001,135.38000,132.83000,134.95000
2024-09-03 00:00:00,134.94000,137.25,134.24001,135.42999
2024-09-03 04:00:00,135.56000,135.81000,133.71001,134.61000
2024-09-03 08:00:00,134.62000,134.62000,132.89000,134.42999
2024-09-03 12:00:00,134.31000,135.45000,129.5,129.75
2024-09-03 16:00:00,129.67999,132.12000,129.36000,130.88000
2024-09-03 20:00:00,130.96001,131.55000,127.36000,127.51000
2024-09-04 00:00:00,127.62000,128.86000,122.72000,127.77000
2024-09-04 04:00:00,127.63000,131.19000,126.65000,130.30000
2024-09-04 08:00:00,130.44000,130.64999,128.17000,128.49001
2024-09-04 12:00:00,128.53999,134.039993,127.96000,134.039993
2024-09-04 16:00:00,133.91000,134.83000,132.62000,133.22000
2024-09-04 20:00:00,133.25,134.55000,132.89999,133.64999
2024-09-05 00:00:00,133.50999,134.34000,131.48000,131.58000
2024-09-05 04:00:00,131.48000,134.14000,130.89999,133.080002
2024-09-05 08:00:00,133.080002,133.72000,131.75999,132.82001
2024-09-05 12:00:00,132.89000,135.39000,130.17999,130.64000
2024-09-05 16:00:00,130.70000,131.029999,127.93000,128.35001
2024-09-05 20:00:00,128.24001,129.89999,128.17000,129.47000
2024-09-06 00:00:00,129.36000,131.50999,128.70000,130.71001
2024-09-06 04:00:00,130.88000,131.14000,127.49000,128.33000
2024-09-06 08:00:00,128.11000,131,128.11000,130.27000
2024-09-06 12:00:00,130.30000,134.23000,127.36000,128.19000
2024-09-06 16:00:00,127.91000,128.32001,124.010002,125.22000
2024-09-06 20:00:00,125.080002,125.94000,120.90000,125.040001
2024-09-07 00:00:00,124.93000,125.64000,124.24000,125.16000
2024-09-07 04:00:00,125.28000,128.33000,125.12000,127.71000
2024-09-07 08:00:00,127.60000,127.68000,126.79000,127.080002
2024-09-07 12:00:00,127.099998,129.32001,126.93000,128.87000
2024-09-07 16:00:00,128.88000,129.050003,126.41000,128.34000
2024-09-07 20:00:00,128.37000,128.38000,126.45000,127.74000
2024-09-08 00:00:00,127.81000,128.42999,126.93000,128.19000
2024-09-08 04:00:00,128.24001,130.070007,127.87000,129.60001
2024-09-08 08:00:00,129.64000,130.97000,129.21001,130.070007
2024-09-08 12:00:00,130,130.20000,126.65000,126.65000
2024-09-08 16:00:00,126.81000,129.30000,126.71000,128.75
2024-09-08 20:00:00,128.82001,131.53000,128.36000,130.14999
2024-09-09 00:00:00,130.23000,130.99001,128.0099945,128.57001
2024-09-09 04:00:00,128.64000,129.39999,127.53000,129.33000
2024-09-09 08:00:00,129.24001,130.80000,129.24001,129.41000
2024-09-09 12:00:00,129.39999,130.050003,127.089996,128.39000
2024-09-09 16:00:00,128.39000,134.92000,128.39000,134.92000
2024-09-09 20:00:00,134.99001,136.84000,133.77000,135.050003
2024-09-10 00:00:00,135.080002,135.080002,132.84000,132.96001
2024-09-10 04:00:00,133.029999,135.22000,132.58000,134.95000
2024-09-10 08:00:00,134.89000,135.37000,134.089996,135.23000
2024-09-10 12:00:00,135.35001,136.28000,133.42000,134.32001
2024-09-10 16:00:00,134.38000,137.86000,133.80000,136.87000
2024-09-10 20:00:00,136.67999,136.71001,135.23000,135.61000
2024-09-11 00:00:00,135.63000,135.87000,133.39000,133.64999
2024-09-11 04:00:00,133.45000,133.5,131.19000,132.42000
2024-09-11 08:00:00,132.42000,132.42000,130.53000,131.99001
2024-09-11 12:00:00,131.78999,133.21001,128.39000,131.11000
2024-09-11 16:00:00,131.14000,133.53999,131.14000,132.81000
2024-09-11 20:00:00,132.82001,133.059998,132.059998,132.39999
2024-09-12 00:00:00,132.49001,136,132.42999,135.66000
2024-09-12 04:00:00,135.69000,136.20000,134.46001,134.85001
2024-09-12 08:00:00,134.89000,135.33000,134.25,134.81000
2024-09-12 12:00:00,134.80000,136.66000,133.53999,133.56000
2024-09-12 16:00:00,133.52000,135.70000,133.52000,135.70000
2024-09-12 20:00:00,135.61000,136.64999,135.080002,136.039993
2024-09-13 00:00:00,136.14000,136.21001,134.38000,134.44000
2024-09-13 04:00:00,134.39999,134.81000,133.80000,134.59000
2024-09-13 08:00:00,134.59000,134.63000,132.55000,132.57001
2024-09-13 12:00:00,132.61000,136.66000,131.81000,136.57001
2024-09-13 16:00:00,136.88000,138.17000,136.13000,138.0099945
2024-09-13 20:00:00,138.039993,139.74001,137.99001,139.050003
2024-09-14 00:00:00,139.13000,139.74001,138.49001,139.39000
2024-09-14 04:00:00,139.44000,139.50999,137.45000,137.50999
2024-09-14 08:00:00,137.5,137.53999,136.53000,136.80000
2024-09-14 12:00:00,136.75999,138.11000,136.57001,137.41000
2024-09-14 16:00:00,137.42000,137.83000,135.73000,136.59000
2024-09-14 20:00:00,136.67999,137.34000,136.62000,137.14999
2024-09-15 00:00:00,137.16000,137.92000,137.080002,137.44000
2024-09-15 04:00:00,137.46001,137.57001,136.84000,137.16000
2024-09-15 08:00:00,137.16000,137.16000,135.24001,135.62000
2024-09-15 12:00:00,135.41000,136.30000,134.73000,135.78999
2024-09-15 16:00:00,135.77000,135.81000,133.020004,133.46001
2024-09-15 20:00:00,133.42000,133.5,130.78999,131.39000
2024-09-16 00:00:00,131.36000,131.80000,129.32001,130.62000
2024-09-16 04:00:00,130.58000,131.34000,130.44000,131.25999
2024-09-16 08:00:00,131.25,132.28000,130.69000,131.88000
2024-09-16 12:00:00,131.87000,132.32001,130.17000,131.53999
2024-09-16 16:00:00,131.60001,131.73000,129.050003,130.92000
2024-09-16 20:00:00,130.98000,131.86000,130.089996,131.41000
2024-09-17 00:00:00,131.41000,131.95000,130.36000,131.12000
2024-09-17 04:00:00,131.080002,132.83000,130.75999,132.25999
2024-09-17 08:00:00,132.30000,133.25999,131.78000,131.94000
2024-09-17 12:00:00,132,135.50999,131.029999,134.61000
2024-09-17 16:00:00,134.75999,134.89000,131.16000,132.16000
2024-09-17 20:00:00,132.17999,132.71001,131.21001,131.53999
2024-09-18 00:00:00,131.44000,132.10001,130.28999,131.72000
2024-09-18 04:00:00,131.66000,131.84000,130.61000,131.36000
2024-09-18 08:00:00,131.31000,131.33000,128.12000,129.37000
2024-09-18 12:00:00,129.25,130.23000,127.17000,127.66000
2024-09-18 16:00:00,127.63000,132.88000,127.40000,129.48000
2024-09-18 20:00:00,129.49001,134.34000,128.71001,134.34000
2024-09-19 00:00:00,134.50999,138.58000,134.32001,138.0099945
2024-09-19 04:00:00,138.31000,139.10001,137.61000,138.58000
2024-09-19 08:00:00,138.56000,139.60001,138.27000,139.55000
2024-09-19 12:00:00,139.50999,142.98000,139.50999,142.98000
2024-09-19 16:00:00,143,143.89999,142.63000,143.16000
2024-09-19 20:00:00,143.16000,143.74001,141.17000,142.88000
2024-09-20 00:00:00,143.14999,144.25999,141.22000,144.25999
2024-09-20 04:00:00,144.55000,152.10001,144.55000,151.050003
2024-09-20 08:00:00,150.99001,151.64000,150.080002,150.59000
2024-09-20 12:00:00,150.57001,151.080002,146.070007,147.86000
2024-09-20 16:00:00,147.92000,148.39999,144.88000,146.70000
2024-09-20 20:00:00,146.78999,147.89999,146.35001,146.70000
2024-09-21 00:00:00,146.55000,147.91000,145.039993,146
2024-09-21 04:00:00,145.96001,147.71001,144.67000,147.47000
2024-09-21 08:00:00,147.52000,147.92999,146.44000,147.21001
2024-09-21 12:00:00,147.27000,149.36000,146.75999,147.63000
2024-09-21 16:00:00,147.64999,148.72000,147.27000,147.36000
2024-09-21 20:00:00,147.37000,149.80000,147.25,149.39000
2024-09-22 00:00:00,149.42999,149.87000,147.16000,148.070007
2024-09-22 04:00:00,148.070007,148.98000,146.39000,147.13000
2024-09-22 08:00:00,147.16000,147.53999,144.19000,144.86000
2024-09-22 12:00:00,144.88000,145.16000,142.64999,143.17000
2024-09-22 16:00:00,143.080002,145.34000,142.45000,144.64999
2024-09-22 20:00:00,144.61000,145.75,141.28000,144.69000
2024-09-23 00:00:00,144.75999,148.99001,142.19000,147.74001
2024-09-23 04:00:00,147.73000,148.19000,145.19000,145.48000
2024-09-23 08:00:00,145.44000,145.64999,143.14999,143.45000
2024-09-23 12:00:00,143.52000,145.30000,142.64000,144.17000
2024-09-23 16:00:00,144.24001,144.86000,142.77000,143.28000
2024-09-23 20:00:00,143.22000,145.19000,142.58000,144.69000
2024-09-24 00:00:00,144.78999,146.78999,143.33000,146.64999
2024-09-24 04:00:00,146.87000,147.31000,145.47000,147.19000
2024-09-24 08:00:00,147.30000,148.70000,146.0099945,146.46001
2024-09-24 12:00:00,146.64999,148.48000,144.49001,145.53000
2024-09-24 16:00:00,145.75999,148.41000,145.39000,148.41000
2024-09-24 20:00:00,148.34000,153.96001,148.080002,152.66000
2024-09-25 00:00:00,152.89999,153.75999,151.13000,152
2024-09-25 04:00:00,152.0099945,152.22000,149.039993,149.77000
2024-09-25 08:00:00,149.71001,151.0099945,149.55000,151.0099945
2024-09-25 12:00:00,150.98000,152.80000,149.87000,150.49001
2024-09-25 16:00:00,150.39999,151.91000,148.89999,150.070007
2024-09-25 20:00:00,150.19000,150.88000,147.37000,148
2024-09-26 00:00:00,148.020004,149.56000,146.58000,149.21001
2024-09-26 04:00:00,149.16000,151.85001,148.74001,151.85001
2024-09-26 08:00:00,151.85001,153.10001,150.53000,152.92999
2024-09-26 12:00:00,152.91000,158,151.45000,157.039993
2024-09-26 16:00:00,157.22000,157.86000,155.47000,155.53999
2024-09-26 20:00:00,155.70000,156.28999,154.11000,155.55000
2024-09-27 00:00:00,155.50999,156.30000,154.0099945,155.67000
2024-09-27 04:00:00,155.63000,158.85001,155.63000,157.47000
2024-09-27 08:00:00,157.46001,159.080002,155.75,156.11000
2024-09-27 12:00:00,155.98000,160.99001,155.61000,159.14999
2024-09-27 16:00:00,159.070007,159.55000,157.16000,157.61000
2024-09-27 20:00:00,157.67999,158.39999,157.35001,157.64000
2024-09-28 00:00:00,157.70000,159.39999,157.70000,158.62000
2024-09-28 04:00:00,158.60001,158.83000,156.27000,156.48000
2024-09-28 08:00:00,156.42000,157.57001,155.14999,157.17000
2024-09-28 12:00:00,157.19000,157.98000,156.25999,156.88000
2024-09-28 16:00:00,156.81000,157.28999,156.42999,156.88000
2024-09-28 20:00:00,156.88000,157.039993,155.63000,156.71001
2024-09-29 00:00:00,156.86000,158.5,156.33000,157.77000
2024-09-29 04:00:00,157.84000,158.17000,155.20000,155.49001
2024-09-29 08:00:00,155.53000,156.86000,155.14000,156.75999
2024-09-29 12:00:00,156.75999,157.53000,155.72000,157.20000
2024-09-29 16:00:00,157.27000,159.64999,156.70000,159.42999
2024-09-29 20:00:00,159.52000,161.73000,157.91000,158.46001
2024-09-30 00:00:00,158.53999,159.71001,155.36000,156.14999
2024-09-30 04:00:00,156.089996,157.75,155.34000,156.85001
2024-09-30 08:00:00,156.85001,156.85001,153.81000,155.67000
2024-09-30 12:00:00,155.47000,157.30000,154.16000,154.16000
2024-09-30 16:00:00,154.25,155.67999,154,155.020004
2024-09-30 20:00:00,155.12000,156.94000,151.89999,152.63000
2024-10-01 00:00:00,152.64000,155.22000,151.50999,155.089996
2024-10-01 04:00:00,155.070007,157.0099945,154.89999,156.78999
2024-10-01 08:00:00,156.77000,157.30000,156.020004,156.47000
2024-10-01 12:00:00,156.5,156.67000,146.64999,149.72000
2024-10-01 16:00:00,149.25,149.83000,142.86000,145.57001
2024-10-01 20:00:00,145.39999,146.35001,142.70000,145.25
2024-10-02 00:00:00,145.19000,147.92999,143.46001,147.24001
2024-10-02 04:00:00,147.14000,148.91000,146.25999,147.85001
2024-10-02 08:00:00,147.75,148.42999,145.19000,146.13000
2024-10-02 12:00:00,146.059998,147.61000,142.84000,147.38000
2024-10-02 16:00:00,147.41000,148.35001,138.82001,140.020004
2024-10-02 20:00:00,140.31000,141.63000,138.67000,140.23000
2024-10-03 00:00:00,140.19000,142.89999,138.87000,142.89999
2024-10-03 04:00:00,142.81000,142.81000,140.0099945,140.020004
2024-10-03 08:00:00,139.89999,139.98000,135.42000,136.97000
2024-10-03 12:00:00,136.85001,138.23000,133.37000,135.63000
2024-10-03 16:00:00,135.53000,137.41000,133.67999,137.32001
2024-10-03 20:00:00,137.20000,137.82001,135.31000,136.85001
2024-10-04 00:00:00,136.82001,138.53000,135.98000,137.28000
2024-10-04 04:00:00,137.33000,139.75,137.33000,139.53999
2024-10-04 08:00:00,139.59000,140.94000,139.17000,140.14999
2024-10-04 12:00:00,140.14000,142.58000,138.23000,142.41000
2024-10-04 16:00:00,142.52000,144.47000,141.94000,144
2024-10-04 20:00:00,143.88000,144.45000,142.62000,143.14999
2024-10-05 00:00:00,143.28999,144,141.73000,141.83000
2024-10-05 04:00:00,141.78000,144.52000,141.61000,143.87000
2024-10-05 08:00:00,143.81000,144.88000,143.38000,143.44000
2024-10-05 12:00:00,143.52000,144.14999,142.56000,142.95000
2024-10-05 16:00:00,142.89000,142.99001,142.050003,142.17000
2024-10-05 20:00:00,142.14000,142.92999,141.089996,142.58000
2024-10-06 00:00:00,142.62000,143.64000,142,142.70000
2024-10-06 04:00:00,142.74001,143.39999,142.089996,142.96001
2024-10-06 08:00:00,143.0099945,144.32001,142.64000,144.070007
2024-10-06 12:00:00,144.17000,146.62000,143.96001,146
2024-10-06 16:00:00,146.059998,146.5,144.94000,145.42000
2024-10-06 20:00:00,145.42000,146.67999,144.35001,146.48000
2024-10-07 00:00:00,146.46001,150.84000,146.050003,149.97000
2024-10-07 04:00:00,150.039993,150.53000,147.96001,148
2024-10-07 08:00:00,147.99001,149.19000,145.67999,147.37000
2024-10-07 12:00:00,147.20000,152.23000,146.42000,148.81000
2024-10-07 16:00:00,148.71001,149.37000,145.71001,147.039993
2024-10-07 20:00:00,147.070007,147.12000,143.58000,143.91000
2024-10-08 00:00:00,144.24001,145.55000,143.52000,144.69000
2024-10-08 04:00:00,144.71001,145.020004,142.33000,143.080002
2024-10-08 08:00:00,142.89999,144.55000,142.78000,144.47000
2024-10-08 12:00:00,144.50999,145.34000,141.22000,142.81000
2024-10-08 16:00:00,142.61000,144.050003,141.89000,143.73000
2024-10-08 20:00:00,143.67000,144.60001,142.67,143.49
2024-10-09 00:00:00,143.5,145.34,143.09,143.94
2024-10-09 04:00:00,143.93,144.31,142.68,143.17
2024-10-09 08:00:00,143.16,143.5,142.47,143.2
2024-10-09 12:00:00,143.19,143.34,140.19,142.83
2024-10-09 16:00:00,142.83,142.9,139.75,141.12
2024-10-09 20:00:00,141.11,141.11,138.66,139.33
2024-10-10 00:00:00,139.33,140.41,137.66,139.89
2024-10-10 04:00:00,139.89,140.92,139.48,139.69
2024-10-10 08:00:00,139.7,140.5,137.43,140.44
2024-10-10 12:00:00,140.44,140.83,136.2,138.67
2024-10-10 16:00:00,138.66,139.09,135.52,138.11
2024-10-10 20:00:00,138.11,139.07,137.14,139.03
2024-10-11 00:00:00,139.04,141.56,138.68,140.83
2024-10-11 04:00:00,140.83,142.12,140.64,141.17
2024-10-11 08:00:00,141.17,142.7,140.98,141.97
2024-10-11 12:00:00,141.98,145.52,141.88,144.41
2024-10-11 16:00:00,144.41,146.62,143.92,145.45
2024-10-11 20:00:00,145.44,146.41,145.15,145.53
2024-10-12 00:00:00,145.52,146.6,144.71,145.14
2024-10-12 04:00:00,145.15,145.98,145.15,145.58
2024-10-12 08:00:00,145.58,147.28,145.47,146.26
2024-10-12 12:00:00,146.26,147.27,145.71,146.09
2024-10-12 16:00:00,146.08,147.19,146.08,146.79
2024-10-12 20:00:00,146.79,147.32,146.34,146.4
2024-10-13 00:00:00,146.39,147.06,145.13,145.3
2024-10-13 04:00:00,145.31,146.99,145.27,146.42
2024-10-13 08:00:00,146.42,148.39,146.4,146.47
2024-10-13 12:00:00,146.47,148.11,144.45,145.34
2024-10-13 16:00:00,145.34,146.53,144.7,146.03
2024-10-13 20:00:00,146.02,148.86,145.65,147.74
2024-10-14 00:00:00,147.74,152.58,146.8,152.51
2024-10-14 04:00:00,152.51,153.5,150.9,153.04
2024-10-14 08:00:00,153.04,154.02,152.04,153.16
2024-10-14 12:00:00,153.15,158.1,152.57,156.71
2024-10-14 16:00:00,156.7,156.9,154.56,155.66
2024-10-14 20:00:00,155.65,158.08,155.41,157.59
2024-10-15 00:00:00,157.59,158.44,155,155.46
2024-10-15 04:00:00,155.47,156.34,153.71,155.13
2024-10-15 08:00:00,155.13,155.5,151.8,152.41
2024-10-15 12:00:00,152.42,159.73,150.3,153.29
2024-10-15 16:00:00,153.3,156.4,153.07,155.16
2024-10-15 20:00:00,155.17,155.28,152,154.76
2024-10-16 00:00:00,154.76,156.1,153,154.23
2024-10-16 04:00:00,154.22,154.96,153.01,153.67
2024-10-16 08:00:00,153.67,158.41,153.4,155.88
2024-10-16 12:00:00,155.88,156.89,153.69,155.71
2024-10-16 16:00:00,155.71,155.97,154.1,154.35
2024-10-16 20:00:00,154.34,155.14,153.64,154.28
2024-10-17 00:00:00,154.28,155.73,153.56,154.62
2024-10-17 04:00:00,154.62,154.78,151.6,152.61
2024-10-17 08:00:00,152.61,153.47,151.11,151.31
2024-10-17 12:00:00,151.31,153.25,150.77,152.89
2024-10-17 16:00:00,152.89,152.92,147.66,149.38
2024-10-17 20:00:00,149.39,150.98,149.27,150.5
2024-10-18 00:00:00,150.5,153.25,149.56,151.88
2024-10-18 04:00:00,151.88,154.23,151.88,153.89
2024-10-18 08:00:00,153.9,154.3,152.85,153
2024-10-18 12:00:00,152.99,155.24,152.14,154.72
2024-10-18 16:00:00,154.71,156.65,153.62,154.84
2024-10-18 20:00:00,154.84,155.18,153.77,154.94
2024-10-19 00:00:00,154.93,156.05,154.2,154.56
2024-10-19 04:00:00,154.56,155.14,154.12,154.56
2024-10-19 08:00:00,154.56,155.04,153.45,153.83
2024-10-19 12:00:00,153.83,157.5,153.8,156.51
2024-10-19 16:00:00,156.51,156.97,155.32,156.37
2024-10-19 20:00:00,156.38,159.85,156.13,159.79
2024-10-20 00:00:00,159.79,160.62,158.14,159.03
2024-10-20 04:00:00,159.03,160.64,158.58,158.78
2024-10-20 08:00:00,158.78,159.42,158.38,159.2
2024-10-20 12:00:00,159.19,161.5,157.58,160.01
2024-10-20 16:00:00,160.02,161.22,159.3,160.38
2024-10-20 20:00:00,160.38,167.94,160.14,167.4
2024-10-21 00:00:00,167.4,170.14,167.2,169.51
2024-10-21 04:00:00,169.5,171.76,168.58,168.64
2024-10-21 08:00:00,168.65,169.62,165.72,166.42
2024-10-21 12:00:00,166.42,167.07,160.99,165.27
2024-10-21 16:00:00,165.27,168.08,163.02,167.81
2024-10-21 20:00:00,167.81,168.16,166.06,166.17
2024-10-22 00:00:00,166.16,167.9,162.99,166.45
2024-10-22 04:00:00,166.45,168.96,166.18,167.11
2024-10-22 08:00:00,167.1,169.21,163.53,167.88
2024-10-22 12:00:00,167.88,170.99,164.79,167.78
2024-10-22 16:00:00,167.79,169.16,166,168.48
2024-10-22 20:00:00,168.47,169.26,166.77,167.59
2024-10-23 00:00:00,167.6,167.96,164.49,165.51
2024-10-23 04:00:00,165.51,166.51,164.34,165.74
2024-10-23 08:00:00,165.73,166.94,164.13,166.41
2024-10-23 12:00:00,166.41,169.48,164.97,168.13
2024-10-23 16:00:00,168.14,173.76,164.7,173.02
2024-10-23 20:00:00,173.02,174.3,170,170.85
2024-10-24 00:00:00,170.86,175.03,170.5,174.14
2024-10-24 04:00:00,174.14,175.26,172.78,173.56
2024-10-24 08:00:00,173.55,174.38,171,173.85
2024-10-24 12:00:00,173.85,177.22,173.72,175.43
2024-10-24 16:00:00,175.43,177.9,174.65,177.4
2024-10-24 20:00:00,177.41,179.3,176.49,177.19
2024-10-25 00:00:00,177.19,177.47,174.38,174.68
2024-10-25 04:00:00,174.69,175.06,171.46,171.9
2024-10-25 08:00:00,171.9,174.14,170.66,173.65
2024-10-25 12:00:00,173.65,177.6,171.15,172.45
2024-10-25 16:00:00,172.45,173.04,165.11,167.95
2024-10-25 20:00:00,167.95,168.84,159.12,164.9
2024-10-26 00:00:00,164.91,165.94,162.43,165.64
2024-10-26 04:00:00,165.64,169.18,165.3,167.35
2024-10-26 08:00:00,167.35,170.3,167.33,168.65
2024-10-26 12:00:00,168.66,169.5,167.23,168.63
2024-10-26 16:00:00,168.63,172.31,168.36,171.52
2024-10-26 20:00:00,171.52,173.25,170.65,170.88
2024-10-27 00:00:00,170.87,173.26,170.26,172.14
2024-10-27 04:00:00,172.14,173.52,171.66,173.27
2024-10-27 08:00:00,173.26,175.53,173.17,174.02
2024-10-27 12:00:00,174.03,177.05,174.02,175.77
2024-10-27 16:00:00,175.78,177.8,174.74,177.21
2024-10-27 20:00:00,177.21,178.27,176.58,176.63
2024-10-28 00:00:00,176.63,177.19,174.68,175.74
2024-10-28 04:00:00,175.74,176.75,173.14,175.69
2024-10-28 08:00:00,175.69,178.59,175.62,176.95
2024-10-28 12:00:00,176.95,177.95,173.25,173.39
2024-10-28 16:00:00,173.39,178.05,172.45,176.42
2024-10-28 20:00:00,176.4,179.8,175.75,178.29
2024-10-29 00:00:00,178.28,182.3,177.14,181.81
2024-10-29 04:00:00,181.81,182.78,179.5,180.16
2024-10-29 08:00:00,180.16,181.84,180,180.8
2024-10-29 12:00:00,180.79,180.97,178.37,180.61
2024-10-29 16:00:00,180.6,183.38,178.1,178.17
2024-10-29 20:00:00,178.17,180.31,176.41,179.42
2024-10-30 00:00:00,179.43,180.84,176.94,180.09
2024-10-30 04:00:00,180.08,181.36,178.16,178.69
2024-10-30 08:00:00,178.69,179.33,175.2,175.71
2024-10-30 12:00:00,175.7,177.29,173.15,173.93
2024-10-30 16:00:00,173.94,175.79,173.01,174.29
2024-10-30 20:00:00,174.3,177.06,173.03,174.87
2024-10-31 00:00:00,174.87,176.56,174.1,174.35
2024-10-31 04:00:00,174.35,176,173.11,174.5
2024-10-31 08:00:00,174.5,176.36,173.31,175
2024-10-31 12:00:00,175,175.45,169.3,170.65
2024-10-31 16:00:00,170.65,170.73,168.53,168.7
2024-10-31 20:00:00,168.69,170.29,167.56,168.69
2024-11-01 00:00:00,168.69,169.42,165.38,167.15
2024-11-01 04:00:00,167.14,167.63,165.05,165.96
2024-11-01 08:00:00,165.96,168.77,165.55,167.88
2024-11-01 12:00:00,167.88,174,163.43,164.09
2024-11-01 16:00:00,164.1,167.81,163.69,166.6
2024-11-01 20:00:00,166.6,167.12,163.93,166.1
2024-11-02 00:00:00,166.11,168.61,166.05,167
2024-11-02 04:00:00,166.99,167.7,165.66,167.64
2024-11-02 08:00:00,167.63,167.86,165.85,166.04
2024-11-02 12:00:00,166.03,166.44,162.11,163.82
2024-11-02 16:00:00,163.82,165.41,163,165.15
2024-11-02 20:00:00,165.15,166.93,164.94,166.17
2024-11-03 00:00:00,166.16,166.61,160.84,161.94
2024-11-03 04:00:00,161.95,164.08,161.79,163.53
2024-11-03 08:00:00,163.53,164.85,162.65,163.62
2024-11-03 12:00:00,163.62,164.61,157.82,159.99
2024-11-03 16:00:00,159.99,161.83,158.06,161.06
2024-11-03 20:00:00,161.06,163.83,160.5,162.53
2024-11-04 00:00:00,162.52,165.04,160.48,162.82
2024-11-04 04:00:00,162.83,163.85,161.35,161.41
2024-11-04 08:00:00,161.41,164.93,160.07,164.08
2024-11-04 12:00:00,164.08,165,161.62,163.03
2024-11-04 16:00:00,163.04,163.47,159.14,159.59
2024-11-04 20:00:00,159.59,160,155.11,157.95
2024-11-05 00:00:00,157.95,159.71,156.86,159.66
2024-11-05 04:00:00,159.65,162.47,159.35,162.04
2024-11-05 08:00:00,162.04,163.08,161.03,162.39
2024-11-05 12:00:00,162.38,167.94,161.84,165.94
2024-11-05 16:00:00,165.95,169.3,163.36,164.09
2024-11-05 20:00:00,164.09,167.71,163.11,166.62
2024-11-06 00:00:00,166.63,185,166.4,184.94
2024-11-06 04:00:00,184.94,188.36,182.69,183.83
2024-11-06 08:00:00,183.82,186.85,180.11,186.72
2024-11-06 12:00:00,186.72,188.7,184.26,185.51
2024-11-06 16:00:00,185.51,188.37,184.74,188.36
2024-11-06 20:00:00,188.36,190.01,186.42,186.59
2024-11-07 00:00:00,186.59,191.95,185.84,189.08
2024-11-07 04:00:00,189.08,190.04,186,188.01
2024-11-07 08:00:00,188.01,189.35,185.96,186.04
2024-11-07 12:00:00,186.05,192.78,185.96,192.66
2024-11-07 16:00:00,192.65,197.84,190.94,197
2024-11-07 20:00:00,196.99,197.78,194.13,196.35
2024-11-08 00:00:00,196.36,201,195.64,198.15
2024-11-08 04:00:00,198.16,200.8,197.39,200.38
2024-11-08 08:00:00,200.38,205,198.09,203.06
2024-11-08 12:00:00,203.05,205,198.41,200.99
2024-11-08 16:00:00,200.98,202.1,196.21,199.55
2024-11-08 20:00:00,199.54,200.19,197.1,199.85
2024-11-09 00:00:00,199.86,200.26,197.21,198.97
2024-11-09 04:00:00,198.96,202.41,198.96,200.26
2024-11-09 08:00:00,200.27,203.45,199.91,202.18
2024-11-09 12:00:00,202.17,202.56,197.35,198.4
2024-11-09 16:00:00,198.39,199.59,194.86,197.75
2024-11-09 20:00:00,197.75,201.99,197.4,199.89
2024-11-10 00:00:00,199.89,204.91,198.68,201.42
2024-11-10 04:00:00,201.41,209,200.92,205.06
2024-11-10 08:00:00,205.06,207.39,204.02,206.59
2024-11-10 12:00:00,206.59,213.3,203.47,212.23
2024-11-10 16:00:00,212.23,215.27,206.25,208.47
2024-11-10 20:00:00,208.48,213.97,199.73,210.07
2024-11-11 00:00:00,210.07,212.38,208.13,210
2024-11-11 04:00:00,210,210.26,204.16,208.01
2024-11-11 08:00:00,208,217.67,206.6,217.62
2024-11-11 12:00:00,217.62,221,214.47,219
2024-11-11 16:00:00,219,222,216.03,217.82
2024-11-11 20:00:00,217.81,224,216.67,222.13
2024-11-12 00:00:00,222.12,222.57,215,220.64
2024-11-12 04:00:00,220.63,221.92,216.02,221.84
2024-11-12 08:00:00,221.84,225.21,208.49,211.13
2024-11-12 12:00:00,211.12,213.98,204.71,210.53
2024-11-12 16:00:00,210.54,215.35,206.61,213.17
2024-11-12 20:00:00,213.17,215.46,210.08,211.64
2024-11-13 00:00:00,211.63,213.2,203.02,203.18
2024-11-13 04:00:00,203.19,207.27,200.67,205.22
2024-11-13 08:00:00,205.22,209.45,203.85,207.71
2024-11-13 12:00:00,207.71,217.3,205.95,216.4
2024-11-13 16:00:00,216.39,220.44,210.31,210.87
2024-11-13 20:00:00,210.87,215.5,205.93,215.13
2024-11-14 00:00:00,215.14,219.5,212.05,219.44
2024-11-14 04:00:00,219.44,220.73,215.16,218.12
2024-11-14 08:00:00,218.12,222.8,213.51,216.04
2024-11-14 12:00:00,216.03,217.96,209.03,210.84
2024-11-14 16:00:00,210.84,217.12,209.85,215.62
2024-11-14 20:00:00,215.61,215.61,206.78,209.57
2024-11-15 00:00:00,209.57,212.88,208.03,209.02
2024-11-15 04:00:00,209.01,210.66,204.48,209.18
2024-11-15 08:00:00,209.19,213.93,207.82,213.58
2024-11-15 12:00:00,213.57,215.33,206.71,208.32
2024-11-15 16:00:00,208.32,213.52,208.04,212.38
2024-11-15 20:00:00,212.38,220.5,212.25,218.45
2024-11-16 00:00:00,218.44,221.61,215.88,221.35
2024-11-16 04:00:00,221.34,221.99,218.45,218.91
2024-11-16 08:00:00,218.91,219.76,216.61,218.9
2024-11-16 12:00:00,218.9,221.8,213.72,215.03
2024-11-16 16:00:00,215.03,217,213.35,216.27
2024-11-16 20:00:00,216.27,217.36,214.01,215.71
2024-11-17 00:00:00,215.72,221.5,212.1,221.37
2024-11-17 04:00:00,221.37,239.9,221.37,237.23
2024-11-17 08:00:00,237.22,242.33,234.29,234.81
2024-11-17 12:00:00,234.81,236.01,229.4,233.96
2024-11-17 16:00:00,233.96,235.59,231.21,235.4
2024-11-17 20:00:00,235.4,238.4,231.59,237.47
2024-11-18 00:00:00,237.47,244.47,234.01,244.18
2024-11-18 04:00:00,244.18,245.27,239.39,242.05
2024-11-18 08:00:00,242.06,248.44,239.74,242.5
2024-11-18 12:00:00,242.51,245,238.04,243.33
2024-11-18 16:00:00,243.33,243.94,234.26,236.28
2024-11-18 20:00:00,236.29,240.9,235.7,239.79
2024-11-19 00:00:00,239.79,243.39,237.54,240.61
2024-11-19 04:00:00,240.6,244.62,238.7,243.32
2024-11-19 08:00:00,243.32,247,241.93,246.07
2024-11-19 12:00:00,246.07,247.5,238.36,240.58
2024-11-19 16:00:00,240.59,244.54,240.09,243.54
2024-11-19 20:00:00,243.54,244.23,233.4,237.63
2024-11-20 00:00:00,237.64,237.91,230.37,233.81
2024-11-20 04:00:00,233.81,236.36,231.47,235.94
2024-11-20 08:00:00,235.94,238.78,234.77,237.55
2024-11-20 12:00:00,237.55,242.54,235.5,238.37
2024-11-20 16:00:00,238.37,239.14,230.95,233
2024-11-20 20:00:00,233,238.06,231.73,235.48
2024-11-21 00:00:00,235.48,238.7,229.6,235.82
2024-11-21 04:00:00,235.82,242.78,235.66,241.47
2024-11-21 08:00:00,241.48,243.49,239.79,239.97
2024-11-21 12:00:00,239.98,253,239.95,248.86
2024-11-21 16:00:00,248.87,259.8,248.3,253.93
2024-11-21 20:00:00,253.93,257.5,252.89,256.37
2024-11-22 00:00:00,256.38,264.39,252.37,262.48
2024-11-22 04:00:00,262.48,262.8,257.84,259.22
2024-11-22 08:00:00,259.23,260.96,256.23,259.26
2024-11-22 12:00:00,259.26,260.35,252.48,256.38
2024-11-22 16:00:00,256.38,256.38,251.47,254.04
2024-11-22 20:00:00,254.04,257.91,253.28,256.9
2024-11-23 00:00:00,256.9,257.74,253.34,257.2
2024-11-23 04:00:00,257.2,264,256.9,258.26
2024-11-23 08:00:00,258.27,259.46,255.8,256.14
2024-11-23 12:00:00,256.13,263.6,255.91,259.71
2024-11-23 16:00:00,259.71,260.3,254.15,254.39
2024-11-23 20:00:00,254.38,256.06,252.69,254.89
2024-11-24 00:00:00,254.9,259.78,254.49,258.57
2024-11-24 04:00:00,258.58,259.2,254.06,256.63
2024-11-24 08:00:00,256.63,256.75,248,248.39
2024-11-24 12:00:00,248.39,250.21,240.93,244.17
2024-11-24 16:00:00,244.18,250.44,243.66,248.58
2024-11-24 20:00:00,248.57,254.76,248.14,252.73
2024-11-25 00:00:00,252.74,253.18,245.7,252.46
2024-11-25 04:00:00,252.45,254.06,251.65,253.28
2024-11-25 08:00:00,253.28,256.7,251.26,252.17
2024-11-25 12:00:00,252.17,252.55,235.04,244.97
2024-11-25 16:00:00,244.97,246.13,237.26,239.65
2024-11-25 20:00:00,239.65,241.15,231.21,234.18
2024-11-26 00:00:00,234.18,239.62,233.57,237.45
2024-11-26 04:00:00,237.44,239.66,234.97,235.73
2024-11-26 08:00:00,235.72,236.6,221.8,227.73
2024-11-26 12:00:00,227.73,232.64,225.81,227.36
2024-11-26 16:00:00,227.36,232.49,223.4,229.03
2024-11-26 20:00:00,229.03,232.2,227.4,230.69
2024-11-27 00:00:00,230.69,233.81,228.14,231.51
2024-11-27 04:00:00,231.51,234.99,227.51,234.34
2024-11-27 08:00:00,234.35,237.08,232.04,235
2024-11-27 12:00:00,234.99,240.91,232.61,240.59
2024-11-27 16:00:00,240.59,241.14,237.71,239.07
2024-11-27 20:00:00,239.06,243.33,238.78,241.96
2024-11-28 00:00:00,241.96,245.28,238.1,240.01
2024-11-28 04:00:00,240.01,241.15,236.61,238.02
2024-11-28 08:00:00,238.03,239.14,234.37,236.9
2024-11-28 12:00:00,236.89,237.73,232.8,233.06
2024-11-28 16:00:00,233.06,237.04,233.06,235.47
2024-11-28 20:00:00,235.47,238.35,234.9,237.59
2024-11-29 00:00:00,237.58,243.11,236.55,241.98
2024-11-29 04:00:00,241.97,242.2,237.54,237.65
2024-11-29 08:00:00,237.66,245.49,237.66,245.22
2024-11-29 12:00:00,245.22,246.77,242.09,243.5
2024-11-29 16:00:00,243.51,244.55,239.97,241.14
2024-11-29 20:00:00,241.14,245.3,240.95,243.33
2024-11-30 00:00:00,243.33,243.35,239.01,242.88
2024-11-30 04:00:00,242.89,245.13,241.57,244.23
2024-11-30 08:00:00,244.22,245.4,240.06,241.46
2024-11-30 12:00:00,241.47,243.08,238.65,239.87
2024-11-30 16:00:00,239.87,240.55,238.82,239.92
2024-11-30 20:00:00,239.91,241.17,237.5,237.6
2024-12-01 00:00:00,237.6,239.89,234.1,235.67
2024-12-01 04:00:00,235.66,236.89,235.02,235.46
2024-12-01 08:00:00,235.46,238.74,235.35,237.09
2024-12-01 12:00:00,237.09,239.32,236.15,238.5
2024-12-01 16:00:00,238.51,239.41,235.05,236.29
2024-12-01 20:00:00,236.28,239.08,234.2,236.8
2024-12-02 00:00:00,236.79,238.2,228,228.47
2024-12-02 04:00:00,228.46,230.3,225.93,228.62
2024-12-02 08:00:00,228.62,228.8,222.84,224.77
2024-12-02 12:00:00,224.78,229.6,221.61,229.21
2024-12-02 16:00:00,229.21,229.94,220,223.98
2024-12-02 20:00:00,223.97,225.86,221.21,225.72
2024-12-03 00:00:00,225.73,229.32,223.15,227.95
2024-12-03 04:00:00,227.95,230.98,225.14,226.92
2024-12-03 08:00:00,226.92,228.5,222.9,225.59
2024-12-03 12:00:00,225.58,226.34,215,223.22
2024-12-03 16:00:00,223.21,228.43,220.27,228.16
2024-12-03 20:00:00,228.16,239.6,227.73,233.92
2024-12-04 00:00:00,233.92,240.6,233.92,237.7
2024-12-04 04:00:00,237.7,241,235.79,236.58
2024-12-04 08:00:00,236.57,237.87,235.02,235.98
2024-12-04 12:00:00,235.98,236.15,229.92,233.72
2024-12-04 16:00:00,233.73,234.04,224.67,232.67
2024-12-04 20:00:00,232.68,236.23,225.78,229.15
2024-12-05 00:00:00,229.15,238.59,222.95,232.93
2024-12-05 04:00:00,232.92,238.23,231.39,233.89
2024-12-05 08:00:00,233.9,242.37,233.51,241.79
2024-12-05 12:00:00,241.79,244.77,236.21,239.06
2024-12-05 16:00:00,239.07,242.93,232.35,233.07
2024-12-05 20:00:00,233.08,240.65,225,235.84
2024-12-06 00:00:00,235.84,247,234.31,241.98
2024-12-06 04:00:00,241.98,242.93,237.67,239.3
2024-12-06 08:00:00,239.31,240.51,233.61,234.13
2024-12-06 12:00:00,234.12,240,230.92,238.02
2024-12-06 16:00:00,238.01,240.43,237.04,239.7
2024-12-06 20:00:00,239.7,240.73,235.34,236.87
2024-12-07 00:00:00,236.87,237.44,234.12,234.86
2024-12-07 04:00:00,234.86,236.59,234.32,236.21
2024-12-07 08:00:00,236.21,239.36,235.01,238.15
2024-12-07 12:00:00,238.15,243.2,237.17,240.84
2024-12-07 16:00:00,240.85,242.54,238.88,241.67
2024-12-07 20:00:00,241.67,243.61,237.83,238.14
2024-12-08 00:00:00,238.14,241.51,237.6,240.66
2024-12-08 04:00:00,240.67,241.07,236.6,237.6
2024-12-08 08:00:00,237.6,237.78,233.22,235.96
2024-12-08 12:00:00,235.95,237.64,234.47,237.35
2024-12-08 16:00:00,237.34,237.68,234.09,236.51
2024-12-08 20:00:00,236.51,237.75,234.6,237.02
2024-12-09 00:00:00,237.02,237.28,230.17,231.83
2024-12-09 04:00:00,231.82,232.8,228.11,231.59
2024-12-09 08:00:00,231.59,231.82,225.29,225.99
2024-12-09 12:00:00,225.99,231.76,222.89,224.29
2024-12-09 16:00:00,224.3,226.15,221.7,221.95
2024-12-09 20:00:00,221.95,225.75,203,216.63
2024-12-10 00:00:00,216.62,221.06,206.96,215.8
2024-12-10 04:00:00,215.79,218.74,212.14,217.34
2024-12-10 08:00:00,217.33,218.59,215.08,216.21
2024-12-10 12:00:00,216.21,218.6,206.27,206.55
2024-12-10 16:00:00,206.58,212.77,203.21,212.1
2024-12-10 20:00:00,212.09,216.29,211.34,213.6
2024-12-11 00:00:00,213.6,219.4,211.51,219.39
2024-12-11 04:00:00,219.39,220.32,216.9,218.44
2024-12-11 08:00:00,218.45,225.41,218.31,224.79
2024-12-11 12:00:00,224.78,230.29,224.06,228.38
2024-12-11 16:00:00,228.38,230.51,227.29,229.77
2024-12-11 20:00:00,229.78,230.65,226.77,227.29
2024-12-12 00:00:00,227.29,231.97,225.67,230.36
2024-12-12 04:00:00,230.37,232.98,228.98,230.01
2024-12-12 08:00:00,230,233.53,228.3,229.59
2024-12-12 12:00:00,229.59,233.28,228.61,231.3
2024-12-12 16:00:00,231.3,234.69,226.59,227.24
2024-12-12 20:00:00,227.25,229.73,225.71,226.96
2024-12-13 00:00:00,226.95,228.44,224.27,227.17
2024-12-13 04:00:00,227.18,227.51,223.09,224.81
2024-12-13 08:00:00,224.82,227.27,223.89,225.61
2024-12-13 12:00:00,225.6,226.71,220.7,221.13
2024-12-13 16:00:00,221.12,223.89,220.6,223.28
2024-12-13 20:00:00,223.28,224.92,223.07,224.79
2024-12-14 00:00:00,224.79,227,223.62,226.23
2024-12-14 04:00:00,226.23,227.51,225.14,225.97
2024-12-14 08:00:00,225.98,226.75,224.06,224.36
2024-12-14 12:00:00,224.36,224.64,220.42,222.56
2024-12-14 16:00:00,222.55,222.55,216.73,218.03
2024-12-14 20:00:00,218.04,220.91,215.13,219.93
2024-12-15 00:00:00,219.94,221.79,218.87,219.44
2024-12-15 04:00:00,219.44,221.86,215.68,217.27
2024-12-15 08:00:00,217.26,220.14,216.47,218.41
2024-12-15 12:00:00,218.41,221.5,217.38,220.88
2024-12-15 16:00:00,220.89,222.49,220.49,221.24
2024-12-15 20:00:00,221.24,225.5,216.22,224.27
2024-12-16 00:00:00,224.26,227.56,220.45,221.25
2024-12-16 04:00:00,221.25,223.89,220.6,223.13
2024-12-16 08:00:00,223.12,223.33,213.61,214.1
2024-12-16 12:00:00,214.11,218.09,213.26,216.98
2024-12-16 16:00:00,216.97,221.74,216.81,218.33
2024-12-16 20:00:00,218.34,218.97,215.86,216.19
2024-12-17 00:00:00,216.19,216.69,211.36,215.45
2024-12-17 04:00:00,215.45,216.54,213,215.57
2024-12-17 08:00:00,215.57,223.84,215.5,221.59
2024-12-17 12:00:00,221.6,227.55,217,220.53
2024-12-17 16:00:00,220.53,228.95,219.86,227.45
2024-12-17 20:00:00,227.46,228.6,221.65,223.15
2024-12-18 00:00:00,223.16,226.04,217.13,217.5
2024-12-18 04:00:00,217.5,218.3,213.55,215.91
2024-12-18 08:00:00,215.92,218.94,215.31,217.85
2024-12-18 12:00:00,217.85,218.78,214.64,217.73
2024-12-18 16:00:00,217.73,218.34,211.68,211.69
2024-12-18 20:00:00,211.68,212.8,204.8,206.53
2024-12-19 00:00:00,206.53,209.27,199.39,208.84
2024-12-19 04:00:00,208.85,212.14,207.23,211.81
2024-12-19 08:00:00,211.82,211.82,207.82,210.48
2024-12-19 12:00:00,210.47,211.09,202.4,205.44
2024-12-19 16:00:00,205.44,206.92,187,191.88
2024-12-19 20:00:00,191.88,198.14,187.64,193.81
2024-12-20 00:00:00,193.82,199.81,191.7,196.36
2024-12-20 04:00:00,196.37,197.4,188.11,191.37
2024-12-20 08:00:00,191.36,191.59,175.26,176.01
2024-12-20 12:00:00,176.02,191.27,175.83,189.89
2024-12-20 16:00:00,189.89,193.16,188.29,191.63
2024-12-20 20:00:00,191.63,194.78,187.91,194.48
2024-12-21 00:00:00,194.48,196.69,193.05,194.28
2024-12-21 04:00:00,194.29,201.98,194.2,198.81
2024-12-21 08:00:00,198.8,198.97,192.2,192.94
2024-12-21 12:00:00,192.93,193.1,183.21,186.65
2024-12-21 16:00:00,186.65,187.5,178.3,181.52
2024-12-21 20:00:00,181.51,183.39,178.72,181.45
2024-12-22 00:00:00,181.46,183.95,179.96,182.56
2024-12-22 04:00:00,182.55,184.81,177.88,184.32
2024-12-22 08:00:00,184.31,186.98,183.71,186.69
2024-12-22 12:00:00,186.69,187.87,179.03,181.87
2024-12-22 16:00:00,181.88,184.05,177.85,178.49
2024-12-22 20:00:00,178.5,182.41,176.88,180.52
2024-12-23 00:00:00,180.53,187.38,176.48,186.24
2024-12-23 04:00:00,186.24,187.73,179.91,182.25
2024-12-23 08:00:00,182.24,186.67,181.74,183.59
2024-12-23 12:00:00,183.59,185.76,180.73,180.87
2024-12-23 16:00:00,180.87,189.66,180.74,187.43
2024-12-23 20:00:00,187.43,193.48,186.73,190.11
2024-12-24 00:00:00,190.12,190.41,186.13,189.97
2024-12-24 04:00:00,189.97,191.96,189.29,191.51
2024-12-24 08:00:00,191.51,193.98,190.56,192.95
2024-12-24 12:00:00,192.95,199,191.28,197.79
2024-12-24 16:00:00,197.79,198.64,194.99,195.25
2024-12-24 20:00:00,195.25,198,193.35,197.09
2024-12-25 00:00:00,197.09,201.85,196.4,199.87
2024-12-25 04:00:00,199.86,200.59,197.69,198.13
2024-12-25 08:00:00,198.14,200.54,195,195.79
2024-12-25 12:00:00,195.8,199.45,195.05,198.27
2024-12-25 16:00:00,198.26,199.45,196,199.25
2024-12-25 20:00:00,199.25,200.13,195.61,197.44
2024-12-26 00:00:00,197.45,199.71,195.71,196.62
2024-12-26 04:00:00,196.61,196.61,193.35,193.43
2024-12-26 08:00:00,193.43,193.84,188.23,189.8
2024-12-26 12:00:00,189.81,190.16,187.57,188.7
2024-12-26 16:00:00,188.7,190.97,187.4,189.17
2024-12-26 20:00:00,189.16,190.05,186.54,188.46
2024-12-27 00:00:00,188.46,190.5,187.28,189.44
2024-12-27 04:00:00,189.45,191.17,185.58,186.67
2024-12-27 08:00:00,186.67,194.39,186.65,191.32
2024-12-27 12:00:00,191.31,191.42,183.3,184.13
2024-12-27 16:00:00,184.12,187.33,182.74,186.9
2024-12-27 20:00:00,186.9,187,183.13,184.22
2024-12-28 00:00:00,184.22,186.01,183.82,185.03
2024-12-28 04:00:00,185.03,186.32,184.26,185.13
2024-12-28 08:00:00,185.13,187.36,185,187.19
2024-12-28 12:00:00,187.19,191.3,186.5,190.18
2024-12-28 16:00:00,190.19,195.35,189.64,193.76
2024-12-28 20:00:00,193.76,196.1,192.71,195.5
2024-12-29 00:00:00,195.5,195.7,192.42,194.78
2024-12-29 04:00:00,194.79,197.37,194.07,196.04
2024-12-29 08:00:00,196.03,197.34,194.88,196.09
2024-12-29 12:00:00,196.1,197.71,192.91,195.14
2024-12-29 16:00:00,195.15,195.48,192.16,192.71
2024-12-29 20:00:00,192.71,192.81,188.57,189.94
2024-12-30 00:00:00,189.94,194.4,189.08,191.38
2024-12-30 04:00:00,191.37,193.73,189.58,192.36
2024-12-30 08:00:00,192.37,194.14,191.52,193.51
2024-12-30 12:00:00,193.52,194.82,185.99,187.32
2024-12-30 16:00:00,187.32,196.3,185.89,196.21
2024-12-30 20:00:00,196.2,196.47,189.1,191.38
2024-12-31 00:00:00,191.37,192.05,188.33,189.96
2024-12-31 04:00:00,189.95,190.77,188.04,190.07
2024-12-31 08:00:00,190.07,194.96,190,193.79
2024-12-31 12:00:00,193.8,198.76,193.01,198.44
2024-12-31 16:00:00,198.44,199.27,193.22,193.81
2024-12-31 20:00:00,193.81,194.82,189.2,189.31
2025-01-01 00:00:00,189.31,192.66,189.08,190.43
2025-01-01 04:00:00,190.42,190.62,189.32,190.06
2025-01-01 08:00:00,190.06,191.86,188,191.36
2025-01-01 12:00:00,191.35,192.15,189.14,191.91
2025-01-01 16:00:00,191.91,193.91,189.25,193.1
2025-01-01 20:00:00,193.1,195.33,193.1,194.28
2025-01-02 00:00:00,194.28,199.7,193.43,198.54
2025-01-02 04:00:00,198.55,206.89,198.54,205.91
2025-01-02 08:00:00,205.91,208.88,205.66,208.51
2025-01-02 12:00:00,208.52,210.48,205.45,206.77
2025-01-02 16:00:00,206.77,209.07,204.67,206.69
2025-01-02 20:00:00,206.69,208.44,205.2,208.31
2025-01-03 00:00:00,208.3,208.45,205.63,208.05
2025-01-03 04:00:00,208.05,210,207.09,207.95
2025-01-03 08:00:00,207.95,215.18,207.6,214.51
2025-01-03 12:00:00,214.52,218.7,212.09,217.36
2025-01-03 16:00:00,217.37,219.83,216.46,217.1
2025-01-03 20:00:00,217.1,218.04,215.81,217.99
2025-01-04 00:00:00,218,218.18,215.67,216.97
2025-01-04 04:00:00,216.97,217.96,215.58,216.71
2025-01-04 08:00:00,216.7,216.73,214.4,216.45
2025-01-04 12:00:00,216.46,217.66,213.54,214.32
2025-01-04 16:00:00,214.31,215.96,213.73,215.58
2025-01-04 20:00:00,215.58,217.27,215.41,216.67
2025-01-05 00:00:00,216.67,218.99,215.27,217.96
2025-01-05 04:00:00,217.96,219.05,215.97,216.47
2025-01-05 08:00:00,216.47,216.57,212.91,213.93
2025-01-05 12:00:00,213.94,214.61,211.61,213.59
2025-01-05 16:00:00,213.58,214.29,211.46,212.79
2025-01-05 20:00:00,212.79,214.54,212.54,213.41
2025-01-06 00:00:00,213.41,216.99,211.56,215.61
2025-01-06 04:00:00,215.61,216.9,213.9,215.22
2025-01-06 08:00:00,215.22,216.27,213.23,216.26
2025-01-06 12:00:00,216.26,222.14,215.77,221.62
2025-01-06 16:00:00,221.62,223.18,217.34,220
2025-01-06 20:00:00,220,220.44,217.55,218.22
2025-01-07 00:00:00,218.22,219.11,216.23,217.34
2025-01-07 04:00:00,217.35,217.45,215.49,216.04
2025-01-07 08:00:00,216.04,216.77,212.88,214.06
2025-01-07 12:00:00,214.07,214.36,205.36,207.76
2025-01-07 16:00:00,207.76,209.09,203.52,204.56
2025-01-07 20:00:00,204.56,204.99,201.8,202.17
2025-01-08 00:00:00,202.17,203.28,196.71,198.67
2025-01-08 04:00:00,198.68,199.57,193.14,195.71
2025-01-08 08:00:00,195.71,198,194.45,195.5
2025-01-08 12:00:00,195.51,199.57,194.86,197.8
2025-01-08 16:00:00,197.8,197.97,188.34,194.32
2025-01-08 20:00:00,194.31,198.3,193.67,197.48
2025-01-09 00:00:00,197.48,199.06,194.15,194.35
2025-01-09 04:00:00,194.35,195.55,189.76,190.11
2025-01-09 08:00:00,190.11,192.83,189.12,191.18
2025-01-09 12:00:00,191.17,193.07,185.07,192.22
2025-01-09 16:00:00,192.22,192.81,185.72,185.89
2025-01-09 20:00:00,185.9,187.59,182,184.95
2025-01-10 00:00:00,184.96,189.56,184.95,189.14
2025-01-10 04:00:00,189.14,193.02,188.38,191.78
2025-01-10 08:00:00,191.77,192.87,191.13,191.97
2025-01-10 12:00:00,191.98,192.18,183.51,187.28
2025-01-10 16:00:00,187.28,192.07,183.85,190.22
2025-01-10 20:00:00,190.22,190.5,186.71,187.68
2025-01-11 00:00:00,187.69,188.79,185.61,186.37
2025-01-11 04:00:00,186.37,187.2,185.04,186.24
2025-01-11 08:00:00,186.24,186.88,184.01,186.69
2025-01-11 12:00:00,186.69,188.25,185.87,186.95
2025-01-11 16:00:00,186.96,187.99,185.66,187.75
2025-01-11 20:00:00,187.74,191.91,187.49,188.09
2025-01-12 00:00:00,188.09,188.6,186.54,187.31
2025-01-12 04:00:00,187.31,187.5,185.6,186.57
2025-01-12 08:00:00,186.57,186.99,185.17,186.68
2025-01-12 12:00:00,186.68,191,186.17,190.45
2025-01-12 16:00:00,190.45,190.76,188.63,188.9
2025-01-12 20:00:00,188.9,189.98,186.59,188.51
2025-01-13 00:00:00,188.5,191.99,184.21,185.03
2025-01-13 04:00:00,185.02,186.98,181.5,182.46
2025-01-13 08:00:00,182.46,182.53,175.23,175.41
2025-01-13 12:00:00,175.41,180.34,168.88,178.8
2025-01-13 16:00:00,178.81,179.81,174.45,177.6
2025-01-13 20:00:00,177.6,183.81,176.61,182.87
2025-01-14 00:00:00,182.86,184.63,181.88,184.19
2025-01-14 04:00:00,184.2,186.91,184.2,185.61
2025-01-14 08:00:00,185.61,190.09,185.6,187.06
2025-01-14 12:00:00,187.05,190.11,184.69,186.85
2025-01-14 16:00:00,186.85,187.91,185.72,187.08
2025-01-14 20:00:00,187.08,188.81,185.82,187.57
2025-01-15 00:00:00,187.57,189.74,187.03,189.73
2025-01-15 04:00:00,189.73,190.77,188.35,190
2025-01-15 08:00:00,189.99,190.7,185.84,186.98
2025-01-15 12:00:00,186.98,198.03,185.99,196.52
2025-01-15 16:00:00,196.52,202.35,196.43,201.9
2025-01-15 20:00:00,201.9,206.04,201.89,205.86
2025-01-16 00:00:00,205.86,206.29,201.36,201.99
2025-01-16 04:00:00,201.98,203.5,201.46,203.14
2025-01-16 08:00:00,203.15,212.98,198.47,212.78
2025-01-16 12:00:00,212.77,217.14,205.36,209.07
2025-01-16 16:00:00,209.07,215.44,208.83,214.19
2025-01-16 20:00:00,214.2,214.54,208.53,211.14
2025-01-17 00:00:00,211.15,215.35,209.84,211.1
2025-01-17 04:00:00,211.1,213.83,210.94,213.27
2025-01-17 08:00:00,213.27,219.7,213.22,218.77
2025-01-17 12:00:00,218.77,222.11,216.39,218.6
2025-01-17 16:00:00,218.6,221.93,215.66,217.16
2025-01-17 20:00:00,217.17,221.22,216.46,219.51
2025-01-18 00:00:00,219.52,228.8,217.29,220.47
2025-01-18 04:00:00,220.47,238.15,219.85,232.89
2025-01-18 08:00:00,232.89,245,230.75,238.95
2025-01-18 12:00:00,238.95,260,238.91,257.75
2025-01-18 16:00:00,257.75,270.67,242.51,255.35
2025-01-18 20:00:00,255.35,264.68,247.22,261.97
2025-01-19 00:00:00,261.97,265,252.08,255.6
2025-01-19 04:00:00,255.6,277.99,254.17,271.53
2025-01-19 08:00:00,271.52,295.83,266.28,286.24
2025-01-19 12:00:00,286.23,289.72,262.95,270.58
2025-01-19 16:00:00,270.58,275.41,264.04,269.5
2025-01-19 20:00:00,269.5,278.43,236.68,252.42
2025-01-20 00:00:00,252.4,252.76,229.44,241.38
2025-01-20 04:00:00,241.38,264.3,239,261.9
2025-01-20 08:00:00,261.91,273.29,256.64,260.6
2025-01-20 12:00:00,260.6,261.74,249.91,254.06
2025-01-20 16:00:00,254.07,256.77,232.07,246.26
2025-01-20 20:00:00,246.27,250.99,241.51,242.19
2025-01-21 00:00:00,242.18,245.21,232.1,237.86
2025-01-21 04:00:00,237.87,239.15,230,236.84
2025-01-21 08:00:00,236.83,242.15,235.59,239.44
2025-01-21 12:00:00,239.44,244.84,235.77,240.92
2025-01-21 16:00:00,240.92,260.06,239.79,253.41
2025-01-21 20:00:00,253.41,255.99,246.69,250.33
2025-01-22 00:00:00,250.33,256.97,248.43,254.11
2025-01-22 04:00:00,254.11,259.78,252.4,258.51
2025-01-22 08:00:00,258.51,258.94,252.22,257.76
2025-01-22 12:00:00,257.75,264.98,254.48,257.3
2025-01-22 16:00:00,257.31,266.31,253.22,265.29
2025-01-22 20:00:00,265.29,272.03,255.64,257.36
2025-01-23 00:00:00,257.37,258.48,246.38,248.85
2025-01-23 04:00:00,248.84,250.71,245.02,249.53
2025-01-23 08:00:00,249.52,249.92,242.33,244.19
2025-01-23 12:00:00,244.19,254.76,242.19,249.39
2025-01-23 16:00:00,249.4,256.32,245.27,246.84
2025-01-23 20:00:00,246.84,258.38,243.62,253.11
2025-01-24 00:00:00,253.12,256.46,247.18,252.23
2025-01-24 04:00:00,252.23,264.44,250.6,259.7
2025-01-24 08:00:00,259.7,267.34,259.68,266.82
2025-01-24 12:00:00,266.83,270.18,260.84,262.28
2025-01-24 16:00:00,262.28,265.49,260.45,262.06
2025-01-24 20:00:00,262.06,262.39,252.74,253.37
2025-01-25 00:00:00,253.36,253.71,248.08,252.74
2025-01-25 04:00:00,252.73,252.74,246.49,247.28
2025-01-25 08:00:00,247.27,250.78,246.33,249.97
2025-01-25 12:00:00,249.97,254.7,248.25,253.68
2025-01-25 16:00:00,253.68,260.78,253.08,258.5
2025-01-25 20:00:00,258.49,259.75,255.59,256.41
2025-01-26 00:00:00,256.4,259.96,253.58,258.42
2025-01-26 04:00:00,258.43,260.16,257.36,258.95
2025-01-26 08:00:00,258.95,258.95,252.79,255.59
2025-01-26 12:00:00,255.58,257.55,253.32,254.58
2025-01-26 16:00:00,254.59,258,253.83,256.28
2025-01-26 20:00:00,256.29,256.63,240.32,240.5
2025-01-27 00:00:00,240.49,242.68,232.88,235.8
2025-01-27 04:00:00,235.81,235.81,221.71,227.53
2025-01-27 08:00:00,227.52,227.99,220.89,225.85
2025-01-27 12:00:00,225.84,237.67,223.71,233.66
2025-01-27 16:00:00,233.67,235.9,223.92,226.53
2025-01-27 20:00:00,226.54,237.9,226.48,234.89
2025-01-28 00:00:00,234.9,237.8,233.06,236.69
2025-01-28 04:00:00,236.68,244,236.66,238.74
2025-01-28 08:00:00,238.74,239.72,235.32,238.25
2025-01-28 12:00:00,238.25,240.23,233.75,237.49
2025-01-28 16:00:00,237.49,237.78,230.3,232.19
2025-01-28 20:00:00,232.2,232.6,225.01,227.06
2025-01-29 00:00:00,227.06,232,226.79,231.2
2025-01-29 04:00:00,231.2,234.78,229.83,234.41
2025-01-29 08:00:00,234.42,235.9,230.14,231.99
2025-01-29 12:00:00,231.98,232.03,226,228.4
2025-01-29 16:00:00,228.41,236.12,222.63,231.68
2025-01-29 20:00:00,231.68,238.49,227.61,228.16
2025-01-30 00:00:00,228.16,241.01,226.84,240.24
2025-01-30 04:00:00,240.25,242.13,237.2,238.9
2025-01-30 08:00:00,238.9,241.94,238.01,241.77
2025-01-30 12:00:00,241.77,244.7,239.11,241.09
2025-01-30 16:00:00,241.08,243.42,238.72,241.13
2025-01-30 20:00:00,241.14,242.2,238.3,238.31
2025-01-31 00:00:00,238.3,239.19,235.13,235.95
2025-01-31 04:00:00,235.95,238.41,234.92,235.73
2025-01-31 08:00:00,235.73,239.05,234.19,238.76
2025-01-31 12:00:00,238.77,241.82,236.05,240.09
2025-01-31 16:00:00,240.1,240.18,230.17,230.52
2025-01-31 20:00:00,230.51,231.86,228.24,231.77
2025-02-01 00:00:00,231.77,236.46,230.61,231.46
2025-02-01 04:00:00,231.47,233.08,230,230.68
2025-02-01 08:00:00,230.67,230.93,226.29,228.11
2025-02-01 12:00:00,228.1,229.53,224.83,226.38
2025-02-01 16:00:00,226.38,227.66,220.86,221.75
2025-02-01 20:00:00,221.76,221.76,212.74,213.03
2025-02-02 00:00:00,213.03,218.9,206.83,207.11
2025-02-02 04:00:00,207.11,214.08,206.74,211.78
2025-02-02 08:00:00,211.77,215.79,207.71,208.68
2025-02-02 12:00:00,208.67,214.19,208.24,212.07
2025-02-02 16:00:00,212.06,212.13,195,203.54
2025-02-02 20:00:00,203.53,206.78,192.31,203.51
2025-02-03 00:00:00,203.52,203.89,175.89,197.92
2025-02-03 04:00:00,197.92,199.97,189.27,199.09
2025-02-03 08:00:00,199.09,202.15,193.38,198.74
2025-02-03 12:00:00,198.74,210,189.9,207.02
2025-02-03 16:00:00,207.01,215.27,203.61,215.2
2025-02-03 20:00:00,215.19,218.7,209.89,216.28
2025-02-04 00:00:00,216.27,219.97,213.89,215.48
2025-02-04 04:00:00,215.48,216.08,201.87,204.23
2025-02-04 08:00:00,204.22,210.8,202.43,207.67
2025-02-04 12:00:00,207.67,216.74,207.67,215.65
2025-02-04 16:00:00,215.65,218.35,208.27,208.29
2025-02-04 20:00:00,208.29,210.49,202.52,206.64
2025-02-05 00:00:00,206.64,209.39,205.11,207.38
2025-02-05 04:00:00,207.38,208.32,203.54,205.07
2025-02-05 08:00:00,205.06,206.94,202.92,206.33
2025-02-05 12:00:00,206.32,207.62,201.42,201.77
2025-02-05 16:00:00,201.76,202.12,196.42,199.56
2025-02-05 20:00:00,199.56,200.67,195.14,196.12
2025-02-06 00:00:00,196.12,201.27,195.93,200.71
2025-02-06 04:00:00,200.71,203.98,200.27,202
2025-02-06 08:00:00,202,202.93,198.66,200.26
2025-02-06 12:00:00,200.27,200.65,190.52,191.23
2025-02-06 16:00:00,191.23,192.95,188.36,189.9
2025-02-06 20:00:00,189.91,194.66,187.39,189.54
2025-02-07 00:00:00,189.53,195.87,189.18,193.31
2025-02-07 04:00:00,193.3,195.36,189.02,192.54
2025-02-07 08:00:00,192.54,198.66,191.69,198.47
2025-02-07 12:00:00,198.47,203.42,195.84,198.07
2025-02-07 16:00:00,198.08,199.15,194.62,195.44
2025-02-07 20:00:00,195.44,195.64,188.12,191.99
2025-02-08 00:00:00,192,194.34,191.38,192.98
2025-02-08 04:00:00,192.98,193.34,189.81,192.79
2025-02-08 08:00:00,192.79,194.99,191.65,194.39
2025-02-08 12:00:00,194.39,196.45,192.74,193.41
2025-02-08 16:00:00,193.42,198.4,193.2,196.9
2025-02-08 20:00:00,196.89,200.88,196.74,199.32
2025-02-09 00:00:00,199.32,207,198.52,206.95
2025-02-09 04:00:00,206.95,207.37,203.8,203.96
2025-02-09 08:00:00,203.96,204.58,201.22,201.44
2025-02-09 12:00:00,201.44,203.05,196.44,200.7
2025-02-09 16:00:00,200.7,202.24,197.81,199.08
2025-02-09 20:00:00,199.07,203,193.53,200.47
2025-02-10 00:00:00,200.47,205.1,195.85,201.97
2025-02-10 04:00:00,201.97,204.6,199.95,202.77
2025-02-10 08:00:00,202.77,205.97,202.56,204.5
2025-02-10 12:00:00,204.5,209.05,201.48,203.07
2025-02-10 16:00:00,203.07,204.41,201.03,201.37
2025-02-10 20:00:00,201.36,203,199.27,200.47
2025-02-11 00:00:00,200.47,204.66,199.94,201.11
2025-02-11 04:00:00,201.11,206.18,201.04,204.39
2025-02-11 08:00:00,204.39,205.95,201.2,203.4
2025-02-11 12:00:00,203.39,203.4,197.8,199.47
2025-02-11 16:00:00,199.47,200.12,195.12,195.65
2025-02-11 20:00:00,195.65,199.49,195.52,197.96
2025-02-12 00:00:00,197.95,198.56,193.85,194.33
2025-02-12 04:00:00,194.33,196.24,193.13,195.19
2025-02-12 08:00:00,195.2,198.01,195.09,197.37
2025-02-12 12:00:00,197.36,198.55,188.48,192
2025-02-12 16:00:00,192.01,196.66,189.34,193.7
2025-02-12 20:00:00,193.71,198.48,193.02,196.78
2025-02-13 00:00:00,196.78,198.19,194.96,198.19
2025-02-13 04:00:00,198.19,198.47,192.75,193.07
2025-02-13 08:00:00,193.07,193.52,191.1,191.91
2025-02-13 12:00:00,191.91,193.12,188.78,191.94
2025-02-13 16:00:00,191.93,194.6,190.02,192.68
2025-02-13 20:00:00,192.68,195.45,192.57,194.25
2025-02-14 00:00:00,194.24,197.35,194.11,197
2025-02-14 04:00:00,197,197.37,194.72,196.59
2025-02-14 08:00:00,196.59,201.4,196.35,199.59
2025-02-14 12:00:00,199.59,202.12,196.45,200.86
2025-02-14 16:00:00,200.85,205.34,198.84,201.56
2025-02-14 20:00:00,201.56,202.24,198.09,199.39
2025-02-15 00:00:00,199.4,200.27,196.76,198.36
2025-02-15 04:00:00,198.36,198.87,195.25,195.9
2025-02-15 08:00:00,195.9,196.74,193.89,194.85
2025-02-15 12:00:00,194.85,196.06,193.26,194.66
2025-02-15 16:00:00,194.66,195.1,193.32,194.17
2025-02-15 20:00:00,194.18,195.03,192.61,194.48
2025-02-16 00:00:00,194.47,195.51,193.05,194.73
2025-02-16 04:00:00,194.72,196.24,192.34,192.89
2025-02-16 08:00:00,192.9,194,192.21,193.73
2025-02-16 12:00:00,193.72,193.78,189.23,190.32
2025-02-16 16:00:00,190.32,191.27,187.64,189.23
2025-02-16 20:00:00,189.22,189.92,186.3,188.27
2025-02-17 00:00:00,188.26,189.72,185.28,186.34
2025-02-17 04:00:00,186.33,186.49,180.77,181.35
2025-02-17 08:00:00,181.36,185.5,180.12,184.25
2025-02-17 12:00:00,184.25,186.94,179.84,180.36
2025-02-17 16:00:00,180.37,181.41,174.63,177.09
2025-02-17 20:00:00,177.1,181.3,177.01,177.53
2025-02-18 00:00:00,177.53,179.09,175.46,177.98
2025-02-18 04:00:00,177.98,178.01,163.93,165.72
2025-02-18 08:00:00,165.73,170.92,163.17,168.72
2025-02-18 12:00:00,168.71,171.5,164.34,165.95
2025-02-18 16:00:00,165.95,167.11,160.88,165.31
2025-02-18 20:00:00,165.31,169.78,163.93,169.32
2025-02-19 00:00:00,169.32,170.86,166.66,167.48
2025-02-19 04:00:00,167.48,169.84,163.75,168.95
2025-02-19 08:00:00,168.96,174.3,168.42,173.92
2025-02-19 12:00:00,173.92,174.13,168.14,169.74
2025-02-19 16:00:00,169.74,173.44,168.15,168.7
2025-02-19 20:00:00,168.7,169.96,166.41,168.93
2025-02-20 00:00:00,168.94,172.89,167.66,172.44
2025-02-20 04:00:00,172.43,174.96,170.86,171.77
2025-02-20 08:00:00,171.77,175.15,170.92,173.99
2025-02-20 12:00:00,173.99,176.65,171.21,171.61
2025-02-20 16:00:00,171.62,175.46,171.22,174.98
2025-02-20 20:00:00,174.97,176.54,173.17,176
2025-02-21 00:00:00,176,176.47,173,173.28
2025-02-21 04:00:00,173.27,176.8,173.27,175.86
2025-02-21 08:00:00,175.86,180.28,175.83,177.21
2025-02-21 12:00:00,177.2,180.52,170.56,173.17
2025-02-21 16:00:00,173.16,175.66,168.18,168.42
2025-02-21 20:00:00,168.42,169.97,167.15,168.94
2025-02-22 00:00:00,168.94,172.76,168.07,170.35
2025-02-22 04:00:00,170.35,173.14,170.09,171.74
2025-02-22 08:00:00,171.74,174.14,171.36,173.56
2025-02-22 12:00:00,173.56,174.6,172.66,174.23
2025-02-22 16:00:00,174.23,174.68,172.3,172.64
2025-02-22 20:00:00,172.63,173.62,171.89,172.07
2025-02-23 00:00:00,172.07,172.3,170.19,170.61
2025-02-23 04:00:00,170.61,173.07,169.95,172.85
2025-02-23 08:00:00,172.85,172.91,169.36,169.59
2025-02-23 12:00:00,169.6,169.92,166.6,166.76
2025-02-23 16:00:00,166.76,168.72,166.75,167.71
2025-02-23 20:00:00,167.71,168.86,166.42,167.94
2025-02-24 00:00:00,167.94,169.69,160.56,161.01
2025-02-24 04:00:00,161.02,161.75,156.88,160.99
2025-02-24 08:00:00,160.99,161.1,155.38,159.28
2025-02-24 12:00:00,159.27,160.41,150.65,152.66
2025-02-24 16:00:00,152.67,155.15,147.86,150.12
2025-02-24 20:00:00,150.13,152.68,138,141.81
2025-02-25 00:00:00,141.81,144.45,138.17,138.95
2025-02-25 04:00:00,138.95,142.08,133,136.25
2025-02-25 08:00:00,136.26,141.36,131.91,141.28
2025-02-25 12:00:00,141.27,141.83,134.53,138.89
2025-02-25 16:00:00,138.89,145.57,137.96,145.43
2025-02-25 20:00:00,145.42,147.09,143.26,144.33
2025-02-26 00:00:00,144.33,145.19,141.63,143.32
2025-02-26 04:00:00,143.33,144.7,139.63,140.19
2025-02-26 08:00:00,140.19,142.21,138.01,138.14
2025-02-26 12:00:00,138.13,140.47,134.61,139.27
2025-02-26 16:00:00,139.27,139.79,130.65,131.93
2025-02-26 20:00:00,131.94,137.87,130.89,135.32
2025-02-27 00:00:00,135.33,139.05,134.96,138.57
2025-02-27 04:00:00,138.57,142.9,137.05,140.99
2025-02-27 08:00:00,141,142.46,139.25,140.48
2025-02-27 12:00:00,140.48,141.26,136.28,139.63
2025-02-27 16:00:00,139.62,140.15,135.63,136.29
2025-02-27 20:00:00,136.28,138.21,134.71,137.68
2025-02-28 00:00:00,137.68,137.98,127.17,127.62
2025-02-28 04:00:00,127.62,129.6,125.55,128.55
2025-02-28 08:00:00,128.54,134.72,127.9,133.52
2025-02-28 12:00:00,133.52,147.86,133,145.68
2025-02-28 16:00:00,145.67,147.25,143.74,146.36
2025-02-28 20:00:00,146.35,148.72,144.62,148.18
2025-03-01 00:00:00,148.18,151.25,145.54,145.67
2025-03-01 04:00:00,145.68,147.16,142.2,142.49
2025-03-01 08:00:00,142.49,144.29,139.53,140.35
2025-03-01 12:00:00,140.35,141.72,138.57,140.39
2025-03-01 16:00:00,140.39,141.51,138.7,140.53
2025-03-01 20:00:00,140.53,143.82,139.9,143.66
2025-03-02 00:00:00,143.66,146.01,142.03,143.85
2025-03-02 04:00:00,143.86,145.17,142.23,143.79
2025-03-02 08:00:00,143.78,144.88,142.47,143.49
2025-03-02 12:00:00,143.5,163.39,140.04,157.46
2025-03-02 16:00:00,157.47,179.85,157.47,172.18
2025-03-02 20:00:00,172.17,179.32,171.66,178.71
2025-03-03 00:00:00,178.72,179.47,168.11,169.88
2025-03-03 04:00:00,169.89,170.57,159.8,162.26
2025-03-03 08:00:00,162.27,163.37,156.83,161.09
2025-03-03 12:00:00,161.08,167.07,154.07,157.78
2025-03-03 16:00:00,157.78,159.61,140.05,141.87
2025-03-03 20:00:00,141.87,144.97,139.21,142.16
2025-03-04 00:00:00,142.16,145.08,132.46,136.38
2025-03-04 04:00:00,136.39,139.58,135.64,136.02
2025-03-04 08:00:00,136.02,138.58,134.62,136.98
2025-03-04 12:00:00,136.97,143.39,132.64,138.59
2025-03-04 16:00:00,138.59,144.77,130.66,143.16
2025-03-04 20:00:00,143.15,147,141.55,144.79
2025-03-05 00:00:00,144.8,145.55,141.76,141.82
2025-03-05 04:00:00,141.82,144.1,140.82,142.88
2025-03-05 08:00:00,142.89,149.73,142.74,147.13
2025-03-05 12:00:00,147.13,149.23,140.32,141.66
2025-03-05 16:00:00,141.66,146.47,140.18,144.77
2025-03-05 20:00:00,144.78,146.84,143.91,146.28
2025-03-06 00:00:00,146.27,150.68,144.54,148.73
2025-03-06 04:00:00,148.73,150.66,147.62,148.62
2025-03-06 08:00:00,148.63,152.9,148.34,151.71
2025-03-06 12:00:00,151.71,151.92,145.06,149.03
2025-03-06 16:00:00,149.04,149.43,142.44,143.58
2025-03-06 20:00:00,143.59,145.92,143.19,143.31
2025-03-07 00:00:00,143.3,145.57,135.04,140.79
2025-03-07 04:00:00,140.79,144.63,140.63,144.34
2025-03-07 08:00:00,144.34,146.21,141.8,143.58
2025-03-07 12:00:00,143.57,148.13,141.75,144.89
2025-03-07 16:00:00,144.89,150.88,141.34,146.36
2025-03-07 20:00:00,146.35,147.62,137.5,139.39
2025-03-08 00:00:00,139.39,141.09,137.8,139.68
2025-03-08 04:00:00,139.67,141.03,138.33,138.78
2025-03-08 08:00:00,138.77,139.21,136.64,137.58
2025-03-08 12:00:00,137.57,138.75,136.07,137.21
2025-03-08 16:00:00,137.21,138.92,135.29,138.45
2025-03-08 20:00:00,138.45,138.59,136.32,137.01
2025-03-09 00:00:00,137.01,138.51,136.53,137.92
2025-03-09 04:00:00,137.91,139.88,137.67,139.63
2025-03-09 08:00:00,139.63,139.78,135.61,136.32
2025-03-09 12:00:00,136.32,136.43,129.75,130.16
2025-03-09 16:00:00,130.16,131.54,125.81,129.19
2025-03-09 20:00:00,129.19,130.59,125.41,126.51
2025-03-10 00:00:00,126.52,129.11,124.03,126.59
2025-03-10 04:00:00,126.59,129.25,126.46,128.11
2025-03-10 08:00:00,128.11,131.57,125.91,129.94
2025-03-10 12:00:00,129.94,130.89,120.18,121.96
2025-03-10 16:00:00,121.95,122.36,115.47,119.71
2025-03-10 20:00:00,119.72,120.24,117.56,118.32
2025-03-11 00:00:00,118.32,121.9,112,119.96
2025-03-11 04:00:00,119.95,124.02,119.75,123.07
2025-03-11 08:00:00,123.07,125.81,122.93,124.71
2025-03-11 12:00:00,124.71,126.27,118.59,125.02
2025-03-11 16:00:00,125.01,128.43,122.84,128.15
2025-03-11 20:00:00,128.14,128.25,125.07,125.35
2025-03-12 00:00:00,125.35,127.03,122.47,122.53
2025-03-12 04:00:00,122.52,123.53,121.22,123.19
2025-03-12 08:00:00,123.19,126.84,122.88,126.76
2025-03-12 12:00:00,126.77,131.33,123.04,124.57
2025-03-12 16:00:00,124.56,126.31,123.31,125.05
2025-03-12 20:00:00,125.05,127.08,123.97,126.62
2025-03-13 00:00:00,126.61,127.46,124.73,124.97
2025-03-13 04:00:00,124.97,125.36,123.03,124.24
2025-03-13 08:00:00,124.25,128.03,123.64,126.88
2025-03-13 12:00:00,126.88,128.76,123.6,124.34
2025-03-13 16:00:00,124.34,124.41,121.08,121.46
2025-03-13 20:00:00,121.47,124.36,120.76,123.37
2025-03-14 00:00:00,123.36,125.47,122.98,124.48
2025-03-14 04:00:00,124.48,125.63,124.41,124.68
2025-03-14 08:00:00,124.68,126.6,124.62,126.17
2025-03-14 12:00:00,126.16,134.01,125.46,132.12
2025-03-14 16:00:00,132.13,134.71,130.87,134.28
2025-03-14 20:00:00,134.29,136.03,131.96,133.54
2025-03-15 00:00:00,133.53,135.3,132.91,135.02
2025-03-15 04:00:00,135.03,135.52,132.71,132.91
2025-03-15 08:00:00,132.91,133.69,132.44,133.37
2025-03-15 12:00:00,133.37,135.8,133.09,135.12
2025-03-15 16:00:00,135.12,136.53,133.58,134.49
2025-03-15 20:00:00,134.5,136.5,134.37,135.86
2025-03-16 00:00:00,135.86,136.71,134.13,135.5
2025-03-16 04:00:00,135.5,136.23,133.86,134.64
2025-03-16 08:00:00,134.64,134.97,129.68,129.91
2025-03-16 12:00:00,129.92,130.87,127.49,128.78
2025-03-16 16:00:00,128.77,131.28,126.04,126.94
2025-03-16 20:00:00,126.94,127.77,125.21,126.13
2025-03-17 00:00:00,126.13,129.23,125.85,128.96
2025-03-17 04:00:00,128.96,129.5,126.5,129.26
2025-03-17 08:00:00,129.26,129.65,128.42,129.18
2025-03-17 12:00:00,129.17,130.11,125.55,127.51
2025-03-17 16:00:00,127.5,130.64,126.66,129.84
2025-03-17 20:00:00,129.83,129.95,127.77,128.01
2025-03-18 00:00:00,128.01,128.19,123.49,124.15
2025-03-18 04:00:00,124.14,125.24,123,125.2
2025-03-18 08:00:00,125.2,125.96,123.2,123.54
2025-03-18 12:00:00,123.53,123.78,121.76,122.57
2025-03-18 16:00:00,122.57,124.5,122.44,124.22
2025-03-18 20:00:00,124.22,125.71,123.53,125.33
2025-03-19 00:00:00,125.33,126.72,124.2,126.47
2025-03-19 04:00:00,126.48,126.88,125.39,125.73
2025-03-19 08:00:00,125.73,129.53,125.7,128.69
2025-03-19 12:00:00,128.69,132.73,126.97,132.32
2025-03-19 16:00:00,132.33,134.33,128.18,133.03
2025-03-19 20:00:00,133.03,136.08,133,135.33
2025-03-20 00:00:00,135.33,136.12,132.82,133.91
2025-03-20 04:00:00,133.92,134.96,132.76,134.01
2025-03-20 08:00:00,134.01,134.55,130.31,130.65
2025-03-20 12:00:00,130.65,132.3,128.51,128.91
2025-03-20 16:00:00,128.9,129.38,126.65,127.94
2025-03-20 20:00:00,127.93,128.49,127.17,127.6
2025-03-21 00:00:00,127.6,129.07,127.33,127.94
2025-03-21 04:00:00,127.95,128.76,127.4,128.07
2025-03-21 08:00:00,128.08,129.1,125.74,126.39
2025-03-21 12:00:00,126.4,127.77,125.39,125.98
2025-03-21 16:00:00,125.98,129.73,124.81,128.24
2025-03-21 20:00:00,128.25,130.18,127.57,128.48
2025-03-22 00:00:00,128.47,129.38,127.8,128.88
2025-03-22 04:00:00,128.88,129.75,128.54,128.82
2025-03-22 08:00:00,128.81,131.84,128.77,130.34
2025-03-22 12:00:00,130.35,130.55,128.64,129.25
2025-03-22 16:00:00,129.24,130.27,128.9,129.97
2025-03-22 20:00:00,129.97,130.06,128.12,128.51
2025-03-23 00:00:00,128.5,130.85,128.21,130.85
2025-03-23 04:00:00,130.85,131.49,129.73,131.15
2025-03-23 08:00:00,131.15,134.06,130.95,133.1
2025-03-23 12:00:00,133.11,133.83,132.14,132.51
2025-03-23 16:00:00,132.52,132.74,130.35,130.55
2025-03-23 20:00:00,130.54,132.85,130.2,132.84
2025-03-24 00:00:00,132.85,138.46,132.04,138.16
2025-03-24 04:00:00,138.16,139.36,137.77,138.88
2025-03-24 08:00:00,138.89,144.13,138.6,143.41
2025-03-24 12:00:00,143.42,144.96,142.3,143.25
2025-03-24 16:00:00,143.24,143.44,141.29,142.77
2025-03-24 20:00:00,142.76,143.64,139.64,141.01
2025-03-25 00:00:00,141.01,142.29,138.2,138.57
2025-03-25 04:00:00,138.57,140.35,138.17,139.46
2025-03-25 08:00:00,139.46,143.43,139.43,142.15
2025-03-25 12:00:00,142.14,147.48,141.06,145.28
2025-03-25 16:00:00,145.28,146.25,143.61,145.03
2025-03-25 20:00:00,145.02,146.09,142.48,143.64
2025-03-26 00:00:00,143.64,144.63,141.5,141.84
2025-03-26 04:00:00,141.84,144.89,141.64,144.5
2025-03-26 08:00:00,144.5,145.49,143.77,144.61
2025-03-26 12:00:00,144.61,145.07,139,139.34
2025-03-26 16:00:00,139.33,140.21,136.23,137.45
2025-03-26 20:00:00,137.45,138.51,135.89,137.34
2025-03-27 00:00:00,137.35,140.22,136.82,139.91
2025-03-27 04:00:00,139.91,140.07,137.91,138.88
2025-03-27 08:00:00,138.88,139.29,137.1,137.4
2025-03-27 12:00:00,137.4,139.83,135.63,137.79
2025-03-27 16:00:00,137.79,139.71,137.36,139.06
2025-03-27 20:00:00,139.07,139.95,138.12,138.43
2025-03-28 00:00:00,138.44,139.05,135.9,136.78
2025-03-28 04:00:00,136.79,137.35,131.38,131.62
2025-03-28 08:00:00,131.63,132.67,130.36,131.93
2025-03-28 12:00:00,131.92,132.46,129.14,129.92
2025-03-28 16:00:00,129.92,130.3,129.03,129.43
2025-03-28 20:00:00,129.43,130.46,127.69,129.49
2025-03-29 00:00:00,129.5,130.54,126.58,128.84
2025-03-29 04:00:00,128.83,129.13,125.45,126.39
2025-03-29 08:00:00,126.39,127.1,124.31,125.3
2025-03-29 12:00:00,125.3,126.82,125,126.32
2025-03-29 16:00:00,126.32,126.79,123.71,125.3
2025-03-29 20:00:00,125.3,125.43,122.68,124.58
2025-03-30 00:00:00,124.58,126.6,123.49,125.71
2025-03-30 04:00:00,125.7,126.56,125.16,125.48
2025-03-30 08:00:00,125.48,126.43,124.66,125.12
2025-03-30 12:00:00,125.12,125.59,123.15,124.92
2025-03-30 16:00:00,124.92,127.08,123,126.06
2025-03-30 20:00:00,125.74,126.15,123.19,124.82
2025-03-31 00:00:00,124.83,127.63,122.75,124.56
2025-03-31 04:00:00,124.57,127.08,124.33,125.88
2025-03-31 08:00:00,125.89,126.7,123.05,124.28
2025-03-31 12:00:00,124.27,127.81,123.22,126.78
2025-03-31 16:00:00,126.77,127.36,123.83,125.25
2025-03-31 20:00:00,125.25,126.27,124.47,124.54
2025-04-01 00:00:00,124.53,126.72,123.74,126.06
2025-04-01 04:00:00,126.07,126.78,125.59,126.69
2025-04-01 08:00:00,126.69,129.97,126.68,127.61
2025-04-01 12:00:00,127.6,130.55,124.68,129.27
2025-04-01 16:00:00,129.27,129.64,125.52,126.82
2025-04-01 20:00:00,126.82,127.53,125.3,126.67
2025-04-02 00:00:00,126.68,126.96,124.1,124.32
2025-04-02 04:00:00,124.32,125.03,123.5,124.55
2025-04-02 08:00:00,124.54,126.73,124.28,125.69
2025-04-02 12:00:00,125.7,131.16,125.12,130.43
2025-04-02 16:00:00,130.43,131.79,129.17,131.43
2025-04-02 20:00:00,131.42,136.21,117,117.42
2025-04-03 00:00:00,117.42,120.94,116.25,119.8
2025-04-03 04:00:00,119.81,120.86,117.9,118.64
2025-04-03 08:00:00,118.64,119.22,115.11,115.74
2025-04-03 12:00:00,115.74,116.04,112.24,114.16
2025-04-03 16:00:00,114.17,116,113.26,115.42
2025-04-03 20:00:00,115.43,117.45,115.08,117.17
2025-04-04 00:00:00,117.17,117.5,114.63,115.4
2025-04-04 04:00:00,115.41,118.35,114.73,118.18
2025-04-04 08:00:00,118.17,119.94,113.25,114.54
2025-04-04 12:00:00,114.53,120.99,113.96,118.6
2025-04-04 16:00:00,118.6,123.98,118.23,122.61
2025-04-04 20:00:00,122.61,124,121.78,122.79
2025-04-05 00:00:00,122.8,122.85,120.66,120.73
2025-04-05 04:00:00,120.72,121.32,120.18,121.07
2025-04-05 08:00:00,121.07,121.96,119.86,120.28
2025-04-05 12:00:00,120.29,120.33,117.15,117.55
2025-04-05 16:00:00,117.55,119.35,117.52,118.63
2025-04-05 20:00:00,118.63,120.56,118.41,120.32
2025-04-06 00:00:00,120.33,121.13,119.43,119.98
2025-04-06 04:00:00,119.99,120.6,118.82,119.21
2025-04-06 08:00:00,119.2,120.18,118.18,118.62
2025-04-06 12:00:00,118.61,118.86,114.3,114.97
2025-04-06 16:00:00,114.96,115.26,106.28,108.07
2025-04-06 20:00:00,108.08,108.55,103.81,105.91
2025-04-07 00:00:00,105.9,107.82,102.22,103.27
2025-04-07 04:00:00,103.27,103.77,95.26,97.14
2025-04-07 08:00:00,97.14,102.64,96.93,100.29
2025-04-07 12:00:00,100.3,113,99.74,106.65
2025-04-07 16:00:00,106.65,107.98,103.56,105.75
2025-04-07 20:00:00,105.75,109.3,105.74,106.99
2025-04-08 00:00:00,106.98,112.58,106.65,111.31
2025-04-08 04:00:00,111.3,112.16,107.97,108.7
2025-04-08 08:00:00,108.69,111.82,107.15,111.56
2025-04-08 12:00:00,111.56,112.2,106.68,107.2
2025-04-08 16:00:00,107.19,107.29,102.96,104.06
2025-04-08 20:00:00,104.06,106.48,103.67,105.4
2025-04-09 00:00:00,105.4,106.6,101.26,103.15
2025-04-09 04:00:00,103.14,107.85,103.04,107.37
2025-04-09 08:00:00,107.37,108.26,102.75,103.43
2025-04-09 12:00:00,103.42,107.43,102.31,106.54
2025-04-09 16:00:00,106.54,121,106.22,118.95
2025-04-09 20:00:00,118.95,120.5,118.07,119.05
2025-04-10 00:00:00,119.05,119.3,114.5,115.49
2025-04-10 04:00:00,115.5,116.99,114.05,114.78
2025-04-10 08:00:00,114.79,115.24,113.39,113.95
2025-04-10 12:00:00,113.94,115.76,109.39,109.6
2025-04-10 16:00:00,109.6,111.9,108.21,111.34
2025-04-10 20:00:00,111.34,113.4,111.27,112.81
2025-04-11 00:00:00,112.8,115.78,112.16,115.41
2025-04-11 04:00:00,115.42,117.76,115,116.59
2025-04-11 08:00:00,116.6,119.4,115.87,118.02
2025-04-11 12:00:00,118.03,121.57,117.58,119.91
2025-04-11 16:00:00,119.91,122,118.66,120.87
2025-04-11 20:00:00,120.87,122.65,119.99,121.41
2025-04-12 00:00:00,121.41,122.23,119.41,120.18
2025-04-12 04:00:00,120.18,124.57,119.82,124.26
2025-04-12 08:00:00,124.26,125.52,124.01,124.6
2025-04-12 12:00:00,124.6,131.77,124.39,130.47
2025-04-12 16:00:00,130.47,131.55,128.2,130.71
2025-04-12 20:00:00,130.72,134.11,130.6,132.24
2025-04-13 00:00:00,132.24,133.96,130.87,131.81
2025-04-13 04:00:00,131.81,132.03,128.17,128.55
2025-04-13 08:00:00,128.55,131.61,128.2,129.82
2025-04-13 12:00:00,129.82,130.43,126.78,128.72
2025-04-13 16:00:00,128.71,132.56,127.05,128.21
2025-04-13 20:00:00,128.22,130,125.32,128.38
2025-04-14 00:00:00,128.38,136.13,127.98,131.73
2025-04-14 04:00:00,131.74,134.34,131.1,132.3
2025-04-14 08:00:00,132.31,134.17,131.5,133.5
2025-04-14 12:00:00,133.5,134.79,128.12,128.8
2025-04-14 16:00:00,128.8,131.99,128.08,131.08
2025-04-14 20:00:00,131.09,131.19,128.65,129.42
2025-04-15 00:00:00,129.41,130.75,127.71,130.54
2025-04-15 04:00:00,130.54,132.3,129.68,131.55
2025-04-15 08:00:00,131.55,133.92,131.34,132.15
2025-04-15 12:00:00,132.14,134.45,129.07,129.61
2025-04-15 16:00:00,129.62,130.6,127.31,127.88
2025-04-15 20:00:00,127.89,128.59,125.82,126.11
2025-04-16 00:00:00,126.1,127.35,124.8,126.44
2025-04-16 04:00:00,126.45,126.68,124.37,124.78
2025-04-16 08:00:00,124.78,126.68,123.49,126.27
2025-04-16 12:00:00,126.26,129.6,124.46,128.39
2025-04-16 16:00:00,128.4,133.91,124.86,132.45
2025-04-16 20:00:00,132.45,133.71,130.78,131.33
2025-04-17 00:00:00,131.33,132.67,129.5,129.79
2025-04-17 04:00:00,129.79,135.59,129.62,134.26
2025-04-17 08:00:00,134.25,135,132.43,133.12
2025-04-17 12:00:00,133.12,134.5,130.55,133.45
2025-04-17 16:00:00,133.45,136.2,132,132.91
2025-04-17 20:00:00,132.91,135.29,132.91,134.83
2025-04-18 00:00:00,134.84,136.02,133.78,134.51
2025-04-18 04:00:00,134.52,135.03,133.26,134.91
2025-04-18 08:00:00,134.91,135.54,133.56,134.27
2025-04-18 12:00:00,134.27,135.21,132.47,132.91
2025-04-18 16:00:00,132.91,134.47,132.69,134.21
2025-04-18 20:00:00,134.21,134.4,133.23,134.04
2025-04-19 00:00:00,134.05,139.16,133.58,138.82
2025-04-19 04:00:00,138.82,139.47,137.78,138.76
2025-04-19 08:00:00,138.76,139.96,138.47,138.77
2025-04-19 12:00:00,138.77,140.5,138.51,138.95
2025-04-19 16:00:00,138.96,139.49,137.67,138.71
2025-04-19 20:00:00,138.7,139.9,138.34,139.87
2025-04-20 00:00:00,139.86,141.96,139.4,140.96
2025-04-20 04:00:00,140.96,141.62,138.6,139.61
2025-04-20 08:00:00,139.61,139.8,135.82,136.38
2025-04-20 12:00:00,136.38,138.03,135.64,135.94
2025-04-20 16:00:00,135.94,137.25,135.72,137.2
2025-04-20 20:00:00,137.19,138.5,136.37,137.86
2025-04-21 00:00:00,137.86,143.25,137.66,139.39
2025-04-21 04:00:00,139.39,141.85,139.22,140.17
2025-04-21 08:00:00,140.18,141.14,138.31,138.99
2025-04-21 12:00:00,138.98,140.11,136.76,138.33
2025-04-21 16:00:00,138.32,138.81,133.82,136.94
2025-04-21 20:00:00,136.94,137.43,135.35,136.56
2025-04-22 00:00:00,136.57,139.87,134.68,139.35
2025-04-22 04:00:00,139.35,140.62,138.43,140.19
2025-04-22 08:00:00,140.19,140.77,138.96,140.45
2025-04-22 12:00:00,140.45,145.52,140.05,145.32
2025-04-22 16:00:00,145.31,147.71,143.52,144.24
2025-04-22 20:00:00,144.24,150.23,143.46,148.79
2025-04-23 00:00:00,148.78,149.47,147.13,149.24
2025-04-23 04:00:00,149.24,152.3,148.58,151.58
2025-04-23 08:00:00,151.58,153.74,151,152.09
2025-04-23 12:00:00,152.09,154.21,148.71,151.41
2025-04-23 16:00:00,151.41,152.49,148.94,150.16
2025-04-23 20:00:00,150.16,151.82,149.83,151.1
2025-04-24 00:00:00,151.1,151.45,147.66,147.76
2025-04-24 04:00:00,147.76,149.17,146.95,147.17
2025-04-24 08:00:00,147.16,147.8,144.87,147.7
2025-04-24 12:00:00,147.7,151.46,147.07,149.34
2025-04-24 16:00:00,149.35,152.45,148.84,151.54
2025-04-24 20:00:00,151.54,152.9,150,152.55
2025-04-25 00:00:00,152.55,154.5,150.53,151.74
2025-04-25 04:00:00,151.73,155,150.73,154.86
2025-04-25 08:00:00,154.85,155.02,152.94,154.75
2025-04-25 12:00:00,154.75,157,152.2,152.94
2025-04-25 16:00:00,152.94,153.24,150.43,151.4
2025-04-25 20:00:00,151.39,152.5,149.87,150.82
2025-04-26 00:00:00,150.82,153.17,150.82,151.36
2025-04-26 04:00:00,151.36,152.35,150,151.36
2025-04-26 08:00:00,151.36,152.33,148,148.51
2025-04-26 12:00:00,148.51,149.58,147.75,149.31
2025-04-26 16:00:00,149.32,149.46,148.33,149.25
2025-04-26 20:00:00,149.24,149.66,148.34,149.21
2025-04-27 00:00:00,149.22,150.41,146.07,147.55
2025-04-27 04:00:00,147.56,147.88,145.51,147.43
2025-04-27 08:00:00,147.43,148.77,147.35,147.95
2025-04-27 12:00:00,147.96,149.75,147,149.01
2025-04-27 16:00:00,149.02,150.25,148.2,150.03
2025-04-27 20:00:00,150.02,150.1,147.83,147.98
2025-04-28 00:00:00,147.97,149.6,144.63,148.39
2025-04-28 04:00:00,148.38,151.5,148.38,151.09
2025-04-28 08:00:00,151.09,153.4,148.97,151.7
2025-04-28 12:00:00,151.69,151.84,145.54,146.34
2025-04-28 16:00:00,146.33,148.88,145.38,148.43
2025-04-28 20:00:00,148.42,148.45,146.54,147.84
2025-04-29 00:00:00,147.84,149.21,146.92,147.47
2025-04-29 04:00:00,147.46,148.96,145.55,148.88
2025-04-29 08:00:00,148.88,149.5,147.61,149
2025-04-29 12:00:00,148.99,149.24,146.86,148.02
2025-04-29 16:00:00,148.01,150.39,147.7,149.29
2025-04-29 20:00:00,149.28,149.52,145,146.31
2025-04-30 00:00:00,146.3,148.67,145.06,148.17
2025-04-30 04:00:00,148.17,148.38,146.11,146.4
2025-04-30 08:00:00,146.39,148,146.04,147.94
2025-04-30 12:00:00,147.93,147.99,140.32,142.22
2025-04-30 16:00:00,142.21,146.06,141.37,145.62
2025-04-30 20:00:00,145.62,148.12,145.36,147.54
2025-05-01 00:00:00,147.54,149.62,147.54,148.71
2025-05-01 04:00:00,148.71,150.25,147.99,149.8
2025-05-01 08:00:00,149.79,152.47,149.56,151.75
2025-05-01 12:00:00,151.75,153.99,150.62,151.8
2025-05-01 16:00:00,151.8,152.86,150.04,150.26
2025-05-01 20:00:00,150.26,150.96,149.87,150.85
2025-05-02 00:00:00,150.85,151.72,149.99,150.78
2025-05-02 04:00:00,150.78,151.05,148.37,148.52
2025-05-02 08:00:00,148.52,150.81,148.4,150.73
2025-05-02 12:00:00,150.72,151.91,149.28,149.88
2025-05-02 16:00:00,149.89,151.43,147.7,148.08
2025-05-02 20:00:00,148.09,148.65,147.3,148.05
2025-05-03 00:00:00,148.04,149.05,147.52,148.3
2025-05-03 04:00:00,148.3,148.58,147.38,148.08
2025-05-03 08:00:00,148.08,148.4,146.68,147.14
2025-05-03 12:00:00,147.14,149,147.13,148.46
2025-05-03 16:00:00,148.47,148.47,145.82,147.42
2025-05-03 20:00:00,147.42,147.91,146.63,146.71
2025-05-04 00:00:00,146.71,147.71,145.5,145.61
2025-05-04 04:00:00,145.61,146.54,145.17,145.62
2025-05-04 08:00:00,145.62,146.01,144.68,145.45
2025-05-04 12:00:00,145.46,147.27,144.94,146.84
2025-05-04 16:00:00,146.83,147.81,146,146.18
2025-05-04 20:00:00,146.18,147.14,143.5,143.95
2025-05-05 00:00:00,143.94,145.44,142.5,144.91
2025-05-05 04:00:00,144.91,147.36,144.89,146.88
2025-05-05 08:00:00,146.88,147.05,143.56,144.19
2025-05-05 12:00:00,144.18,145.42,143.16,143.76
2025-05-05 16:00:00,143.76,147.14,143.68,146.48
2025-05-05 20:00:00,146.48,147.73,144.95,146.72
2025-05-06 00:00:00,146.72,146.83,143.8,144.63
2025-05-06 04:00:00,144.63,145.88,144.32,145.28
2025-05-06 08:00:00,145.27,145.28,142,142.57
2025-05-06 12:00:00,142.57,143.96,141.41,143.18
2025-05-06 16:00:00,143.18,145.28,142.42,144.85
2025-05-06 20:00:00,144.85,147.23,143.52,146.88
2025-05-07 00:00:00,146.89,149.54,145.43,146.24
2025-05-07 04:00:00,146.23,147.32,145.43,147.27
2025-05-07 08:00:00,147.27,148.29,146.93,147.59
2025-05-07 12:00:00,147.6,147.74,145.43,145.75
2025-05-07 16:00:00,145.75,147.34,144.68,145.77
2025-05-07 20:00:00,145.77,148.35,145.48,147.32
2025-05-08 00:00:00,147.32,151.19,147.08,150.87
2025-05-08 04:00:00,150.88,151.97,149.97,151.57
2025-05-08 08:00:00,151.57,155.28,151.53,154.57
2025-05-08 12:00:00,154.57,163.18,154.18,160.24
2025-05-08 16:00:00,160.23,161.07,158.52,160.53
2025-05-08 20:00:00,160.54,164.6,159.75,164.46
2025-05-09 00:00:00,164.46,164.46,161.34,161.37
2025-05-09 04:00:00,161.37,166.91,161.07,165.08
2025-05-09 08:00:00,165.08,176.15,164.3,172.32
2025-05-09 12:00:00,172.33,173.44,167.36,170.75
2025-05-09 16:00:00,170.76,172.58,168.59,171.89
2025-05-09 20:00:00,171.9,173.81,171.15,172.78
2025-05-10 00:00:00,172.77,175.19,170.66,171.59
2025-05-10 04:00:00,171.59,172.54,169.76,172.32
2025-05-10 08:00:00,172.32,173.4,168.72,169
2025-05-10 12:00:00,169,172.03,169,171.07
2025-05-10 16:00:00,171.07,173.83,170.86,172.22
2025-05-10 20:00:00,172.22,178.98,171.41,177.89
2025-05-11 00:00:00,177.89,180.26,172.92,175.86
2025-05-11 04:00:00,175.86,177.7,172.29,172.6
2025-05-11 08:00:00,172.61,175.04,172.58,174.76
2025-05-11 12:00:00,174.76,175.22,169.35,170.48
2025-05-11 16:00:00,170.48,173.43,169.4,172.73
2025-05-11 20:00:00,172.72,173.85,171.26,173.19
2025-05-12 00:00:00,173.2,176.88,171.74,174.9
2025-05-12 04:00:00,174.9,179.79,173.63,176.09
2025-05-12 08:00:00,176.08,177.01,173.64,174.11
2025-05-12 12:00:00,174.1,181.46,174,174.4
2025-05-12 16:00:00,174.39,176.67,168.31,171.22
2025-05-12 20:00:00,171.22,174.81,170.41,174.22
2025-05-13 00:00:00,174.22,174.38,166.94,166.97
2025-05-13 04:00:00,166.98,172.44,166.18,171.49
2025-05-13 08:00:00,171.49,175.15,170.93,174
2025-05-13 12:00:00,174,176.31,172.11,176.09
2025-05-13 16:00:00,176.08,184.45,175.72,182.05
2025-05-13 20:00:00,182.05,184.83,180.35,183.75
2025-05-14 00:00:00,183.75,184.88,179.11,180.28
2025-05-14 04:00:00,180.28,183.99,179.86,181.72
2025-05-14 08:00:00,181.73,182.62,177.57,181.06
2025-05-14 12:00:00,181.06,181.89,175.6,177.35
2025-05-14 16:00:00,177.34,177.68,173.23,177.06
2025-05-14 20:00:00,177.07,177.69,175.22,176.64
2025-05-15 00:00:00,176.63,178.33,174.06,174.06
2025-05-15 04:00:00,174.06,175.29,169.76,170.4
2025-05-15 08:00:00,170.4,173.06,168.67,171.09
2025-05-15 12:00:00,171.08,172.84,166.98,172.23
2025-05-15 16:00:00,172.23,174.49,167.72,169.76
2025-05-15 20:00:00,169.77,170.66,166.7,169.16
2025-05-16 00:00:00,169.16,173.68,168.69,172.62
2025-05-16 04:00:00,172.62,173.52,170.98,172.13
2025-05-16 08:00:00,172.13,174.21,169.35,172.81
2025-05-16 12:00:00,172.82,174.2,170.85,172.08
2025-05-16 16:00:00,172.09,172.72,169.73,171.44
2025-05-16 20:00:00,171.43,171.43,166.36,167.4
2025-05-17 00:00:00,167.4,168.65,164.01,168.26
2025-05-17 04:00:00,168.26,169.99,166.97,168.55
2025-05-17 08:00:00,168.55,169.38,166.71,167.6
2025-05-17 12:00:00,167.6,168.23,165.82,167.31
2025-05-17 16:00:00,167.31,167.52,164.4,165.25
2025-05-17 20:00:00,165.25,167.93,164.36,165.94
2025-05-18 00:00:00,165.94,167.9,165.85,166.9
2025-05-18 04:00:00,166.91,170.72,166.88,170.68
2025-05-18 08:00:00,170.68,172,170.56,170.79
2025-05-18 12:00:00,170.78,176.67,170.2,176.26
2025-05-18 16:00:00,176.26,176.77,166.51,166.65
2025-05-18 20:00:00,166.64,174.28,164.54,173.3
2025-05-19 00:00:00,173.3,173.94,165,165.35
2025-05-19 04:00:00,165.35,166.84,159.44,161.89
2025-05-19 08:00:00,161.9,162.7,160.44,162.19
2025-05-19 12:00:00,162.19,164.76,160.16,164.21
2025-05-19 16:00:00,164.2,167.39,162.78,166.61
2025-05-19 20:00:00,166.6,167.8,165.14,166.86
2025-05-20 00:00:00,166.87,173.11,166.78,169.19
2025-05-20 04:00:00,169.18,170.64,167.08,167.34
2025-05-20 08:00:00,167.35,168.14,165.23,166.47
2025-05-20 12:00:00,166.46,167.36,164.51,166.64
2025-05-20 16:00:00,166.63,169.13,164.56,168.17
2025-05-20 20:00:00,168.16,169.38,166.26,168.59
2025-05-21 00:00:00,168.59,170.92,166.78,169.97
2025-05-21 04:00:00,169.97,171.76,168.32,168.85
2025-05-21 08:00:00,168.85,169.64,167.35,169.34
2025-05-21 12:00:00,169.33,173.65,168.37,172.17
2025-05-21 16:00:00,172.17,174.95,165.51,171.14
2025-05-21 20:00:00,171.14,175.99,169.12,173.53
2025-05-22 00:00:00,173.54,177.52,172.59,176.82
2025-05-22 04:00:00,176.83,178.79,175.26,178.49
2025-05-22 08:00:00,178.49,180.87,177.16,178.08
2025-05-22 12:00:00,178.07,179.89,176.94,179.02
2025-05-22 16:00:00,179.03,180.36,177.5,177.85
2025-05-22 20:00:00,177.86,180.02,177.31,179.68
2025-05-23 00:00:00,179.68,185.4,179.28,185
2025-05-23 04:00:00,185.01,185.32,179.99,182.55
2025-05-23 08:00:00,182.56,187.71,177.1,177.91
2025-05-23 12:00:00,177.91,183.76,173.29,180.66
2025-05-23 16:00:00,180.67,182.25,178.41,179.14
2025-05-23 20:00:00,179.13,179.26,173.23,174.01
2025-05-24 00:00:00,174,176.02,172.5,175.11
2025-05-24 04:00:00,175.11,176.39,173.46,173.92
2025-05-24 08:00:00,173.93,178.33,173.24,176.9
2025-05-24 12:00:00,176.89,177.13,175.05,176.31
2025-05-24 16:00:00,176.32,177.68,175.31,177.14
2025-05-24 20:00:00,177.14,177.91,175.35,175.87
2025-05-25 00:00:00,175.87,176.88,170.36,173.64
2025-05-25 04:00:00,173.64,174.41,171.88,172.34
2025-05-25 08:00:00,172.35,172.36,170.13,171.98
2025-05-25 12:00:00,171.99,172.66,169.14,170.29
2025-05-25 16:00:00,170.29,172.77,169.18,172.52
2025-05-25 20:00:00,172.53,175.91,170.96,175.74
2025-05-26 00:00:00,175.75,177.83,175.04,177.01
2025-05-26 04:00:00,177.02,179.02,176.6,178.16
2025-05-26 08:00:00,178.15,178.36,176.42,177.91
2025-05-26 12:00:00,177.91,178.8,175.89,177.49
2025-05-26 16:00:00,177.49,178.06,173.48,174.05
2025-05-26 20:00:00,174.05,176.04,173.64,174.91
2025-05-27 00:00:00,174.92,175.79,171.24,173.51
2025-05-27 04:00:00,173.5,175.9,172.5,175.46
2025-05-27 08:00:00,175.47,177.17,175.01,176.8
2025-05-27 12:00:00,176.8,179.41,175.02,178.44
2025-05-27 16:00:00,178.45,179.3,177.43,177.5
2025-05-27 20:00:00,177.51,178.64,175.42,176.71
2025-05-28 00:00:00,176.72,177.45,174.22,175.12
2025-05-28 04:00:00,175.13,175.33,173.7,173.89
2025-05-28 08:00:00,173.9,174.53,172.86,174.51
2025-05-28 12:00:00,174.52,175.13,168.92,169.7
2025-05-28 16:00:00,169.71,172.03,169.13,169.42
2025-05-28 20:00:00,169.42,172.66,169.23,172.21
2025-05-29 00:00:00,172.22,175.34,171.35,173.7
2025-05-29 04:00:00,173.69,173.95,170.12,172.23
2025-05-29 08:00:00,172.23,173.46,171.64,172.88
2025-05-29 12:00:00,172.87,172.92,169.03,169.75
2025-05-29 16:00:00,169.76,170.3,166.03,166.84
2025-05-29 20:00:00,166.83,168.55,165.96,166.71
2025-05-30 00:00:00,166.71,167.51,160.13,165.16
2025-05-30 04:00:00,165.15,165.86,162.57,162.68
2025-05-30 08:00:00,162.68,164.16,161.48,163.83
2025-05-30 12:00:00,163.83,163.96,160.1,161.23
2025-05-30 16:00:00,161.23,161.77,156.01,160.81
2025-05-30 20:00:00,160.81,161.03,155.22,156.2
2025-05-31 00:00:00,156.2,157.24,152.14,154.16
2025-05-31 04:00:00,154.15,155.86,153.03,154.84
2025-05-31 08:00:00,154.85,155.26,152.62,152.92
2025-05-31 12:00:00,152.92,156.77,152.57,155.63
2025-05-31 16:00:00,155.64,157.97,155.19,157.52
2025-05-31 20:00:00,157.53,158.01,156.31,156.45
2025-06-01 00:00:00,156.45,156.73,153.4,154.72
2025-06-01 04:00:00,154.72,155.94,154.14,154.45
2025-06-01 08:00:00,154.45,154.64,150.59,152.05
2025-06-01 12:00:00,152.05,154.57,150.66,154.17
2025-06-01 16:00:00,154.18,156.73,153.47,155.89
2025-06-01 20:00:00,155.88,157.92,155.18,157.68
2025-06-02 00:00:00,157.68,158.93,155.36,155.46
2025-06-02 04:00:00,155.46,156.73,154.66,155.55
2025-06-02 08:00:00,155.54,156.55,152.95,153.45
2025-06-02 12:00:00,153.44,154.5,151.67,153.16
2025-06-02 16:00:00,153.16,155.13,151.77,152.95
2025-06-02 20:00:00,152.96,157.24,152.92,156.83
2025-06-03 00:00:00,156.83,162.38,156.39,159.44
2025-06-03 04:00:00,159.45,160.2,158.22,159.82
2025-06-03 08:00:00,159.83,161.65,158.28,160.56
2025-06-03 12:00:00,160.56,163.64,159.44,162.2
2025-06-03 16:00:00,162.21,162.41,159.98,160.56
2025-06-03 20:00:00,160.56,160.59,154.14,155.19
2025-06-04 00:00:00,155.19,157.63,154.18,156.56
2025-06-04 04:00:00,156.57,157.02,155.72,156.42
2025-06-04 08:00:00,156.42,157.92,155.72,155.92
2025-06-04 12:00:00,155.92,157.97,154.58,157.13
2025-06-04 16:00:00,157.13,157.57,155.28,155.37
2025-06-04 20:00:00,155.36,155.59,152.94,153.26
2025-06-05 00:00:00,153.27,154.61,153,153.83
2025-06-05 04:00:00,153.84,154.15,151.9,152.44
2025-06-05 08:00:00,152.44,153.04,151.28,152.37
2025-06-05 12:00:00,152.38,154.41,148.54,150.9
2025-06-05 16:00:00,150.9,151.11,144.15,146.2
2025-06-05 20:00:00,146.2,146.6,141.53,144.29
2025-06-06 00:00:00,144.28,146.85,144.11,146.84
2025-06-06 04:00:00,146.84,148.25,146.65,147.4
2025-06-06 08:00:00,147.4,149.61,147.24,149.1
2025-06-06 12:00:00,149.11,152.39,149.11,151.08
2025-06-06 16:00:00,151.09,151.56,148.46,149.09
2025-06-06 20:00:00,149.1,149.97,147.68,147.83
2025-06-07 00:00:00,147.82,149.71,146.84,149.46
2025-06-07 04:00:00,149.47,152.84,148.99,152.38
2025-06-07 08:00:00,152.37,152.72,151.23,151.45
2025-06-07 12:00:00,151.45,152.42,150.71,150.99
2025-06-07 16:00:00,151,151.61,150.15,150.58
2025-06-07 20:00:00,150.57,151.49,149.76,150.06
2025-06-08 00:00:00,150.07,150.35,149.15,149.85
2025-06-08 04:00:00,149.85,150.51,149.13,149.31
2025-06-08 08:00:00,149.3,149.71,147.88,149.62
2025-06-08 12:00:00,149.62,151.19,149.02,150.7
2025-06-08 16:00:00,150.69,154.52,150.64,154.46
2025-06-08 20:00:00,154.47,155.3,152.13,152.45
2025-06-09 00:00:00,152.45,153.17,150.79,151.54
2025-06-09 04:00:00,151.54,151.87,149.58,150.88
2025-06-09 08:00:00,150.87,156.61,150.4,155.62
2025-06-09 12:00:00,155.62,155.83,153.07,155.02
2025-06-09 16:00:00,155.02,157.01,155,155.75
2025-06-09 20:00:00,155.76,161.73,155.72,161.16
2025-06-10 00:00:00,161.16,161.82,158.69,159.17
2025-06-10 04:00:00,159.18,159.61,157.4,158.45
2025-06-10 08:00:00,158.46,161.51,157.15,160.85
2025-06-10 12:00:00,160.85,161.99,156.32,158.02
2025-06-10 16:00:00,158.03,165.48,157.1,163.61
2025-06-10 20:00:00,163.61,165.67,162.86,165.12
2025-06-11 00:00:00,165.12,167.46,163.43,166.67
2025-06-11 04:00:00,166.67,167.15,164.35,166.65
2025-06-11 08:00:00,166.65,167.19,164,164.5
2025-06-11 12:00:00,164.5,168.36,163.73,167.26
2025-06-11 16:00:00,167.27,167.44,162.39,162.64
2025-06-11 20:00:00,162.64,163.86,159.21,160.97
2025-06-12 00:00:00,160.98,161.28,159.28,159.87
2025-06-12 04:00:00,159.87,160.56,158.28,158.8
2025-06-12 08:00:00,158.8,159.92,157.42,157.72
2025-06-12 12:00:00,157.72,160.64,156.44,157.02
2025-06-12 16:00:00,157.02,160.46,154.5,154.84
2025-06-12 20:00:00,154.84,155.47,152.02,152.32
2025-06-13 00:00:00,152.32,152.59,140.21,144.76
2025-06-13 04:00:00,144.76,145.46,142.58,145.02
2025-06-13 08:00:00,145.02,146.67,143.66,145.45
2025-06-13 12:00:00,145.45,147.78,143.92,147.18
2025-06-13 16:00:00,147.18,148.52,144.3,145.17
2025-06-13 20:00:00,145.17,148.94,144.75,148.6
2025-06-14 00:00:00,148.6,148.7,146.42,146.71
2025-06-14 04:00:00,146.71,147.15,145.54,146.18
2025-06-14 08:00:00,146.17,146.21,144.93,145.86
2025-06-14 12:00:00,145.85,145.95,143.8,144.54
2025-06-14 16:00:00,144.53,145.11,142.92,143.5
2025-06-14 20:00:00,143.51,145.01,141.97,144.64
2025-06-15 00:00:00,144.65,146.05,144.6,145.75
2025-06-15 04:00:00,145.75,148.1,145.68,145.87
2025-06-15 08:00:00,145.87,146.71,144.22,146.36
2025-06-15 12:00:00,146.35,152.97,146.16,150.84
2025-06-15 16:00:00,150.84,153.54,150.18,152.23
2025-06-15 20:00:00,152.23,153,148.15,152.97
2025-06-16 00:00:00,152.97,157.41,150.99,155.58
2025-06-16 04:00:00,155.59,157.95,155.51,157.28
2025-06-16 08:00:00,157.27,157.5,154.81,156.48
2025-06-16 12:00:00,156.48,157.78,154.68,156.58
2025-06-16 16:00:00,156.58,158.8,156.35,157.79
2025-06-16 20:00:00,157.8,157.86,150.3,150.72
2025-06-17 00:00:00,150.73,153.98,147.47,153.36
2025-06-17 04:00:00,153.37,154.33,151.91,152.67
2025-06-17 08:00:00,152.67,152.9,150.18,150.53
2025-06-17 12:00:00,150.53,151.43,146.52,147.62
2025-06-17 16:00:00,147.62,150.39,145.61,148.87
2025-06-17 20:00:00,148.87,149.25,146.26,147.57
2025-06-18 00:00:00,147.58,149.1,146.54,148.37
2025-06-18 04:00:00,148.38,149.28,146.89,147.99
2025-06-18 08:00:00,147.99,148.56,145.34,146.52
2025-06-18 12:00:00,146.52,146.77,143.76,145.74
2025-06-18 16:00:00,145.74,146.51,143.65,144.71
2025-06-18 20:00:00,144.71,147.92,144.09,146.34
2025-06-19 00:00:00,146.35,147.9,144.96,146.58
2025-06-19 04:00:00,146.58,147.16,145,145.07
2025-06-19 08:00:00,145.08,146.5,144.85,145.09
2025-06-19 12:00:00,145.1,145.5,142.92,143.16
2025-06-19 16:00:00,143.16,146.04,143.11,145.48
2025-06-19 20:00:00,145.48,147.45,145.03,147.04
2025-06-20 00:00:00,147.04,147.54,145.41,145.44
2025-06-20 04:00:00,145.45,147.78,144.3,147.47
2025-06-20 08:00:00,147.48,148.81,146.91,148.17
2025-06-20 12:00:00,148.17,148.37,142.35,142.86
2025-06-20 16:00:00,142.86,143,135.69,139.82
2025-06-20 20:00:00,139.81,141.71,138.67,140.11
2025-06-21 00:00:00,140.11,141.34,139.54,140.76
2025-06-21 04:00:00,140.75,140.98,139.85,140.64
2025-06-21 08:00:00,140.64,142.6,140.29,142.08
2025-06-21 12:00:00,142.08,142.46,139.15,140.3
2025-06-21 16:00:00,140.29,141.05,137.22,137.28
2025-06-21 20:00:00,137.29,138.9,130.9,135.43
2025-06-22 00:00:00,135.43,137.62,133.24,135.11
2025-06-22 04:00:00,135.12,136.5,134.6,134.82
2025-06-22 08:00:00,134.82,135.36,131.95,133.25
2025-06-22 12:00:00,133.26,133.88,126.51,128.55
2025-06-22 16:00:00,128.56,131.48,128.29,129.06
2025-06-22 20:00:00,129.07,132.56,126,131.71
2025-06-23 00:00:00,131.71,133.53,131.53,132.67
2025-06-23 04:00:00,132.67,135.01,132.35,134.38
2025-06-23 08:00:00,134.38,134.88,133.25,134.09
2025-06-23 12:00:00,134.1,137.5,132.91,133.43
2025-06-23 16:00:00,133.44,140.27,130.68,139.79
2025-06-23 20:00:00,139.79,146.92,139.21,144.51
2025-06-24 00:00:00,144.51,144.77,142.31,143.24
2025-06-24 04:00:00,143.23,146.77,142.84,144.01
2025-06-24 08:00:00,144.01,145.81,143.02,144.57
2025-06-24 12:00:00,144.56,145.7,143.44,144.31
2025-06-24 16:00:00,144.31,146.62,142.84,143.61
2025-06-24 20:00:00,143.61,145.96,143.19,145.92
2025-06-25 00:00:00,145.93,146.9,145.02,145.52
2025-06-25 04:00:00,145.51,147.49,144.88,147.01
2025-06-25 08:00:00,147.01,147.13,145.03,146.26
2025-06-25 12:00:00,146.26,147.95,143.12,143.69
2025-06-25 16:00:00,143.7,144.74,142.82,144.74
2025-06-25 20:00:00,144.74,145.61,142.25,143.57
2025-06-26 00:00:00,143.57,148,143.43,145.9
2025-06-26 04:00:00,145.91,146.07,144.02,145.15
2025-06-26 08:00:00,145.16,145.81,143.2,143.65
2025-06-26 12:00:00,143.65,143.96,141.41,143
2025-06-26 16:00:00,143,143.24,140.89,142.29
2025-06-26 20:00:00,142.28,143.96,138.62,139.06
2025-06-27 00:00:00,139.05,141.58,137.14,141.36
2025-06-27 04:00:00,141.37,142.22,140.18,140.33
2025-06-27 08:00:00,140.33,142.8,140.32,142.15
2025-06-27 12:00:00,142.15,143.85,141.15,143.47
2025-06-27 16:00:00,143.47,144.85,140.12,141.78
2025-06-27 20:00:00,141.77,143.36,141.63,142.09
2025-06-28 00:00:00,142.09,143.55,141.13,143.4
2025-06-28 04:00:00,143.39,146.81,143.08,146.57
2025-06-28 08:00:00,146.56,147.62,145.61,147.15
2025-06-28 12:00:00,147.14,148.67,145.87,148.17
2025-06-28 16:00:00,148.16,152.7,148.1,150.67
2025-06-28 20:00:00,150.67,151.37,150.04,150.72
2025-06-29 00:00:00,150.73,151.08,149.42,149.47
2025-06-29 04:00:00,149.47,150.33,149.36,150.32
2025-06-29 08:00:00,150.33,152.24,149.93,151.68
2025-06-29 12:00:00,151.68,152.55,150.72,150.75
2025-06-29 16:00:00,150.76,152.24,149.72,151.18
2025-06-29 20:00:00,151.19,154.77,150.35,153.32
2025-06-30 00:00:00,153.32,154.08,151.26,151.77
2025-06-30 04:00:00,151.77,152.02,149.7,150.64
2025-06-30 08:00:00,150.63,151.07,149.45,150.38
2025-06-30 12:00:00,150.38,159.99,149.67,157.83
2025-06-30 16:00:00,157.83,158.46,155.32,157.77
2025-06-30 20:00:00,157.77,157.8,154.5,154.81
2025-07-01 00:00:00,154.82,155.64,153.17,153.94
2025-07-01 04:00:00,153.93,153.93,148.82,150.07
2025-07-01 08:00:00,150.06,150.07,148.14,148.84
2025-07-01 12:00:00,148.85,149.29,146.24,147.22
2025-07-01 16:00:00,147.22,148.45,145.33,145.46
2025-07-01 20:00:00,145.46,147.02,144.85,146.88
2025-07-02 00:00:00,146.87,149.25,145.85,148.87
2025-07-02 04:00:00,148.86,149.92,148.32,149.09
2025-07-02 08:00:00,149.1,149.99,148.39,148.62
2025-07-02 12:00:00,148.61,151.58,147.12,151.31
2025-07-02 16:00:00,151.31,153.64,150.33,153.02
2025-07-02 20:00:00,153.02,154.47,151.97,152.27
2025-07-03 00:00:00,152.28,154.02,151.77,153.42
2025-07-03 04:00:00,153.41,155.95,153.22,155.61
2025-07-03 08:00:00,155.61,156.35,154.13,154.53
2025-07-03 12:00:00,154.53,155.26,149.86,150.18
2025-07-03 16:00:00,150.18,152.04,149.91,151.81
2025-07-03 20:00:00,151.81,153.26,151.81,152.36
2025-07-04 00:00:00,152.35,153.16,150.9,151.69
2025-07-04 04:00:00,151.7,153.88,150.27,150.48
2025-07-04 08:00:00,150.48,150.98,149.02,150.21
2025-07-04 12:00:00,150.22,151.25,146.29,146.57
2025-07-04 16:00:00,146.56,147,145.22,146.72
2025-07-04 20:00:00,146.73,148.37,146.37,147.7
2025-07-05 00:00:00,147.69,148.56,147.2,147.75
2025-07-05 04:00:00,147.76,148.52,146.72,147.86
2025-07-05 08:00:00,147.85,148.55,146.81,148.18
2025-07-05 12:00:00,148.19,148.7,147.05,147.12
2025-07-05 16:00:00,147.11,147.26,145.9,146.89
2025-07-05 20:00:00,146.89,148.02,146.47,147.55
2025-07-06 00:00:00,147.55,147.65,146.85,147.35
2025-07-06 04:00:00,147.35,148.5,147.08,147.9
2025-07-06 08:00:00,147.89,148.04,146.78,147.98
2025-07-06 12:00:00,147.99,152.09,147.86,151.53
2025-07-06 16:00:00,151.53,153.2,150.68,151.27
2025-07-06 20:00:00,151.28,153.89,151.23,151.86
2025-07-07 00:00:00,151.86,152.9,150.24,151.86
2025-07-07 04:00:00,151.86,152.45,150.89,152.38
2025-07-07 08:00:00,152.37,153.6,151.65,152.78
2025-07-07 12:00:00,152.79,153.43,151.02,151.07
2025-07-07 16:00:00,151.07,151.59,148.63,148.97
2025-07-07 20:00:00,148.96,148.96,147.7,148.88
2025-07-08 00:00:00,148.89,150.1,147.85,148.64
2025-07-08 04:00:00,148.64,149.75,148.2,149.66
2025-07-08 08:00:00,149.65,151.67,149.54,151.31
2025-07-08 12:00:00,151.31,152.88,149.77,149.83
2025-07-08 16:00:00,149.84,152.83,149.03,151.63
2025-07-08 20:00:00,151.63,151.94,150,151.67
2025-07-09 00:00:00,151.68,152.34,151.06,151.29
2025-07-09 04:00:00,151.29,153.88,150.53,153.01
2025-07-09 08:00:00,153.01,154.43,152.33,153.73
2025-07-09 12:00:00,153.74,155.53,152.87,153.97
2025-07-09 16:00:00,153.98,157.86,153.23,157.27
2025-07-09 20:00:00,157.26,157.93,155.46,157.05
2025-07-10 00:00:00,157.06,159.34,155.93,157.35
2025-07-10 04:00:00,157.35,158.63,156.67,157.89
2025-07-10 08:00:00,157.9,159.17,157.16,157.65
2025-07-10 12:00:00,157.66,158.37,155.64,156.43
2025-07-10 16:00:00,156.44,161.18,156.16,159.34
2025-07-10 20:00:00,159.34,165.43,159.23,164.34
2025-07-11 00:00:00,164.33,165.4,161.94,165.22
2025-07-11 04:00:00,165.22,166.8,163.14,163.27
2025-07-11 08:00:00,163.28,165.38,163.28,163.87
2025-07-11 12:00:00,163.88,168.2,161.78,162.34
2025-07-11 16:00:00,162.34,165.03,161.27,164.58
2025-07-11 20:00:00,164.58,164.83,159.54,162.93
2025-07-12 00:00:00,162.92,163.9,161.78,163.45
2025-07-12 04:00:00,163.46,163.84,162.03,163.22
2025-07-12 08:00:00,163.21,163.43,161.41,161.62
2025-07-12 12:00:00,161.62,161.81,157.74,158.14
2025-07-12 16:00:00,158.14,160.75,157.93,160.71
2025-07-12 20:00:00,160.71,160.94,158.94,160.69
2025-07-13 00:00:00,160.7,161.78,160.2,161.21
2025-07-13 04:00:00,161.21,162.98,161.04,162.67
2025-07-13 08:00:00,162.67,162.74,161.57,162.06
2025-07-13 12:00:00,162.06,164.19,161.79,162.04
2025-07-13 16:00:00,162.04,163.55,160.53,162.54
2025-07-13 20:00:00,162.53,163.06,159.63,161.15
2025-07-14 00:00:00,161.15,168.2,160.61,167.11
2025-07-14 04:00:00,167.11,168.65,165.37,167.25
2025-07-14 08:00:00,167.26,168.15,166.04,166.53
2025-07-14 12:00:00,166.53,168.6,163.04,163.96
2025-07-14 16:00:00,163.96,165.35,162.42,164.3
2025-07-14 20:00:00,164.31,164.31,161.67,162.21
2025-07-15 00:00:00,162.21,162.89,158.17,159.15
2025-07-15 04:00:00,159.14,160.87,158.26,159.54
2025-07-15 08:00:00,159.54,160.14,158.39,159.86
2025-07-15 12:00:00,159.87,162.17,157.23,160.47
2025-07-15 16:00:00,160.46,163.7,159.98,160.22
2025-07-15 20:00:00,160.22,164.26,159.71,163.98
2025-07-16 00:00:00,163.98,165.26,161.51,162.5
2025-07-16 04:00:00,162.51,164.64,161.79,164.05
2025-07-16 08:00:00,164.05,167.58,163.81,166.66
2025-07-16 12:00:00,166.66,168.84,165.4,168.45
2025-07-16 16:00:00,168.45,174.7,168.4,174.16
2025-07-16 20:00:00,174.15,176,172.37,173.63
2025-07-17 00:00:00,173.62,174.85,168.71,169.54
2025-07-17 04:00:00,169.53,174.17,169.24,174.02
2025-07-17 08:00:00,174.02,178.19,172.67,176.17
2025-07-17 12:00:00,176.16,177.54,172.78,174.13
2025-07-17 16:00:00,174.12,175.42,171.21,173.05
2025-07-17 20:00:00,173.05,177.4,171.34,175.87
2025-07-18 00:00:00,175.88,181.15,175.29,180.8
2025-07-18 04:00:00,180.79,184.67,179.86,180.94
2025-07-18 08:00:00,180.93,181.97,177.1,178.46
2025-07-18 12:00:00,178.45,182.02,174.86,177.02
2025-07-18 16:00:00,177.02,179.11,176.15,176.99
2025-07-18 20:00:00,176.98,177.62,173.24,177.28
2025-07-19 00:00:00,177.28,177.69,174,177.45
2025-07-19 04:00:00,177.45,177.77,176.1,176.99
2025-07-19 08:00:00,176.99,177.81,175.41,176.59
2025-07-19 12:00:00,176.6,177.88,174.8,177.4
2025-07-19 16:00:00,177.41,178.19,176.12,177.04
2025-07-19 20:00:00,177.04,178.61,174.91,176.96
2025-07-20 00:00:00,176.97,179.75,176.33,177.98
2025-07-20 04:00:00,177.97,178.67,176.94,177.94
2025-07-20 08:00:00,177.95,181.51,177.95,180.44
2025-07-20 12:00:00,180.44,183.17,179.96,181.96
2025-07-20 16:00:00,181.97,183.66,180.25,181.99
2025-07-20 20:00:00,182,182.39,177.8,181.43
2025-07-21 00:00:00,181.44,187.04,178.25,186.71
2025-07-21 04:00:00,186.71,191.08,185.06,190.07
2025-07-21 08:00:00,190.06,192.99,189.69,191.4
2025-07-21 12:00:00,191.39,199.28,190.22,196.79
2025-07-21 16:00:00,196.79,197.25,193.01,194.63
2025-07-21 20:00:00,194.64,197.78,193.64,195.72
2025-07-22 00:00:00,195.72,204.67,193.75,200.09
2025-07-22 04:00:00,200.08,201.32,194.1,198.1
2025-07-22 08:00:00,198.1,200.15,194.05,199.91
2025-07-22 12:00:00,199.91,204.99,196.95,201.83
2025-07-22 16:00:00,201.82,204.24,198.39,198.92
2025-07-22 20:00:00,198.91,206.3,198.39,205.7
2025-07-23 00:00:00,205.7,205.75,200.99,201.39
2025-07-23 04:00:00,201.4,202.26,198.88,199.46
2025-07-23 08:00:00,199.47,200,195.86,197.42
2025-07-23 12:00:00,197.41,197.57,187.61,192.72
2025-07-23 16:00:00,192.72,192.75,186.01,188.08
2025-07-23 20:00:00,188.09,190.04,183.97,189.4
2025-07-24 00:00:00,189.4,191.87,188.48,189.85
2025-07-24 04:00:00,189.85,190.12,179.21,184.21
2025-07-24 08:00:00,184.2,186.92,182.92,186.4
2025-07-24 12:00:00,186.41,191.76,183.36,188.53
2025-07-24 16:00:00,188.54,190.04,184.85,187.99
2025-07-24 20:00:00,187.99,189.06,182.01,182.87
2025-07-25 00:00:00,182.88,183.54,175.63,177.71
2025-07-25 04:00:00,177.72,179.78,175.91,177.51
2025-07-25 08:00:00,177.51,182.08,176.86,181.12
2025-07-25 12:00:00,181.12,181.89,176.24,178.2
2025-07-25 16:00:00,178.19,182.84,177.47,182.17
2025-07-25 20:00:00,182.16,186.85,182.08,186.76
2025-07-26 00:00:00,186.75,186.93,184.48,185.97
2025-07-26 04:00:00,185.97,187.14,185.63,186.43
2025-07-26 08:00:00,186.43,189.78,186.42,187.74
2025-07-26 12:00:00,187.75,188.48,186.05,187.52
2025-07-26 16:00:00,187.53,187.8,185.06,186.45
2025-07-26 20:00:00,186.44,186.76,184.29,184.88
2025-07-27 00:00:00,184.89,187.59,184.53,187.19
2025-07-27 04:00:00,187.19,188.33,186.62,187.22
2025-07-27 08:00:00,187.22,188.57,186.18,187.01
2025-07-27 12:00:00,187.02,187.34,184.9,186.47
2025-07-27 16:00:00,186.48,189.76,185.95,186.92
2025-07-27 20:00:00,186.92,190.7,186.44,188.64
2025-07-28 00:00:00,188.64,193.82,187.66,193.35
2025-07-28 04:00:00,193.34,195.26,191.64,192.37
2025-07-28 08:00:00,192.36,193.36,190.63,192
2025-07-28 12:00:00,192,193.52,186.55,187.18
2025-07-28 16:00:00,187.18,187.99,183.45,185.26
2025-07-28 20:00:00,185.25,185.53,182.16,183.11
2025-07-29 00:00:00,183.1,184.72,180.67,184.33
2025-07-29 04:00:00,184.34,186.68,183.21,186.05
2025-07-29 08:00:00,186.04,186.51,182.24,182.93
2025-07-29 12:00:00,182.93,184.99,179.23,180.81
2025-07-29 16:00:00,180.81,182.37,178.3,181.11
2025-07-29 20:00:00,181.11,182,179.3,181.48
2025-07-30 00:00:00,181.47,182.37,178.81,181.69
2025-07-30 04:00:00,181.69,182.56,179.34,180.83
2025-07-30 08:00:00,180.83,181.49,176.42,177.3
2025-07-30 12:00:00,177.29,180.59,176.65,179.18
2025-07-30 16:00:00,179.17,180.15,170.29,176.12
2025-07-30 20:00:00,176.12,178.09,174.76,177.77
2025-07-31 00:00:00,177.77,180.55,177.62,180.31
2025-07-31 04:00:00,180.31,181.62,179.81,181.24
2025-07-31 08:00:00,181.24,182.7,180.24,180.74
2025-07-31 12:00:00,180.75,180.89,175.25,177.35
2025-07-31 16:00:00,177.34,179.77,174.75,175.32
2025-07-31 20:00:00,175.31,175.74,171.44,172.22
2025-08-01 00:00:00,172.22,172.26,167.42,171.14
2025-08-01 04:00:00,171.14,171.14,167.96,169.4
2025-08-01 08:00:00,169.41,169.41,166.19,169.2
2025-08-01 12:00:00,169.19,170.35,164.58,168.57
2025-08-01 16:00:00,168.56,169.75,165.1,166.47
2025-08-01 20:00:00,166.47,166.82,159.2,162.71
2025-08-02 00:00:00,162.71,165.02,162.56,164.36
2025-08-02 04:00:00,164.37,165.3,161.82,164.43
2025-08-02 08:00:00,164.44,165.13,162.22,164.51
2025-08-02 12:00:00,164.5,164.94,161.03,161.5
2025-08-02 16:00:00,161.51,162.2,155.83,157.44
2025-08-02 20:00:00,157.45,159.81,157.04,158.48
2025-08-03 00:00:00,158.49,161.07,156.28,160.86
2025-08-03 04:00:00,160.86,161.59,160.03,161.37
2025-08-03 08:00:00,161.37,162.9,160.68,161.47
2025-08-03 12:00:00,161.47,162.35,160.37,162.11
2025-08-03 16:00:00,162.1,162.75,161.12,161.65
2025-08-03 20:00:00,161.64,163.14,160.75,161.97
2025-08-04 00:00:00,161.98,164.98,161.42,162.98
2025-08-04 04:00:00,162.98,163.41,161.26,163.03
2025-08-04 08:00:00,163.04,164.08,161.64,162.38
2025-08-04 12:00:00,162.39,166.91,162.14,165.49
2025-08-04 16:00:00,165.49,169.8,165,165.65
2025-08-04 20:00:00,165.64,169.78,165.3,169.55
2025-08-05 00:00:00,169.55,169.97,167.57,167.92
2025-08-05 04:00:00,167.92,169.28,165.78,166.22
2025-08-05 08:00:00,166.21,171.73,165.66,170.89
2025-08-05 12:00:00,170.89,171.04,162.9,163.78
2025-08-05 16:00:00,163.77,164.94,162.28,162.76
2025-08-05 20:00:00,162.76,164.54,161.3,164.09
2025-08-06 00:00:00,164.09,164.17,161.13,161.86
2025-08-06 04:00:00,161.86,164.79,161.25,164.25
2025-08-06 08:00:00,164.26,164.64,162.72,164.2
2025-08-06 12:00:00,164.2,169.42,162.65,169.04
2025-08-06 16:00:00,169.05,169.93,167.18,168.82
2025-08-06 20:00:00,168.82,168.85,167.32,168.09
2025-08-07 00:00:00,168.1,169,166.7,166.89
2025-08-07 04:00:00,166.9,170.45,166.76,169.99
2025-08-07 08:00:00,169.99,173.49,169.06,172.82
2025-08-07 12:00:00,172.83,173.18,169.7,170.49
2025-08-07 16:00:00,170.48,171.94,167,171.75
2025-08-07 20:00:00,171.76,175.51,171.52,175.36
2025-08-08 00:00:00,175.37,175.92,173.43,174.71
2025-08-08 04:00:00,174.71,177.87,173.88,177.14
2025-08-08 08:00:00,177.13,177.95,174.88,177.65
2025-08-08 12:00:00,177.65,179.14,174.21,175.23
2025-08-08 16:00:00,175.23,179.66,175.01,178.47
2025-08-08 20:00:00,178.46,178.76,176.62,176.78
2025-08-09 00:00:00,176.79,179.02,176.64,177.26
2025-08-09 04:00:00,177.26,182.15,176.94,180.62
2025-08-09 08:00:00,180.62,183.35,180.39,180.79
2025-08-09 12:00:00,180.78,182.49,178.92,180.09
2025-08-09 16:00:00,180.1,182.7,179.46,182.14
2025-08-09 20:00:00,182.13,183.45,179.72,179.95
2025-08-10 00:00:00,179.96,185.99,179.81,184.98
2025-08-10 04:00:00,184.98,186.18,177.66,178.94
2025-08-10 08:00:00,178.94,181.05,177.51,179.97
2025-08-10 12:00:00,179.98,182.4,178.52,181.54
2025-08-10 16:00:00,181.54,183.3,181.21,182.8
2025-08-10 20:00:00,182.8,183.94,181.27,182.66
2025-08-11 00:00:00,182.67,185.8,181.27,185.14
2025-08-11 04:00:00,185.13,186.8,182.79,182.97
2025-08-11 08:00:00,182.97,184.67,178.35,179.08
2025-08-11 12:00:00,179.07,180.52,177.23,180.19
2025-08-11 16:00:00,180.19,181.77,175.54,176.62
2025-08-11 20:00:00,176.62,176.88,173.43,174.84
2025-08-12 00:00:00,174.83,176.74,174.64,175.53
2025-08-12 04:00:00,175.53,176.64,173.6,175.9
2025-08-12 08:00:00,175.9,176.51,173.72,175.23
2025-08-12 12:00:00,175.23,182.1,174.73,181.7
2025-08-12 16:00:00,181.7,191.14,180.77,190.64
2025-08-12 20:00:00,190.65,193.76,189.59,191.78
2025-08-13 00:00:00,191.77,199.54,191.48,197.73
2025-08-13 04:00:00,197.74,200.1,195.18,198.74
2025-08-13 08:00:00,198.74,202.71,197.61,201
2025-08-13 12:00:00,201,204.96,194.15,197.44
2025-08-13 16:00:00,197.43,202.2,197.01,202.08
2025-08-13 20:00:00,202.09,203.33,199.83,201.51
2025-08-14 00:00:00,201.51,209.04,200.59,207.94
2025-08-14 04:00:00,207.94,209.86,204.02,205.66
2025-08-14 08:00:00,205.67,205.85,201.77,203.62
2025-08-14 12:00:00,203.61,205.46,186.68,194.85
2025-08-14 16:00:00,194.86,195.51,190.25,192.91
2025-08-14 20:00:00,192.91,193.24,187.32,192.47
2025-08-15 00:00:00,192.46,195.6,191.94,195.15
2025-08-15 04:00:00,195.14,198.07,194.44,196.95
2025-08-15 08:00:00,196.95,197.59,193.63,194.32
2025-08-15 12:00:00,194.32,196.19,184.36,185.55
2025-08-15 16:00:00,185.55,186.9,183.3,183.89
2025-08-15 20:00:00,183.88,188.26,183.37,185.72
2025-08-16 00:00:00,185.71,188.36,185.34,187.1
2025-08-16 04:00:00,187.09,189.65,186.11,189.12
2025-08-16 08:00:00,189.12,189.23,185.39,185.74
2025-08-16 12:00:00,185.75,189.47,185.2,188.79
2025-08-16 16:00:00,188.78,189.36,187.08,188.69
2025-08-16 20:00:00,188.68,190.06,187.94,189.6
2025-08-17 00:00:00,189.61,191.94,187.35,191.61
2025-08-17 04:00:00,191.61,193.55,191.33,191.88
2025-08-17 08:00:00,191.89,193.87,191.53,193.58
2025-08-17 12:00:00,193.58,195.49,191.91,195.47
2025-08-17 16:00:00,195.48,195.89,189.94,191.18
2025-08-17 20:00:00,191.17,193.44,190.88,190.99
2025-08-18 00:00:00,191,191.33,181.82,182.67
2025-08-18 04:00:00,182.67,183.51,180.22,180.62
2025-08-18 08:00:00,180.63,181.98,180,181.36
2025-08-18 12:00:00,181.37,183.34,180.52,183.1
2025-08-18 16:00:00,183.1,185.7,181.76,183.21
2025-08-18 20:00:00,183.21,185,182.07,182.94
2025-08-19 00:00:00,182.94,185.87,178.17,178.52
2025-08-19 04:00:00,178.52,180.59,177.32,180.11
2025-08-19 08:00:00,180.12,182.81,179.11,182.66
2025-08-19 12:00:00,182.67,183.42,177.46,177.98
2025-08-19 16:00:00,177.98,178.78,175.69,176.74
2025-08-19 20:00:00,176.75,179.54,175.88,176.22
2025-08-20 00:00:00,176.22,181.5,176.04,180.49
2025-08-20 04:00:00,180.49,181.7,179.83,180.53
2025-08-20 08:00:00,180.53,182.25,178.32,180.29
2025-08-20 12:00:00,180.28,185.06,177.53,183.03
2025-08-20 16:00:00,183.02,187.97,182.59,187.59
2025-08-20 20:00:00,187.6,187.95,185.78,187.94
2025-08-21 00:00:00,187.95,190.1,185.51,188.43
2025-08-21 04:00:00,188.43,188.7,185.89,186.98
2025-08-21 08:00:00,186.99,187.04,183.48,184.03
2025-08-21 12:00:00,184.03,186.42,181.44,181.65
2025-08-21 16:00:00,181.65,182.93,179.85,180.15
2025-08-21 20:00:00,180.15,181.86,179.43,180.29
2025-08-22 00:00:00,180.3,183.5,180,181.76
2025-08-22 04:00:00,181.76,184.36,181.75,183.98
2025-08-22 08:00:00,183.97,185.1,179.6,179.63
2025-08-22 12:00:00,179.63,195.42,177.27,193.47
2025-08-22 16:00:00,193.48,199.73,193.48,198.97
2025-08-22 20:00:00,198.97,202.4,198.38,200.69
2025-08-23 00:00:00,200.69,200.82,195.26,198.16
2025-08-23 04:00:00,198.15,208.62,198.1,205.18
2025-08-23 08:00:00,205.18,205.66,201.53,201.98
2025-08-23 12:00:00,201.99,203.8,200.58,202.58
2025-08-23 16:00:00,202.57,204.57,202.2,204.09
2025-08-23 20:00:00,204.08,204.86,202.8,204.14
2025-08-24 00:00:00,204.15,211.99,204.14,209.05
2025-08-24 04:00:00,209.06,210.76,206.6,206.66
2025-08-24 08:00:00,206.67,209,203.41,204.48
2025-08-24 12:00:00,204.48,209.35,203.57,205.62
2025-08-24 16:00:00,205.62,211.97,201.44,205.01
2025-08-24 20:00:00,205.01,207.15,201.09,205.98
2025-08-25 00:00:00,205.99,213.6,202.23,209.24
2025-08-25 04:00:00,209.24,209.71,198.69,199.82
2025-08-25 08:00:00,199.81,200.8,195,197.55
2025-08-25 12:00:00,197.54,199.5,195.56,196.56
2025-08-25 16:00:00,196.57,198.36,190.98,191.47
2025-08-25 20:00:00,191.47,192.12,185.33,187.2
2025-08-26 00:00:00,187.19,189.29,185.58,186.9
2025-08-26 04:00:00,186.9,189.92,186.9,188.92
2025-08-26 08:00:00,188.92,190.37,186.67,187.97
2025-08-26 12:00:00,187.98,192.55,187.18,190.77
2025-08-26 16:00:00,190.76,197.51,190.58,197.43
2025-08-26 20:00:00,197.43,198.1,195.37,195.86
2025-08-27 00:00:00,195.85,202.81,193.78,201.92
2025-08-27 04:00:00,201.91,205.7,200.81,202.43
2025-08-27 08:00:00,202.44,205.38,201.48,205.01
2025-08-27 12:00:00,205.01,209.4,202.62,208.66
2025-08-27 16:00:00,208.66,212.08,205.95,206.4
2025-08-27 20:00:00,206.4,209.49,202.57,202.95
2025-08-28 00:00:00,202.95,208.35,201.72,208.15
2025-08-28 04:00:00,208.16,213.33,207.47,213.11
2025-08-28 08:00:00,213.11,216.5,211.07,213.14
2025-08-28 12:00:00,213.15,216.89,210.2,211.06
2025-08-28 16:00:00,211.06,214,207.17,209.94
2025-08-28 20:00:00,209.95,215.73,209.64,214.43
2025-08-29 00:00:00,214.43,217.97,212,216.86
2025-08-29 04:00:00,216.86,218,207.8,208.77
2025-08-29 08:00:00,208.78,210.07,205.34,207.62
2025-08-29 12:00:00,207.61,214.94,203.81,204.46
2025-08-29 16:00:00,204.46,205.5,201.34,202.95
2025-08-29 20:00:00,202.95,205.5,199.85,205.08
2025-08-30 00:00:00,205.09,206.65,200.68,205.61
2025-08-30 04:00:00,205.61,207.06,204.37,205.14
2025-08-30 08:00:00,205.13,205.56,201.65,202.64
2025-08-30 12:00:00,202.64,202.67,197.52,201.05
2025-08-30 16:00:00,201.05,201.61,199.74,201.25
2025-08-30 20:00:00,201.25,203.33,199.75,202.7
2025-08-31 00:00:00,202.7,206.66,202.69,205.58
2025-08-31 04:00:00,205.57,205.65,202.73,203.55
2025-08-31 08:00:00,203.56,206,202.23,203.65
2025-08-31 12:00:00,203.65,204.89,201.5,204.58
2025-08-31 16:00:00,204.58,205.99,203.68,204.62
2025-08-31 20:00:00,204.61,205.78,200.28,200.62
2025-09-01 00:00:00,200.62,202.49,196.03,198.42
2025-09-01 04:00:00,198.41,202.93,196.61,202.92
2025-09-01 08:00:00,202.92,204.58,198.36,199.4
2025-09-01 12:00:00,199.41,201.13,197.67,198.37
2025-09-01 16:00:00,198.36,200.16,197.27,200.16
2025-09-01 20:00:00,200.16,200.17,194.19,197.32
2025-09-02 00:00:00,197.32,203.36,196.77,201.85
2025-09-02 04:00:00,201.86,204.45,201.39,202.12
2025-09-02 08:00:00,202.12,204.45,201.67,201.98
2025-09-02 12:00:00,201.97,205.15,197.37,200.3
2025-09-02 16:00:00,200.29,207,199.48,205.54
2025-09-02 20:00:00,205.53,209.68,204.91,209.65
2025-09-03 00:00:00,209.64,211.97,207.42,210.03
2025-09-03 04:00:00,210.02,210.48,207.94,209.36
2025-09-03 08:00:00,209.36,211.34,208.15,210.38
2025-09-03 12:00:00,210.37,213.02,208.69,211.37
2025-09-03 16:00:00,211.37,211.97,208.83,210.38
2025-09-03 20:00:00,210.38,210.96,208.38,210.77
2025-09-04 00:00:00,210.77,211.94,207.47,208.19
2025-09-04 04:00:00,208.19,208.56,205.68,206.68
2025-09-04 08:00:00,206.68,208.79,206.58,207.22
2025-09-04 12:00:00,207.23,208.5,203.38,203.76
2025-09-04 16:00:00,203.77,205.18,201.84,202.12
2025-09-04 20:00:00,202.11,204.82,201.88,202.32
2025-09-05 00:00:00,202.32,204.05,200.95,203.53
2025-09-05 04:00:00,203.53,208.43,203,207.87
2025-09-05 08:00:00,207.87,207.96,204.52,206.67
2025-09-05 12:00:00,206.67,210,201.61,203.56
2025-09-05 16:00:00,203.55,205.55,201.91,205.44
2025-09-05 20:00:00,205.43,205.69,202.7,203.36
2025-09-06 00:00:00,203.37,204.68,203.14,204.07
2025-09-06 04:00:00,204.06,204.07,202.07,203.03
2025-09-06 08:00:00,203.03,203.56,201.8,202.38
2025-09-06 12:00:00,202.38,202.87,201.01,201.26
2025-09-06 16:00:00,201.26,202.37,199.32,199.71
2025-09-06 20:00:00,199.7,201.2,199.7,200.16
2025-09-07 00:00:00,200.17,203.27,200.12,202.86
2025-09-07 04:00:00,202.85,203.3,202.23,202.99
2025-09-07 08:00:00,203,203.99,202.72,203.96
2025-09-07 12:00:00,203.96,205.55,203.08,205.2
2025-09-07 16:00:00,205.2,205.48,201.48,203.08
2025-09-07 20:00:00,203.08,207.95,202.58,206.35
2025-09-08 00:00:00,206.35,209,205.59,207.65
2025-09-08 04:00:00,207.64,208.87,206.66,207.92
2025-09-08 08:00:00,207.91,215.84,207.39,214.28
2025-09-08 12:00:00,214.28,216.83,212.8,215.04
2025-09-08 16:00:00,215.04,217.11,213.88,216.15
2025-09-08 20:00:00,216.16,216.22,213.55,214.11
2025-09-09 00:00:00,214.11,214.91,210.79,214.63
2025-09-09 04:00:00,214.62,219.79,213.96,219.23
2025-09-09 08:00:00,219.23,219.5,217,217.25
2025-09-09 12:00:00,217.24,218.54,211.69,213.07
2025-09-09 16:00:00,213.07,216.99,213,216.34
2025-09-09 20:00:00,216.35,217.8,215.01,217.21
2025-09-10 00:00:00,217.22,219.65,215.09,219.2
2025-09-10 04:00:00,219.2,222.89,217.82,222.25
2025-09-10 08:00:00,222.25,222.45,218.77,220.25
2025-09-10 12:00:00,220.24,226,219.74,223.17
2025-09-10 16:00:00,223.16,224.13,220.53,221.23
2025-09-10 20:00:00,221.23,224.65,220.95,224.07
2025-09-11 00:00:00,224.06,225.59,222.94,224.17
2025-09-11 04:00:00,224.17,224.29,221.72,223.23
2025-09-11 08:00:00,223.23,225.85,222.28,225.03
2025-09-11 12:00:00,225.04,228.95,222.79,226.82
2025-09-11 16:00:00,226.82,228.37,225.3,226.71
2025-09-11 20:00:00,226.69,228.94,225.47,228.73
2025-09-12 00:00:00,228.73,235.81,228.11,235.09
2025-09-12 04:00:00,235.08,239.86,234.22,237.33
2025-09-12 08:00:00,237.33,239.55,236.72,239.18
2025-09-12 12:00:00,239.18,241.84,237.56,239.31
2025-09-12 16:00:00,239.32,241.48,237.94,241
2025-09-12 20:00:00,241,244.04,238.33,242.18
2025-09-13 00:00:00,242.18,244.14,240.68,243.61
2025-09-13 04:00:00,243.62,243.67,241.23,242.46
2025-09-13 08:00:00,242.45,243.72,241.26,241.93
2025-09-13 12:00:00,241.93,243.09,237.93,239.43
2025-09-13 16:00:00,239.43,239.69,235.73,238.98
2025-09-13 20:00:00,238.98,243.18,238.84,242.38
2025-09-14 00:00:00,242.38,249.6,242.2,246.89
2025-09-14 04:00:00,246.89,248.4,244.5,246.39
2025-09-14 08:00:00,246.4,248.09,245.58,246.09
2025-09-14 12:00:00,246.1,246.77,241.53,243.81
2025-09-14 16:00:00,243.81,248.45,242.13,242.51
2025-09-14 20:00:00,242.5,244.72,239.23,239.76
2025-09-15 00:00:00,239.75,243.41,239.15,242.64
2025-09-15 04:00:00,242.65,244,236.17,237.98
2025-09-15 08:00:00,237.98,238.11,231.55,236.45
2025-09-15 12:00:00,236.46,238.16,231.96,233
2025-09-15 16:00:00,233,234.67,230.15,233
2025-09-15 20:00:00,232.99,235.37,232.78,234.31
2025-09-16 00:00:00,234.32,235.8,232.87,235.08
2025-09-16 04:00:00,235.09,237.03,232.97,235.77
2025-09-16 08:00:00,235.77,236.93,234.77,235.37
2025-09-16 12:00:00,235.36,238.09,231.26,237.79
2025-09-16 16:00:00,237.79,240.95,236.24,237.82
2025-09-16 20:00:00,237.82,239.03,236.44,236.96
2025-09-17 00:00:00,236.96,237.85,233.84,234.07
2025-09-17 04:00:00,234.07,238.09,233.2,237.69
2025-09-17 08:00:00,237.69,237.73,233.66,234.17
2025-09-17 12:00:00,234.18,235.99,233.56,233.9
2025-09-17 16:00:00,233.9,239.1,232.23,238.74
2025-09-17 20:00:00,238.74,246.62,236.01,244.84
2025-09-18 00:00:00,244.84,247.99,244.16,246.72
2025-09-18 04:00:00,246.71,246.97,242.58,244.75
2025-09-18 08:00:00,244.75,247.17,244.34,245.97
2025-09-18 12:00:00,245.96,248.99,245.01,248.24
2025-09-18 16:00:00,248.25,253.51,247.33,248.36
2025-09-18 20:00:00,248.36,249.22,245.88,247.5
2025-09-19 00:00:00,247.5,248.57,244.66,245
2025-09-19 04:00:00,245,245.73,242.83,243.82
2025-09-19 08:00:00,243.81,244.83,240,240.91
2025-09-19 12:00:00,240.92,242.71,235.81,237.54
2025-09-19 16:00:00,237.54,238.87,235.12,235.98
2025-09-19 20:00:00,235.98,238.85,235.98,238.53
2025-09-20 00:00:00,238.53,239.96,237.36,238.09
2025-09-20 04:00:00,238.09,239.78,237.73,239.78
2025-09-20 08:00:00,239.77,239.78,236.91,238.14
2025-09-20 12:00:00,238.14,241.22,237.05,240.1
2025-09-20 16:00:00,240.11,241.1,237.97,238.64
2025-09-20 20:00:00,238.64,240.31,238.44,239.48
2025-09-21 00:00:00,239.48,241.79,238.96,241.78
2025-09-21 04:00:00,241.78,241.82,239.45,239.87
2025-09-21 08:00:00,239.87,240.09,237.1,238.64
2025-09-21 12:00:00,238.64,240.28,237.7,237.91
2025-09-21 16:00:00,237.91,238.41,236.08,237.99
2025-09-21 20:00:00,237.99,238.11,235.32,236.16
2025-09-22 00:00:00,236.16,236.96,230.5,232.81
2025-09-22 04:00:00,232.81,233.16,214.5,221.88
2025-09-22 08:00:00,221.88,222.78,219.32,221.49
2025-09-22 12:00:00,221.49,224.03,219.91,220.73
2025-09-22 16:00:00,220.73,221.53,216.56,217.1
2025-09-22 20:00:00,217.1,221.1,216.45,220.38
2025-09-23 00:00:00,220.39,221.41,212.34,216.94
2025-09-23 04:00:00,216.94,220.26,214.02,219
2025-09-23 08:00:00,219,220.86,217.87,219.34
2025-09-23 12:00:00,219.33,220.65,216.97,219.28
2025-09-23 16:00:00,219.27,221.71,214.35,214.52
2025-09-23 20:00:00,214.51,216.68,212.96,213.3
2025-09-24 00:00:00,213.29,216.45,207.41,208.51
2025-09-24 04:00:00,208.5,211.43,204.81,210.63
2025-09-24 08:00:00,210.63,212.6,209.83,212.35
2025-09-24 12:00:00,212.36,216.24,211.41,213.61
2025-09-24 16:00:00,213.6,215.51,212.41,213.18
2025-09-24 20:00:00,213.18,213.24,210.72,211.6
2025-09-25 00:00:00,211.61,212.44,206.02,207.3
2025-09-25 04:00:00,207.3,207.63,202.76,204.19
2025-09-25 08:00:00,204.19,205.91,200.69,201.35
2025-09-25 12:00:00,201.34,204.06,197.03,201.15
2025-09-25 16:00:00,201.14,201.95,193.6,198.09
2025-09-25 20:00:00,198.09,198.7,191.32,192.74
2025-09-26 00:00:00,192.73,197.55,192.53,196.47
2025-09-26 04:00:00,196.47,197.42,193.75,196.31
2025-09-26 08:00:00,196.31,196.98,190.8,193.47
2025-09-26 12:00:00,193.46,198.31,192.15,196.02
2025-09-26 16:00:00,196.02,202.66,195.81,200.68
2025-09-26 20:00:00,200.68,205.52,199.56,205.17
2025-09-27 00:00:00,205.16,205.43,203.57,203.88
2025-09-27 04:00:00,203.88,204.12,201.52,202.05
2025-09-27 08:00:00,202.05,202.21,199.88,201.71
2025-09-27 12:00:00,201.71,203.77,200.97,203.52
2025-09-27 16:00:00,203.52,203.61,200.85,202.19
2025-09-27 20:00:00,202.19,204.89,201.89,203.46
2025-09-28 00:00:00,203.47,204.07,200.74,201.4
2025-09-28 04:00:00,201.4,202.45,200.38,202.1
2025-09-28 08:00:00,202.1,202.7,199.23,199.86
2025-09-28 12:00:00,199.86,203.55,198,203.42
2025-09-28 16:00:00,203.43,206.67,203.26,206.18
2025-09-28 20:00:00,206.18,211,206.02,210.83
2025-09-29 00:00:00,210.83,210.89,208.74,210.28
2025-09-29 04:00:00,210.27,210.64,207.37,208.95
2025-09-29 08:00:00,208.94,209.69,206.02,207.07
2025-09-29 12:00:00,207.07,213.5,204.58,210.07
2025-09-29 16:00:00,210.07,213.5,207.67,212.93
2025-09-29 20:00:00,212.93,214.74,212.43,212.75
2025-09-30 00:00:00,212.74,213.67,209.83,210.71
2025-09-30 04:00:00,210.71,211.72,208.55,209
2025-09-30 08:00:00,208.99,209,205.53,207.08
2025-09-30 12:00:00,207.07,209.64,204.65,206
2025-09-30 16:00:00,205.99,209.21,204.29,208.92
2025-09-30 20:00:00,208.92,210.98,207.42,208.68
2025-10-01 00:00:00,208.68,210.9,206.43,206.69
2025-10-01 04:00:00,206.68,210.34,206.31,210.18
2025-10-01 08:00:00,210.18,217.95,209.86,217.75
2025-10-01 12:00:00,217.75,220.66,217.16,220.25
2025-10-01 16:00:00,220.24,221,217.34,220.05
2025-10-01 20:00:00,220.05,222.77,218.41,222.04
2025-10-02 00:00:00,222.04,225.06,219.52,223.8
2025-10-02 04:00:00,223.81,226.74,222.43,222.9
2025-10-02 08:00:00,222.91,226.7,222.69,225.27
2025-10-02 12:00:00,225.28,227.44,222.61,227.18
2025-10-02 16:00:00,227.19,233.79,226.24,232.3
2025-10-02 20:00:00,232.29,234.99,230.81,234.74
2025-10-03 00:00:00,234.74,234.84,230.56,232.26
2025-10-03 04:00:00,232.26,233.23,227.68,229.41
2025-10-03 08:00:00,229.42,231.79,227.76,230.78
2025-10-03 12:00:00,230.79,234.98,227.13,234.79
2025-10-03 16:00:00,234.79,237,228.33,233.17
2025-10-03 20:00:00,233.18,233.99,230.72,232.84
2025-10-04 00:00:00,232.84,234.05,227.93,229.25
2025-10-04 04:00:00,229.24,230.53,228.73,229.11
2025-10-04 08:00:00,229.1,229.92,228.21,229.19
2025-10-04 12:00:00,229.19,229.84,224.31,224.88
2025-10-04 16:00:00,224.87,227.02,224.07,226.91
2025-10-04 20:00:00,226.91,228.29,226.91,227.86
2025-10-05 00:00:00,227.86,232.29,226.45,230.91
2025-10-05 04:00:00,230.91,236.93,230.9,236.59
2025-10-05 08:00:00,236.58,237.22,230.76,232.66
2025-10-05 12:00:00,232.66,232.67,228.42,230.14
2025-10-05 16:00:00,230.13,231.47,226.72,227.07
2025-10-05 20:00:00,227.07,229.26,226.7,228.56
2025-10-06 00:00:00,228.56,233.3,227.55,232.24
2025-10-06 04:00:00,232.23,234.86,230.17,231.36
2025-10-06 08:00:00,231.37,234.15,231.37,233.02
2025-10-06 12:00:00,233.02,236.67,232.63,235.64
2025-10-06 16:00:00,235.64,237.79,234.05,235.35
2025-10-06 20:00:00,235.34,236.15,231.64,232.35
2025-10-07 00:00:00,232.35,233.98,231,233.95
2025-10-07 04:00:00,233.95,235.21,229.41,231.01
2025-10-07 08:00:00,231.01,231.64,228.22,230.44
2025-10-07 12:00:00,230.44,231.59,220.8,223.79
2025-10-07 16:00:00,223.79,225.31,220.71,221.69
2025-10-07 20:00:00,221.7,224.28,219.7,219.97
2025-10-08 00:00:00,219.98,222.78,217.91,218.31
2025-10-08 04:00:00,218.3,220.98,217.3,220.95
2025-10-08 08:00:00,220.95,222.64,220.65,221.2
2025-10-08 12:00:00,221.2,224.18,218.78,221.19
2025-10-08 16:00:00,221.2,229.67,220.71,229.34
2025-10-08 20:00:00,229.34,229.72,227.42,229.02
2025-10-09 00:00:00,229.03,229.69,223.84,226.19
2025-10-09 04:00:00,226.19,228.87,224.14,224.5
2025-10-09 08:00:00,224.49,224.81,219.32,223.14
2025-10-09 12:00:00,223.14,226.32,218.62,219.11
2025-10-09 16:00:00,219.11,220.14,216.53,218.29
2025-10-09 20:00:00,218.29,221.64,217.56,220.93
2025-10-10 00:00:00,220.93,222.87,219.5,221.65
2025-10-10 04:00:00,221.64,222.9,217.92,218.12
2025-10-10 08:00:00,218.13,221.56,217.4,221.14
2025-10-10 12:00:00,221.15,224.46,209.01,210.7
2025-10-10 16:00:00,210.69,213.06,203.43,205.32
2025-10-10 20:00:00,205.31,207.8,168.79,188.43
2025-10-11 00:00:00,188.43,191.05,182.16,184.85
2025-10-11 04:00:00,184.86,186.88,180,182.75
2025-10-11 08:00:00,182.75,189.5,181.76,183.85
2025-10-11 12:00:00,183.85,185.05,180.77,183.71
2025-10-11 16:00:00,183.71,184.64,176.6,177.57
2025-10-11 20:00:00,177.57,178.78,172.58,177.62
2025-10-12 00:00:00,177.63,178.5,173,177.06
2025-10-12 04:00:00,177.06,182.97,176.61,182.55
2025-10-12 08:00:00,182.54,182.8,180.33,180.96
2025-10-12 12:00:00,180.96,191.8,178.2,191.23
2025-10-12 16:00:00,191.23,196.6,191.22,195.85
2025-10-12 20:00:00,195.86,199,193.12,197
2025-10-13 00:00:00,196.99,199.99,194.34,194.81
2025-10-13 04:00:00,194.82,199.5,192.91,196.81
2025-10-13 08:00:00,196.8,198.68,190.02,192.56
2025-10-13 12:00:00,192.56,197.66,191.31,196.42
2025-10-13 16:00:00,196.42,208.75,196.23,207.1
2025-10-13 20:00:00,207.1,209.28,206.81,208.69
2025-10-14 00:00:00,208.69,211.25,204.96,205.71
2025-10-14 04:00:00,205.72,205.95,192,194.47
2025-10-14 08:00:00,194.46,197.58,191.03,195.32
2025-10-14 12:00:00,195.33,202.64,191.5,202.22
2025-10-14 16:00:00,202.23,206.48,197.05,198.54
2025-10-14 20:00:00,198.54,203.42,198.17,202.44
2025-10-15 00:00:00,202.45,205.82,200.89,201.65
2025-10-15 04:00:00,201.65,205.45,200.47,204.66
2025-10-15 08:00:00,204.65,208.91,202.04,202.6
2025-10-15 12:00:00,202.59,204.87,196.18,197.13
2025-10-15 16:00:00,197.14,198.73,194.18,194.81
2025-10-15 20:00:00,194.81,196.62,192.04,193.84
2025-10-16 00:00:00,193.84,196.19,193.17,193.63
2025-10-16 04:00:00,193.64,195.6,191.38,192.93
2025-10-16 08:00:00,192.93,197.16,186.37,196.81
2025-10-16 12:00:00,196.82,198.42,186.56,187.61
2025-10-16 16:00:00,187.61,192.33,183.56,185.04
2025-10-16 20:00:00,185.05,186.11,182.03,184.85
2025-10-17 00:00:00,184.84,187.55,184.27,187.09
2025-10-17 04:00:00,187.09,187.46,177.34,177.75
2025-10-17 08:00:00,177.75,182.7,174.06,181.45
2025-10-17 12:00:00,181.44,182.82,176.25,182.72
2025-10-17 16:00:00,182.71,185.41,181.42,181.98
2025-10-17 20:00:00,181.98,186.04,181.47,181.96
2025-10-18 00:00:00,181.97,185.54,181.75,184.8
2025-10-18 04:00:00,184.8,188.26,183.11,186.27
2025-10-18 08:00:00,186.26,187.18,184.4,186.1
2025-10-18 12:00:00,186.11,187.4,183.96,185.03
2025-10-18 16:00:00,185.04,186.41,183.2,186.34
2025-10-18 20:00:00,186.35,187.84,185.9,187.56
2025-10-19 00:00:00,187.55,187.87,184.88,187.04
2025-10-19 04:00:00,187.03,187.69,185.19,185.9
2025-10-19 08:00:00,185.89,190.05,183.19,188.99
2025-10-19 12:00:00,189,191.7,188.11,190.78
2025-10-19 16:00:00,190.77,192.29,188.33,188.88
2025-10-19 20:00:00,188.88,190.16,186.83,187.86
2025-10-20 00:00:00,187.86,191.75,183.82,191.21
2025-10-20 04:00:00,191.21,194.5,190.6,193.02
2025-10-20 08:00:00,193.02,194.18,191,192.2
2025-10-20 12:00:00,192.21,192.99,190.44,190.5
2025-10-20 16:00:00,190.51,190.51,185.56,188.83
2025-10-20 20:00:00,188.83,191.18,188.26,189.71
2025-10-21 00:00:00,189.71,190.21,185.31,185.57
2025-10-21 04:00:00,185.57,185.63,182.72,185.03
2025-10-21 08:00:00,185.04,186.75,183.77,186.29
2025-10-21 12:00:00,186.28,197.15,183.94,196.22
2025-10-21 16:00:00,196.22,197.71,192.11,193.96
2025-10-21 20:00:00,193.97,194.22,185.11,185.63
2025-10-22 00:00:00,185.62,187.45,184.14,185.24
2025-10-22 04:00:00,185.23,186.31,183.28,185.01
2025-10-22 08:00:00,185.01,185.98,181.92,185.05
2025-10-22 12:00:00,185.05,186.91,181.28,183.98
2025-10-22 16:00:00,183.99,184.96,177.07,180.2
2025-10-22 20:00:00,180.21,180.78,177.04,180.12
2025-10-23 00:00:00,180.13,183.4,179.68,182.86
2025-10-23 04:00:00,182.87,188,182.7,187.48
2025-10-23 08:00:00,187.48,189.49,187.48,187.98
2025-10-23 12:00:00,187.98,192.62,186.6,191.04
2025-10-23 16:00:00,191.04,193.45,190.1,191.15
2025-10-23 20:00:00,191.14,191.51,188.31,191.35
2025-10-24 00:00:00,191.36,193.85,190.85,191.31
2025-10-24 04:00:00,191.31,194.6,190.82,192.15
2025-10-24 08:00:00,192.15,193.45,190.58,192.13
2025-10-24 12:00:00,192.13,197,188.83,189.45
2025-10-24 16:00:00,189.45,193.64,188.83,193.09
2025-10-24 20:00:00,193.1,194.14,192.84,193.59
2025-10-25 00:00:00,193.58,194.49,192.45,193.47
2025-10-25 04:00:00,193.48,194.91,193.44,193.96
2025-10-25 08:00:00,193.97,195.25,191.19,192.71
2025-10-25 12:00:00,192.7,194.22,191.8,191.89
2025-10-25 16:00:00,191.88,194.65,191.42,194.53
2025-10-25 20:00:00,194.53,194.91,193.76,193.84
2025-10-26 00:00:00,193.84,194.36,191.9,192.97
2025-10-26 04:00:00,192.98,194.31,192.73,193.86
2025-10-26 08:00:00,193.85,197.9,193.73,197.75
2025-10-26 12:00:00,197.74,199.96,196.91,199.53
2025-10-26 16:00:00,199.53,199.67,198.18,198.87
2025-10-26 20:00:00,198.87,202.43,196.86,200.03
2025-10-27 00:00:00,200.03,205.08,199.48,204.33
2025-10-27 04:00:00,204.33,205.33,202.26,202.51
2025-10-27 08:00:00,202.5,202.54,198.02,200.18
2025-10-27 12:00:00,200.18,200.58,198.3,200.11
2025-10-27 16:00:00,200.11,203.25,199.82,200.03
2025-10-27 20:00:00,200.03,200.23,197.34,198.7
2025-10-28 00:00:00,198.71,202.05,198.41,201.27
2025-10-28 04:00:00,201.27,203,198.62,202.35
2025-10-28 08:00:00,202.36,203.99,199.14,199.73
2025-10-28 12:00:00,199.73,203.03,196.58,198.85
2025-10-28 16:00:00,198.86,201.28,194.48,195.35
2025-10-28 20:00:00,195.34,195.36,190.22,194.15
2025-10-29 00:00:00,194.16,195.09,192.68,193.89
2025-10-29 04:00:00,193.9,196.07,193.75,195.65
2025-10-29 08:00:00,195.65,199.37,193.78,198.74
2025-10-29 12:00:00,198.74,201.7,196.37,196.78
2025-10-29 16:00:00,196.78,198.77,189.37,192.76
2025-10-29 20:00:00,192.75,197.06,191.92,193.88
2025-10-30 00:00:00,193.89,198.19,192.12,197.1
2025-10-30 04:00:00,197.09,197.18,190.35,195.8
2025-10-30 08:00:00,195.79,196.11,191.01,191.85
2025-10-30 12:00:00,191.85,192.06,184.49,185.02
2025-10-30 16:00:00,185.01,186.35,178.65,179.06
2025-10-30 20:00:00,179.05,184.74,178.79,184.69
2025-10-31 00:00:00,184.69,186.91,183.7,185.15
2025-10-31 04:00:00,185.14,187.03,184.77,185.36
2025-10-31 08:00:00,185.36,189.22,184.58,188.89
2025-10-31 12:00:00,188.89,190.26,186,188.13
2025-10-31 16:00:00,188.12,189.04,184.38,188.42
2025-10-31 20:00:00,188.41,188.78,186.54,187.21
2025-11-01 00:00:00,187.21,187.48,185.5,187.2
2025-11-01 04:00:00,187.2,187.55,185,185.8
2025-11-01 08:00:00,185.79,186.72,185.28,186.22
2025-11-01 12:00:00,186.22,186.65,183.79,186.42
2025-11-01 16:00:00,186.42,187.12,184.87,186.27
2025-11-01 20:00:00,186.28,186.96,184.98,186.35
2025-11-02 00:00:00,186.35,186.37,184.66,185.29
2025-11-02 04:00:00,185.3,188.34,185.02,187.72
2025-11-02 08:00:00,187.72,187.95,184.45,186.15
2025-11-02 12:00:00,186.14,186.5,183.53,183.77
2025-11-02 16:00:00,183.77,184.68,182,184.02
2025-11-02 20:00:00,184.02,188.1,183.58,187.71
2025-11-03 00:00:00,187.71,189.13,176.73,177.57
2025-11-03 04:00:00,177.56,178.75,174.22,176.5
2025-11-03 08:00:00,176.51,176.92,173,175.32
2025-11-03 12:00:00,175.32,176.95,165,166.79
2025-11-03 16:00:00,166.79,171,165.61,166.74
2025-11-03 20:00:00,166.75,167.24,163.15,166.06
2025-11-04 00:00:00,166.06,168.42,164.18,167.66
2025-11-04 04:00:00,167.66,168.13,155.87,157.07
2025-11-04 08:00:00,157.07,162.25,156.41,161.71
2025-11-04 12:00:00,161.71,165.27,159.32,161.5
2025-11-04 16:00:00,161.5,162.36,152.26,154.62
2025-11-04 20:00:00,154.62,155.9,145.85,155.03
2025-11-05 00:00:00,155.04,157.42,147.29,156.93
2025-11-05 04:00:00,156.93,158.62,155.66,156.47
2025-11-05 08:00:00,156.47,157.63,153.67,157.48
2025-11-05 12:00:00,157.48,160.57,156.77,160.5
2025-11-05 16:00:00,160.5,163.93,158.57,162.53
2025-11-05 20:00:00,162.53,163.97,161.12,162.37
2025-11-06 00:00:00,162.37,162.91,159.7,162.45
2025-11-06 04:00:00,162.46,162.75,158.25,158.84
2025-11-06 08:00:00,158.84,159.9,157.66,158.85
2025-11-06 12:00:00,158.85,161.51,155.4,155.92
2025-11-06 16:00:00,155.92,158.67,153.8,156.89
2025-11-06 20:00:00,156.89,157.82,153.45,155.28
2025-11-07 00:00:00,155.27,158.62,154.22,156.85
2025-11-07 04:00:00,156.86,158.28,155.24,157.79
2025-11-07 08:00:00,157.79,158.21,151.67,153.85
2025-11-07 12:00:00,153.86,156.27,149.82,155.42
2025-11-07 16:00:00,155.42,164.48,154.4,164.17
2025-11-07 20:00:00,164.17,164.41,161.61,161.79
2025-11-08 00:00:00,161.8,164.89,160.59,162.52
2025-11-08 04:00:00,162.52,163.66,159.58,161.06
2025-11-08 08:00:00,161.05,162.34,159.01,159.39
2025-11-08 12:00:00,159.39,159.7,155.9,156.65
2025-11-08 16:00:00,156.65,158.18,155.8,157.36
2025-11-08 20:00:00,157.36,158.44,157.22,158.02
2025-11-09 00:00:00,158.01,158.32,155.11,155.88
2025-11-09 04:00:00,155.89,159.58,155.85,159.3
2025-11-09 08:00:00,159.29,159.94,157.28,159.06
2025-11-09 12:00:00,159.06,163.98,158.59,162.53
2025-11-09 16:00:00,162.53,166.31,161.23,166.15
2025-11-09 20:00:00,166.16,166.57,163.93,164.53
2025-11-10 00:00:00,164.53,168.76,163.42,168.12
2025-11-10 04:00:00,168.13,168.92,166.38,167.38
2025-11-10 08:00:00,167.38,169.81,166.11,168.33
2025-11-10 12:00:00,168.32,170.48,165.2,166.26
2025-11-10 16:00:00,166.26,168.49,165.25,167.19
2025-11-10 20:00:00,167.19,168.41,164.81,167.31
2025-11-11 00:00:00,167.31,171.94,166,169.97
2025-11-11 04:00:00,169.97,170.11,163.57,163.98
2025-11-11 08:00:00,163.98,164.97,162.7,163.69
2025-11-11 12:00:00,163.69,164.37,160,160.89
2025-11-11 16:00:00,160.88,161.22,157.42,157.58
2025-11-11 20:00:00,157.59,157.87,153.93,154.63
2025-11-12 00:00:00,154.63,155.58,153.59,154.57
2025-11-12 04:00:00,154.58,156.57,154.2,155.02
2025-11-12 08:00:00,155.03,161.14,155,160.03
2025-11-12 12:00:00,160.03,161.06,155.23,155.73
2025-11-12 16:00:00,155.73,156.21,151.2,153.05
2025-11-12 20:00:00,153.04,154.68,152.54,153.42
2025-11-13 00:00:00,153.43,155.78,150.42,154.33
2025-11-13 04:00:00,154.33,157.2,153.4,155.31
2025-11-13 08:00:00,155.3,156.5,153.86,156.3
2025-11-13 12:00:00,156.3,156.96,152.26,153.13
2025-11-13 16:00:00,153.12,153.41,142.04,142.73
2025-11-13 20:00:00,142.73,146.25,141.04,144.73
2025-11-14 00:00:00,144.74,145.68,142.8,144.28
2025-11-14 04:00:00,144.27,144.48,138.71,142.85
2025-11-14 08:00:00,142.85,143.19,139.84,140.77
2025-11-14 12:00:00,140.76,143.76,135.76,142.23
2025-11-14 16:00:00,142.23,144.22,140.57,143.14
2025-11-14 20:00:00,143.14,143.24,137.2,138.92
2025-11-15 00:00:00,138.93,143.35,138.75,142.53
2025-11-15 04:00:00,142.54,143.59,141.81,142.76
2025-11-15 08:00:00,142.75,142.84,139.97,140.22
2025-11-15 12:00:00,140.21,142.26,139.98,141.72
2025-11-15 16:00:00,141.72,144.69,140.81,141.77
2025-11-15 20:00:00,141.78,141.96,138.61,139.61
2025-11-16 00:00:00,139.6,141.52,137.39,141.43
2025-11-16 04:00:00,141.43,142.46,140.73,142.31
2025-11-16 08:00:00,142.31,143.38,139.5,139.92
2025-11-16 12:00:00,139.91,140.85,137.15,137.48
2025-11-16 16:00:00,137.47,138.51,134.42,136.83
2025-11-16 20:00:00,136.83,138.17,134.91,137.17
2025-11-17 00:00:00,137.17,140.79,136.09,140.28
2025-11-17 04:00:00,140.28,141.85,139.66,141.33
2025-11-17 08:00:00,141.33,142.8,140.94,141.9
2025-11-17 12:00:00,141.9,143.28,136.8,137.16
2025-11-17 16:00:00,137.16,137.21,129.37,129.65
2025-11-17 20:00:00,129.64,131.97,128.82,130.99
2025-11-18 00:00:00,131,135.23,129,134.51
2025-11-18 04:00:00,134.52,137.81,132.52,136.92
2025-11-18 08:00:00,136.93,139.12,136.47,137.88
2025-11-18 12:00:00,137.88,142.17,136.84,139.7
2025-11-18 16:00:00,139.7,142.12,138.77,141.44
2025-11-18 20:00:00,141.45,142.12,139.66,140.69
2025-11-19 00:00:00,140.68,142.84,139.29,139.81
2025-11-19 04:00:00,139.8,141.14,137.12,140.58
2025-11-19 08:00:00,140.57,141.03,138.35,138.56
2025-11-19 12:00:00,138.57,139.23,134.42,134.62
2025-11-19 16:00:00,134.61,135.45,130.53,131.74
2025-11-19 20:00:00,131.74,137.06,131.36,137.06
2025-11-20 00:00:00,137.06,144.46,136.38,143.18
2025-11-20 04:00:00,143.18,144.8,142.19,143.8
2025-11-20 08:00:00,143.8,143.96,141.07,142.12
2025-11-20 12:00:00,142.12,143.39,138.35,138.57
2025-11-20 16:00:00,138.56,138.74,131.11,133.92
2025-11-20 20:00:00,133.91,136.68,132.66,133.67
2025-11-21 00:00:00,133.67,135.06,131.03,132.62
2025-11-21 04:00:00,132.62,133.1,124.44,127.55
2025-11-21 08:00:00,127.55,129.45,123.79,124.32
2025-11-21 12:00:00,124.32,129.61,121.66,125.41
2025-11-21 16:00:00,125.4,130.62,123.58,128.12
2025-11-21 20:00:00,128.12,129.36,125.11,128.68
2025-11-22 00:00:00,128.69,129.94,126.82,127.13
2025-11-22 04:00:00,127.13,128.39,125.35,127.74
2025-11-22 08:00:00,127.74,127.74,125.32,126.68
2025-11-22 12:00:00,126.68,127.79,125.08,127.13
2025-11-22 16:00:00,127.13,128.6,126.79,127.2
2025-11-22 20:00:00,127.2,128.92,126.1,127.59
2025-11-23 00:00:00,127.6,130.8,127.56,129.96
2025-11-23 04:00:00,129.95,131.9,128.11,128.86
2025-11-23 08:00:00,128.86,130.99,128.83,129.75
2025-11-23 12:00:00,129.76,133.13,129.65,132.87
2025-11-23 16:00:00,132.88,133.47,130.84,132.38
2025-11-23 20:00:00,132.39,133.54,130.52,130.58
2025-11-24 00:00:00,130.58,134.41,129.31,133.43
2025-11-24 04:00:00,133.42,133.93,130.19,130.34
2025-11-24 08:00:00,130.33,130.76,128.44,129.62
2025-11-24 12:00:00,129.61,132.6,128.54,131.94
2025-11-24 16:00:00,131.93,138,131.82,137.24
2025-11-24 20:00:00,137.24,139.87,137.24,138.44
2025-11-25 00:00:00,138.43,138.99,137.25,137.8
2025-11-25 04:00:00,137.8,138.97,136.3,136.33
2025-11-25 08:00:00,136.33,136.84,134.73,136.29
2025-11-25 12:00:00,136.29,136.98,133.13,134.86
2025-11-25 16:00:00,134.86,138.02,134.24,136.72
2025-11-25 20:00:00,136.73,140.5,135.98,138.96
2025-11-26 00:00:00,138.96,140.68,137.92,138.15
2025-11-26 04:00:00,138.15,139.95,137.72,139.89
2025-11-26 08:00:00,139.88,139.93,136.21,136.87
2025-11-26 12:00:00,136.86,138.29,135.5,136.66
2025-11-26 16:00:00,136.67,144.75,136.46,143.99
2025-11-26 20:00:00,143.99,144.23,142.51,143.02
2025-11-27 00:00:00,143.01,144.14,142.07,142.52
2025-11-27 04:00:00,142.52,144.29,142.33,143.77
2025-11-27 08:00:00,143.77,143.9,141.51,142.08
2025-11-27 12:00:00,142.08,142.54,140.67,142.15
2025-11-27 16:00:00,142.15,143.15,141.43,142.73
2025-11-27 20:00:00,142.73,142.91,140.47,140.85
2025-11-28 00:00:00,140.85,141.45,138.59,139.68
2025-11-28 04:00:00,139.68,140.6,138.97,138.97
2025-11-28 08:00:00,138.98,142.64,138.95,140.99
2025-11-28 12:00:00,140.99,143.6,140.43,141.61
2025-11-28 16:00:00,141.62,141.65,136.01,137.53
2025-11-28 20:00:00,137.54,138.3,136.59,137.33
2025-11-29 00:00:00,137.33,137.89,136.7,136.83
2025-11-29 04:00:00,136.84,137.72,136.22,137.28
2025-11-29 08:00:00,137.28,137.48,136.39,137.33
2025-11-29 12:00:00,137.33,137.66,136.5,137.58
2025-11-29 16:00:00,137.58,138.1,134.76,135.68
2025-11-29 20:00:00,135.67,136.52,135.33,135.91
2025-11-30 00:00:00,135.92,136.8,135.25,136.4
2025-11-30 04:00:00,136.41,136.95,135.52,136.53
2025-11-30 08:00:00,136.52,137.1,136.12,136.42
2025-11-30 12:00:00,136.43,140.19,136.2,138.33
2025-11-30 16:00:00,138.34,139.82,137.37,137.63
2025-11-30 20:00:00,137.62,137.93,133.26,133.48
2025-12-01 00:00:00,133.48,133.74,126.53,126.97
2025-12-01 04:00:00,126.97,127.47,125.81,127.42
2025-12-01 08:00:00,127.41,128.09,126.86,127.12
2025-12-01 12:00:00,127.12,127.72,123.11,125.11
2025-12-01 16:00:00,125.11,125.34,123.27,123.86
2025-12-01 20:00:00,123.86,127.43,123.83,126.66
2025-12-02 00:00:00,126.66,128.54,126.02,127.23
2025-12-02 04:00:00,127.23,127.85,126.44,127.26
2025-12-02 08:00:00,127.26,128.84,126.01,128.31
2025-12-02 12:00:00,128.32,139.87,128.2,137.84
2025-12-02 16:00:00,137.83,140.88,137.38,140.25
2025-12-02 20:00:00,140.26,140.38,138.2,138.68
2025-12-03 00:00:00,138.67,140.65,137.76,140.33
2025-12-03 04:00:00,140.33,144.26,140.18,141.88
2025-12-03 08:00:00,141.89,142.67,140.75,141.72
2025-12-03 12:00:00,141.72,143.59,138.78,141
2025-12-03 16:00:00,141,142.39,139.87,141.28
2025-12-03 20:00:00,141.27,146.08,140.74,144.67
2025-12-04 00:00:00,144.67,146.91,143.64,144.67
2025-12-04 04:00:00,144.68,144.9,142.64,143.47
2025-12-04 08:00:00,143.47,144.2,142.7,143.06
2025-12-04 12:00:00,143.05,144.26,141.44,143.21
2025-12-04 16:00:00,143.2,143.85,137.8,139.67
2025-12-04 20:00:00,139.66,140.5,138.5,139.01
2025-12-05 00:00:00,139.01,140.2,138.3,138.56
2025-12-05 04:00:00,138.55,140.75,137.77,139.68
2025-12-05 08:00:00,139.67,139.67,136.13,137.02
2025-12-05 12:00:00,137.01,137.2,134.41,135.05
2025-12-05 16:00:00,135.04,135.2,130.73,132.5
2025-12-05 20:00:00,132.49,133.43,131.96,133.29
2025-12-06 00:00:00,133.29,134.13,132.8,133.74
2025-12-06 04:00:00,133.73,133.75,132.56,132.72
2025-12-06 08:00:00,132.73,133.29,131.88,133.22
2025-12-06 12:00:00,133.23,133.99,132.21,132.87
2025-12-06 16:00:00,132.88,133.54,131.78,132.06
2025-12-06 20:00:00,132.07,132.93,131.28,132.19
2025-12-07 00:00:00,132.2,133.59,131.93,133.5
2025-12-07 04:00:00,133.5,133.54,131.91,132.08
2025-12-07 08:00:00,132.09,132.59,131.53,132.44
2025-12-07 12:00:00,132.43,133.07,127.7,132.03
2025-12-07 16:00:00,132.03,136.29,130.49,135.72
2025-12-07 20:00:00,135.73,136.35,129.8,132.24
2025-12-08 00:00:00,132.25,134.71,131.52,134.32
2025-12-08 04:00:00,134.32,136,134.07,135.85
2025-12-08 08:00:00,135.85,139.36,135.65,138.37
2025-12-08 12:00:00,138.37,139.32,135.24,135.55
2025-12-08 16:00:00,135.54,136.54,133.02,133.67
2025-12-08 20:00:00,133.66,134.94,132.45,133.25
2025-12-09 00:00:00,133.24,134.42,132.47,134.18
2025-12-09 04:00:00,134.18,134.26,131.77,133.2
2025-12-09 08:00:00,133.21,133.42,132.01,132.95
2025-12-09 12:00:00,132.95,138.5,131.62,138.45
2025-12-09 16:00:00,138.46,144.93,138.45,142.1
2025-12-09 20:00:00,142.11,142.34,136.71,137.88
2025-12-10 00:00:00,137.87,138.61,137.19,138.15
2025-12-10 04:00:00,138.15,140.22,138.05,139.2
2025-12-10 08:00:00,139.2,139.88,136.33,137.24
2025-12-10 12:00:00,137.23,138.16,135.71,136.17
2025-12-10 16:00:00,136.16,139.64,135.73,138.67
2025-12-10 20:00:00,138.67,142.57,135.39,136.26
2025-12-11 00:00:00,136.26,136.43,129,129.39
2025-12-11 04:00:00,129.39,131.52,129.04,131.03
2025-12-11 08:00:00,131.03,131.41,130.15,130.93
2025-12-11 12:00:00,130.93,132.82,129.84,131.18
2025-12-11 16:00:00,131.17,135.58,130.12,133.91
2025-12-11 20:00:00,133.9,137.79,133.82,136.41
2025-12-12 00:00:00,136.41,137.95,135.35,137.08
2025-12-12 04:00:00,137.08,140.12,136.52,139.09
2025-12-12 08:00:00,139.09,139.15,137.19,138.71
2025-12-12 12:00:00,138.72,139.86,132.85,133.49
2025-12-12 16:00:00,133.48,133.95,130.35,131.27
2025-12-12 20:00:00,131.27,133.07,131,132.27
2025-12-13 00:00:00,132.28,133,132.28,132.88
2025-12-13 04:00:00,132.88,133.02,132.33,132.93
2025-12-13 08:00:00,132.94,134.28,132.93,133.32
2025-12-13 12:00:00,133.31,133.68,132.61,133.31
2025-12-13 16:00:00,133.3,133.82,132.11,132.72
2025-12-13 20:00:00,132.73,133.27,131.6,133.14
2025-12-14 00:00:00,133.13,133.66,132.71,132.95
2025-12-14 04:00:00,132.95,133.39,132.08,133.29
2025-12-14 08:00:00,133.28,133.5,130.14,131.47
2025-12-14 12:00:00,131.46,131.9,130.33,130.67
2025-12-14 16:00:00,130.67,131.6,129.4,130.31
2025-12-14 20:00:00,130.3,130.8,127.98,129.4
2025-12-15 00:00:00,129.39,133.25,129.29,131.16
2025-12-15 04:00:00,131.17,132.71,130.88,132.34
2025-12-15 08:00:00,132.34,133.03,132.06,132.26
2025-12-15 12:00:00,132.25,135.43,126.45,126.89
2025-12-15 16:00:00,126.89,127.3,123.63,125.02
2025-12-15 20:00:00,125.01,127.87,123.88,127.81
2025-12-16 00:00:00,127.81,128.03,124.94,126.51
2025-12-16 04:00:00,126.5,127.48,124.87,125.57
2025-12-16 08:00:00,125.57,129.04,125.43,128.63
2025-12-16 12:00:00,128.62,130.14,126.11,129.75
2025-12-16 16:00:00,129.75,129.85,126.77,127.73
2025-12-16 20:00:00,127.72,129.52,127.43,129.15
2025-12-17 00:00:00,129.15,129.82,128.21,128.24
2025-12-17 04:00:00,128.25,128.57,127.02,128.27
2025-12-17 08:00:00,128.26,128.26,125.96,127.62
2025-12-17 12:00:00,127.62,133.99,126.58,126.77
2025-12-17 16:00:00,126.76,127.98,121.36,122.39
2025-12-17 20:00:00,122.39,123.76,121.95,123.27
2025-12-18 00:00:00,123.28,124.16,122.98,123.65
2025-12-18 04:00:00,123.64,124.13,122.21,122.83
2025-12-18 08:00:00,122.83,124.15,122.46,124.07
2025-12-18 12:00:00,124.07,129.05,123.65,127.4
2025-12-18 16:00:00,127.41,127.5,117.44,117.56
2025-12-18 20:00:00,117.55,120.2,116.88,119.6
2025-12-19 00:00:00,119.6,122.54,117.61,121.59
2025-12-19 04:00:00,121.58,125.34,121.35,124.44
2025-12-19 08:00:00,124.43,125.74,123.86,125.36
2025-12-19 12:00:00,125.36,127.66,124.68,125.09
2025-12-19 16:00:00,125.09,126.97,123.59,126.25
2025-12-19 20:00:00,126.25,127.87,126.08,126.27
2025-12-20 00:00:00,126.27,126.49,125.3,126.21
2025-12-20 04:00:00,126.21,126.69,125.87,126.17
2025-12-20 08:00:00,126.18,126.89,125.87,126.47
2025-12-20 12:00:00,126.47,126.67,125.45,126.58
2025-12-20 16:00:00,126.59,126.71,125.75,126.05
2025-12-20 20:00:00,126.05,126.55,125.63,125.81
2025-12-21 00:00:00,125.8,126.11,124.68,125.22
2025-12-21 04:00:00,125.22,125.54,125.07,125.3
2025-12-21 08:00:00,125.29,126.62,124.8,125.48
2025-12-21 12:00:00,125.47,126.06,123.4,125.05
2025-12-21 16:00:00,125.05,126.35,124.37,125.67
2025-12-21 20:00:00,125.67,126.3,124.7,126.03
2025-12-22 00:00:00,126.03,128.56,124.5,126.02
2025-12-22 04:00:00,126.02,126.73,125.56,126.31
2025-12-22 08:00:00,126.3,127.46,125.49,127.01
2025-12-22 12:00:00,127,128.78,126.32,128.07
2025-12-22 16:00:00,128.07,128.37,124.64,124.66
2025-12-22 20:00:00,124.66,126.03,124.2,125.93
2025-12-23 00:00:00,125.93,126.93,124.9,125.63
2025-12-23 04:00:00,125.62,126.08,123.77,124.19
2025-12-23 08:00:00,124.19,125.23,123.93,124.86
2025-12-23 12:00:00,124.85,124.93,122.16,123.37
2025-12-23 16:00:00,123.36,124.94,122.78,123.99
2025-12-23 20:00:00,123.99,125.65,123.46,124.01
2025-12-24 00:00:00,124.02,124.3,121.76,122.72
2025-12-24 04:00:00,122.71,123.06,120.63,121.31
2025-12-24 08:00:00,121.32,122.23,121.11,122.04
2025-12-24 12:00:00,122.04,122.94,120.7,122.73
2025-12-24 16:00:00,122.73,123.46,121.77,122.86
2025-12-24 20:00:00,122.86,123.4,122.47,122.53
2025-12-25 00:00:00,122.52,123.15,122.09,122.7
2025-12-25 04:00:00,122.7,122.86,122.1,122.27
2025-12-25 08:00:00,122.27,122.65,121.31,121.65
2025-12-25 12:00:00,121.65,124.1,121.58,123.68
2025-12-25 16:00:00,123.68,124.46,122.8,123.47
2025-12-25 20:00:00,123.47,123.52,119.71,120.06
2025-12-26 00:00:00,120.05,124.39,119.24,122.67
2025-12-26 04:00:00,122.67,123.99,121.8,122.72
2025-12-26 08:00:00,122.71,124.13,122.29,123.84
2025-12-26 12:00:00,123.83,125.14,120.45,121.55
2025-12-26 16:00:00,121.55,122.4,121.17,122.15
2025-12-26 20:00:00,122.16,122.67,121.82,122.26
2025-12-27 00:00:00,122.27,123.8,121.86,123.67
2025-12-27 04:00:00,123.67,123.74,122.77,123.16
2025-12-27 08:00:00,123.15,123.34,122.51,122.99
2025-12-27 12:00:00,122.98,123.66,122.74,123.31
2025-12-27 16:00:00,123.32,123.45,122.76,123.28
2025-12-27 20:00:00,123.27,125.08,123.27,124.73
2025-12-28 00:00:00,124.74,124.9,123.9,124.13
2025-12-28 04:00:00,124.12,124.34,123.61,124.23
2025-12-28 08:00:00,124.23,124.84,124,124.65
2025-12-28 12:00:00,124.65,125.03,124.3,124.44
2025-12-28 16:00:00,124.44,124.77,123.08,123.3
2025-12-28 20:00:00,123.3,125.64,123.1,125.27
2025-12-29 00:00:00,125.27,130.16,125.01,128.58
2025-12-29 04:00:00,128.58,129.15,127.2,127.88
2025-12-29 08:00:00,127.88,128.47,125.01,125.08
2025-12-29 12:00:00,125.08,125.41,122.36,123.44
2025-12-29 16:00:00,123.43,123.98,122.63,123.06
2025-12-29 20:00:00,123.07,123.62,122.86,123.28
2025-12-30 00:00:00,123.28,123.93,122.58,123.8
2025-12-30 04:00:00,123.79,124.35,123.2,124.02
2025-12-30 08:00:00,124.02,125.15,124,124.3
2025-12-30 12:00:00,124.29,125.35,123.54,125.16
2025-12-30 16:00:00,125.16,126.52,123.78,124.71
2025-12-30 20:00:00,124.71,125.14,123.5,125.01
2025-12-31 00:00:00,125.02,126.09,124.41,125.82
2025-12-31 04:00:00,125.81,126.1,125.38,125.99
2025-12-31 08:00:00,125.99,126.85,125.44,126.73
2025-12-31 12:00:00,126.73,127.44,125.01,125.59
2025-12-31 16:00:00,125.58,125.74,124.31,124.39
2025-12-31 20:00:00,124.38,132.75,122.99,124.65
2026-01-01 00:00:00,124.64,125.8,124.6,125.21
2026-01-01 04:00:00,125.22,125.32,124.22,124.24
2026-01-01 08:00:00,124.24,125.29,124.15,125.22
2026-01-01 12:00:00,125.23,125.28,124.39,124.96
2026-01-01 16:00:00,124.96,125.79,124.28,125.76
2026-01-01 20:00:00,125.76,127.25,125.31,126.9
2026-01-02 00:00:00,126.91,127.99,125.84,127.53
2026-01-02 04:00:00,127.53,127.72,126.75,127.13
2026-01-02 08:00:00,127.14,129.99,127.13,128.22
2026-01-02 12:00:00,128.21,129.65,126.82,128.98
2026-01-02 16:00:00,128.98,132.3,128.68,131.63
2026-01-02 20:00:00,131.63,133.25,130.83,132.29
2026-01-03 00:00:00,132.28,133.17,132.06,132.83
2026-01-03 04:00:00,132.83,132.93,129.6,130.1
2026-01-03 08:00:00,130.09,131.44,129.8,130.71
2026-01-03 12:00:00,130.71,132.18,130.5,131.47
2026-01-03 16:00:00,131.48,132.12,131.47,131.78
2026-01-03 20:00:00,131.78,133.99,131.35,133.37
2026-01-04 00:00:00,133.37,134.97,133.31,134.62
2026-01-04 04:00:00,134.62,135,133.66,133.8
2026-01-04 08:00:00,133.8,134.88,133.2,134.39
2026-01-04 12:00:00,134.39,135.35,133.75,134.91
2026-01-04 16:00:00,134.91,135.54,133.12,133.56
2026-01-04 20:00:00,133.55,134.86,133.4,134.12
2026-01-05 00:00:00,134.12,137.75,134.01,136.64
2026-01-05 04:00:00,136.64,136.79,134.63,135.45
2026-01-05 08:00:00,135.45,136.06,134.75,135.77
2026-01-05 12:00:00,135.77,136.47,133.18,136.13
2026-01-05 16:00:00,136.13,138.82,134.31,138.23
2026-01-05 20:00:00,138.23,139.87,137.72,137.9
2026-01-06 00:00:00,137.91,138.63,136.89,138.38
2026-01-06 04:00:00,138.38,140.08,137.35,137.61
2026-01-06 08:00:00,137.6,139.7,137.4,139.5
2026-01-06 12:00:00,139.5,143.48,138.72,141.6
2026-01-06 16:00:00,141.59,141.95,136.19,137.53
2026-01-06 20:00:00,137.53,141.99,137.51,141.08
2026-01-07 00:00:00,141.08,141.4,138.52,139.58
2026-01-07 04:00:00,139.59,139.72,138.15,139.39
2026-01-07 08:00:00,139.39,139.8,136.56,137.93
2026-01-07 12:00:00,137.93,138.51,135.25,135.7
2026-01-07 16:00:00,135.7,136.68,134.41,135.76
2026-01-07 20:00:00,135.76,137.05,135,136.39
2026-01-08 00:00:00,136.39,138.32,136,136.75
2026-01-08 04:00:00,136.74,138.33,133.79,135.9
2026-01-08 08:00:00,135.9,136.22,133.92,134.79
2026-01-08 12:00:00,134.8,136.55,132.67,136.41
2026-01-08 16:00:00,136.41,139.06,136.25,137.53
2026-01-08 20:00:00,137.53,140.07,136.52,138.37
2026-01-09 00:00:00,138.37,141.17,137.74,140.81
2026-01-09 04:00:00,140.81,141.08,139.46,139.54
2026-01-09 08:00:00,139.55,139.68,137.04,138.28
2026-01-09 12:00:00,138.27,140.89,136.13,138.82
2026-01-09 16:00:00,138.82,140.25,135.44,135.81
2026-01-09 20:00:00,135.8,136.45,134.98,135.97
2026-01-10 00:00:00,135.96,136.69,135.68,136.15
2026-01-10 04:00:00,136.15,136.34,135.75,136.09
2026-01-10 08:00:00,136.09,137.05,136,136.58
2026-01-10 12:00:00,136.58,137.04,136.01,136.42
2026-01-10 16:00:00,136.42,136.71,135.85,136.22
2026-01-10 20:00:00,136.22,136.27,135.37,135.84
2026-01-11 00:00:00,135.85,136.47,135.75,136.26
2026-01-11 04:00:00,136.26,136.43,135.88,136.2
2026-01-11 08:00:00,136.2,136.91,136.1,136.58
2026-01-11 12:00:00,136.58,139.55,136.52,138.43
2026-01-11 16:00:00,138.44,141.6,138.43,139.43
2026-01-11 20:00:00,139.42,139.77,137.49,139.7
2026-01-12 00:00:00,139.69,144.4,138.92,142.54
2026-01-12 04:00:00,142.54,143.35,141.36,141.41
2026-01-12 08:00:00,141.42,142.05,139.04,140.03
2026-01-12 12:00:00,140.02,142.74,138.69,142.58
2026-01-12 16:00:00,142.58,144.33,140.58,140.99
2026-01-12 20:00:00,141,141.86,138.34,139.22
2026-01-13 00:00:00,139.21,139.58,137.82,138.74
2026-01-13 04:00:00,138.75,140.76,138.39,139.97
2026-01-13 08:00:00,139.97,143.12,139.97,141.84
2026-01-13 12:00:00,141.84,143.84,141.21,143.51
2026-01-13 16:00:00,143.51,144.55,142.43,144.24
2026-01-13 20:00:00,144.24,148.74,143,145.51
2026-01-14 00:00:00,145.52,146.6,144.33,146.29
2026-01-14 04:00:00,146.28,146.46,143.92,144.86
2026-01-14 08:00:00,144.85,145.76,143.53,143.77
2026-01-14 12:00:00,143.76,147.56,143.37,147.07
2026-01-14 16:00:00,147.07,148.44,145.32,146.8
2026-01-14 20:00:00,146.8,147.73,145.84,146.69
2026-01-15 00:00:00,146.7,146.73,143.21,143.49
2026-01-15 04:00:00,143.49,145.29,143.28,144.99
2026-01-15 08:00:00,145,146,144.02,144.86
2026-01-15 12:00:00,144.85,145.65,141.78,143.48
2026-01-15 16:00:00,143.48,144.2,140.9,141.53
2026-01-15 20:00:00,141.53,142.66,141.02,142.4
2026-01-16 00:00:00,142.41,142.82,141.68,141.97
2026-01-16 04:00:00,141.97,143.63,141.39,142.95
2026-01-16 08:00:00,142.95,143.55,142.71,143.14
2026-01-16 12:00:00,143.14,143.86,140.26,140.78
2026-01-16 16:00:00,140.77,144.52,140.65,144.18
2026-01-16 20:00:00,144.17,145.55,143.49,144.89
2026-01-17 00:00:00,144.9,144.99,144.2,144.37
2026-01-17 04:00:00,144.36,144.5,143.64,143.64
2026-01-17 08:00:00,143.64,144.65,143.32,144
2026-01-17 12:00:00,144,144.35,143.6,144.33
2026-01-17 16:00:00,144.33,144.55,143.64,144.27
2026-01-17 20:00:00,144.26,144.58,143.51,143.72
2026-01-18 00:00:00,143.73,144,141.95,142.83
2026-01-18 04:00:00,142.82,143.04,142.03,142.11
2026-01-18 08:00:00,142.12,142.65,141.93,142.39
2026-01-18 12:00:00,142.39,142.73,141.5,142
2026-01-18 16:00:00,141.99,143.25,141.75,142.27
2026-01-18 20:00:00,142.28,143.04,137.74,137.87
2026-01-19 00:00:00,137.87,137.87,130,133.94
2026-01-19 04:00:00,133.93,134.09,132.71,133.47
2026-01-19 08:00:00,133.47,134.37,133.28,134.13
2026-01-19 12:00:00,134.12,134.19,133.27,133.55
2026-01-19 16:00:00,133.55,134.71,133.48,134.45
2026-01-19 20:00:00,134.46,135.16,132.74,133.44
2026-01-20 00:00:00,133.44,134.63,133.07,134.24
2026-01-20 04:00:00,134.25,134.27,130.56,130.62
2026-01-20 08:00:00,130.62,130.8,128.36,128.81
2026-01-20 12:00:00,128.81,129.77,127.24,127.86
2026-01-20 16:00:00,127.86,128.59,126.3,127.25
2026-01-20 20:00:00,127.24,128.08,124.68,125.8
2026-01-21 00:00:00,125.81,127.86,125.75,127.61
2026-01-21 04:00:00,127.61,128.75,127.45,127.62
2026-01-21 08:00:00,127.61,128.19,126.8,126.94
2026-01-21 12:00:00,126.94,131.18,126.17,130.43
2026-01-21 16:00:00,130.43,131.68,125.26,131.5
2026-01-21 20:00:00,131.49,132.17,129.16,129.54
2026-01-22 00:00:00,129.53,130.62,129.53,129.86
2026-01-22 04:00:00,129.85,130.5,129.75,129.81
2026-01-22 08:00:00,129.8,130.35,129.35,130.11
2026-01-22 12:00:00,130.11,130.94,126.73,127.41
2026-01-22 16:00:00,127.42,129.37,126.92,129.26
2026-01-22 20:00:00,129.26,129.76,128.02,128.47
2026-01-23 00:00:00,128.47,128.98,128.08,128.76
2026-01-23 04:00:00,128.76,129.29,127.23,127.93
2026-01-23 08:00:00,127.93,128,126.94,127.54
2026-01-23 12:00:00,127.54,128.1,125.28,127.9
2026-01-23 16:00:00,127.9,130.2,127.46,128.08
2026-01-23 20:00:00,128.08,128.26,126.54,127.43
2026-01-24 00:00:00,127.43,128.12,127.29,127.91
2026-01-24 04:00:00,127.91,128.11,126.89,127.11
2026-01-24 08:00:00,127.12,127.4,126.93,127.17
2026-01-24 12:00:00,127.17,127.41,126.8,126.85
2026-01-24 16:00:00,126.85,127.51,126.64,127.3
2026-01-24 20:00:00,127.3,127.76,127.1,127.21
2026-01-25 00:00:00,127.22,127.46,126.35,126.64
2026-01-25 04:00:00,126.64,127,126.35,126.47
2026-01-25 08:00:00,126.47,127.2,125.98,126.77
2026-01-25 12:00:00,126.77,127.12,125.48,125.59
2026-01-25 16:00:00,125.58,125.58,117.15,117.96
2026-01-25 20:00:00,117.96,119.45,117.38,118.85
2026-01-26 00:00:00,118.85,122.77,118.53,121.57
2026-01-26 04:00:00,121.58,123.62,121.57,122.89
2026-01-26 08:00:00,122.9,123.59,121.76,122.5
2026-01-26 12:00:00,122.51,125.2,122.35,123.53
2026-01-26 16:00:00,123.53,125.6,123.03,124.31
2026-01-26 20:00:00,124.31,124.88,123.42,124.24
2026-01-27 00:00:00,124.24,125.17,123.73,124.51
2026-01-27 04:00:00,124.51,125.15,124,124.52
2026-01-27 08:00:00,124.52,124.79,123.57,124.12
2026-01-27 12:00:00,124.12,125.06,123.12,125.01
2026-01-27 16:00:00,125.01,126.79,123.55,125.85
2026-01-27 20:00:00,125.84,127.84,125.73,127.19
2026-01-28 00:00:00,127.18,127.52,126.65,126.96
2026-01-28 04:00:00,126.96,127.54,126.45,127.1
2026-01-28 08:00:00,127.09,128.34,125.97,128.17
2026-01-28 12:00:00,128.16,128.25,125.52,126.07
2026-01-28 16:00:00,126.06,127.04,125.26,126.01
2026-01-28 20:00:00,126,126.68,124.78,125.35
2026-01-29 00:00:00,125.34,125.51,122.7,123.07
2026-01-29 04:00:00,123.07,123.98,122.5,123.78
2026-01-29 08:00:00,123.78,123.93,122.66,122.76
2026-01-29 12:00:00,122.76,123.34,116.12,117.69
2026-01-29 16:00:00,117.69,119.96,115.39,116.84
2026-01-29 20:00:00,116.84,117.91,116.56,117.82
2026-01-30 00:00:00,117.82,118.14,112.14,114.43
2026-01-30 04:00:00,114.44,116.13,113.01,115.78
2026-01-30 08:00:00,115.78,117.28,114.67,117.08
2026-01-30 12:00:00,117.08,117.64,114.58,116.8
2026-01-30 16:00:00,116.8,119.12,114.34,118.3
2026-01-30 20:00:00,118.29,118.43,116.52,117.59
2026-01-31 00:00:00,117.6,118.66,117.39,118.39
2026-01-31 04:00:00,118.39,118.85,117.2,117.37
2026-01-31 08:00:00,117.38,117.53,114.29,116.05
2026-01-31 12:00:00,116.06,116.19,108.23,108.65
2026-01-31 16:00:00,108.65,109.83,96.4,101.78
2026-01-31 20:00:00,101.77,106.55,100.4,105.58
2026-02-01 00:00:00,105.58,106.43,104.23,104.97
2026-02-01 04:00:00,104.97,106.02,103.96,105.2
2026-02-01 08:00:00,105.2,106.06,103.59,105.05
2026-02-01 12:00:00,105.06,106.69,100.21,101.69
2026-02-01 16:00:00,101.7,104.27,100.93,101.94
2026-02-01 20:00:00,101.94,102.88,98.02,100.79
2026-02-02 00:00:00,100.78,103.14,95.95,100.07
2026-02-02 04:00:00,100.08,102.43,97.07,101.43
2026-02-02 08:00:00,101.42,103.45,101.36,102.78
2026-02-02 12:00:00,102.78,106.12,102.39,104.7
2026-02-02 16:00:00,104.69,105.78,103.51,103.89
2026-02-02 20:00:00,103.88,105.2,103.32,104.55
2026-02-03 00:00:00,104.54,104.67,102.18,104.16
2026-02-03 04:00:00,104.17,105.1,102.96,104.7
2026-02-03 08:00:00,104.7,105.04,102.5,103.01
2026-02-03 12:00:00,103.01,103.65,100.41,102.56
2026-02-03 16:00:00,102.56,102.56,96.64,99.02
2026-02-03 20:00:00,99.01,102.07,97.21,97.89
2026-02-04 00:00:00,97.89,99.67,97.17,99.13
2026-02-04 04:00:00,99.12,99.35,96.46,97.9
2026-02-04 08:00:00,97.91,97.96,94.71,96.11
2026-02-04 12:00:00,96.12,96.73,91.31,92.79
2026-02-04 16:00:00,92.8,94.71,90,94.38
2026-02-04 20:00:00,94.38,94.5,89.3,92.12
2026-02-05 00:00:00,92.11,92.89,90.24,91.15
2026-02-05 04:00:00,91.14,92.11,89.68,90.54
2026-02-05 08:00:00,90.55,93.43,88.66,89.98
2026-02-05 12:00:00,89.98,91.43,83.44,84.61
2026-02-05 16:00:00,84.61,86.2,81.21,81.68
2026-02-05 20:00:00,81.68,82.3,77.6,78.35
2026-02-06 00:00:00,78.34,80.3,67.5,76.71
2026-02-06 04:00:00,76.71,81.65,76.22,79.59
2026-02-06 08:00:00,79.6,82.04,78.67,81.36
2026-02-06 12:00:00,81.36,85.19,80.85,84.49
2026-02-06 16:00:00,84.48,88.72,83.66,87.09
2026-02-06 20:00:00,87.09,89.84,86.6,87.46
2026-02-07 00:00:00,87.45,88.39,85.91,88.1
2026-02-07 04:00:00,88.09,89.04,84.16,85.29
2026-02-07 08:00:00,85.29,85.74,84.51,84.91
2026-02-07 12:00:00,84.9,87.2,84.85,86.57
2026-02-07 16:00:00,86.56,89.19,86.17,88.3
2026-02-07 20:00:00,88.3,89.2,86.86,87.59
2026-02-08 00:00:00,87.59,88.22,86.7,86.82
2026-02-08 04:00:00,86.82,87.56,86.63,87.42
2026-02-08 08:00:00,87.41,88.99,86.44,88.25
2026-02-08 12:00:00,88.25,88.89,87.35,87.77
2026-02-08 16:00:00,87.78,88.61,85.77,88.41
2026-02-08 20:00:00,88.41,89.08,86.06,86.99
2026-02-09 00:00:00,86.99,87.98,85.75,87.67
2026-02-09 04:00:00,87.67,87.72,85.19,85.5
2026-02-09 08:00:00,85.5,85.64,82.86,83.47
2026-02-09 12:00:00,83.48,85.8,83.45,85.28
2026-02-09 16:00:00,85.28,88.69,84.81,87.97
2026-02-09 20:00:00,87.96,88.31,86.53,86.77
2026-02-10 00:00:00,86.77,87.49,85.26,85.87
2026-02-10 04:00:00,85.86,86.67,84.3,84.63
2026-02-10 08:00:00,84.64,85.09,83.77,83.85
2026-02-10 12:00:00,83.85,85.24,83.2,84.3
2026-02-10 16:00:00,84.3,85.14,82.44,83.08
2026-02-10 20:00:00,83.08,83.23,81.91,82.99
2026-02-11 00:00:00,82.99,84.39,82.59,83.34
2026-02-11 04:00:00,83.34,83.54,80.28,81
2026-02-11 08:00:00,81,81.47,80.38,81.26
2026-02-11 12:00:00,81.25,83.17,78.56,79.72
2026-02-11 16:00:00,79.72,80.94,78.04,79.72
2026-02-11 20:00:00,79.72,81.11,78.8,79.3
2026-02-12 00:00:00,79.31,80.79,79.26,80.62
2026-02-12 04:00:00,80.63,80.99,79.5,80.77
2026-02-12 08:00:00,80.77,82.25,80.32,81.87
2026-02-12 12:00:00,81.87,82.13,80.1,80.12
2026-02-12 16:00:00,80.13,80.22,77.03,77.62
2026-02-12 20:00:00,77.62,78.52,76.6,78.4
2026-02-13 00:00:00,78.39,79.48,77.53,79.05
2026-02-13 04:00:00,79.05,79.27,77.85,78.99
2026-02-13 08:00:00,78.99,80.62,78.86,80.31
2026-02-13 12:00:00,80.31,84.34,79.73,83.2
2026-02-13 16:00:00,83.2,85.63,82.92,84.66
2026-02-13 20:00:00,84.65,85.19,84.12,84.33
2026-02-14 00:00:00,84.34,85.3,84.21,85.06
2026-02-14 04:00:00,85.07,85.27,84.35,85.19
2026-02-14 08:00:00,85.19,87.33,85.16,87.29
2026-02-14 12:00:00,87.29,87.69,86,87.44
2026-02-14 16:00:00,87.44,88.47,86.99,88.2
2026-02-14 20:00:00,88.21,88.9,87.29,88.06
2026-02-15 00:00:00,88.06,88.78,87.31,88.61
2026-02-15 04:00:00,88.6,90.98,88.35,90.74
2026-02-15 08:00:00,90.74,91.26,89.01,89.17
2026-02-15 12:00:00,89.18,89.63,86.66,87.42
2026-02-15 16:00:00,87.41,87.88,85.2,85.34
2026-02-15 20:00:00,85.35,86.7,84.89,86.16
2026-02-16 00:00:00,86.15,86.63,84.79,85.14
2026-02-16 04:00:00,85.15,85.91,84.47,85.06
2026-02-16 08:00:00,85.07,86.26,84.49,85.52
2026-02-16 12:00:00,85.52,86.93,82.55,83.21
2026-02-16 16:00:00,83.21,85.16,83.1,84.61
2026-02-16 20:00:00,84.62,86.66,84.5,86.45
2026-02-17 00:00:00,86.45,87.69,85.76,86.37
2026-02-17 04:00:00,86.37,86.8,85.45,86.49
2026-02-17 08:00:00,86.48,86.77,84.75,85.1
2026-02-17 12:00:00,85.11,85.58,82.92,83.81
2026-02-17 16:00:00,83.8,85.76,83.13,84.87
2026-02-17 20:00:00,84.86,85.44,84.53,85.08
2026-02-18 00:00:00,85.09,85.49,83.92,85.33
2026-02-18 04:00:00,85.34,85.54,84.68,85.28
2026-02-18 08:00:00,85.28,86.09,82.83,82.86
2026-02-18 12:00:00,82.87,84.01,81.72,83.01
2026-02-18 16:00:00,83,83.09,80.48,80.93
2026-02-18 20:00:00,80.93,81.64,80.85,81.61
2026-02-19 00:00:00,81.61,82.07,81.25,81.77
2026-02-19 04:00:00,81.77,82.67,81.38,82.41
2026-02-19 08:00:00,82.4,82.42,80.91,81.24
2026-02-19 12:00:00,81.24,81.32,79.61,80.64
2026-02-19 16:00:00,80.63,82.2,79.92,81.95
2026-02-19 20:00:00,81.94,82.57,81.68,82.5
2026-02-20 00:00:00,82.5,83.54,82.33,83.04
2026-02-20 04:00:00,83.05,83.93,82.38,83.46
2026-02-20 08:00:00,83.45,84.84,83.3,83.58
2026-02-20 12:00:00,83.58,84.78,81.77,84.38
2026-02-20 16:00:00,84.38,85.49,82.82,84.75
2026-02-20 20:00:00,84.75,85.23,84.12,84.67
2026-02-21 00:00:00,84.68,85.03,84.24,84.35
2026-02-21 04:00:00,84.35,84.78,83.97,84.24
2026-02-21 08:00:00,84.24,85.7,84.19,85.4
2026-02-21 12:00:00,85.4,86.72,85,86.58
2026-02-21 16:00:00,86.59,86.72,85.82,86.22
2026-02-21 20:00:00,86.21,86.21,85.12,85.17
2026-02-22 00:00:00,85.17,85.6,84.73,85.08
2026-02-22 04:00:00,85.08,85.58,84.81,85.24
2026-02-22 08:00:00,85.25,85.47,84.87,85.27
2026-02-22 12:00:00,85.28,85.33,82.98,83.5
2026-02-22 16:00:00,83.49,83.63,82.82,83.3
2026-02-22 20:00:00,83.3,83.71,82.48,82.79
2026-02-23 00:00:00,82.8,82.85,77.28,77.66
2026-02-23 04:00:00,77.66,79.69,77.15,79.4
2026-02-23 08:00:00,79.4,80.69,78.53,80.05
2026-02-23 12:00:00,80.06,81.13,79.2,79.4
2026-02-23 16:00:00,79.39,79.8,77.27,78.29
2026-02-23 20:00:00,78.28,78.92,77.63,77.9
2026-02-24 00:00:00,77.91,78.53,75.74,76.87
2026-02-24 04:00:00,76.88,77.36,76.11,76.84
2026-02-24 08:00:00,76.85,77.2,76,76.77
2026-02-24 12:00:00,76.78,77.49,75.63,77.3
2026-02-24 16:00:00,77.3,78.51,77.23,78.38
2026-02-24 20:00:00,78.38,79.62,78.12,78.99
2026-02-25 00:00:00,78.99,82.99,78.73,81.75
2026-02-25 04:00:00,81.75,82.43,80.98,82.19
2026-02-25 08:00:00,82.19,83.42,81.93,83.39
2026-02-25 12:00:00,83.38,86.46,82.89,85.98
2026-02-25 16:00:00,85.98,89.65,85.97,89.43
2026-02-25 20:00:00,89.43,91.91,87.07,88.06
2026-02-26 00:00:00,88.05,89.27,87.53,87.95
2026-02-26 04:00:00,87.95,89.05,87.22,87.24
2026-02-26 08:00:00,87.24,88.71,86.6,86.82
2026-02-26 12:00:00,86.82,88.26,85.27,86.56
2026-02-26 16:00:00,86.57,86.75,84.34,86.47
2026-02-26 20:00:00,86.47,86.87,85.73,85.91
2026-02-27 00:00:00,85.91,87.82,85.19,87.63
2026-02-27 04:00:00,87.63,88.29,86.81,87.31
2026-02-27 08:00:00,87.31,87.93,83.35,83.59
2026-02-27 12:00:00,83.59,83.76,81.95,82.7
2026-02-27 16:00:00,82.7,82.7,81.11,81.57
2026-02-27 20:00:00,81.57,82.11,80.32,81.85
2026-02-28 00:00:00,81.84,82.27,81.55,81.74
2026-02-28 04:00:00,81.75,81.9,77.12,78.71
2026-02-28 08:00:00,78.7,79.6,77.74,78.78
2026-02-28 12:00:00,78.78,81.51,78.59,80.92
2026-02-28 16:00:00,80.91,82.91,80.5,82.21
2026-02-28 20:00:00,82.22,85.65,81.97,84.35
2026-03-01 00:00:00,84.35,88.9,84.25,88.02
2026-03-01 04:00:00,88.02,88.26,86.16,86.63
2026-03-01 08:00:00,86.63,86.83,84.71,85.18
2026-03-01 12:00:00,85.18,86.98,84.51,85.67
2026-03-01 16:00:00,85.67,86.1,83.03,83.23
2026-03-01 20:00:00,83.23,84.12,81.69,83.6
2026-03-02 00:00:00,83.61,86.18,83.46,84.78
2026-03-02 04:00:00,84.78,84.84,82.38,82.95
2026-03-02 08:00:00,82.96,84.29,82.37,83.89
2026-03-02 12:00:00,83.88,88.98,82.78,88.77
2026-03-02 16:00:00,88.77,90.29,86.39,87.65
2026-03-02 20:00:00,87.65,88.25,86.35,86.64
2026-03-03 00:00:00,86.65,87.32,85.23,86.31
2026-03-03 04:00:00,86.31,86.82,85.38,85.58
2026-03-03 08:00:00,85.58,85.77,83.7,84.21
2026-03-03 12:00:00,84.22,85.37,82.5,85.04
2026-03-03 16:00:00,85.03,87.34,84.15,85.08
2026-03-03 20:00:00,85.08,87.46,84.17,86.97
2026-03-04 00:00:00,86.98,88.08,85.18,85.77
2026-03-04 04:00:00,85.77,87.52,84.78,87.43
2026-03-04 08:00:00,87.43,91.48,86.98,89.76
2026-03-04 12:00:00,89.76,93.12,88.69,92.94
2026-03-04 16:00:00,92.94,94.05,90.66,93.19
2026-03-04 20:00:00,93.19,93.76,90.29,90.85
2026-03-05 00:00:00,90.86,91.42,89.61,90.03
2026-03-05 04:00:00,90.03,91.32,89.7,90.16
2026-03-05 08:00:00,90.16,92.96,89.66,91.84
2026-03-05 12:00:00,91.84,92.22,88.8,89.62
2026-03-05 16:00:00,89.61,89.63,87.91,88.73
2026-03-05 20:00:00,88.72,89.85,88.54,88.77
2026-03-06 00:00:00,88.78,89.31,88.02,88.41
2026-03-06 04:00:00,88.4,88.92,87.51,88.7
2026-03-06 08:00:00,88.7,88.7,87.1,87.26
2026-03-06 12:00:00,87.25,87.27,83.96,84.65
2026-03-06 16:00:00,84.65,85.9,83.64,85.21
2026-03-06 20:00:00,85.21,85.47,84.44,84.7
2026-03-07 00:00:00,84.69,85.07,84.32,84.52
2026-03-07 04:00:00,84.53,84.56,83.9,84.32
2026-03-07 08:00:00,84.33,84.91,84.12,84.66
2026-03-07 12:00:00,84.66,84.78,83.42,83.75
2026-03-07 16:00:00,83.75,84.08,82.28,82.53
2026-03-07 20:00:00,82.52,83.32,82.51,83.22
2026-03-08 00:00:00,83.22,83.49,82.11,82.34
2026-03-08 04:00:00,82.34,83.1,81.74,82.95
2026-03-08 08:00:00,82.95,84.13,82.51,82.81
2026-03-08 12:00:00,82.81,83.01,81.18,82.06
2026-03-08 16:00:00,82.06,82.65,81.31,82.49
2026-03-08 20:00:00,82.48,82.96,80.26,81.59
2026-03-09 00:00:00,81.6,84.5,81.54,83.16
2026-03-09 04:00:00,83.16,84.61,82.33,83.18
2026-03-09 08:00:00,83.18,84.6,82.94,83.59
2026-03-09 12:00:00,83.58,85.75,83.41,85.05
2026-03-09 16:00:00,85.05,87.06,84.26,85.97
2026-03-09 20:00:00,85.97,86.36,84.84,84.96
2026-03-10 00:00:00,84.95,86.91,84.83,85.55
2026-03-10 04:00:00,85.56,86.99,85.41,86.7
2026-03-10 08:00:00,86.71,87.67,86.58,86.79
2026-03-10 12:00:00,86.8,88.61,84.91,88.33
2026-03-10 16:00:00,88.34,88.8,85.66,86.02
2026-03-10 20:00:00,86.01,86.44,85.01,85.88
2026-03-11 00:00:00,85.88,86.28,85.48,85.63
2026-03-11 04:00:00,85.63,86.88,85.14,85.45
2026-03-11 08:00:00,85.44,85.61,84.39,84.55
2026-03-11 12:00:00,84.54,87.4,84.36,85.4
2026-03-11 16:00:00,85.41,88.09,85.3,87.29
2026-03-11 20:00:00,87.28,87.94,86.46,86.58
2026-03-12 00:00:00,86.58,86.78,84.72,85.01
2026-03-12 04:00:00,85.02,85.9,84.89,85.82
2026-03-12 08:00:00,85.82,87.13,85.39,86.79
2026-03-12 12:00:00,86.8,87.69,85.12,86.58
2026-03-12 16:00:00,86.57,87.09,85.68,86.8
2026-03-12 20:00:00,86.79,87.23,85.96,86.84
2026-03-13 00:00:00,86.83,91.14,86.71,89.69
2026-03-13 04:00:00,89.7,89.74,88.15,88.68
2026-03-13 08:00:00,88.68,90.45,88.32,90.33
2026-03-13 12:00:00,90.32,92.98,89.3,89.49
2026-03-13 16:00:00,89.49,90.15,88.37,88.92
2026-03-13 20:00:00,88.91,89.16,87.73,88.18
2026-03-14 00:00:00,88.17,88.62,87.79,88.4
2026-03-14 04:00:00,88.4,88.71,86.92,87.33
2026-03-14 08:00:00,87.32,87.55,86.51,86.96
2026-03-14 12:00:00,86.95,87.36,86.63,86.72
2026-03-14 16:00:00,86.72,87.13,86.62,87
2026-03-14 20:00:00,87.01,88.16,86.87,88.03
2026-03-15 00:00:00,88.04,88.65,87.58,87.86
2026-03-15 04:00:00,87.86,88.66,87.85,88.22
2026-03-15 08:00:00,88.22,88.88,88.14,88.55
2026-03-15 12:00:00,88.56,88.56,87.36,87.9
2026-03-15 16:00:00,87.9,88.8,87.45,88.19
2026-03-15 20:00:00,88.19,93.23,87.98,92.3
2026-03-16 00:00:00,92.31,94,91.18,93.16
2026-03-16 04:00:00,93.17,94.32,92.94,93.56
2026-03-16 08:00:00,93.56,94.02,92.57,93.75
2026-03-16 12:00:00,93.75,95.13,92.37,93.2
2026-03-16 16:00:00,93.2,95.48,93.13,95.21
2026-03-16 20:00:00,95.21,97.68,95.06,96.2
2026-03-17 00:00:00,96.19,96.95,93.71,94.07
2026-03-17 04:00:00,94.07,94.66,93.2,94.44
2026-03-17 08:00:00,94.43,95.09,93.25,93.66
2026-03-17 12:00:00,93.67,95.13,93.15,93.82
2026-03-17 16:00:00,93.82,95.59,93.72,94.67
2026-03-17 20:00:00,94.66,95.62,94.41,94.62
2026-03-18 00:00:00,94.61,95.65,94.1,95.05
2026-03-18 04:00:00,95.06,95.12,93.72,93.95
2026-03-18 08:00:00,93.95,94.44,91.82,92
2026-03-18 12:00:00,92,92.03,88.55,89.37
2026-03-18 16:00:00,89.36,90.86,88.61,89.71
2026-03-18 20:00:00,89.7,90.62,88.99,90.08
2026-03-19 00:00:00,90.07,91.41,89.79,90.74
2026-03-19 04:00:00,90.74,90.74,88.63,89.42
2026-03-19 08:00:00,89.41,90.48,89.09,89.62
2026-03-19 12:00:00,89.62,89.62,87.15,87.63
2026-03-19 16:00:00,87.63,89.26,87,88.72
2026-03-19 20:00:00,88.71,89.32,88.37,88.89
2026-03-20 00:00:00,88.9,89.8,88.87,89.57
2026-03-20 04:00:00,89.57,89.75,88.5,89.37
2026-03-20 08:00:00,89.38,90.45,88.61,89.15
2026-03-20 12:00:00,89.15,89.73,88.51,88.94
2026-03-20 16:00:00,88.94,89.23,88.13,88.99
2026-03-20 20:00:00,88.99,90.26,88.65,89.84
2026-03-21 00:00:00,89.85,90.65,89.73,90.45
2026-03-21 04:00:00,90.45,90.81,89.91,90.12
2026-03-21 08:00:00,90.12,90.4,89.81,89.94
2026-03-21 12:00:00,89.95,90.42,89.39,89.82
2026-03-21 16:00:00,89.83,90,89.41,89.79
2026-03-21 20:00:00,89.8,90.29,87.14,87.56
2026-03-22 00:00:00,87.55,89.17,86.26,88.68
2026-03-22 04:00:00,88.67,89.2,87.67,87.7
2026-03-22 08:00:00,87.7,87.74,86.84,86.85
2026-03-22 12:00:00,86.84,87.74,86.82,87.57
2026-03-22 16:00:00,87.58,87.71,86.51,86.86
2026-03-22 20:00:00,86.87,87.19,85.14,86.2
2026-03-23 00:00:00,86.21,87.22,85.47,86.4
2026-03-23 04:00:00,86.39,87.33,85.11,85.99
2026-03-23 08:00:00,86,91.93,85.19,88.78
2026-03-23 12:00:00,88.78,92.26,88.33,89.95
2026-03-23 16:00:00,89.96,91.9,89.4,91.39
2026-03-23 20:00:00,91.38,92.02,90.98,91.43
2026-03-24 00:00:00,91.44,91.68,89.96,90.35
2026-03-24 04:00:00,90.34,91.89,89.99,91.72
2026-03-24 08:00:00,91.71,92.22,91.12,91.77
2026-03-24 12:00:00,91.78,91.86,88.7,89.74
2026-03-24 16:00:00,89.74,89.98,88.42,88.52
2026-03-24 20:00:00,88.53,91.13,88.51,90.8
2026-03-25 00:00:00,90.8,91.95,90.71,91.69
2026-03-25 04:00:00,91.69,92.96,91.59,91.81
2026-03-25 08:00:00,91.82,93.47,91.82,92.99
2026-03-25 12:00:00,92.99,93.43,91,91.77
2026-03-25 16:00:00,91.77,92.73,91.4,91.75
2026-03-25 20:00:00,91.76,91.96,91.03,91.7
2026-03-26 00:00:00,91.7,91.98,90.61,91.07
2026-03-26 04:00:00,91.07,91.08,88.81,89.1
2026-03-26 08:00:00,89.1,89.11,87.45,87.58
2026-03-26 12:00:00,87.58,88.24,86.73,87.54
2026-03-26 16:00:00,87.53,87.73,85.45,85.48
2026-03-26 20:00:00,85.48,87.14,85.45,86.53
2026-03-27 00:00:00,86.52,87.04,86.19,86.42
2026-03-27 04:00:00,86.42,86.75,85.69,85.92
2026-03-27 08:00:00,85.92,86.14,82.63,83.39
2026-03-27 12:00:00,83.39,84.03,82.5,83.35
2026-03-27 16:00:00,83.36,83.44,81.86,82.81
2026-03-27 20:00:00,82.81,83.14,82.38,83.11
2026-03-28 00:00:00,83.11,83.11,82.25,82.6
2026-03-28 04:00:00,82.6,83.67,82.38,83.62
2026-03-28 08:00:00,83.62,83.73,82.69,82.94
2026-03-28 12:00:00,82.94,84.29,82.6,83.83
2026-03-28 16:00:00,83.84,83.95,83.04,83.28
2026-03-28 20:00:00,83.28,83.52,81.69,82.09
2026-03-29 00:00:00,82.09,83.24,81.87,83
2026-03-29 04:00:00,83.01,83.04,82.23,82.45
2026-03-29 08:00:00,82.45,82.84,81.98,82.58
2026-03-29 12:00:00,82.59,82.65,81.36,81.81
2026-03-29 16:00:00,81.82,82.12,81.12,81.62
2026-03-29 20:00:00,81.62,82.23,78.96,81.44
2026-03-30 00:00:00,81.45,83.94,81.15,83.27
2026-03-30 04:00:00,83.27,84.26,83.26,84.02
2026-03-30 08:00:00,84.01,84.88,83.55,84.24
2026-03-30 12:00:00,84.25,84.99,83.65,84.51
2026-03-30 16:00:00,84.5,84.55,81.96,82.39
2026-03-30 20:00:00,82.38,83.68,82.14,82.54
2026-03-31 00:00:00,82.55,84.62,82.15,83.6
2026-03-31 04:00:00,83.6,83.91,82.68,83.1
2026-03-31 08:00:00,83.1,83.35,80.08,80.85
2026-03-31 12:00:00,80.85,82.59,80.4,80.86
2026-03-31 16:00:00,80.87,83.47,80.87,82.7
2026-03-31 20:00:00,82.7,83.4,82.33,83.2
2026-04-01 00:00:00,83.19,83.58,82.48,83.43
2026-04-01 04:00:00,83.44,84.74,83.26,83.84
2026-04-01 08:00:00,83.84,84.06,83.07,83.37
2026-04-01 12:00:00,83.37,83.88,82.4,83.63
2026-04-01 16:00:00,83.62,86.65,83.08,83.82
2026-04-01 20:00:00,83.83,83.88,80.77,81.18
2026-04-02 00:00:00,81.19,81.77,78.3,79.01
2026-04-02 04:00:00,79.01,79.67,78.62,79.65
2026-04-02 08:00:00,79.64,79.64,78.2,78.31
2026-04-02 12:00:00,78.32,79.73,76.7,79.03
2026-04-02 16:00:00,79.03,79.88,78.43,78.98
2026-04-02 20:00:00,78.99,79.37,78.63,78.94
2026-04-03 00:00:00,78.95,79.79,78.85,79
2026-04-03 04:00:00,79,80.16,78.99,79.96
2026-04-03 08:00:00,79.96,80.47,79.64,80.18
2026-04-03 12:00:00,80.18,80.91,79.17,80.33
2026-04-03 16:00:00,80.33,80.67,79.87,80.21
2026-04-03 20:00:00,80.21,80.73,79.92,80.4
2026-04-04 00:00:00,80.39,80.42,80.06,80.18
2026-04-04 04:00:00,80.18,80.54,80.11,80.32
2026-04-04 08:00:00,80.32,80.4,79.92,80.21
2026-04-04 12:00:00,80.2,81.61,79.57,81.1
2026-04-04 16:00:00,81.1,81.35,80.61,80.85
2026-04-04 20:00:00,80.86,81.06,80.62,80.83
2026-04-05 00:00:00,80.84,80.85,80.37,80.55
2026-04-05 04:00:00,80.55,80.58,79.41,79.6
2026-04-05 08:00:00,79.59,80.24,79.54,79.9
2026-04-05 12:00:00,79.91,80.33,78.52,79.6
2026-04-05 16:00:00,79.59,80.23,79.37,79.83
2026-04-05 20:00:00,79.83,82.13,79.1,81.89
2026-04-06 00:00:00,81.89,82.97,81.66,82.11
2026-04-06 04:00:00,82.11,82.34,80.97,81.82
2026-04-06 08:00:00,81.83,83.2,81.71,82.45
2026-04-06 12:00:00,82.44,82.81,81.73,82.27
2026-04-06 16:00:00,82.28,82.48,81.19,81.9
2026-04-06 20:00:00,81.91,82.15,79.6,80.03
2026-04-07 00:00:00,80.03,80.23,79.38,79.8
2026-04-07 04:00:00,79.8,80.17,79.31,79.87
2026-04-07 08:00:00,79.87,80.59,78.95,79.21
2026-04-07 12:00:00,79.22,79.39,78.38,78.86
2026-04-07 16:00:00,78.86,81.83,78.65,81.63
2026-04-07 20:00:00,81.63,87.02,81.63,85.56
2026-04-08 00:00:00,85.56,85.9,84.26,84.56
2026-04-08 04:00:00,84.56,85.03,83.89,84.5
2026-04-08 08:00:00,84.51,84.98,84.11,84.45
2026-04-08 12:00:00,84.46,84.98,82.51,83.34
2026-04-08 16:00:00,83.33,84.18,82.77,83.19
2026-04-08 20:00:00,83.19,83.61,82.24,82.57
2026-04-09 00:00:00,82.56,82.67,81.7,82.03
2026-04-09 04:00:00,82.02,82.48,81.74,82.29
2026-04-09 08:00:00,82.29,82.71,82.03,82.18
2026-04-09 12:00:00,82.18,83.94,81.4,83.75
2026-04-09 16:00:00,83.75,84.7,82.92,84.17
2026-04-09 20:00:00,84.16,85.95,83.15,83.33
2026-04-10 00:00:00,83.33,83.79,82.62,82.9
2026-04-10 04:00:00,82.89,83.59,82.86,82.95
2026-04-10 08:00:00,82.95,83.74,82.7,83.52
2026-04-10 12:00:00,83.52,85.58,83.36,84.24
2026-04-10 16:00:00,84.25,85.47,84.14,85.44
2026-04-10 20:00:00,85.45,85.67,84.65,84.83
2026-04-11 00:00:00,84.83,84.93,84.31,84.4
2026-04-11 04:00:00,84.4,84.62,83.87,84.28
2026-04-11 08:00:00,84.27,84.8,83.8,84.24
2026-04-11 12:00:00,84.24,84.88,83.84,84.66
2026-04-11 16:00:00,84.67,86.26,84.6,86.01
2026-04-11 20:00:00,86.01,86.19,84.52,84.93
2026-04-12 00:00:00,84.94,85,81.84,82.33
2026-04-12 04:00:00,82.32,82.5,82.06,82.27
2026-04-12 08:00:00,82.28,82.41,81.92,82.22
2026-04-12 12:00:00,82.21,82.56,81.27,81.59
2026-04-12 16:00:00,81.59,82.32,81.53,81.99
2026-04-12 20:00:00,81.98,82.88,81.27,81.53
2026-04-13 00:00:00,81.54,82.44,81.4,81.91
2026-04-13 04:00:00,81.9,82.6,81.54,82.17
2026-04-13 08:00:00,82.17,82.32,81.64,81.86
2026-04-13 12:00:00,81.86,83.82,81.82,82.65
2026-04-13 16:00:00,82.66,84.25,82.34,84.08
2026-04-13 20:00:00,84.09,86.81,83.81,86.51
2026-04-14 00:00:00,86.51,86.75,85.37,86.05
2026-04-14 04:00:00,86.05,86.2,85.43,85.88
2026-04-14 08:00:00,85.88,86.56,85.6,85.78
2026-04-14 12:00:00,85.78,87.67,85.25,85.95
2026-04-14 16:00:00,85.95,86.17,83.71,83.95
2026-04-14 20:00:00,83.94,84.14,83.3,83.72
2026-04-15 00:00:00,83.72,84.06,83.13,83.45
2026-04-15 04:00:00,83.45,83.79,82.65,82.92
2026-04-15 08:00:00,82.92,83.68,82.71,83.61
2026-04-15 12:00:00,83.6,84.49,83.21,84
2026-04-15 16:00:00,84,85.83,83.9,85.51
2026-04-15 20:00:00,85.51,85.59,84.18,84.9
2026-04-16 00:00:00,84.9,85.58,84.45,85.28
2026-04-16 04:00:00,85.29,85.71,84.99,85.21
2026-04-16 08:00:00,85.21,85.51,84.64,85.07
2026-04-16 12:00:00,85.07,87.13,83.8,86.62
2026-04-16 16:00:00,86.62,90.16,85.63,90.1
2026-04-16 20:00:00,90.1,90.53,88.72,89.05
2026-04-17 00:00:00,89.06,89.19,87.48,87.72
2026-04-17 04:00:00,87.73,88.47,87.36,88.12
2026-04-17 08:00:00,88.13,89.53,87.34,88.21
2026-04-17 12:00:00,88.22,90.73,87.91,89.95
2026-04-17 16:00:00,89.95,90.59,88.88,89.23
2026-04-17 20:00:00,89.24,89.47,88.5,88.76
2026-04-18 00:00:00,88.77,89.16,88.23,88.33
2026-04-18 04:00:00,88.34,88.64,88.16,88.45
2026-04-18 08:00:00,88.45,88.5,86.28,86.53
2026-04-18 12:00:00,86.54,86.98,86.41,86.75
2026-04-18 16:00:00,86.75,86.98,85.78,86.13
2026-04-18 20:00:00,86.12,86.46,85.92,86.16
2026-04-19 00:00:00,86.15,86.38,85.24,85.6
2026-04-19 04:00:00,85.6,85.96,84.43,84.88
2026-04-19 08:00:00,84.88,85.71,84.44,85.6
2026-04-19 12:00:00,85.61,87.12,85.55,86.36
2026-04-19 16:00:00,86.35,86.5,84.88,85.33
2026-04-19 20:00:00,85.33,85.35,82.94,83.47
2026-04-20 00:00:00,83.47,84.62,83.34,84.59
2026-04-20 04:00:00,84.59,85.76,83.75,84.73
2026-04-20 08:00:00,84.74,85.4,84.57,85.07
2026-04-20 12:00:00,85.06,85.88,84.42,85.86
2026-04-20 16:00:00,85.86,86.22,85.25,85.8
2026-04-20 20:00:00,85.8,86.21,85.21,85.28
2026-04-21 00:00:00,85.29,85.83,85,85.17
2026-04-21 04:00:00,85.17,85.98,85.02,85.71
2026-04-21 08:00:00,85.71,86.38,85.52,85.85
2026-04-21 12:00:00,85.85,86.89,85.17,86.05
2026-04-21 16:00:00,86.05,86.3,84.31,84.57
2026-04-21 20:00:00,84.57,86.13,84.43,86.03
2026-04-22 00:00:00,86.04,87.87,86.01,87.24
2026-04-22 04:00:00,87.25,88.33,86.97,88.05
2026-04-22 08:00:00,88.06,88.88,87.6,88.31
2026-04-22 12:00:00,88.31,89.32,87.99,88.18
2026-04-22 16:00:00,88.19,88.46,87.09,87.37
2026-04-22 20:00:00,87.38,87.72,86.81,86.87
2026-04-23 00:00:00,86.86,87.18,85.48,85.79
2026-04-23 04:00:00,85.78,86.24,85.51,85.9
2026-04-23 08:00:00,85.91,85.94,85.2,85.81
2026-04-23 12:00:00,85.82,86.66,85.55,86.35
2026-04-23 16:00:00,86.36,86.42,84.48,85.3
2026-04-23 20:00:00,85.3,86.25,85.29,86.12
2026-04-24 00:00:00,86.12,86.36,85.4,85.69
2026-04-24 04:00:00,85.69,85.82,85.14,85.51
2026-04-24 08:00:00,85.5,86.28,84.92,86.19
2026-04-24 12:00:00,86.2,86.79,85.53,86.52
2026-04-24 16:00:00,86.52,86.58,85.95,86.33
2026-04-24 20:00:00,86.32,86.94,86.1,86.18
2026-04-25 00:00:00,86.18,86.5,86.03,86.46
2026-04-25 04:00:00,86.46,86.66,86.11,86.36
2026-04-25 08:00:00,86.36,86.8,86.25,86.36
2026-04-25 12:00:00,86.36,86.67,86.1,86.22
2026-04-25 16:00:00,86.22,86.33,85.53,85.68
2026-04-25 20:00:00,85.68,86.2,85.61,86.18
2026-04-26 00:00:00,86.19,86.46,85.84,85.99
2026-04-26 04:00:00,85.99,86.73,85.92,86.62
2026-04-26 08:00:00,86.63,86.76,86.42,86.48
2026-04-26 12:00:00,86.49,86.59,85.9,86.56
2026-04-26 16:00:00,86.55,87.2,86.27,86.88
2026-04-26 20:00:00,86.89,87.32,86.19,86.93
2026-04-27 00:00:00,86.93,88.08,86.53,87.72
2026-04-27 04:00:00,87.72,87.84,85.26,85.27
2026-04-27 08:00:00,85.27,85.63,85.05,85.26
2026-04-27 12:00:00,85.26,85.83,83.63,84.17
2026-04-27 16:00:00,84.17,84.7,83.83,84.19
2026-04-27 20:00:00,84.18,84.9,84.11,84.82
2026-04-28 00:00:00,84.82,84.93,83.9,84.17
2026-04-28 04:00:00,84.18,84.43,83.65,84.02
2026-04-28 08:00:00,84.01,84.19,83.3,83.42
2026-04-28 12:00:00,83.42,84,82.98,83.46
2026-04-28 16:00:00,83.46,84.02,83.32,83.89
2026-04-28 20:00:00,83.89,84.15,83.58,84.06
2026-04-29 00:00:00,84.06,84.74,83.81,84.59
2026-04-29 04:00:00,84.6,85.06,84.45,84.71
2026-04-29 08:00:00,84.71,85.56,83.2,84.91
2026-04-29 12:00:00,84.91,84.92,83,83.26
2026-04-29 16:00:00,83.25,83.65,81.4,82.19
2026-04-29 20:00:00,82.2,83.22,82.17,83.04
2026-04-30 00:00:00,83.05,84.01,82.7,83.06
2026-04-30 04:00:00,83.06,83.39,82.16,83.35
2026-04-30 08:00:00,83.35,83.55,82.79,83.01
2026-04-30 12:00:00,83.01,83.83,82.69,83.36
2026-04-30 16:00:00,83.36,83.43,82.87,83.04
2026-04-30 20:00:00,83.04,83.19,82.78,83.09
2026-05-01 00:00:00,83.09,84.38,83.08,83.89
2026-05-01 04:00:00,83.9,84.23,83.67,83.96
2026-05-01 08:00:00,83.96,84.3,83.69,84.01
2026-05-01 12:00:00,84.01,84.86,83.89,84.47
2026-05-01 16:00:00,84.46,84.63,83.79,83.9
2026-05-01 20:00:00,83.9,83.93,83.33,83.76
2026-05-02 00:00:00,83.76,84.18,83.44,83.82
2026-05-02 04:00:00,83.82,83.86,83.54,83.74
2026-05-02 08:00:00,83.73,84.17,83.52,83.7
2026-05-02 12:00:00,83.7,84.11,83.67,84.04
2026-05-02 16:00:00,84.04,84.31,83.95,84.22
2026-05-02 20:00:00,84.23,84.97,84.07,84.26
2026-05-03 00:00:00,84.26,84.31,83.58,83.67
2026-05-03 04:00:00,83.66,84.02,83.58,83.88
2026-05-03 08:00:00,83.88,84.2,83.75,83.96
2026-05-03 12:00:00,83.96,84.45,83.95,84.16
2026-05-03 16:00:00,84.16,84.5,84,84.38
2026-05-03 20:00:00,84.37,84.97,83.87,83.91
2026-05-04 00:00:00,83.91,85.67,83.35,85.41
2026-05-04 04:00:00,85.4,85.9,84.51,84.87
2026-05-04 08:00:00,84.87,85.2,83.23,83.95
2026-05-04 12:00:00,83.96,85.32,83.59,84.47
2026-05-04 16:00:00,84.47,85.19,83.98,84.44
2026-05-04 20:00:00,84.45,84.56,84.02,84.1
2026-05-05 00:00:00,84.11,84.97,84.04,84.78
2026-05-05 04:00:00,84.77,85.12,84.54,84.87
2026-05-05 08:00:00,84.88,85.01,84.43,84.97
2026-05-05 12:00:00,84.97,86.1,84.9,85.5
2026-05-05 16:00:00,85.5,86.56,85,86.49
2026-05-05 20:00:00,86.49,86.98,86.17,86.29
2026-05-06 00:00:00,86.29,87.51,86.1,87.33
2026-05-06 04:00:00,87.34,87.89,86.67,87.7
2026-05-06 08:00:00,87.71,90.03,87.64,89.87
2026-05-06 12:00:00,89.87,89.97,87.47,88.97
2026-05-06 16:00:00,88.97,89.51,88.5,89.27
2026-05-06 20:00:00,89.27,89.62,88.65,89.16
2026-05-07 00:00:00,89.16,89.27,87.63,87.75
2026-05-07 04:00:00,87.75,90.44,87.69,90.16
2026-05-07 08:00:00,90.17,90.27,88.76,89.57
2026-05-07 12:00:00,89.56,90.1,87.79,88.32
2026-05-07 16:00:00,88.32,89.05,87.96,88.45
2026-05-07 20:00:00,88.45,88.88,87.67,88.42
2026-05-08 00:00:00,88.43,88.65,87.6,88.22
2026-05-08 04:00:00,88.23,88.42,87.65,88.22
2026-05-08 08:00:00,88.23,89.1,88.01,88.64
2026-05-08 12:00:00,88.64,89.6,88.01,89.59
2026-05-08 16:00:00,89.6,92.8,89.34,92.6
2026-05-08 20:00:00,92.61,92.71,91.73,92.01
2026-05-09 00:00:00,92.02,93.91,91.85,93.64
2026-05-09 04:00:00,93.65,94.17,92.84,93.76
2026-05-09 08:00:00,93.76,93.95,93.05,93.62
2026-05-09 12:00:00,93.61,93.74,92.39,93.01
2026-05-09 16:00:00,93.01,93.65,92.69,93.51
2026-05-09 20:00:00,93.51,93.56,93.05,93.13
2026-05-10 00:00:00,93.12,93.51,92.6,93.42
2026-05-10 04:00:00,93.41,93.63,93.24,93.46
2026-05-10 08:00:00,93.46,94.8,92.91,93.55
2026-05-10 12:00:00,93.56,94.73,93.2,94.53
2026-05-10 16:00:00,94.53,97,94.18,96.47
2026-05-10 20:00:00,96.47,96.86,93.43,96.47
2026-05-11 00:00:00,96.46,96.67,94.46,94.76
2026-05-11 04:00:00,94.76,96.16,94.43,95.33
2026-05-11 08:00:00,95.34,95.57,94.58,95.25
2026-05-11 12:00:00,95.26,96.8,94.3,96.8
2026-05-11 16:00:00,96.79,98.39,96.5,98.19
2026-05-11 20:00:00,98.19,98.41,97.1,97.37
2026-05-12 00:00:00,97.37,97.68,95.54,96.14
2026-05-12 04:00:00,96.14,97,95.82,96.05
2026-05-12 08:00:00,96.05,96.15,94.6,94.98
2026-05-12 12:00:00,94.97,95.56,93.55,93.85
2026-05-12 16:00:00,93.85,95.01,93.6,94.92
2026-05-12 20:00:00,94.92,95.05,94.23,94.28
2026-05-13 00:00:00,94.28,95.59,94.05,95.56
2026-05-13 04:00:00,95.56,95.99,94.88,95.14
2026-05-13 08:00:00,95.14,95.89,94.25,94.33
2026-05-13 12:00:00,94.33,94.64,90.27,90.43
2026-05-13 16:00:00,90.43,91.41,90.41,90.96
2026-05-13 20:00:00,90.95,91.35,90.64,91.17
2026-05-14 00:00:00,91.17,91.42,89.82,89.93
2026-05-14 04:00:00,89.93,92.02,89.86,90.88
2026-05-14 08:00:00,90.88,91.3,90.59,90.64
2026-05-14 12:00:00,90.64,93.25,90.54,93.16
2026-05-14 16:00:00,93.16,93.68,92.29,92.9
2026-05-14 20:00:00,92.91,93,92.11,92.15
2026-05-15 00:00:00,92.16,92.66,91.47,92.06
2026-05-15 04:00:00,92.05,92.05,90.26,91.6
2026-05-15 08:00:00,91.61,91.65,90.92,91.27
2026-05-15 12:00:00,91.26,91.27,88.55,89.04
2026-05-15 16:00:00,89.04,90.09,88.81,89.42
2026-05-15 20:00:00,89.41,89.5,89,89.24
2026-05-16 00:00:00,89.23,89.44,88.95,89.05
2026-05-16 04:00:00,89.05,89.09,86.72,87.47
2026-05-16 08:00:00,87.46,87.62,85.52,86.11
2026-05-16 12:00:00,86.12,86.71,86.01,86.5
2026-05-16 16:00:00,86.49,86.97,86.37,86.69
2026-05-16 20:00:00,86.69,86.88,86.45,86.54
2026-05-17 00:00:00,86.53,86.72,85.59,86.53
2026-05-17 04:00:00,86.52,87.29,86.47,86.97
2026-05-17 08:00:00,86.98,87.26,86.6,86.89
2026-05-17 12:00:00,86.89,87.02,85.95,86.46
2026-05-17 16:00:00,86.46,86.94,86,86.79
2026-05-17 20:00:00,86.8,86.97,83.5,85.24
2026-05-18 00:00:00,85.23,85.47,84.4,84.85
2026-05-18 04:00:00,84.85,85.36,84.27,84.76
2026-05-18 08:00:00,84.76,85.32,84.08,84.96
2026-05-18 12:00:00,84.97,85.8,83.62,84.2
2026-05-18 16:00:00,84.21,85.23,83.5,84.99
2026-05-18 20:00:00,85,85.77,84.79,85.38
2026-05-19 00:00:00,85.38,85.97,84.62,85.07
2026-05-19 04:00:00,85.08,85.64,84.47,85.51
2026-05-19 08:00:00,85.51,85.59,84.27,84.39
2026-05-19 12:00:00,84.39,85.1,83.7,84.37
2026-05-19 16:00:00,84.38,85.04,84.15,84.35
2026-05-19 20:00:00,84.36,84.66,84,84.29
2026-05-20 00:00:00,84.3,84.54,83.85,84.1
2026-05-20 04:00:00,84.1,85.13,83.88,84.77
2026-05-20 08:00:00,84.76,85.21,84.58,84.7
2026-05-20 12:00:00,84.7,86.27,84.19,85.92
2026-05-20 16:00:00,85.92,87.09,85.53,86.16
2026-05-20 20:00:00,86.16,86.33,85.55,86.17
2026-05-21 00:00:00,86.17,87.06,86.11,86.85
2026-05-21 04:00:00,86.85,87.22,86.2,86.64
2026-05-21 08:00:00,86.64,87.27,85.57,85.58
2026-05-21 12:00:00,85.58,86.9,85.32,86.46
2026-05-21 16:00:00,86.46,88,86.04,87.83
2026-05-21 20:00:00,87.83,87.92,87.02,87.36
2026-05-22 00:00:00,87.35,87.36,86.59,87.03
2026-05-22 04:00:00,87.04,87.38,86.52,86.97
2026-05-22 08:00:00,86.98,87.53,86.72,87.32
2026-05-22 12:00:00,87.33,87.85,86.27,86.77
2026-05-22 16:00:00,86.76,87.19,84,84.55
2026-05-22 20:00:00,84.55,85.28,84,84.4
2026-05-23 00:00:00,84.4,84.86,84.07,84.68
2026-05-23 04:00:00,84.69,84.72,81.5,82.25
2026-05-23 08:00:00,82.25,82.49,81.63,82.31
2026-05-23 12:00:00,82.3,84.54,82.15,84.1
2026-05-23 16:00:00,84.09,85.14,83.93,84.96
2026-05-23 20:00:00,84.97,87.5,84.8,85.75
2026-05-24 00:00:00,85.76,86.23,85.62,85.81
2026-05-24 04:00:00,85.81,86.7,85.58,86.07
2026-05-24 08:00:00,86.07,87,86.01,86.66
2026-05-24 12:00:00,86.67,86.69,84.48,85.31
2026-05-24 16:00:00,85.3,85.88,85.11,85.37
2026-05-24 20:00:00,85.38,85.52,83.7,85.27
2026-05-25 00:00:00,85.27,85.85,84.8,84.95
2026-05-25 04:00:00,84.95,86.19,84.93,85.96
2026-05-25 08:00:00,85.95,86.22,85.7,85.76
2026-05-25 12:00:00,85.77,86.52,85.66,86.26
2026-05-25 16:00:00,86.26,86.44,85.52,85.64
2026-05-25 20:00:00,85.64,85.87,84.71,85.06
2026-05-26 00:00:00,85.06,85.09,83.85,84.22
2026-05-26 04:00:00,84.23,84.97,84.01,84.35
2026-05-26 08:00:00,84.36,85.8,84.29,85.21
2026-05-26 12:00:00,85.22,86.13,84.03,84.49
2026-05-26 16:00:00,84.49,84.57,83.15,83.8
2026-05-26 20:00:00,83.8,83.98,83.54,83.72
2026-05-27 00:00:00,83.73,84.19,83.48,83.63
2026-05-27 04:00:00,83.62,84.21,82.86,84.21
2026-05-27 08:00:00,84.2,84.42,83.6,83.94
2026-05-27 12:00:00,83.95,84.84,82.98,84.44
2026-05-27 16:00:00,84.44,84.75,83.16,83.91
2026-05-27 20:00:00,83.92,84.14,82.1,82.44
2026-05-28 00:00:00,82.43,82.76,80.5,80.7
2026-05-28 04:00:00,80.7,81.3,80,81.26
2026-05-28 08:00:00,81.26,81.32,80.6,80.88
2026-05-28 12:00:00,80.88,81.66,80.02,81.14
2026-05-28 16:00:00,81.15,83.01,80.91,82.19
2026-05-28 20:00:00,82.18,82.7,81.78,82.11
2026-05-29 00:00:00,82.12,82.48,81.47,81.61
2026-05-29 04:00:00,81.62,82.49,81.36,82.24
2026-05-29 08:00:00,82.25,82.65,81.52,81.77
2026-05-29 12:00:00,81.76,83.24,80.35,82.59
2026-05-29 16:00:00,82.58,83.22,81.6,82.06
2026-05-29 20:00:00,82.06,82.4,81.62,82.04
2026-05-30 00:00:00,82.04,83.1,81.94,82.67
2026-05-30 04:00:00,82.67,82.8,81.86,82.37
2026-05-30 08:00:00,82.37,82.55,82.19,82.33
2026-05-30 12:00:00,82.33,82.92,82.25,82.69
2026-05-30 16:00:00,82.68,83.14,82.63,82.99
2026-05-30 20:00:00,82.99,83.17,82.45,82.73
2026-05-31 00:00:00,82.74,83.42,82.62,83.25
2026-05-31 04:00:00,83.24,83.3,82.52,82.66
2026-05-31 08:00:00,82.67,83.05,82.49,82.76
2026-05-31 12:00:00,82.76,83.12,81.79,81.88
2026-05-31 16:00:00,81.88,82.04,81.33,81.58
2026-05-31 20:00:00,81.59,82.92,81.59,82.44
2026-06-01 00:00:00,82.45,83.1,81.63,82.63
2026-06-01 04:00:00,82.63,82.78,80.63,80.74
2026-06-01 08:00:00,80.74,81.29,80.46,80.81
2026-06-01 12:00:00,80.82,81.07,79.2,79.6
2026-06-01 16:00:00,79.61,81.31,79.11,81.2
2026-06-01 20:00:00,81.19,81.65,80.32,81.28
2026-06-02 00:00:00,81.28,81.3,79.41,80.92
2026-06-02 04:00:00,80.92,81.02,79.16,79.67
2026-06-02 08:00:00,79.67,79.8,78.78,78.94
2026-06-02 12:00:00,78.93,79.22,75.58,76.38
2026-06-02 16:00:00,76.38,77.67,74.5,75.53
2026-06-02 20:00:00,75.53,76.08,72.73,74.23
2026-06-03 00:00:00,74.23,75.13,72.28,72.71
2026-06-03 04:00:00,72.71,75.4,72.69,75.27
2026-06-03 08:00:00,75.26,75.71,74.73,75.12
2026-06-03 12:00:00,75.12,75.37,73.24,73.31
2026-06-03 16:00:00,73.31,74.1,71.71,71.99
2026-06-03 20:00:00,71.99,73.18,70.93,71.61
2026-06-04 00:00:00,71.61,72.09,66.8,71.48
2026-06-04 04:00:00,71.49,71.8,69.14,69.15
2026-06-04 08:00:00,69.16,69.44,67.37,68.7
2026-06-04 12:00:00,68.69,70.64,68.32,69.64
2026-06-04 16:00:00,69.64,69.89,68.48,69.1
2026-06-04 20:00:00,69.09,69.15,67.57,68.88
2026-06-05 00:00:00,68.87,69.1,66.94,67.09
2026-06-05 04:00:00,67.1,68.1,63.87,66.18
2026-06-05 08:00:00,66.18,66.8,65.1,66.08
2026-06-05 12:00:00,66.08,66.83,63.78,64.24
2026-06-05 16:00:00,64.25,66.06,61.48,63.44
2026-06-05 20:00:00,63.44,65.42,62.64,63.64
2026-06-06 00:00:00,63.64,64.86,62.58,62.84
2026-06-06 04:00:00,62.84,63.35,60.13,62.78
2026-06-06 08:00:00,62.79,63.6,61.2,62.46
2026-06-06 12:00:00,62.46,63.11,61.32,62.03
2026-06-06 16:00:00,62.04,62.4,61.38,61.64
2026-06-06 20:00:00,61.64,62.38,61.38,62.2
2026-06-07 00:00:00,62.21,64.15,61.96,63.84
2026-06-07 04:00:00,63.84,65.02,63.31,64.93
2026-06-07 08:00:00,64.92,66.11,64.46,65.04
2026-06-07 12:00:00,65.05,65.35,63.67,64.99
2026-06-07 16:00:00,64.99,65.62,63.64,63.95
2026-06-07 20:00:00,63.94,67.92,63.75,66.5
2026-06-08 00:00:00,66.5,67.11,65.4,66.37
2026-06-08 04:00:00,66.37,66.42,64.98,66.11
2026-06-08 08:00:00,66.1,67.06,65.45,66.68
2026-06-08 12:00:00,66.69,67.82,65.99,67.18
2026-06-08 16:00:00,67.19,67.82,66.56,67.46
2026-06-08 20:00:00,67.46,68.17,66.65,66.82
2026-06-09 00:00:00,66.82,66.89,65.29,66.01
2026-06-09 04:00:00,66.01,67.47,65.83,66.89
2026-06-09 08:00:00,66.9,66.94,65.9,66.11
2026-06-09 12:00:00,66.11,66.52,64.26,64.33
2026-06-09 16:00:00,64.33,65.65,63.54,65.41
2026-06-09 20:00:00,65.42,65.7,64.69,64.96
2026-06-10 00:00:00,64.97,65.32,64.25,64.51
2026-06-10 04:00:00,64.52,64.8,63.83,64.5
2026-06-10 08:00:00,64.5,64.52,62.95,63.49
2026-06-10 12:00:00,63.5,65.77,63.3,65.44
2026-06-10 16:00:00,65.44,65.49,63.36,63.56
2026-06-10 20:00:00,63.56,63.66,62.34,63.19
2026-06-11 00:00:00,63.19,65.48,63.19,65.27
2026-06-11 04:00:00,65.27,65.43,64.77,65.04
2026-06-11 08:00:00,65.04,66.15,65.01,65.88
2026-06-11 12:00:00,65.89,65.93,64.89,65.55
2026-06-11 16:00:00,65.56,67.42,65.05,66.93
2026-06-11 20:00:00,66.93,67.14,66.36,66.93
2026-06-12 00:00:00,66.93,67.3,66.42,67.04
2026-06-12 04:00:00,67.04,67.24,65.95,66.32
2026-06-12 08:00:00,66.32,67.49,66.31,66.93
2026-06-12 12:00:00,66.92,68.82,66.37,67.25
2026-06-12 16:00:00,67.26,68.22,66.68,66.78
2026-06-12 20:00:00,66.79,66.95,66.42,66.82
2026-06-13 00:00:00,66.83,67.51,66.7,66.88
2026-06-13 04:00:00,66.87,67.47,66.59,67.37
2026-06-13 08:00:00,67.38,67.96,67.26,67.9
2026-06-13 12:00:00,67.91,68.71,67.77,68.6
2026-06-13 16:00:00,68.6,68.63,67.83,68.23
2026-06-13 20:00:00,68.24,69.59,68.05,68.94
2026-06-14 00:00:00,68.94,69.11,68.64,68.94
2026-06-14 04:00:00,68.95,69.01,67.88,68.23
2026-06-14 08:00:00,68.23,68.52,67.92,68.11
2026-06-14 12:00:00,68.11,68.17,66.94,67.43
2026-06-14 16:00:00,67.43,67.76,67.19,67.57
2026-06-14 20:00:00,67.57,71.29,67.44,71.28
2026-06-15 00:00:00,71.29,71.73,70.66,71.24
2026-06-15 04:00:00,71.24,71.5,70.81,71.28
2026-06-15 08:00:00,71.28,72.82,70.8,72.61
2026-06-15 12:00:00,72.61,75.26,72.31,75.25
2026-06-15 16:00:00,75.25,76.09,74.58,75.28
2026-06-15 20:00:00,75.27,75.46,73.62,73.98
2026-06-16 00:00:00,73.99,74.42,72.77,73.74
2026-06-16 04:00:00,73.75,74.54,73.19,74.46
2026-06-16 08:00:00,74.45,75.65,74.35,74.66
2026-06-16 12:00:00,74.67,75.53,72.29,73.29
2026-06-16 16:00:00,73.29,74.34,73.01,73.84
2026-06-16 20:00:00,73.85,74.26,73.42,73.52
2026-06-17 00:00:00,73.53,74.47,73.17,73.68
2026-06-17 04:00:00,73.68,74.11,72.99,73.26
2026-06-17 08:00:00,73.27,73.3,71.71,72.04
2026-06-17 12:00:00,72.04,73.87,71.59,73.81
2026-06-17 16:00:00,73.8,74.69,71.43,71.66
2026-06-17 20:00:00,71.66,72.25,70.83,72.05
2026-06-18 00:00:00,72.05,72.68,71.54,71.65
2026-06-18 04:00:00,71.66,71.85,70.64,71.78
2026-06-18 08:00:00,71.77,72.16,70.72,70.94
2026-06-18 12:00:00,70.94,71.8,68.35,68.44
2026-06-18 16:00:00,68.43,69.53,68.23,69.37
2026-06-18 20:00:00,69.38,69.96,69.26,69.71
2026-06-19 00:00:00,69.72,70.09,68.64,69.05
2026-06-19 04:00:00,69.06,69.27,67.98,68.38
2026-06-19 08:00:00,68.37,68.76,68.05,68.25
2026-06-19 12:00:00,68.25,69.58,67.92,69.33
2026-06-19 16:00:00,69.34,69.57,68.63,68.97
2026-06-19 20:00:00,68.97,69.87,68.72,69.74
2026-06-20 00:00:00,69.73,70.12,69.48,70
2026-06-20 04:00:00,70,72.46,69.89,71.6
2026-06-20 08:00:00,71.6,72.1,71.21,71.78
2026-06-20 12:00:00,71.78,72.62,70.47,72.02
2026-06-20 16:00:00,72.03,72.05,71.09,71.86
2026-06-20 20:00:00,71.86,74.3,71.7,73.22
2026-06-21 00:00:00,73.22,73.86,72.88,73.63
2026-06-21 04:00:00,73.63,73.84,73.01,73.21
2026-06-21 08:00:00,73.21,74.4,72.75,73.21
2026-06-21 12:00:00,73.21,74.29,72.93,74.14
2026-06-21 16:00:00,74.14,74.68,73.8,74.42
2026-06-21 20:00:00,74.42,74.55,72.31,72.46
2026-06-22 00:00:00,72.47,74.99,72.46,73.52
2026-06-22 04:00:00,73.53,74.48,73.36,74.1
2026-06-22 08:00:00,74.1,74.44,73.57,74.17
2026-06-22 12:00:00,74.18,75,72.98,73.14
2026-06-22 16:00:00,73.15,73.57,72.45,72.71
2026-06-22 20:00:00,72.71,72.97,71.37,71.95
2026-06-23 00:00:00,71.95,72.06,71.31,72
2026-06-23 04:00:00,71.99,72.03,69.68,70.01
2026-06-23 08:00:00,70.01,70.11,68.16,69.33
2026-06-23 12:00:00,69.33,69.68,68.4,68.92
2026-06-23 16:00:00,68.93,69.41,68.64,68.84
2026-06-23 20:00:00,68.84,69.84,68.83,69.71
2026-06-24 00:00:00,69.7,70.41,69.1,69.56
2026-06-24 04:00:00,69.57,70.22,69,69.38
2026-06-24 08:00:00,69.38,70.44,68.77,69.82
2026-06-24 12:00:00,69.82,69.93,67.24,67.33
2026-06-24 16:00:00,67.32,68.03,64.71,66.13
2026-06-24 20:00:00,66.13,68.55,65.98,68.11
2026-06-25 00:00:00,68.12,68.32,67.4,67.7
2026-06-25 04:00:00,67.7,69.66,67.5,69.45
2026-06-25 08:00:00,69.44,69.45,68,68.18
2026-06-25 12:00:00,68.18,68.92,64.04,66.32
2026-06-25 16:00:00,66.32,67.35,65.65,66.2
2026-06-25 20:00:00,66.19,68.81,66.08,67.72
2026-06-26 00:00:00,67.72,68.5,65.91,68.21
2026-06-26 04:00:00,68.22,70.99,67.96,70.77
2026-06-26 08:00:00,70.78,70.88,68.39,68.61
2026-06-26 12:00:00,68.61,72.24,68.19,72.07
2026-06-26 16:00:00,72.06,73.93,72.01,73.01
2026-06-26 20:00:00,73.01,73.68,71.41,71.9
2026-06-27 00:00:00,71.9,72.5,71.36,72.27
2026-06-27 04:00:00,72.26,72.59,71.51,72.31
2026-06-27 08:00:00,72.31,72.33,71.53,71.81
2026-06-27 12:00:00,71.81,73.19,71.64,72.84
2026-06-27 16:00:00,72.83,73.01,70.94,71.11
2026-06-27 20:00:00,71.11,71.63,70.25,70.5
2026-06-28 00:00:00,70.49,71.01,70.44,70.87
2026-06-28 04:00:00,70.86,71.09,70.14,71.08
2026-06-28 08:00:00,71.08,72.2,71.06,71.92
2026-06-28 12:00:00,71.92,72.41,71.33,72.09
2026-06-28 16:00:00,72.09,72.13,70.25,70.74
2026-06-28 20:00:00,70.73,71.82,69.74,71.38
2026-06-29 00:00:00,71.39,73.33,70.35,72.68
2026-06-29 04:00:00,72.68,73.12,71.03,72.72
2026-06-29 08:00:00,72.72,73.68,72.25,72.52
2026-06-29 12:00:00,72.53,74.55,72.12,73.92
2026-06-29 16:00:00,73.92,76.49,72.89,75.98
2026-06-29 20:00:00,75.98,76,74.89,75.16
2026-06-30 00:00:00,75.17,75.24,74.04,74.19
2026-06-30 04:00:00,74.19,74.26,73.69,74.16
2026-06-30 08:00:00,74.16,75.8,73.3,73.4
2026-06-30 12:00:00,73.41,74.1,71.9,73.13
2026-06-30 16:00:00,73.14,73.97,72.73,73.75
2026-06-30 20:00:00,73.74,73.94,73.19,73.67
2026-07-01 00:00:00,73.67,75.69,72.25,75.48
2026-07-01 04:00:00,75.48,75.87,73.96,74.87
2026-07-01 08:00:00,74.87,75.58,74.46,74.84
2026-07-01 12:00:00,74.84,77.8,74.27,77.43
2026-07-01 16:00:00,77.43,78.25,76.8,77
2026-07-01 20:00:00,77.01,78.96,76.59,77.46
2026-07-02 00:00:00,77.46,78.96,76.9,78.72
2026-07-02 04:00:00,78.71,78.72,77.59,77.99
2026-07-02 08:00:00,78,82.78,77.94,82.38
2026-07-02 12:00:00,82.37,82.45,80.09,80.86
2026-07-02 16:00:00,80.87,81.32,80.15,80.83
2026-07-02 20:00:00,80.84,81.17,80.41,80.73
2026-07-03 00:00:00,80.72,81.69,80.34,80.73
2026-07-03 04:00:00,80.72,81.51,80.44,81.22
2026-07-03 08:00:00,81.23,81.88,80.67,81.58
2026-07-03 12:00:00,81.57,82.06,80.91,81.21
2026-07-03 16:00:00,81.21,83.22,81.08,82.48
2026-07-03 20:00:00,82.47,83.05,82.16,82.34
2026-07-04 00:00:00,82.35,82.85,81.8,82.74
2026-07-04 04:00:00,82.74,83.98,82.26,82.72
2026-07-04 08:00:00,82.72,82.78,81.42,81.82
2026-07-04 12:00:00,81.82,82.42,81.36,82.23
2026-07-04 16:00:00,82.24,82.83,81.71,81.88
2026-07-04 20:00:00,81.88,82.29,81.45,81.8
2026-07-05 00:00:00,81.8,81.84,80.2,80.56
2026-07-05 04:00:00,80.56,80.87,80.24,80.72
2026-07-05 08:00:00,80.72,80.87,79.68,80.57
2026-07-05 12:00:00,80.57,81.75,80.37,81.36
2026-07-05 16:00:00,81.36,81.54,80.81,81.04
2026-07-05 20:00:00,81.04,82.43,80.79,81.59
2026-07-06 00:00:00,81.59,82.33,80.45,80.8
2026-07-06 04:00:00,80.8,81.02,80.15,80.82
2026-07-06 08:00:00,80.83,81.08,80.06,80.39
2026-07-06 12:00:00,80.39,81.54,79.23,81.5
2026-07-06 16:00:00,81.5,82.4,81.29,82.07
2026-07-06 20:00:00,82.08,83.74,81.68,81.94
2026-07-07 00:00:00,81.94,82.5,80.97,81.05
2026-07-07 04:00:00,81.05,81.76,80.46,81.5
2026-07-07 08:00:00,81.51,81.6,80.76,81.32
2026-07-07 12:00:00,81.32,82.36,80.51,82.11
2026-07-07 16:00:00,82.11,82.79,80.78,81.37
2026-07-07 20:00:00,81.38,81.49,80.34,80.58
2026-07-08 00:00:00,80.58,80.78,78.22,78.73
2026-07-08 04:00:00,78.73,78.93,77.8,78.28
2026-07-08 08:00:00,78.29,78.43,76.9,77.56
2026-07-08 12:00:00,77.56,77.66,76.29,76.75
2026-07-08 16:00:00,76.76,77.68,76.76,77.42
2026-07-08 20:00:00,77.42,77.95,76.93,77.83
2026-07-09 00:00:00,77.83,78.78,76.71,77.38
2026-07-09 04:00:00,77.39,78.83,77.22,78.21
2026-07-09 08:00:00,78.22,78.41,77.32,77.61
2026-07-09 12:00:00,77.61,78.49,77.35,77.63
2026-07-09 16:00:00,77.63,78.43,77.26,78.15
2026-07-09 20:00:00,78.16,78.32,77.74,78.04
2026-07-10 00:00:00,78.05,79.45,77.79,79.07
2026-07-10 04:00:00,79.07,79.37,78.75,78.87
2026-07-10 08:00:00,78.87,79.68,78.81,79.36
2026-07-10 12:00:00,79.37,79.56,77.07,78.14
2026-07-10 16:00:00,78.15,78.26,77.33,77.89
2026-07-10 20:00:00,77.9,78.25,77.71,78.13
2026-07-11 00:00:00,78.14,78.14,77.47,77.79
2026-07-11 04:00:00,77.8,78.12,77.6,78
2026-07-11 08:00:00,77.99,78.34,77.75,78.13
2026-07-11 12:00:00,78.13,78.88,77.95,78.38
2026-07-11 16:00:00,78.39,78.4,77.63,78.15
2026-07-11 20:00:00,78.15,78.32,76.77,76.79
2026-07-12 00:00:00,76.79,77.09,75.65,77.04
2026-07-12 04:00:00,77.05,77.08,75.85,76.51
2026-07-12 08:00:00,76.52,77.28,76.39,76.95
2026-07-12 12:00:00,76.94,77.71,76.78,77.46
2026-07-12 16:00:00,77.47,77.78,77.23,77.68
2026-07-12 20:00:00,77.67,77.71,76.46,76.92
2026-07-13 00:00:00,76.92,78.2,75.43,75.86
2026-07-13 04:00:00,75.87,76.69,75.72,76.44
2026-07-13 08:00:00,76.45,76.9,76.1,76.34
2026-07-13 12:00:00,76.35,76.41,75.11,75.81
2026-07-13 16:00:00,75.82,76.04,74.52,75.2
2026-07-13 20:00:00,75.19,75.35,74.1,75.01
2026-07-14 00:00:00,75.02,75.56,74.56,75.15
2026-07-14 04:00:00,75.15,75.48,74.91,74.97
2026-07-14 08:00:00,74.98,75.62,74.85,75.4
2026-07-14 12:00:00,75.4,77.95,75.19,77.38
2026-07-14 16:00:00,77.39,77.65,76.81,77.17
2026-07-14 20:00:00,77.18,77.95,76.93,77.87
2026-07-15 00:00:00,77.87,77.92,77.03,77.78
2026-07-15 04:00:00,77.78,78.7,77.4,77.42
2026-07-15 08:00:00,77.42,77.91,77.23,77.52
2026-07-15 12:00:00,77.53,79.04,77.26,78.07
2026-07-15 16:00:00,78.06,78.12,76.94,77.18
2026-07-15 20:00:00,77.18,77.74,77.1,77.29
2026-07-16 00:00:00,77.28,77.48,76.7,76.95
2026-07-16 04:00:00,76.95,77.64,76.14,76.41
2026-07-16 08:00:00,76.42,76.48,75.64,76.28
2026-07-16 12:00:00,76.27,76.86,75.69,76.63
2026-07-16 16:00:00,76.63,76.63,75.39,75.81
2026-07-16 20:00:00,75.8,76.08,75.01,75.32
2026-07-17 00:00:00,75.33,75.75,74.75,75.23
2026-07-17 04:00:00,75.23,75.34,74.29,74.61
2026-07-17 08:00:00,74.62,75,74.2,74.86
2026-07-17 12:00:00,74.86,74.88,73.39,74.77
2026-07-17 16:00:00,74.78,75.6,74.61,75.2
2026-07-17 20:00:00,75.2,75.24,74.84,75.04
2026-07-18 00:00:00,75.04,75.45,74.99,75.38
2026-07-18 04:00:00,75.37,75.39,74.87,74.97
2026-07-18 08:00:00,74.97,75.04,74.66,74.97
2026-07-18 12:00:00,74.96,75.19,74.5,74.97
2026-07-18 16:00:00,74.96,75.67,74.84,75.44
2026-07-18 20:00:00,75.45,75.64,75.34,75.52
2026-07-19 00:00:00,75.53,76.57,75.45,75.96
2026-07-19 04:00:00,75.95,76.34,75.74,76.14
2026-07-19 08:00:00,76.14,76.53,75.9,76.06
2026-07-19 12:00:00,76.07,76.7,75.76,76.21
2026-07-19 16:00:00,76.22,76.29,75.37,75.88
2026-07-19 20:00:00,75.89,76.57,75.63,76.38
2026-07-20 00:00:00,76.38,77.4,76.13,76.76
2026-07-20 04:00:00,76.76,76.95,75.5,76.22
2026-07-20 08:00:00,76.22,77.24,75.9,77.14
2026-07-20 12:00:00,77.14,77.92,75.79,77.76
2026-07-20 16:00:00,77.77,78.38,77.29,77.63
2026-07-20 20:00:00,77.64,78.05,77.43,77.85
2026-07-21 00:00:00,77.85,78.55,77.66,78.19
2026-07-21 04:00:00,78.2,78.88,78.02,78.56
2026-07-21 08:00:00,78.57,78.75,78.07,78.36
2026-07-21 12:00:00,78.36,78.64,77.79,78.14
2026-07-21 16:00:00,78.15,78.25,77.42,77.87
2026-07-21 20:00:00,77.86,78.2,77.8,78.12
2026-07-22 00:00:00,78.13,78.59,77.81,77.87
2026-07-22 04:00:00,77.87,78.23,77,77.1
2026-07-22 08:00:00,77.11,77.82,77.06,77.56
2026-07-22 12:00:00,77.56,78.85,77.02,78.47
2026-07-22 16:00:00,78.46,78.81,77.31,77.66
2026-07-22 20:00:00,77.66,78.12,77.5,77.97
2026-07-23 00:00:00,77.97,78.54,77.4,77.6
2026-07-23 04:00:00,77.6,77.83,77.04,77.16
2026-07-23 08:00:00,77.16,77.87,77.11,77.67
2026-07-23 12:00:00,77.67,77.74,75.86,76.39
2026-07-23 16:00:00,76.39,76.39,75.43,75.75
2026-07-23 20:00:00,75.74,76.28,75.71,75.88
2026-07-24 00:00:00,75.88,76.13,75.3,75.83
2026-07-24 04:00:00,75.84,76.45,75.59,76.07
2026-07-24 08:00:00,76.08,76.11,74.97,75.2
2026-07-24 12:00:00,75.2,75.3,73.61,74.04
2026-07-24 16:00:00,74.04,74.22,73.71,73.97
2026-07-24 20:00:00,73.97,74.03,73.44,73.96
2026-07-25 00:00:00,73.97,74.33,73.94,74.14
2026-07-25 04:00:00,74.14,74.36,73.77,73.79
2026-07-25 08:00:00,73.79,74.05,73.56,73.92
2026-07-25 12:00:00,73.92,74.2,73.78,73.81
