window,bull_start,date,day_offset,phase,btc_close,eth_close,btc_funding_day_pct,btc_funding_src,eth_funding_day_pct,btc_oi_coin,btc_oi_usd,btc_ls_accounts,btc_ls_top_positions,eth_oi_coin,eth_oi_usd,eth_ls_accounts,eth_ls_top_positions,stablecoins_usd_bn,dxy,gold,spx,nasdaq,vix,hy_spread_pct,real10y_pct,wti,net_liquidity_usd_tn,cot_cme_btc_levfunds_net,cot_gold_mm_net,market_open
2019-04 rally,2019-04-23,2019-03-24,-30,once,4022.168213,136.986923,-0.0587,BitMEX,,,,,,,,,,0.63,96.650002,1311.599976,2800.709961,7642.669922,,,0.54,58.87,3.659,-1068.0,30475.0,False
2019-04 rally,2019-04-23,2019-03-25,-29,once,3963.070557,135.031021,-0.1054,BitMEX,,,,,,,,,,0.63,96.57,1321.900024,2798.360107,7637.540039,,,0.55,58.71,3.659,-1068.0,30475.0,True
2019-04 rally,2019-04-23,2019-03-26,-28,once,3985.080811,135.460358,-0.1594,BitMEX,,,,,,,,,,0.63,96.739998,1314.300049,2818.459961,7691.52002,,,0.55,59.87,3.659,-867.0,57987.0,True
2019-04 rally,2019-04-23,2019-03-27,-27,once,4087.066162,140.988159,-0.1166,BitMEX,,,,,,,,,,0.63,96.769997,1309.900024,2805.370117,7643.379883,,,0.55,59.39,3.645,-867.0,57987.0,True
2019-04 rally,2019-04-23,2019-03-28,-26,once,4069.107178,139.416473,0.0229,BitMEX,,,,,,,,,,0.63,97.199997,1289.800049,2815.439941,7669.169922,,,0.56,59.29,3.645,-867.0,57987.0,True
2019-04 rally,2019-04-23,2019-03-29,-25,once,4098.374512,142.497421,-0.0472,BitMEX,,,,,,,,,,0.62,97.279999,1293.0,2834.399902,7729.319824,,,0.53,60.19,3.645,-867.0,57987.0,True
2019-04 rally,2019-04-23,2019-03-30,-24,once,4106.660156,142.092682,-0.1033,BitMEX,,,,,,,,,,0.62,97.279999,1293.0,2834.399902,7729.319824,,,0.53,60.19,3.645,-867.0,57987.0,False
2019-04 rally,2019-04-23,2019-03-31,-23,once,4105.404297,141.514099,-0.113,BitMEX,,,,,,,,,,0.62,97.279999,1293.0,2834.399902,7729.319824,,,0.53,60.19,3.645,-867.0,57987.0,False
2019-04 rally,2019-04-23,2019-04-01,-22,once,4158.183105,141.830322,-0.1281,BitMEX,,,,,,,,,,0.62,97.25,1288.400024,2867.189941,7828.910156,,,0.59,61.59,3.645,-867.0,57987.0,True
2019-04 rally,2019-04-23,2019-04-02,-21,once,4879.87793,163.961746,-0.0979,BitMEX,,,,,,,,,,0.63,97.360001,1290.0,2867.23999,7848.689941,,,0.58,62.53,3.645,-1081.0,24618.0,True
2019-04 rally,2019-04-23,2019-04-03,-20,once,4973.021973,161.458801,0.032,BitMEX,,,,,,,,,,0.63,97.089996,1289.900024,2873.399902,7895.549805,,,0.61,62.46,3.625,-1081.0,24618.0,True
2019-04 rally,2019-04-23,2019-04-04,-19,once,4922.798828,158.052536,0.0215,BitMEX,,,,,,,,,,0.63,97.309998,1289.0,2879.389893,7891.779785,,,0.61,62.12,3.625,-1081.0,24618.0,True
2019-04 rally,2019-04-23,2019-04-05,-18,once,5036.681152,165.514847,0.0531,BitMEX,,,,,,,,,,0.63,97.400002,1290.400024,2892.73999,7938.689941,,,0.6,63.1,3.625,-1081.0,24618.0,True
2019-04 rally,2019-04-23,2019-04-06,-17,once,5059.817383,165.947205,0.03,BitMEX,,,,,,,,,,0.63,97.400002,1290.400024,2892.73999,7938.689941,,,0.6,63.1,3.625,-1081.0,24618.0,False
2019-04 rally,2019-04-23,2019-04-07,-16,once,5198.896973,174.531647,0.03,BitMEX,,,,,,,,,,0.63,97.400002,1290.400024,2892.73999,7938.689941,,,0.6,63.1,3.625,-1081.0,24618.0,False
2019-04 rally,2019-04-23,2019-04-08,-15,once,5289.770996,180.25882,0.03,BitMEX,,,,,,,,,,0.63,97.050003,1297.099976,2895.77002,7953.879883,,,0.61,64.37,3.625,-1081.0,24618.0,True
2019-04 rally,2019-04-23,2019-04-09,-14,once,5204.958496,176.114578,0.0064,BitMEX,,,,,,,,,,0.65,97.010002,1303.5,2878.199951,7909.279785,,,0.6,64.05,3.625,-746.0,37037.0,True
2019-04 rally,2019-04-23,2019-04-10,-13,once,5324.551758,177.337479,0.03,BitMEX,,,,,,,,,,0.67,96.949997,1309.099976,2888.209961,7964.240234,,,0.54,64.62,3.671,-746.0,37037.0,True
2019-04 rally,2019-04-23,2019-04-11,-12,once,5064.487793,165.497025,-0.0063,BitMEX,,,,,,,,,,0.71,97.18,1288.599976,2888.320068,7947.359863,,,0.57,63.61,3.671,-746.0,37037.0,True
2019-04 rally,2019-04-23,2019-04-12,-11,once,5089.539062,164.736328,0.03,BitMEX,,,,,,,,,,0.71,96.970001,1290.599976,2907.409912,7984.160156,,,0.61,63.86,3.671,-746.0,37037.0,True
2019-04 rally,2019-04-23,2019-04-13,-10,once,5096.586426,164.513351,-0.0181,BitMEX,,,,,,,,,,0.73,96.970001,1290.599976,2907.409912,7984.160156,,,0.61,63.86,3.671,-746.0,37037.0,False
2019-04 rally,2019-04-23,2019-04-14,-9,once,5167.722168,167.838516,0.0075,BitMEX,,,,,,,,,,0.72,96.970001,1290.599976,2907.409912,7984.160156,,,0.61,63.86,3.671,-746.0,37037.0,False
2019-04 rally,2019-04-23,2019-04-15,-8,once,5067.108398,161.574173,0.0273,BitMEX,,,,,,,,,,0.73,96.940002,1286.800049,2905.580078,7976.009766,,,0.61,63.43,3.671,-746.0,37037.0,True
2019-04 rally,2019-04-23,2019-04-16,-7,once,5235.55957,167.623444,-0.0231,BitMEX,,,,,,,,,,0.75,97.040001,1272.599976,2907.060059,8000.22998,,,0.64,64.01,3.671,-269.0,-15387.0,True
2019-04 rally,2019-04-23,2019-04-17,-6,once,5251.937988,166.95076,0.03,BitMEX,,,,,,,,,,0.75,97.010002,1272.199951,2900.449951,7996.080078,,,0.65,63.74,3.647,-269.0,-15387.0,True
2019-04 rally,2019-04-23,2019-04-18,-5,once,5298.385742,173.814026,0.03,BitMEX,,,,,,,,,,0.81,97.470001,1271.900024,2905.030029,7998.060059,,,0.62,64.02,3.647,-269.0,-15387.0,True
2019-04 rally,2019-04-23,2019-04-19,-4,once,5303.8125,173.708435,0.0098,BitMEX,,,,,,,,,,0.81,97.470001,1271.900024,2905.030029,7998.060059,,,0.62,64.02,3.647,-269.0,-15387.0,False
2019-04 rally,2019-04-23,2019-04-20,-3,once,5337.88623,173.751266,0.0133,BitMEX,,,,,,,,,,0.82,97.470001,1271.900024,2905.030029,7998.060059,,,0.62,64.02,3.647,-269.0,-15387.0,False
2019-04 rally,2019-04-23,2019-04-21,-2,once,5314.53125,170.046524,0.0124,BitMEX,,,,,,,,,,0.81,97.470001,1271.900024,2905.030029,7998.060059,,,0.62,64.02,3.647,-269.0,-15387.0,False
2019-04 rally,2019-04-23,2019-04-22,-1,once,5399.365234,171.874664,0.0244,BitMEX,,,,,,,,,,0.82,97.279999,1273.5,2907.969971,8015.27002,,,0.64,65.66,3.647,-269.0,-15387.0,True
2019-04 rally,2019-04-23,2019-04-23,0,baslangic,5572.362305,171.4478,-0.0583,BitMEX,,,,,,,,,,0.82,97.57,1269.300049,2933.679932,8120.819824,,,0.62,66.24,3.647,-433.0,-33829.0,True
2019-04 rally,2019-04-23,2019-04-24,1,sonra,5464.866699,165.826096,-0.1186,BitMEX,,,,,,,,,,0.89,98.099998,1275.5,2927.25,8102.009766,,,0.57,65.96,3.54,-433.0,-33829.0,True
2019-04 rally,2019-04-23,2019-04-25,2,sonra,5210.515625,154.459396,-0.0679,BitMEX,,,,,,,,,,0.94,98.199997,1275.800049,2926.169922,8118.680176,,,0.56,65.23,3.54,-433.0,-33829.0,True
2019-04 rally,2019-04-23,2019-04-26,3,sonra,5279.348145,156.347092,-0.1288,BitMEX,,,,,,,,,,0.99,98.010002,1284.900024,2939.879883,8146.399902,,,0.54,63.29,3.54,-433.0,-33829.0,True
2019-04 rally,2019-04-23,2019-04-27,4,sonra,5268.291016,158.434937,-0.1501,BitMEX,,,,,,,,,,1.0,98.010002,1284.900024,2939.879883,8146.399902,,,0.54,63.29,3.54,-433.0,-33829.0,False
2019-04 rally,2019-04-23,2019-04-28,5,sonra,5285.13916,157.295074,-0.1718,BitMEX,,,,,,,,,,1.04,98.010002,1284.900024,2939.879883,8146.399902,,,0.54,63.29,3.54,-433.0,-33829.0,False
2019-04 rally,2019-04-23,2019-04-29,6,sonra,5247.352539,155.201996,-0.1702,BitMEX,,,,,,,,,,1.05,97.860001,1278.599976,2943.030029,8161.850098,,,0.58,63.39,3.54,-433.0,-33829.0,True
2019-04 rally,2019-04-23,2019-04-30,7,sonra,5350.726562,162.166031,-0.1614,BitMEX,,,,,,,,,,1.07,97.480003,1282.800049,2945.830078,8095.390137,,,0.56,63.83,3.54,-586.0,76.0,True
2019-04 rally,2019-04-23,2019-05-01,8,sonra,5402.697266,160.818344,-0.1684,BitMEX,,,,,,,,,,1.07,97.690002,1281.400024,2923.72998,8049.640137,,,0.59,63.55,3.489,-586.0,76.0,True
2019-04 rally,2019-04-23,2019-05-02,9,sonra,5505.283691,162.122787,-0.1273,BitMEX,,,,,,,,,,1.08,97.830002,1269.699951,2917.52002,8036.77002,,,0.66,61.75,3.489,-586.0,76.0,True
2019-04 rally,2019-04-23,2019-05-03,10,sonra,5768.289551,167.952408,-0.1506,BitMEX,,,,,,,,,,1.09,97.519997,1279.199951,2945.639893,8164.0,,,0.63,61.98,3.489,-586.0,76.0,True
2019-04 rally,2019-04-23,2019-05-04,11,sonra,5831.16748,164.026581,-0.0208,BitMEX,,,,,,,,,,1.11,97.519997,1279.199951,2945.639893,8164.0,,,0.63,61.98,3.489,-586.0,76.0,False
2019-04 rally,2019-04-23,2019-05-05,12,sonra,5795.708496,163.450699,-0.1082,BitMEX,,,,,,,,,,1.11,97.519997,1279.199951,2945.639893,8164.0,,,0.63,61.98,3.489,-586.0,76.0,False
2019-04 rally,2019-04-23,2019-05-06,13,sonra,5746.807129,172.653214,-0.0829,BitMEX,,,,,,,,,,1.12,97.519997,1281.699951,2932.469971,8123.290039,,,0.6,62.3,3.489,-586.0,76.0,True
2019-04 rally,2019-04-23,2019-05-07,14,sonra,5829.501465,169.79866,-0.0548,BitMEX,,,,,,,,,,1.12,97.629997,1283.5,2884.050049,7963.759766,,,0.58,61.41,3.489,-751.0,9547.0,True
2019-04 rally,2019-04-23,2019-05-08,15,sonra,5982.45752,170.948166,-0.173,BitMEX,,,,,,,,,,1.13,97.620003,1279.400024,2879.419922,7943.319824,,,0.62,62.13,3.544,-751.0,9547.0,True
2019-04 rally,2019-04-23,2019-05-09,16,sonra,6174.528809,170.289307,-0.2258,BitMEX,,,,,,,,,,1.14,97.370003,1283.5,2870.719971,7910.589844,,,0.6,61.58,3.544,-751.0,9547.0,True
2019-04 rally,2019-04-23,2019-05-10,17,sonra,6378.849121,173.142746,-0.3583,BitMEX,,,,,,,,,,1.08,97.330002,1285.699951,2881.399902,7916.939941,,,0.59,61.65,3.544,-751.0,9547.0,True
2019-04 rally,2019-04-23,2019-05-11,18,sonra,7204.771484,194.304337,-0.1722,BitMEX,,,,,,,,,,1.09,97.330002,1285.699951,2881.399902,7916.939941,,,0.59,61.65,3.544,-751.0,9547.0,False
2019-04 rally,2019-04-23,2019-05-12,19,sonra,6972.371582,187.325317,0.03,BitMEX,,,,,,,,,,1.09,97.330002,1285.699951,2881.399902,7916.939941,,,0.59,61.65,3.544,-751.0,9547.0,False
2019-04 rally,2019-04-23,2019-05-13,20,sonra,7814.915039,196.846283,0.03,BitMEX,,,,,,,,,,1.09,97.32,1300.099976,2811.870117,7647.02002,,,0.55,60.97,3.544,-751.0,9547.0,True
2019-04 rally,2019-04-23,2019-05-14,21,sonra,7994.416016,217.148575,0.061,BitMEX,,,,,,,,,,1.12,97.529999,1294.699951,2834.409912,7734.490234,,,0.56,61.82,3.544,-166.0,52546.0,True
2019-04 rally,2019-04-23,2019-05-15,22,sonra,8205.167969,247.153061,0.0547,BitMEX,,,,,,,,,,1.11,97.57,1296.300049,2850.959961,7822.149902,,,0.54,62.03,3.541,-166.0,52546.0,True
2019-04 rally,2019-04-23,2019-05-16,23,sonra,7884.90918,264.01001,0.0999,BitMEX,,,,,,,,,,1.12,97.839996,1285.0,2876.320068,7898.049805,,,0.56,62.93,3.541,-166.0,52546.0,True
2019-04 rally,2019-04-23,2019-05-17,24,sonra,7343.895508,243.764587,0.107,BitMEX,,,,,,,,,,1.13,98.0,1274.5,2859.530029,7816.279785,,,0.58,62.77,3.541,-166.0,52546.0,True
2019-04 rally,2019-04-23,2019-05-18,25,sonra,7271.208008,234.59523,-0.0158,BitMEX,,,,,,,,,,1.13,98.0,1274.5,2859.530029,7816.279785,,,0.58,62.77,3.541,-166.0,52546.0,False
2019-04 rally,2019-04-23,2019-05-19,26,sonra,8197.689453,261.292206,0.0026,BitMEX,,,,,,,,,,1.14,98.0,1274.5,2859.530029,7816.279785,,,0.58,62.77,3.541,-166.0,52546.0,False
2019-04 rally,2019-04-23,2019-05-20,27,sonra,7978.309082,251.86441,0.0781,BitMEX,,,,,,,,,,1.14,97.93,1276.099976,2840.22998,7702.379883,,,0.6,63.12,3.541,-166.0,52546.0,True
2019-04 rally,2019-04-23,2019-05-21,28,sonra,7963.327637,255.215881,0.0579,BitMEX,,,,,,,,,,1.16,98.059998,1272.0,2864.360107,7785.720215,,,0.6,63.02,3.541,-144.0,15937.0,True
2019-04 rally,2019-04-23,2019-05-22,29,sonra,7680.066406,244.698914,0.0882,BitMEX,,,,,,,,,,1.19,98.110001,1273.599976,2856.27002,7750.839844,,,0.6,61.42,3.574,-144.0,15937.0,True
2019-04 rally,2019-04-23,2019-05-23,30,sonra,7881.84668,245.965668,0.03,BitMEX,,,,,,,,,,1.2,97.849998,1284.800049,2822.23999,7628.279785,,,0.58,57.65,3.574,-144.0,15937.0,True
2019-04 rally,2019-04-23,2019-05-24,31,sonra,7987.371582,249.484985,0.0359,BitMEX,,,,,,,,,,1.22,97.610001,1283.0,2826.060059,7637.009766,,,0.56,58.4,3.574,-144.0,15937.0,True
2019-04 rally,2019-04-23,2019-05-25,32,sonra,8052.543945,251.759872,0.1788,BitMEX,,,,,,,,,,1.26,97.610001,1283.0,2826.060059,7637.009766,,,0.56,58.4,3.574,-144.0,15937.0,False
2019-04 rally,2019-04-23,2019-05-26,33,sonra,8673.21582,267.069641,0.151,BitMEX,,,,,,,,,,1.28,97.610001,1283.0,2826.060059,7637.009766,,,0.56,58.4,3.574,-144.0,15937.0,False
2019-04 rally,2019-04-23,2019-05-27,34,sonra,8805.77832,272.86264,0.5322,BitMEX,,,,,,,,,,1.29,97.610001,1283.0,2826.060059,7637.009766,,,0.56,58.4,3.574,-144.0,15937.0,False
2019-04 rally,2019-04-23,2019-05-28,35,sonra,8719.961914,271.768707,0.4235,BitMEX,,,,,,,,,,1.3,97.959999,1276.5,2802.389893,7607.350098,,,0.53,58.91,3.574,-54.0,26274.0,True
2019-04 rally,2019-04-23,2019-05-29,36,sonra,8659.487305,269.455688,0.2703,BitMEX,,,,,,,,,,1.31,98.139999,1280.599976,2783.02002,7547.310059,,,0.5,58.84,3.601,-54.0,26274.0,True
2019-04 rally,2019-04-23,2019-05-30,37,sonra,8319.472656,255.858948,0.2466,BitMEX,,,,,,,,,,1.33,98.139999,1287.099976,2788.860107,7567.720215,,,0.48,56.47,3.601,-54.0,26274.0,True
2019-04 rally,2019-04-23,2019-05-31,38,sonra,8574.501953,268.113556,0.0539,BitMEX,,,,,,,,,,1.3,97.75,1305.800049,2752.060059,7453.149902,,,0.4,53.49,3.601,-54.0,26274.0,True
2019-04 rally,2019-04-23,2019-06-01,39,sonra,8564.016602,265.391266,0.0357,BitMEX,,,,,,,,,,1.32,97.75,1305.800049,2752.060059,7453.149902,,,0.4,53.49,3.601,-54.0,26274.0,False
2019-04 rally,2019-04-23,2019-06-02,40,sonra,8742.958008,270.225525,0.1073,BitMEX,,,,,,,,,,1.32,97.75,1305.800049,2752.060059,7453.149902,,,0.4,53.49,3.601,-54.0,26274.0,False
2019-04 rally,2019-04-23,2019-06-03,41,sonra,8208.995117,252.607925,0.0714,BitMEX,,,,,,,,,,1.32,97.139999,1322.699951,2744.449951,7333.02002,,,0.34,53.25,3.601,-54.0,26274.0,True
2019-04 rally,2019-04-23,2019-06-04,42,sonra,7707.770996,241.338791,0.0182,BitMEX,,,,,,,,,,1.33,97.07,1323.400024,2803.27002,7527.120117,,,0.38,53.5,3.601,-377.0,96182.0,True
2019-04 rally,2019-04-23,2019-06-05,43,sonra,7824.231445,247.05101,0.0126,BitMEX,,,,,,,,,,1.34,97.370003,1328.300049,2826.149902,7575.47998,,,0.37,51.57,3.622,-377.0,96182.0,True
2019-04 rally,2019-04-23,2019-06-06,44,sonra,7822.023438,249.474335,-0.0278,BitMEX,,,,,,,,,,1.37,97.029999,1337.599976,2843.48999,7615.549805,,,0.39,52.59,3.622,-377.0,96182.0,True
2019-04 rally,2019-04-23,2019-06-07,45,sonra,8043.951172,250.930359,0.0075,BitMEX,,,,,,,,,,1.4,96.610001,1341.199951,2873.340088,7742.100098,,,0.35,53.95,3.622,-377.0,96182.0,True
2019-04 rally,2019-04-23,2019-06-08,46,sonra,7954.12793,245.738098,-0.0242,BitMEX,,,,,,,,,,1.41,96.610001,1341.199951,2873.340088,7742.100098,,,0.35,53.95,3.622,-377.0,96182.0,False
2019-04 rally,2019-04-23,2019-06-09,47,sonra,7688.077148,233.0867,0.0022,BitMEX,,,,,,,,,,1.41,96.610001,1341.199951,2873.340088,7742.100098,,,0.35,53.95,3.622,-377.0,96182.0,False
2019-04 rally,2019-04-23,2019-06-10,48,sonra,8000.32959,247.520126,-0.1061,BitMEX,,,,,,,,,,1.42,96.760002,1324.699951,2886.72998,7823.169922,,,0.42,53.33,3.622,-377.0,96182.0,True
2019-04 rally,2019-04-23,2019-06-11,49,sonra,7927.714355,245.78183,0.03,BitMEX,,,,,,,,,,1.46,96.690002,1326.400024,2885.719971,7822.569824,,,0.43,53.3,3.622,-971.0,129160.0,True
2019-04 rally,2019-04-23,2019-06-12,50,sonra,8145.857422,260.90329,0.0201,BitMEX,,,,,,,,,,1.49,97.0,1331.900024,2879.840088,7792.720215,,,0.42,51.13,3.661,-971.0,129160.0,True
2019-04 rally,2019-04-23,2019-06-13,51,sonra,8230.923828,256.168793,0.03,BitMEX,,,,,,,,,,1.53,97.010002,1339.199951,2891.639893,7837.129883,,,0.42,52.38,3.661,-971.0,129160.0,True
2019-04 rally,2019-04-23,2019-06-14,52,sonra,8693.833008,264.087463,0.03,BitMEX,,,,,,,,,,1.55,97.57,1340.099976,2886.97998,7796.660156,,,0.46,52.47,3.661,-971.0,129160.0,True
2019-04 rally,2019-04-23,2019-06-15,53,sonra,8838.375,269.019318,0.0195,BitMEX,,,,,,,,,,1.57,97.57,1340.099976,2886.97998,7796.660156,,,0.46,52.47,3.661,-971.0,129160.0,False
2019-04 rally,2019-04-23,2019-06-16,54,sonra,8994.488281,269.223206,0.3035,BitMEX,,,,,,,,,,1.59,97.57,1340.099976,2886.97998,7796.660156,,,0.46,52.47,3.661,-971.0,129160.0,False
2019-04 rally,2019-04-23,2019-06-17,55,sonra,9320.352539,274.351105,0.1581,BitMEX,,,,,,,,,,1.61,97.559998,1338.699951,2889.669922,7845.02002,,,0.48,51.94,3.661,-971.0,129160.0,True
2019-04 rally,2019-04-23,2019-06-18,56,sonra,9081.762695,265.051849,0.1835,BitMEX,,,,,,,,,,1.63,97.639999,1346.599976,2917.75,7953.879883,,,0.42,53.86,3.661,-347.0,150516.0,True
2019-04 rally,2019-04-23,2019-06-19,57,sonra,9273.521484,269.431793,0.1996,BitMEX,,,,,,,,,,1.64,97.120003,1344.599976,2926.459961,7987.319824,,,0.36,53.74,3.623,-347.0,150516.0,True
2019-04 rally,2019-04-23,2019-06-20,58,sonra,9527.160156,271.695007,0.1554,BitMEX,,,,,,,,,,1.63,96.629997,1392.900024,2954.179932,8051.339844,,,0.27,56.88,3.623,-347.0,150516.0,True
2019-04 rally,2019-04-23,2019-06-21,59,sonra,10144.556641,294.910278,0.1305,BitMEX,,,,,,,,,,1.65,96.220001,1396.199951,2950.459961,8031.709961,,,0.34,57.35,3.623,-347.0,150516.0,True
2019-04 rally,2019-04-23,2019-06-22,60,sonra,10701.691406,309.38031,0.4247,BitMEX,,,,,,,,,,1.66,96.220001,1396.199951,2950.459961,8031.709961,,,0.34,57.35,3.623,-347.0,150516.0,False
2020-05 bull,2020-05-21,2020-04-21,-30,once,6880.323242,172.737701,0.002461,Binance,0.02,,,,,,,,,7.83,100.260002,1678.199951,2736.560059,8263.230469,45.41,,-0.38,8.91,5.475,-632.0,146271.0,True
2020-05 bull,2020-05-21,2020-04-22,-29,once,7117.20752,182.599579,-0.067649,Binance,0.04,,,,,,,,,7.81,100.389999,1728.699951,2799.310059,8495.379883,41.98,,-0.43,13.64,5.661,-632.0,146271.0,True
2020-05 bull,2020-05-21,2020-04-23,-28,once,7429.724609,185.028671,0.004509,Binance,0.03,,,,,,,,,8.59,100.43,1733.300049,2797.800049,8494.75,41.380001,,-0.44,15.06,5.661,-632.0,146271.0,True
2020-05 bull,2020-05-21,2020-04-24,-27,once,7550.900879,189.236938,0.02,Binance,0.02,,,,,,,,,8.55,100.379997,1723.5,2836.73999,8634.519531,35.93,,-0.51,15.99,5.661,-632.0,146271.0,True
2020-05 bull,2020-05-21,2020-04-25,-26,once,7569.936035,195.515305,0.04,Binance,0.04,,,,,,,,,8.57,100.379997,1723.5,2836.73999,8634.519531,35.93,,-0.51,15.99,5.661,-632.0,146271.0,False
2020-05 bull,2020-05-21,2020-04-26,-25,once,7679.867188,197.317535,0.027493,Binance,0.03,,,,,,,,,8.6,100.379997,1723.5,2836.73999,8634.519531,35.93,,-0.51,15.99,5.661,-632.0,146271.0,False
2020-05 bull,2020-05-21,2020-04-27,-24,once,7795.601074,197.224716,0.03,Binance,0.03,,,,,,,,,8.63,100.040001,1711.900024,2878.47998,8730.160156,33.290001,,-0.5,12.17,5.661,-632.0,146271.0,True
2020-05 bull,2020-05-21,2020-04-28,-23,once,7807.058594,198.41539,0.03,Binance,0.03,,,,,,,,,8.63,99.870003,1710.5,2863.389893,8607.730469,33.57,,-0.52,12.4,5.661,-1355.0,146406.0,True
2020-05 bull,2020-05-21,2020-04-29,-22,once,8801.038086,216.968231,0.033208,Binance,0.03,,,,,,,,,8.6,99.57,1703.400024,2939.51001,8914.709961,31.23,,-0.51,15.04,5.657,-1355.0,146406.0,True
2020-05 bull,2020-05-21,2020-04-30,-21,once,8658.553711,207.602051,0.128589,Binance,0.060543,,,,,,,,,9.15,99.019997,1684.199951,2912.429932,8889.549805,34.150002,,-0.43,19.23,5.657,-1355.0,146406.0,True
2020-05 bull,2020-05-21,2020-05-01,-20,once,8864.766602,214.219101,0.041413,Binance,0.073457,,,,,,,,,9.14,98.800003,1694.5,2830.709961,8604.950195,37.189999,,-0.42,19.72,5.657,-1355.0,146406.0,True
2020-05 bull,2020-05-21,2020-05-02,-19,once,8988.59668,215.325378,0.030144,Binance,0.114822,,,,,,,,,9.21,98.800003,1694.5,2830.709961,8604.950195,37.189999,,-0.42,19.72,5.657,-1355.0,146406.0,False
2020-05 bull,2020-05-21,2020-05-03,-18,once,8897.46875,210.933151,0.046897,Binance,0.073997,,,,,,,,,9.23,98.800003,1694.5,2830.709961,8604.950195,37.189999,,-0.42,19.72,5.657,-1355.0,146406.0,False
2020-05 bull,2020-05-21,2020-05-04,-17,once,8912.654297,208.174011,0.03,Binance,0.05977,,,,,,,,,9.26,99.480003,1706.900024,2842.73999,8710.709961,35.970001,,-0.43,20.47,5.657,-1355.0,146406.0,True
2020-05 bull,2020-05-21,2020-05-05,-16,once,9003.070312,206.774399,0.02,Binance,0.043589,,,,,,,,,9.23,99.709999,1704.400024,2868.439941,8809.120117,33.610001,,-0.44,24.56,5.657,-957.0,133241.0,True
2020-05 bull,2020-05-21,2020-05-06,-15,once,9268.761719,204.055786,0.065981,Binance,0.101297,,,,,,,,,9.31,100.089996,1684.199951,2848.419922,8854.389648,34.119999,,-0.38,23.88,5.593,-957.0,133241.0,True
2020-05 bull,2020-05-21,2020-05-07,-14,once,9951.518555,212.289413,0.036094,Binance,0.088811,,,,,,,,,9.39,99.889999,1721.800049,2881.189941,8979.660156,31.440001,,-0.45,23.68,5.593,-957.0,133241.0,True
2020-05 bull,2020-05-21,2020-05-08,-13,once,9842.666016,212.991577,0.129243,Binance,0.088194,,,,,,,,,9.55,99.730003,1709.900024,2929.800049,9121.320312,27.98,,-0.43,24.73,5.593,-957.0,133241.0,True
2020-05 bull,2020-05-21,2020-05-09,-12,once,9593.896484,211.600128,0.17616,Binance,0.055583,,,,,,,,,9.62,99.730003,1709.900024,2929.800049,9121.320312,27.98,,-0.43,24.73,5.593,-957.0,133241.0,False
2020-05 bull,2020-05-21,2020-05-10,-11,once,8756.430664,188.599564,0.03,Binance,0.03,,,,,,,,,9.79,99.730003,1709.900024,2929.800049,9121.320312,27.98,,-0.43,24.73,5.593,-957.0,133241.0,False
2020-05 bull,2020-05-21,2020-05-11,-10,once,8601.795898,185.912842,0.03,Binance,0.03,,,,,,,,,9.95,100.239998,1695.300049,2930.189941,9192.339844,27.57,,-0.4,24.02,5.593,-957.0,133241.0,True
2020-05 bull,2020-05-21,2020-05-12,-9,once,8804.477539,189.3125,0.03,Binance,0.03,,,,,,,,,9.96,99.93,1704.400024,2870.120117,9002.549805,33.040001,,-0.4,25.76,5.593,-1554.0,122217.0,True
2020-05 bull,2020-05-21,2020-05-13,-8,once,9269.987305,199.193283,0.03,Binance,0.03,,,,,,,,,10.12,100.239998,1713.900024,2820.0,8863.169922,35.279999,,-0.43,25.37,5.743,-1554.0,122217.0,True
2020-05 bull,2020-05-21,2020-05-14,-7,once,9733.72168,202.949097,0.03,Binance,0.024486,,,,,,,,,10.14,100.470001,1738.099976,2852.5,8943.719727,32.610001,,-0.43,27.4,5.743,-1554.0,122217.0,True
2020-05 bull,2020-05-21,2020-05-15,-6,once,9328.197266,195.622665,0.0144,Binance,0.006043,,,,,,,,,10.26,100.400002,1753.400024,2863.699951,9014.55957,31.889999,,-0.45,29.44,5.743,-1554.0,122217.0,True
2020-05 bull,2020-05-21,2020-05-16,-5,once,9377.013672,200.677124,0.03,Binance,0.01453,,,,,,,,,10.32,100.400002,1753.400024,2863.699951,9014.55957,31.889999,,-0.45,29.44,5.743,-1554.0,122217.0,False
2020-05 bull,2020-05-21,2020-05-17,-4,once,9670.739258,207.158691,0.023014,Binance,0.025943,,,,,,,,,10.34,100.400002,1753.400024,2863.699951,9014.55957,31.889999,,-0.45,29.44,5.743,-1554.0,122217.0,False
2020-05 bull,2020-05-21,2020-05-18,-3,once,9726.575195,214.525055,0.00336,Binance,0.02,,,,,,,,,10.43,99.669998,1731.800049,2953.909912,9234.830078,29.299999,,-0.44,31.83,5.743,-1554.0,122217.0,True
2020-05 bull,2020-05-21,2020-05-19,-2,once,9729.038086,213.451111,0.037892,Binance,0.04,,,,,,,,,10.41,99.370003,1744.199951,2922.939941,9185.099609,30.530001,,-0.45,32.3,5.743,-1357.0,127064.0,True
2020-05 bull,2020-05-21,2020-05-20,-1,once,9522.981445,210.096741,0.010973,Binance,0.03,,,,,,,,,10.38,99.120003,1750.599976,2971.610107,9375.780273,27.99,,-0.48,33.56,5.833,-1357.0,127064.0,True
2020-05 bull,2020-05-21,2020-05-21,0,baslangic,9081.761719,199.883606,0.016809,Binance,0.02,,,,,,,,,10.41,99.370003,1720.5,2948.51001,9284.879883,29.530001,,-0.46,34.3,5.833,-1357.0,127064.0,True
2020-05 bull,2020-05-21,2020-05-22,1,sonra,9182.577148,207.169189,-0.000679,Binance,0.023518,,,,,,,,,10.39,99.860001,1734.599976,2955.449951,9324.589844,28.16,,-0.46,33.49,5.833,-1357.0,127064.0,True
2020-05 bull,2020-05-21,2020-05-23,2,sonra,9209.287109,208.694397,0.00385,Binance,0.03,,,,,,,,,10.36,99.860001,1734.599976,2955.449951,9324.589844,28.16,,-0.46,33.49,5.833,-1357.0,127064.0,False
2020-05 bull,2020-05-21,2020-05-24,3,sonra,8790.368164,202.370346,0.031425,Binance,0.04,,,,,,,,,10.37,99.860001,1734.599976,2955.449951,9324.589844,28.16,,-0.46,33.49,5.833,-1357.0,127064.0,False
2020-05 bull,2020-05-21,2020-05-25,4,sonra,8906.93457,205.319748,-0.008547,Binance,0.03,,,,,,,,,10.44,99.860001,1734.599976,2955.449951,9324.589844,28.16,,-0.46,33.49,5.833,-1357.0,127064.0,False
2020-05 bull,2020-05-21,2020-05-26,5,sonra,8835.052734,201.902313,0.016703,Binance,0.03,,,,,,,,,10.48,98.910004,1704.800049,2991.77002,9340.219727,28.01,,-0.44,34.7,5.833,-903.0,113081.0,True
2020-05 bull,2020-05-21,2020-05-27,6,sonra,9181.017578,208.863434,-0.015391,Binance,0.03,,,,,,,,,10.48,99.059998,1710.300049,3036.129883,9412.360352,27.620001,,-0.46,32.8,5.782,-903.0,113081.0,True
2020-05 bull,2020-05-21,2020-05-28,7,sonra,9525.750977,219.840424,-0.005431,Binance,0.03,,,,,,,,,10.5,98.379997,1713.300049,3029.72998,9368.990234,28.59,,-0.48,33.67,5.782,-903.0,113081.0,True
2020-05 bull,2020-05-21,2020-05-29,8,sonra,9439.124023,220.675125,0.011273,Binance,0.03,,,,,,,,,10.52,98.339996,1751.699951,3044.310059,9489.870117,27.51,,-0.5,35.57,5.782,-903.0,113081.0,True
2020-05 bull,2020-05-21,2020-05-30,9,sonra,9700.414062,242.345596,0.03,Binance,0.03,,,,,,,,,10.52,98.339996,1751.699951,3044.310059,9489.870117,27.51,,-0.5,35.57,5.782,-903.0,113081.0,False
2020-05 bull,2020-05-21,2020-05-31,10,sonra,9461.058594,230.975708,0.03,Binance,0.03,,,,,,,,,10.59,98.339996,1751.699951,3044.310059,9489.870117,27.51,,-0.5,35.57,5.782,-903.0,113081.0,False
2020-05 bull,2020-05-21,2020-06-01,11,sonra,10167.268555,246.99176,0.032507,Binance,0.054764,,,,,,,,,10.55,97.830002,1750.300049,3055.72998,9552.049805,28.23,,-0.52,35.49,5.782,-903.0,113081.0,True
2020-05 bull,2020-05-21,2020-06-02,12,sonra,9529.803711,237.219055,0.09831,Binance,0.038222,,,,,,,,,10.59,97.669998,1734.0,3080.820068,9608.379883,26.84,,-0.5,36.88,5.782,-2068.0,100355.0,True
2020-05 bull,2020-05-21,2020-06-03,13,sonra,9656.717773,244.179321,0.018646,Binance,0.02,,,,,,,,,10.67,97.279999,1704.800049,3122.870117,9682.910156,25.66,,-0.44,37.33,5.73,-2068.0,100355.0,True
2020-05 bull,2020-05-21,2020-06-04,14,sonra,9800.636719,244.426392,0.03,Binance,0.03,,,,,,,,,10.7,96.68,1727.400024,3112.350098,9615.80957,25.809999,,-0.4,37.42,5.73,-2068.0,100355.0,True
2020-05 bull,2020-05-21,2020-06-05,15,sonra,9665.533203,241.221985,0.04,Binance,0.04,,,,,,,,,10.74,96.940002,1683.0,3193.929932,9814.080078,24.52,,-0.36,39.49,5.73,-2068.0,100355.0,True
2020-05 bull,2020-05-21,2020-06-06,16,sonra,9653.679688,241.93132,0.03,Binance,0.03,,,,,,,,,10.74,96.940002,1683.0,3193.929932,9814.080078,24.52,,-0.36,39.49,5.73,-2068.0,100355.0,False
2020-05 bull,2020-05-21,2020-06-07,17,sonra,9758.852539,245.167252,0.02,Binance,0.02,,,,,,,,,10.76,96.940002,1683.0,3193.929932,9814.080078,24.52,,-0.36,39.49,5.73,-2068.0,100355.0,False
2020-05 bull,2020-05-21,2020-06-08,18,sonra,9771.489258,246.309906,0.04,Binance,0.076182,,,,,,,,,10.79,96.620003,1705.099976,3232.389893,9924.75,25.809999,,-0.4,38.17,5.73,-2068.0,100355.0,True
2020-05 bull,2020-05-21,2020-06-09,19,sonra,9795.700195,244.911453,0.03,Binance,0.032471,,,,,,,,,10.82,96.32,1721.900024,3207.179932,9953.75,27.57,,-0.42,38.98,5.73,-1995.0,91177.0,True
2020-05 bull,2020-05-21,2020-06-10,20,sonra,9870.094727,247.444946,0.02,Binance,0.02,,,,,,,,,10.83,95.959999,1720.699951,3190.139893,10020.349609,27.57,,-0.52,39.54,5.662,-1995.0,91177.0,True
2020-05 bull,2020-05-21,2020-06-11,21,sonra,9321.78125,231.702667,0.03,Binance,0.043457,,,,,,,,,10.89,96.730003,1739.800049,3002.100098,9492.730469,40.790001,,-0.55,36.43,5.662,-1995.0,91177.0,True
2020-05 bull,2020-05-21,2020-06-12,22,sonra,9480.84375,237.49321,0.013956,Binance,0.04,,,,,,,,,10.91,97.32,1737.300049,3041.310059,9588.80957,36.09,,-0.5,36.24,5.662,-1995.0,91177.0,True
2020-05 bull,2020-05-21,2020-06-13,23,sonra,9475.277344,238.908844,0.017217,Binance,0.02,,,,,,,,,10.97,97.32,1737.300049,3041.310059,9588.80957,36.09,,-0.5,36.24,5.662,-1995.0,91177.0,False
2020-05 bull,2020-05-21,2020-06-14,24,sonra,9386.788086,234.1147,0.037102,Binance,0.04,,,,,,,,,10.97,97.32,1737.300049,3041.310059,9588.80957,36.09,,-0.5,36.24,5.662,-1995.0,91177.0,False
2020-05 bull,2020-05-21,2020-06-15,25,sonra,9450.702148,229.928909,-0.022362,Binance,0.02,,,,,,,,,10.98,96.68,1727.199951,3066.590088,9726.019531,34.400002,,-0.52,37.07,5.662,-1995.0,91177.0,True
2020-05 bull,2020-05-21,2020-06-16,26,sonra,9538.024414,234.416168,0.012549,Binance,0.04,,,,,,,,,10.99,96.959999,1736.5,3124.73999,9895.870117,33.669998,,-0.52,38.26,5.662,-1934.0,104688.0,True
2020-05 bull,2020-05-21,2020-06-17,27,sonra,9480.254883,233.028275,-0.00081,Binance,0.02,,,,,,,,,11.05,97.160004,1735.599976,3113.48999,9910.530273,33.470001,,-0.52,37.91,5.534,-1934.0,104688.0,True
2020-05 bull,2020-05-21,2020-06-18,28,sonra,9411.84082,232.101166,-0.01397,Binance,0.03,,,,,,,,,11.08,97.419998,1731.099976,3115.340088,9943.049805,32.939999,,-0.57,38.79,5.534,-1934.0,104688.0,True
2020-05 bull,2020-05-21,2020-06-19,29,sonra,9288.018555,227.13829,0.021783,Binance,0.04,,,,,,,,,11.13,97.620003,1753.0,3097.73999,9946.120117,35.119999,,-0.6,39.72,5.534,-1934.0,104688.0,True
2020-05 bull,2020-05-21,2020-06-20,30,sonra,9332.34082,229.274261,0.008129,Binance,0.03,,,,,,,,,11.22,97.620003,1753.0,3097.73999,9946.120117,35.119999,,-0.6,39.72,5.534,-1934.0,104688.0,False
2020-05 bull,2020-05-21,2020-06-21,31,sonra,9303.629883,228.989822,0.01871,Binance,0.03,,,,,,,,,11.27,97.620003,1753.0,3097.73999,9946.120117,35.119999,,-0.6,39.72,5.534,-1934.0,104688.0,False
2020-05 bull,2020-05-21,2020-06-22,32,sonra,9648.717773,242.533188,0.026784,Binance,0.03,,,,,,,,,11.29,97.040001,1766.400024,3117.860107,10056.480469,31.77,,-0.63,40.6,5.534,-1934.0,104688.0,True
2020-05 bull,2020-05-21,2020-06-23,33,sonra,9629.658203,244.142151,0.022215,Binance,0.02,,,,,,,,,11.34,96.690002,1782.0,3131.290039,10131.370117,31.370001,,-0.66,40.4,5.534,-2383.0,129515.0,True
2020-05 bull,2020-05-21,2020-06-24,34,sonra,9313.610352,235.772461,0.041286,Binance,0.04,,,,,,,,,11.3,97.150002,1775.099976,3050.330078,9909.169922,33.84,,-0.64,37.91,5.458,-2383.0,129515.0,True
2020-05 bull,2020-05-21,2020-06-25,35,sonra,9264.813477,232.944489,0.029401,Binance,0.03,,,,,,,,,11.31,97.43,1770.599976,3083.76001,10017.0,32.220001,,-0.65,38.66,5.458,-2383.0,129515.0,True
2020-05 bull,2020-05-21,2020-06-26,36,sonra,9162.917969,229.668045,0.02,Binance,0.02,,,,,,,,,11.3,97.5,1780.300049,3009.050049,9757.219727,34.73,,-0.68,38.53,5.458,-2383.0,129515.0,True
2020-05 bull,2020-05-21,2020-06-27,37,sonra,9045.390625,222.959793,0.03,Binance,0.03,,,,,,,,,11.33,97.5,1780.300049,3009.050049,9757.219727,34.73,,-0.68,38.53,5.458,-2383.0,129515.0,False
2020-05 bull,2020-05-21,2020-06-28,38,sonra,9143.582031,225.347168,0.034867,Binance,0.04,,,,,,,,,11.37,97.5,1780.300049,3009.050049,9757.219727,34.73,,-0.68,38.53,5.458,-2383.0,129515.0,False
2020-05 bull,2020-05-21,2020-06-29,39,sonra,9190.854492,228.19487,0.03,Binance,0.03,,,,,,,,,11.38,97.540001,1781.199951,3053.23999,9874.150391,31.780001,,-0.7,39.67,5.458,-2383.0,129515.0,True
2020-05 bull,2020-05-21,2020-06-30,40,sonra,9137.993164,226.315002,0.02,Binance,0.02,,,,,,,,,11.36,97.389999,1800.5,3100.290039,10058.769531,30.43,,-0.68,39.27,5.458,-2253.0,138555.0,True
2020-05 bull,2020-05-21,2020-07-01,41,sonra,9228.325195,231.113419,0.03,Binance,0.03,,,,,,,,,11.38,97.199997,1779.900024,3115.860107,10154.629883,28.620001,,-0.68,39.88,5.351,-2253.0,138555.0,True
2020-05 bull,2020-05-21,2020-07-02,42,sonra,9123.410156,229.392197,0.04,Binance,0.04,,,,,,,,,11.43,97.32,1790.0,3130.01001,10207.629883,27.68,,-0.73,40.57,5.351,-2253.0,138555.0,True
2020-05 bull,2020-05-21,2020-07-03,43,sonra,9087.303711,225.38707,0.02,Binance,0.02,,,,,,,,,11.43,97.32,1790.0,3130.01001,10207.629883,27.68,,-0.73,40.57,5.351,-2253.0,138555.0,False
2020-05 bull,2020-05-21,2020-07-04,44,sonra,9132.488281,229.074112,0.04,Binance,0.04,,,,,,,,,11.48,97.32,1790.0,3130.01001,10207.629883,27.68,,-0.73,40.57,5.351,-2253.0,138555.0,False
2020-05 bull,2020-05-21,2020-07-05,45,sonra,9073.942383,227.664597,0.03,Binance,0.03,,,,,,,,,11.55,97.32,1790.0,3130.01001,10207.629883,27.68,,-0.73,40.57,5.351,-2253.0,138555.0,False
2020-05 bull,2020-05-21,2020-07-06,46,sonra,9375.474609,241.510223,0.03,Binance,0.03,,,,,,,,,11.57,96.790001,1793.5,3179.719971,10433.650391,27.940001,,-0.76,40.51,5.351,-2253.0,138555.0,True
2020-05 bull,2020-05-21,2020-07-07,47,sonra,9252.277344,239.075531,0.03,Binance,0.03,,,,,,,,,11.58,96.879997,1809.900024,3145.320068,10343.889648,29.43,,-0.78,40.59,5.351,-2469.0,139343.0,True
2020-05 bull,2020-05-21,2020-07-08,48,sonra,9428.333008,246.670013,0.02,Binance,0.02,,,,,,,,,11.61,96.43,1820.599976,3169.939941,10492.5,28.08,,-0.75,40.91,5.268,-2469.0,139343.0,True
2020-05 bull,2020-05-21,2020-07-09,49,sonra,9277.967773,243.015961,0.04,Binance,0.042967,,,,,,,,,11.66,96.699997,1803.800049,3152.050049,10547.75,29.26,,-0.77,39.64,5.268,-2469.0,139343.0,True
2020-05 bull,2020-05-21,2020-07-10,50,sonra,9278.807617,240.984985,0.03,Binance,0.03,,,,,,,,,11.7,96.650002,1801.900024,3185.040039,10617.44043,27.290001,,-0.76,40.56,5.268,-2469.0,139343.0,True
2020-05 bull,2020-05-21,2020-07-11,51,sonra,9240.34668,239.458176,0.03,Binance,0.03,,,,,,,,,11.73,96.650002,1801.900024,3185.040039,10617.44043,27.290001,,-0.76,40.56,5.268,-2469.0,139343.0,False
2020-05 bull,2020-05-21,2020-07-12,52,sonra,9276.5,242.131699,0.03,Binance,0.03,,,,,,,,,11.77,96.650002,1801.900024,3185.040039,10617.44043,27.290001,,-0.76,40.56,5.268,-2469.0,139343.0,False
2020-05 bull,2020-05-21,2020-07-13,53,sonra,9243.614258,239.604584,0.02,Binance,0.022899,,,,,,,,,11.76,96.459999,1814.099976,3155.219971,10390.839844,32.189999,,-0.78,40.06,5.268,-2469.0,139343.0,True
2020-05 bull,2020-05-21,2020-07-14,54,sonra,9243.213867,240.211487,0.04,Binance,0.04,,,,,,,,,11.78,96.260002,1813.400024,3197.52002,10488.580078,29.52,,-0.78,40.3,5.268,-1887.0,134973.0,True
2020-05 bull,2020-05-21,2020-07-15,55,sonra,9192.836914,238.423523,0.03,Binance,0.03,,,,,,,,,11.77,96.080002,1813.800049,3226.560059,10550.490234,27.76,,-0.77,41.2,5.303,-1887.0,134973.0,True
2020-05 bull,2020-05-21,2020-07-16,56,sonra,9132.227539,233.640884,0.02,Binance,0.02,,,,,,,,,11.81,96.349998,1800.300049,3215.570068,10473.830078,28.0,,-0.79,40.74,5.303,-1887.0,134973.0,True
2020-05 bull,2020-05-21,2020-07-17,57,sonra,9151.392578,232.773087,0.03,Binance,0.03,,,,,,,,,11.83,95.940002,1810.0,3224.72998,10503.19043,25.68,,-0.82,40.55,5.303,-1887.0,134973.0,True
2020-05 bull,2020-05-21,2020-07-18,58,sonra,9159.040039,235.48381,0.04,Binance,0.04,,,,,,,,,11.85,95.940002,1810.0,3224.72998,10503.19043,25.68,,-0.82,40.55,5.303,-1887.0,134973.0,False
2020-05 bull,2020-05-21,2020-07-19,59,sonra,9185.817383,238.487518,0.03,Binance,0.03,,,,,,,,,11.89,95.940002,1810.0,3224.72998,10503.19043,25.68,,-0.82,40.55,5.303,-1887.0,134973.0,False
2020-05 bull,2020-05-21,2020-07-20,60,sonra,9164.231445,236.153168,0.03,Binance,0.03,,,,,,,,,11.97,95.830002,1817.400024,3251.840088,10767.089844,24.459999,,-0.84,40.83,5.303,-1887.0,134973.0,True
2021-10 leg,2021-10-01,2021-09-01,-30,once,48847.027344,3834.828125,0.061223,Binance,0.02,,,,,,,,,118.46,92.449997,1816.0,4524.089844,15309.379883,16.110001,,-1.03,68.63,6.987,-2987.0,81677.0,True
2021-10 leg,2021-10-01,2021-09-02,-29,once,49327.722656,3790.98999,0.146615,Binance,0.13444,,,,,,,,,118.56,92.230003,1811.5,4536.950195,15331.179688,16.41,,-1.03,70.07,6.987,-2987.0,81677.0,True
2021-10 leg,2021-10-01,2021-09-03,-28,once,50025.375,3940.614746,0.105606,Binance,0.130504,,,,,,,,,119.63,92.040001,1833.699951,4535.430176,15363.519531,16.41,,-1.01,69.34,6.987,-2987.0,81677.0,True
2021-10 leg,2021-10-01,2021-09-04,-27,once,49944.625,3887.828369,0.074946,Binance,0.223973,,,,,,,,,119.79,92.040001,1833.699951,4535.430176,15363.519531,16.41,,-1.01,69.34,6.987,-2987.0,81677.0,False
2021-10 leg,2021-10-01,2021-09-05,-26,once,51753.410156,3952.133545,0.03,Binance,0.209457,,,,,,,,,119.86,92.040001,1833.699951,4535.430176,15363.519531,16.41,,-1.01,69.34,6.987,-2987.0,81677.0,False
2021-10 leg,2021-10-01,2021-09-06,-25,once,52633.535156,3928.379395,0.046783,Binance,0.17132,,,,,,,,,121.0,92.040001,1833.699951,4535.430176,15363.519531,16.41,,-1.01,69.34,6.987,-2987.0,81677.0,False
2021-10 leg,2021-10-01,2021-09-07,-24,once,46811.128906,3426.394287,0.042977,Binance,0.134616,,,,,,,,,123.08,92.519997,1798.5,4520.029785,15374.330078,18.139999,,-0.98,68.49,6.987,-3306.0,67595.0,True
2021-10 leg,2021-10-01,2021-09-08,-23,once,46091.390625,3497.315186,0.03,Binance,0.03,,,,,,,,,123.61,92.650002,1793.5,4514.069824,15286.639648,17.959999,,-1.03,69.36,6.989,-3306.0,67595.0,True
2021-10 leg,2021-10-01,2021-09-09,-22,once,46391.421875,3427.340088,0.03,Binance,0.03,,,,,,,,,124.02,92.480003,1800.0,4493.279785,15248.25,18.799999,,-1.08,68.26,6.989,-3306.0,67595.0,True
2021-10 leg,2021-10-01,2021-09-10,-21,once,44883.910156,3211.505859,0.041115,Binance,0.04,,,,,,,,,124.35,92.580002,1792.099976,4458.580078,15115.490234,20.950001,,-1.05,69.82,6.989,-3306.0,67595.0,True
2021-10 leg,2021-10-01,2021-09-11,-20,once,45201.457031,3270.278076,0.03,Binance,0.03,,,,,,,,,123.49,92.580002,1792.099976,4458.580078,15115.490234,20.950001,,-1.05,69.82,6.989,-3306.0,67595.0,False
2021-10 leg,2021-10-01,2021-09-12,-19,once,46063.269531,3410.134521,0.03,Binance,0.03,,,,,,,,,124.0,92.580002,1792.099976,4458.580078,15115.490234,20.950001,,-1.05,69.82,6.989,-3306.0,67595.0,False
2021-10 leg,2021-10-01,2021-09-13,-18,once,44963.074219,3285.511719,0.02,Binance,0.02,,,,,,,,,124.56,92.620003,1794.400024,4468.72998,15105.580078,19.370001,,-1.04,70.54,6.989,-3306.0,67595.0,True
2021-10 leg,2021-10-01,2021-09-14,-17,once,47092.492188,3429.169678,0.03,Binance,0.03,,,,,,,,,123.98,92.650002,1807.099976,4443.049805,15037.759766,19.459999,,-1.05,70.53,6.989,-2716.0,71222.0,True
2021-10 leg,2021-10-01,2021-09-15,-16,once,48176.347656,3615.282715,0.03,Binance,0.03,,,,,,,,,124.28,92.489998,1794.800049,4480.700195,15161.530273,18.18,,-1.04,72.59,7.137,-2716.0,71222.0,True
2021-10 leg,2021-10-01,2021-09-16,-15,once,47783.359375,3571.294922,0.04,Binance,0.04,,,,,,,,,124.19,92.860001,1756.699951,4473.75,15181.919922,18.690001,,-1.01,72.69,7.137,-2716.0,71222.0,True
2021-10 leg,2021-10-01,2021-09-17,-14,once,47267.519531,3398.538818,0.03,Binance,0.03,,,,,,,,,124.44,93.199997,1751.400024,4432.990234,15043.969727,20.809999,,-0.96,72.09,7.137,-2716.0,71222.0,True
2021-10 leg,2021-10-01,2021-09-18,-13,once,48278.363281,3432.018311,0.02,Binance,0.02,,,,,,,,,124.93,93.199997,1751.400024,4432.990234,15043.969727,20.809999,,-0.96,72.09,7.137,-2716.0,71222.0,False
2021-10 leg,2021-10-01,2021-09-19,-12,once,47260.21875,3329.447998,0.03,Binance,0.03,,,,,,,,,124.85,93.199997,1751.400024,4432.990234,15043.969727,20.809999,,-0.96,72.09,7.137,-2716.0,71222.0,False
2021-10 leg,2021-10-01,2021-09-20,-11,once,42843.800781,2958.993408,0.03,Binance,0.03,,,,,,,,,125.09,93.239998,1763.800049,4357.72998,14713.900391,25.709999,,-0.98,70.41,7.137,-2716.0,71222.0,True
2021-10 leg,2021-10-01,2021-09-21,-10,once,40693.675781,2764.431152,0.03,Binance,0.03,,,,,,,,,124.13,93.199997,1778.199951,4354.189941,14746.400391,24.360001,,-0.96,70.51,7.137,-2968.0,46844.0,True
2021-10 leg,2021-10-01,2021-09-22,-9,once,43574.507812,3077.86792,0.03,Binance,0.03,,,,,,,,,123.91,93.459999,1778.800049,4395.640137,14896.849609,20.870001,,-0.96,72.37,6.899,-2968.0,46844.0,True
2021-10 leg,2021-10-01,2021-09-23,-8,once,44895.097656,3155.523682,0.014723,Binance,0.030055,,,,,,,,,125.14,93.099998,1749.800049,4448.97998,15052.240234,18.629999,,-0.9,73.43,6.899,-2968.0,46844.0,True
2021-10 leg,2021-10-01,2021-09-24,-7,once,42839.75,2931.669189,-0.004558,Binance,-0.010345,,,,,,,,,125.79,93.330002,1751.699951,4455.47998,15047.700195,17.75,,-0.87,74.18,6.899,-2968.0,46844.0,True
2021-10 leg,2021-10-01,2021-09-25,-6,once,42716.59375,2925.565674,0.025629,Binance,0.000743,,,,,,,,,126.52,93.330002,1751.699951,4455.47998,15047.700195,17.75,,-0.87,74.18,6.899,-2968.0,46844.0,False
2021-10 leg,2021-10-01,2021-09-26,-5,once,43208.539062,3062.265381,0.020771,Binance,0.025461,,,,,,,,,127.2,93.330002,1751.699951,4455.47998,15047.700195,17.75,,-0.87,74.18,6.899,-2968.0,46844.0,False
2021-10 leg,2021-10-01,2021-09-27,-4,once,42235.730469,2934.138916,0.022549,Binance,0.019144,,,,,,,,,127.67,93.379997,1752.0,4443.109863,14969.969727,18.76,,-0.87,75.54,6.899,-2968.0,46844.0,True
2021-10 leg,2021-10-01,2021-09-28,-3,once,41034.542969,2807.296631,0.017522,Binance,-0.004171,,,,,,,,,126.3,93.769997,1737.5,4352.629883,14546.679688,23.25,,-0.84,75.44,6.899,-3618.0,30861.0,True
2021-10 leg,2021-10-01,2021-09-29,-2,once,41564.363281,2853.143311,0.019418,Binance,-0.005063,,,,,,,,,126.31,94.339996,1722.900024,4359.459961,14512.44043,22.559999,,-0.82,75.06,6.834,-3618.0,30861.0,True
2021-10 leg,2021-10-01,2021-09-30,-1,once,43790.894531,3001.678955,0.019235,Binance,0.02,,,,,,,,,127.37,94.25,1757.0,4307.540039,14448.580078,23.139999,,-0.85,75.22,6.834,-3618.0,30861.0,True
2021-10 leg,2021-10-01,2021-10-01,0,baslangic,48116.941406,3307.516113,0.014786,Binance,0.026671,,,,,,,,,127.13,94.040001,1758.400024,4357.040039,14566.700195,21.1,,-0.9,76.01,6.834,-3618.0,30861.0,True
2021-10 leg,2021-10-01,2021-10-02,1,sonra,47711.488281,3391.694336,0.009457,Binance,0.02,,,,,,,,,127.21,94.040001,1758.400024,4357.040039,14566.700195,21.1,,-0.9,76.01,6.834,-3618.0,30861.0,False
2021-10 leg,2021-10-01,2021-10-03,2,sonra,48199.953125,3418.358643,0.03,Binance,0.03,,,,,,,,,127.3,94.040001,1758.400024,4357.040039,14566.700195,21.1,,-0.9,76.01,6.834,-3618.0,30861.0,False
2021-10 leg,2021-10-01,2021-10-04,3,sonra,49112.902344,3380.089111,0.03,Binance,0.03,,,,,,,,,127.67,93.809998,1767.599976,4300.459961,14255.480469,22.959999,,-0.89,77.68,6.834,-3618.0,30861.0,True
2021-10 leg,2021-10-01,2021-10-05,4,sonra,51514.8125,3518.518555,0.007734,Binance,0.03,,,,,,,,,127.64,93.980003,1760.900024,4345.720215,14433.830078,21.299999,,-0.91,79.17,6.834,-4284.0,54166.0,True
2021-10 leg,2021-10-01,2021-10-06,5,sonra,55361.449219,3580.562012,0.03,Binance,0.034323,,,,,,,,,127.88,94.269997,1761.800049,4363.549805,14501.910156,21.0,,-0.9,77.66,6.877,-4284.0,54166.0,True
2021-10 leg,2021-10-01,2021-10-07,6,sonra,53805.984375,3587.974854,0.071849,Binance,0.07624,,,,,,,,,128.31,94.220001,1759.199951,4399.759766,14654.019531,19.540001,,-0.88,78.46,6.877,-4284.0,54166.0,True
2021-10 leg,2021-10-01,2021-10-08,7,sonra,53967.847656,3563.759277,0.070151,Binance,0.055305,,,,,,,,,128.5,94.07,1757.400024,4391.339844,14579.540039,18.77,,-0.89,79.55,6.877,-4284.0,54166.0,True
2021-10 leg,2021-10-01,2021-10-09,8,sonra,54968.222656,3575.716797,0.045717,Binance,0.04,,,,,,,,,128.71,94.07,1757.400024,4391.339844,14579.540039,18.77,,-0.89,79.55,6.877,-4284.0,54166.0,False
2021-10 leg,2021-10-01,2021-10-10,9,sonra,54771.578125,3425.852783,0.030906,Binance,0.02,,,,,,,,,128.95,94.07,1757.400024,4391.339844,14579.540039,18.77,,-0.89,79.55,6.877,-4284.0,54166.0,False
2021-10 leg,2021-10-01,2021-10-11,10,sonra,57484.789062,3545.354004,0.03,Binance,0.05307,,,,,,,,,129.0,94.32,1755.699951,4361.189941,14486.200195,20.0,,-0.89,80.64,6.877,-4284.0,54166.0,True
2021-10 leg,2021-10-01,2021-10-12,11,sonra,56041.058594,3492.573242,0.03,Binance,0.03,,,,,,,,,129.62,94.519997,1759.300049,4350.649902,14465.919922,19.85,,-0.9,80.75,6.877,-4715.0,58519.0,True
2021-10 leg,2021-10-01,2021-10-13,12,sonra,57401.097656,3606.20166,0.03,Binance,0.03,,,,,,,,,129.15,94.080002,1794.699951,4363.799805,14571.639648,18.639999,,-0.96,80.67,7.038,-4715.0,58519.0,True
2021-10 leg,2021-10-01,2021-10-14,13,sonra,57321.523438,3786.01416,0.050079,Binance,0.079431,,,,,,,,,129.28,93.959999,1797.900024,4438.259766,14823.429688,16.860001,,-1.0,81.43,7.038,-4715.0,58519.0,True
2021-10 leg,2021-10-01,2021-10-15,14,sonra,61593.949219,3862.634766,0.056685,Binance,0.103552,,,,,,,,,129.55,93.940002,1768.300049,4471.370117,14897.339844,16.299999,,-0.97,82.39,7.038,-4715.0,58519.0,True
2021-10 leg,2021-10-01,2021-10-16,15,sonra,60892.179688,3830.38208,0.119263,Binance,0.108005,,,,,,,,,129.76,93.940002,1768.300049,4471.370117,14897.339844,16.299999,,-0.97,82.39,7.038,-4715.0,58519.0,False
2021-10 leg,2021-10-01,2021-10-17,16,sonra,61553.617188,3847.104492,0.115662,Binance,0.124516,,,,,,,,,129.77,93.940002,1768.300049,4471.370117,14897.339844,16.299999,,-0.97,82.39,7.038,-4715.0,58519.0,False
2021-10 leg,2021-10-01,2021-10-18,17,sonra,62026.078125,3748.760254,0.070642,Binance,0.081874,,,,,,,,,129.64,93.949997,1765.699951,4486.459961,15021.80957,16.309999,,-0.95,82.62,7.038,-4715.0,58519.0,True
2021-10 leg,2021-10-01,2021-10-19,18,sonra,64261.992188,3877.650879,0.034974,Binance,0.092871,,,,,,,,,129.45,93.790001,1770.5,4519.629883,15129.089844,15.7,,-0.89,83.19,7.038,-6245.0,57799.0,True
2021-10 leg,2021-10-01,2021-10-20,19,sonra,65992.835938,4155.992188,0.152164,Binance,0.175946,,,,,,,,,129.39,93.559998,1784.900024,4536.189941,15121.679688,15.49,,-0.92,84.4,6.988,-6245.0,57799.0,True
2021-10 leg,2021-10-01,2021-10-21,20,sonra,62210.171875,4054.322754,0.119307,Binance,0.131939,,,,,,,,,129.88,93.769997,1781.900024,4549.779785,15215.700195,15.01,,-0.96,82.64,6.988,-6245.0,57799.0,True
2021-10 leg,2021-10-01,2021-10-22,21,sonra,60692.265625,3970.181885,0.091218,Binance,0.101814,,,,,,,,,129.57,93.610001,1796.300049,4544.899902,15090.200195,15.43,,-0.98,84.53,6.988,-6245.0,57799.0,True
2021-10 leg,2021-10-01,2021-10-23,22,sonra,61393.617188,4171.663574,0.058427,Binance,0.063646,,,,,,,,,130.18,93.610001,1796.300049,4544.899902,15090.200195,15.43,,-0.98,84.53,6.988,-6245.0,57799.0,False
2021-10 leg,2021-10-01,2021-10-24,23,sonra,60930.835938,4087.903076,0.100435,Binance,0.104658,,,,,,,,,130.4,93.610001,1796.300049,4544.899902,15090.200195,15.43,,-0.98,84.53,6.988,-6245.0,57799.0,False
2021-10 leg,2021-10-01,2021-10-25,24,sonra,63039.824219,4217.876953,0.086666,Binance,0.115648,,,,,,,,,130.33,93.809998,1806.800049,4566.47998,15226.709961,15.24,,-1.02,84.64,6.988,-6245.0,57799.0,True
2021-10 leg,2021-10-01,2021-10-26,25,sonra,60363.792969,4131.102051,0.157625,Binance,0.119986,,,,,,,,,130.38,93.949997,1793.400024,4574.790039,15235.709961,15.98,,-1.06,85.64,6.988,-6238.0,86362.0,True
2021-10 leg,2021-10-01,2021-10-27,26,sonra,58482.386719,3930.257324,0.086501,Binance,0.102908,,,,,,,,,129.85,93.860001,1798.800049,4551.680176,15235.839844,16.98,,-1.11,82.66,6.91,-6238.0,86362.0,True
2021-10 leg,2021-10-01,2021-10-28,27,sonra,60622.136719,4287.318848,0.062876,Binance,0.065527,,,,,,,,,130.53,93.349998,1802.599976,4596.419922,15448.120117,16.530001,,-1.0,82.78,6.91,-6238.0,86362.0,True
2021-10 leg,2021-10-01,2021-10-29,28,sonra,62227.964844,4414.746582,0.059062,Binance,0.0908,,,,,,,,,131.02,94.120003,1783.900024,4605.379883,15498.389648,16.26,,-0.96,83.5,6.91,-6238.0,86362.0,True
2021-10 leg,2021-10-01,2021-10-30,29,sonra,61888.832031,4325.650391,0.061664,Binance,0.070867,,,,,,,,,131.49,94.120003,1783.900024,4605.379883,15498.389648,16.26,,-0.96,83.5,6.91,-6238.0,86362.0,False
2021-10 leg,2021-10-01,2021-10-31,30,sonra,61318.957031,4288.074219,0.111877,Binance,0.045461,,,,,,,,,131.87,94.120003,1783.900024,4605.379883,15498.389648,16.26,,-0.96,83.5,6.91,-6238.0,86362.0,False
2021-10 leg,2021-10-01,2021-11-01,31,sonra,61004.40625,4324.626953,0.136327,Binance,0.085309,,,,,,,,,131.65,93.879997,1795.800049,4613.669922,15595.919922,16.41,,-0.92,84.08,6.91,-6238.0,86362.0,True
2021-10 leg,2021-10-01,2021-11-02,32,sonra,63226.402344,4584.798828,0.081013,Binance,0.097246,,,,,,,,,133.17,94.089996,1789.400024,4630.649902,15649.599609,16.030001,,-0.95,83.91,6.91,-5685.0,85239.0,True
2021-10 leg,2021-10-01,2021-11-03,33,sonra,62970.046875,4607.193848,0.157434,Binance,0.080178,,,,,,,,,134.29,93.860001,1763.900024,4660.569824,15811.580078,15.1,,-0.93,80.82,6.951,-5685.0,85239.0,True
2021-10 leg,2021-10-01,2021-11-04,34,sonra,61452.230469,4537.324219,0.161477,Binance,0.129828,,,,,,,,,134.22,94.349998,1793.5,4680.060059,15940.30957,15.44,,-1.03,78.88,6.951,-5685.0,85239.0,True
2021-10 leg,2021-10-01,2021-11-05,35,sonra,61125.675781,4486.243164,0.059735,Binance,0.04774,,,,,,,,,135.56,94.32,1816.800049,4697.529785,15971.589844,16.48,,-1.09,81.25,6.951,-5685.0,85239.0,True
2021-10 leg,2021-10-01,2021-11-06,36,sonra,61527.480469,4521.581055,0.136168,Binance,0.093391,,,,,,,,,136.99,94.32,1816.800049,4697.529785,15971.589844,16.48,,-1.09,81.25,6.951,-5685.0,85239.0,False
2021-10 leg,2021-10-01,2021-11-07,37,sonra,63326.988281,4620.554688,0.090959,Binance,0.073944,,,,,,,,,136.83,94.32,1816.800049,4697.529785,15971.589844,16.48,,-1.09,81.25,6.951,-5685.0,85239.0,False
2021-10 leg,2021-10-01,2021-11-08,38,sonra,67566.828125,4812.087402,0.162632,Binance,0.082719,,,,,,,,,138.12,94.050003,1828.0,4701.700195,15982.360352,17.219999,,-1.11,81.96,6.951,-5685.0,85239.0,True
2021-10 leg,2021-10-01,2021-11-09,39,sonra,66971.828125,4735.068848,0.144769,Binance,0.041036,,,,,,,,,137.05,93.959999,1830.800049,4685.25,15886.540039,17.780001,,-1.17,84.12,6.951,-6056.0,125610.0,True
2021-10 leg,2021-10-01,2021-11-10,40,sonra,64995.230469,4636.174316,0.125747,Binance,0.048374,,,,,,,,,139.55,94.849998,1848.300049,4646.709961,15622.709961,18.73,,-1.14,81.23,6.955,-6056.0,125610.0,True
2021-10 leg,2021-10-01,2021-11-11,41,sonra,64949.960938,4730.384277,0.073031,Binance,0.052974,,,,,,,,,139.72,95.18,1863.900024,4649.27002,15704.280273,17.66,,-1.14,81.47,6.955,-6056.0,125610.0,True
2021-10 leg,2021-10-01,2021-11-12,42,sonra,64155.941406,4667.115234,0.087852,Binance,0.03,,,,,,,,,139.45,95.129997,1868.5,4682.850098,15860.959961,16.290001,,-1.15,80.87,6.955,-6056.0,125610.0,True
2021-10 leg,2021-10-01,2021-11-13,43,sonra,64469.527344,4651.460449,0.053574,Binance,0.02,,,,,,,,,140.56,95.129997,1868.5,4682.850098,15860.959961,16.290001,,-1.15,80.87,6.955,-6056.0,125610.0,False
2021-10 leg,2021-10-01,2021-11-14,44,sonra,65466.839844,4626.358887,0.037021,Binance,0.03,,,,,,,,,140.96,95.129997,1868.5,4682.850098,15860.959961,16.290001,,-1.15,80.87,6.955,-6056.0,125610.0,False
2021-10 leg,2021-10-01,2021-11-15,45,sonra,63557.871094,4557.503906,0.113858,Binance,0.073286,,,,,,,,,142.18,95.410004,1866.599976,4682.799805,15853.849609,16.49,,-1.13,80.85,6.955,-6056.0,125610.0,True
2021-10 leg,2021-10-01,2021-11-16,46,sonra,60161.246094,4216.365234,0.02,Binance,0.02,,,,,,,,,142.01,95.919998,1854.099976,4700.899902,15973.860352,16.370001,,-1.1,80.76,6.955,-5946.0,142385.0,True
2021-10 leg,2021-10-01,2021-11-17,47,sonra,60368.011719,4287.59375,0.033155,Binance,0.03,,,,,,,,,143.0,95.830002,1870.199951,4688.669922,15921.570312,17.110001,,-1.1,78.32,6.944,-5946.0,142385.0,True
2021-10 leg,2021-10-01,2021-11-18,48,sonra,56942.136719,4000.650879,0.041235,Binance,0.04,,,,,,,,,144.35,95.540001,1861.400024,4704.540039,15993.709961,17.59,,-1.14,78.92,6.944,-5946.0,142385.0,True
2021-10 leg,2021-10-01,2021-11-19,49,sonra,58119.578125,4298.306641,0.02,Binance,0.02,,,,,,,,,144.03,96.07,1851.599976,4697.959961,16057.44043,17.91,,-1.11,76.11,6.944,-5946.0,142385.0,True
2021-10 leg,2021-10-01,2021-11-20,50,sonra,59697.195312,4409.931152,0.04,Binance,0.04,,,,,,,,,145.95,96.07,1851.599976,4697.959961,16057.44043,17.91,,-1.11,76.11,6.944,-5946.0,142385.0,False
2021-10 leg,2021-10-01,2021-11-21,51,sonra,58730.476562,4269.73291,0.02,Binance,0.02,,,,,,,,,146.59,96.07,1851.599976,4697.959961,16057.44043,17.91,,-1.11,76.11,6.944,-5946.0,142385.0,False
2021-10 leg,2021-10-01,2021-11-22,52,sonra,56289.289062,4088.457764,0.03,Binance,0.03,,,,,,,,,146.48,96.5,1806.300049,4682.939941,15854.759766,19.17,,-0.98,76.74,6.944,-5946.0,142385.0,True
2021-10 leg,2021-10-01,2021-11-23,53,sonra,57569.074219,4340.763672,0.032897,Binance,0.03,,,,,,,,,146.07,96.489998,1783.800049,4690.700195,15775.139648,19.379999,,-0.95,78.32,6.944,-4649.0,105339.0,True
2021-10 leg,2021-10-01,2021-11-24,54,sonra,56280.425781,4239.981445,0.046559,Binance,0.04,,,,,,,,,146.53,96.839996,1784.300049,4701.459961,15845.230469,18.58,,-0.97,78.32,7.065,-4649.0,105339.0,True
2021-10 leg,2021-10-01,2021-11-25,55,sonra,57274.679688,4274.743164,0.042526,Binance,0.07125,,,,,,,,,146.94,96.839996,1784.300049,4701.459961,15845.230469,18.58,,-0.97,78.32,7.065,-4649.0,105339.0,False
2021-10 leg,2021-10-01,2021-11-26,56,sonra,53569.765625,4030.908936,0.043741,Binance,0.037132,,,,,,,,,147.76,96.089996,1785.5,4594.620117,15491.660156,28.620001,,-1.07,78.32,7.065,-4649.0,105339.0,True
2021-10 leg,2021-10-01,2021-11-27,57,sonra,54815.078125,4096.912109,0.030824,Binance,0.03,,,,,,,,,148.41,96.089996,1785.5,4594.620117,15491.660156,28.620001,,-1.07,78.32,7.065,-4649.0,105339.0,False
2021-10 leg,2021-10-01,2021-11-28,58,sonra,57248.457031,4294.453613,0.03,Binance,0.03,,,,,,,,,148.79,96.089996,1785.5,4594.620117,15491.660156,28.620001,,-1.07,78.32,7.065,-4649.0,105339.0,False
2021-10 leg,2021-10-01,2021-11-29,59,sonra,57806.566406,4445.10498,0.068584,Binance,0.04,,,,,,,,,148.95,96.339996,1782.300049,4655.27002,15782.830078,22.959999,,-1.02,69.88,7.065,-4649.0,105339.0,True
2021-10 leg,2021-10-01,2021-11-30,60,sonra,57005.425781,4631.479004,0.02,Binance,0.029202,,,,,,,,,148.38,95.989998,1773.599976,4567.0,15537.69043,27.190001,,-1.07,66.14,7.065,-5437.0,92085.0,True
2023-02 rally,2023-02-07,2023-01-08,-30,once,17091.144531,1287.359497,0.023109,Binance,0.019614,104119.714,1776823743.3528,1.378549,1.086959,1271941.671,1635399003.48825,0.833833,1.163647,136.6,103.879997,1869.699951,3895.080078,10569.290039,21.129999,,1.34,73.77,5.854,-1197.0,54581.0,False
2023-02 rally,2023-02-07,2023-01-09,-29,once,17196.554688,1321.53894,0.006035,Binance,0.021929,103332.126,1776000249.1998,1.04477,1.087938,1336494.419,1766560086.247094,0.665607,1.183208,136.58,103.0,1877.800049,3892.090088,10635.650391,21.969999,,1.31,74.69,5.854,-1197.0,54581.0,True
2023-02 rally,2023-02-07,2023-01-10,-28,once,17446.292969,1336.58606,0.015231,Binance,0.03,113065.419,1970285525.422768,0.901253,1.053519,1366368.694,1824389143.91574,0.640117,1.189729,136.33,103.239998,1876.5,3919.25,10742.629883,20.58,,1.37,75.11,5.854,-1395.0,61809.0,True
2023-02 rally,2023-02-07,2023-01-11,-27,once,17934.896484,1387.932739,0.012576,Binance,0.032778,106693.896,1913475060.91884,0.909364,1.06774,1298323.963,1802921166.045305,0.709068,1.192505,136.51,103.190002,1878.900024,3969.610107,10931.669922,21.09,,1.31,77.46,5.937,-1395.0,61809.0,True
2023-02 rally,2023-02-07,2023-01-12,-26,once,18869.587891,1417.938477,0.02,Binance,0.02,108983.083,2055159385.9808,0.796955,1.098464,1279915.871,1813628665.767075,0.721402,1.226404,136.57,102.25,1898.800049,3983.169922,11001.099609,18.83,,1.22,78.32,5.937,-1395.0,61809.0,True
2023-02 rally,2023-02-07,2023-01-13,-25,once,19909.574219,1451.614868,0.035906,Binance,0.04,111241.425,2215139371.8825,0.796829,1.099367,1248778.857,1811503585.54134,0.792416,1.23239,136.67,102.199997,1921.699951,3999.090088,11079.160156,18.35,,1.31,79.9,5.937,-1395.0,61809.0,True
2023-02 rally,2023-02-07,2023-01-14,-24,once,20976.298828,1550.706909,0.055847,Binance,0.107594,93764.75,1967315725.65,0.917327,1.14716,1034907.537,1606279988.1777,1.04606,1.331044,136.42,102.199997,1921.699951,3999.090088,11079.160156,18.35,,1.31,79.9,5.937,-1395.0,61809.0,False
2023-02 rally,2023-02-07,2023-01-15,-23,once,20880.798828,1552.479492,0.046038,Binance,0.061716,94253.916,1966673935.0812,0.898886,1.131852,1058217.151,1642353018.352,0.972135,1.332984,136.61,102.199997,1921.699951,3999.090088,11079.160156,18.35,,1.31,79.9,5.937,-1395.0,61809.0,False
2023-02 rally,2023-02-07,2023-01-16,-22,once,21169.632812,1576.833496,0.03,Binance,0.034183,98021.068,2074635508.4336,0.757276,1.162183,1101098.272,1736233777.25504,0.870135,1.309566,136.79,102.199997,1921.699951,3999.090088,11079.160156,18.35,,1.31,79.9,5.937,-1395.0,61809.0,False
2023-02 rally,2023-02-07,2023-01-17,-21,once,21161.519531,1567.846069,0.03,Binance,0.03,102083.561,2158999462.382404,0.756195,1.151791,1131016.375,1773003889.7775,0.871048,1.306401,136.71,102.389999,1909.900024,3990.969971,11095.110352,19.360001,,1.36,80.25,5.937,-1199.0,69377.0,True
2023-02 rally,2023-02-07,2023-01-18,-20,once,20688.78125,1515.506958,0.04,Binance,0.04,101584.811,2101657679.3357,0.803233,1.162007,1117460.074,1690672393.55904,0.917985,1.32814,136.25,102.360001,1907.0,3928.860107,10957.009766,20.34,,1.25,79.53,6.018,-1199.0,69377.0,True
2023-02 rally,2023-02-07,2023-01-19,-19,once,21086.792969,1552.556519,0.03,Binance,0.03,105152.057,2216559169.85862,0.76612,1.128189,1133575.031,1758334705.085929,0.848199,1.318193,136.14,102.059998,1923.900024,3898.850098,10852.269531,20.52,,1.19,80.31,6.018,-1199.0,69377.0,True
2023-02 rally,2023-02-07,2023-01-20,-18,once,22676.552734,1659.75415,0.02,Binance,0.02,98555.885,2234577291.782,0.832565,1.142932,1138329.364,1890867523.24676,0.813661,1.344508,136.09,102.010002,1928.199951,3972.610107,11140.429688,19.85,,1.25,81.27,6.018,-1199.0,69377.0,True
2023-02 rally,2023-02-07,2023-01-21,-17,once,22777.625,1627.118164,0.04,Binance,0.04,95413.05,2171792314.285969,0.833904,1.155538,1135183.099,1844160713.714306,0.840161,1.375376,136.28,102.010002,1928.199951,3972.610107,11140.429688,19.85,,1.25,81.27,6.018,-1199.0,69377.0,False
2023-02 rally,2023-02-07,2023-01-22,-16,once,22720.416016,1628.38208,0.02,Binance,0.02,94239.026,2141327420.4798,1.003672,1.115912,1102450.777,1795963435.04209,1.009065,1.341784,136.56,102.010002,1928.199951,3972.610107,11140.429688,19.85,,1.25,81.27,6.018,-1199.0,69377.0,False
2023-02 rally,2023-02-07,2023-01-23,-15,once,22934.431641,1628.251099,0.03,Binance,0.030356,92177.102,2114736291.7942,0.988615,1.115108,1073619.428,1749467809.587636,1.053628,1.366582,136.66,102.139999,1928.599976,4019.810059,11364.410156,19.809999,,1.24,81.62,6.018,-1199.0,69377.0,True
2023-02 rally,2023-02-07,2023-01-24,-14,once,22636.46875,1556.604248,0.03,Binance,0.03,92350.985,2088517525.775,1.033431,1.078355,1001976.033,1557509902.139324,1.174539,1.362439,136.5,101.919998,1935.400024,4016.949951,11334.269531,19.200001,,1.19,79.86,6.018,-2037.0,79879.0,True
2023-02 rally,2023-02-07,2023-01-25,-13,once,23117.859375,1611.71106,0.03,Binance,0.03,86128.971,1992324061.160218,1.171584,1.131511,979256.446,1581479575.16108,1.267026,1.321006,136.52,101.639999,1942.599976,4016.219971,11313.360352,19.08,,1.17,79.78,5.947,-2037.0,79879.0,True
2023-02 rally,2023-02-07,2023-01-26,-12,once,23032.777344,1603.105957,0.03,Binance,0.03,88628.396,2039286214.9224,1.247925,1.139849,973782.843,1559552624.781998,1.209202,1.355927,136.81,101.839996,1930.0,4060.429932,11512.410156,18.73,,1.16,80.64,5.947,-2037.0,79879.0,True
2023-02 rally,2023-02-07,2023-01-27,-11,once,23078.728516,1598.156494,0.029541,Binance,0.03,90122.664,2076669509.7528,1.0821,1.152637,988121.401,1576923181.42788,1.220057,1.341626,137.02,101.93,1929.400024,4070.560059,11621.709961,18.51,,1.19,79.73,5.947,-2037.0,79879.0,True
2023-02 rally,2023-02-07,2023-01-28,-10,once,23031.089844,1572.435059,0.03,Binance,0.03,90390.182,2078910912.8726,1.213494,1.145273,991294.406,1556461085.69278,1.47974,1.316388,136.84,101.93,1929.400024,4070.560059,11621.709961,18.51,,1.19,79.73,5.947,-2037.0,79879.0,False
2023-02 rally,2023-02-07,2023-01-29,-9,once,23774.566406,1646.15564,0.03,Binance,0.03,103234.124,2454701000.472,0.850593,1.149432,1053747.938,1737229626.618345,0.983034,1.309461,137.0,101.93,1929.400024,4070.560059,11621.709961,18.51,,1.19,79.73,5.947,-2037.0,79879.0,False
2023-02 rally,2023-02-07,2023-01-30,-8,once,22840.138672,1567.326538,0.03,Binance,0.03,93355.541,2130960386.281153,1.240635,1.178525,967491.261,1516140677.138912,1.44296,1.356515,136.95,102.279999,1922.900024,4017.77002,11393.80957,19.940001,,1.26,77.97,5.947,-2037.0,79879.0,True
2023-02 rally,2023-02-07,2023-01-31,-7,once,23139.283203,1586.5354,0.03,Binance,0.03,97545.19,2257588964.984236,1.092349,1.16423,969375.268,1538576642.272912,1.265187,1.346305,136.62,102.099998,1929.5,4076.600098,11584.549805,19.4,,1.28,78.95,5.947,-1518.0,84447.0,True
2023-02 rally,2023-02-07,2023-02-01,-6,once,23723.769531,1641.792725,0.03,Binance,0.03,100348.975,2379173848.275,0.832597,1.155238,1015217.205,1666407570.81779,0.951699,1.329746,136.7,101.220001,1942.800049,4119.209961,11816.320312,17.870001,,1.14,76.34,5.835,-1518.0,84447.0,True
2023-02 rally,2023-02-07,2023-02-02,-5,once,23471.871094,1643.241577,0.03,Binance,0.03,97496.256,2289650824.032,1.012475,1.17145,1013856.818,1666311629.074113,1.012393,1.320241,136.65,101.75,1930.800049,4179.759766,12200.820312,18.73,,1.18,75.87,5.835,-1518.0,84447.0,True
2023-02 rally,2023-02-07,2023-02-03,-4,once,23449.322266,1664.745605,0.03,Binance,0.03,96766.313,2266485859.099161,1.314338,1.13133,1049604.464,1746367363.009931,1.085422,1.29722,136.92,102.919998,1876.599976,4136.47998,12006.950195,18.33,,1.31,73.4,5.835,-1518.0,84447.0,True
2023-02 rally,2023-02-07,2023-02-04,-3,once,23331.847656,1667.059204,0.03,Binance,0.03,98563.961,2297575212.8905,1.396248,1.133246,1134764.495,1889395792.699861,0.959433,1.285195,136.64,102.919998,1876.599976,4136.47998,12006.950195,18.33,,1.31,73.4,5.835,-1518.0,84447.0,False
2023-02 rally,2023-02-07,2023-02-05,-2,once,22955.666016,1631.645874,0.03,Binance,0.03,102564.024,2353023838.608,1.591256,1.126884,1037331.535,1692345968.587344,1.276436,1.28255,136.66,102.919998,1876.599976,4136.47998,12006.950195,18.33,,1.31,73.4,5.835,-1518.0,84447.0,False
2023-02 rally,2023-02-07,2023-02-06,-1,once,22760.109375,1616.24707,0.03,Binance,0.03,103008.605,2342870437.859218,1.539882,1.122105,1050258.977,1695668922.840969,1.321376,1.277807,136.71,103.620003,1879.5,4111.080078,11887.450195,19.43,,1.38,74.11,5.835,-1518.0,84447.0,True
2023-02 rally,2023-02-07,2023-02-07,0,baslangic,23264.291016,1672.00354,0.03,Binance,0.03,101350.574,2357183228.157967,1.323705,1.143035,1107601.464,1852114397.962414,1.0273,1.276968,136.6,103.43,1884.800049,4164.0,12113.790039,18.66,,1.36,77.17,5.835,-1416.0,59576.0,True
2023-02 rally,2023-02-07,2023-02-08,1,sonra,22939.398438,1650.716797,0.03,Binance,0.03,104989.943,2408721268.2832,1.61703,1.143095,1080055.514,1783713324.96708,1.201083,1.311917,136.44,103.410004,1890.699951,4117.859863,11910.519531,19.629999,,1.29,78.47,5.882,-1416.0,59576.0,True
2023-02 rally,2023-02-07,2023-02-09,2,sonra,21819.039062,1546.438232,0.03,Binance,0.03,99725.63,2172482959.298,1.514629,1.152356,1020234.498,1575629754.02124,1.57159,1.275561,136.31,103.220001,1878.5,4081.5,11789.580078,20.709999,,1.34,78.04,5.882,-1416.0,59576.0,True
2023-02 rally,2023-02-07,2023-02-10,3,sonra,21651.183594,1514.869141,0.03,Binance,0.026828,101847.78,2202952291.504326,1.640213,1.129421,1022981.279,1548906184.34669,1.609902,1.233854,136.17,103.629997,1874.5,4090.459961,11718.120117,20.530001,,1.41,79.74,5.882,-1416.0,59576.0,True
2023-02 rally,2023-02-07,2023-02-11,4,sonra,21870.875,1539.926758,0.018497,Binance,0.007324,101930.565,2228406012.03,1.760306,1.172853,1005642.629,1549132131.41676,1.705676,1.227225,136.18,103.629997,1874.5,4090.459961,11718.120117,20.530001,,1.41,79.74,5.882,-1416.0,59576.0,False
2023-02 rally,2023-02-07,2023-02-12,5,sonra,21788.203125,1515.033691,0.017613,Binance,0.016673,99006.882,2152726436.7024,1.748789,1.153858,970258.714,1466875934.17376,1.775424,1.163469,136.18,103.629997,1874.5,4090.459961,11718.120117,20.530001,,1.41,79.74,5.882,-1416.0,59576.0,False
2023-02 rally,2023-02-07,2023-02-13,6,sonra,21808.101562,1507.165894,0.018397,Binance,0.018549,100248.144,2186412020.64,1.697416,1.186558,1043976.344,1574008749.000843,1.631259,1.173696,136.12,103.349998,1863.5,4137.290039,11891.790039,20.34,,1.41,80.14,5.882,-1416.0,59576.0,True
2023-02 rally,2023-02-07,2023-02-14,7,sonra,22220.804688,1556.875122,0.028887,Binance,0.009262,103443.876,2295557705.675164,1.332335,1.156742,976256.909,1518460562.053521,1.23212,1.128732,136.23,103.230003,1865.400024,4136.129883,11960.150391,18.91,,1.46,79.08,5.882,-1952.0,41173.0,True
2023-02 rally,2023-02-07,2023-02-15,8,sonra,24307.841797,1673.745972,0.014078,Binance,0.011435,108467.563,2639742830.078086,0.931088,1.173279,944682.792,1583656785.68088,0.977902,1.181691,136.09,103.919998,1845.300049,4147.600098,12070.589844,18.23,,1.46,78.57,5.882,-1952.0,41173.0,True
2023-02 rally,2023-02-07,2023-02-16,9,sonra,23623.474609,1640.067627,0.043171,Binance,0.034101,108414.525,2555022255.832596,0.769887,1.316354,893234.101,1463879649.08534,0.911722,1.247893,135.7,103.860001,1851.800049,4090.409912,11855.830078,20.17,,1.49,78.45,5.882,-1952.0,41173.0,True
2023-02 rally,2023-02-07,2023-02-17,10,sonra,24565.601562,1694.783325,0.03,Binance,0.03,107888.419,2649783837.531273,0.896555,1.306615,930097.859,1576463609.215546,0.893895,1.234832,135.83,103.860001,1850.199951,4079.090088,11787.269531,20.02,,1.46,76.31,5.882,-1952.0,41173.0,True
2023-02 rally,2023-02-07,2023-02-18,11,sonra,24641.277344,1691.819458,0.03,Binance,0.03,110183.413,2715779195.342107,0.902874,1.278509,967106.848,1637071792.861128,0.95899,1.230871,135.77,103.860001,1850.199951,4079.090088,11787.269531,20.02,,1.46,76.31,5.882,-1952.0,41173.0,False
2023-02 rally,2023-02-07,2023-02-19,12,sonra,24327.642578,1681.436157,0.03,Binance,0.03,107075.046,2604846766.5558,1.002487,1.266107,955626.944,1606212369.348831,1.008509,1.24702,135.79,103.860001,1850.199951,4079.090088,11787.269531,20.02,,1.46,76.31,5.882,-1952.0,41173.0,False
2023-02 rally,2023-02-07,2023-02-20,13,sonra,24829.148438,1702.675171,0.03,Binance,0.03,111300.906,2761765031.031,0.929996,1.249079,981534.781,1670205997.088554,0.985567,1.220452,135.84,103.860001,1850.199951,4079.090088,11787.269531,20.02,,1.46,76.31,5.882,-1952.0,41173.0,False
2023-02 rally,2023-02-07,2023-02-21,14,sonra,24436.353516,1658.036377,0.03,Binance,0.03,109693.367,2678312876.256437,1.420418,1.257901,998751.496,1654232102.8248,1.472781,1.200842,135.5,104.18,1842.5,3997.340088,11492.299805,22.870001,,1.53,76.28,5.882,-1791.0,36706.0,True
2023-02 rally,2023-02-07,2023-02-22,15,sonra,24188.84375,1643.231689,0.03,Binance,0.03,105347.033,2547196445.6103,1.693175,1.216343,957006.098,1572374448.804984,1.675423,1.205217,135.27,104.589996,1841.5,3991.050049,11507.070312,22.290001,,1.52,73.95,5.791,-1791.0,36706.0,True
2023-02 rally,2023-02-07,2023-02-23,16,sonra,23947.492188,1651.073853,0.017137,Binance,0.021275,104235.841,2494941798.395785,1.771256,1.189877,943001.853,1556529504.590649,1.553934,1.219698,135.01,104.599998,1826.800049,4012.320068,11590.400391,21.139999,,1.49,75.26,5.791,-1791.0,36706.0,True
2023-02 rally,2023-02-07,2023-02-24,17,sonra,23198.126953,1608.373169,0.015367,Binance,0.018598,105790.853,2452813822.2315,2.180649,1.169507,976801.893,1570872463.233924,1.840551,1.202426,134.87,105.209999,1817.099976,3970.040039,11394.94043,21.67,,1.57,76.19,5.791,-1791.0,36706.0,True
2023-02 rally,2023-02-07,2023-02-25,18,sonra,23175.375,1594.914917,0.001745,Binance,0.02306,109660.959,2540054861.1252,2.057028,1.15854,982020.718,1565554941.452973,1.825078,1.192882,134.86,105.209999,1817.099976,3970.040039,11394.94043,21.67,,1.57,76.19,5.791,-1791.0,36706.0,False
2023-02 rally,2023-02-07,2023-02-26,19,sonra,23561.212891,1640.817139,0.016713,Binance,0.007048,106761.605,2511395320.22083,1.849464,1.164431,966730.736,1584674689.75856,1.469423,1.17438,134.98,105.209999,1817.099976,3970.040039,11394.94043,21.67,,1.57,76.19,5.791,-1791.0,36706.0,False
2023-02 rally,2023-02-07,2023-02-27,20,sonra,23522.871094,1634.326416,0.016166,Binance,0.024658,100666.015,2364312494.5005,1.822574,1.184985,952412.523,1554822967.92273,1.560075,1.216805,134.9,104.669998,1824.900024,3982.23999,11466.980469,20.950001,,1.56,75.57,5.791,-1791.0,36706.0,True
2023-02 rally,2023-02-07,2023-02-28,21,sonra,23147.353516,1605.895142,0.011349,Binance,0.015746,103353.359,2388800277.329397,1.855108,1.153525,970749.492,1555755052.40427,1.673276,1.212292,134.6,104.870003,1836.699951,3970.149902,11455.540039,20.700001,,1.49,76.88,5.791,-1579.0,26575.0,True
2023-02 rally,2023-02-07,2023-03-01,22,sonra,23646.550781,1663.433716,0.020185,Binance,0.020342,103710.078,2451571816.587666,1.653695,1.188636,1015438.494,1690928680.185748,1.200917,1.212459,134.46,104.480003,1845.400024,3951.389893,11379.480469,20.58,,1.57,77.57,5.824,-1579.0,26575.0,True
2023-02 rally,2023-02-07,2023-03-02,23,sonra,23475.466797,1647.319336,0.03571,Binance,0.031713,108443.113,2543684053.863105,1.931712,1.172422,1048062.71,1726218557.15396,1.438831,1.213468,134.29,105.029999,1840.5,3981.350098,11462.980469,19.59,,1.6,78.05,5.824,-1579.0,26575.0,True
2023-02 rally,2023-02-07,2023-03-03,24,sonra,22362.679688,1569.167603,-0.004429,Binance,0.001367,101571.299,2267426893.2265,2.185195,1.131387,950276.259,1489329969.68034,1.888086,1.167298,134.46,104.519997,1854.599976,4045.639893,11689.009766,18.49,,1.45,79.62,5.824,-1579.0,26575.0,True
2023-02 rally,2023-02-07,2023-03-04,25,sonra,22353.349609,1566.92395,0.00832,Binance,0.01611,99460.43,2220662966.653,2.092168,1.12056,957917.989,1499375056.419188,1.81132,1.154736,134.49,104.519997,1854.599976,4045.639893,11689.009766,18.49,,1.45,79.62,5.824,-1579.0,26575.0,False
2023-02 rally,2023-02-07,2023-03-05,26,sonra,22435.513672,1564.46875,0.00425,Binance,0.008396,99418.997,2229588486.171869,2.044928,1.137136,926033.881,1448727771.540576,1.845802,1.123459,134.58,104.519997,1854.599976,4045.639893,11689.009766,18.49,,1.45,79.62,5.824,-1579.0,26575.0,False
2023-02 rally,2023-02-07,2023-03-06,27,sonra,22429.757812,1567.398682,0.014928,Binance,0.015309,103603.494,2320363405.970726,1.969408,1.126661,924784.248,1447849442.870645,1.749143,1.127485,134.65,104.349998,1854.599976,4048.419922,11675.740234,18.610001,,1.49,80.39,5.824,-1579.0,26575.0,True
2023-02 rally,2023-02-07,2023-03-07,28,sonra,22219.769531,1561.933105,0.011096,Binance,0.022078,104667.169,2322124878.0002,2.163629,1.123306,937774.22,1464400088.7254,1.711115,1.150218,134.44,105.620003,1820.0,3986.370117,11530.330078,19.59,,1.59,77.45,5.824,-2913.0,14399.0,True
2023-02 rally,2023-02-07,2023-03-08,29,sonra,21718.080078,1534.088257,0.013816,Binance,0.015451,107056.127,2321805178.548597,2.14656,1.076975,996655.24,1527082629.88491,1.773592,1.166212,134.47,105.660004,1818.599976,3992.01001,11576.0,19.110001,,1.66,76.56,5.816,-2913.0,14399.0,True
2023-02 rally,2023-02-07,2023-03-09,30,sonra,20363.021484,1438.660767,0.021105,Binance,0.01202,99032.616,2015055285.597805,2.213729,1.111488,920895.626,1324668588.184078,1.872589,1.108513,134.36,105.309998,1834.599976,3918.320068,11338.349609,22.610001,,1.63,75.6,5.816,-2913.0,14399.0,True
2023-02 rally,2023-02-07,2023-03-10,31,sonra,20187.244141,1429.158081,-0.001121,Binance,-0.000609,96755.462,1946883524.917985,1.949251,1.078659,840135.085,1196318755.6366,1.713226,1.063631,134.37,104.580002,1867.199951,3861.590088,11138.889648,24.799999,,1.44,76.55,5.816,-2913.0,14399.0,True
2023-02 rally,2023-02-07,2023-03-11,32,sonra,20632.410156,1482.616699,-0.002273,Binance,0.001707,92112.538,1885706304.104647,1.723243,1.047095,811868.291,1196238385.846583,1.286833,1.058752,134.02,104.580002,1867.199951,3861.590088,11138.889648,24.799999,,1.44,76.55,5.816,-2913.0,14399.0,False
2023-02 rally,2023-02-07,2023-03-12,33,sonra,22163.949219,1590.292969,0.005396,Binance,0.003318,86517.236,1899563781.8924,1.424369,1.105716,752531.552,1185835722.371617,1.127422,1.100769,131.23,104.580002,1867.199951,3861.590088,11138.889648,24.799999,,1.44,76.55,5.816,-2913.0,14399.0,False
2023-02 rally,2023-02-07,2023-03-13,34,sonra,24197.533203,1680.30896,0.026011,Binance,0.03,99251.682,2387852743.546254,0.851156,1.151331,801014.071,1338764931.60308,0.841837,1.131178,134.77,103.599998,1916.5,3855.76001,11188.839844,26.52,,1.31,74.68,5.816,-2913.0,14399.0,True
2023-02 rally,2023-02-07,2023-03-14,35,sonra,24746.074219,1703.50708,0.054853,Binance,0.03,96622.75,2387132674.675,1.015116,1.218326,762947.209,1297780831.98109,0.964104,1.223859,133.44,103.599998,1910.900024,3919.290039,11428.150391,23.73,,1.33,71.18,5.816,-3496.0,59721.0,True
2023-02 rally,2023-02-07,2023-03-15,36,sonra,24375.960938,1656.180542,0.056253,Binance,0.060094,93282.503,2264422937.585084,1.062942,1.291302,753062.446,1240459822.500933,1.152221,1.175321,132.32,104.650002,1931.300049,3891.929932,11434.049805,26.139999,,1.22,67.38,6.351,-3496.0,59721.0,True
2023-02 rally,2023-02-07,2023-03-16,37,sonra,25052.789062,1677.215454,0.03,Binance,0.03,103805.872,2595375172.9184,0.951624,1.300554,776969.058,1299996722.364767,1.128273,1.203552,132.68,104.419998,1923.0,3960.280029,11717.280273,22.99,,1.34,68.15,6.351,-3496.0,59721.0,True
2023-02 rally,2023-02-07,2023-03-17,38,sonra,27423.929688,1792.485107,0.023311,Binance,0.021905,107231.352,2928863532.852,0.77998,1.361031,806379.43,1439633811.111074,0.858417,1.24442,132.77,103.709999,1973.5,3916.639893,11630.509766,25.51,,1.29,66.61,6.351,-3496.0,59721.0,True
2023-02 rally,2023-02-07,2023-03-18,39,sonra,26965.878906,1761.659668,0.03,Binance,0.03,106478.031,2865929377.364806,0.708461,1.316419,811890.63,1426792236.4431,0.856052,1.266845,132.76,103.709999,1973.5,3916.639893,11630.509766,25.51,,1.29,66.61,6.351,-3496.0,59721.0,False
2023-02 rally,2023-02-07,2023-03-19,40,sonra,28038.675781,1785.576538,0.03,Binance,0.03,111961.309,3123048753.246,0.755932,1.253615,810022.516,1439320908.45524,0.927906,1.260561,133.14,103.709999,1973.5,3916.639893,11630.509766,25.51,,1.29,66.61,6.351,-3496.0,59721.0,False
2023-02 rally,2023-02-07,2023-03-20,41,sonra,27767.236328,1735.321289,0.029081,Binance,0.028194,111211.522,3079280226.897,0.765164,1.279176,781265.746,1350691284.9721,1.079443,1.296348,132.87,103.279999,1982.800049,3951.570068,11675.540039,24.15,,1.33,67.56,6.351,-3496.0,59721.0,True
2023-02 rally,2023-02-07,2023-03-21,42,sonra,28175.816406,1806.760742,0.009932,Binance,0.025853,110508.861,3104869499.219228,0.72839,1.223194,832943.081,1502207610.436751,0.943483,1.2483,133.17,103.260002,1941.099976,4002.870117,11860.110352,21.379999,,1.36,69.4,6.351,-4262.0,81229.0,True
2023-02 rally,2023-02-07,2023-03-22,43,sonra,27307.4375,1737.717041,0.00534,Binance,0.006807,102302.836,2787850959.392814,0.854392,1.160058,794554.418,1377814191.825262,1.222369,1.189978,132.99,102.349998,1949.599976,3936.969971,11669.959961,22.26,,1.2,70.71,6.195,-4262.0,81229.0,True
2023-02 rally,2023-02-07,2023-03-23,44,sonra,28333.972656,1816.405151,0.009158,Binance,0.017983,103899.76,2941795274.884089,0.704294,1.157309,845675.331,1534652913.979378,0.832858,1.213666,132.82,102.529999,1995.900024,3948.719971,11787.400391,22.610001,,1.19,69.77,6.195,-4262.0,81229.0,True
2023-02 rally,2023-02-07,2023-03-24,45,sonra,27493.285156,1752.0448,0.03,Binance,0.03,98059.919,2688028305.6199,0.938931,1.184143,773332.092,1351189031.10516,1.235346,1.256015,133.01,103.120003,1983.800049,3970.98999,11823.959961,21.74,,1.16,69.22,6.195,-4262.0,81229.0,True
2023-02 rally,2023-02-07,2023-03-25,46,sonra,27494.707031,1743.764771,0.000468,Binance,0.003486,97209.493,2668305533.152655,0.935774,1.151828,752997.539,1311081665.02985,1.295485,1.181233,133.31,103.120003,1983.800049,3970.98999,11823.959961,21.74,,1.16,69.22,6.195,-4262.0,81229.0,False
2023-02 rally,2023-02-07,2023-03-26,47,sonra,27994.330078,1775.676758,0.000308,Binance,0.00538,102629.095,2870339557.061886,0.827737,1.131914,734652.267,1302638369.544105,1.110183,1.17027,133.44,103.120003,1983.800049,3970.98999,11823.959961,21.74,,1.16,69.22,6.195,-4262.0,81229.0,False
2023-02 rally,2023-02-07,2023-03-27,48,sonra,27139.888672,1715.460815,0.004918,Binance,0.001079,98842.385,2681584637.52077,1.10495,1.126402,754670.849,1294210732.700226,1.376723,1.125952,132.58,102.860001,1953.800049,3977.530029,11768.839844,20.6,,1.29,72.87,6.195,-4262.0,81229.0,True
2023-02 rally,2023-02-07,2023-03-28,49,sonra,27268.130859,1772.785645,0.007226,Binance,0.008573,102259.053,2787234103.9998,0.971268,1.13268,787619.805,1396150618.7391,0.901811,1.115332,132.17,102.43,1973.5,3971.27002,11716.080078,19.969999,,1.24,73.12,6.195,-3070.0,99160.0,True
2023-02 rally,2023-02-07,2023-03-29,50,sonra,28348.441406,1793.001831,0.03016,Binance,0.03334,109511.276,3102761080.6528,0.694726,1.171624,810903.86,1452734265.19,0.847547,1.162605,131.8,102.639999,1966.900024,4027.810059,11926.240234,19.120001,,1.24,72.95,6.258,-3070.0,99160.0,True
2023-02 rally,2023-02-07,2023-03-30,51,sonra,28033.5625,1792.737183,0.006761,Binance,0.005311,101878.975,2853894975.085,0.922605,1.149225,767036.512,1374168922.34336,0.949034,1.164488,131.74,102.139999,1980.300049,4050.830078,12013.469727,19.02,,1.21,74.32,6.258,-3070.0,99160.0,True
2023-02 rally,2023-02-07,2023-03-31,52,sonra,28478.484375,1822.022095,0.023646,Binance,0.034185,107656.907,3063910772.234395,0.720588,1.117221,914759.568,1665605152.32471,0.724436,1.133725,131.73,102.510002,1969.0,4109.310059,12221.910156,18.700001,,1.16,75.68,6.258,-3070.0,99160.0,True
2023-02 rally,2023-02-07,2023-04-01,53,sonra,28411.035156,1813.860596,0.01884,Binance,0.016306,105961.485,3014774723.460098,0.742647,1.167292,892551.592,1624720466.37709,0.77804,1.15701,131.22,102.510002,1969.0,4109.310059,12221.910156,18.700001,,1.16,75.68,6.258,-3070.0,99160.0,False
2023-02 rally,2023-02-07,2023-04-02,54,sonra,28199.308594,1795.70813,0.017693,Binance,0.00957,104861.668,2954640763.436621,0.921535,1.150251,850026.398,1525049361.17976,1.019758,1.161567,131.14,102.510002,1969.0,4109.310059,12221.910156,18.700001,,1.16,75.68,6.258,-3070.0,99160.0,False
2023-02 rally,2023-02-07,2023-04-03,55,sonra,27790.220703,1810.297119,0.004448,Binance,-0.002431,94262.126,2616905142.012,1.097406,1.131839,800708.266,1448257054.87952,0.914033,1.137183,131.37,102.089996,2000.400024,4124.509766,12189.450195,18.549999,,1.14,80.4,6.258,-3070.0,99160.0,True
2023-02 rally,2023-02-07,2023-04-04,56,sonra,28168.089844,1871.005127,-0.005882,Binance,0.026451,97309.131,2740002697.276708,0.881249,1.095911,1005621.037,1880762744.44925,0.618005,1.146981,131.92,101.589996,2038.199951,4100.600098,12126.330078,19.0,,1.1,80.7,6.258,-3329.0,110131.0,True
2023-02 rally,2023-02-07,2023-04-05,57,sonra,28177.984375,1909.114014,0.015224,Binance,0.025011,96112.037,2706620685.1607,1.061271,1.106635,994743.17,1897989863.2234,0.744258,1.218396,131.29,101.849998,2035.599976,4090.379883,11996.860352,19.08,,1.07,80.69,6.221,-3329.0,110131.0,True
2023-02 rally,2023-02-07,2023-04-06,58,sonra,28044.140625,1872.922607,0.000623,Binance,0.006468,98516.755,2759139053.934,1.144951,1.127456,867074.541,1621898711.823537,1.067541,1.204426,131.22,101.82,2026.400024,4105.02002,12087.959961,18.4,,1.06,80.7,6.221,-3329.0,110131.0,True
2023-02 rally,2023-02-07,2023-04-07,59,sonra,27925.859375,1865.636108,0.000854,Binance,0.016544,101978.693,2844389705.156,1.234574,1.093295,867658.186,1617088669.056347,1.17541,1.189674,131.43,101.82,2026.400024,4105.02002,12087.959961,18.4,,1.14,80.7,6.221,-3329.0,110131.0,False
2023-02 rally,2023-02-07,2023-04-08,60,sonra,27947.794922,1849.498169,0.003658,Binance,0.003256,101865.603,2843734508.199864,1.206047,1.084689,877909.066,1621717853.008532,1.227802,1.178648,131.44,101.82,2026.400024,4105.02002,12087.959961,18.4,,1.14,80.7,6.221,-3329.0,110131.0,False
2023-10 bull,2023-10-30,2023-09-30,-30,once,26967.916016,1671.161865,0.003684,Binance,-0.002521,90165.992,2430341674.586468,1.237501,1.092703,748260.006,1250125474.62426,1.304328,1.07353,123.44,106.169998,1866.099976,4288.049805,13219.320312,17.52,,2.24,90.77,5.878,-6626.0,23438.0,False
2023-10 bull,2023-10-30,2023-10-01,-29,once,27983.75,1733.810425,0.002949,Binance,0.014421,87461.208,2445878299.524138,1.093017,1.11094,717165.037,1243481015.357851,1.227991,1.150645,123.56,106.169998,1866.099976,4288.049805,13219.320312,17.52,,2.24,90.77,5.878,-6626.0,23438.0,False
2023-10 bull,2023-10-30,2023-10-02,-28,once,27530.785156,1663.627563,0.003423,Binance,0.012719,87971.606,2427441811.502668,1.108052,1.18147,680500.324,1132441004.17812,1.754307,1.136108,123.59,106.900002,1847.199951,4288.390137,13307.769531,17.610001,,2.34,88.81,5.878,-6626.0,23438.0,True
2023-10 bull,2023-10-30,2023-10-03,-27,once,27429.978516,1656.685669,0.010198,Binance,0.013435,87742.971,2405219095.3491,1.428628,1.114525,680390.411,1126529207.39681,1.892706,1.137728,123.77,107.0,1841.5,4229.450195,13059.469727,19.780001,,2.45,89.26,5.878,-6192.0,-7561.0,True
2023-10 bull,2023-10-30,2023-10-04,-26,once,27799.394531,1647.838135,-0.000464,Binance,0.005421,90048.713,2500085453.1181,1.34735,1.090267,691193.151,1137898091.611596,2.093722,1.150675,123.61,106.800003,1834.800049,4263.75,13236.009766,18.58,,2.4,84.32,5.946,-6192.0,-7561.0,True
2023-10 bull,2023-10-30,2023-10-05,-25,once,27415.912109,1611.47644,-0.007676,Binance,0.014757,91584.18,2509883594.496417,1.386226,1.110888,720989.156,1161369332.4848,2.544128,1.165099,123.48,106.330002,1831.800049,4258.189941,13219.830078,18.49,,2.41,82.3,5.946,-6192.0,-7561.0,True
2023-10 bull,2023-10-30,2023-10-06,-24,once,27946.597656,1645.831543,0.000411,Binance,0.022846,94048.419,2625658912.738848,0.925225,1.100111,734152.092,1207122235.75008,1.898583,1.210714,123.66,106.040001,1845.199951,4308.5,13431.339844,17.450001,,2.47,82.83,5.946,-6192.0,-7561.0,True
2023-10 bull,2023-10-30,2023-10-07,-23,once,27968.839844,1634.51123,0.005246,Binance,0.016399,90902.056,2540241363.444014,0.955397,1.116747,718219.2,1173174736.893837,2.174178,1.214251,123.92,106.040001,1845.199951,4308.5,13431.339844,17.450001,,2.47,82.83,5.946,-6192.0,-7561.0,False
2023-10 bull,2023-10-30,2023-10-08,-22,once,27935.089844,1633.548584,0.010129,Binance,0.029037,92112.403,2571626940.967929,1.03199,1.120256,747277.086,1219714970.781909,2.256348,1.244707,123.9,106.040001,1845.199951,4308.5,13431.339844,17.450001,,2.47,82.83,5.946,-6192.0,-7561.0,False
2023-10 bull,2023-10-30,2023-10-09,-21,once,27583.677734,1579.806641,0.017702,Binance,0.016775,90835.067,2504695220.9647,1.276892,1.126066,766866.507,1211288653.80171,2.753073,1.218218,123.97,106.080002,1864.300049,4335.660156,13484.240234,17.700001,4.34,2.47,82.83,5.946,-6192.0,-7561.0,True
2023-10 bull,2023-10-30,2023-10-10,-20,once,27391.019531,1567.713013,0.01236,Binance,0.016625,92970.338,2545379101.8992,1.515207,1.110915,795632.282,1246652353.69734,2.951177,1.217333,124.02,105.830002,1875.300049,4358.240234,13562.839844,17.030001,4.26,2.34,85.89,5.946,-7168.0,-26767.0,True
2023-10 bull,2023-10-30,2023-10-11,-19,once,26873.320312,1566.254761,0.024649,Binance,0.014143,98105.467,2632964333.8927,2.130481,1.177503,807052.701,1262351482.26915,2.945811,1.239584,123.72,105.82,1887.300049,4376.950195,13659.679688,16.09,4.25,2.26,83.7,6.004,-7168.0,-26767.0,True
2023-10 bull,2023-10-30,2023-10-12,-18,once,26756.798828,1539.612427,0.012259,Binance,0.013492,97022.748,2593379244.9408,1.855695,1.177622,835596.92,1284713552.5616,2.977243,1.227642,123.49,106.57,1883.0,4349.609863,13574.219727,16.690001,4.25,2.36,82.87,6.004,-7168.0,-26767.0,True
2023-10 bull,2023-10-30,2023-10-13,-17,once,26862.375,1552.089478,0.00447,Binance,0.007237,97361.792,2612314241.152,1.825876,1.213783,817249.075,1267023184.859261,2.823668,1.194832,123.28,106.650002,1941.5,4327.779785,13407.230469,19.32,4.3,2.29,87.67,6.004,-7168.0,-26767.0,True
2023-10 bull,2023-10-30,2023-10-14,-16,once,26861.707031,1555.256836,0.003158,Binance,0.016841,98460.572,2643302054.0836,1.824908,1.145374,800318.582,1244223286.69212,2.672935,1.245966,123.27,106.650002,1941.5,4327.779785,13407.230469,19.32,4.3,2.29,87.67,6.004,-7168.0,-26767.0,False
2023-10 bull,2023-10-30,2023-10-15,-15,once,27159.652344,1558.069824,0.007027,Binance,0.012495,97510.743,2644884691.888257,1.538515,1.152311,799306.541,1243976755.88912,2.693808,1.259707,123.33,106.650002,1941.5,4327.779785,13407.230469,19.32,4.3,2.29,87.67,6.004,-7168.0,-26767.0,False
2023-10 bull,2023-10-30,2023-10-16,-14,once,28519.466797,1600.534302,0.009876,Binance,0.014762,89059.462,2537051164.113608,1.129474,1.16894,763883.41,1221846791.9632,2.127037,1.277141,123.39,106.239998,1934.300049,4373.629883,13567.980469,17.209999,4.27,2.33,86.65,6.004,-7168.0,-26767.0,True
2023-10 bull,2023-10-30,2023-10-17,-13,once,28415.748047,1565.439575,-0.004161,Binance,0.015246,91218.555,2589800364.767958,0.972123,1.146165,761331.205,1190897897.503524,2.586038,1.328805,123.45,106.25,1935.699951,4373.200195,13533.75,17.879999,4.25,2.42,86.66,6.004,-7853.0,15103.0,True
2023-10 bull,2023-10-30,2023-10-18,-12,once,28328.341797,1563.749878,-0.0006,Binance,0.012131,86451.802,2447424579.0794,1.12621,1.171986,757509.337,1183987093.731,2.477694,1.316183,123.65,106.57,1968.300049,4314.600098,13314.299805,19.219999,4.32,2.47,88.35,6.023,-7853.0,15103.0,True
2023-10 bull,2023-10-30,2023-10-19,-11,once,28719.806641,1567.457031,-0.020902,Binance,0.012698,93974.693,2695094265.315259,0.904958,1.082899,766808.916,1200766820.36395,2.528096,1.293022,123.87,106.25,1980.5,4278.0,13186.179688,21.4,4.37,2.49,89.35,6.023,-7853.0,15103.0,True
2023-10 bull,2023-10-30,2023-10-20,-10,once,29682.949219,1604.66687,0.00304,Binance,0.017886,90417.191,2681321799.105,0.770977,1.151231,790149.885,1266470385.887047,1.785421,1.311254,124.46,106.160004,1994.400024,4224.160156,12983.80957,21.709999,4.52,2.46,89.12,6.023,-7853.0,15103.0,True
2023-10 bull,2023-10-30,2023-10-21,-9,once,29918.412109,1629.304443,0.012768,Binance,0.01306,96370.893,2879716476.2688,0.68049,1.133001,790661.802,1287070907.76768,1.602546,1.320963,124.38,106.160004,1994.400024,4224.160156,12983.80957,21.709999,4.52,2.46,89.12,6.023,-7853.0,15103.0,False
2023-10 bull,2023-10-30,2023-10-22,-8,once,29993.896484,1663.429932,0.013944,Binance,0.012514,93112.919,2789141620.8936,0.713778,1.140606,804528.149,1335722560.347858,1.41854,1.365684,124.35,106.160004,1994.400024,4224.160156,12983.80957,21.709999,4.52,2.46,89.12,6.023,-7853.0,15103.0,False
2023-10 bull,2023-10-30,2023-10-23,-7,once,33086.234375,1765.38269,0.020238,Binance,0.013476,88835.835,2926874255.745,0.903884,1.635923,737924.831,1302709119.62413,1.42788,1.400211,124.31,105.540001,1987.800049,4217.040039,13018.330078,20.370001,4.51,2.45,85.49,6.023,-7853.0,15103.0,True
2023-10 bull,2023-10-30,2023-10-24,-6,once,33901.527344,1784.4375,0.03,Binance,0.03,84664.998,2866265775.2916,0.86991,1.568025,689851.206,1228805511.658086,1.453928,1.426688,124.6,106.269997,1986.099976,4247.680176,13139.870117,18.969999,4.41,2.43,84.58,6.023,-7953.0,55748.0,True
2023-10 bull,2023-10-30,2023-10-25,-5,once,34502.820312,1787.397583,0.02,Binance,0.02,83862.745,2890066948.144581,0.798846,1.510648,706904.429,1262319238.8653,1.490443,1.41505,123.83,106.529999,1994.900024,4186.77002,12821.219727,20.190001,4.37,2.52,86.07,5.973,-7953.0,55748.0,True
2023-10 bull,2023-10-30,2023-10-26,-4,once,34156.648438,1804.039307,0.04,Binance,0.04,84702.24,2892496793.76,0.911253,1.491944,717949.869,1293607395.803501,1.515583,1.425834,124.23,106.599998,1997.400024,4137.22998,12595.610352,20.68,4.5,2.44,83.8,5.973,-7953.0,55748.0,True
2023-10 bull,2023-10-30,2023-10-27,-3,once,33909.800781,1780.045288,0.03,Binance,0.03,84515.021,2865832765.504072,0.95869,1.53522,709071.905,1263025283.016651,1.493604,1.405787,124.23,106.559998,1998.5,4117.370117,12643.009766,21.27,4.53,2.42,86.04,5.973,-7953.0,55748.0,True
2023-10 bull,2023-10-30,2023-10-28,-2,once,34089.574219,1776.618164,0.03,Binance,0.03,84705.534,2887906926.621122,0.960902,1.486654,701152.675,1245653643.565513,1.592692,1.392782,124.06,106.559998,1998.5,4117.370117,12643.009766,21.27,4.53,2.42,86.04,5.973,-7953.0,55748.0,False
2023-10 bull,2023-10-30,2023-10-29,-1,once,34538.480469,1795.546021,0.03,Binance,0.03,88104.187,3043127429.3987,0.847898,1.470071,717990.042,1289243080.855596,1.44071,1.371736,124.07,106.559998,1998.5,4117.370117,12643.009766,21.27,4.53,2.42,86.04,5.973,-7953.0,55748.0,False
2023-10 bull,2023-10-30,2023-10-30,0,baslangic,34502.363281,1810.088623,0.02,Binance,0.02,86810.488,2994526417.805316,0.991694,1.476635,741431.865,1342188506.911059,1.484435,1.391215,124.19,106.120003,2005.599976,4166.819824,12789.480469,19.75,4.5,2.44,83.03,5.973,-7953.0,55748.0,True
2023-10 bull,2023-10-30,2023-10-31,1,sonra,34667.78125,1816.458984,0.04,Binance,0.04,88208.218,3057869724.184769,0.88709,1.489362,757974.085,1377361067.396944,1.362518,1.427148,124.01,106.660004,1994.300049,4193.799805,12851.240234,18.139999,4.42,2.46,81.64,5.973,-7042.0,74840.0,True
2023-10 bull,2023-10-30,2023-11-01,2,sonra,35437.253906,1847.089722,0.02,Binance,0.02,86821.796,3077077318.5748,0.821998,1.496052,798665.08,1474687150.3152,1.14143,1.434653,123.91,106.879997,1987.5,4237.859863,13061.469727,16.870001,4.47,2.36,81.05,5.967,-7042.0,74840.0,True
2023-10 bull,2023-10-30,2023-11-02,3,sonra,34938.242188,1800.620972,0.04,Binance,0.067342,81451.312,2843807013.338593,0.986455,1.494578,745873.108,1342462148.545406,1.715155,1.457734,124.17,106.120003,1993.5,4317.779785,13294.19043,15.66,4.15,2.27,83.04,5.967,-7042.0,74840.0,True
2023-10 bull,2023-10-30,2023-11-03,4,sonra,34732.324219,1832.795166,0.03,Binance,0.03,81453.366,2827506984.6312,1.051531,1.444156,753123.355,1380776359.057,1.318883,1.398932,124.06,105.019997,1999.199951,4358.339844,13478.280273,14.91,4.04,2.18,81.19,5.967,-7042.0,74840.0,True
2023-10 bull,2023-10-30,2023-11-04,5,sonra,35082.195312,1857.698608,0.03,Binance,0.03,83491.371,2924312895.285567,0.887281,1.451841,786321.12,1458814183.439358,1.057167,1.403091,124.43,105.019997,1999.199951,4358.339844,13478.280273,14.91,4.04,2.18,81.19,5.967,-7042.0,74840.0,False
2023-10 bull,2023-10-30,2023-11-05,6,sonra,35049.355469,1894.157715,0.03,Binance,0.03,86026.657,3014606333.2539,0.86899,1.411681,793667.479,1503043481.701873,1.073973,1.420691,124.58,105.019997,1999.199951,4358.339844,13478.280273,14.91,4.04,2.18,81.19,5.967,-7042.0,74840.0,False
2023-10 bull,2023-10-30,2023-11-06,7,sonra,35037.371094,1899.837402,0.02,Binance,0.02,86230.137,3021047409.868691,0.912117,1.449245,807167.198,1534079781.890787,1.178874,1.340001,124.65,105.220001,1988.599976,4365.97998,13518.780273,14.89,4.0,2.25,81.54,5.967,-7042.0,74840.0,True
2023-10 bull,2023-10-30,2023-11-07,8,sonra,35443.5625,1888.124268,0.04,Binance,0.04,88607.899,3140008772.242856,0.755783,1.398306,762971.062,1439992324.246366,1.258253,1.325212,124.69,105.540001,1973.5,4378.379883,13639.860352,14.81,4.08,2.19,77.96,5.967,-7406.0,78235.0,True
2023-10 bull,2023-10-30,2023-11-08,9,sonra,35655.277344,1889.322388,0.03,Binance,0.03,89927.294,3209487137.4012,0.754517,1.369603,776993.011,1469721129.95705,1.230977,1.280602,125.03,105.589996,1957.800049,4382.779785,13650.410156,14.45,4.08,2.15,75.85,6.064,-7406.0,78235.0,True
2023-10 bull,2023-10-30,2023-11-09,10,sonra,36693.125,2120.561035,0.040027,Binance,0.108656,79713.194,2932614226.554889,0.998291,1.501035,826146.45,1761926318.67364,1.016805,1.461064,124.98,105.910004,1969.800049,4347.350098,13521.450195,15.29,4.04,2.29,76.34,6.064,-7406.0,78235.0,True
2023-10 bull,2023-10-30,2023-11-10,11,sonra,37313.96875,2078.289795,0.031682,Binance,0.067692,79882.175,2982960178.85,0.923783,1.452272,822220.896,1709553464.75424,1.258988,1.647282,125.11,105.860001,1937.699951,4415.240234,13798.110352,14.17,4.03,2.29,76.34,6.064,-7406.0,78235.0,True
2023-10 bull,2023-10-30,2023-11-11,12,sonra,37138.050781,2052.713867,0.046685,Binance,0.057145,80234.305,2979116926.905046,0.984709,1.443923,807631.468,1657502061.7764,1.534124,1.620356,125.41,105.860001,1937.699951,4415.240234,13798.110352,14.17,4.03,2.29,76.34,6.064,-7406.0,78235.0,False
2023-10 bull,2023-10-30,2023-11-12,13,sonra,37054.519531,2045.187012,0.083175,Binance,0.067289,80872.319,2997093926.172208,0.978142,1.444954,793537.849,1623094380.96611,1.623949,1.58654,125.47,105.860001,1937.699951,4415.240234,13798.110352,14.17,4.03,2.29,76.34,6.064,-7406.0,78235.0,False
2023-10 bull,2023-10-30,2023-11-13,14,sonra,36502.355469,2055.265381,0.048767,Binance,0.064448,80495.832,2942058262.9344,1.089621,1.380072,816409.743,1682463578.67369,1.430839,1.602636,125.48,105.660004,1950.199951,4411.549805,13767.740234,14.76,4.03,2.32,78.86,6.064,-7406.0,78235.0,True
2023-10 bull,2023-10-30,2023-11-14,15,sonra,35537.640625,1979.052612,0.040846,Binance,0.033623,78697.731,2798053307.169811,1.315147,1.34363,783683.053,1552596709.370276,1.819506,1.500472,125.64,104.110001,1966.5,4495.700195,14094.379883,14.16,3.92,2.16,78.9,6.064,-6677.0,64315.0,True
2023-10 bull,2023-10-30,2023-11-15,16,sonra,37880.582031,2060.408447,0.03,Binance,0.03,82662.569,3132283129.5756,0.819424,1.356779,784918.477,1617151374.015087,1.517996,1.482614,125.49,104.389999,1964.300049,4502.879883,14103.839844,14.18,3.89,2.22,77.15,6.132,-6677.0,64315.0,True
2023-10 bull,2023-10-30,2023-11-16,17,sonra,36154.769531,1960.881592,0.037213,Binance,0.03,81109.884,2939091947.23319,1.384149,1.324063,763445.231,1499179493.298296,2.134977,1.458348,125.82,104.370003,1987.300049,4508.240234,14113.669922,14.32,4.02,2.18,73.5,6.132,-6677.0,64315.0,True
2023-10 bull,2023-10-30,2023-11-17,18,sonra,36596.683594,1961.280762,0.03,Binance,0.03,77714.936,2838759605.486491,1.212659,1.361793,780540.922,1527819132.307281,2.18507,1.452978,126.15,103.82,1984.699951,4514.02002,14125.480469,13.8,3.99,2.16,76.47,6.132,-6677.0,64315.0,True
2023-10 bull,2023-10-30,2023-11-18,19,sonra,36585.703125,1963.285034,0.03,Binance,0.03,79440.006,2904660267.3852,1.116658,1.358817,812657.867,1594422382.955105,2.023066,1.420886,126.34,103.82,1984.699951,4514.02002,14125.480469,13.8,3.99,2.16,76.47,6.132,-6677.0,64315.0,False
2023-10 bull,2023-10-30,2023-11-19,20,sonra,37386.546875,2013.204468,0.03,Binance,0.03,80902.714,3025802984.173012,0.940501,1.37637,805924.464,1621657028.72688,1.781019,1.44736,126.5,103.82,1984.699951,4514.02002,14125.480469,13.8,3.99,2.16,76.47,6.132,-6677.0,64315.0,False
2023-10 bull,2023-10-30,2023-11-20,21,sonra,37476.957031,2022.239136,0.03,Binance,0.03,83455.578,3127706424.495,0.837194,1.37904,828586.008,1675898961.207804,1.43686,1.436466,126.49,103.470001,1980.300049,4547.379883,14284.530273,13.41,3.92,2.12,78.1,6.132,-6677.0,64315.0,True
2023-10 bull,2023-10-30,2023-11-21,22,sonra,35813.8125,1937.066772,0.03,Binance,0.03,80072.127,2877928366.9959,1.079125,1.364489,799760.804,1553703311.53884,1.774994,1.535298,126.95,103.589996,2001.599976,4538.189941,14199.980469,13.35,3.95,2.16,78.35,6.132,-7542.0,79135.0,True
2023-10 bull,2023-10-30,2023-11-22,23,sonra,37432.339844,2064.425293,0.03,Binance,0.03,80861.483,3028553639.6888,0.776792,1.306214,892376.43,1842304020.132747,1.000885,1.436609,127.04,103.919998,1992.800049,4556.620117,14265.860352,12.85,3.9,2.16,76.8,6.173,-7542.0,79135.0,True
2023-10 bull,2023-10-30,2023-11-23,24,sonra,37289.621094,2062.210693,0.03,Binance,0.03,81959.406,3055504027.2642,0.83898,1.289988,891861.473,1838795391.95775,1.034895,1.508316,127.07,103.919998,1993.300049,4556.620117,14265.860352,12.85,3.9,2.16,76.8,6.173,-7542.0,79135.0,False
2023-10 bull,2023-10-30,2023-11-24,25,sonra,37720.28125,2081.1521,0.03,Binance,0.03,80050.172,3018523880.7588,0.77562,1.236883,879861.865,1830192374.42175,1.055289,1.545338,127.06,103.400002,2003.0,4559.339844,14250.849609,12.46,3.85,2.21,74.83,6.173,-7542.0,79135.0,True
2023-10 bull,2023-10-30,2023-11-25,26,sonra,37796.792969,2084.413086,0.03,Binance,0.03,79584.332,3005951318.495299,0.816614,1.212324,859039.144,1790393696.75328,1.141036,1.549434,127.69,103.400002,2003.0,4559.339844,14250.849609,12.46,3.85,2.21,74.83,6.173,-7542.0,79135.0,False
2023-10 bull,2023-10-30,2023-11-26,27,sonra,37479.121094,2063.286133,0.03,Binance,0.03,79115.368,2964824681.1896,0.975271,1.216274,818866.898,1689617202.65728,1.322971,1.557276,127.67,103.400002,2003.0,4559.339844,14250.849609,12.46,3.85,2.21,74.83,6.173,-7542.0,79135.0,False
2023-10 bull,2023-10-30,2023-11-27,28,sonra,37254.167969,2027.417358,0.03,Binance,0.03,79241.93,2952876966.01361,1.205125,1.18786,845379.976,1714191861.695277,1.735342,1.486805,127.64,103.199997,2012.400024,4550.430176,14241.019531,12.69,3.89,2.18,74.46,6.173,-7542.0,79135.0,True
2023-10 bull,2023-10-30,2023-11-28,29,sonra,37831.085938,2049.338135,0.02,Binance,0.02,81157.274,3065196448.672899,0.679344,1.2057,838942.767,1717720510.248745,1.302721,1.529391,127.49,102.75,2040.0,4554.890137,14281.759766,12.69,3.9,2.12,76.09,6.173,-8824.0,114893.0,True
2023-10 bull,2023-10-30,2023-11-29,30,sonra,37858.492188,2029.929199,0.04,Binance,0.04,82716.306,3127065133.4382,0.807768,1.185893,833550.53,1689206820.0556,1.567785,1.534148,127.77,102.769997,2047.099976,4550.580078,14258.490234,12.98,3.8,2.06,77.56,6.143,-8824.0,114893.0,True
2023-10 bull,2023-10-30,2023-11-30,31,sonra,37712.746094,2052.556152,0.03,Binance,0.03,82621.119,3114807924.1881,0.932214,1.198128,834297.749,1711853836.28565,1.416479,1.541219,127.85,103.5,2038.099976,4567.799805,14226.219727,12.92,3.84,2.14,75.66,6.143,-8824.0,114893.0,True
2023-10 bull,2023-10-30,2023-12-01,32,sonra,38688.75,2087.139893,0.02995,Binance,0.03,89069.148,3441284509.0428,0.593115,1.166482,867486.625,1808536115.8,1.008022,1.509035,127.95,103.269997,2089.699951,4594.629883,14305.030273,12.63,3.87,2.0,73.7,6.143,-8824.0,114893.0,True
2023-10 bull,2023-10-30,2023-12-02,33,sonra,39476.332031,2165.704102,0.025514,Binance,0.03,81761.429,3225176997.244695,0.663303,1.168199,912313.163,1975774127.202916,0.955582,1.537216,128.11,103.269997,2089.699951,4594.629883,14305.030273,12.63,3.87,2.0,73.7,6.143,-8824.0,114893.0,False
2023-10 bull,2023-10-30,2023-12-03,34,sonra,39978.390625,2193.69165,0.03,Binance,0.03,79911.584,3191507494.49468,0.701302,1.230657,911798.83,1997695273.682352,1.037087,1.60938,128.17,103.269997,2089.699951,4594.629883,14305.030273,12.63,3.87,2.0,73.7,6.143,-8824.0,114893.0,False
2023-10 bull,2023-10-30,2023-12-04,35,sonra,41980.097656,2243.21582,0.03,Binance,0.03,83182.751,3493829195.584698,0.711095,1.262192,871289.998,1955020246.755259,1.209997,1.636489,128.3,103.639999,2042.199951,4569.779785,14185.490234,13.08,3.8,2.07,72.73,6.143,-8824.0,114893.0,True
2023-10 bull,2023-10-30,2023-12-05,36,sonra,44080.648438,2293.841797,0.03,Binance,0.03,82496.849,3637936458.551992,0.785904,1.263167,840479.213,1929686717.964691,1.29616,1.640387,128.1,104.050003,2036.300049,4567.180176,14229.910156,12.85,3.8,2.01,71.95,6.143,-8145.0,109387.0,True
2023-10 bull,2023-10-30,2023-12-06,37,sonra,43746.445312,2231.661377,0.03,Binance,0.03,85177.094,3725158830.859298,0.903038,1.263938,805733.836,1797143769.7688,1.545815,1.639789,128.38,104.150002,2047.900024,4549.339844,14146.709961,12.97,3.79,1.98,68.98,6.208,-8145.0,109387.0,True
2023-10 bull,2023-10-30,2023-12-07,38,sonra,43292.664062,2357.57959,0.03,Binance,0.042693,83437.109,3610350128.496854,1.023098,1.288154,885905.044,2087373170.351586,1.147163,1.560884,128.41,103.540001,2046.400024,4585.589844,14339.990234,13.06,3.77,1.97,69.0,6.208,-8145.0,109387.0,True
2023-10 bull,2023-10-30,2023-12-08,39,sonra,44166.601562,2358.731934,0.055034,Binance,0.045344,82108.968,3631761763.608,0.903883,1.31076,863661.653,2039485173.86032,1.331302,1.575721,128.39,104.010002,2014.5,4604.370117,14403.969727,12.35,3.75,2.02,70.87,6.208,-8145.0,109387.0,True
2023-10 bull,2023-10-30,2023-12-09,40,sonra,43725.984375,2341.175293,0.068075,Binance,0.081436,80769.313,3531161671.9783,0.966794,1.295535,865290.472,2025307531.66792,1.5004,1.590777,128.58,104.010002,2014.5,4604.370117,14403.969727,12.35,3.75,2.02,70.87,6.208,-8145.0,109387.0,False
2023-10 bull,2023-10-30,2023-12-10,41,sonra,43779.699219,2352.462646,0.059036,Binance,0.062898,83109.411,3637723852.2933,1.065613,1.27209,854219.852,2009953685.16044,1.518193,1.584714,128.9,104.010002,2014.5,4604.370117,14403.969727,12.35,3.75,2.02,70.87,6.208,-8145.0,109387.0,False
2023-10 bull,2023-10-30,2023-12-11,42,sonra,41243.832031,2224.578857,0.03,Binance,0.03,75580.11,3117408909.247482,1.334633,1.361334,782150.943,1739015937.235406,1.946391,1.697217,128.87,104.099998,1993.699951,4622.439941,14432.490234,12.63,3.79,2.04,70.95,6.208,-8145.0,109387.0,True
2023-10 bull,2023-10-30,2023-12-12,43,sonra,41450.222656,2202.038086,0.031909,Binance,0.032813,77380.153,3214022126.331053,1.431519,1.357256,809702.399,1786907933.28113,2.179841,1.696469,128.67,103.870003,1993.199951,4643.700195,14533.400391,12.07,3.76,2.04,68.27,6.208,-8171.0,95528.0,True
2023-10 bull,2023-10-30,2023-12-13,44,sonra,42890.742188,2260.648682,0.032763,Binance,0.035639,78552.458,3371125866.5448,1.119223,1.328497,790948.778,1789039131.47042,1.738503,1.74443,128.03,102.870003,1997.300049,4707.089844,14733.959961,12.19,3.79,1.88,69.09,6.258,-8171.0,95528.0,True
2023-10 bull,2023-10-30,2023-12-14,45,sonra,43023.972656,2316.579102,0.03,Binance,0.03,76295.699,3281668753.2375,1.082417,1.256142,797759.595,1847212342.2225,1.451276,1.750878,128.45,101.959999,2044.900024,4719.549805,14761.55957,12.48,3.47,1.7,71.21,6.258,-8171.0,95528.0,True
2023-10 bull,2023-10-30,2023-12-15,46,sonra,41929.757812,2219.337402,0.03,Binance,0.030419,75847.357,3183882428.4675,1.287703,1.294126,796924.19,1768391579.425683,1.880614,1.761223,128.63,102.550003,2035.699951,4719.189941,14813.919922,12.28,3.51,1.69,71.05,6.258,-8171.0,95528.0,True
2023-10 bull,2023-10-30,2023-12-16,47,sonra,42240.117188,2226.926514,0.03,Binance,0.03,75358.782,3185219782.3068,1.223795,1.268262,793591.106,1767818265.229777,1.978695,1.701835,128.88,102.550003,2035.699951,4719.189941,14813.919922,12.28,3.51,1.69,71.05,6.258,-8171.0,95528.0,False
2023-10 bull,2023-10-30,2023-12-17,48,sonra,41364.664062,2196.481201,0.033355,Binance,0.036485,76370.764,3166709932.928891,1.369889,1.307696,799528.515,1759842214.3665,2.107372,1.775512,129.04,102.550003,2035.699951,4719.189941,14813.919922,12.28,3.51,1.69,71.05,6.258,-8171.0,95528.0,False
2023-10 bull,2023-10-30,2023-12-18,49,sonra,42623.539062,2217.273438,0.035611,Binance,0.03,75484.065,3220912601.9565,1.185614,1.280421,814937.717,1807098652.244107,1.982737,1.737369,128.99,102.510002,2040.5,4740.560059,14904.80957,12.56,3.51,1.74,72.16,6.258,-8171.0,95528.0,True
2023-10 bull,2023-10-30,2023-12-19,50,sonra,42270.527344,2177.872559,0.030506,Binance,0.03,76763.163,3248010629.1723,1.238998,1.329914,804792.403,1754125521.5788,2.35646,1.734295,128.95,102.169998,2052.100098,4768.370117,15003.219727,12.53,3.46,1.74,73.23,6.258,-9228.0,108276.0,True
2023-10 bull,2023-10-30,2023-12-20,51,sonra,43652.25,2201.911377,0.06078,Binance,0.059317,79748.384,3483531904.969488,0.876064,1.294669,815681.382,1795657326.812837,2.157863,1.727038,129.4,102.410004,2047.699951,4698.350098,14777.94043,13.67,3.43,1.67,73.87,6.213,-9228.0,108276.0,True
2023-10 bull,2023-10-30,2023-12-21,52,sonra,43869.152344,2239.54248,0.08897,Binance,0.112776,80550.971,3534974106.812674,0.929272,1.281623,835772.698,1871169704.9173,1.915866,1.742487,129.75,101.839996,2051.300049,4746.75,14963.870117,13.65,3.41,1.7,73.59,6.213,-9228.0,108276.0,True
2023-10 bull,2023-10-30,2023-12-22,53,sonra,43997.902344,2326.524902,0.063906,Binance,0.113022,77326.645,3402074236.425928,1.028183,1.289919,872629.965,2031045519.647313,1.485808,1.653392,129.73,101.699997,2069.100098,4754.629883,14992.969727,13.03,3.39,1.71,73.29,6.213,-9228.0,108276.0,True
2023-10 bull,2023-10-30,2023-12-23,54,sonra,43739.542969,2309.046387,0.035066,Binance,0.043849,78634.71,3440095566.138,1.034823,1.280495,849344.257,1961679469.73748,1.699567,1.776883,130.07,101.699997,2069.100098,4754.629883,14992.969727,13.03,3.39,1.71,73.29,6.213,-9228.0,108276.0,False
2023-10 bull,2023-10-30,2023-12-24,55,sonra,43016.117188,2265.692139,0.050519,Binance,0.055453,77297.416,3326596828.470874,1.141092,1.248884,833620.099,1891672434.350903,1.962487,1.793174,130.24,101.699997,2069.100098,4754.629883,14992.969727,13.03,3.39,1.71,73.29,6.213,-9228.0,108276.0,False
2023-10 bull,2023-10-30,2023-12-25,56,sonra,43613.140625,2272.561768,0.091299,Binance,0.11541,77526.217,3383693761.9386,1.141369,1.26689,823514.146,1873110631.337517,2.102489,1.74627,130.18,101.699997,2069.100098,4754.629883,14992.969727,13.03,3.39,1.71,73.29,6.213,-9228.0,108276.0,False
2023-10 bull,2023-10-30,2023-12-26,57,sonra,42520.402344,2231.465332,0.080937,Binance,0.097919,79601.675,3387277523.203887,1.653035,1.269895,813510.882,1816512853.74426,2.552547,1.819385,130.14,101.470001,2069.800049,4774.75,15074.570312,12.99,3.37,1.71,75.84,6.213,-9831.0,106454.0,True
2023-10 bull,2023-10-30,2023-12-27,58,sonra,43442.855469,2378.73999,0.083267,Binance,0.11729,76026.503,3299542627.5497,1.258418,1.221945,874594.956,2080187734.275328,1.322638,1.666682,129.83,100.989998,2093.100098,4781.580078,15099.179688,12.43,3.34,1.64,74.31,6.163,-9831.0,106454.0,True
2023-10 bull,2023-10-30,2023-12-28,59,sonra,42627.855469,2347.566162,0.088031,Binance,0.106997,75581.372,3221399004.8352,1.553196,1.219722,842769.201,1977414659.38233,1.629109,1.774191,130.28,101.230003,2083.5,4783.350098,15095.139648,12.47,3.32,1.68,72.02,6.163,-9831.0,106454.0,True
2023-10 bull,2023-10-30,2023-12-29,60,sonra,42099.402344,2300.690674,0.152164,Binance,0.14113,75664.074,3183285956.4762,1.890013,1.221163,779614.343,1793268911.7686,2.251584,1.761395,130.1,101.330002,2071.800049,4769.830078,15011.349609,12.45,3.34,1.72,71.89,6.163,-9831.0,106454.0,True
2024-10 leg,2024-10-28,2024-09-28,-30,once,65887.648438,2677.539062,0.009714,Binance,0.013393,85266.241,5612738513.587925,0.822983,1.106515,927306.514,2479373336.393319,2.243179,2.070112,172.91,100.419998,2668.100098,5738.169922,18119.589844,16.959999,3.14,1.6,68.72,5.857,-18638.0,219029.0,False
2024-10 leg,2024-10-28,2024-09-29,-29,once,65635.304688,2659.346924,0.014183,Binance,0.025115,85611.604,5613692767.28371,0.861251,1.086565,931841.493,2475466963.925251,2.401677,2.050623,172.94,100.419998,2668.100098,5738.169922,18119.589844,16.959999,3.14,1.6,68.72,5.857,-18638.0,219029.0,False
2024-10 leg,2024-10-28,2024-09-30,-28,once,63329.5,2603.062744,0.027939,Binance,0.02862,86806.037,5496020020.468511,1.280492,1.198408,1013300.892,2636116234.128282,2.568797,2.23651,172.93,100.779999,2659.399902,5762.47998,18189.169922,16.73,3.03,1.63,68.75,5.857,-18638.0,219029.0,True
2024-10 leg,2024-10-28,2024-10-01,-27,once,60837.007812,2448.921143,0.026632,Binance,0.028397,84304.326,5124995236.357489,1.577897,1.340851,1036068.948,2535731875.963506,2.709309,2.211309,172.28,101.190002,2690.300049,5708.75,17910.359375,19.26,3.07,1.55,70.41,5.857,-17341.0,214462.0,True
2024-10 leg,2024-10-28,2024-10-02,-26,once,60632.785156,2365.231689,0.020981,Binance,0.019277,82501.51,5001464290.277,1.672387,1.204323,1006075.083,2377417035.601785,3.027579,2.122008,172.69,101.68,2669.699951,5709.540039,17925.119141,18.9,3.06,1.58,70.74,5.865,-17341.0,214462.0,True
2024-10 leg,2024-10-28,2024-10-03,-25,once,60759.402344,2349.79126,0.015833,Binance,0.013883,84456.344,5128788847.7224,1.624933,1.193536,974721.368,2289357318.66264,2.996691,1.944369,172.82,101.989998,2679.199951,5699.939941,17918.480469,20.49,3.04,1.64,74.33,5.865,-17341.0,214462.0,True
2024-10 leg,2024-10-28,2024-10-04,-24,once,62067.476562,2414.793945,0.000766,Binance,0.017639,84723.375,5257213170.783714,1.319104,1.134488,973077.45,2348405656.281,2.63223,1.841483,172.68,102.519997,2667.800049,5751.069824,18137.849609,19.209999,2.89,1.75,74.93,5.865,-17341.0,214462.0,True
2024-10 leg,2024-10-28,2024-10-05,-23,once,62089.949219,2415.631836,0.002521,Binance,0.022423,84276.544,5227737408.566315,1.34731,1.127198,977270.307,2358761065.43639,2.673913,1.859126,172.72,102.519997,2667.800049,5751.069824,18137.849609,19.209999,2.89,1.75,74.93,5.865,-17341.0,214462.0,False
2024-10 leg,2024-10-28,2024-10-06,-22,once,62818.953125,2439.957764,0.012041,Binance,0.011903,86185.674,5411756875.449694,1.289109,1.121928,966340.743,2356922122.235089,2.574579,1.76742,173.5,102.519997,2667.800049,5751.069824,18137.849609,19.209999,2.89,1.75,74.93,5.865,-17341.0,214462.0,False
2024-10 leg,2024-10-28,2024-10-07,-21,once,62236.660156,2421.796631,-0.000453,Binance,0.018462,83246.471,5177926075.871495,1.375609,1.110224,894955.227,2167357820.98725,2.840596,2.15034,172.28,102.540001,2666.0,5695.939941,17923.900391,22.639999,2.95,1.76,77.76,5.865,-17341.0,214462.0,True
2024-10 leg,2024-10-28,2024-10-08,-20,once,62131.96875,2439.84082,0.025194,Binance,0.028377,85922.831,5338646120.179449,1.518993,1.154935,943837.557,2302912228.531422,2.678754,2.167873,172.86,102.550003,2635.399902,5751.129883,18182.919922,21.42,2.99,1.77,74.26,5.865,-18848.0,194059.0,True
2024-10 leg,2024-10-28,2024-10-09,-19,once,60582.101562,2368.283447,0.015167,Binance,0.020303,86901.553,5266788489.514593,1.823725,1.181779,1015080.769,2405345541.03009,3.077152,2.082489,172.94,102.93,2626.0,5792.040039,18291.619141,20.860001,2.94,1.77,73.85,5.901,-18848.0,194059.0,True
2024-10 leg,2024-10-28,2024-10-10,-18,once,60274.5,2383.85791,0.013763,Binance,0.03,85843.982,5175860569.041169,2.097,1.179513,1021808.142,2437257652.62408,3.026667,2.292034,172.98,102.989998,2639.300049,5780.049805,18282.050781,20.93,2.99,1.76,76.46,5.901,-18848.0,194059.0,True
2024-10 leg,2024-10-28,2024-10-11,-17,once,62445.089844,2436.513428,0.002804,Binance,0.019896,87533.767,5471648241.403,1.099336,0.982804,961815.832,2345349433.69872,2.390217,2.026025,172.6,102.889999,2676.300049,5815.029785,18342.939453,20.459999,2.98,1.75,76.11,5.901,-18848.0,194059.0,True
2024-10 leg,2024-10-28,2024-10-12,-16,once,63193.023438,2476.523193,0.006868,Binance,0.025278,89354.75,5645066750.525,1.054246,0.995741,965570.926,2389874943.23334,2.226482,2.060846,172.97,102.889999,2676.300049,5815.029785,18342.939453,20.459999,2.98,1.75,76.11,5.901,-18848.0,194059.0,False
2024-10 leg,2024-10-28,2024-10-13,-15,once,62851.375,2467.677002,0.011005,Binance,0.01228,85774.197,5390145537.140232,1.258741,1.010534,931922.667,2299873382.038421,2.284728,2.145649,173.25,102.889999,2676.300049,5815.029785,18342.939453,20.459999,2.98,1.75,76.11,5.901,-18848.0,194059.0,False
2024-10 leg,2024-10-28,2024-10-14,-14,once,66046.125,2628.899902,0.03,Binance,0.03,86445.082,5710977053.3136,0.707724,1.118032,1102730.281,2899105201.323455,1.81961,2.157518,173.57,103.300003,2665.600098,5859.850098,18502.689453,19.700001,2.97,1.75,76.11,5.901,-18848.0,194059.0,True
2024-10 leg,2024-10-28,2024-10-15,-13,once,67041.109375,2606.021973,0.028325,Binance,0.03,82779.101,5550265847.086823,0.720683,1.19947,1086043.222,2831031666.76248,2.253243,2.620287,172.85,103.260002,2678.899902,5815.259766,18315.589844,20.639999,2.93,1.75,71.22,5.901,-20384.0,199421.0,True
2024-10 leg,2024-10-28,2024-10-16,-12,once,67612.71875,2611.102051,0.0285,Binance,0.03,86461.085,5844251791.171208,0.646508,1.150562,1117962.012,2918328036.1248,2.02435,2.533444,172.91,103.589996,2691.300049,5842.470215,18367.080078,19.58,2.9,1.75,70.97,5.975,-20384.0,199421.0,True
2024-10 leg,2024-10-28,2024-10-17,-11,once,67399.835938,2604.273438,0.02,Binance,0.02,81685.646,5506125468.902937,0.707876,1.27422,1132526.872,2950232501.56,2.050833,2.846464,172.61,103.830002,2707.5,5841.470215,18373.609375,19.110001,2.89,1.79,71.26,5.975,-20384.0,199421.0,True
2024-10 leg,2024-10-28,2024-10-18,-10,once,68418.789062,2641.552246,0.04,Binance,0.04,86390.062,5909080240.8,0.622693,1.254117,1132255.024,2990410066.43664,1.847777,2.558873,172.58,103.489998,2730.0,5864.669922,18489.550781,18.030001,2.88,1.77,69.78,5.975,-20384.0,199421.0,True
2024-10 leg,2024-10-28,2024-10-19,-9,once,68362.734375,2648.656982,0.03,Binance,0.03,86749.239,5929622782.9104,0.703551,1.273315,1111999.523,2943907537.1902,1.818338,2.617765,172.9,103.489998,2730.0,5864.669922,18489.550781,18.030001,2.88,1.77,69.78,5.975,-20384.0,199421.0,False
2024-10 leg,2024-10-28,2024-10-20,-8,once,69001.703125,2746.364014,0.03,Binance,0.03,86609.797,5977973177.10858,0.673294,1.255804,1156542.231,3177011268.416432,1.744897,2.739025,172.92,103.489998,2730.0,5864.669922,18489.550781,18.030001,2.88,1.77,69.78,5.975,-20384.0,199421.0,False
2024-10 leg,2024-10-28,2024-10-21,-7,once,67367.851562,2665.712158,0.03,Binance,0.03,86956.165,5858123793.0355,0.827278,1.376899,1148872.809,3063587887.985881,2.158078,2.819317,172.82,104.010002,2738.899902,5853.97998,18540.009766,18.370001,2.88,1.88,71.16,5.975,-20384.0,199421.0,True
2024-10 leg,2024-10-28,2024-10-22,-6,once,67361.40625,2620.19751,0.03,Binance,0.03,86928.661,5860260909.8506,0.828957,1.38154,1147647.826,3009121123.29374,2.541454,2.798083,173.0,104.080002,2759.800049,5851.200195,18579.769531,18.200001,2.92,1.87,72.84,5.975,-20249.0,205160.0,True
2024-10 leg,2024-10-28,2024-10-23,-5,once,66432.195312,2509.098877,0.03,Binance,0.03,84249.392,5615177033.035936,1.070071,1.445748,1169359.013,2951275051.36992,3.242455,2.705983,172.87,104.43,2729.399902,5797.419922,18276.650391,19.24,2.95,1.93,71.37,5.929,-20249.0,205160.0,True
2024-10 leg,2024-10-28,2024-10-24,-4,once,68161.054688,2534.498535,0.03,Binance,0.03,85471.049,5827038700.06527,0.842193,1.396202,1165931.021,2956106624.836593,3.231698,2.85836,172.36,104.059998,2748.899902,5809.859863,18415.490234,19.08,2.93,1.91,70.58,5.929,-20249.0,205160.0,True
2024-10 leg,2024-10-28,2024-10-25,-3,once,66642.414062,2435.934082,0.024755,Binance,0.03,80098.846,5340978489.924256,1.031912,1.375878,1158079.112,2825939920.58432,3.516775,2.851625,171.73,104.260002,2754.600098,5808.120117,18518.609375,20.33,2.89,1.96,72.02,5.929,-20249.0,205160.0,True
2024-10 leg,2024-10-28,2024-10-26,-2,once,67014.695312,2479.603271,0.027569,Binance,0.03,80968.74,5430727232.406,0.928812,1.364074,1188368.849,2949579017.97196,2.95623,2.864013,172.6,104.260002,2754.600098,5808.120117,18518.609375,20.33,2.89,1.96,72.02,5.929,-20249.0,205160.0,False
2024-10 leg,2024-10-28,2024-10-27,-1,once,67929.296875,2505.940674,0.029149,Binance,0.03,82206.349,5589801554.2228,0.812325,1.367541,1196905.483,3001156715.23869,3.042749,2.963521,172.68,104.260002,2754.600098,5808.120117,18518.609375,20.33,2.89,1.96,72.02,5.929,-20249.0,205160.0,False
2024-10 leg,2024-10-28,2024-10-28,0,baslangic,69907.757812,2565.348145,0.028946,Binance,0.03,89115.037,6232705687.78,0.569941,1.33865,1252938.14,3215653206.9286,2.796583,3.097719,173.11,104.32,2755.899902,5823.52002,18567.189453,19.799999,2.82,1.99,67.65,5.929,-20249.0,205160.0,True
2024-10 leg,2024-10-28,2024-10-29,1,sonra,72720.492188,2637.95752,0.03,Binance,0.03,90242.979,6564165236.451364,0.561829,1.417271,1244396.305,3284310279.8604,2.387936,3.164834,172.34,104.279999,2781.100098,5832.919922,18712.75,19.34,2.85,1.98,67.48,5.929,-20915.0,195173.0,True
2024-10 leg,2024-10-28,2024-10-30,2,sonra,72339.539062,2657.372559,0.03,Binance,0.03,89315.493,6462035630.341568,0.617539,1.458756,1257194.03,3343507522.785,2.258497,3.273772,172.95,103.989998,2800.800049,5813.669922,18607.929688,20.35,2.8,1.95,68.91,5.949,-20915.0,195173.0,True
2024-10 leg,2024-10-28,2024-10-31,3,sonra,70215.1875,2515.799316,0.03,Binance,0.03,89544.929,6296634723.994011,0.9045,1.611596,1317305.835,3317787323.396991,3.244778,3.086031,173.2,103.980003,2749.300049,5705.450195,18095.150391,23.16,2.88,1.95,69.58,5.949,-20915.0,195173.0,True
2024-10 leg,2024-10-28,2024-11-01,4,sonra,69482.46875,2511.885498,0.03,Binance,0.03,84087.599,5843770944.323695,1.104622,1.64538,1279809.037,3214445468.469469,3.424311,2.822156,172.64,104.279999,2749.199951,5728.799805,18239.919922,21.879999,2.83,2.04,69.81,5.949,-20915.0,195173.0,True
2024-10 leg,2024-10-28,2024-11-02,5,sonra,69289.273438,2491.068604,0.03,Binance,0.03,85855.111,5955468557.1815,1.117937,1.64994,1275788.586,3181456874.119482,3.526532,2.636752,173.09,104.279999,2749.199951,5728.799805,18239.919922,21.879999,2.83,2.04,69.81,5.949,-20915.0,195173.0,False
2024-10 leg,2024-10-28,2024-11-03,6,sonra,68741.117188,2456.425293,0.03,Binance,0.03,82985.243,5706272771.7875,1.241213,1.704388,1288247.237,3165667272.247061,3.684249,2.704357,173.16,104.279999,2749.199951,5728.799805,18239.919922,21.879999,2.83,2.04,69.81,5.949,-20915.0,195173.0,False
2024-10 leg,2024-10-28,2024-11-04,7,sonra,67811.507812,2397.026367,0.03,Binance,0.03,84138.044,5707641246.970562,1.473796,1.834688,1280076.024,3069228022.743456,3.811164,2.86794,173.46,103.889999,2746.199951,5712.689941,18179.980469,21.98,2.87,2.03,71.83,5.949,-20915.0,195173.0,True
2024-10 leg,2024-10-28,2024-11-05,8,sonra,69359.5625,2422.650635,0.03,Binance,0.029511,82913.28,5750301290.496,1.238945,1.709552,1265338.556,3063903432.88396,3.932161,2.844998,174.87,103.419998,2749.699951,5782.759766,18439.169922,20.49,2.86,1.99,72.26,5.949,-19254.0,183003.0,True
2024-10 leg,2024-10-28,2024-11-06,9,sonra,75639.078125,2724.169189,0.03,Binance,0.03,89441.85,6759597498.929376,0.657618,1.477152,1304170.907,3550569024.519032,2.138977,2.502739,175.0,105.089996,2676.300049,5929.040039,18983.470703,16.27,2.74,2.04,71.98,5.974,-19254.0,183003.0,True
2024-10 leg,2024-10-28,2024-11-07,10,sonra,75904.859375,2895.585449,0.03,Binance,0.034885,88615.412,6721881903.140409,0.650426,1.398211,1314486.136,3805989447.89712,1.912076,2.601943,176.75,104.510002,2705.800049,5973.100098,19269.460938,15.2,2.73,1.98,72.69,5.974,-19254.0,183003.0,True
2024-10 leg,2024-10-28,2024-11-08,11,sonra,76545.476562,2962.296631,0.03,Binance,0.03,89975.084,6881831540.692638,0.595521,1.289418,1330389.27,3940607847.368357,1.636254,2.354585,177.48,105.0,2694.800049,5995.540039,19286.779297,14.94,2.63,1.95,70.69,5.974,-19254.0,183003.0,True
2024-10 leg,2024-10-28,2024-11-09,12,sonra,76778.867188,3131.144531,0.03,Binance,0.03,87469.086,6706787770.899656,0.607653,1.31281,1293763.74,4045625090.2548,1.665074,2.571936,178.65,105.0,2694.800049,5995.540039,19286.779297,14.94,2.63,1.95,70.69,5.974,-19254.0,183003.0,False
2024-10 leg,2024-10-28,2024-11-10,13,sonra,80474.1875,3191.331299,0.039716,Binance,0.036708,85939.832,6910413297.1368,0.66107,1.47804,1202706.387,3830848356.80853,2.061402,2.819426,178.67,105.0,2694.800049,5995.540039,19286.779297,14.94,2.63,1.95,70.69,5.974,-19254.0,183003.0,False
2024-10 leg,2024-10-28,2024-11-11,14,sonra,88701.484375,3374.812988,0.056878,Binance,0.065084,84951.36,7537649221.44,0.810766,1.643088,1188587.608,4011495062.87608,2.301858,3.264792,179.93,105.540001,2617.699951,6001.350098,19298.759766,14.97,2.63,1.95,70.69,5.974,-19254.0,183003.0,True
2024-10 leg,2024-10-28,2024-11-12,15,sonra,87955.8125,3246.257324,0.141624,Binance,0.134915,84314.918,7416746073.315638,0.763741,1.8101,1196721.228,3883817260.390263,2.535471,3.162737,180.57,106.019997,2606.300049,5983.990234,19281.400391,14.71,2.61,2.08,68.43,5.974,-20359.0,165296.0,True
2024-10 leg,2024-10-28,2024-11-13,16,sonra,90584.164062,3192.595947,0.034957,Binance,0.04645,83030.477,7507044851.150192,0.901687,1.662885,1198113.626,3820664541.9514,2.785108,3.029919,180.74,106.480003,2586.5,5985.379883,19230.720703,14.02,2.64,2.09,68.76,5.897,-20359.0,165296.0,True
2024-10 leg,2024-10-28,2024-11-14,17,sonra,87250.429688,3058.94873,0.04,Binance,0.043713,85959.147,7510788819.327513,1.138827,1.638693,1236792.922,3785860238.02966,3.008161,3.033801,181.79,106.669998,2572.899902,5949.169922,19107.650391,14.31,2.6,2.1,68.99,5.897,-20359.0,165296.0,True
2024-10 leg,2024-10-28,2024-11-15,18,sonra,91066.007812,3103.040527,0.020977,Binance,0.023108,84836.027,7726407224.6142,0.787488,1.649845,1285308.841,3973853609.16175,3.348246,3.006647,184.04,106.690002,2570.100098,5870.620117,18680.119141,16.139999,2.72,2.1,67.33,5.897,-20359.0,165296.0,True
2024-10 leg,2024-10-28,2024-11-16,19,sonra,90558.476562,3133.273926,0.048996,Binance,0.049566,84696.56,7674838071.992,0.811401,1.685447,1276104.285,3999335184.112438,3.367457,2.930214,184.24,106.690002,2570.100098,5870.620117,18680.119141,16.139999,2.72,2.1,67.33,5.897,-20359.0,165296.0,False
2024-10 leg,2024-10-28,2024-11-17,20,sonra,89845.851562,3075.661621,0.030577,Binance,0.04955,84052.753,7555943419.232872,0.992377,1.637994,1275642.27,3926369368.335218,3.724203,2.887226,184.59,106.690002,2570.100098,5870.620117,18680.119141,16.139999,2.72,2.1,67.33,5.897,-20359.0,165296.0,False
2024-10 leg,2024-10-28,2024-11-18,21,sonra,90542.640625,3207.856445,0.079374,Binance,0.091871,84971.438,7690097664.729494,0.911819,1.585425,1361485.533,4371022073.98584,2.920902,2.999415,185.02,106.279999,2614.600098,5893.620117,18791.810547,15.58,2.72,2.08,69.46,5.897,-20359.0,165296.0,True
2024-10 leg,2024-10-28,2024-11-19,22,sonra,92343.789062,3111.384033,0.048175,Binance,0.036587,85377.191,7881534551.38886,0.791374,1.57986,1304362.509,4055311620.027849,4.032677,3.009649,185.26,106.209999,2631.0,5916.97998,18987.470703,16.35,2.69,2.05,69.75,5.897,-20108.0,155174.0,True
2024-10 leg,2024-10-28,2024-11-20,23,sonra,94339.492188,3072.187988,0.03,Binance,0.050493,89561.299,8443854909.701275,0.606675,1.436144,1365780.227,4194297419.31473,4.193253,2.974041,185.93,106.68,2651.699951,5917.109863,18966.140625,17.16,2.67,2.06,69.25,5.954,-20108.0,155174.0,True
2024-10 leg,2024-10-28,2024-11-21,24,sonra,98504.726562,3361.053955,0.04,Binance,0.074326,89307.843,8784775885.806532,0.712553,1.441566,1395587.058,4687330339.96344,2.903289,3.292192,187.74,106.970001,2674.899902,5948.709961,18972.419922,16.870001,2.61,2.09,70.39,5.954,-20108.0,155174.0,True
2024-10 leg,2024-10-28,2024-11-22,25,sonra,98997.664062,3331.60083,0.03,Binance,0.066427,90671.153,8969070556.628553,0.738212,1.404472,1397397.298,4652791277.982818,3.73325,3.61679,188.57,107.489998,2712.199951,5969.339844,19003.650391,15.24,2.61,2.07,71.68,5.954,-20108.0,155174.0,True
2024-10 leg,2024-10-28,2024-11-23,26,sonra,97777.28125,3396.223389,0.02,Binance,0.069564,90282.742,8822926103.321,0.893448,1.36593,1410619.737,4790618416.46672,3.574675,3.468648,190.48,107.489998,2712.199951,5969.339844,19003.650391,15.24,2.61,2.07,71.68,5.954,-20108.0,155174.0,False
2024-10 leg,2024-10-28,2024-11-24,27,sonra,98013.820312,3363.659912,0.070411,Binance,0.095255,87507.222,8572251220.731,0.949744,1.390048,1413064.772,4752094436.29284,3.97575,3.33993,192.27,107.489998,2712.199951,5969.339844,19003.650391,15.24,2.61,2.07,71.68,5.954,-20108.0,155174.0,False
2024-10 leg,2024-10-28,2024-11-25,28,sonra,93102.296875,3413.543945,0.057135,Binance,0.080212,90378.808,8411022425.5928,1.310078,1.552331,1435410.486,4903585176.40065,3.229528,3.577767,192.61,106.82,2618.5,5987.370117,19054.839844,14.6,2.64,1.98,69.41,5.954,-20108.0,155174.0,True
2024-10 leg,2024-10-28,2024-11-26,29,sonra,91985.320312,3326.517334,0.07874,Binance,0.051528,87584.888,8059009608.9656,1.449877,1.715155,1404441.599,4672815954.94483,4.087751,3.604314,191.52,107.010002,2621.300049,6021.629883,19174.300781,14.1,2.68,2.02,69.05,5.954,-19205.0,179290.0,True
2024-10 leg,2024-10-28,2024-11-27,30,sonra,95962.53125,3657.249268,0.036795,Binance,0.052549,86144.76,8261683736.516373,0.966254,1.524781,1541812.17,5636171770.047307,2.142036,3.132991,191.89,106.080002,2639.899902,5998.740234,19060.480469,14.1,2.69,1.99,69.03,5.96,-19205.0,179290.0,True
2024-10 leg,2024-10-28,2024-11-28,31,sonra,95652.46875,3579.811523,0.046804,Binance,0.03647,85987.754,8228507339.80876,1.072362,1.578207,1473895.356,5278672692.92538,2.753601,3.486443,193.47,106.080002,2639.899902,5998.740234,19060.480469,14.1,2.69,1.99,69.03,5.96,-19205.0,179290.0,False
2024-10 leg,2024-10-28,2024-11-29,32,sonra,97461.523438,3593.494385,0.043668,Binance,0.042451,88021.766,8583556939.7858,0.864358,1.576111,1488457.671,5350275982.98621,3.032594,3.237234,194.4,105.739998,2657.0,6032.379883,19218.169922,13.51,2.72,1.92,68.26,5.96,-19205.0,179290.0,True
2024-10 leg,2024-10-28,2024-11-30,33,sonra,96449.054688,3705.705322,0.043873,Binance,0.049028,86886.501,8381261873.961895,0.980682,1.639364,1497773.876,5549859353.650272,2.542225,3.213565,195.15,105.739998,2657.0,6032.379883,19218.169922,13.51,2.74,1.92,68.26,5.96,-19205.0,179290.0,False
2024-10 leg,2024-10-28,2024-12-01,34,sonra,97279.789062,3711.165039,0.029581,Binance,0.028801,86613.045,8424426483.2295,0.911019,1.628653,1518311.42,5634818074.3608,2.567521,3.254937,193.27,105.739998,2657.0,6032.379883,19218.169922,13.51,2.74,1.92,68.26,5.96,-19205.0,179290.0,False
2024-10 leg,2024-10-28,2024-12-02,35,sonra,95865.304688,3644.198486,0.076448,Binance,0.120288,86363.424,8281306750.095078,1.115758,1.569722,1510838.1,5508923638.887,3.350817,3.791057,193.54,106.449997,2658.5,6047.149902,19403.949219,13.34,2.68,1.93,68.35,5.96,-19205.0,179290.0,True
2024-10 leg,2024-10-28,2024-12-03,36,sonra,96002.164062,3620.71167,0.063512,Binance,0.067718,87478.508,8390361129.2072,1.070008,1.650199,1567186.519,5668195464.737494,3.725164,3.820772,194.48,106.370003,2667.899902,6049.879883,19480.910156,13.3,2.66,1.95,70.15,5.96,-21655.0,180735.0,True
2024-10 leg,2024-10-28,2024-12-04,37,sonra,98768.53125,3841.331055,0.049488,Binance,0.035741,92642.832,9142841816.068167,0.824057,1.562406,1612526.71,6193924721.5823,2.615993,3.534013,194.82,106.339996,2676.199951,6086.490234,19735.119141,13.45,2.66,1.9,68.81,5.943,-21655.0,180735.0,True
2024-10 leg,2024-10-28,2024-12-05,38,sonra,96593.570312,3811.008301,0.15713,Binance,0.118605,92201.575,8943700297.52,1.354904,1.953593,1508154.174,5711832303.1902,3.913043,3.479044,196.14,105.709999,2648.399902,6075.109863,19700.259766,13.54,2.66,1.92,68.58,5.943,-21655.0,180735.0,True
2024-10 leg,2024-10-28,2024-12-06,39,sonra,99920.710938,4005.810547,0.056606,Binance,0.08248,89431.161,8925453445.7025,0.960181,1.588221,1601789.448,6409947308.323692,2.506808,3.08119,196.72,105.970001,2659.600098,6090.27002,19859.769531,12.77,2.67,1.91,68.58,5.943,-21655.0,180735.0,True
2024-10 leg,2024-10-28,2024-12-07,40,sonra,99923.335938,4002.692627,0.043449,Binance,0.068262,88605.133,8851573042.0803,1.095585,1.732968,1574253.18,6296012997.680893,3.226236,3.256329,197.86,105.970001,2659.600098,6090.27002,19859.769531,12.77,2.67,1.91,68.58,5.943,-21655.0,180735.0,False
2024-10 leg,2024-10-28,2024-12-08,41,sonra,101236.015625,4005.70459,0.064565,Binance,0.062787,89375.095,9044218357.79101,1.031126,1.689135,1571916.822,6297843913.235297,3.379683,3.24359,198.3,105.970001,2659.600098,6090.27002,19859.769531,12.77,2.67,1.91,68.58,5.943,-21655.0,180735.0,False
2024-10 leg,2024-10-28,2024-12-09,42,sonra,97432.71875,3718.69043,0.032147,Binance,0.023421,89931.062,8754707947.7442,1.40478,1.808377,1530218.642,5683280725.160191,4.625243,3.420773,199.19,106.150002,2685.800049,6052.850098,19736.689453,14.19,2.67,1.93,68.65,5.943,-21655.0,180735.0,True
2024-10 leg,2024-10-28,2024-12-10,43,sonra,96675.429688,3631.83374,0.04,Binance,0.04,87743.112,8476186428.3576,1.376154,1.773541,1521389.42,5520224585.4222,4.598075,3.304658,199.26,106.400002,2718.399902,6034.910156,19687.240234,14.18,2.67,1.93,68.85,5.943,-20986.0,196078.0,True
2024-10 leg,2024-10-28,2024-12-11,44,sonra,101173.03125,3832.822021,0.02,Binance,0.02,92933.371,9396205048.3599,0.742932,1.689383,1531170.686,5865093807.785632,3.383481,3.08427,199.65,106.709999,2756.699951,6084.189941,20034.890625,13.58,2.64,1.96,70.57,5.942,-20986.0,196078.0,True
2024-10 leg,2024-10-28,2024-12-12,45,sonra,100043.0,3883.101562,0.04,Binance,0.04,91669.09,9165286457.107,0.845757,1.847052,1523577.012,5912360934.567757,3.12009,3.293808,201.89,106.959999,2709.399902,6051.25,19902.839844,13.92,2.66,2.0,70.25,5.942,-20986.0,196078.0,True
2024-10 leg,2024-10-28,2024-12-13,46,sonra,101459.257812,3911.205322,0.02675,Binance,0.03,92004.474,9326668337.8806,0.707162,1.656591,1560766.738,6095714964.26542,2.984245,3.286242,202.38,107.0,2675.800049,6051.089844,19926.720703,13.81,2.68,2.07,71.54,5.942,-20986.0,196078.0,True
2024-10 leg,2024-10-28,2024-12-14,47,sonra,101372.96875,3868.405273,0.03,Binance,0.03,92610.017,9389878148.214447,0.763781,1.713085,1589625.041,6150088362.169065,3.429533,3.334455,203.28,107.0,2675.800049,6051.089844,19926.720703,13.81,2.68,2.07,71.54,5.942,-20986.0,196078.0,False
2024-10 leg,2024-10-28,2024-12-15,48,sonra,104298.695312,3951.941162,0.028194,Binance,0.028066,98884.509,10328388080.541,0.62826,1.646257,1566616.839,6201092435.30853,3.333808,3.273521,203.56,107.0,2675.800049,6051.089844,19926.720703,13.81,2.68,2.07,71.54,5.942,-20986.0,196078.0,False
2024-10 leg,2024-10-28,2024-12-16,49,sonra,106029.71875,3987.480957,0.027047,Binance,0.03,93136.479,9874636853.9607,0.62411,1.657945,1644644.615,6553886426.108096,2.87156,3.441432,203.65,106.860001,2670.0,6074.080078,20173.890625,14.69,2.69,2.07,71.03,5.942,-20986.0,196078.0,True
2024-10 leg,2024-10-28,2024-12-17,50,sonra,106140.601562,3886.766113,0.03,Binance,0.028046,92379.01,9799945879.45902,0.676669,1.605188,1617034.91,6292190071.4429,3.914254,3.337119,204.16,106.959999,2662.0,6050.609863,20109.060547,15.87,2.75,2.09,70.31,5.942,-23197.0,183502.0,True
2024-10 leg,2024-10-28,2024-12-18,51,sonra,100041.539062,3618.79126,0.029159,Binance,0.026104,92500.772,9266967840.9672,1.195232,1.715022,1605064.015,5819431948.716116,4.706224,3.402552,204.36,108.029999,2653.300049,5872.160156,19392.689453,27.620001,2.73,2.18,70.8,5.99,-23197.0,183502.0,True
2024-10 leg,2024-10-28,2024-12-19,52,sonra,97490.953125,3417.927979,0.03,Binance,0.024811,91568.358,8921908020.7152,1.549017,1.767802,1615586.11,5519973062.037,4.918873,3.142067,204.58,108.410004,2608.100098,5867.080078,19372.769531,24.09,2.91,2.28,70.1,5.99,-23197.0,183502.0,True
2024-10 leg,2024-10-28,2024-12-20,53,sonra,97755.929688,3472.553467,0.03,Binance,0.026352,89107.0,8711492390.8,1.416706,2.11007,1504991.69,5223744065.541022,3.811181,3.525476,205.09,107.620003,2645.100098,5930.850098,19572.599609,18.360001,2.86,2.23,69.71,5.99,-23197.0,183502.0,True
2024-10 leg,2024-10-28,2024-12-21,54,sonra,97224.726562,3337.222412,0.021206,Binance,0.03,87819.092,8541442962.2856,1.374382,2.138501,1485069.534,4956464121.81102,4.070309,4.002389,205.15,107.620003,2645.100098,5930.850098,19572.599609,18.360001,2.86,2.23,69.71,5.99,-23197.0,183502.0,False
2024-10 leg,2024-10-28,2024-12-22,55,sonra,95104.9375,3277.535156,0.029629,Binance,0.021056,86862.228,8265452522.780558,1.535533,2.196185,1508766.967,4949872139.31558,4.363453,3.732911,205.19,107.620003,2645.100098,5930.850098,19572.599609,18.360001,2.86,2.23,69.71,5.99,-23197.0,183502.0,False
2024-10 leg,2024-10-28,2024-12-23,56,sonra,94686.242188,3415.7854,0.028981,Binance,0.024072,90262.465,8562396718.6115,2.005674,2.221413,1461273.847,4998965711.814919,4.017805,4.088795,205.86,108.040001,2628.199951,5974.069824,19764.880859,16.780001,2.85,2.27,69.5,5.99,-23197.0,183502.0,True
2024-10 leg,2024-10-28,2024-12-24,57,sonra,98676.09375,3492.049805,0.02,Binance,0.010878,91745.762,9049216838.490623,1.102109,2.014028,1456588.319,5086362712.29843,3.444829,4.391243,205.37,108.260002,2635.5,6040.040039,20031.130859,14.27,2.86,2.24,70.87,5.99,-21102.0,165497.0,True
2024-10 leg,2024-10-28,2024-12-25,58,sonra,99299.195312,3493.235352,0.039827,Binance,0.022258,91878.328,9130831485.3088,1.101191,2.014306,1453832.311,5081710921.54629,3.602912,4.050489,205.79,108.260002,2635.5,6040.040039,20031.130859,14.27,2.86,2.24,70.87,5.94,-21102.0,165497.0,False
2024-10 leg,2024-10-28,2024-12-26,59,sonra,95795.515625,3331.22583,0.026038,Binance,0.026305,89325.492,8553294203.140118,1.535968,2.129578,1469095.35,4897276694.1575,4.395064,3.954946,206.06,108.129997,2653.899902,6037.589844,20020.359375,14.73,2.86,2.23,70.38,5.94,-21102.0,165497.0,True
2024-10 leg,2024-10-28,2024-12-27,60,sonra,94164.859375,3328.916992,0.02,Binance,0.013777,89656.693,8451384092.664119,1.7802,2.204989,1507976.338,5024712876.08642,4.676519,3.824064,206.56,108.0,2631.899902,5970.839844,19722.029297,15.95,2.84,2.28,71.28,5.94,-21102.0,165497.0,True
2025-05 leg,2025-05-22,2025-04-22,-30,once,93441.890625,1757.331665,-0.001429,Binance,0.011206,84569.012,7899160108.9588,0.603562,1.372392,1762908.072,3094908523.96104,1.73089,1.854034,234.09,98.919998,3419.399902,5287.759766,16300.419922,30.57,3.99,2.14,64.6,6.249,-16203.0,120902.0,True
2025-05 leg,2025-05-22,2025-04-23,-29,once,93699.109375,1796.104248,0.00329,Binance,0.029616,81651.72,7645970802.554283,0.613207,1.470799,1770400.543,3176912958.39178,1.71034,2.111572,235.29,99.839996,3294.100098,5375.859863,16708.050781,28.450001,3.75,2.11,62.64,5.949,-16203.0,120902.0,True
2025-05 leg,2025-05-22,2025-04-24,-28,once,93943.796875,1769.831665,0.003045,Binance,0.007849,82880.683,7785115163.2828,0.648039,1.39526,1738353.079,3074800517.58006,2.023819,2.062076,235.81,99.290001,3348.600098,5484.77002,17166.039062,26.469999,3.73,2.02,63.55,5.949,-16203.0,120902.0,True
2025-05 leg,2025-05-22,2025-04-25,-27,once,94720.5,1786.634521,-0.001474,Binance,0.012786,86023.562,8137123571.9916,0.578583,1.304053,1708230.27,3047031952.000875,1.797011,1.7438,236.87,99.470001,3298.399902,5525.209961,17382.939453,24.84,3.67,2.02,63.85,5.949,-16203.0,120902.0,True
2025-05 leg,2025-05-22,2025-04-26,-26,once,94646.929688,1821.881104,-0.010004,Binance,-0.001441,83908.875,7935732198.45,0.664733,1.358364,1706212.829,3105307348.78,1.720861,1.716435,237.49,99.470001,3298.399902,5525.209961,17382.939453,24.84,3.67,2.02,63.85,5.949,-16203.0,120902.0,False
2025-05 leg,2025-05-22,2025-04-27,-25,once,93754.84375,1792.86499,-0.002581,Binance,-0.004954,84165.372,7886042860.284,0.710966,1.410716,1671351.593,2992188677.276127,2.040118,1.714595,238.12,99.470001,3298.399902,5525.209961,17382.939453,24.84,3.67,2.02,63.85,5.949,-16203.0,120902.0,False
2025-05 leg,2025-05-22,2025-04-28,-24,once,94978.75,1798.851807,-0.005975,Binance,-0.004971,81930.526,7780860123.694,0.688484,1.385648,1654730.891,2977125629.85156,2.229438,2.03066,238.84,99.010002,3347.699951,5528.75,17366.130859,25.15,3.73,1.98,63.3,5.949,-16203.0,120902.0,True
2025-05 leg,2025-05-22,2025-04-29,-23,once,94284.789062,1799.175659,0.001718,Binance,0.004394,81975.447,7723122154.936551,0.73259,1.45518,1602346.991,2879874298.662783,2.080408,1.822671,239.54,99.239998,3333.600098,5560.830078,17461.320312,24.17,3.74,1.96,61.84,5.949,-15898.0,105895.0,True
2025-05 leg,2025-05-22,2025-04-30,-22,once,94207.3125,1793.775391,-0.00252,Binance,-0.007106,80085.011,7538483829.593406,0.775131,1.448589,1637191.135,2935185330.146797,2.418434,1.951015,241.01,99.470001,3319.100098,5569.060059,17446.339844,24.700001,3.94,1.94,59.55,5.863,-15898.0,105895.0,True
2025-05 leg,2025-05-22,2025-05-01,-21,once,96492.335938,1839.221558,-0.014505,Binance,0.004632,86024.787,8295776517.322894,0.571317,1.236301,1721689.218,3163380307.483702,1.525667,1.706108,241.27,100.25,3222.199951,5604.140137,17710.740234,24.6,3.78,2.0,60.59,5.863,-15898.0,105895.0,True
2025-05 leg,2025-05-22,2025-05-02,-20,once,96910.070312,1842.707886,-0.024024,Binance,-0.001484,86234.604,8350239727.64076,0.615849,1.29068,1689398.605,3110500859.926706,1.714579,1.821847,241.43,100.0,3243.300049,5686.669922,17977.730469,22.68,3.6,2.06,59.67,5.863,-15898.0,105895.0,True
2025-05 leg,2025-05-22,2025-05-03,-19,once,95891.796875,1833.839722,0.001715,Binance,0.003657,83719.958,8022046642.826756,0.712842,1.30084,1604410.427,2940716023.722829,1.913823,1.81122,241.84,100.0,3243.300049,5686.669922,17977.730469,22.68,3.6,2.06,59.67,5.863,-15898.0,105895.0,False
2025-05 leg,2025-05-22,2025-05-04,-18,once,94315.976562,1808.594238,0.00494,Binance,0.007508,81781.683,7707149039.984184,0.801694,1.325917,1581322.457,2858748975.230128,2.178622,1.871744,242.21,100.0,3243.300049,5686.669922,17977.730469,22.68,3.6,2.06,59.67,5.863,-15898.0,105895.0,False
2025-05 leg,2025-05-22,2025-05-05,-17,once,94748.054688,1819.69751,0.001389,Binance,0.003192,80389.447,7612623384.6696,0.857317,1.256844,1582051.391,2878447582.84104,1.965265,1.79507,242.18,99.830002,3322.300049,5650.379883,17844.240234,23.639999,3.6,2.08,58.5,5.863,-15898.0,105895.0,True
2025-05 leg,2025-05-22,2025-05-06,-16,once,96802.476562,1815.087524,0.007175,Binance,0.001474,82532.419,7988675977.6536,0.72081,1.308465,1527935.661,2775082585.57803,2.346873,1.921957,242.06,99.239998,3422.800049,5606.910156,17689.660156,24.76,3.66,2.04,60.42,5.863,-16276.0,102091.0,True
2025-05 leg,2025-05-22,2025-05-07,-15,once,97032.320312,1811.606689,0.004831,Binance,0.015737,81443.133,7899223105.87445,0.592343,1.404371,1609851.424,2914539412.06656,2.133413,2.172439,241.29,99.610001,3391.899902,5631.279785,17738.160156,23.549999,3.67,2.01,59.42,5.972,-16276.0,102091.0,True
2025-05 leg,2025-05-22,2025-05-08,-14,once,103241.460938,2206.514648,0.010336,Binance,0.018717,79514.574,8209223649.263992,0.58417,1.533358,1771711.027,3910843922.931067,1.711904,1.953356,241.42,100.639999,3306.0,5663.939941,17928.140625,22.48,3.51,2.08,61.25,5.972,-16276.0,102091.0,True
2025-05 leg,2025-05-22,2025-05-09,-13,once,102970.851562,2345.507324,0.024378,Binance,0.03,78466.358,8077468131.9644,0.602201,1.716555,1733375.925,4063310508.348,1.947422,2.940225,242.06,100.339996,3344.0,5659.910156,17928.919922,21.9,3.53,2.08,62.37,5.972,-16276.0,102091.0,True
2025-05 leg,2025-05-22,2025-05-10,-12,once,104696.328125,2582.422607,0.033914,Binance,0.038813,79950.718,8377955788.502,0.625523,1.641296,1815091.531,4688506152.308491,1.75816,2.758972,241.94,100.339996,3344.0,5659.910156,17928.919922,21.9,3.53,2.08,62.37,5.972,-16276.0,102091.0,False
2025-05 leg,2025-05-22,2025-05-11,-11,once,104106.359375,2510.237793,0.01415,Binance,0.009801,81331.618,8464401080.6286,0.617922,1.675511,1706704.704,4289943546.310147,1.857971,2.929322,242.16,100.339996,3344.0,5659.910156,17928.919922,21.9,3.53,2.08,62.37,5.972,-16276.0,102091.0,False
2025-05 leg,2025-05-22,2025-05-12,-10,once,102812.953125,2496.397705,0.023602,Binance,0.029038,81619.983,8385635997.978941,0.805902,1.597688,1728083.434,4310411463.795382,2.004102,2.915006,242.17,101.790001,3228.0,5844.189941,18708.339844,18.389999,3.15,2.16,63.32,5.972,-16276.0,102091.0,True
2025-05 leg,2025-05-22,2025-05-13,-9,once,104169.8125,2680.129639,0.017256,Binance,0.02,82270.93,8562944751.768546,0.680633,1.631683,1818035.094,4870232290.5968,1.550662,2.856553,241.63,101.0,3247.800049,5886.549805,19010.089844,18.219999,3.09,2.17,65.04,5.972,-14139.0,101227.0,True
2025-05 leg,2025-05-22,2025-05-14,-8,once,103539.414062,2610.063232,0.023616,Binance,0.030217,80227.713,8300214777.0966,0.748132,1.617547,1717471.175,4479954861.1405,1.940251,3.059181,241.48,101.040001,3188.300049,5892.580078,19146.810547,18.620001,3.1,2.16,64.48,5.972,-14139.0,101227.0,True
2025-05 leg,2025-05-22,2025-05-15,-7,once,103744.640625,2546.856934,0.006775,Binance,0.015698,79526.047,8249316381.357,0.761829,1.614853,1733464.65,4416469231.3305,2.167759,3.047917,241.9,100.879997,3226.600098,5916.930176,19112.320312,17.83,3.2,2.11,63.03,5.972,-14139.0,101227.0,True
2025-05 leg,2025-05-22,2025-05-16,-6,once,103489.289062,2536.297607,0.019628,Binance,0.026546,80264.766,8301053492.611923,0.689722,1.584323,1764833.06,4475975523.745449,1.977332,2.985135,242.46,101.089996,3187.199951,5958.379883,19211.099609,17.24,3.16,2.09,63.84,5.972,-14139.0,101227.0,True
2025-05 leg,2025-05-22,2025-05-17,-5,once,103191.085938,2475.754395,0.010679,Binance,0.005822,78568.756,8099126645.3748,0.750531,1.547589,1679976.316,4156412603.65244,2.449009,2.589693,243.0,101.089996,3187.199951,5958.379883,19211.099609,17.24,3.16,2.09,63.84,5.972,-14139.0,101227.0,False
2025-05 leg,2025-05-22,2025-05-18,-4,once,106446.007812,2498.233643,0.021893,Binance,0.000114,80978.929,8617426094.356068,0.631248,1.550622,1538264.822,3840031975.939908,2.772248,2.432333,243.06,101.089996,3187.199951,5958.379883,19211.099609,17.24,3.16,2.09,63.84,5.972,-14139.0,101227.0,False
2025-05 leg,2025-05-22,2025-05-19,-3,once,105606.179688,2529.166748,0.016528,Binance,0.023725,82341.786,8690457550.997253,0.604493,1.639354,1648831.647,4165735590.896528,1.825916,2.735778,243.21,100.43,3233.5,5963.600098,19215.460938,18.139999,3.21,2.1,63.98,5.972,-14139.0,101227.0,True
2025-05 leg,2025-05-22,2025-05-20,-2,once,106791.085938,2524.173096,0.01714,Binance,0.011644,83827.018,8952423745.1352,0.523609,1.533521,1571411.38,3964655197.6262,2.117585,2.734889,243.14,100.120003,3284.600098,5940.459961,19142.710938,18.09,3.2,2.13,63.97,5.972,-14711.0,107629.0,True
2025-05 leg,2025-05-22,2025-05-21,-1,once,109678.078125,2552.347168,0.012266,Binance,0.009985,86980.918,9534103033.489956,0.494153,1.641979,1577528.473,4022699657.552251,2.336361,2.694933,243.46,99.559998,3313.5,5844.609863,18872.640625,20.870001,3.25,2.23,62.93,6.023,-14711.0,107629.0,True
2025-05 leg,2025-05-22,2025-05-22,0,baslangic,111673.28125,2664.156982,0.03,Binance,0.021141,88030.201,9829760874.49534,0.464046,1.608222,1684584.213,4487277505.69449,1.777472,2.726255,244.49,99.959999,3295.0,5842.009766,18925.740234,20.280001,3.32,2.2,62.55,6.023,-14711.0,107629.0,True
2025-05 leg,2025-05-22,2025-05-23,1,sonra,107287.796875,2526.441895,0.025196,Binance,0.019274,84035.595,9014803055.702242,0.711691,1.674682,1615463.677,4079821206.98996,2.571215,2.792616,245.01,99.110001,3365.800049,5802.819824,18737.210938,22.290001,3.4,2.18,62.89,6.023,-14711.0,107629.0,True
2025-05 leg,2025-05-22,2025-05-24,2,sonra,107791.15625,2530.64624,0.015951,Binance,0.016147,86276.107,9291841820.1823,0.710743,1.557072,1620116.491,4096049194.842659,2.628193,2.652672,245.33,99.110001,3365.800049,5802.819824,18737.210938,22.290001,3.4,2.18,62.89,6.023,-14711.0,107629.0,False
2025-05 leg,2025-05-22,2025-05-25,3,sonra,109035.390625,2551.763916,0.025889,Binance,0.018663,87959.179,9583671511.2061,0.749009,1.453273,1589096.756,4052075611.533093,2.520485,2.659889,245.63,99.110001,3365.800049,5802.819824,18737.210938,22.290001,3.4,2.18,62.89,6.023,-14711.0,107629.0,False
2025-05 leg,2025-05-22,2025-05-26,4,sonra,109440.367188,2564.138428,0.019782,Binance,0.012758,90182.612,9866399705.151667,0.607923,1.427525,1580507.218,4050368566.894489,2.280138,2.696271,245.64,98.93,3365.800049,5802.819824,18737.210938,22.290001,3.4,2.18,62.89,6.023,-14711.0,107629.0,False
2025-05 leg,2025-05-22,2025-05-27,5,sonra,108994.640625,2663.069824,0.017392,Binance,0.024026,86811.242,9452815373.5106,0.648383,1.481636,1945798.481,5175588389.635138,1.254969,2.686261,245.88,99.519997,3300.399902,5921.540039,19199.160156,18.959999,3.24,2.11,61.61,6.023,-15261.0,110816.0,True
2025-05 leg,2025-05-22,2025-05-28,6,sonra,107802.328125,2682.212891,0.013978,Binance,0.04,87222.658,9395886387.734,1.052203,1.424557,1970546.048,5282177286.533942,1.64205,2.958825,245.65,99.879997,3294.899902,5888.549805,19100.939453,19.309999,3.23,2.15,62.54,6.032,-15261.0,110816.0,True
2025-05 leg,2025-05-22,2025-05-29,7,sonra,105641.757812,2632.654785,0.011191,Binance,0.018321,85633.755,9037786502.7,1.187416,1.509531,1937255.566,5096089542.944059,2.079741,3.178764,245.65,99.279999,3317.100098,5912.169922,19175.869141,19.18,3.22,2.11,61.66,6.032,-15261.0,110816.0,True
2025-05 leg,2025-05-22,2025-05-30,8,sonra,103998.570312,2529.943604,0.022369,Binance,0.026565,82415.954,8567138418.3,1.203339,1.568458,1800962.368,4556345933.087581,2.342634,3.200179,245.82,99.330002,3288.899902,5911.689941,19113.769531,18.57,3.31,2.07,61.46,6.032,-15261.0,110816.0,True
2025-05 leg,2025-05-22,2025-05-31,9,sonra,104638.09375,2529.087402,0.012239,Binance,0.010793,83551.629,8734879988.3163,1.190797,1.565348,1843027.364,4657477591.01712,2.120768,3.223526,245.98,99.330002,3288.899902,5911.689941,19113.769531,18.57,3.32,2.07,61.46,6.032,-15261.0,110816.0,False
2025-05 leg,2025-05-22,2025-06-01,10,sonra,105652.101562,2536.266357,0.00587,Binance,0.014836,82804.416,8743286238.031088,1.136098,1.531246,1813667.702,4603260237.20415,2.223875,3.161799,246.1,99.330002,3288.899902,5911.689941,19113.769531,18.57,3.32,2.07,61.46,6.032,-15261.0,110816.0,False
2025-05 leg,2025-05-22,2025-06-02,11,sonra,105881.53125,2607.097412,0.014423,Binance,0.018815,82000.887,8676341651.6073,1.071844,1.503322,1900041.48,4952097109.7388,1.723289,2.646784,246.36,98.699997,3397.199951,5935.939941,19242.609375,18.360001,3.27,2.13,63.27,6.032,-15261.0,110816.0,True
2025-05 leg,2025-05-22,2025-06-03,12,sonra,105432.46875,2593.280273,0.010511,Binance,0.015854,82486.529,8688314348.2229,0.920692,1.434522,1873694.469,4856915854.76304,1.782313,2.969578,246.99,99.25,3377.100098,5970.370117,19398.960938,17.690001,3.19,2.14,64.1,6.032,-14444.0,123582.0,True
2025-05 leg,2025-05-22,2025-06-04,13,sonra,104731.984375,2608.643066,0.003573,Binance,0.01552,80790.898,8454447353.182429,1.031706,1.402285,1914905.893,4991451147.87059,1.792875,2.633104,247.68,98.790001,3399.199951,5970.810059,19460.490234,17.610001,3.23,2.06,63.57,6.125,-14444.0,123582.0,True
2025-05 leg,2025-05-22,2025-06-05,14,sonra,101575.953125,2416.285645,0.008101,Binance,0.017263,82247.529,8344727370.5523,1.426859,1.414761,1797509.808,4337280194.865564,2.853181,3.11283,248.08,98.739998,3375.100098,5939.299805,19298.449219,18.48,3.18,2.11,64.06,6.125,-14444.0,123582.0,True
2025-05 leg,2025-05-22,2025-06-06,15,sonra,104390.34375,2477.194824,-0.012406,Binance,0.012879,84607.043,8819446623.0243,0.735002,1.286598,1838187.453,4550194075.53261,1.925283,2.874313,247.87,99.190002,3346.600098,6000.359863,19529.949219,16.77,3.09,2.2,65.3,6.125,-14444.0,123582.0,True
2025-05 leg,2025-05-22,2025-06-07,16,sonra,105615.625,2526.505371,0.001944,Binance,0.022209,83206.626,8779100499.170649,0.682124,1.330285,1883727.872,4753905883.240027,1.882055,2.987817,248.54,99.190002,3346.600098,6000.359863,19529.949219,16.77,3.09,2.2,65.3,6.125,-14444.0,123582.0,False
2025-05 leg,2025-05-22,2025-06-08,17,sonra,105793.648438,2510.787109,-0.000153,Binance,0.016423,82511.392,8719744539.01525,0.667574,1.344163,1850215.206,4641249913.439837,1.97185,3.082638,248.87,99.190002,3346.600098,6000.359863,19529.949219,16.77,3.09,2.2,65.3,6.125,-14444.0,123582.0,False
2025-05 leg,2025-05-22,2025-06-09,18,sonra,110294.101562,2681.51709,0.013455,Binance,0.020593,86408.093,9524582634.3947,0.515105,1.395458,1940544.891,5199188622.697422,1.455834,2.996282,248.89,98.940002,3354.899902,6005.879883,19591.240234,17.16,3.12,2.18,65.99,6.125,-14444.0,123582.0,True
2025-05 leg,2025-05-22,2025-06-10,19,sonra,110257.234375,2813.517578,0.026944,Binance,0.03,84493.376,9314152651.3728,0.528682,1.612039,2240716.482,6309083215.623479,1.198866,2.894502,249.24,99.050003,3343.399902,6038.810059,19714.990234,16.950001,3.12,2.18,65.66,6.125,-15136.0,124091.0,True
2025-05 leg,2025-05-22,2025-06-11,20,sonra,108686.625,2773.529297,0.013429,Binance,0.02,82285.949,8937139383.929245,0.615317,1.581965,2180273.146,6040730250.950854,1.356651,2.980938,248.98,98.629997,3343.699951,6022.240234,19615.880859,17.26,3.12,2.14,68.91,6.14,-15136.0,124091.0,True
2025-05 leg,2025-05-22,2025-06-12,21,sonra,105929.054688,2651.795166,0.0085,Binance,0.019997,79455.085,8392170589.000256,0.934731,1.549984,2084586.689,5506665043.52929,1.93791,3.074116,249.54,97.919998,3402.399902,6045.259766,19662.490234,18.02,3.17,2.11,68.73,6.14,-15136.0,124091.0,True
2025-05 leg,2025-05-22,2025-06-13,22,sonra,106090.96875,2579.486084,0.005545,Binance,0.005586,78497.08,8323192639.838972,0.853969,1.487098,1853200.246,4777235190.14618,2.086195,3.016611,249.49,98.18,3452.800049,5976.970215,19406.830078,20.82,3.18,2.13,73.84,6.14,-15136.0,124091.0,True
2025-05 leg,2025-05-22,2025-06-14,23,sonra,105472.40625,2533.444092,0.004993,Binance,0.002402,78209.462,8240133274.4276,0.879964,1.491238,1847992.631,4674793038.93546,2.248844,3.223901,250.3,98.18,3452.800049,5976.970215,19406.830078,20.82,3.18,2.13,73.84,6.14,-15136.0,124091.0,False
2025-05 leg,2025-05-22,2025-06-15,24,sonra,105552.023438,2546.837158,0.006103,Binance,0.021958,78624.389,8298510858.909815,0.881908,1.534108,1905785.762,4852765944.932986,2.143139,3.2473,250.22,98.18,3452.800049,5976.970215,19406.830078,20.82,3.18,2.13,73.84,6.14,-15136.0,124091.0,False
2025-05 leg,2025-05-22,2025-06-16,25,sonra,106796.757812,2540.60498,0.00971,Binance,0.012114,77946.862,8320835313.1862,0.596728,1.510323,1931839.007,4913304101.67331,1.86222,2.913535,250.17,98.0,3417.300049,6033.109863,19701.210938,19.110001,3.1,2.16,72.53,6.14,-15136.0,124091.0,True
2025-05 leg,2025-05-22,2025-06-17,26,sonra,104601.117188,2510.761475,0.007987,Binance,0.015558,76552.482,8000346788.856,1.153182,1.504224,1925424.646,4830851928.32108,2.584234,3.554919,250.08,98.82,3406.899902,5982.720215,19521.089844,21.6,3.17,2.08,75.62,6.14,-15018.0,130511.0,True
2025-05 leg,2025-05-22,2025-06-18,27,sonra,104883.328125,2524.301514,0.008635,Binance,0.01495,76490.255,8018969053.028515,1.034922,1.509789,1908279.28,4816127147.71415,2.327161,3.373543,250.26,98.910004,3408.100098,5980.870117,19546.269531,20.139999,3.16,2.07,75.89,6.138,-15018.0,130511.0,True
2025-05 leg,2025-05-22,2025-06-19,28,sonra,104684.289062,2521.653564,0.007422,Binance,0.023224,77793.71,8138177943.936556,1.037673,1.485359,1991256.503,5018304901.16551,2.29254,3.334874,250.29,98.910004,3408.100098,5980.870117,19546.269531,20.139999,3.16,2.07,75.89,6.138,-15018.0,130511.0,False
2025-05 leg,2025-05-22,2025-06-20,29,sonra,103309.601562,2407.304199,0.010262,Binance,0.011553,77505.706,8002115368.823,1.276447,1.54984,2025586.23,4872102047.2944,3.125971,2.937625,250.18,98.709999,3385.699951,5967.839844,19447.410156,20.620001,3.13,2.05,75.72,6.138,-15018.0,130511.0,True
2025-05 leg,2025-05-22,2025-06-21,30,sonra,102257.40625,2300.495605,0.01335,Binance,-0.001358,75459.019,7702841567.7162,1.21852,1.499037,1921814.593,4410391527.62163,2.845716,3.140033,249.97,98.709999,3385.699951,5967.839844,19447.410156,20.620001,3.13,2.05,75.72,6.138,-15018.0,130511.0,False
2025-05 leg,2025-05-22,2025-06-22,31,sonra,100987.140625,2228.213135,0.015967,Binance,0.004444,78683.302,7940490209.536606,1.20007,1.499223,1876064.389,4177378743.569935,2.505739,3.180181,249.96,98.709999,3385.699951,5967.839844,19447.410156,20.620001,3.13,2.05,75.72,6.138,-15018.0,130511.0,False
2025-05 leg,2025-05-22,2025-06-23,32,sonra,105577.773438,2421.824951,0.00208,Binance,-0.001271,72609.466,7645337021.355308,0.772057,1.484496,1856795.688,4475601758.39832,1.716815,3.113488,250.13,98.419998,3395.0,6025.169922,19630.970703,19.83,3.12,2.04,69.36,6.138,-15018.0,130511.0,True
2025-05 leg,2025-05-22,2025-06-24,33,sonra,106045.632812,2448.008789,0.00291,Binance,0.003774,75448.899,8000224005.465,0.663448,1.420898,1913080.775,4682418243.2745,1.468992,2.876939,249.58,97.860001,3333.899902,6092.180176,19912.529297,17.48,3.06,2.01,65.45,6.138,-15683.0,125128.0,True
2025-05 leg,2025-05-22,2025-06-25,34,sonra,107361.257812,2419.310303,0.000676,Binance,0.003096,76626.179,8220723524.243502,0.526449,1.405362,1859810.343,4495663747.82361,1.792812,3.070858,251.35,97.68,3343.100098,6092.160156,19973.550781,16.76,3.04,2.01,65.98,6.087,-15683.0,125128.0,True
2025-05 leg,2025-05-22,2025-06-26,35,sonra,106960.0,2416.146729,0.0056,Binance,0.009342,77712.998,8307817984.64086,0.537776,1.453585,1825052.254,4407373439.75222,1.846796,3.34696,251.18,97.150002,3348.0,6141.02002,20167.910156,16.59,3.04,1.98,66.44,6.087,-15683.0,125128.0,True
2025-05 leg,2025-05-22,2025-06-27,36,sonra,107088.429688,2423.866943,0.00522,Binance,0.006052,75329.475,8060020303.6275,0.569175,1.411478,1872454.144,4535065212.22656,1.888225,3.298432,251.34,97.400002,3287.600098,6173.069824,20273.460938,16.32,3.02,2.0,66.66,6.087,-15683.0,125128.0,True
2025-05 leg,2025-05-22,2025-06-28,37,sonra,107327.703125,2437.109375,0.009326,Binance,0.013105,75523.864,8099251412.991868,0.567808,1.426033,1866414.817,4544346796.4316,1.877832,3.148367,251.66,97.400002,3287.600098,6173.069824,20273.460938,16.32,3.02,2.0,66.66,6.087,-15683.0,125128.0,False
2025-05 leg,2025-05-22,2025-06-29,38,sonra,108385.570312,2500.959961,0.017694,Binance,0.020097,77916.541,8439165474.605701,0.555412,1.410189,1833637.558,4582957629.613579,1.659851,3.316846,251.99,97.400002,3287.600098,6173.069824,20273.460938,16.32,3.02,2.0,66.66,6.087,-15683.0,125128.0,False
2025-05 leg,2025-05-22,2025-06-30,39,sonra,107135.335938,2486.464355,0.007882,Binance,0.009513,76425.99,8185783816.793519,0.603746,1.510635,1893539.207,4704553945.804527,1.467707,3.272692,251.98,96.879997,3307.699951,6204.950195,20369.730469,16.73,2.96,1.95,66.3,6.087,-15683.0,125128.0,True
2025-05 leg,2025-05-22,2025-07-01,40,sonra,105698.28125,2405.792725,0.006496,Binance,0.008303,74368.387,7856127665.906,0.753596,1.527742,1943153.061,4670835522.133139,2.362444,3.216427,252.25,96.82,3349.800049,6198.009766,20202.890625,16.83,2.91,1.97,66.64,6.087,-14641.0,130360.0,True
2025-05 leg,2025-05-22,2025-07-02,41,sonra,108859.320312,2571.335449,0.00934,Binance,0.012052,81361.331,8852104676.6669,0.440886,1.330543,2062006.45,5298462792.607845,1.083355,2.921893,252.52,96.779999,3359.699951,6227.419922,20393.130859,16.639999,2.88,2.0,68.66,6.063,-14641.0,130360.0,True
2025-05 leg,2025-05-22,2025-07-03,42,sonra,109647.976562,2591.007324,0.013461,Binance,0.024218,82935.493,9085176874.2343,0.454412,1.42517,2034472.483,5269649936.01694,1.265912,2.866622,252.92,97.18,3342.899902,6279.350098,20601.099609,16.379999,2.8,2.02,68.13,6.063,-14641.0,130360.0,True
2025-05 leg,2025-05-22,2025-07-04,43,sonra,108034.335938,2508.518311,0.012036,Binance,0.010663,79507.862,8581704937.3286,0.673174,1.446464,1958902.267,4910713326.07429,2.090282,3.210372,253.22,97.18,3346.5,6279.350098,20601.099609,16.379999,2.8,2.02,68.13,6.063,-14641.0,130360.0,False
2025-05 leg,2025-05-22,2025-07-05,44,sonra,108231.179688,2517.280029,0.008126,Binance,0.010906,79294.583,8575978753.0322,0.624141,1.420155,1962736.574,4936773167.7535,1.783743,3.226018,253.37,97.18,3346.5,6279.350098,20601.099609,16.379999,2.8,2.02,68.13,6.063,-14641.0,130360.0,False
2025-05 leg,2025-05-22,2025-07-06,45,sonra,109232.070312,2571.236572,0.006994,Binance,0.028641,77925.439,8505234380.0062,0.593056,1.349052,2022520.957,5196879796.855617,1.492251,3.261034,253.6,97.18,3346.5,6279.350098,20601.099609,16.379999,2.8,2.02,68.13,6.063,-14641.0,130360.0,False
2025-05 leg,2025-05-22,2025-07-07,46,sonra,108299.851562,2543.013184,0.007709,Binance,0.006989,78235.738,8465800427.574615,0.665831,1.40901,2019839.414,5132849528.035324,1.823376,3.354125,253.63,97.480003,3342.800049,6229.97998,20412.519531,17.790001,2.86,2.05,69.16,6.063,-14641.0,130360.0,True
2025-05 leg,2025-05-22,2025-07-08,47,sonra,108950.273438,2615.505859,0.009237,Binance,0.016842,78100.428,8503043517.7296,0.578014,1.407636,2148503.738,5616145801.05724,1.155926,2.90854,253.81,97.510002,3316.899902,6225.52002,20418.460938,16.809999,2.92,2.07,69.55,6.063,-14824.0,128942.0,True
2025-05 leg,2025-05-22,2025-07-09,48,sonra,111326.554688,2770.777588,0.010742,Binance,0.017942,85656.295,9524971438.3705,0.45,1.46839,2238581.682,6195935932.717622,0.902501,2.833132,253.74,97.470001,3321.0,6263.259766,20611.339844,15.94,2.94,2.01,69.61,6.115,-14824.0,128942.0,True
2025-05 leg,2025-05-22,2025-07-10,49,sonra,115987.203125,2954.845215,0.020431,Binance,0.015995,85104.813,9870379617.4083,0.459515,1.611454,2142925.318,6325081225.350251,1.072472,3.287953,254.21,97.650002,3325.699951,6280.459961,20630.660156,15.78,2.92,2.01,67.78,6.115,-14824.0,128942.0,True
2025-05 leg,2025-05-22,2025-07-11,50,sonra,117516.992188,2957.88623,0.04,Binance,0.038032,87802.017,10316848232.475773,0.473101,1.80784,2011586.514,5948325942.163524,1.248211,3.390418,255.36,97.849998,3364.0,6259.75,20585.529297,16.4,2.97,2.06,69.63,6.115,-14824.0,128942.0,True
2025-05 leg,2025-05-22,2025-07-12,51,sonra,117435.226562,2942.911621,0.02,Binance,0.01379,88029.021,10333673957.7774,0.483097,1.787195,1968280.544,5790445166.78272,1.245402,3.317274,256.31,97.849998,3364.0,6259.75,20585.529297,16.4,2.97,2.06,69.63,6.115,-14824.0,128942.0,False
2025-05 leg,2025-05-22,2025-07-13,52,sonra,119116.117188,2973.358887,0.038051,Binance,0.016761,89419.39,10644568665.86439,0.484274,1.685494,1977373.473,5873666262.428621,1.251217,3.140616,256.58,97.849998,3364.0,6259.75,20585.529297,16.4,2.97,2.06,69.63,6.115,-14824.0,128942.0,False
2025-05 leg,2025-05-22,2025-07-14,53,sonra,119849.703125,3013.35083,0.02,Binance,0.02,93070.334,11151549767.16958,0.578924,2.020406,2049852.15,6175281323.799587,1.417698,2.500766,256.74,98.080002,3359.100098,6268.560059,20640.330078,17.200001,2.95,2.04,68.19,6.115,-14824.0,128942.0,True
2025-05 leg,2025-05-22,2025-07-15,54,sonra,117777.1875,3139.889648,0.04,Binance,0.036134,89719.159,10563399201.9215,0.817238,2.095511,2113325.838,6632692703.105425,1.097136,2.385495,256.38,98.620003,3336.699951,6243.759766,20677.800781,17.379999,2.95,2.09,67.76,6.115,-14347.0,136727.0,True
2025-05 leg,2025-05-22,2025-07-16,55,sonra,118738.507812,3371.506836,0.02,Binance,0.02,89544.46,10619801515.020393,0.703416,1.901356,2102117.165,7086955732.485522,1.095137,2.575676,255.35,98.389999,3359.100098,6263.700195,20730.490234,17.16,3.0,2.05,67.13,6.166,-14347.0,136727.0,True
2025-05 leg,2025-05-22,2025-07-17,56,sonra,119289.84375,3476.784424,0.03,Binance,0.03,89608.477,10679233620.0382,0.63857,1.976293,1993173.1,6929565258.115,1.131132,2.928439,258.05,98.730003,3345.300049,6297.359863,20885.650391,16.52,2.91,2.04,68.76,6.166,-14347.0,136727.0,True
2025-05 leg,2025-05-22,2025-07-18,57,sonra,118003.226562,3549.016357,0.03,Binance,0.03,89349.022,10534042570.465431,0.813901,1.857295,1977776.05,7013905872.678,1.362527,3.286362,258.85,98.480003,3358.300049,6296.790039,20895.650391,16.41,2.93,2.03,68.53,6.166,-14347.0,136727.0,True
2025-05 leg,2025-05-22,2025-07-19,58,sonra,117939.976562,3595.273682,0.04,Binance,0.04,87692.615,10331444051.3945,0.817471,1.819299,1992336.037,7155096333.03847,1.242688,3.09705,259.31,98.480003,3358.300049,6296.790039,20895.650391,16.41,2.93,2.03,68.53,6.166,-14347.0,136727.0,False
2025-05 leg,2025-05-22,2025-07-20,59,sonra,117300.789062,3759.471436,0.02,Binance,0.02,89276.476,10465890557.82366,0.893771,1.656066,2151302.393,8080282724.283784,1.240302,2.594844,259.67,98.480003,3358.300049,6296.790039,20895.650391,16.41,2.93,2.03,68.53,6.166,-14347.0,136727.0,False
2025-05 leg,2025-05-22,2025-07-21,60,sonra,117439.539062,3763.371338,0.04,Binance,0.04,90303.941,10595459874.304562,1.018947,1.601541,2232304.067,8395583980.78365,1.416624,2.418358,260.04,97.849998,3406.399902,6305.600098,20974.179688,16.65,2.89,1.98,68.39,6.166,-14347.0,136727.0,True
