window,event_type,peak,date,day_offset,phase,btc_close,eth_close,btc_funding_day_pct,btc_funding_src,eth_funding_day_pct,btc_oi_coin,btc_oi_usd,bitmex_xbt_oi_usd,btc_ls_accounts,btc_ls_top_positions,eth_oi_coin,eth_oi_usd,eth_ls_accounts,eth_ls_top_positions,stablecoins_usd_bn,dxy,gold,spx,nasdaq,vix,hy_spread_pct,real10y_pct,wti,net_liquidity_usd_tn,cot_cme_btc_levfunds_net,cot_gold_mm_net,market_open
2017-12 tepe,tepe,2017-12-16,2017-11-16,-30,once,7871.689941,330.924011,-0.1609,BitMEX,,,,,,,,,,,,93.93,1277.400024,2585.639893,6793.290039,11.76,,0.53,55.14,4.239,,176098.0,True
2017-12 tepe,tepe,2017-12-16,2017-11-17,-29,once,7708.990234,332.394012,0.5457,BitMEX,,,,,,,,,,,,93.660004,1295.800049,2578.850098,6782.790039,11.43,,0.49,56.21,4.239,,176098.0,True
2017-12 tepe,tepe,2017-12-16,2017-11-18,-28,once,7790.149902,347.612,0.1013,BitMEX,,,,,,,,,,,,93.660004,1295.800049,2578.850098,6782.790039,11.43,,0.49,56.21,4.239,,176098.0,False
2017-12 tepe,tepe,2017-12-16,2017-11-19,-27,once,8036.490234,354.385986,0.5151,BitMEX,,,,,,,,,,,,93.660004,1295.800049,2578.850098,6782.790039,11.43,,0.49,56.21,4.239,,176098.0,False
2017-12 tepe,tepe,2017-12-16,2017-11-20,-26,once,8200.639648,366.730011,0.9047,BitMEX,,,,,,,,,,,,94.080002,1274.599976,2582.139893,6790.709961,10.65,,0.52,56.21,4.239,,176098.0,True
2017-12 tepe,tepe,2017-12-16,2017-11-21,-25,once,8071.259766,360.401001,0.3217,BitMEX,,,,,,,,,,,,93.949997,1281.099976,2599.030029,6862.47998,9.73,,0.52,56.84,4.239,,173155.0,True
2017-12 tepe,tepe,2017-12-16,2017-11-22,-24,once,8253.549805,380.652008,0.0416,BitMEX,,,,,,,,,,,,93.220001,1291.599976,2597.080078,6867.359863,9.88,,0.48,57.88,4.235,,173155.0,True
2017-12 tepe,tepe,2017-12-16,2017-11-23,-23,once,8038.77002,410.165985,-0.2147,BitMEX,,,,,,,,,,,,93.220001,1291.599976,2597.080078,6867.359863,9.88,,0.48,57.88,4.235,,173155.0,False
2017-12 tepe,tepe,2017-12-16,2017-11-24,-22,once,8253.69043,474.911011,-0.62,BitMEX,,,,,,,,,,,,92.760002,1286.699951,2602.419922,6889.160156,9.67,,0.5,58.94,4.235,,173155.0,True
2017-12 tepe,tepe,2017-12-16,2017-11-25,-21,once,8790.919922,466.276001,0.2505,BitMEX,,,,,,,,,,,,92.760002,1286.699951,2602.419922,6889.160156,9.67,,0.5,58.94,4.235,,173155.0,False
2017-12 tepe,tepe,2017-12-16,2017-11-26,-20,once,9330.549805,471.329987,-0.0196,BitMEX,,,,,,,,,,,,92.760002,1286.699951,2602.419922,6889.160156,9.67,,0.5,58.94,4.235,,173155.0,False
2017-12 tepe,tepe,2017-12-16,2017-11-27,-19,once,9818.349609,480.355011,0.8885,BitMEX,,,,,,,,,,,,92.900002,1293.800049,2601.419922,6878.52002,9.87,,0.49,58.1,4.235,,173155.0,True
2017-12 tepe,tepe,2017-12-16,2017-11-28,-18,once,10058.799805,472.902008,0.3178,BitMEX,,,,,,,,,,,,93.260002,1294.699951,2627.040039,6912.359863,10.03,,0.5,57.96,4.235,,198540.0,True
2017-12 tepe,tepe,2017-12-16,2017-11-29,-17,once,9888.610352,427.52301,0.7715,BitMEX,,,,,,,,,,,0.0,93.260002,1282.099976,2626.070068,6824.390137,10.7,,0.53,57.25,4.199,,198540.0,True
2017-12 tepe,tepe,2017-12-16,2017-11-30,-16,once,10233.599609,447.114014,0.395,BitMEX,,,,,,,,,,,0.0,93.010002,1273.199951,2647.580078,6873.970215,11.28,,0.56,57.4,4.199,,198540.0,True
2017-12 tepe,tepe,2017-12-16,2017-12-01,-15,once,10975.599609,466.540009,-0.345,BitMEX,,,,,,,,,,,0.0,92.900002,1278.800049,2642.219971,6847.589844,11.43,,0.51,58.35,4.199,,198540.0,True
2017-12 tepe,tepe,2017-12-16,2017-12-02,-14,once,11074.599609,463.449005,0.6479,BitMEX,,,,,,,,,,,0.0,92.900002,1278.800049,2642.219971,6847.589844,11.43,,0.51,58.35,4.199,,198540.0,False
2017-12 tepe,tepe,2017-12-16,2017-12-03,-13,once,11323.200195,465.852997,0.2693,BitMEX,,,,,,,,,,,0.0,92.900002,1278.800049,2642.219971,6847.589844,11.43,,0.51,58.35,4.199,,198540.0,False
2017-12 tepe,tepe,2017-12-16,2017-12-04,-12,once,11657.200195,470.20401,0.4155,BitMEX,,,,,,,,,,,0.0,93.190002,1274.300049,2639.439941,6775.370117,11.68,,0.5,57.48,4.199,,198540.0,True
2017-12 tepe,tepe,2017-12-16,2017-12-05,-11,once,11916.700195,463.281006,0.3323,BitMEX,,,,,,,,,,,0.0,93.379997,1261.599976,2629.570068,6762.209961,11.33,,0.5,57.66,4.199,,134510.0,True
2017-12 tepe,tepe,2017-12-16,2017-12-06,-10,once,14291.5,428.588013,0.1752,BitMEX,,,,,,,,,,,0.0,93.610001,1262.800049,2629.27002,6776.379883,11.02,,0.47,55.79,4.233,,134510.0,True
2017-12 tepe,tepe,2017-12-16,2017-12-07,-9,once,17899.699219,434.40799,-0.4605,BitMEX,,,,,,,,,,,0.0,93.800003,1249.800049,2636.97998,6812.839844,10.16,,0.5,56.5,4.233,,134510.0,True
2017-12 tepe,tepe,2017-12-16,2017-12-08,-8,once,16569.400391,456.031006,0.3526,BitMEX,,,,,,,,,,,0.0,93.900002,1245.199951,2651.5,6840.080078,9.58,,0.5,57.15,4.233,,134510.0,True
2017-12 tepe,tepe,2017-12-16,2017-12-09,-7,once,15178.200195,473.502014,1.125,BitMEX,,,,,,,,,,,0.0,93.900002,1245.199951,2651.5,6840.080078,9.58,,0.5,57.15,4.233,,134510.0,False
2017-12 tepe,tepe,2017-12-16,2017-12-10,-6,once,15455.400391,441.721008,0.6614,BitMEX,,,,,,,,,,,0.0,93.900002,1245.199951,2651.5,6840.080078,9.58,,0.5,57.15,4.233,,134510.0,False
2017-12 tepe,tepe,2017-12-16,2017-12-11,-5,once,16936.800781,515.135986,1.125,BitMEX,,,,,,,,,,,0.0,93.870003,1243.699951,2659.98999,6875.080078,9.34,,0.51,57.84,4.233,,134510.0,True
2017-12 tepe,tepe,2017-12-16,2017-12-12,-4,once,17415.400391,651.43103,1.125,BitMEX,,,,,,,,,,,0.0,94.099998,1238.5,2664.110107,6862.319824,9.92,,0.51,57.12,4.233,,76226.0,True
2017-12 tepe,tepe,2017-12-16,2017-12-13,-3,once,16408.199219,702.767029,0.8578,BitMEX,,,,,,,,,,,0.0,93.43,1245.400024,2662.850098,6875.799805,10.18,,0.48,56.59,4.233,,76226.0,True
2017-12 tepe,tepe,2017-12-16,2017-12-14,-2,once,16564.0,695.815979,0.8319,BitMEX,,,,,,,,,,,0.0,93.489998,1253.800049,2652.01001,6856.529785,10.49,,0.48,57.0,4.233,,76226.0,True
2017-12 tepe,tepe,2017-12-16,2017-12-15,-1,once,17706.900391,684.447998,0.9275,BitMEX,,,,,,,,,,,0.0,93.93,1254.300049,2675.810059,6936.580078,9.42,,0.47,57.29,4.233,,76226.0,True
2017-12 tepe,tepe,2017-12-16,2017-12-16,0,olay_gunu,19497.400391,696.208984,1.125,BitMEX,,,,,,,,,,,0.0,93.93,1254.300049,2675.810059,6936.580078,9.42,,0.47,57.29,4.233,,76226.0,False
2017-12 tepe,tepe,2017-12-16,2017-12-17,1,sonra,19140.800781,719.974976,1.125,BitMEX,,,,,,,,,,,0.0,93.93,1254.300049,2675.810059,6936.580078,9.42,,0.47,57.29,4.233,,76226.0,False
2017-12 tepe,tepe,2017-12-16,2017-12-18,2,sonra,19114.199219,794.64502,0.8697,BitMEX,,,,,,,,,,,0.0,93.699997,1262.199951,2690.159912,6994.759766,9.53,,0.5,57.17,4.233,,76226.0,True
2017-12 tepe,tepe,2017-12-16,2017-12-19,3,sonra,17776.699219,826.822998,0.7879,BitMEX,,,,,,,,,,,0.0,93.470001,1260.699951,2681.469971,6963.850098,10.03,,0.55,57.49,4.233,,81245.0,True
2017-12 tepe,tepe,2017-12-16,2017-12-20,4,sonra,16624.599609,819.085999,-0.1401,BitMEX,,,,,,,,,,,0.0,93.349998,1266.099976,2679.25,6960.959961,9.72,,0.57,58.09,4.164,,81245.0,True
2017-12 tepe,tepe,2017-12-16,2017-12-21,5,sonra,15802.900391,821.062988,0.5235,BitMEX,,,,,,,,,,,0.0,93.279999,1267.300049,2684.570068,6965.359863,9.62,,0.55,58.34,4.164,,81245.0,True
2017-12 tepe,tepe,2017-12-16,2017-12-22,6,sonra,13831.799805,674.859985,0.328,BitMEX,,,,,,,,,,,0.0,93.349998,1275.400024,2683.340088,6959.959961,9.9,,0.54,58.25,4.164,,81245.0,True
2017-12 tepe,tepe,2017-12-16,2017-12-23,7,sonra,14699.200195,719.387024,-0.73,BitMEX,,,,,,,,,,,0.0,93.349998,1275.400024,2683.340088,6959.959961,9.9,,0.54,58.25,4.164,,81245.0,False
2017-12 tepe,tepe,2017-12-16,2017-12-24,8,sonra,13925.799805,694.14801,-1.125,BitMEX,,,,,,,,,,,0.0,93.349998,1275.400024,2683.340088,6959.959961,9.9,,0.54,58.25,4.164,,81245.0,False
2017-12 tepe,tepe,2017-12-16,2017-12-25,9,sonra,14026.599609,765.833984,-0.772,BitMEX,,,,,,,,,,,0.0,93.349998,1275.400024,2683.340088,6959.959961,9.9,,0.54,58.25,4.164,,81245.0,False
2017-12 tepe,tepe,2017-12-16,2017-12-26,10,sonra,16099.799805,773.835999,-0.75,BitMEX,,,,,,,,,,,0.0,93.260002,1284.099976,2680.5,6936.25,10.25,,0.53,59.55,4.164,,107758.0,True
2017-12 tepe,tepe,2017-12-16,2017-12-27,11,sonra,15838.5,762.84198,1.125,BitMEX,,,,,,,,,,,0.0,93.029999,1287.0,2682.620117,6939.339844,10.47,,0.48,59.67,4.111,,107758.0,True
2017-12 tepe,tepe,2017-12-16,2017-12-28,12,sonra,14606.5,737.02301,0.2328,BitMEX,,,,,,,,,,,0.0,92.599998,1294.099976,2687.540039,6950.160156,10.18,,0.47,59.84,4.111,,107758.0,True
2017-12 tepe,tepe,2017-12-16,2017-12-29,13,sonra,14656.200195,753.59198,0.3198,BitMEX,,,,,,,,,,,0.0,92.120003,1306.300049,2673.610107,6903.390137,11.04,,0.44,60.46,4.111,,107758.0,True
2017-12 tepe,tepe,2017-12-16,2017-12-30,14,sonra,12952.200195,717.257019,-0.4426,BitMEX,,,,,,,,,,,0.0,92.120003,1306.300049,2673.610107,6903.390137,11.04,,0.44,60.46,4.111,,107758.0,False
2017-12 tepe,tepe,2017-12-16,2017-12-31,15,sonra,14156.400391,756.732971,-0.9054,BitMEX,,,,,,,,,,,0.0,92.120003,1306.300049,2673.610107,6903.390137,11.04,,0.44,60.46,4.111,,107758.0,False
2017-12 tepe,tepe,2017-12-16,2018-01-01,16,sonra,13657.200195,772.640991,0.3277,BitMEX,,,,,,,,,,,0.0,92.120003,1306.300049,2673.610107,6903.390137,11.04,,0.44,60.46,4.111,,107758.0,False
2017-12 tepe,tepe,2017-12-16,2018-01-02,17,sonra,14982.099609,884.44397,0.2113,BitMEX,,,,,,,,,,,0.0,91.849998,1313.699951,2695.810059,7006.899902,9.77,,0.46,60.37,4.111,,148174.0,True
2017-12 tepe,tepe,2017-12-16,2018-01-03,18,sonra,15201.0,962.719971,0.9798,BitMEX,,,,,,,,,,,0.0,92.160004,1316.199951,2713.060059,7065.529785,9.15,,0.46,61.61,4.101,,148174.0,True
2017-12 tepe,tepe,2017-12-16,2018-01-04,19,sonra,15599.200195,980.921997,0.3889,BitMEX,,,,,,,,,,,0.0,91.849998,1319.400024,2723.98999,7077.910156,9.22,,0.45,61.98,4.101,,148174.0,True
2017-12 tepe,tepe,2017-12-16,2018-01-05,20,sonra,17429.5,997.719971,0.5274,BitMEX,,,,,,,,,,,0.0,91.949997,1320.300049,2743.149902,7136.560059,9.22,,0.46,61.49,4.101,,148174.0,True
2017-12 tepe,tepe,2017-12-16,2018-01-06,21,sonra,17527.0,1041.680054,0.2284,BitMEX,,,,,,,,,,,0.0,91.949997,1320.300049,2743.149902,7136.560059,9.22,,0.46,61.49,4.101,,148174.0,False
2017-12 tepe,tepe,2017-12-16,2018-01-07,22,sonra,16477.599609,1153.170044,0.7993,BitMEX,,,,,,,,,,,0.0,91.949997,1320.300049,2743.149902,7136.560059,9.22,,0.46,61.49,4.101,,148174.0,False
2017-12 tepe,tepe,2017-12-16,2018-01-08,23,sonra,15170.099609,1148.530029,0.5544,BitMEX,,,,,,,,,,,0.0,92.330002,1318.599976,2747.709961,7157.390137,9.52,,0.47,61.73,4.101,,148174.0,True
2017-12 tepe,tepe,2017-12-16,2018-01-09,24,sonra,14595.400391,1299.73999,0.1007,BitMEX,,,,,,,,,,,0.0,92.529999,1311.699951,2751.290039,7163.580078,10.08,,0.52,62.92,4.101,,196050.0,True
2017-12 tepe,tepe,2017-12-16,2018-01-10,25,sonra,14973.299805,1255.819946,0.0305,BitMEX,,,,,,,,,,,0.0,92.330002,1317.400024,2748.22998,7153.569824,9.82,,0.52,63.6,4.182,,196050.0,True
2017-12 tepe,tepe,2017-12-16,2018-01-11,26,sonra,13405.799805,1154.930054,0.1526,BitMEX,,,,,,,,,,,0.03,91.849998,1320.599976,2767.560059,7211.779785,9.88,,0.54,63.81,4.182,,196050.0,True
2017-12 tepe,tepe,2017-12-16,2018-01-12,27,sonra,13980.599609,1273.199951,0.0514,BitMEX,,,,,,,,,,,0.03,90.970001,1333.400024,2786.23999,7261.060059,10.16,,0.54,64.22,4.182,,196050.0,True
2017-12 tepe,tepe,2017-12-16,2018-01-13,28,sonra,14360.200195,1396.420044,0.4328,BitMEX,,,,,,,,,,,0.03,90.970001,1333.400024,2786.23999,7261.060059,10.16,,0.54,64.22,4.182,,196050.0,False
2017-12 tepe,tepe,2017-12-16,2018-01-14,29,sonra,13772.0,1366.77002,0.1212,BitMEX,,,,,,,,,,,0.03,90.970001,1333.400024,2786.23999,7261.060059,10.16,,0.54,64.22,4.182,,196050.0,False
2017-12 tepe,tepe,2017-12-16,2018-01-15,30,sonra,13819.799805,1291.920044,0.0628,BitMEX,,,,,,,,,,,0.03,90.970001,1333.400024,2786.23999,7261.060059,10.16,,0.54,64.22,4.182,,196050.0,False
2019-06 tepe,tepe,2019-06-26,2019-05-27,-30,once,8805.77832,272.86264,0.5322,BitMEX,,,,,,,,,,,1.29,97.610001,1283.0,2826.060059,7637.009766,15.85,,0.56,58.4,3.574,-144.0,15937.0,False
2019-06 tepe,tepe,2019-06-26,2019-05-28,-29,once,8719.961914,271.768707,0.4235,BitMEX,,,,,,,,,,,1.3,97.959999,1276.5,2802.389893,7607.350098,17.5,,0.53,58.91,3.574,-54.0,26274.0,True
2019-06 tepe,tepe,2019-06-26,2019-05-29,-28,once,8659.487305,269.455688,0.2703,BitMEX,,,,,,,,,,,1.31,98.139999,1280.599976,2783.02002,7547.310059,17.9,,0.5,58.84,3.601,-54.0,26274.0,True
2019-06 tepe,tepe,2019-06-26,2019-05-30,-27,once,8319.472656,255.858948,0.2466,BitMEX,,,,,,,,,,,1.33,98.139999,1287.099976,2788.860107,7567.720215,17.299999,,0.48,56.47,3.601,-54.0,26274.0,True
2019-06 tepe,tepe,2019-06-26,2019-05-31,-26,once,8574.501953,268.113556,0.0539,BitMEX,,,,,,,,,,,1.3,97.75,1305.800049,2752.060059,7453.149902,18.709999,,0.4,53.49,3.601,-54.0,26274.0,True
2019-06 tepe,tepe,2019-06-26,2019-06-01,-25,once,8564.016602,265.391266,0.0357,BitMEX,,,,,,,,,,,1.32,97.75,1305.800049,2752.060059,7453.149902,18.709999,,0.4,53.49,3.601,-54.0,26274.0,False
2019-06 tepe,tepe,2019-06-26,2019-06-02,-24,once,8742.958008,270.225525,0.1073,BitMEX,,,,,,,,,,,1.32,97.75,1305.800049,2752.060059,7453.149902,18.709999,,0.4,53.49,3.601,-54.0,26274.0,False
2019-06 tepe,tepe,2019-06-26,2019-06-03,-23,once,8208.995117,252.607925,0.0714,BitMEX,,,,,,,,,,,1.32,97.139999,1322.699951,2744.449951,7333.02002,18.860001,,0.34,53.25,3.601,-54.0,26274.0,True
2019-06 tepe,tepe,2019-06-26,2019-06-04,-22,once,7707.770996,241.338791,0.0182,BitMEX,,,,,,,,,,,1.33,97.07,1323.400024,2803.27002,7527.120117,16.969999,,0.38,53.5,3.601,-377.0,96182.0,True
2019-06 tepe,tepe,2019-06-26,2019-06-05,-21,once,7824.231445,247.05101,0.0126,BitMEX,,,,,,,,,,,1.34,97.370003,1328.300049,2826.149902,7575.47998,16.09,,0.37,51.57,3.622,-377.0,96182.0,True
2019-06 tepe,tepe,2019-06-26,2019-06-06,-20,once,7822.023438,249.474335,-0.0278,BitMEX,,,,,,,,,,,1.37,97.029999,1337.599976,2843.48999,7615.549805,15.93,,0.39,52.59,3.622,-377.0,96182.0,True
2019-06 tepe,tepe,2019-06-26,2019-06-07,-19,once,8043.951172,250.930359,0.0075,BitMEX,,,,,,,,,,,1.4,96.610001,1341.199951,2873.340088,7742.100098,16.299999,,0.35,53.95,3.622,-377.0,96182.0,True
2019-06 tepe,tepe,2019-06-26,2019-06-08,-18,once,7954.12793,245.738098,-0.0242,BitMEX,,,,,,,,,,,1.41,96.610001,1341.199951,2873.340088,7742.100098,16.299999,,0.35,53.95,3.622,-377.0,96182.0,False
2019-06 tepe,tepe,2019-06-26,2019-06-09,-17,once,7688.077148,233.0867,0.0022,BitMEX,,,,,,,,,,,1.41,96.610001,1341.199951,2873.340088,7742.100098,16.299999,,0.35,53.95,3.622,-377.0,96182.0,False
2019-06 tepe,tepe,2019-06-26,2019-06-10,-16,once,8000.32959,247.520126,-0.1061,BitMEX,,,,,,,,,,,1.42,96.760002,1324.699951,2886.72998,7823.169922,15.94,,0.42,53.33,3.622,-377.0,96182.0,True
2019-06 tepe,tepe,2019-06-26,2019-06-11,-15,once,7927.714355,245.78183,0.03,BitMEX,,,,,,,,,,,1.46,96.690002,1326.400024,2885.719971,7822.569824,15.99,,0.43,53.3,3.622,-971.0,129160.0,True
2019-06 tepe,tepe,2019-06-26,2019-06-12,-14,once,8145.857422,260.90329,0.0201,BitMEX,,,,,,,,,,,1.49,97.0,1331.900024,2879.840088,7792.720215,15.91,,0.42,51.13,3.661,-971.0,129160.0,True
2019-06 tepe,tepe,2019-06-26,2019-06-13,-13,once,8230.923828,256.168793,0.03,BitMEX,,,,,,,,,,,1.53,97.010002,1339.199951,2891.639893,7837.129883,15.82,,0.42,52.38,3.661,-971.0,129160.0,True
2019-06 tepe,tepe,2019-06-26,2019-06-14,-12,once,8693.833008,264.087463,0.03,BitMEX,,,,,,,,,,,1.55,97.57,1340.099976,2886.97998,7796.660156,15.28,,0.46,52.47,3.661,-971.0,129160.0,True
2019-06 tepe,tepe,2019-06-26,2019-06-15,-11,once,8838.375,269.019318,0.0195,BitMEX,,,,,,,,,,,1.57,97.57,1340.099976,2886.97998,7796.660156,15.28,,0.46,52.47,3.661,-971.0,129160.0,False
2019-06 tepe,tepe,2019-06-26,2019-06-16,-10,once,8994.488281,269.223206,0.3035,BitMEX,,,,,,,,,,,1.59,97.57,1340.099976,2886.97998,7796.660156,15.28,,0.46,52.47,3.661,-971.0,129160.0,False
2019-06 tepe,tepe,2019-06-26,2019-06-17,-9,once,9320.352539,274.351105,0.1581,BitMEX,,,,,,,,,,,1.61,97.559998,1338.699951,2889.669922,7845.02002,15.35,,0.48,51.94,3.661,-971.0,129160.0,True
2019-06 tepe,tepe,2019-06-26,2019-06-18,-8,once,9081.762695,265.051849,0.1835,BitMEX,,,,,,,,,,,1.63,97.639999,1346.599976,2917.75,7953.879883,15.15,,0.42,53.86,3.661,-347.0,150516.0,True
2019-06 tepe,tepe,2019-06-26,2019-06-19,-7,once,9273.521484,269.431793,0.1996,BitMEX,,,,,,,,,,,1.64,97.120003,1344.599976,2926.459961,7987.319824,14.33,,0.36,53.74,3.623,-347.0,150516.0,True
2019-06 tepe,tepe,2019-06-26,2019-06-20,-6,once,9527.160156,271.695007,0.1554,BitMEX,,,,,,,,,,,1.63,96.629997,1392.900024,2954.179932,8051.339844,14.75,,0.27,56.88,3.623,-347.0,150516.0,True
2019-06 tepe,tepe,2019-06-26,2019-06-21,-5,once,10144.556641,294.910278,0.1305,BitMEX,,,,,,,,,,,1.65,96.220001,1396.199951,2950.459961,8031.709961,15.4,,0.34,57.35,3.623,-347.0,150516.0,True
2019-06 tepe,tepe,2019-06-26,2019-06-22,-4,once,10701.691406,309.38031,0.4247,BitMEX,,,,,,,,,,,1.66,96.220001,1396.199951,2950.459961,8031.709961,15.4,,0.34,57.35,3.623,-347.0,150516.0,False
2019-06 tepe,tepe,2019-06-26,2019-06-23,-3,once,10855.371094,307.827789,0.7933,BitMEX,,,,,,,,,,,1.66,96.220001,1396.199951,2950.459961,8031.709961,15.4,,0.34,57.35,3.623,-347.0,150516.0,False
2019-06 tepe,tepe,2019-06-26,2019-06-24,-2,once,11011.102539,310.424683,0.3823,BitMEX,,,,,,,,,,,1.68,95.980003,1414.300049,2945.350098,8005.700195,15.26,,0.31,57.73,3.623,-347.0,150516.0,True
2019-06 tepe,tepe,2019-06-26,2019-06-25,-1,once,11790.916992,318.126312,0.2698,BitMEX,,,,,,,,,,,1.67,96.160004,1414.900024,2917.379883,7884.720215,16.280001,,0.33,57.63,3.623,-153.0,177741.0,True
2019-06 tepe,tepe,2019-06-26,2019-06-26,0,olay_gunu,13016.231445,336.753174,0.1819,BitMEX,,,,,,,,,,,1.68,96.209999,1411.599976,2913.780029,7909.970215,16.209999,,0.35,59.17,3.571,-153.0,177741.0,True
2019-06 tepe,tepe,2019-06-26,2019-06-27,1,sonra,11182.806641,294.267639,0.4889,BitMEX,,,,,,,,,,,1.69,96.190002,1408.400024,2924.919922,7967.759766,15.82,,0.33,59.18,3.571,-153.0,177741.0,True
2019-06 tepe,tepe,2019-06-26,2019-06-28,2,sonra,12407.332031,311.226105,0.4568,BitMEX,,,,,,,,,,,1.71,96.129997,1409.699951,2941.76001,8006.240234,15.08,,0.31,58.2,3.571,-153.0,177741.0,True
2019-06 tepe,tepe,2019-06-26,2019-06-29,3,sonra,11959.371094,320.058899,0.1036,BitMEX,,,,,,,,,,,1.74,96.129997,1409.699951,2941.76001,8006.240234,15.08,,0.31,58.2,3.571,-153.0,177741.0,False
2019-06 tepe,tepe,2019-06-26,2019-06-30,4,sonra,10817.155273,290.695984,0.1835,BitMEX,,,,,,,,,,,1.77,96.129997,1409.699951,2941.76001,8006.240234,15.08,,0.31,58.2,3.571,-153.0,177741.0,False
2019-06 tepe,tepe,2019-06-26,2019-07-01,5,sonra,10583.134766,293.641113,0.1655,BitMEX,,,,,,,,,,,1.77,96.839996,1385.599976,2964.330078,8091.160156,14.06,,0.34,58.91,3.571,-153.0,177741.0,True
2019-06 tepe,tepe,2019-06-26,2019-07-02,6,sonra,10801.677734,291.596436,0.0836,BitMEX,,,,,,,,,,,1.79,96.730003,1404.599976,2973.01001,8109.089844,12.93,,0.33,56.0,3.571,-73.0,194087.0,True
2019-06 tepe,tepe,2019-06-26,2019-07-03,7,sonra,11961.269531,303.099976,0.0469,BitMEX,,,,,,,,,,,1.81,96.769997,1417.699951,2995.820068,8170.22998,12.57,,0.31,57.06,3.561,-73.0,194087.0,True
2019-06 tepe,tepe,2019-06-26,2019-07-04,8,sonra,11215.4375,284.523224,0.03,BitMEX,,,,,,,,,,,1.86,96.769997,1417.699951,2995.820068,8170.22998,12.57,,0.31,57.06,3.561,-73.0,194087.0,False
2019-06 tepe,tepe,2019-06-26,2019-07-05,9,sonra,10978.459961,287.997528,0.0182,BitMEX,,,,,,,,,,,1.9,97.25,1396.699951,2990.409912,8161.790039,13.28,,0.35,57.06,3.561,-73.0,194087.0,True
2019-06 tepe,tepe,2019-06-26,2019-07-06,10,sonra,11208.550781,287.547119,0.03,BitMEX,,,,,,,,,,,1.95,97.25,1396.699951,2990.409912,8161.790039,13.28,,0.35,57.06,3.561,-73.0,194087.0,False
2019-06 tepe,tepe,2019-06-26,2019-07-07,11,sonra,11450.84668,305.700562,0.0466,BitMEX,,,,,,,,,,,1.97,97.25,1396.699951,2990.409912,8161.790039,13.28,,0.35,57.06,3.561,-73.0,194087.0,False
2019-06 tepe,tepe,2019-06-26,2019-07-08,12,sonra,12285.958008,313.251404,0.1356,BitMEX,,,,,,,,,,,1.98,97.379997,1397.0,2975.949951,8098.379883,13.96,,0.35,57.35,3.561,-73.0,194087.0,True
2019-06 tepe,tepe,2019-06-26,2019-07-09,13,sonra,12573.8125,308.881012,0.2303,BitMEX,,,,,,,,,,,2.03,97.489998,1397.5,2979.629883,8141.72998,14.09,,0.36,57.57,3.561,-497.0,182611.0,True
2019-06 tepe,tepe,2019-06-26,2019-07-10,14,sonra,12156.512695,290.002319,0.2869,BitMEX,,,,,,,,,,,2.07,97.099998,1410.099976,2993.070068,8202.530273,13.03,,0.33,60.28,3.598,-497.0,182611.0,True
2019-06 tepe,tepe,2019-06-26,2019-07-11,15,sonra,11358.662109,268.704041,0.0688,BitMEX,,,,,,,,,,,2.07,97.050003,1404.300049,2999.909912,8196.040039,12.93,,0.36,59.93,3.598,-497.0,182611.0,True
2019-06 tepe,tepe,2019-06-26,2019-07-12,16,sonra,11815.986328,276.276703,0.03,BitMEX,,,,,,,,,,,2.11,96.809998,1409.900024,3013.77002,8244.139648,12.39,,0.35,59.99,3.598,-497.0,182611.0,True
2019-06 tepe,tepe,2019-06-26,2019-07-13,17,sonra,11392.378906,269.458801,0.03,BitMEX,,,,,,,,,,,2.21,96.809998,1409.900024,3013.77002,8244.139648,12.39,,0.35,59.99,3.598,-497.0,182611.0,False
2019-06 tepe,tepe,2019-06-26,2019-07-14,18,sonra,10256.058594,227.578064,-0.0066,BitMEX,,,,,,,,,,,2.21,96.809998,1409.900024,3013.77002,8244.139648,12.39,,0.35,59.99,3.598,-497.0,182611.0,False
2019-06 tepe,tepe,2019-06-26,2019-07-15,19,sonra,10895.089844,229.776001,-0.0329,BitMEX,,,,,,,,,,,2.22,96.93,1411.400024,3014.300049,8258.19043,12.68,,0.32,59.3,3.598,-497.0,182611.0,True
2019-06 tepe,tepe,2019-06-26,2019-07-16,20,sonra,9477.641602,199.188675,-0.0119,BitMEX,,,,,,,,,,,2.25,97.400002,1409.199951,3004.040039,8222.799805,12.86,,0.33,57.44,3.598,-828.0,180059.0,True
2019-06 tepe,tepe,2019-06-26,2019-07-17,21,sonra,9693.802734,211.48497,-0.0599,BitMEX,,,,,,,,,,,2.28,97.220001,1421.300049,2984.419922,8185.209961,13.97,,0.31,56.5,3.609,-828.0,180059.0,True
2019-06 tepe,tepe,2019-06-26,2019-07-18,22,sonra,10666.482422,226.566162,-0.0156,BitMEX,,,,,,,,,,,2.33,96.790001,1426.099976,2995.110107,8207.240234,13.53,,0.25,55.08,3.609,-828.0,180059.0,True
2019-06 tepe,tepe,2019-06-26,2019-07-19,23,sonra,10530.732422,221.33342,0.03,BitMEX,,,,,,,,,,,2.36,97.150002,1425.099976,2976.610107,8146.490234,14.45,,0.25,55.42,3.609,-828.0,180059.0,True
2019-06 tepe,tepe,2019-06-26,2019-07-20,24,sonra,10767.139648,229.119217,0.03,BitMEX,,,,,,,,,,,2.32,97.150002,1425.099976,2976.610107,8146.490234,14.45,,0.25,55.42,3.609,-828.0,180059.0,False
2019-06 tepe,tepe,2019-06-26,2019-07-21,25,sonra,10599.105469,225.630768,0.0081,BitMEX,,,,,,,,,,,2.32,97.150002,1425.099976,2976.610107,8146.490234,14.45,,0.25,55.42,3.609,-828.0,180059.0,False
2019-06 tepe,tepe,2019-06-26,2019-07-22,26,sonra,10343.106445,217.560013,-0.0017,BitMEX,,,,,,,,,,,2.33,97.260002,1425.300049,2985.030029,8204.139648,13.53,,0.26,55.87,3.609,-828.0,180059.0,True
2019-06 tepe,tepe,2019-06-26,2019-07-23,27,sonra,9900.767578,212.728516,0.03,BitMEX,,,,,,,,,,,2.34,97.709999,1420.099976,3005.469971,8251.400391,12.61,,0.27,56.58,3.609,-591.0,178173.0,True
2019-06 tepe,tepe,2019-06-26,2019-07-24,28,sonra,9811.925781,217.046371,-0.0029,BitMEX,,,,,,,,,,,2.34,97.730003,1422.800049,3019.560059,8321.5,12.07,,0.26,55.9,3.602,-591.0,178173.0,True
2019-06 tepe,tepe,2019-06-26,2019-07-25,29,sonra,9911.841797,219.617996,0.0104,BitMEX,,,,,,,,,,,2.36,97.82,1413.900024,3003.669922,8238.540039,12.74,,0.28,55.88,3.602,-591.0,178173.0,True
2019-06 tepe,tepe,2019-06-26,2019-07-26,30,sonra,9870.303711,219.629608,0.019,BitMEX,,,,,,,,,,,2.36,98.010002,1418.5,3025.860107,8330.209961,12.16,,0.3,56.04,3.602,-591.0,178173.0,True
2021-04 tepe,tepe,2021-04-13,2021-03-14,-30,once,59302.316406,1854.564331,0.28149,Binance,0.330879,,,,,,,,,,56.46,91.68,1719.800049,3943.340088,13319.860352,20.690001,,-0.62,65.59,6.22,-4093.0,29430.0,False
2021-04 tepe,tepe,2021-04-13,2021-03-15,-29,once,55907.199219,1791.702271,0.202996,Binance,0.171886,,,,,,,,,,57.5,91.830002,1729.199951,3968.939941,13459.709961,20.030001,,-0.65,65.36,6.22,-4093.0,29430.0,True
2021-04 tepe,tepe,2021-04-13,2021-03-16,-28,once,56804.902344,1806.971802,0.099108,Binance,0.095321,,,,,,,,,,58.21,91.870003,1730.900024,3962.709961,13471.570312,19.790001,,-0.68,64.82,6.22,-4657.0,41121.0,True
2021-04 tepe,tepe,2021-04-13,2021-03-17,-27,once,58870.894531,1823.449341,0.079176,Binance,0.131004,,,,,,,,,,58.35,91.400002,1727.099976,3974.120117,13525.200195,19.23,,-0.67,64.55,6.421,-4657.0,41121.0,True
2021-04 tepe,tepe,2021-04-13,2021-03-18,-26,once,57858.921875,1782.855103,0.092071,Binance,0.20534,,,,,,,,,,58.67,91.849998,1732.5,3915.459961,13116.169922,21.58,,-0.56,59.95,6.421,-4657.0,41121.0,True
2021-04 tepe,tepe,2021-04-13,2021-03-19,-25,once,58346.652344,1817.624146,0.127433,Binance,0.119573,,,,,,,,,,58.96,91.919998,1741.699951,3913.100098,13215.240234,20.950001,,-0.57,61.43,6.421,-4657.0,41121.0,True
2021-04 tepe,tepe,2021-04-13,2021-03-20,-24,once,58313.644531,1812.634644,0.124754,Binance,0.22201,,,,,,,,,,59.21,91.919998,1741.699951,3913.100098,13215.240234,20.950001,,-0.57,61.43,6.421,-4657.0,41121.0,False
2021-04 tepe,tepe,2021-04-13,2021-03-21,-23,once,57523.421875,1788.217041,0.052375,Binance,0.029064,,,,,,,,,,60.28,91.919998,1741.699951,3913.100098,13215.240234,20.950001,,-0.57,61.43,6.421,-4657.0,41121.0,False
2021-04 tepe,tepe,2021-04-13,2021-03-22,-22,once,54529.144531,1691.333984,0.170668,Binance,0.151372,,,,,,,,,,60.48,91.800003,1738.099976,3940.590088,13377.540039,18.879999,,-0.64,61.48,6.421,-4657.0,41121.0,True
2021-04 tepe,tepe,2021-04-13,2021-03-23,-21,once,54738.945312,1678.650146,0.068864,Binance,0.052989,,,,,,,,,,60.71,92.339996,1725.099976,3910.52002,13227.700195,20.299999,,-0.66,57.75,6.421,-4592.0,43521.0,True
2021-04 tepe,tepe,2021-04-13,2021-03-24,-20,once,52774.265625,1593.413452,0.108271,Binance,0.112953,,,,,,,,,,60.54,92.529999,1733.199951,3889.139893,12961.889648,21.200001,,-0.69,61.12,6.637,-4592.0,43521.0,True
2021-04 tepe,tepe,2021-04-13,2021-03-25,-19,once,51704.160156,1595.359253,0.02,Binance,0.045938,,,,,,,,,,60.6,92.879997,1725.099976,3909.52002,12977.679688,19.809999,,-0.69,58.47,6.637,-4592.0,43521.0,True
2021-04 tepe,tepe,2021-04-13,2021-03-26,-18,once,55137.3125,1702.842041,0.036,Binance,0.062431,,,,,,,,,,60.79,92.769997,1732.300049,3974.540039,13138.730469,18.860001,,-0.67,60.93,6.637,-4592.0,43521.0,True
2021-04 tepe,tepe,2021-04-13,2021-03-27,-17,once,55973.511719,1716.494629,0.04,Binance,0.08574,,,,,,,,,,62.24,92.769997,1732.300049,3974.540039,13138.730469,18.860001,,-0.67,60.93,6.637,-4592.0,43521.0,False
2021-04 tepe,tepe,2021-04-13,2021-03-28,-16,once,55950.746094,1691.355957,0.02,Binance,0.060965,,,,,,,,,,62.38,92.769997,1732.300049,3974.540039,13138.730469,18.860001,,-0.67,60.93,6.637,-4592.0,43521.0,False
2021-04 tepe,tepe,2021-04-13,2021-03-29,-15,once,57750.199219,1819.684937,0.038171,Binance,0.150071,,,,,,,,,,62.85,92.940002,1712.199951,3971.090088,13059.650391,20.74,,-0.63,61.49,6.637,-4592.0,43521.0,True
2021-04 tepe,tepe,2021-04-13,2021-03-30,-14,once,58917.691406,1846.033691,0.223539,Binance,0.243816,,,,,,,,,,62.48,93.300003,1683.900024,3958.550049,13045.389648,19.610001,,-0.62,60.55,6.637,-4809.0,43073.0,True
2021-04 tepe,tepe,2021-04-13,2021-03-31,-13,once,58918.832031,1918.362061,0.129303,Binance,0.145684,,,,,,,,,,62.76,93.230003,1713.800049,3972.889893,13246.870117,19.4,,-0.63,59.19,6.529,-4809.0,43073.0,True
2021-04 tepe,tepe,2021-04-13,2021-04-01,-12,once,59095.808594,1977.276855,0.327514,Binance,0.38121,,,,,,,,,,63.84,92.93,1728.400024,4019.870117,13480.110352,17.33,,-0.66,61.41,6.529,-4809.0,43073.0,True
2021-04 tepe,tepe,2021-04-13,2021-04-02,-11,once,59384.3125,2143.225586,0.208191,Binance,0.238367,,,,,,,,,,63.98,92.93,1728.400024,4019.870117,13480.110352,17.33,,-0.64,61.41,6.529,-4809.0,43073.0,False
2021-04 tepe,tepe,2021-04-13,2021-04-03,-10,once,57603.890625,2028.422485,0.324513,Binance,0.373029,,,,,,,,,,66.36,92.93,1728.400024,4019.870117,13480.110352,17.33,,-0.64,61.41,6.529,-4809.0,43073.0,False
2021-04 tepe,tepe,2021-04-13,2021-04-04,-9,once,58758.554688,2093.122803,0.11448,Binance,0.217048,,,,,,,,,,66.7,92.93,1728.400024,4019.870117,13480.110352,17.33,,-0.64,61.41,6.529,-4809.0,43073.0,False
2021-04 tepe,tepe,2021-04-13,2021-04-05,-8,once,59057.878906,2107.887207,0.080626,Binance,0.159914,,,,,,,,,,67.16,92.599998,1728.800049,4077.909912,13705.589844,17.91,,-0.62,58.73,6.529,-4809.0,43073.0,True
2021-04 tepe,tepe,2021-04-13,2021-04-06,-7,once,58192.359375,2118.378906,0.29631,Binance,0.336225,,,,,,,,,,68.26,92.339996,1743.0,4073.939941,13698.379883,18.120001,,-0.65,59.34,6.529,-4996.0,66472.0,True
2021-04 tepe,tepe,2021-04-13,2021-04-07,-6,once,56048.9375,1971.077271,0.107409,Binance,0.10252,,,,,,,,,,68.3,92.459999,1741.599976,4079.949951,13688.839844,17.16,,-0.66,59.77,6.664,-4996.0,66472.0,True
2021-04 tepe,tepe,2021-04-13,2021-04-08,-5,once,58323.953125,2088.57373,0.111563,Binance,0.118904,,,,,,,,,,68.73,92.059998,1758.199951,4097.169922,13829.30957,16.950001,,-0.69,59.61,6.664,-4996.0,66472.0,True
2021-04 tepe,tepe,2021-04-13,2021-04-09,-4,once,58245.003906,2072.108887,0.048086,Binance,0.107352,,,,,,,,,,69.32,92.160004,1744.800049,4128.799805,13900.19043,16.690001,,-0.64,59.29,6.664,-4996.0,66472.0,True
2021-04 tepe,tepe,2021-04-13,2021-04-10,-3,once,59793.234375,2135.942139,0.281235,Binance,0.33992,,,,,,,,,,69.59,92.160004,1744.800049,4128.799805,13900.19043,16.690001,,-0.64,59.29,6.664,-4996.0,66472.0,False
2021-04 tepe,tepe,2021-04-13,2021-04-11,-2,once,60204.964844,2157.656982,0.29216,Binance,0.233349,,,,,,,,,,69.84,92.160004,1744.800049,4128.799805,13900.19043,16.690001,,-0.64,59.29,6.664,-4996.0,66472.0,False
2021-04 tepe,tepe,2021-04-13,2021-04-12,-1,once,59893.453125,2139.353271,0.294494,Binance,0.332031,,,,,,,,,,70.82,92.139999,1732.699951,4127.990234,13850.0,16.91,,-0.64,59.7,6.664,-4996.0,66472.0,True
2021-04 tepe,tepe,2021-04-13,2021-04-13,0,olay_gunu,63503.457031,2299.187744,0.29667,Binance,0.332562,,,,,,,,,,70.67,91.849998,1747.599976,4141.589844,13996.099609,16.65,,-0.69,60.2,6.664,-4655.0,53807.0,True
2021-04 tepe,tepe,2021-04-13,2021-04-14,1,sonra,63109.695312,2435.10498,0.303861,Binance,0.452007,,,,,,,,,,73.25,91.690002,1736.300049,4124.660156,13857.839844,16.99,,-0.69,63.15,6.817,-4655.0,53807.0,True
2021-04 tepe,tepe,2021-04-13,2021-04-15,2,sonra,63314.011719,2519.116211,0.268741,Binance,0.328521,,,,,,,,,,73.65,91.669998,1766.800049,4170.419922,14038.759766,16.57,,-0.77,63.42,6.817,-4655.0,53807.0,True
2021-04 tepe,tepe,2021-04-13,2021-04-16,3,sonra,61572.789062,2431.946533,0.345188,Binance,0.390636,,,,,,,,,,74.26,91.559998,1780.199951,4185.470215,14052.339844,16.25,,-0.77,63.16,6.817,-4655.0,53807.0,True
2021-04 tepe,tepe,2021-04-13,2021-04-17,4,sonra,60683.820312,2344.89502,0.196485,Binance,0.238568,,,,,,,,,,76.39,91.559998,1780.199951,4185.470215,14052.339844,16.25,,-0.77,63.16,6.817,-4655.0,53807.0,False
2021-04 tepe,tepe,2021-04-13,2021-04-18,5,sonra,56216.183594,2237.136963,0.160072,Binance,0.128755,,,,,,,,,,76.98,91.559998,1780.199951,4185.470215,14052.339844,16.25,,-0.77,63.16,6.817,-4655.0,53807.0,False
2021-04 tepe,tepe,2021-04-13,2021-04-19,6,sonra,55724.265625,2166.188721,0.02,Binance,0.06192,,,,,,,,,,80.0,91.07,1770.599976,4163.259766,13914.769531,17.290001,,-0.73,63.33,6.817,-4655.0,53807.0,True
2021-04 tepe,tepe,2021-04-13,2021-04-20,7,sonra,56473.03125,2330.210938,0.03,Binance,0.041279,,,,,,,,,,80.22,91.239998,1778.400024,4134.939941,13786.269531,18.68,,-0.74,62.61,6.817,-4093.0,56424.0,True
2021-04 tepe,tepe,2021-04-13,2021-04-21,8,sonra,53906.089844,2364.751709,0.04,Binance,0.053315,,,,,,,,,,81.12,91.160004,1793.099976,4173.419922,13950.219727,17.5,,-0.76,61.34,6.724,-4093.0,56424.0,True
2021-04 tepe,tepe,2021-04-13,2021-04-22,9,sonra,51762.273438,2403.535156,0.02,Binance,0.021151,,,,,,,,,,81.47,91.330002,1782.0,4134.97998,13818.410156,18.709999,,-0.76,61.45,6.724,-4093.0,56424.0,True
2021-04 tepe,tepe,2021-04-13,2021-04-23,10,sonra,51093.652344,2363.586182,0.067618,Binance,0.090243,,,,,,,,,,81.84,90.860001,1777.800049,4180.169922,14016.80957,17.33,,-0.76,62.18,6.724,-4093.0,56424.0,True
2021-04 tepe,tepe,2021-04-13,2021-04-24,11,sonra,50050.867188,2211.625732,0.076132,Binance,0.060391,,,,,,,,,,81.97,90.860001,1777.800049,4180.169922,14016.80957,17.33,,-0.76,62.18,6.724,-4093.0,56424.0,False
2021-04 tepe,tepe,2021-04-13,2021-04-25,12,sonra,49004.253906,2316.05957,0.048558,Binance,0.02,,,,,,,,,,81.91,90.860001,1777.800049,4180.169922,14016.80957,17.33,,-0.76,62.18,6.724,-4093.0,56424.0,False
2021-04 tepe,tepe,2021-04-13,2021-04-26,13,sonra,54021.753906,2534.481689,0.04,Binance,0.04,,,,,,,,,,82.66,90.809998,1780.099976,4187.620117,14138.780273,17.639999,,-0.78,62.02,6.724,-4093.0,56424.0,True
2021-04 tepe,tepe,2021-04-13,2021-04-27,14,sonra,55033.117188,2662.865234,0.03,Binance,0.084807,,,,,,,,,,83.03,90.910004,1778.800049,4186.720215,14090.219727,17.559999,,-0.76,63.03,6.724,-3473.0,50651.0,True
2021-04 tepe,tepe,2021-04-13,2021-04-28,15,sonra,54824.703125,2746.380127,0.02,Binance,0.029211,,,,,,,,,,83.08,90.610001,1773.900024,4183.180176,14051.030273,17.280001,,-0.78,63.81,6.647,-3473.0,50651.0,True
2021-04 tepe,tepe,2021-04-13,2021-04-29,16,sonra,53555.109375,2756.876953,0.03,Binance,0.03,,,,,,,,,,83.9,90.610001,1768.300049,4211.470215,14082.549805,17.610001,,-0.77,65.0,6.647,-3473.0,50651.0,True
2021-04 tepe,tepe,2021-04-13,2021-04-30,17,sonra,57750.175781,2773.207031,0.03,Binance,0.07749,,,,,,,,,,83.56,91.279999,1767.699951,4181.169922,13962.679688,18.610001,,-0.76,63.5,6.647,-3473.0,50651.0,True
2021-04 tepe,tepe,2021-04-13,2021-05-01,18,sonra,57828.050781,2945.892822,0.053705,Binance,0.057417,,,,,,,,,,84.91,91.279999,1767.699951,4181.169922,13962.679688,18.610001,,-0.76,63.5,6.647,-3473.0,50651.0,False
2021-04 tepe,tepe,2021-04-13,2021-05-02,19,sonra,56631.078125,2952.056152,0.106387,Binance,0.073173,,,,,,,,,,85.39,91.279999,1767.699951,4181.169922,13962.679688,18.610001,,-0.76,63.5,6.647,-3473.0,50651.0,False
2021-04 tepe,tepe,2021-04-13,2021-05-03,20,sonra,57200.292969,3431.086182,0.143808,Binance,0.081627,,,,,,,,,,86.63,90.949997,1791.800049,4192.660156,13895.120117,18.309999,,-0.79,64.46,6.647,-3473.0,50651.0,True
2021-04 tepe,tepe,2021-04-13,2021-05-04,21,sonra,53333.539062,3253.629395,0.129571,Binance,0.174031,,,,,,,,,,86.75,91.290001,1776.0,4164.660156,13633.5,19.48,,-0.81,65.72,6.647,-2963.0,53625.0,True
2021-04 tepe,tepe,2021-04-13,2021-05-05,22,sonra,57424.007812,3522.783203,0.098893,Binance,0.204659,,,,,,,,,,89.05,91.309998,1784.300049,4167.589844,13582.419922,19.15,,-0.88,65.63,6.694,-2963.0,53625.0,True
2021-04 tepe,tepe,2021-04-13,2021-05-06,23,sonra,56396.515625,3490.880371,0.274254,Binance,0.271805,,,,,,,,,,89.6,90.949997,1815.699951,4201.620117,13632.839844,18.389999,,-0.87,64.73,6.694,-2963.0,53625.0,True
2021-04 tepe,tepe,2021-04-13,2021-05-07,24,sonra,57356.402344,3484.729004,0.070457,Binance,0.087172,,,,,,,,,,90.16,90.230003,1831.300049,4232.600098,13752.240234,16.690001,,-0.89,64.96,6.694,-2963.0,53625.0,True
2021-04 tepe,tepe,2021-04-13,2021-05-08,25,sonra,58803.777344,3902.647705,0.152075,Binance,0.147484,,,,,,,,,,90.33,90.230003,1831.300049,4232.600098,13752.240234,16.690001,,-0.89,64.96,6.694,-2963.0,53625.0,False
2021-04 tepe,tepe,2021-04-13,2021-05-09,26,sonra,58232.316406,3928.844727,0.156651,Binance,0.154661,,,,,,,,,,90.64,90.230003,1831.300049,4232.600098,13752.240234,16.690001,,-0.89,64.96,6.694,-2963.0,53625.0,False
2021-04 tepe,tepe,2021-04-13,2021-05-10,27,sonra,55859.796875,3952.293945,0.261999,Binance,0.252085,,,,,,,,,,91.98,90.209999,1837.599976,4188.430176,13401.860352,19.66,,-0.91,64.92,6.694,-2963.0,53625.0,True
2021-04 tepe,tepe,2021-04-13,2021-05-11,28,sonra,56704.574219,4168.701172,0.076499,Binance,0.072853,,,,,,,,,,93.6,90.139999,1836.099976,4152.100098,13389.429688,21.84,,-0.89,65.31,6.694,-3082.0,81615.0,True
2021-04 tepe,tepe,2021-04-13,2021-05-12,29,sonra,49150.535156,3785.848633,0.090156,Binance,0.111843,,,,,,,,,,94.48,90.709999,1822.800049,4063.040039,13031.679688,27.59,,-0.85,65.96,6.723,-3082.0,81615.0,True
2021-04 tepe,tepe,2021-04-13,2021-05-13,30,sonra,49716.191406,3715.148438,0.044501,Binance,0.06567,,,,,,,,,,94.53,90.75,1824.0,4112.5,13124.990234,23.129999,,-0.85,63.82,6.723,-3082.0,81615.0,True
2021-11 tepe,tepe,2021-11-08,2021-10-09,-30,once,54968.222656,3575.716797,0.045717,Binance,0.04,,,,,,,,,,128.71,94.07,1757.400024,4391.339844,14579.540039,18.77,,-0.89,79.55,6.877,-4284.0,54166.0,False
2021-11 tepe,tepe,2021-11-08,2021-10-10,-29,once,54771.578125,3425.852783,0.030906,Binance,0.02,,,,,,,,,,128.95,94.07,1757.400024,4391.339844,14579.540039,18.77,,-0.89,79.55,6.877,-4284.0,54166.0,False
2021-11 tepe,tepe,2021-11-08,2021-10-11,-28,once,57484.789062,3545.354004,0.03,Binance,0.05307,,,,,,,,,,129.0,94.32,1755.699951,4361.189941,14486.200195,20.0,,-0.89,80.64,6.877,-4284.0,54166.0,True
2021-11 tepe,tepe,2021-11-08,2021-10-12,-27,once,56041.058594,3492.573242,0.03,Binance,0.03,,,,,,,,,,129.62,94.519997,1759.300049,4350.649902,14465.919922,19.85,,-0.9,80.75,6.877,-4715.0,58519.0,True
2021-11 tepe,tepe,2021-11-08,2021-10-13,-26,once,57401.097656,3606.20166,0.03,Binance,0.03,,,,,,,,,,129.15,94.080002,1794.699951,4363.799805,14571.639648,18.639999,,-0.96,80.67,7.038,-4715.0,58519.0,True
2021-11 tepe,tepe,2021-11-08,2021-10-14,-25,once,57321.523438,3786.01416,0.050079,Binance,0.079431,,,,,,,,,,129.28,93.959999,1797.900024,4438.259766,14823.429688,16.860001,,-1.0,81.43,7.038,-4715.0,58519.0,True
2021-11 tepe,tepe,2021-11-08,2021-10-15,-24,once,61593.949219,3862.634766,0.056685,Binance,0.103552,,,,,,,,,,129.55,93.940002,1768.300049,4471.370117,14897.339844,16.299999,,-0.97,82.39,7.038,-4715.0,58519.0,True
2021-11 tepe,tepe,2021-11-08,2021-10-16,-23,once,60892.179688,3830.38208,0.119263,Binance,0.108005,,,,,,,,,,129.76,93.940002,1768.300049,4471.370117,14897.339844,16.299999,,-0.97,82.39,7.038,-4715.0,58519.0,False
2021-11 tepe,tepe,2021-11-08,2021-10-17,-22,once,61553.617188,3847.104492,0.115662,Binance,0.124516,,,,,,,,,,129.77,93.940002,1768.300049,4471.370117,14897.339844,16.299999,,-0.97,82.39,7.038,-4715.0,58519.0,False
2021-11 tepe,tepe,2021-11-08,2021-10-18,-21,once,62026.078125,3748.760254,0.070642,Binance,0.081874,,,,,,,,,,129.64,93.949997,1765.699951,4486.459961,15021.80957,16.309999,,-0.95,82.62,7.038,-4715.0,58519.0,True
2021-11 tepe,tepe,2021-11-08,2021-10-19,-20,once,64261.992188,3877.650879,0.034974,Binance,0.092871,,,,,,,,,,129.45,93.790001,1770.5,4519.629883,15129.089844,15.7,,-0.89,83.19,7.038,-6245.0,57799.0,True
2021-11 tepe,tepe,2021-11-08,2021-10-20,-19,once,65992.835938,4155.992188,0.152164,Binance,0.175946,,,,,,,,,,129.39,93.559998,1784.900024,4536.189941,15121.679688,15.49,,-0.92,84.4,6.988,-6245.0,57799.0,True
2021-11 tepe,tepe,2021-11-08,2021-10-21,-18,once,62210.171875,4054.322754,0.119307,Binance,0.131939,,,,,,,,,,129.88,93.769997,1781.900024,4549.779785,15215.700195,15.01,,-0.96,82.64,6.988,-6245.0,57799.0,True
2021-11 tepe,tepe,2021-11-08,2021-10-22,-17,once,60692.265625,3970.181885,0.091218,Binance,0.101814,,,,,,,,,,129.57,93.610001,1796.300049,4544.899902,15090.200195,15.43,,-0.98,84.53,6.988,-6245.0,57799.0,True
2021-11 tepe,tepe,2021-11-08,2021-10-23,-16,once,61393.617188,4171.663574,0.058427,Binance,0.063646,,,,,,,,,,130.18,93.610001,1796.300049,4544.899902,15090.200195,15.43,,-0.98,84.53,6.988,-6245.0,57799.0,False
2021-11 tepe,tepe,2021-11-08,2021-10-24,-15,once,60930.835938,4087.903076,0.100435,Binance,0.104658,,,,,,,,,,130.4,93.610001,1796.300049,4544.899902,15090.200195,15.43,,-0.98,84.53,6.988,-6245.0,57799.0,False
2021-11 tepe,tepe,2021-11-08,2021-10-25,-14,once,63039.824219,4217.876953,0.086666,Binance,0.115648,,,,,,,,,,130.33,93.809998,1806.800049,4566.47998,15226.709961,15.24,,-1.02,84.64,6.988,-6245.0,57799.0,True
2021-11 tepe,tepe,2021-11-08,2021-10-26,-13,once,60363.792969,4131.102051,0.157625,Binance,0.119986,,,,,,,,,,130.38,93.949997,1793.400024,4574.790039,15235.709961,15.98,,-1.06,85.64,6.988,-6238.0,86362.0,True
2021-11 tepe,tepe,2021-11-08,2021-10-27,-12,once,58482.386719,3930.257324,0.086501,Binance,0.102908,,,,,,,,,,129.85,93.860001,1798.800049,4551.680176,15235.839844,16.98,,-1.11,82.66,6.91,-6238.0,86362.0,True
2021-11 tepe,tepe,2021-11-08,2021-10-28,-11,once,60622.136719,4287.318848,0.062876,Binance,0.065527,,,,,,,,,,130.53,93.349998,1802.599976,4596.419922,15448.120117,16.530001,,-1.0,82.78,6.91,-6238.0,86362.0,True
2021-11 tepe,tepe,2021-11-08,2021-10-29,-10,once,62227.964844,4414.746582,0.059062,Binance,0.0908,,,,,,,,,,131.02,94.120003,1783.900024,4605.379883,15498.389648,16.26,,-0.96,83.5,6.91,-6238.0,86362.0,True
2021-11 tepe,tepe,2021-11-08,2021-10-30,-9,once,61888.832031,4325.650391,0.061664,Binance,0.070867,,,,,,,,,,131.49,94.120003,1783.900024,4605.379883,15498.389648,16.26,,-0.96,83.5,6.91,-6238.0,86362.0,False
2021-11 tepe,tepe,2021-11-08,2021-10-31,-8,once,61318.957031,4288.074219,0.111877,Binance,0.045461,,,,,,,,,,131.87,94.120003,1783.900024,4605.379883,15498.389648,16.26,,-0.96,83.5,6.91,-6238.0,86362.0,False
2021-11 tepe,tepe,2021-11-08,2021-11-01,-7,once,61004.40625,4324.626953,0.136327,Binance,0.085309,,,,,,,,,,131.65,93.879997,1795.800049,4613.669922,15595.919922,16.41,,-0.92,84.08,6.91,-6238.0,86362.0,True
2021-11 tepe,tepe,2021-11-08,2021-11-02,-6,once,63226.402344,4584.798828,0.081013,Binance,0.097246,,,,,,,,,,133.17,94.089996,1789.400024,4630.649902,15649.599609,16.030001,,-0.95,83.91,6.91,-5685.0,85239.0,True
2021-11 tepe,tepe,2021-11-08,2021-11-03,-5,once,62970.046875,4607.193848,0.157434,Binance,0.080178,,,,,,,,,,134.29,93.860001,1763.900024,4660.569824,15811.580078,15.1,,-0.93,80.82,6.951,-5685.0,85239.0,True
2021-11 tepe,tepe,2021-11-08,2021-11-04,-4,once,61452.230469,4537.324219,0.161477,Binance,0.129828,,,,,,,,,,134.22,94.349998,1793.5,4680.060059,15940.30957,15.44,,-1.03,78.88,6.951,-5685.0,85239.0,True
2021-11 tepe,tepe,2021-11-08,2021-11-05,-3,once,61125.675781,4486.243164,0.059735,Binance,0.04774,,,,,,,,,,135.56,94.32,1816.800049,4697.529785,15971.589844,16.48,,-1.09,81.25,6.951,-5685.0,85239.0,True
2021-11 tepe,tepe,2021-11-08,2021-11-06,-2,once,61527.480469,4521.581055,0.136168,Binance,0.093391,,,,,,,,,,136.99,94.32,1816.800049,4697.529785,15971.589844,16.48,,-1.09,81.25,6.951,-5685.0,85239.0,False
2021-11 tepe,tepe,2021-11-08,2021-11-07,-1,once,63326.988281,4620.554688,0.090959,Binance,0.073944,,,,,,,,,,136.83,94.32,1816.800049,4697.529785,15971.589844,16.48,,-1.09,81.25,6.951,-5685.0,85239.0,False
2021-11 tepe,tepe,2021-11-08,2021-11-08,0,olay_gunu,67566.828125,4812.087402,0.162632,Binance,0.082719,,,,,,,,,,138.12,94.050003,1828.0,4701.700195,15982.360352,17.219999,,-1.11,81.96,6.951,-5685.0,85239.0,True
2021-11 tepe,tepe,2021-11-08,2021-11-09,1,sonra,66971.828125,4735.068848,0.144769,Binance,0.041036,,,,,,,,,,137.05,93.959999,1830.800049,4685.25,15886.540039,17.780001,,-1.17,84.12,6.951,-6056.0,125610.0,True
2021-11 tepe,tepe,2021-11-08,2021-11-10,2,sonra,64995.230469,4636.174316,0.125747,Binance,0.048374,,,,,,,,,,139.55,94.849998,1848.300049,4646.709961,15622.709961,18.73,,-1.14,81.23,6.955,-6056.0,125610.0,True
2021-11 tepe,tepe,2021-11-08,2021-11-11,3,sonra,64949.960938,4730.384277,0.073031,Binance,0.052974,,,,,,,,,,139.72,95.18,1863.900024,4649.27002,15704.280273,17.66,,-1.14,81.47,6.955,-6056.0,125610.0,True
2021-11 tepe,tepe,2021-11-08,2021-11-12,4,sonra,64155.941406,4667.115234,0.087852,Binance,0.03,,,,,,,,,,139.45,95.129997,1868.5,4682.850098,15860.959961,16.290001,,-1.15,80.87,6.955,-6056.0,125610.0,True
2021-11 tepe,tepe,2021-11-08,2021-11-13,5,sonra,64469.527344,4651.460449,0.053574,Binance,0.02,,,,,,,,,,140.56,95.129997,1868.5,4682.850098,15860.959961,16.290001,,-1.15,80.87,6.955,-6056.0,125610.0,False
2021-11 tepe,tepe,2021-11-08,2021-11-14,6,sonra,65466.839844,4626.358887,0.037021,Binance,0.03,,,,,,,,,,140.96,95.129997,1868.5,4682.850098,15860.959961,16.290001,,-1.15,80.87,6.955,-6056.0,125610.0,False
2021-11 tepe,tepe,2021-11-08,2021-11-15,7,sonra,63557.871094,4557.503906,0.113858,Binance,0.073286,,,,,,,,,,142.18,95.410004,1866.599976,4682.799805,15853.849609,16.49,,-1.13,80.85,6.955,-6056.0,125610.0,True
2021-11 tepe,tepe,2021-11-08,2021-11-16,8,sonra,60161.246094,4216.365234,0.02,Binance,0.02,,,,,,,,,,142.01,95.919998,1854.099976,4700.899902,15973.860352,16.370001,,-1.1,80.76,6.955,-5946.0,142385.0,True
2021-11 tepe,tepe,2021-11-08,2021-11-17,9,sonra,60368.011719,4287.59375,0.033155,Binance,0.03,,,,,,,,,,143.0,95.830002,1870.199951,4688.669922,15921.570312,17.110001,,-1.1,78.32,6.944,-5946.0,142385.0,True
2021-11 tepe,tepe,2021-11-08,2021-11-18,10,sonra,56942.136719,4000.650879,0.041235,Binance,0.04,,,,,,,,,,144.35,95.540001,1861.400024,4704.540039,15993.709961,17.59,,-1.14,78.92,6.944,-5946.0,142385.0,True
2021-11 tepe,tepe,2021-11-08,2021-11-19,11,sonra,58119.578125,4298.306641,0.02,Binance,0.02,,,,,,,,,,144.03,96.07,1851.599976,4697.959961,16057.44043,17.91,,-1.11,76.11,6.944,-5946.0,142385.0,True
2021-11 tepe,tepe,2021-11-08,2021-11-20,12,sonra,59697.195312,4409.931152,0.04,Binance,0.04,,,,,,,,,,145.95,96.07,1851.599976,4697.959961,16057.44043,17.91,,-1.11,76.11,6.944,-5946.0,142385.0,False
2021-11 tepe,tepe,2021-11-08,2021-11-21,13,sonra,58730.476562,4269.73291,0.02,Binance,0.02,,,,,,,,,,146.59,96.07,1851.599976,4697.959961,16057.44043,17.91,,-1.11,76.11,6.944,-5946.0,142385.0,False
2021-11 tepe,tepe,2021-11-08,2021-11-22,14,sonra,56289.289062,4088.457764,0.03,Binance,0.03,,,,,,,,,,146.48,96.5,1806.300049,4682.939941,15854.759766,19.17,,-0.98,76.74,6.944,-5946.0,142385.0,True
2021-11 tepe,tepe,2021-11-08,2021-11-23,15,sonra,57569.074219,4340.763672,0.032897,Binance,0.03,,,,,,,,,,146.07,96.489998,1783.800049,4690.700195,15775.139648,19.379999,,-0.95,78.32,6.944,-4649.0,105339.0,True
2021-11 tepe,tepe,2021-11-08,2021-11-24,16,sonra,56280.425781,4239.981445,0.046559,Binance,0.04,,,,,,,,,,146.53,96.839996,1784.300049,4701.459961,15845.230469,18.58,,-0.97,78.32,7.065,-4649.0,105339.0,True
2021-11 tepe,tepe,2021-11-08,2021-11-25,17,sonra,57274.679688,4274.743164,0.042526,Binance,0.07125,,,,,,,,,,146.94,96.839996,1784.300049,4701.459961,15845.230469,18.58,,-0.97,78.32,7.065,-4649.0,105339.0,False
2021-11 tepe,tepe,2021-11-08,2021-11-26,18,sonra,53569.765625,4030.908936,0.043741,Binance,0.037132,,,,,,,,,,147.76,96.089996,1785.5,4594.620117,15491.660156,28.620001,,-1.07,78.32,7.065,-4649.0,105339.0,True
2021-11 tepe,tepe,2021-11-08,2021-11-27,19,sonra,54815.078125,4096.912109,0.030824,Binance,0.03,,,,,,,,,,148.41,96.089996,1785.5,4594.620117,15491.660156,28.620001,,-1.07,78.32,7.065,-4649.0,105339.0,False
2021-11 tepe,tepe,2021-11-08,2021-11-28,20,sonra,57248.457031,4294.453613,0.03,Binance,0.03,,,,,,,,,,148.79,96.089996,1785.5,4594.620117,15491.660156,28.620001,,-1.07,78.32,7.065,-4649.0,105339.0,False
2021-11 tepe,tepe,2021-11-08,2021-11-29,21,sonra,57806.566406,4445.10498,0.068584,Binance,0.04,,,,,,,,,,148.95,96.339996,1782.300049,4655.27002,15782.830078,22.959999,,-1.02,69.88,7.065,-4649.0,105339.0,True
2021-11 tepe,tepe,2021-11-08,2021-11-30,22,sonra,57005.425781,4631.479004,0.032689,Binance,0.045452,,,,,,,,,,148.38,95.989998,1773.599976,4567.0,15537.69043,27.190001,,-1.07,66.14,7.065,-5437.0,92085.0,True
2021-11 tepe,tepe,2021-11-08,2021-12-01,23,sonra,57229.828125,4586.990234,0.055097,Binance,0.03,,,,,,,,,,149.08,96.050003,1784.300049,4513.040039,15254.049805,31.120001,,-1.01,65.44,7.07,-5437.0,92085.0,True
2021-11 tepe,tepe,2021-11-08,2021-12-02,24,sonra,56477.816406,4511.302246,0.02,Binance,0.02,,,,,,,,,,149.8,96.129997,1762.699951,4577.100098,15381.320312,27.950001,,-1.03,66.6,7.07,-5437.0,92085.0,True
2021-11 tepe,tepe,2021-11-08,2021-12-03,25,sonra,53598.246094,4220.706055,0.048884,Binance,0.032562,,,,,,,,,,149.67,96.120003,1783.900024,4538.430176,15085.469727,30.67,,-1.08,66.39,7.07,-5437.0,92085.0,True
2021-11 tepe,tepe,2021-11-08,2021-12-04,26,sonra,49200.703125,4119.587402,0.019178,Binance,0.026583,,,,,,,,,,151.43,96.120003,1783.900024,4538.430176,15085.469727,30.67,,-1.08,66.39,7.07,-5437.0,92085.0,False
2021-11 tepe,tepe,2021-11-08,2021-12-05,27,sonra,49368.847656,4198.322754,0.027273,Binance,0.03,,,,,,,,,,152.63,96.120003,1783.900024,4538.430176,15085.469727,30.67,,-1.08,66.39,7.07,-5437.0,92085.0,False
2021-11 tepe,tepe,2021-11-08,2021-12-06,28,sonra,50582.625,4358.737305,0.03,Binance,0.03,,,,,,,,,,153.45,96.290001,1779.5,4591.669922,15225.150391,27.18,,-1.01,69.62,7.07,-5437.0,92085.0,True
2021-11 tepe,tepe,2021-11-08,2021-12-07,29,sonra,50700.085938,4315.061523,0.033977,Binance,0.03706,,,,,,,,,,154.2,96.370003,1784.699951,4686.75,15686.919922,21.889999,,-0.99,71.94,7.07,-6098.0,80741.0,True
2021-11 tepe,tepe,2021-11-08,2021-12-08,30,sonra,50504.796875,4439.35791,0.02,Binance,0.02,,,,,,,,,,155.03,95.889999,1785.5,4701.209961,15786.990234,19.9,,-1.0,72.43,7.065,-6098.0,80741.0,True
2025-10 tepe,tepe,2025-10-06,2025-09-06,-30,once,110224.695312,4274.242188,0.01274,Binance,0.013962,86989.727,9580639680.0631,,1.911301,2.191002,1977540.213,8446707062.59116,2.520065,3.105054,284.48,97.769997,3653.300049,6481.5,21700.390625,15.18,2.83,1.73,62.22,5.987,-15322.0,161502.0,False
2025-10 tepe,tepe,2025-10-06,2025-09-07,-29,once,111167.617188,4305.347656,0.01058,Binance,0.012273,88888.088,9873777703.128,,1.671985,1.988133,1975732.015,8504103797.5242,2.504885,3.100089,284.54,97.769997,3653.300049,6481.5,21700.390625,15.18,2.83,1.73,62.22,5.987,-15322.0,161502.0,False
2025-10 tepe,tepe,2025-10-06,2025-09-08,-28,once,112071.429688,4308.072266,0.027196,Binance,0.018407,91251.688,10221566921.77392,,1.400406,1.88635,1977504.308,8511152159.569052,2.485627,3.46392,284.31,97.449997,3677.399902,6495.149902,21798.699219,15.11,2.84,1.7,62.6,5.987,-15322.0,161502.0,True
2025-10 tepe,tepe,2025-10-06,2025-09-09,-27,once,111530.546875,4309.041504,0.025805,Binance,0.022801,92140.779,10273687644.4221,,1.7964,2.043987,2035252.366,8768953417.967155,2.762972,3.34884,284.47,97.790001,3682.199951,6512.609863,21879.490234,15.04,2.87,1.72,62.97,5.987,-14751.0,163519.0,True
2025-10 tepe,tepe,2025-10-06,2025-09-10,-26,once,113955.359375,4349.145996,0.020869,Binance,0.020161,93802.932,10684144188.079056,,1.124004,1.944812,1947782.999,8467519120.23274,2.262458,3.651634,284.97,97.779999,3682.0,6532.040039,21886.060547,15.35,2.84,1.69,64.01,5.904,-14751.0,163519.0,True
2025-10 tepe,tepe,2025-10-06,2025-09-11,-25,once,115507.539062,4461.233398,0.007609,Binance,0.018501,92643.921,10693609869.267,,1.022601,2.037343,2022530.371,9014255081.201355,1.554219,3.443023,285.08,97.540001,3673.600098,6587.470215,22043.070312,14.71,2.78,1.67,62.71,5.904,-14751.0,163519.0,True
2025-10 tepe,tepe,2025-10-06,2025-09-12,-24,once,116101.578125,4715.246094,0.016796,Binance,0.024858,91691.068,10634183360.9312,,0.987169,1.894535,2079853.847,9798052872.734167,1.318559,3.339316,285.88,97.550003,3686.399902,6584.290039,22141.099609,14.76,2.79,1.7,63.02,5.904,-14751.0,163519.0,True
2025-10 tepe,tepe,2025-10-06,2025-09-13,-23,once,115950.507812,4668.179688,0.003834,Binance,0.029815,89215.409,10336997617.421158,,1.038348,1.920497,1975452.415,9214431275.217943,1.487807,3.505964,287.26,97.550003,3686.399902,6584.290039,22141.099609,14.76,2.79,1.7,63.02,5.904,-14751.0,163519.0,False
2025-10 tepe,tepe,2025-10-06,2025-09-14,-22,once,115407.65625,4609.597656,0.016077,Binance,0.014235,87747.168,10110916340.359228,,1.080866,2.00422,1988293.564,9150641063.299103,1.550966,3.653117,287.97,97.550003,3686.399902,6584.290039,22141.099609,14.76,2.79,1.7,63.02,5.904,-14751.0,163519.0,False
2025-10 tepe,tepe,2025-10-06,2025-09-15,-21,once,115444.875,4526.820312,0.022655,Binance,0.017532,88351.4,10186960595.7,,1.176561,2.164879,1985955.33,8979556603.2549,2.084387,3.834742,288.0,97.300003,3719.0,6615.279785,22348.75,15.69,2.75,1.68,63.66,5.904,-14751.0,163519.0,True
2025-10 tepe,tepe,2025-10-06,2025-09-16,-20,once,116843.1875,4503.564453,0.01446,Binance,0.011103,90738.318,10593453633.0414,,0.909285,1.92809,1943314.448,8744064416.713913,2.33475,3.734138,288.31,96.629997,3725.100098,6606.759766,22333.960938,16.360001,2.79,1.67,64.89,5.904,-16369.0,158971.0,True
2025-10 tepe,tepe,2025-10-06,2025-09-17,-19,once,116468.507812,4592.733398,0.021716,Binance,0.012183,87443.421,10178632812.9525,,1.209994,2.090632,1942010.817,8911272879.88091,2.029947,3.801899,289.1,96.870003,3717.800049,6600.350098,22261.330078,15.72,2.79,1.68,64.41,5.838,-16369.0,158971.0,True
2025-10 tepe,tepe,2025-10-06,2025-09-18,-18,once,117137.203125,4589.918945,0.017846,Binance,0.017158,91079.361,10657880703.866705,,0.94077,1.859465,1907710.601,8747444495.87131,1.798421,3.672699,289.3,97.349998,3678.300049,6631.959961,22470.720703,15.7,2.71,1.73,63.91,5.838,-16369.0,158971.0,True
2025-10 tepe,tepe,2025-10-06,2025-09-19,-17,once,115688.859375,4470.916992,0.01113,Binance,-0.009594,90128.548,10416134961.284142,,1.252224,2.013705,2031632.259,9074244852.17832,2.476015,2.789956,290.42,97.639999,3705.800049,6664.359863,22631.480469,15.45,2.72,1.75,63.02,5.838,-16369.0,158971.0,True
2025-10 tepe,tepe,2025-10-06,2025-09-20,-16,once,115721.960938,4482.265625,-0.006355,Binance,0.00122,89156.294,10308696493.75,,1.247479,1.888924,2011179.436,9006673489.80303,2.374727,2.737491,291.2,97.639999,3705.800049,6664.359863,22631.480469,15.45,2.72,1.75,63.02,5.838,-16369.0,158971.0,False
2025-10 tepe,tepe,2025-10-06,2025-09-21,-15,once,115306.09375,4451.329102,0.006305,Binance,0.007867,88679.926,10215838795.274,,1.2653,1.871938,2033089.564,9033687852.40812,2.441933,2.617561,291.41,97.639999,3705.800049,6664.359863,22631.480469,15.45,2.72,1.75,63.02,5.838,-16369.0,158971.0,False
2025-10 tepe,tepe,2025-10-06,2025-09-22,-14,once,112748.507812,4202.877441,0.020308,Binance,-0.002254,87113.659,9809407437.5973,,1.491584,1.838718,1911460.807,8022355413.458694,2.392602,3.177805,291.41,97.330002,3775.100098,6693.75,22788.980469,16.1,2.69,1.78,62.99,5.838,-16369.0,158971.0,True
2025-10 tepe,tepe,2025-10-06,2025-09-23,-13,once,112014.5,4165.503906,0.014561,Binance,0.003405,88246.161,9878901810.0831,,1.608412,1.89023,1895388.701,7889081620.73725,2.497094,2.914658,292.28,97.260002,3815.699951,6656.919922,22573.470703,16.639999,2.71,1.75,63.76,5.838,-14393.0,160549.0,True
2025-10 tepe,tepe,2025-10-06,2025-09-24,-12,once,113328.632812,4153.469238,0.016727,Binance,-0.010526,89149.182,10096566579.767347,,1.240219,1.68213,1943980.682,8068517182.804407,2.608649,2.407206,293.11,97.870003,3768.100098,6637.970215,22497.859375,16.18,2.7,1.78,65.4,5.774,-14393.0,160549.0,True
2025-10 tepe,tepe,2025-10-06,2025-09-25,-11,once,109049.289062,3868.333984,0.014433,Binance,0.010866,84823.244,9241291596.330105,,1.803097,1.97346,1994818.872,7725933491.256,2.678717,3.363242,293.91,98.550003,3771.100098,6604.720215,22384.699219,16.74,2.76,1.8,65.51,5.774,-14393.0,160549.0,True
2025-10 tepe,tepe,2025-10-06,2025-09-26,-10,once,109712.828125,4035.887939,0.012066,Binance,0.006369,84921.811,9306474678.309477,,1.791446,1.924163,1909354.559,7695787204.86863,2.215177,2.742962,294.06,98.150002,3809.0,6643.700195,22484.070312,15.29,2.75,1.82,66.5,5.774,-14393.0,160549.0,True
2025-10 tepe,tepe,2025-10-06,2025-09-27,-9,once,109681.945312,4018.658203,0.01456,Binance,0.022362,84552.977,9265089596.780594,,1.782334,1.900054,1914555.195,7690385307.276,2.229445,2.875452,294.8,98.150002,3809.0,6643.700195,22484.070312,15.29,2.75,1.82,66.5,5.774,-14393.0,160549.0,False
2025-10 tepe,tepe,2025-10-06,2025-09-28,-8,once,112122.640625,4141.476562,0.012549,Binance,0.015941,86092.045,9652614257.7865,,1.490081,1.687752,1915458.029,7931156918.537621,2.209647,2.950568,295.0,98.150002,3809.0,6643.700195,22484.070312,15.29,2.75,1.82,66.5,5.774,-14393.0,160549.0,False
2025-10 tepe,tepe,2025-10-06,2025-09-29,-7,once,114400.382812,4217.341797,0.001336,Binance,0.000352,88866.579,10154035503.568373,,1.022714,1.547386,1843072.51,7765361299.827681,1.83316,2.871557,295.24,97.910004,3855.199951,6661.209961,22591.150391,16.120001,2.74,1.8,64.27,5.774,-14393.0,160549.0,True
2025-10 tepe,tepe,2025-10-06,2025-09-30,-6,once,114056.085938,4145.95752,0.014185,Binance,-0.001491,88526.435,10091013241.2845,,1.068228,1.650868,1827740.009,7572308579.88691,2.110907,2.777486,296.05,97.769997,3873.199951,6688.459961,22660.009766,16.280001,2.8,1.8,63.17,5.774,-13873.0,145227.0,True
2025-10 tepe,tepe,2025-10-06,2025-10-01,-5,once,118648.929688,4351.112305,0.021241,Binance,0.003312,91466.092,10843634484.5312,,0.783815,1.596001,1891956.852,8222557996.20312,1.671669,2.330788,297.47,97.709999,3897.5,6711.200195,22755.160156,16.290001,2.81,1.77,62.59,5.772,-13873.0,145227.0,True
2025-10 tepe,tepe,2025-10-06,2025-10-02,-4,once,120681.257812,4487.923828,0.019543,Binance,0.006766,93675.414,11286126289.2168,,0.671929,1.657819,1975259.322,8852519703.4074,1.57353,2.286111,298.38,97.849998,3868.100098,6715.350098,22844.050781,16.629999,2.81,1.76,61.28,5.772,-13873.0,145227.0,True
2025-10 tepe,tepe,2025-10-06,2025-10-03,-3,once,122266.53125,4514.870605,0.029926,Binance,0.014838,95866.174,11712862032.9982,,0.620159,1.794545,1956585.997,8825631154.24781,1.569053,2.291792,299.56,97.720001,3908.899902,6715.790039,22780.509766,16.65,2.8,1.8,61.65,5.772,-13873.0,145227.0,True
2025-10 tepe,tepe,2025-10-06,2025-10-04,-2,once,122425.429688,4489.197266,0.03696,Binance,0.016856,96414.139,11795614290.5048,,0.627528,1.696923,1969175.832,8832496474.282421,1.552424,2.236861,301.09,97.720001,3908.899902,6715.790039,22780.509766,16.65,2.8,1.8,61.65,5.772,-13873.0,145227.0,False
2025-10 tepe,tepe,2025-10-06,2025-10-05,-1,once,123513.476562,4515.422852,0.019566,Binance,0.019708,99288.679,12254873996.3293,,0.661102,1.756816,2003553.396,9041035087.738647,1.591995,2.104119,301.61,97.720001,3908.899902,6715.790039,22780.509766,16.65,2.8,1.8,61.65,5.772,-13873.0,145227.0,False
2025-10 tepe,tepe,2025-10-06,2025-10-06,0,olay_gunu,124752.53125,4687.771484,0.033211,Binance,0.037894,100137.425,12478899605.25543,,0.559834,1.823575,2016153.252,9440496471.76236,1.284358,2.099632,301.15,98.110001,3976.300049,6740.279785,22941.669922,16.370001,2.76,1.84,62.49,5.772,-13873.0,145227.0,True
2025-10 tepe,tepe,2025-10-06,2025-10-07,1,sonra,121451.382812,4451.151855,0.017344,Binance,0.021254,93160.662,11299130631.663,,0.785642,1.859852,1943438.079,8639884364.66793,1.769208,2.263315,301.82,98.580002,4004.399902,6714.589844,22788.359375,17.24,2.82,1.79,62.52,5.772,-14047.0,129759.0,True
2025-10 tepe,tepe,2025-10-06,2025-10-08,2,sonra,123354.867188,4527.647949,0.015396,Binance,0.007299,92251.696,11368910594.962025,,0.697717,1.798668,1911827.899,8648478511.86933,1.727192,2.184435,302.61,98.849998,4070.5,6753.720215,23043.380859,16.299999,2.84,1.78,63.37,5.778,-14047.0,129759.0,True
2025-10 tepe,tepe,2025-10-06,2025-10-09,3,sonra,121705.585938,4369.143555,0.008149,Binance,0.009139,96730.266,11760735714.887691,,0.904057,1.643134,1918320.094,8375177507.274243,2.07798,2.228961,302.63,99.540001,3972.600098,6735.109863,23024.630859,16.43,2.95,1.8,62.36,5.778,-14047.0,129759.0,True
2025-10 tepe,tepe,2025-10-06,2025-10-10,4,sonra,113214.367188,3843.008789,0.015677,Binance,0.009929,72613.782,8185170734.604,,1.185835,2.034251,1394726.859,5327856601.38,2.216334,2.77794,302.85,98.980003,4000.399902,6552.509766,22204.429688,21.66,3.18,1.75,59.75,5.778,-14047.0,129759.0,True
2025-10 tepe,tepe,2025-10-06,2025-10-11,5,sonra,110807.882812,3750.611572,0.010467,Binance,-0.013267,74333.79,8219771031.168,,1.40229,1.742264,1407313.678,5269742359.81812,2.373112,2.510446,303.18,98.980003,4000.399902,6552.509766,22204.429688,21.66,3.18,1.75,59.75,5.778,-14047.0,129759.0,False
2025-10 tepe,tepe,2025-10-06,2025-10-12,6,sonra,115169.765625,4164.427734,-0.011105,Binance,-0.010689,75918.435,8722603038.264,,1.555553,1.397527,1442375.703,5985859167.45,2.148246,2.548987,302.74,98.980003,4000.399902,6552.509766,22204.429688,21.66,3.18,1.75,59.75,5.778,-14047.0,129759.0,False
2025-10 tepe,tepe,2025-10-06,2025-10-13,7,sonra,115271.078125,4245.467773,-0.007769,Binance,0.013468,76672.957,8825969758.8883,,1.329753,1.441036,1430274.701,6063921347.08269,1.754322,2.858622,302.8,99.269997,4133.0,6654.720215,22694.609375,19.030001,3.18,1.75,59.75,5.778,-14047.0,129759.0,True
2025-10 tepe,tepe,2025-10-06,2025-10-14,8,sonra,113118.664062,4125.412109,-0.003786,Binance,0.003045,79284.835,8958369721.1995,,1.674232,1.370355,1393179.198,5744384840.368469,2.077324,2.736517,303.69,99.050003,4163.399902,6644.310059,22521.699219,20.809999,3.11,1.73,59.52,5.778,-13431.0,108310.0,True
2025-10 tepe,tepe,2025-10-06,2025-10-15,9,sonra,110783.164062,3987.459473,-0.003968,Binance,0.007679,78149.26,8651211854.462465,,1.976385,1.394351,1447744.812,5767540259.49372,2.561061,2.463341,304.92,98.790001,4201.600098,6671.060059,22670.080078,20.639999,2.95,1.76,59.08,5.781,-13431.0,108310.0,True
2025-10 tepe,tepe,2025-10-06,2025-10-16,10,sonra,108186.039062,3894.754395,-0.005234,Binance,0.001383,79755.553,8624248777.906744,,2.407626,1.172937,1458874.957,5678319950.274619,2.918192,2.392866,305.73,98.389999,4304.600098,6629.069824,22562.539062,25.309999,3.04,1.71,58.29,5.781,-13431.0,108310.0,True
2025-10 tepe,tepe,2025-10-06,2025-10-17,11,sonra,106467.789062,3832.558838,-0.006029,Binance,0.01337,79035.643,8407701052.4398,,2.140954,1.226548,1462782.959,5602530227.90602,2.525408,2.656252,305.8,98.43,4213.299805,6664.009766,22679.970703,20.780001,3.04,1.75,58.3,5.781,-13431.0,108310.0,True
2025-10 tepe,tepe,2025-10-06,2025-10-18,12,sonra,107198.265625,3890.346191,-0.010057,Binance,0.007596,82232.174,8808504898.445,,2.122426,1.014799,1465440.908,5696198118.21416,2.360173,2.519843,306.07,98.43,4213.299805,6664.009766,22679.970703,20.780001,3.04,1.75,58.3,5.781,-13431.0,108310.0,False
2025-10 tepe,tepe,2025-10-06,2025-10-19,13,sonra,108666.710938,3984.649658,0.002888,Binance,0.011854,80787.727,8772795826.3389,,2.060361,1.011255,1532629.122,6101189950.529805,2.291079,2.177276,306.1,98.43,4213.299805,6664.009766,22679.970703,20.780001,3.04,1.75,58.3,5.781,-13431.0,108310.0,False
2025-10 tepe,tepe,2025-10-06,2025-10-20,14,sonra,110588.929688,3980.760254,-0.00288,Binance,0.013893,83840.809,9261885786.1491,,1.707462,0.963204,1473883.482,5862430504.99428,2.467309,2.665422,306.38,98.589996,4359.399902,6735.129883,22990.539062,18.23,2.99,1.74,58.34,5.781,-13431.0,108310.0,True
2025-10 tepe,tepe,2025-10-06,2025-10-21,15,sonra,108476.890625,3876.76416,-0.005851,Binance,0.011301,82918.324,8976485255.523094,,1.809944,0.935698,1468770.141,5685785468.22792,2.480507,2.37189,306.33,98.93,4109.100098,6735.350098,22953.669922,17.870001,2.97,1.7,58.66,5.781,-14002.0,92227.0,True
2025-10 tepe,tepe,2025-10-06,2025-10-22,16,sonra,107688.585938,3808.122314,0.012846,Binance,0.002622,75968.756,8169079867.0676,,2.300329,1.063113,1504924.432,5724296111.24272,3.195421,2.775022,307.37,98.900002,4065.399902,6699.399902,22740.400391,18.6,3.01,1.68,59.3,5.678,-14002.0,92227.0,True
2025-10 tepe,tepe,2025-10-06,2025-10-23,17,sonra,110069.726562,3856.026367,0.009997,Binance,0.010246,76584.254,8426728856.241555,,1.776413,1.062974,1473162.764,5679674179.395567,2.883379,2.730115,306.77,98.940002,4145.600098,6738.439941,22941.800781,17.299999,2.96,1.71,62.44,5.678,-14002.0,92227.0,True
2025-10 tepe,tepe,2025-10-06,2025-10-24,18,sonra,111033.921875,3934.567383,0.010027,Binance,0.013774,77769.86,8629763622.844,,1.627423,1.078248,1476989.475,5809295003.07,2.47334,2.989011,306.97,98.949997,4137.799805,6791.689941,23204.869141,16.370001,2.88,1.73,62.27,5.678,-14002.0,92227.0,True
2025-10 tepe,tepe,2025-10-06,2025-10-25,19,sonra,111641.726562,3953.470947,0.007054,Binance,0.007959,79307.006,8850132895.318249,,1.453884,1.066768,1491931.756,5896505885.533146,2.317861,2.949647,307.59,98.949997,4137.799805,6791.689941,23204.869141,16.370001,2.88,1.73,62.27,5.678,-14002.0,92227.0,False
2025-10 tepe,tepe,2025-10-06,2025-10-26,20,sonra,114472.445312,4157.989258,0.019342,Binance,0.032079,81741.863,9359874067.055435,,1.274621,1.097617,1563885.812,6501643023.473296,1.68568,2.72166,307.35,98.949997,4137.799805,6791.689941,23204.869141,16.370001,2.88,1.73,62.27,5.678,-14002.0,92227.0,False
2025-10 tepe,tepe,2025-10-06,2025-10-27,21,sonra,114119.328125,4120.12207,0.023363,Binance,0.021763,78019.129,8899181732.1689,,1.17457,1.326878,1591569.568,6554847434.41664,1.701713,3.193386,307.21,98.779999,4019.699951,6875.160156,23637.460938,15.79,2.8,1.73,62.13,5.678,-14002.0,92227.0,True
2025-10 tepe,tepe,2025-10-06,2025-10-28,22,sonra,112956.164062,3982.262451,0.010798,Binance,0.006411,75821.636,8555778136.489191,,1.441937,1.386506,1536757.049,6112588565.151495,2.500111,3.004564,306.86,98.690002,3983.100098,6890.890137,23827.490234,16.42,2.82,1.71,60.97,5.678,-17223.0,104159.0,True
2025-10 tepe,tepe,2025-10-06,2025-10-29,23,sonra,110055.304688,3903.353027,0.008559,Binance,-0.002252,78319.052,8613995970.682442,,2.041866,1.28014,1545987.158,6030650582.760977,2.944024,2.768358,307.04,99.220001,4000.699951,6890.589844,23958.470703,16.92,2.76,1.78,61.26,5.61,-17223.0,104159.0,True
2025-10 tepe,tepe,2025-10-06,2025-10-30,24,sonra,108305.546875,3804.375244,0.008321,Binance,-0.008807,77900.512,8433782080.912,,2.634628,1.264674,1592238.143,6053370972.0574,3.667119,2.744236,306.32,99.529999,4015.899902,6822.339844,23581.140625,16.91,2.85,1.82,61.36,5.61,-17223.0,104159.0,True
2025-10 tepe,tepe,2025-10-06,2025-10-31,25,sonra,109556.164062,3847.080322,0.02,Binance,0.006494,78358.996,8584792196.5712,,1.970836,1.842358,1562286.951,6009196151.19591,2.854794,2.805401,305.94,99.800003,3996.5,6840.200195,23724.960938,17.440001,2.94,1.81,61.75,5.61,-17223.0,104159.0,True
2025-10 tepe,tepe,2025-10-06,2025-11-01,26,sonra,110064.015625,3874.187988,0.029782,Binance,0.02378,76681.148,8438899744.283002,,1.875301,1.911495,1585234.217,6138232968.67221,2.753038,2.80937,305.96,99.800003,3996.5,6840.200195,23724.960938,17.440001,2.94,1.81,61.75,5.61,-17223.0,104159.0,False
2025-10 tepe,tepe,2025-10-06,2025-11-02,27,sonra,110639.625,3911.063232,0.028083,Binance,0.028152,76022.226,8400309017.078973,,1.919136,1.850392,1637523.678,6394571522.678944,2.715014,2.678487,306.12,99.800003,3996.5,6840.200195,23724.960938,17.440001,2.94,1.81,61.75,5.61,-17223.0,104159.0,False
2025-10 tepe,tepe,2025-10-06,2025-11-03,28,sonra,106547.523438,3602.308105,0.012182,Binance,0.002897,77417.846,8248399242.4394,,2.220183,2.006985,1715055.683,6178282065.315502,3.509277,2.576209,305.86,99.870003,4014.0,6851.970215,23834.720703,17.17,3.04,1.82,61.79,5.61,-17223.0,104159.0,True
2025-10 tepe,tepe,2025-10-06,2025-11-04,29,sonra,101590.523438,3292.574463,0.029279,Binance,0.022923,81004.805,8216908706.2265,,2.75701,2.044128,1670308.788,5487448758.12852,3.260986,3.020364,305.81,100.220001,3960.5,6771.549805,23348.640625,19.0,3.13,1.81,61.38,5.61,-15168.0,100545.0,True
2025-10 tepe,tepe,2025-10-06,2025-11-05,30,sonra,103891.835938,3425.171143,0.005647,Binance,0.004993,83888.484,8711448334.657743,,2.388413,1.785245,1648108.177,5641965215.298229,2.535142,2.54649,304.64,100.199997,3992.899902,6796.290039,23499.800781,18.01,3.05,1.87,60.4,5.619,-15168.0,100545.0,True
2017-09 duzeltme,duzeltme,2017-09-01,2017-08-02,-30,once,2710.669922,,-0.556,BitMEX,,,,,,,,,,,,92.830002,1271.800049,2477.570068,6362.649902,10.28,,0.48,49.6,4.167,,118458.0,True
2017-09 duzeltme,duzeltme,2017-09-01,2017-08-03,-29,once,2804.72998,,-0.1201,BitMEX,,,,,,,,,,,,92.809998,1267.800049,2472.159912,6340.339844,10.44,,0.46,49.03,4.167,,118458.0,True
2017-09 duzeltme,duzeltme,2017-09-01,2017-08-04,-28,once,2895.889893,,0.0223,BitMEX,,,,,,,,,,,,93.540001,1258.300049,2476.830078,6351.560059,10.03,,0.47,49.57,4.167,,118458.0,True
2017-09 duzeltme,duzeltme,2017-09-01,2017-08-05,-27,once,3252.909912,,0.4787,BitMEX,,,,,,,,,,,,93.540001,1258.300049,2476.830078,6351.560059,10.03,,0.47,49.57,4.167,,118458.0,False
2017-09 duzeltme,duzeltme,2017-09-01,2017-08-06,-26,once,3213.939941,,0.9348,BitMEX,,,,,,,,,,,,93.540001,1258.300049,2476.830078,6351.560059,10.03,,0.47,49.57,4.167,,118458.0,False
2017-09 duzeltme,duzeltme,2017-09-01,2017-08-07,-25,once,3378.939941,,0.4016,BitMEX,,,,,,,,,,,,93.43,1258.199951,2480.909912,6383.77002,9.93,,0.46,49.37,4.167,,118458.0,True
2017-09 duzeltme,duzeltme,2017-09-01,2017-08-08,-24,once,3419.939941,,0.1215,BitMEX,,,,,,,,,,,,93.639999,1256.400024,2474.919922,6370.459961,10.96,,0.46,49.07,4.167,,135985.0,True
2017-09 duzeltme,duzeltme,2017-09-01,2017-08-09,-23,once,3342.469971,,0.0092,BitMEX,,,,,,,,,,,,93.519997,1273.0,2474.02002,6352.330078,11.11,,0.42,49.59,4.215,,135985.0,True
2017-09 duzeltme,duzeltme,2017-09-01,2017-08-10,-22,once,3381.280029,,0.001,BitMEX,,,,,,,,,,,,93.400002,1283.699951,2438.209961,6216.870117,16.040001,,0.4,48.54,4.215,,135985.0,True
2017-09 duzeltme,duzeltme,2017-09-01,2017-08-11,-21,once,3650.620117,,-0.2018,BitMEX,,,,,,,,,,,,93.07,1287.699951,2441.320068,6256.560059,15.51,,0.4,48.81,4.215,,135985.0,True
2017-09 duzeltme,duzeltme,2017-09-01,2017-08-12,-20,once,3884.709961,,-0.0658,BitMEX,,,,,,,,,,,,93.07,1287.699951,2441.320068,6256.560059,15.51,,0.4,48.81,4.215,,135985.0,False
2017-09 duzeltme,duzeltme,2017-09-01,2017-08-13,-19,once,4073.26001,,0.2717,BitMEX,,,,,,,,,,,,93.07,1287.699951,2441.320068,6256.560059,15.51,,0.4,48.81,4.215,,135985.0,False
2017-09 duzeltme,duzeltme,2017-09-01,2017-08-14,-18,once,4325.129883,,0.5697,BitMEX,,,,,,,,,,,,93.459999,1284.199951,2465.840088,6340.22998,12.33,,0.45,47.59,4.215,,135985.0,True
2017-09 duzeltme,duzeltme,2017-09-01,2017-08-15,-17,once,4181.930176,,0.4843,BitMEX,,,,,,,,,,,,93.849998,1273.699951,2464.610107,6333.009766,12.04,,0.49,47.57,4.215,,176556.0,True
2017-09 duzeltme,duzeltme,2017-09-01,2017-08-16,-16,once,4376.629883,,0.0764,BitMEX,,,,,,,,,,,,93.489998,1276.900024,2468.110107,6345.109863,11.74,,0.45,46.8,4.239,,176556.0,True
2017-09 duzeltme,duzeltme,2017-09-01,2017-08-17,-15,once,4331.689941,,0.6314,BitMEX,,,,,,,,,,,,93.620003,1286.400024,2430.01001,6221.910156,15.55,,0.42,47.07,4.239,,176556.0,True
2017-09 duzeltme,duzeltme,2017-09-01,2017-08-18,-14,once,4160.620117,,0.118,BitMEX,,,,,,,,,,,,93.43,1285.699951,2425.550049,6216.529785,14.26,,0.43,48.59,4.239,,176556.0,True
2017-09 duzeltme,duzeltme,2017-09-01,2017-08-19,-13,once,4193.700195,,-0.2503,BitMEX,,,,,,,,,,,,93.43,1285.699951,2425.550049,6216.529785,14.26,,0.43,48.59,4.239,,176556.0,False
2017-09 duzeltme,duzeltme,2017-09-01,2017-08-20,-12,once,4087.659912,,0.8426,BitMEX,,,,,,,,,,,,93.43,1285.699951,2425.550049,6216.529785,14.26,,0.43,48.59,4.239,,176556.0,False
2017-09 duzeltme,duzeltme,2017-09-01,2017-08-21,-11,once,4001.73999,,0.2662,BitMEX,,,,,,,,,,,,93.099998,1290.800049,2428.370117,6213.129883,13.19,,0.43,47.39,4.239,,176556.0,True
2017-09 duzeltme,duzeltme,2017-09-01,2017-08-22,-10,once,4100.52002,,-0.3453,BitMEX,,,,,,,,,,,,93.550003,1285.099976,2452.51001,6297.47998,11.35,,0.45,47.65,4.239,,194079.0,True
2017-09 duzeltme,duzeltme,2017-09-01,2017-08-23,-9,once,4151.52002,,0.204,BitMEX,,,,,,,,,,,,93.150002,1288.900024,2444.040039,6278.410156,12.25,,0.42,48.45,4.212,,194079.0,True
2017-09 duzeltme,duzeltme,2017-09-01,2017-08-24,-8,once,4334.680176,,0.4513,BitMEX,,,,,,,,,,,,93.279999,1286.5,2438.969971,6271.330078,12.23,,0.44,47.24,4.212,,194079.0,True
2017-09 duzeltme,duzeltme,2017-09-01,2017-08-25,-7,once,4371.600098,,0.2548,BitMEX,,,,,,,,,,,,92.739998,1292.5,2443.050049,6265.640137,11.28,,0.42,47.65,4.212,,194079.0,True
2017-09 duzeltme,duzeltme,2017-09-01,2017-08-26,-6,once,4352.399902,,0.1027,BitMEX,,,,,,,,,,,,92.739998,1292.5,2443.050049,6265.640137,11.28,,0.42,47.65,4.212,,194079.0,False
2017-09 duzeltme,duzeltme,2017-09-01,2017-08-27,-5,once,4382.879883,,-0.0172,BitMEX,,,,,,,,,,,,92.739998,1292.5,2443.050049,6265.640137,11.28,,0.42,47.65,4.212,,194079.0,False
2017-09 duzeltme,duzeltme,2017-09-01,2017-08-28,-4,once,4382.660156,,-0.0359,BitMEX,,,,,,,,,,,,92.209999,1309.699951,2444.23999,6283.02002,11.32,,0.41,46.4,4.212,,194079.0,True
2017-09 duzeltme,duzeltme,2017-09-01,2017-08-29,-3,once,4579.02002,,-0.0383,BitMEX,,,,,,,,,,,,92.349998,1313.099976,2446.300049,6301.890137,11.7,,0.39,46.46,4.212,,221126.0,True
2017-09 duzeltme,duzeltme,2017-09-01,2017-08-30,-2,once,4565.299805,,0.8519,BitMEX,,,,,,,,,,,,92.879997,1308.099976,2457.590088,6368.310059,11.22,,0.39,45.96,4.245,,221126.0,True
2017-09 duzeltme,duzeltme,2017-09-01,2017-08-31,-1,once,4703.390137,,0.2825,BitMEX,,,,,,,,,,,,92.669998,1316.199951,2471.649902,6428.660156,10.59,,0.36,47.26,4.245,,221126.0,True
2017-09 duzeltme,duzeltme,2017-09-01,2017-09-01,0,olay_gunu,4892.009766,,0.038,BitMEX,,,,,,,,,,,,92.809998,1324.5,2476.550049,6435.330078,10.13,,0.37,47.32,4.245,,221126.0,True
2017-09 duzeltme,duzeltme,2017-09-01,2017-09-02,1,sonra,4578.77002,,0.0816,BitMEX,,,,,,,,,,,,92.809998,1324.5,2476.550049,6435.330078,10.13,,0.37,47.32,4.245,,221126.0,False
2017-09 duzeltme,duzeltme,2017-09-01,2017-09-03,2,sonra,4582.959961,,-0.4271,BitMEX,,,,,,,,,,,,92.809998,1324.5,2476.550049,6435.330078,10.13,,0.37,47.32,4.245,,221126.0,False
2017-09 duzeltme,duzeltme,2017-09-01,2017-09-04,3,sonra,4236.310059,,-0.5164,BitMEX,,,,,,,,,,,,92.809998,1324.5,2476.550049,6435.330078,10.13,,0.37,47.32,4.245,,221126.0,False
2017-09 duzeltme,duzeltme,2017-09-01,2017-09-05,4,sonra,4376.529785,,-0.8251,BitMEX,,,,,,,,,,,,92.309998,1339.199951,2457.850098,6375.569824,12.23,,0.3,48.63,4.245,,237188.0,True
2017-09 duzeltme,duzeltme,2017-09-01,2017-09-06,5,sonra,4597.120117,,-0.015,BitMEX,,,,,,,,,,,,92.290001,1333.900024,2465.540039,6393.310059,11.63,,0.32,49.13,4.271,,237188.0,True
2017-09 duzeltme,duzeltme,2017-09-01,2017-09-07,6,sonra,4599.879883,,-0.0097,BitMEX,,,,,,,,,,,,91.529999,1345.099976,2465.100098,6397.870117,11.55,,0.26,49.1,4.271,,237188.0,True
2017-09 duzeltme,duzeltme,2017-09-01,2017-09-08,7,sonra,4228.75,,0.03,BitMEX,,,,,,,,,,,,91.330002,1346.0,2461.429932,6360.189941,12.12,,0.25,47.44,4.271,,237188.0,True
2017-09 duzeltme,duzeltme,2017-09-01,2017-09-09,8,sonra,4226.060059,,-0.9301,BitMEX,,,,,,,,,,,,91.330002,1346.0,2461.429932,6360.189941,12.12,,0.25,47.44,4.271,,237188.0,False
2017-09 duzeltme,duzeltme,2017-09-01,2017-09-10,9,sonra,4122.939941,,-0.345,BitMEX,,,,,,,,,,,,91.330002,1346.0,2461.429932,6360.189941,12.12,,0.25,47.44,4.271,,237188.0,False
2017-09 duzeltme,duzeltme,2017-09-01,2017-09-11,10,sonra,4161.27002,,-0.0797,BitMEX,,,,,,,,,,,,91.860001,1331.0,2488.110107,6432.259766,10.73,,0.31,48.06,4.271,,237188.0,True
2017-09 duzeltme,duzeltme,2017-09-01,2017-09-12,11,sonra,4130.810059,,-0.0252,BitMEX,,,,,,,,,,,,91.910004,1328.0,2496.47998,6454.279785,10.58,,0.33,48.21,4.271,,253517.0,True
2017-09 duzeltme,duzeltme,2017-09-01,2017-09-13,12,sonra,3882.590088,,-0.6138,BitMEX,,,,,,,,,,,,92.519997,1323.400024,2498.370117,6460.189941,10.5,,0.35,49.3,4.275,,253517.0,True
2017-09 duzeltme,duzeltme,2017-09-01,2017-09-14,13,sonra,3154.949951,,-0.1667,BitMEX,,,,,,,,,,,,92.120003,1324.699951,2495.620117,6429.080078,10.44,,0.35,49.86,4.275,,253517.0,True
2017-09 duzeltme,duzeltme,2017-09-01,2017-09-15,14,sonra,3637.52002,,-0.1776,BitMEX,,,,,,,,,,,,91.870003,1320.400024,2500.22998,6448.470215,10.17,,0.35,49.9,4.275,,253517.0,True
2017-09 duzeltme,duzeltme,2017-09-01,2017-09-16,15,sonra,3625.040039,,-0.7563,BitMEX,,,,,,,,,,,,91.870003,1320.400024,2500.22998,6448.470215,10.17,,0.35,49.9,4.275,,253517.0,False
2017-09 duzeltme,duzeltme,2017-09-01,2017-09-17,16,sonra,3582.879883,,-0.253,BitMEX,,,,,,,,,,,,91.870003,1320.400024,2500.22998,6448.470215,10.17,,0.35,49.9,4.275,,253517.0,False
2017-09 duzeltme,duzeltme,2017-09-01,2017-09-18,17,sonra,4065.199951,,0.1897,BitMEX,,,,,,,,,,,,92.050003,1306.300049,2503.870117,6454.640137,10.15,,0.36,49.88,4.275,,253517.0,True
2017-09 duzeltme,duzeltme,2017-09-01,2017-09-19,18,sonra,3924.969971,,0.0273,BitMEX,,,,,,,,,,,,91.790001,1306.199951,2506.649902,6461.319824,10.18,,0.37,49.54,4.275,,233382.0,True
2017-09 duzeltme,duzeltme,2017-09-01,2017-09-20,19,sonra,3905.949951,,-0.1303,BitMEX,,,,,,,,,,,,92.510002,1312.0,2508.23999,6456.040039,9.78,,0.43,50.29,4.163,,233382.0,True
2017-09 duzeltme,duzeltme,2017-09-01,2017-09-21,20,sonra,3631.040039,,-0.0596,BitMEX,,,,,,,,,,,,92.260002,1290.599976,2500.600098,6422.689941,9.67,,0.44,50.58,4.163,,233382.0,True
2017-09 duzeltme,duzeltme,2017-09-01,2017-09-22,21,sonra,3630.699951,,-0.4323,BitMEX,,,,,,,,,,,,92.169998,1293.300049,2502.219971,6426.919922,9.59,,0.42,50.33,4.163,,233382.0,True
2017-09 duzeltme,duzeltme,2017-09-01,2017-09-23,22,sonra,3792.399902,,-0.2095,BitMEX,,,,,,,,,,,,92.169998,1293.300049,2502.219971,6426.919922,9.59,,0.42,50.33,4.163,,233382.0,False
2017-09 duzeltme,duzeltme,2017-09-01,2017-09-24,23,sonra,3682.840088,,-0.2202,BitMEX,,,,,,,,,,,,92.169998,1293.300049,2502.219971,6426.919922,9.59,,0.42,50.33,4.163,,233382.0,False
2017-09 duzeltme,duzeltme,2017-09-01,2017-09-25,24,sonra,3926.070068,,-0.2886,BitMEX,,,,,,,,,,,,92.650002,1306.800049,2496.659912,6370.589844,10.21,,0.38,51.85,4.163,,233382.0,True
2017-09 duzeltme,duzeltme,2017-09-01,2017-09-26,25,sonra,3892.350098,,0.4055,BitMEX,,,,,,,,,,,,92.970001,1297.0,2496.840088,6380.160156,10.17,,0.4,51.59,4.163,,195976.0,True
2017-09 duzeltme,duzeltme,2017-09-01,2017-09-27,26,sonra,4200.669922,,0.2004,BitMEX,,,,,,,,,,,,93.360001,1283.400024,2507.040039,6453.259766,9.87,,0.44,52.14,4.071,,195976.0,True
2017-09 duzeltme,duzeltme,2017-09-01,2017-09-28,27,sonra,4174.72998,,0.0918,BitMEX,,,,,,,,,,,,93.089996,1285.5,2510.060059,6453.450195,9.55,,0.44,51.62,4.071,,195976.0,True
2017-09 duzeltme,duzeltme,2017-09-01,2017-09-29,28,sonra,4163.069824,,0.3315,BitMEX,,,,,,,,,,,,93.080002,1281.5,2519.360107,6495.959961,9.51,,0.49,51.67,4.071,,195976.0,True
2017-09 duzeltme,duzeltme,2017-09-01,2017-09-30,29,sonra,4338.709961,,0.63,BitMEX,,,,,,,,,,,,93.080002,1281.5,2519.360107,6495.959961,9.51,,0.49,51.67,4.071,,195976.0,False
2017-09 duzeltme,duzeltme,2017-09-01,2017-10-01,30,sonra,4403.740234,,-0.0446,BitMEX,,,,,,,,,,,,93.080002,1281.5,2519.360107,6495.959961,9.51,,0.49,51.67,4.071,,195976.0,False
2021-01 duzeltme,duzeltme,2021-01-08,2020-12-09,-30,once,18553.916016,573.479126,0.03,Binance,0.03,,,,,,,,,,24.6,91.089996,1838.5,3672.820068,12338.950195,22.27,,-0.96,45.48,5.708,-4989.0,98811.0,True
2021-01 duzeltme,duzeltme,2021-01-08,2020-12-10,-29,once,18264.992188,559.678528,0.03,Binance,0.037393,,,,,,,,,,24.6,90.790001,1837.400024,3668.100098,12405.80957,22.52,,-0.96,46.76,5.708,-4989.0,98811.0,True
2021-01 duzeltme,duzeltme,2021-01-08,2020-12-11,-28,once,18058.904297,545.797363,0.02,Binance,0.022389,,,,,,,,,,24.76,90.980003,1843.599976,3663.459961,12377.870117,23.309999,,-0.97,46.59,5.708,-4989.0,98811.0,True
2021-01 duzeltme,duzeltme,2021-01-08,2020-12-12,-27,once,18803.65625,568.567322,0.012179,Binance,0.03,,,,,,,,,,24.8,90.980003,1843.599976,3663.459961,12377.870117,23.309999,,-0.97,46.59,5.708,-4989.0,98811.0,False
2021-01 duzeltme,duzeltme,2021-01-08,2020-12-13,-26,once,19142.382812,589.663208,0.04,Binance,0.04,,,,,,,,,,24.93,90.980003,1843.599976,3663.459961,12377.870117,23.309999,,-0.97,46.59,5.708,-4989.0,98811.0,False
2021-01 duzeltme,duzeltme,2021-01-08,2020-12-14,-25,once,19246.644531,586.011169,0.02,Binance,0.02,,,,,,,,,,24.98,90.709999,1832.099976,3647.48999,12440.040039,24.719999,,-0.98,47.02,5.708,-4989.0,98811.0,True
2021-01 duzeltme,duzeltme,2021-01-08,2020-12-15,-24,once,19417.076172,589.355591,0.03,Binance,0.03,,,,,,,,,,25.05,90.470001,1855.300049,3694.620117,12595.05957,22.889999,,-0.99,47.58,5.708,-4756.0,101879.0,True
2021-01 duzeltme,duzeltme,2021-01-08,2020-12-16,-23,once,21310.597656,636.181824,0.076054,Binance,0.172529,,,,,,,,,,25.27,90.449997,1859.099976,3701.169922,12658.19043,22.5,,-1.0,47.86,5.833,-4756.0,101879.0,True
2021-01 duzeltme,duzeltme,2021-01-08,2020-12-17,-22,once,22805.162109,642.868958,0.104505,Binance,0.233495,,,,,,,,,,25.41,89.82,1890.400024,3722.47998,12764.75,21.93,,-1.0,48.34,5.833,-4756.0,101879.0,True
2021-01 duzeltme,duzeltme,2021-01-08,2020-12-18,-21,once,23137.960938,654.811951,0.10858,Binance,0.177164,,,,,,,,,,25.43,90.019997,1888.900024,3709.409912,12755.639648,21.57,,-1.0,49.04,5.833,-4756.0,101879.0,True
2021-01 duzeltme,duzeltme,2021-01-08,2020-12-19,-20,once,23869.832031,659.297913,0.108576,Binance,0.140108,,,,,,,,,,25.69,90.019997,1888.900024,3709.409912,12755.639648,21.57,,-1.0,49.04,5.833,-4756.0,101879.0,False
2021-01 duzeltme,duzeltme,2021-01-08,2020-12-20,-19,once,23477.294922,638.290833,0.15461,Binance,0.162126,,,,,,,,,,25.84,90.019997,1888.900024,3709.409912,12755.639648,21.57,,-1.0,49.04,5.833,-4756.0,101879.0,False
2021-01 duzeltme,duzeltme,2021-01-08,2020-12-21,-18,once,22803.082031,609.817871,0.095785,Binance,0.078672,,,,,,,,,,25.83,90.040001,1882.800049,3694.919922,12742.519531,25.16,,-1.0,47.79,5.833,-5963.0,108124.0,True
2021-01 duzeltme,duzeltme,2021-01-08,2020-12-22,-17,once,23783.029297,634.854187,0.051266,Binance,0.068823,,,,,,,,,,25.96,90.650002,1870.300049,3687.26001,12807.919922,24.23,,-1.01,47.02,5.833,-5963.0,108124.0,True
2021-01 duzeltme,duzeltme,2021-01-08,2020-12-23,-16,once,23241.345703,583.7146,0.020214,Binance,0.029732,,,,,,,,,,25.94,90.410004,1878.099976,3690.01001,12771.110352,23.309999,,-1.01,47.94,5.801,-5963.0,108124.0,True
2021-01 duzeltme,duzeltme,2021-01-08,2020-12-24,-15,once,23735.949219,611.607178,0.065744,Binance,0.04,,,,,,,,,,26.19,90.330002,1883.199951,3703.060059,12804.730469,21.530001,,-1.03,48.18,5.801,-5963.0,108124.0,True
2021-01 duzeltme,duzeltme,2021-01-08,2020-12-25,-14,once,24664.791016,626.410706,0.044905,Binance,0.020889,,,,,,,,,,26.49,90.330002,1883.199951,3703.060059,12804.730469,21.530001,,-1.03,48.18,5.801,-5963.0,108124.0,False
2021-01 duzeltme,duzeltme,2021-01-08,2020-12-26,-13,once,26437.037109,635.835815,0.056905,Binance,0.067063,,,,,,,,,,26.53,90.330002,1883.199951,3703.060059,12804.730469,21.530001,,-1.03,48.18,5.801,-5963.0,108124.0,False
2021-01 duzeltme,duzeltme,2021-01-08,2020-12-27,-12,once,26272.294922,682.642334,0.096632,Binance,0.11786,,,,,,,,,,26.55,90.330002,1883.199951,3703.060059,12804.730469,21.530001,,-1.03,48.18,5.801,-5963.0,108124.0,False
2021-01 duzeltme,duzeltme,2021-01-08,2020-12-28,-11,once,27084.808594,730.397339,0.150874,Binance,0.241656,,,,,,,,,,26.58,90.339996,1880.400024,3735.360107,12899.419922,21.700001,,-1.03,47.5,5.801,-5963.0,108124.0,True
2021-01 duzeltme,duzeltme,2021-01-08,2020-12-29,-10,once,27362.4375,731.520142,0.126537,Binance,0.203633,,,,,,,,,,26.83,90.010002,1882.900024,3727.040039,12850.219727,23.08,,-1.02,47.85,5.801,-4787.0,108995.0,True
2021-01 duzeltme,duzeltme,2021-01-08,2020-12-30,-9,once,28840.953125,751.618958,0.188695,Binance,0.221517,,,,,,,,,,26.89,89.629997,1893.400024,3732.040039,12870.0,22.77,,-1.03,48.24,5.772,-4787.0,108995.0,True
2021-01 duzeltme,duzeltme,2021-01-08,2020-12-31,-8,once,29001.720703,737.803406,0.150381,Binance,0.152031,,,,,,,,,,27.06,89.940002,1895.099976,3756.070068,12888.280273,22.75,,-1.06,48.35,5.772,-4787.0,108995.0,True
2021-01 duzeltme,duzeltme,2021-01-08,2021-01-01,-7,once,29374.152344,730.367554,0.093546,Binance,0.178007,,,,,,,,,,27.38,89.940002,1895.099976,3756.070068,12888.280273,22.75,,-1.06,48.35,5.772,-4787.0,108995.0,False
2021-01 duzeltme,duzeltme,2021-01-08,2021-01-02,-6,once,32127.267578,774.534973,0.135622,Binance,0.158419,,,,,,,,,,28.27,89.940002,1895.099976,3756.070068,12888.280273,22.75,,-1.06,48.35,5.772,-4787.0,108995.0,False
2021-01 duzeltme,duzeltme,2021-01-08,2021-01-03,-5,once,32782.023438,975.50769,0.557934,Binance,0.603455,,,,,,,,,,29.25,89.940002,1895.099976,3756.070068,12888.280273,22.75,,-1.06,48.35,5.772,-4787.0,108995.0,False
2021-01 duzeltme,duzeltme,2021-01-08,2021-01-04,-4,once,31971.914062,1040.233032,0.292619,Binance,0.460432,,,,,,,,,,29.42,89.879997,1946.599976,3700.649902,12698.450195,26.969999,,-1.08,47.47,5.772,-4787.0,108995.0,True
2021-01 duzeltme,duzeltme,2021-01-08,2021-01-05,-3,once,33992.429688,1100.006104,0.198408,Binance,0.248387,,,,,,,,,,29.28,89.440002,1954.400024,3726.860107,12818.959961,25.34,,-1.07,49.78,5.772,-5514.0,116569.0,True
2021-01 duzeltme,duzeltme,2021-01-08,2021-01-06,-2,once,36824.363281,1207.112183,0.486454,Binance,0.657956,,,,,,,,,,30.08,89.529999,1908.599976,3748.139893,12740.790039,25.07,,-1.02,50.45,5.665,-5514.0,116569.0,True
2021-01 duzeltme,duzeltme,2021-01-08,2021-01-07,-1,once,39371.042969,1225.678101,0.556418,Binance,0.628827,,,,,,,,,,31.13,89.830002,1913.599976,3803.790039,13067.480469,22.370001,,-1.01,50.63,5.665,-5514.0,116569.0,True
2021-01 duzeltme,duzeltme,2021-01-08,2021-01-08,0,olay_gunu,40797.609375,1224.197144,0.223936,Binance,0.214796,,,,,,,,,,31.21,90.099998,1835.400024,3824.679932,13201.980469,21.559999,,-0.93,52.14,5.665,-5514.0,116569.0,True
2021-01 duzeltme,duzeltme,2021-01-08,2021-01-09,1,sonra,40254.546875,1281.077271,0.422418,Binance,0.633732,,,,,,,,,,32.06,90.099998,1835.400024,3824.679932,13201.980469,21.559999,,-0.93,52.14,5.665,-5514.0,116569.0,False
2021-01 duzeltme,duzeltme,2021-01-08,2021-01-10,2,sonra,38356.441406,1262.246704,0.260106,Binance,0.506515,,,,,,,,,,32.34,90.099998,1835.400024,3824.679932,13201.980469,21.559999,,-0.93,52.14,5.665,-5514.0,116569.0,False
2021-01 duzeltme,duzeltme,2021-01-08,2021-01-11,3,sonra,35566.65625,1090.145386,0.168523,Binance,0.115931,,,,,,,,,,32.27,90.540001,1850.800049,3799.610107,13036.429688,24.08,,-0.91,52.15,5.665,-5514.0,116569.0,True
2021-01 duzeltme,duzeltme,2021-01-08,2021-01-12,4,sonra,33922.960938,1043.43457,0.1058,Binance,0.103143,,,,,,,,,,32.28,90.050003,1844.199951,3801.189941,13072.429688,23.33,,-0.93,53.08,5.665,-5495.0,78234.0,True
2021-01 duzeltme,duzeltme,2021-01-08,2021-01-13,5,sonra,37316.359375,1130.73938,0.186219,Binance,0.144479,,,,,,,,,,32.57,90.32,1854.900024,3809.840088,13128.950195,22.209999,,-0.96,52.81,5.745,-5495.0,78234.0,True
2021-01 duzeltme,duzeltme,2021-01-08,2021-01-14,6,sonra,39187.328125,1218.453003,0.14113,Binance,0.12394,,,,,,,,,,32.64,90.239998,1851.400024,3795.540039,13112.639648,23.25,,-0.94,53.47,5.745,-5495.0,78234.0,True
2021-01 duzeltme,duzeltme,2021-01-08,2021-01-15,7,sonra,36825.367188,1171.834595,0.248296,Binance,0.185199,,,,,,,,,,32.64,90.779999,1829.900024,3768.25,12998.5,24.34,,-0.99,52.25,5.745,-5495.0,78234.0,True
2021-01 duzeltme,duzeltme,2021-01-08,2021-01-16,8,sonra,36178.140625,1233.537598,0.101069,Binance,0.20686,,,,,,,,,,32.79,90.779999,1829.900024,3768.25,12998.5,24.34,,-0.99,52.25,5.745,-5495.0,78234.0,False
2021-01 duzeltme,duzeltme,2021-01-08,2021-01-17,9,sonra,35791.277344,1230.172241,0.12876,Binance,0.316735,,,,,,,,,,33.01,90.779999,1829.900024,3768.25,12998.5,24.34,,-0.99,52.25,5.745,-5495.0,78234.0,False
2021-01 duzeltme,duzeltme,2021-01-08,2021-01-18,10,sonra,36630.074219,1257.279541,0.214541,Binance,0.259337,,,,,,,,,,32.99,90.779999,1829.900024,3768.25,12998.5,24.34,,-0.99,52.25,5.745,-5495.0,78234.0,False
2021-01 duzeltme,duzeltme,2021-01-08,2021-01-19,11,sonra,36069.804688,1377.295898,0.298557,Binance,0.397586,,,,,,,,,,33.54,90.5,1840.199951,3798.909912,13197.179688,23.24,,-1.0,52.87,5.745,-5208.0,78071.0,True
2021-01 duzeltme,duzeltme,2021-01-08,2021-01-20,12,sonra,35547.75,1382.274048,0.164705,Binance,0.310077,,,,,,,,,,33.59,90.470001,1866.5,3851.850098,13457.25,21.58,,-1.02,53.16,5.786,-5208.0,78071.0,True
2021-01 duzeltme,duzeltme,2021-01-08,2021-01-21,13,sonra,30825.699219,1121.570923,0.074946,Binance,0.1033,,,,,,,,,,33.77,90.129997,1865.900024,3853.070068,13530.910156,21.32,,-0.98,53.0,5.786,-5208.0,78071.0,True
2021-01 duzeltme,duzeltme,2021-01-08,2021-01-22,14,sonra,33005.761719,1236.512207,0.04,Binance,0.062419,,,,,,,,,,33.82,90.239998,1856.199951,3841.469971,13543.05957,21.91,,-0.99,52.28,5.786,-5208.0,78071.0,True
2021-01 duzeltme,duzeltme,2021-01-08,2021-01-23,15,sonra,32067.642578,1230.990601,0.022182,Binance,0.048978,,,,,,,,,,34.07,90.239998,1856.199951,3841.469971,13543.05957,21.91,,-0.99,52.28,5.786,-5208.0,78071.0,False
2021-01 duzeltme,duzeltme,2021-01-08,2021-01-24,16,sonra,32289.378906,1391.609375,0.065756,Binance,0.246076,,,,,,,,,,34.12,90.239998,1856.199951,3841.469971,13543.05957,21.91,,-0.99,52.28,5.786,-5208.0,78071.0,False
2021-01 duzeltme,duzeltme,2021-01-08,2021-01-25,17,sonra,32366.392578,1324.414795,0.104667,Binance,0.249741,,,,,,,,,,34.28,90.389999,1855.199951,3855.360107,13635.990234,23.190001,,-1.03,52.78,5.786,-5208.0,78071.0,True
2021-01 duzeltme,duzeltme,2021-01-08,2021-01-26,18,sonra,32569.849609,1357.058105,0.043506,Binance,0.11233,,,,,,,,,,34.22,90.169998,1850.900024,3849.620117,13626.05957,23.02,,-1.03,52.61,5.786,-4386.0,96399.0,True
2021-01 duzeltme,duzeltme,2021-01-08,2021-01-27,19,sonra,30432.546875,1253.187134,0.03,Binance,0.034794,,,,,,,,,,34.73,90.650002,1844.900024,3750.77002,13270.599609,37.209999,,-1.04,52.81,5.77,-4386.0,96399.0,True
2021-01 duzeltme,duzeltme,2021-01-08,2021-01-28,20,sonra,33466.097656,1332.492188,0.032262,Binance,0.066884,,,,,,,,,,35.42,90.459999,1837.900024,3787.379883,13337.160156,30.209999,,-1.06,52.26,5.77,-4386.0,96399.0,True
2021-01 duzeltme,duzeltme,2021-01-08,2021-01-29,21,sonra,34316.386719,1382.522827,0.2808,Binance,0.509675,,,,,,,,,,36.04,90.580002,1847.300049,3714.23999,13070.69043,33.09,,-1.02,52.16,5.77,-4386.0,96399.0,True
2021-01 duzeltme,duzeltme,2021-01-08,2021-01-30,22,sonra,34269.523438,1376.115479,0.085628,Binance,0.110659,,,,,,,,,,36.55,90.580002,1847.300049,3714.23999,13070.69043,33.09,,-1.02,52.16,5.77,-4386.0,96399.0,False
2021-01 duzeltme,duzeltme,2021-01-08,2021-01-31,23,sonra,33114.359375,1314.986206,0.145295,Binance,0.300844,,,,,,,,,,36.63,90.580002,1847.300049,3714.23999,13070.69043,33.09,,-1.02,52.16,5.77,-4386.0,96399.0,False
2021-01 duzeltme,duzeltme,2021-01-08,2021-02-01,24,sonra,33537.175781,1369.040527,0.155128,Binance,0.192441,,,,,,,,,,37.17,91.019997,1863.900024,3773.860107,13403.389648,30.24,,-1.02,53.55,5.77,-4386.0,96399.0,True
2021-01 duzeltme,duzeltme,2021-01-08,2021-02-02,25,sonra,35510.289062,1515.193726,0.166459,Binance,0.286645,,,,,,,,,,37.09,91.199997,1833.400024,3826.310059,13612.780273,25.559999,,-1.03,54.77,5.77,-4193.0,87778.0,True
2021-01 duzeltme,duzeltme,2021-01-08,2021-02-03,26,sonra,37472.089844,1660.909546,0.233389,Binance,0.47538,,,,,,,,,,35.66,91.120003,1835.099976,3830.169922,13610.540039,22.91,,-1.04,55.67,5.785,-4193.0,87778.0,True
2021-01 duzeltme,duzeltme,2021-01-08,2021-02-04,27,sonra,36926.066406,1594.762695,0.165285,Binance,0.42663,,,,,,,,,,38.24,91.529999,1791.199951,3871.73999,13777.740234,21.77,,-1.02,56.19,5.785,-4193.0,87778.0,True
2021-01 duzeltme,duzeltme,2021-01-08,2021-02-05,28,sonra,38144.308594,1718.650879,0.230627,Binance,0.445631,,,,,,,,,,38.77,91.040001,1813.0,3886.830078,13856.299805,20.870001,,-1.02,56.8,5.785,-4193.0,87778.0,True
2021-01 duzeltme,duzeltme,2021-01-08,2021-02-06,29,sonra,39266.011719,1677.846802,0.362526,Binance,0.539208,,,,,,,,,,39.98,91.040001,1813.0,3886.830078,13856.299805,20.870001,,-1.02,56.8,5.785,-4193.0,87778.0,False
2021-01 duzeltme,duzeltme,2021-01-08,2021-02-07,30,sonra,38903.441406,1614.227783,0.230594,Binance,0.126866,,,,,,,,,,40.08,91.040001,1813.0,3886.830078,13856.299805,20.870001,,-1.02,56.8,5.785,-4193.0,87778.0,False
2021-02 duzeltme,duzeltme,2021-02-21,2021-01-22,-30,once,33005.761719,1236.512207,0.04,Binance,0.062419,,,,,,,,,,33.82,90.239998,1856.199951,3841.469971,13543.05957,21.91,,-0.99,52.28,5.786,-5208.0,78071.0,True
2021-02 duzeltme,duzeltme,2021-02-21,2021-01-23,-29,once,32067.642578,1230.990601,0.022182,Binance,0.048978,,,,,,,,,,34.07,90.239998,1856.199951,3841.469971,13543.05957,21.91,,-0.99,52.28,5.786,-5208.0,78071.0,False
2021-02 duzeltme,duzeltme,2021-02-21,2021-01-24,-28,once,32289.378906,1391.609375,0.065756,Binance,0.246076,,,,,,,,,,34.12,90.239998,1856.199951,3841.469971,13543.05957,21.91,,-0.99,52.28,5.786,-5208.0,78071.0,False
2021-02 duzeltme,duzeltme,2021-02-21,2021-01-25,-27,once,32366.392578,1324.414795,0.104667,Binance,0.249741,,,,,,,,,,34.28,90.389999,1855.199951,3855.360107,13635.990234,23.190001,,-1.03,52.78,5.786,-5208.0,78071.0,True
2021-02 duzeltme,duzeltme,2021-02-21,2021-01-26,-26,once,32569.849609,1357.058105,0.043506,Binance,0.11233,,,,,,,,,,34.22,90.169998,1850.900024,3849.620117,13626.05957,23.02,,-1.03,52.61,5.786,-4386.0,96399.0,True
2021-02 duzeltme,duzeltme,2021-02-21,2021-01-27,-25,once,30432.546875,1253.187134,0.03,Binance,0.034794,,,,,,,,,,34.73,90.650002,1844.900024,3750.77002,13270.599609,37.209999,,-1.04,52.81,5.77,-4386.0,96399.0,True
2021-02 duzeltme,duzeltme,2021-02-21,2021-01-28,-24,once,33466.097656,1332.492188,0.032262,Binance,0.066884,,,,,,,,,,35.42,90.459999,1837.900024,3787.379883,13337.160156,30.209999,,-1.06,52.26,5.77,-4386.0,96399.0,True
2021-02 duzeltme,duzeltme,2021-02-21,2021-01-29,-23,once,34316.386719,1382.522827,0.2808,Binance,0.509675,,,,,,,,,,36.04,90.580002,1847.300049,3714.23999,13070.69043,33.09,,-1.02,52.16,5.77,-4386.0,96399.0,True
2021-02 duzeltme,duzeltme,2021-02-21,2021-01-30,-22,once,34269.523438,1376.115479,0.085628,Binance,0.110659,,,,,,,,,,36.55,90.580002,1847.300049,3714.23999,13070.69043,33.09,,-1.02,52.16,5.77,-4386.0,96399.0,False
2021-02 duzeltme,duzeltme,2021-02-21,2021-01-31,-21,once,33114.359375,1314.986206,0.145295,Binance,0.300844,,,,,,,,,,36.63,90.580002,1847.300049,3714.23999,13070.69043,33.09,,-1.02,52.16,5.77,-4386.0,96399.0,False
2021-02 duzeltme,duzeltme,2021-02-21,2021-02-01,-20,once,33537.175781,1369.040527,0.155128,Binance,0.192441,,,,,,,,,,37.17,91.019997,1863.900024,3773.860107,13403.389648,30.24,,-1.02,53.55,5.77,-4386.0,96399.0,True
2021-02 duzeltme,duzeltme,2021-02-21,2021-02-02,-19,once,35510.289062,1515.193726,0.166459,Binance,0.286645,,,,,,,,,,37.09,91.199997,1833.400024,3826.310059,13612.780273,25.559999,,-1.03,54.77,5.77,-4193.0,87778.0,True
2021-02 duzeltme,duzeltme,2021-02-21,2021-02-03,-18,once,37472.089844,1660.909546,0.233389,Binance,0.47538,,,,,,,,,,35.66,91.120003,1835.099976,3830.169922,13610.540039,22.91,,-1.04,55.67,5.785,-4193.0,87778.0,True
2021-02 duzeltme,duzeltme,2021-02-21,2021-02-04,-17,once,36926.066406,1594.762695,0.165285,Binance,0.42663,,,,,,,,,,38.24,91.529999,1791.199951,3871.73999,13777.740234,21.77,,-1.02,56.19,5.785,-4193.0,87778.0,True
2021-02 duzeltme,duzeltme,2021-02-21,2021-02-05,-16,once,38144.308594,1718.650879,0.230627,Binance,0.445631,,,,,,,,,,38.77,91.040001,1813.0,3886.830078,13856.299805,20.870001,,-1.02,56.8,5.785,-4193.0,87778.0,True
2021-02 duzeltme,duzeltme,2021-02-21,2021-02-06,-15,once,39266.011719,1677.846802,0.362526,Binance,0.539208,,,,,,,,,,39.98,91.040001,1813.0,3886.830078,13856.299805,20.870001,,-1.02,56.8,5.785,-4193.0,87778.0,False
2021-02 duzeltme,duzeltme,2021-02-21,2021-02-07,-14,once,38903.441406,1614.227783,0.230594,Binance,0.126866,,,,,,,,,,40.08,91.040001,1813.0,3886.830078,13856.299805,20.870001,,-1.02,56.8,5.785,-4193.0,87778.0,False
2021-02 duzeltme,duzeltme,2021-02-21,2021-02-08,-13,once,46196.464844,1746.616821,0.30688,Binance,0.324285,,,,,,,,,,41.49,90.93,1834.199951,3915.590088,13987.639648,21.24,,-1.03,57.95,5.785,-4193.0,87778.0,True
2021-02 duzeltme,duzeltme,2021-02-21,2021-02-09,-12,once,46481.105469,1768.035034,0.478857,Binance,0.564097,,,,,,,,,,41.83,90.440002,1837.5,3911.22998,14007.700195,21.629999,,-1.04,58.34,5.785,-5332.0,87640.0,True
2021-02 duzeltme,duzeltme,2021-02-21,2021-02-10,-11,once,44918.183594,1744.243408,0.488802,Binance,0.531889,,,,,,,,,,43.06,90.370003,1842.699951,3909.879883,13972.530273,21.99,,-1.06,58.69,5.833,-5332.0,87640.0,True
2021-02 duzeltme,duzeltme,2021-02-21,2021-02-11,-10,once,47909.332031,1783.797974,0.385952,Binance,0.338639,,,,,,,,,,43.41,90.419998,1826.800049,3916.379883,14025.769531,21.25,,-1.04,58.22,5.833,-5332.0,87640.0,True
2021-02 duzeltme,duzeltme,2021-02-21,2021-02-12,-9,once,47504.851562,1843.532593,0.231163,Binance,0.204368,,,,,,,,,,43.64,90.480003,1823.199951,3934.830078,14095.469727,19.969999,,-1.01,59.5,5.833,-5332.0,87640.0,True
2021-02 duzeltme,duzeltme,2021-02-21,2021-02-13,-8,once,47105.515625,1814.109863,0.357554,Binance,0.49604,,,,,,,,,,44.81,90.480003,1823.199951,3934.830078,14095.469727,19.969999,,-1.01,59.5,5.833,-5332.0,87640.0,False
2021-02 duzeltme,duzeltme,2021-02-21,2021-02-14,-7,once,48717.289062,1805.084106,0.498582,Binance,0.491327,,,,,,,,,,45.27,90.480003,1823.199951,3934.830078,14095.469727,19.969999,,-1.01,59.5,5.833,-5332.0,87640.0,False
2021-02 duzeltme,duzeltme,2021-02-21,2021-02-15,-6,once,47945.058594,1779.791016,0.10875,Binance,0.094973,,,,,,,,,,45.32,90.480003,1823.199951,3934.830078,14095.469727,19.969999,,-1.01,59.5,5.833,-5332.0,87640.0,False
2021-02 duzeltme,duzeltme,2021-02-21,2021-02-16,-5,once,49199.871094,1781.067505,0.364964,Binance,0.331863,,,,,,,,,,45.78,90.510002,1799.0,3932.590088,14047.5,21.459999,,-0.94,60.07,5.833,-5449.0,67956.0,True
2021-02 duzeltme,duzeltme,2021-02-21,2021-02-17,-4,once,52149.007812,1848.458252,0.344614,Binance,0.431126,,,,,,,,,,46.68,90.949997,1772.800049,3931.330078,13965.490234,21.5,,-0.92,61.09,5.99,-5449.0,67956.0,True
2021-02 duzeltme,duzeltme,2021-02-21,2021-02-18,-3,once,51679.796875,1937.449219,0.412394,Binance,0.516012,,,,,,,,,,46.84,90.589996,1775.0,3913.969971,13865.360352,22.49,,-0.87,60.4,5.99,-5449.0,67956.0,True
2021-02 duzeltme,duzeltme,2021-02-21,2021-02-19,-2,once,55888.132812,1960.164795,0.46089,Binance,0.587111,,,,,,,,,,47.47,90.360001,1777.400024,3906.709961,13874.459961,22.049999,,-0.8,59.12,5.99,-5449.0,67956.0,True
2021-02 duzeltme,duzeltme,2021-02-21,2021-02-20,-1,once,56099.519531,1919.534058,0.239,Binance,0.375721,,,,,,,,,,49.11,90.360001,1777.400024,3906.709961,13874.459961,22.049999,,-0.8,59.12,5.99,-5449.0,67956.0,False
2021-02 duzeltme,duzeltme,2021-02-21,2021-02-21,0,olay_gunu,57539.945312,1935.601074,0.325199,Binance,0.202299,,,,,,,,,,49.57,90.360001,1777.400024,3906.709961,13874.459961,22.049999,,-0.8,59.12,5.99,-5449.0,67956.0,False
2021-02 duzeltme,duzeltme,2021-02-21,2021-02-22,1,sonra,54207.320312,1781.99292,0.311642,Binance,0.169548,,,,,,,,,,49.56,90.010002,1808.400024,3876.5,13533.049805,23.450001,,-0.79,61.67,5.99,-5449.0,67956.0,True
2021-02 duzeltme,duzeltme,2021-02-21,2021-02-23,2,sonra,48824.425781,1570.203979,0.042901,Binance,0.036168,,,,,,,,,,50.0,90.169998,1805.900024,3881.370117,13465.200195,23.110001,,-0.79,61.66,5.99,-5006.0,69123.0,True
2021-02 duzeltme,duzeltme,2021-02-21,2021-02-24,3,sonra,49705.332031,1626.575684,0.09908,Binance,0.081524,,,,,,,,,,50.0,90.18,1797.900024,3925.429932,13597.969727,21.34,,-0.79,63.21,6.06,-5006.0,69123.0,True
2021-02 duzeltme,duzeltme,2021-02-21,2021-02-25,4,sonra,47093.851562,1475.703735,0.080006,Binance,0.082948,,,,,,,,,,50.56,90.129997,1775.400024,3829.340088,13119.429688,28.889999,,-0.6,63.43,6.06,-5006.0,69123.0,True
2021-02 duzeltme,duzeltme,2021-02-21,2021-02-26,5,sonra,46339.761719,1446.033691,0.02,Binance,0.052588,,,,,,,,,,50.34,90.93,1728.800049,3811.149902,13192.349609,27.950001,,-0.71,61.55,6.06,-5006.0,69123.0,True
2021-02 duzeltme,duzeltme,2021-02-21,2021-02-27,6,sonra,46188.453125,1459.973145,0.084772,Binance,0.090141,,,,,,,,,,51.07,90.93,1728.800049,3811.149902,13192.349609,27.950001,,-0.71,61.55,6.06,-5006.0,69123.0,False
2021-02 duzeltme,duzeltme,2021-02-21,2021-02-28,7,sonra,45137.769531,1416.04895,0.074627,Binance,0.04,,,,,,,,,,50.75,90.93,1728.800049,3811.149902,13192.349609,27.950001,,-0.71,61.55,6.06,-5006.0,69123.0,False
2021-02 duzeltme,duzeltme,2021-02-21,2021-03-01,8,sonra,49631.242188,1564.707642,0.03,Binance,0.132084,,,,,,,,,,52.11,91.040001,1723.0,3901.820068,13588.830078,23.35,,-0.71,60.54,6.06,-5006.0,69123.0,True
2021-02 duzeltme,duzeltme,2021-02-21,2021-03-02,9,sonra,48378.988281,1492.608765,0.03,Binance,0.084867,,,,,,,,,,52.52,90.790001,1733.599976,3870.290039,13358.790039,24.1,,-0.78,59.7,6.06,-3806.0,45960.0,True
2021-02 duzeltme,duzeltme,2021-02-21,2021-03-03,10,sonra,50538.242188,1575.853149,0.065078,Binance,0.144643,,,,,,,,,,54.03,90.949997,1715.800049,3819.719971,12997.75,26.67,,-0.74,61.33,6.127,-3806.0,45960.0,True
2021-02 duzeltme,duzeltme,2021-02-21,2021-03-04,11,sonra,48561.167969,1541.914307,0.03,Binance,0.073873,,,,,,,,,,53.44,91.629997,1700.699951,3768.469971,12723.469727,28.57,,-0.66,63.81,6.127,-3806.0,45960.0,True
2021-02 duzeltme,duzeltme,2021-02-21,2021-03-05,12,sonra,48927.304688,1533.275024,0.03,Binance,0.064037,,,,,,,,,,53.89,91.980003,1698.5,3841.939941,12920.150391,24.66,,-0.66,66.08,6.127,-3806.0,45960.0,True
2021-02 duzeltme,duzeltme,2021-02-21,2021-03-06,13,sonra,48912.382812,1654.741577,0.02,Binance,0.090403,,,,,,,,,,54.05,91.980003,1698.5,3841.939941,12920.150391,24.66,,-0.66,66.08,6.127,-3806.0,45960.0,False
2021-02 duzeltme,duzeltme,2021-02-21,2021-03-07,14,sonra,51206.691406,1723.153809,0.047606,Binance,0.15783,,,,,,,,,,54.36,91.980003,1698.5,3841.939941,12920.150391,24.66,,-0.66,66.08,6.127,-3806.0,45960.0,False
2021-02 duzeltme,duzeltme,2021-02-21,2021-03-08,15,sonra,52246.523438,1834.727905,0.107176,Binance,0.115943,,,,,,,,,,54.36,92.309998,1678.0,3821.350098,12609.160156,25.469999,,-0.62,65.03,6.127,-3806.0,45960.0,True
2021-02 duzeltme,duzeltme,2021-02-21,2021-03-09,16,sonra,54824.117188,1868.048828,0.099014,Binance,0.186947,,,,,,,,,,54.1,91.959999,1716.900024,3875.439941,13073.820312,24.030001,,-0.66,64.02,6.127,-4093.0,29430.0,True
2021-02 duzeltme,duzeltme,2021-02-21,2021-03-10,17,sonra,56008.550781,1799.16626,0.225776,Binance,0.294999,,,,,,,,,,55.43,91.790001,1721.800049,3898.810059,13068.830078,22.559999,,-0.73,64.45,6.22,-4093.0,29430.0,True
2021-02 duzeltme,duzeltme,2021-02-21,2021-03-11,18,sonra,57805.121094,1826.194946,0.184744,Binance,0.114923,,,,,,,,,,55.7,91.419998,1722.599976,3939.340088,13398.669922,21.91,,-0.74,66.02,6.22,-4093.0,29430.0,True
2021-02 duzeltme,duzeltme,2021-02-21,2021-03-12,19,sonra,57332.089844,1772.102417,0.268182,Binance,0.269698,,,,,,,,,,56.02,91.68,1719.800049,3943.340088,13319.860352,20.690001,,-0.62,65.59,6.22,-4093.0,29430.0,True
2021-02 duzeltme,duzeltme,2021-02-21,2021-03-13,20,sonra,61243.085938,1924.685425,0.117681,Binance,0.19517,,,,,,,,,,56.42,91.68,1719.800049,3943.340088,13319.860352,20.690001,,-0.62,65.59,6.22,-4093.0,29430.0,False
2021-02 duzeltme,duzeltme,2021-02-21,2021-03-14,21,sonra,59302.316406,1854.564331,0.28149,Binance,0.330879,,,,,,,,,,56.46,91.68,1719.800049,3943.340088,13319.860352,20.690001,,-0.62,65.59,6.22,-4093.0,29430.0,False
2021-02 duzeltme,duzeltme,2021-02-21,2021-03-15,22,sonra,55907.199219,1791.702271,0.202996,Binance,0.171886,,,,,,,,,,57.5,91.830002,1729.199951,3968.939941,13459.709961,20.030001,,-0.65,65.36,6.22,-4093.0,29430.0,True
2021-02 duzeltme,duzeltme,2021-02-21,2021-03-16,23,sonra,56804.902344,1806.971802,0.099108,Binance,0.095321,,,,,,,,,,58.21,91.870003,1730.900024,3962.709961,13471.570312,19.790001,,-0.68,64.82,6.22,-4657.0,41121.0,True
2021-02 duzeltme,duzeltme,2021-02-21,2021-03-17,24,sonra,58870.894531,1823.449341,0.079176,Binance,0.131004,,,,,,,,,,58.35,91.400002,1727.099976,3974.120117,13525.200195,19.23,,-0.67,64.55,6.421,-4657.0,41121.0,True
2021-02 duzeltme,duzeltme,2021-02-21,2021-03-18,25,sonra,57858.921875,1782.855103,0.092071,Binance,0.20534,,,,,,,,,,58.67,91.849998,1732.5,3915.459961,13116.169922,21.58,,-0.56,59.95,6.421,-4657.0,41121.0,True
2021-02 duzeltme,duzeltme,2021-02-21,2021-03-19,26,sonra,58346.652344,1817.624146,0.127433,Binance,0.119573,,,,,,,,,,58.96,91.919998,1741.699951,3913.100098,13215.240234,20.950001,,-0.57,61.43,6.421,-4657.0,41121.0,True
2021-02 duzeltme,duzeltme,2021-02-21,2021-03-20,27,sonra,58313.644531,1812.634644,0.124754,Binance,0.22201,,,,,,,,,,59.21,91.919998,1741.699951,3913.100098,13215.240234,20.950001,,-0.57,61.43,6.421,-4657.0,41121.0,False
2021-02 duzeltme,duzeltme,2021-02-21,2021-03-21,28,sonra,57523.421875,1788.217041,0.052375,Binance,0.029064,,,,,,,,,,60.28,91.919998,1741.699951,3913.100098,13215.240234,20.950001,,-0.57,61.43,6.421,-4657.0,41121.0,False
2021-02 duzeltme,duzeltme,2021-02-21,2021-03-22,29,sonra,54529.144531,1691.333984,0.170668,Binance,0.151372,,,,,,,,,,60.48,91.800003,1738.099976,3940.590088,13377.540039,18.879999,,-0.64,61.48,6.421,-4657.0,41121.0,True
2021-02 duzeltme,duzeltme,2021-02-21,2021-03-23,30,sonra,54738.945312,1678.650146,0.068864,Binance,0.052989,,,,,,,,,,60.71,92.339996,1725.099976,3910.52002,13227.700195,20.299999,,-0.66,57.75,6.421,-4592.0,43521.0,True
2021-03 duzeltme,duzeltme,2021-03-13,2021-02-11,-30,once,47909.332031,1783.797974,0.385952,Binance,0.338639,,,,,,,,,,43.41,90.419998,1826.800049,3916.379883,14025.769531,21.25,,-1.04,58.22,5.833,-5332.0,87640.0,True
2021-03 duzeltme,duzeltme,2021-03-13,2021-02-12,-29,once,47504.851562,1843.532593,0.231163,Binance,0.204368,,,,,,,,,,43.64,90.480003,1823.199951,3934.830078,14095.469727,19.969999,,-1.01,59.5,5.833,-5332.0,87640.0,True
2021-03 duzeltme,duzeltme,2021-03-13,2021-02-13,-28,once,47105.515625,1814.109863,0.357554,Binance,0.49604,,,,,,,,,,44.81,90.480003,1823.199951,3934.830078,14095.469727,19.969999,,-1.01,59.5,5.833,-5332.0,87640.0,False
2021-03 duzeltme,duzeltme,2021-03-13,2021-02-14,-27,once,48717.289062,1805.084106,0.498582,Binance,0.491327,,,,,,,,,,45.27,90.480003,1823.199951,3934.830078,14095.469727,19.969999,,-1.01,59.5,5.833,-5332.0,87640.0,False
2021-03 duzeltme,duzeltme,2021-03-13,2021-02-15,-26,once,47945.058594,1779.791016,0.10875,Binance,0.094973,,,,,,,,,,45.32,90.480003,1823.199951,3934.830078,14095.469727,19.969999,,-1.01,59.5,5.833,-5332.0,87640.0,False
2021-03 duzeltme,duzeltme,2021-03-13,2021-02-16,-25,once,49199.871094,1781.067505,0.364964,Binance,0.331863,,,,,,,,,,45.78,90.510002,1799.0,3932.590088,14047.5,21.459999,,-0.94,60.07,5.833,-5449.0,67956.0,True
2021-03 duzeltme,duzeltme,2021-03-13,2021-02-17,-24,once,52149.007812,1848.458252,0.344614,Binance,0.431126,,,,,,,,,,46.68,90.949997,1772.800049,3931.330078,13965.490234,21.5,,-0.92,61.09,5.99,-5449.0,67956.0,True
2021-03 duzeltme,duzeltme,2021-03-13,2021-02-18,-23,once,51679.796875,1937.449219,0.412394,Binance,0.516012,,,,,,,,,,46.84,90.589996,1775.0,3913.969971,13865.360352,22.49,,-0.87,60.4,5.99,-5449.0,67956.0,True
2021-03 duzeltme,duzeltme,2021-03-13,2021-02-19,-22,once,55888.132812,1960.164795,0.46089,Binance,0.587111,,,,,,,,,,47.47,90.360001,1777.400024,3906.709961,13874.459961,22.049999,,-0.8,59.12,5.99,-5449.0,67956.0,True
2021-03 duzeltme,duzeltme,2021-03-13,2021-02-20,-21,once,56099.519531,1919.534058,0.239,Binance,0.375721,,,,,,,,,,49.11,90.360001,1777.400024,3906.709961,13874.459961,22.049999,,-0.8,59.12,5.99,-5449.0,67956.0,False
2021-03 duzeltme,duzeltme,2021-03-13,2021-02-21,-20,once,57539.945312,1935.601074,0.325199,Binance,0.202299,,,,,,,,,,49.57,90.360001,1777.400024,3906.709961,13874.459961,22.049999,,-0.8,59.12,5.99,-5449.0,67956.0,False
2021-03 duzeltme,duzeltme,2021-03-13,2021-02-22,-19,once,54207.320312,1781.99292,0.311642,Binance,0.169548,,,,,,,,,,49.56,90.010002,1808.400024,3876.5,13533.049805,23.450001,,-0.79,61.67,5.99,-5449.0,67956.0,True
2021-03 duzeltme,duzeltme,2021-03-13,2021-02-23,-18,once,48824.425781,1570.203979,0.042901,Binance,0.036168,,,,,,,,,,50.0,90.169998,1805.900024,3881.370117,13465.200195,23.110001,,-0.79,61.66,5.99,-5006.0,69123.0,True
2021-03 duzeltme,duzeltme,2021-03-13,2021-02-24,-17,once,49705.332031,1626.575684,0.09908,Binance,0.081524,,,,,,,,,,50.0,90.18,1797.900024,3925.429932,13597.969727,21.34,,-0.79,63.21,6.06,-5006.0,69123.0,True
2021-03 duzeltme,duzeltme,2021-03-13,2021-02-25,-16,once,47093.851562,1475.703735,0.080006,Binance,0.082948,,,,,,,,,,50.56,90.129997,1775.400024,3829.340088,13119.429688,28.889999,,-0.6,63.43,6.06,-5006.0,69123.0,True
2021-03 duzeltme,duzeltme,2021-03-13,2021-02-26,-15,once,46339.761719,1446.033691,0.02,Binance,0.052588,,,,,,,,,,50.34,90.93,1728.800049,3811.149902,13192.349609,27.950001,,-0.71,61.55,6.06,-5006.0,69123.0,True
2021-03 duzeltme,duzeltme,2021-03-13,2021-02-27,-14,once,46188.453125,1459.973145,0.084772,Binance,0.090141,,,,,,,,,,51.07,90.93,1728.800049,3811.149902,13192.349609,27.950001,,-0.71,61.55,6.06,-5006.0,69123.0,False
2021-03 duzeltme,duzeltme,2021-03-13,2021-02-28,-13,once,45137.769531,1416.04895,0.074627,Binance,0.04,,,,,,,,,,50.75,90.93,1728.800049,3811.149902,13192.349609,27.950001,,-0.71,61.55,6.06,-5006.0,69123.0,False
2021-03 duzeltme,duzeltme,2021-03-13,2021-03-01,-12,once,49631.242188,1564.707642,0.03,Binance,0.132084,,,,,,,,,,52.11,91.040001,1723.0,3901.820068,13588.830078,23.35,,-0.71,60.54,6.06,-5006.0,69123.0,True
2021-03 duzeltme,duzeltme,2021-03-13,2021-03-02,-11,once,48378.988281,1492.608765,0.03,Binance,0.084867,,,,,,,,,,52.52,90.790001,1733.599976,3870.290039,13358.790039,24.1,,-0.78,59.7,6.06,-3806.0,45960.0,True
2021-03 duzeltme,duzeltme,2021-03-13,2021-03-03,-10,once,50538.242188,1575.853149,0.065078,Binance,0.144643,,,,,,,,,,54.03,90.949997,1715.800049,3819.719971,12997.75,26.67,,-0.74,61.33,6.127,-3806.0,45960.0,True
2021-03 duzeltme,duzeltme,2021-03-13,2021-03-04,-9,once,48561.167969,1541.914307,0.03,Binance,0.073873,,,,,,,,,,53.44,91.629997,1700.699951,3768.469971,12723.469727,28.57,,-0.66,63.81,6.127,-3806.0,45960.0,True
2021-03 duzeltme,duzeltme,2021-03-13,2021-03-05,-8,once,48927.304688,1533.275024,0.03,Binance,0.064037,,,,,,,,,,53.89,91.980003,1698.5,3841.939941,12920.150391,24.66,,-0.66,66.08,6.127,-3806.0,45960.0,True
2021-03 duzeltme,duzeltme,2021-03-13,2021-03-06,-7,once,48912.382812,1654.741577,0.02,Binance,0.090403,,,,,,,,,,54.05,91.980003,1698.5,3841.939941,12920.150391,24.66,,-0.66,66.08,6.127,-3806.0,45960.0,False
2021-03 duzeltme,duzeltme,2021-03-13,2021-03-07,-6,once,51206.691406,1723.153809,0.047606,Binance,0.15783,,,,,,,,,,54.36,91.980003,1698.5,3841.939941,12920.150391,24.66,,-0.66,66.08,6.127,-3806.0,45960.0,False
2021-03 duzeltme,duzeltme,2021-03-13,2021-03-08,-5,once,52246.523438,1834.727905,0.107176,Binance,0.115943,,,,,,,,,,54.36,92.309998,1678.0,3821.350098,12609.160156,25.469999,,-0.62,65.03,6.127,-3806.0,45960.0,True
2021-03 duzeltme,duzeltme,2021-03-13,2021-03-09,-4,once,54824.117188,1868.048828,0.099014,Binance,0.186947,,,,,,,,,,54.1,91.959999,1716.900024,3875.439941,13073.820312,24.030001,,-0.66,64.02,6.127,-4093.0,29430.0,True
2021-03 duzeltme,duzeltme,2021-03-13,2021-03-10,-3,once,56008.550781,1799.16626,0.225776,Binance,0.294999,,,,,,,,,,55.43,91.790001,1721.800049,3898.810059,13068.830078,22.559999,,-0.73,64.45,6.22,-4093.0,29430.0,True
2021-03 duzeltme,duzeltme,2021-03-13,2021-03-11,-2,once,57805.121094,1826.194946,0.184744,Binance,0.114923,,,,,,,,,,55.7,91.419998,1722.599976,3939.340088,13398.669922,21.91,,-0.74,66.02,6.22,-4093.0,29430.0,True
2021-03 duzeltme,duzeltme,2021-03-13,2021-03-12,-1,once,57332.089844,1772.102417,0.268182,Binance,0.269698,,,,,,,,,,56.02,91.68,1719.800049,3943.340088,13319.860352,20.690001,,-0.62,65.59,6.22,-4093.0,29430.0,True
2021-03 duzeltme,duzeltme,2021-03-13,2021-03-13,0,olay_gunu,61243.085938,1924.685425,0.117681,Binance,0.19517,,,,,,,,,,56.42,91.68,1719.800049,3943.340088,13319.860352,20.690001,,-0.62,65.59,6.22,-4093.0,29430.0,False
2021-03 duzeltme,duzeltme,2021-03-13,2021-03-14,1,sonra,59302.316406,1854.564331,0.28149,Binance,0.330879,,,,,,,,,,56.46,91.68,1719.800049,3943.340088,13319.860352,20.690001,,-0.62,65.59,6.22,-4093.0,29430.0,False
2021-03 duzeltme,duzeltme,2021-03-13,2021-03-15,2,sonra,55907.199219,1791.702271,0.202996,Binance,0.171886,,,,,,,,,,57.5,91.830002,1729.199951,3968.939941,13459.709961,20.030001,,-0.65,65.36,6.22,-4093.0,29430.0,True
2021-03 duzeltme,duzeltme,2021-03-13,2021-03-16,3,sonra,56804.902344,1806.971802,0.099108,Binance,0.095321,,,,,,,,,,58.21,91.870003,1730.900024,3962.709961,13471.570312,19.790001,,-0.68,64.82,6.22,-4657.0,41121.0,True
2021-03 duzeltme,duzeltme,2021-03-13,2021-03-17,4,sonra,58870.894531,1823.449341,0.079176,Binance,0.131004,,,,,,,,,,58.35,91.400002,1727.099976,3974.120117,13525.200195,19.23,,-0.67,64.55,6.421,-4657.0,41121.0,True
2021-03 duzeltme,duzeltme,2021-03-13,2021-03-18,5,sonra,57858.921875,1782.855103,0.092071,Binance,0.20534,,,,,,,,,,58.67,91.849998,1732.5,3915.459961,13116.169922,21.58,,-0.56,59.95,6.421,-4657.0,41121.0,True
2021-03 duzeltme,duzeltme,2021-03-13,2021-03-19,6,sonra,58346.652344,1817.624146,0.127433,Binance,0.119573,,,,,,,,,,58.96,91.919998,1741.699951,3913.100098,13215.240234,20.950001,,-0.57,61.43,6.421,-4657.0,41121.0,True
2021-03 duzeltme,duzeltme,2021-03-13,2021-03-20,7,sonra,58313.644531,1812.634644,0.124754,Binance,0.22201,,,,,,,,,,59.21,91.919998,1741.699951,3913.100098,13215.240234,20.950001,,-0.57,61.43,6.421,-4657.0,41121.0,False
2021-03 duzeltme,duzeltme,2021-03-13,2021-03-21,8,sonra,57523.421875,1788.217041,0.052375,Binance,0.029064,,,,,,,,,,60.28,91.919998,1741.699951,3913.100098,13215.240234,20.950001,,-0.57,61.43,6.421,-4657.0,41121.0,False
2021-03 duzeltme,duzeltme,2021-03-13,2021-03-22,9,sonra,54529.144531,1691.333984,0.170668,Binance,0.151372,,,,,,,,,,60.48,91.800003,1738.099976,3940.590088,13377.540039,18.879999,,-0.64,61.48,6.421,-4657.0,41121.0,True
2021-03 duzeltme,duzeltme,2021-03-13,2021-03-23,10,sonra,54738.945312,1678.650146,0.068864,Binance,0.052989,,,,,,,,,,60.71,92.339996,1725.099976,3910.52002,13227.700195,20.299999,,-0.66,57.75,6.421,-4592.0,43521.0,True
2021-03 duzeltme,duzeltme,2021-03-13,2021-03-24,11,sonra,52774.265625,1593.413452,0.108271,Binance,0.112953,,,,,,,,,,60.54,92.529999,1733.199951,3889.139893,12961.889648,21.200001,,-0.69,61.12,6.637,-4592.0,43521.0,True
2021-03 duzeltme,duzeltme,2021-03-13,2021-03-25,12,sonra,51704.160156,1595.359253,0.02,Binance,0.045938,,,,,,,,,,60.6,92.879997,1725.099976,3909.52002,12977.679688,19.809999,,-0.69,58.47,6.637,-4592.0,43521.0,True
2021-03 duzeltme,duzeltme,2021-03-13,2021-03-26,13,sonra,55137.3125,1702.842041,0.036,Binance,0.062431,,,,,,,,,,60.79,92.769997,1732.300049,3974.540039,13138.730469,18.860001,,-0.67,60.93,6.637,-4592.0,43521.0,True
2021-03 duzeltme,duzeltme,2021-03-13,2021-03-27,14,sonra,55973.511719,1716.494629,0.04,Binance,0.08574,,,,,,,,,,62.24,92.769997,1732.300049,3974.540039,13138.730469,18.860001,,-0.67,60.93,6.637,-4592.0,43521.0,False
2021-03 duzeltme,duzeltme,2021-03-13,2021-03-28,15,sonra,55950.746094,1691.355957,0.02,Binance,0.060965,,,,,,,,,,62.38,92.769997,1732.300049,3974.540039,13138.730469,18.860001,,-0.67,60.93,6.637,-4592.0,43521.0,False
2021-03 duzeltme,duzeltme,2021-03-13,2021-03-29,16,sonra,57750.199219,1819.684937,0.038171,Binance,0.150071,,,,,,,,,,62.85,92.940002,1712.199951,3971.090088,13059.650391,20.74,,-0.63,61.49,6.637,-4592.0,43521.0,True
2021-03 duzeltme,duzeltme,2021-03-13,2021-03-30,17,sonra,58917.691406,1846.033691,0.223539,Binance,0.243816,,,,,,,,,,62.48,93.300003,1683.900024,3958.550049,13045.389648,19.610001,,-0.62,60.55,6.637,-4809.0,43073.0,True
2021-03 duzeltme,duzeltme,2021-03-13,2021-03-31,18,sonra,58918.832031,1918.362061,0.129303,Binance,0.145684,,,,,,,,,,62.76,93.230003,1713.800049,3972.889893,13246.870117,19.4,,-0.63,59.19,6.529,-4809.0,43073.0,True
2021-03 duzeltme,duzeltme,2021-03-13,2021-04-01,19,sonra,59095.808594,1977.276855,0.327514,Binance,0.38121,,,,,,,,,,63.84,92.93,1728.400024,4019.870117,13480.110352,17.33,,-0.66,61.41,6.529,-4809.0,43073.0,True
2021-03 duzeltme,duzeltme,2021-03-13,2021-04-02,20,sonra,59384.3125,2143.225586,0.208191,Binance,0.238367,,,,,,,,,,63.98,92.93,1728.400024,4019.870117,13480.110352,17.33,,-0.64,61.41,6.529,-4809.0,43073.0,False
2021-03 duzeltme,duzeltme,2021-03-13,2021-04-03,21,sonra,57603.890625,2028.422485,0.324513,Binance,0.373029,,,,,,,,,,66.36,92.93,1728.400024,4019.870117,13480.110352,17.33,,-0.64,61.41,6.529,-4809.0,43073.0,False
2021-03 duzeltme,duzeltme,2021-03-13,2021-04-04,22,sonra,58758.554688,2093.122803,0.11448,Binance,0.217048,,,,,,,,,,66.7,92.93,1728.400024,4019.870117,13480.110352,17.33,,-0.64,61.41,6.529,-4809.0,43073.0,False
2021-03 duzeltme,duzeltme,2021-03-13,2021-04-05,23,sonra,59057.878906,2107.887207,0.080626,Binance,0.159914,,,,,,,,,,67.16,92.599998,1728.800049,4077.909912,13705.589844,17.91,,-0.62,58.73,6.529,-4809.0,43073.0,True
2021-03 duzeltme,duzeltme,2021-03-13,2021-04-06,24,sonra,58192.359375,2118.378906,0.29631,Binance,0.336225,,,,,,,,,,68.26,92.339996,1743.0,4073.939941,13698.379883,18.120001,,-0.65,59.34,6.529,-4996.0,66472.0,True
2021-03 duzeltme,duzeltme,2021-03-13,2021-04-07,25,sonra,56048.9375,1971.077271,0.107409,Binance,0.10252,,,,,,,,,,68.3,92.459999,1741.599976,4079.949951,13688.839844,17.16,,-0.66,59.77,6.664,-4996.0,66472.0,True
2021-03 duzeltme,duzeltme,2021-03-13,2021-04-08,26,sonra,58323.953125,2088.57373,0.111563,Binance,0.118904,,,,,,,,,,68.73,92.059998,1758.199951,4097.169922,13829.30957,16.950001,,-0.69,59.61,6.664,-4996.0,66472.0,True
2021-03 duzeltme,duzeltme,2021-03-13,2021-04-09,27,sonra,58245.003906,2072.108887,0.048086,Binance,0.107352,,,,,,,,,,69.32,92.160004,1744.800049,4128.799805,13900.19043,16.690001,,-0.64,59.29,6.664,-4996.0,66472.0,True
2021-03 duzeltme,duzeltme,2021-03-13,2021-04-10,28,sonra,59793.234375,2135.942139,0.281235,Binance,0.33992,,,,,,,,,,69.59,92.160004,1744.800049,4128.799805,13900.19043,16.690001,,-0.64,59.29,6.664,-4996.0,66472.0,False
2021-03 duzeltme,duzeltme,2021-03-13,2021-04-11,29,sonra,60204.964844,2157.656982,0.29216,Binance,0.233349,,,,,,,,,,69.84,92.160004,1744.800049,4128.799805,13900.19043,16.690001,,-0.64,59.29,6.664,-4996.0,66472.0,False
2021-03 duzeltme,duzeltme,2021-03-13,2021-04-12,30,sonra,59893.453125,2139.353271,0.294494,Binance,0.332031,,,,,,,,,,70.82,92.139999,1732.699951,4127.990234,13850.0,16.91,,-0.64,59.7,6.664,-4996.0,66472.0,True
2024-03 duzeltme,duzeltme,2024-03-13,2024-02-12,-30,once,49958.222656,2658.115967,0.03,Binance,0.029971,92352.839,4621385726.999207,,0.607696,1.368482,870376.94,2313723019.602,1.25953,1.619277,136.69,104.169998,2033.0,5021.839844,15942.549805,13.93,3.35,1.93,77.34,6.276,-9314.0,68069.0,True
2024-03 duzeltme,duzeltme,2024-03-13,2024-02-13,-29,once,49742.441406,2642.185303,0.03,Binance,0.03,88156.059,4385151367.556042,,0.797121,1.357802,871361.144,2302650245.52296,1.46585,1.641302,136.28,104.959999,2007.199951,4953.169922,15655.599609,15.85,3.36,2.02,78.28,6.276,-10124.0,34176.0,True
2024-03 duzeltme,duzeltme,2024-03-13,2024-02-14,-28,once,51826.695312,2777.902344,0.032283,Binance,0.033082,90406.97,4680372720.231949,,0.587673,1.328252,874029.744,2426120446.30949,1.225406,1.643171,136.47,104.720001,2004.300049,5000.620117,15859.150391,14.38,3.38,1.97,77.09,6.221,-10124.0,34176.0,True
2024-03 duzeltme,duzeltme,2024-03-13,2024-02-15,-27,once,51938.554688,2824.378906,0.03,Binance,0.038673,87227.671,4527544219.131392,,0.690425,1.307792,872118.103,2461378922.0969,1.319641,1.66692,137.43,104.300003,2014.900024,5029.72998,15906.169922,14.01,3.35,1.94,78.47,6.221,-10124.0,34176.0,True
2024-03 duzeltme,duzeltme,2024-03-13,2024-02-16,-26,once,52160.203125,2803.691406,0.03,Binance,0.031597,89491.944,4685642941.531745,,0.629012,1.286351,884722.619,2517044698.28119,1.294694,1.582261,137.26,104.279999,2024.099976,5005.569824,15775.650391,14.24,3.34,1.97,79.65,6.221,-10124.0,34176.0,True
2024-03 duzeltme,duzeltme,2024-03-13,2024-02-17,-25,once,51662.996094,2786.672607,0.043281,Binance,0.033519,87533.511,4525753403.749363,,0.758864,1.327905,867465.73,2418738498.740571,1.381447,1.656379,137.62,104.279999,2024.099976,5005.569824,15775.650391,14.24,3.34,1.97,79.65,6.221,-10124.0,34176.0,False
2024-03 duzeltme,duzeltme,2024-03-13,2024-02-18,-24,once,52122.546875,2878.998047,0.055464,Binance,0.03114,85504.804,4458374389.2072,,0.731064,1.322617,866754.744,2492938417.752208,1.302661,1.597879,137.81,104.279999,2024.099976,5005.569824,15775.650391,14.24,3.34,1.97,79.65,6.221,-10124.0,34176.0,False
2024-03 duzeltme,duzeltme,2024-03-13,2024-02-19,-23,once,51779.144531,2943.574707,0.043382,Binance,0.0465,87604.11,4535378660.043,,0.795455,1.323519,880933.444,2593538533.81152,1.281478,1.591415,137.71,104.279999,2024.099976,5005.569824,15775.650391,14.24,3.34,1.97,79.65,6.221,-10124.0,34176.0,False
2024-03 duzeltme,duzeltme,2024-03-13,2024-02-20,-22,once,52284.875,3013.503662,0.041171,Binance,0.05575,87203.076,4561800763.05961,,0.784409,1.283701,894429.409,2698298050.085429,1.249738,1.601211,137.71,104.080002,2039.800049,4975.509766,15630.780273,15.42,3.37,1.95,78.72,6.221,-10277.0,49923.0,True
2024-03 duzeltme,duzeltme,2024-03-13,2024-02-21,-21,once,51839.179688,2970.355469,0.021242,Binance,0.021802,86293.057,4476696198.195876,,1.023062,1.311959,887544.831,2640968286.491048,1.696654,1.591985,137.81,104.010002,2034.300049,4981.799805,15580.870117,15.34,3.34,1.98,78.89,6.221,-10277.0,49923.0,True
2024-03 duzeltme,duzeltme,2024-03-13,2024-02-22,-20,once,51304.972656,2971.007324,0.046037,Binance,0.04,84886.38,4360171931.424,,0.963576,1.320462,875826.438,2603832000.174,1.396571,1.610359,137.84,103.959999,2030.699951,5087.029785,16041.620117,14.54,3.22,2.02,79.64,6.221,-10277.0,49923.0,True
2024-03 duzeltme,duzeltme,2024-03-13,2024-02-23,-19,once,50731.949219,2921.658203,0.032991,Binance,0.03,88089.125,4479663214.488168,,1.184396,1.31297,866314.464,2536547466.822312,1.712339,1.578136,138.2,103.940002,2049.399902,5088.799805,15996.820312,13.75,3.23,1.96,77.6,6.221,-10277.0,49923.0,True
2024-03 duzeltme,duzeltme,2024-03-13,2024-02-24,-18,once,51571.101562,2992.385986,0.02,Binance,0.02,87024.156,4488671156.8176,,0.989731,1.264472,883539.486,2643478227.025179,1.230631,1.528704,138.82,103.940002,2049.399902,5088.799805,15996.820312,13.75,3.23,1.96,77.6,6.221,-10277.0,49923.0,False
2024-03 duzeltme,duzeltme,2024-03-13,2024-02-25,-17,once,51733.238281,3112.697266,0.068273,Binance,0.116462,86416.011,4474292271.682554,,0.938025,1.274654,958217.793,2983938118.29165,1.080549,1.529965,138.58,103.940002,2049.399902,5088.799805,15996.820312,13.75,3.23,1.96,77.6,6.221,-10277.0,49923.0,False
2024-03 duzeltme,duzeltme,2024-03-13,2024-02-26,-16,once,54522.402344,3178.993652,0.081056,Binance,0.066991,84906.706,4626965645.774215,,0.680801,1.287241,875881.342,2784922182.567885,1.218142,1.624195,138.69,103.830002,2038.900024,5069.529785,15976.25,13.74,3.23,1.97,78.53,6.221,-10277.0,49923.0,True
2024-03 duzeltme,duzeltme,2024-03-13,2024-02-27,-15,once,57085.371094,3244.519287,0.123215,Binance,0.129963,80667.673,4603333026.8142,,0.756417,1.366105,833385.944,2704040844.93457,1.469811,1.801735,139.15,103.830002,2044.099976,5078.180176,16035.299805,13.43,3.26,1.99,79.8,6.221,-10896.0,56153.0,True
2024-03 duzeltme,duzeltme,2024-03-13,2024-02-28,-14,once,62504.789062,3385.703857,0.146311,Binance,0.138176,75184.662,4704356930.6034,,1.004713,1.575111,801098.029,2709025138.78756,2.112987,1.917287,139.72,103.980003,2042.699951,5069.759766,15947.740234,13.84,3.31,1.94,79.44,6.212,-10896.0,56153.0,True
2024-03 duzeltme,duzeltme,2024-03-13,2024-02-29,-13,once,61198.382812,3341.919678,0.18669,Binance,0.202148,71841.907,4404560010.710081,,1.147088,1.529946,846940.633,2835202602.144892,2.291852,1.974447,140.2,104.160004,2054.699951,5096.27002,16091.919922,13.4,3.29,1.92,79.22,6.212,-10896.0,56153.0,True
2024-03 duzeltme,duzeltme,2024-03-13,2024-03-01,-12,once,62440.632812,3435.053955,0.14426,Binance,0.140398,73919.975,4619758238.473041,,1.069151,1.489904,818376.981,2812548905.68194,2.133884,1.978488,140.75,103.860001,2095.699951,5137.080078,16274.94043,13.11,3.32,1.87,80.9,6.212,-10896.0,56153.0,True
2024-03 duzeltme,duzeltme,2024-03-13,2024-03-02,-11,once,62029.847656,3422.049805,0.159837,Binance,0.151937,72912.818,4525131362.136755,,1.293193,1.501821,814198.482,2786610300.819902,2.442409,2.018152,141.3,103.860001,2095.699951,5137.080078,16274.94043,13.11,3.32,1.87,80.9,6.212,-10896.0,56153.0,False
2024-03 duzeltme,duzeltme,2024-03-13,2024-03-03,-10,once,63167.371094,3490.993652,0.142658,Binance,0.117596,75540.753,4769318319.1821,,1.158339,1.530111,813275.317,2839007680.070331,2.072119,2.049398,141.39,103.860001,2095.699951,5137.080078,16274.94043,13.11,3.32,1.87,80.9,6.212,-10896.0,56153.0,False
2024-03 duzeltme,duzeltme,2024-03-13,2024-03-04,-9,once,68330.414062,3630.433838,0.159413,Binance,0.117833,81105.699,5537913348.8598,,1.113075,1.446134,762222.642,2765724856.497,2.172642,2.067985,141.79,103.830002,2126.300049,5130.950195,16207.509766,13.49,3.26,1.88,79.67,6.212,-10896.0,56153.0,True
2024-03 duzeltme,duzeltme,2024-03-13,2024-03-05,-8,once,63801.199219,3554.9646,0.207397,Binance,0.204713,71725.607,4571608416.126955,,1.616367,1.653094,718405.322,2553938441.1982,2.764044,2.225261,142.0,103.800003,2141.899902,5078.649902,15939.589844,14.46,3.31,1.81,79.11,6.212,-12409.0,109763.0,True
2024-03 duzeltme,duzeltme,2024-03-13,2024-03-06,-7,once,66106.804688,3819.226318,0.113541,Binance,0.114572,73260.209,4843864009.901637,,1.234142,1.663793,749912.71,2865603872.970662,2.238005,2.215617,142.16,103.370003,2158.199951,5104.759766,16031.540039,14.5,3.27,1.81,80.08,6.314,-12409.0,109763.0,True
2024-03 duzeltme,duzeltme,2024-03-13,2024-03-07,-6,once,66925.484375,3874.347656,0.13002,Binance,0.126318,73480.603,4913640574.5497,,1.196575,1.593387,755489.33,2924907160.6682,2.262326,2.351141,142.49,102.82,2165.199951,5157.359863,16273.379883,14.44,3.27,1.81,79.81,6.314,-12409.0,109763.0,True
2024-03 duzeltme,duzeltme,2024-03-13,2024-03-08,-5,once,68300.09375,3892.061035,0.125544,Binance,0.140009,73990.354,5044291842.140835,,1.213265,1.580309,766001.206,2976703666.55218,2.566475,2.290569,143.01,102.739998,2185.5,5123.689941,16085.110352,14.74,3.26,1.81,78.96,6.314,-12409.0,109763.0,True
2024-03 duzeltme,duzeltme,2024-03-13,2024-03-09,-4,once,68498.882812,3915.418945,0.088698,Binance,0.106716,73645.213,5034394125.2013,,1.239387,1.547159,781136.295,3052797811.30425,2.703449,2.193622,144.21,102.739998,2185.5,5123.689941,16085.110352,14.74,3.26,1.81,78.96,6.314,-12409.0,109763.0,False
2024-03 duzeltme,duzeltme,2024-03-13,2024-03-10,-3,once,69019.789062,3881.193115,0.153419,Binance,0.108561,77404.994,5340944586.0,,1.088617,1.549432,773667.93,3002574289.6128,2.613977,2.139691,144.51,102.739998,2185.5,5123.689941,16085.110352,14.74,3.26,1.81,78.96,6.314,-12409.0,109763.0,False
2024-03 duzeltme,duzeltme,2024-03-13,2024-03-11,-2,once,72123.90625,4066.445068,0.189294,Binance,0.199637,79393.551,5728563062.372282,,0.887307,1.540763,787527.877,3205647973.88604,1.933261,2.365068,144.74,102.870003,2188.600098,5117.939941,16019.269531,15.22,3.26,1.83,78.87,6.314,-12409.0,109763.0,True
2024-03 duzeltme,duzeltme,2024-03-13,2024-03-12,-1,once,71481.289062,3980.273193,0.126459,Binance,0.132831,78117.048,5585900127.9264,,1.340778,1.590716,797222.756,3176062568.376473,2.75589,2.526457,145.48,102.959999,2166.100098,5175.27002,16265.639648,13.84,3.2,1.86,78.51,6.314,-15474.0,141083.0,True
2024-03 duzeltme,duzeltme,2024-03-13,2024-03-13,0,olay_gunu,73083.5,4006.457031,0.109822,Binance,0.104363,80397.27,5878704756.455201,,1.019092,1.564231,795342.351,3188267310.780785,2.910877,2.550397,145.73,102.790001,2180.800049,5165.310059,16177.769531,13.75,3.15,1.89,80.67,6.252,-15474.0,141083.0,True
2024-03 duzeltme,duzeltme,2024-03-13,2024-03-14,1,sonra,71396.59375,3883.140381,0.139919,Binance,0.166848,83981.907,6000778051.831123,,1.613583,1.537663,818491.32,3179838778.2,3.552239,2.608655,146.54,103.360001,2167.5,5150.47998,16128.530273,14.4,3.15,1.99,82.16,6.252,-15474.0,141083.0,True
2024-03 duzeltme,duzeltme,2024-03-13,2024-03-15,2,sonra,69403.773438,3735.220215,0.039634,Binance,0.075584,79345.217,5515912006.656868,,1.681389,1.484073,818761.597,3065215356.850521,3.845169,2.872317,146.81,103.43,2161.5,5117.089844,15973.169922,14.41,3.16,1.99,81.94,6.252,-15474.0,141083.0,True
2024-03 duzeltme,duzeltme,2024-03-13,2024-03-16,3,sonra,65315.117188,3522.860107,0.057104,Binance,0.0698,76563.969,5003524281.7221,,2.046525,1.44414,830905.851,2929416741.11007,4.334626,2.574918,146.72,103.43,2161.5,5117.089844,15973.169922,14.41,3.16,1.99,81.94,6.252,-15474.0,141083.0,False
2024-03 duzeltme,duzeltme,2024-03-13,2024-03-17,4,sonra,68390.625,3642.413086,0.062781,Binance,0.059504,78535.72,5375612962.56,,1.538043,1.423038,831985.567,3034243042.99333,3.555157,2.663332,146.86,103.43,2161.5,5117.089844,15973.169922,14.41,3.16,1.99,81.94,6.252,-15474.0,141083.0,False
2024-03 duzeltme,duzeltme,2024-03-13,2024-03-18,5,sonra,67548.59375,3517.985107,0.084715,Binance,0.084149,79113.281,5351864595.055416,,1.588169,1.518761,854562.283,3010559190.138487,3.862437,2.72475,146.53,103.580002,2164.300049,5149.419922,16103.450195,14.33,3.13,2.03,83.68,6.252,-15474.0,141083.0,True
2024-03 duzeltme,duzeltme,2024-03-13,2024-03-19,6,sonra,61912.773438,3157.618164,0.06893,Binance,0.052876,77962.651,4831657333.074,,2.251046,1.570318,813416.539,2571445570.57531,4.646162,2.314929,147.23,103.809998,2159.699951,5178.509766,16166.790039,13.82,3.1,2.0,84.39,6.252,-14369.0,142896.0,True
2024-03 duzeltme,duzeltme,2024-03-13,2024-03-20,7,sonra,67913.671875,3513.393066,0.038791,Binance,0.039507,76952.183,5222252166.2388,,1.319658,1.461032,763058.858,2684288450.6724,2.90498,2.053527,147.62,103.410004,2161.0,5224.620117,16369.410156,13.04,3.14,1.96,82.79,6.209,-14369.0,142896.0,True
2024-03 duzeltme,duzeltme,2024-03-13,2024-03-21,8,sonra,65491.390625,3492.991211,0.055085,Binance,0.054289,75345.505,4938046448.5435,,1.874334,1.609656,774410.286,2706687855.21576,2.840893,2.333539,147.14,104.0,2184.699951,5241.529785,16401.839844,12.92,3.05,1.93,81.99,6.209,-14369.0,142896.0,True
2024-03 duzeltme,duzeltme,2024-03-13,2024-03-22,9,sonra,63778.761719,3333.687988,0.031993,Binance,0.049961,73071.968,4663036381.821146,,2.362242,1.431363,790374.762,2638222338.52948,4.314985,2.412134,147.71,104.43,2160.0,5234.180176,16428.820312,13.06,3.08,1.87,81.1,6.209,-14369.0,142896.0,True
2024-03 duzeltme,duzeltme,2024-03-13,2024-03-23,10,sonra,64062.203125,3336.593994,0.031157,Binance,0.039132,73940.077,4733665911.5631,,1.614752,1.375771,781527.744,2603136055.54752,3.633284,2.294764,147.75,104.43,2160.0,5234.180176,16428.820312,13.06,3.08,1.87,81.1,6.209,-14369.0,142896.0,False
2024-03 duzeltme,duzeltme,2024-03-13,2024-03-24,11,sonra,67234.171875,3454.636475,0.056049,Binance,0.05532,77033.64,5181158418.943446,,1.409752,1.370169,783856.456,2709440974.810883,3.105816,2.30911,148.09,104.43,2160.0,5234.180176,16428.820312,13.06,3.08,1.87,81.1,6.209,-14369.0,142896.0,False
2024-03 duzeltme,duzeltme,2024-03-13,2024-03-25,12,sonra,69958.8125,3590.883789,0.067102,Binance,0.072995,78825.936,5511548858.088,,1.053911,1.420068,825538.736,2966111146.12384,2.771613,2.378574,147.91,104.230003,2176.399902,5218.189941,16384.470703,13.19,3.11,1.92,82.41,6.209,-14369.0,142896.0,True
2024-03 duzeltme,duzeltme,2024-03-13,2024-03-26,13,sonra,69987.835938,3587.504883,0.073869,Binance,0.068909,79655.738,5579073630.578138,,1.17695,1.446449,834760.788,2996490715.03632,3.169701,2.588626,149.23,104.290001,2177.199951,5203.580078,16315.700195,13.24,3.15,1.92,82.41,6.209,-16102.0,135795.0,True
2024-03 duzeltme,duzeltme,2024-03-13,2024-03-27,14,sonra,69455.34375,3500.115234,0.097377,Binance,0.095919,83137.811,5780796470.9197,,1.527416,1.448688,851975.994,2985858388.186247,3.680232,2.596207,149.53,104.349998,2190.600098,5248.490234,16399.519531,12.78,3.15,1.88,82.15,6.164,-16102.0,135795.0,True
2024-03 duzeltme,duzeltme,2024-03-13,2024-03-28,15,sonra,70744.953125,3561.293945,0.077579,Binance,0.106668,83098.968,5886197843.297176,,1.08719,1.405696,843585.798,3006058828.324535,3.327323,2.609461,149.49,104.550003,2217.399902,5254.350098,16379.459961,13.01,3.12,1.88,83.96,6.164,-16102.0,135795.0,True
2024-03 duzeltme,duzeltme,2024-03-13,2024-03-29,16,sonra,69892.828125,3511.806152,0.07525,Binance,0.091847,81097.306,5668572793.57216,,1.522107,1.391401,872412.28,3064313237.0088,3.903263,2.597762,149.73,104.550003,2217.399902,5254.350098,16379.459961,13.01,3.12,1.88,83.96,6.164,-16102.0,135795.0,False
2024-03 duzeltme,duzeltme,2024-03-13,2024-03-30,17,sonra,69645.304688,3507.944336,0.098978,Binance,0.096519,80226.288,5586667134.074837,,1.396956,1.392766,884791.645,3104069822.710753,4.031327,2.589485,149.94,104.550003,2217.399902,5254.350098,16379.459961,13.01,3.12,1.88,83.96,6.164,-16102.0,135795.0,False
2024-03 duzeltme,duzeltme,2024-03-13,2024-03-31,18,sonra,71333.648438,3647.856445,0.150351,Binance,0.184567,82700.764,5901774621.332,,1.157027,1.396416,900379.108,3285294285.47932,2.783263,2.812736,150.17,104.550003,2217.399902,5254.350098,16379.459961,13.01,3.15,1.88,83.96,6.164,-16102.0,135795.0,False
2024-03 duzeltme,duzeltme,2024-03-13,2024-04-01,19,sonra,69702.148438,3505.030029,0.06096,Binance,0.05516,84279.08,5877422943.62875,,1.592565,1.386193,885780.014,3105663876.558344,4.044129,2.723635,149.91,105.019997,2257.100098,5243.77002,16396.830078,13.65,3.12,1.98,84.54,6.164,-16102.0,135795.0,True
2024-03 duzeltme,duzeltme,2024-03-13,2024-04-02,20,sonra,65446.972656,3277.234619,0.047382,Binance,0.047676,78432.606,5131515662.382532,,2.213054,1.3316,855698.547,2817325178.271247,4.705479,2.365423,150.33,104.82,2281.800049,5205.810059,16240.450195,14.61,3.23,2.0,85.95,6.164,-16081.0,147080.0,True
2024-03 duzeltme,duzeltme,2024-03-13,2024-04-03,21,sonra,65980.8125,3311.441895,0.03,Binance,0.03,80032.024,5294495054.631479,,2.160704,1.229115,836902.891,2780495034.806671,3.943749,2.153901,150.98,104.25,2315.0,5211.490234,16277.459961,14.33,3.23,2.0,86.22,6.234,-16081.0,147080.0,True
2024-03 duzeltme,duzeltme,2024-03-13,2024-04-04,22,sonra,68508.84375,3330.040527,0.03,Binance,0.03,78454.81,5373354245.938,,1.481757,1.208605,829974.372,2764511837.23248,3.832406,2.110583,152.36,104.120003,2308.5,5147.209961,16049.080078,16.35,3.24,1.97,87.37,6.234,-16081.0,147080.0,True
2024-03 duzeltme,duzeltme,2024-03-13,2024-04-05,23,sonra,67837.640625,3318.885254,0.03,Binance,0.036732,76300.971,5080468678.536224,,1.821477,1.259371,856438.017,2844253155.421782,3.936495,2.007371,153.24,104.300003,2345.399902,5204.339844,16248.519531,16.030001,3.18,2.02,87.69,6.234,-16081.0,147080.0,True
2024-03 duzeltme,duzeltme,2024-03-13,2024-04-06,24,sonra,68896.109375,3354.183838,0.03,Binance,0.03,76504.442,5279314256.353539,,1.331416,1.195195,840881.735,2831793030.595378,3.417565,2.053267,154.34,104.300003,2345.399902,5204.339844,16248.519531,16.030001,3.18,2.02,87.69,6.234,-16081.0,147080.0,False
2024-03 duzeltme,duzeltme,2024-03-13,2024-04-07,25,sonra,69362.554688,3453.494629,0.02,Binance,0.02,78691.952,5464864906.1776,,1.196459,1.193188,837849.44,2835458453.3424,3.290299,2.020415,154.37,104.300003,2345.399902,5204.339844,16248.519531,16.030001,3.18,2.02,87.69,6.234,-16081.0,147080.0,False
2024-03 duzeltme,duzeltme,2024-03-13,2024-04-08,26,sonra,71631.359375,3695.292725,0.076104,Binance,0.076744,80241.385,5751351290.988701,,1.060332,1.390912,896595.094,3315198156.183609,1.955007,2.345088,154.14,104.139999,2351.0,5202.390137,16253.959961,15.19,3.15,2.04,87.24,6.234,-16081.0,147080.0,True
2024-03 duzeltme,duzeltme,2024-03-13,2024-04-09,27,sonra,69139.015625,3505.16333,0.051593,Binance,0.044114,80294.879,5557465519.2028,,1.7776,1.425688,874310.62,3078812313.440105,3.723213,2.42073,154.17,104.150002,2362.399902,5209.910156,16306.639648,14.98,3.14,2.0,86.04,6.234,-16016.0,141732.0,True
2024-03 duzeltme,duzeltme,2024-03-13,2024-04-10,28,sonra,70587.882812,3543.737061,0.036436,Binance,0.038616,79670.545,5532061385.871986,,1.749253,1.368642,859084.322,3039371344.161918,3.463169,2.348077,153.97,105.25,2348.399902,5160.640137,16170.360352,15.8,3.1,2.15,86.98,6.287,-16016.0,141732.0,True
2024-03 duzeltme,duzeltme,2024-03-13,2024-04-11,29,sonra,70060.609375,3505.247803,0.051174,Binance,0.035483,81959.676,5745237702.463661,,1.301941,1.393484,826107.081,2891763919.662641,3.731416,2.244011,153.68,105.279999,2372.699951,5199.060059,16442.199219,14.91,3.16,2.16,85.79,6.287,-16016.0,141732.0,True
2024-03 duzeltme,duzeltme,2024-03-13,2024-04-12,30,sonra,67195.867188,3243.034912,0.047844,Binance,0.03,83400.305,5779882997.3845,,1.376051,1.407917,841127.686,2920429289.510196,4.111752,2.079695,154.27,106.040001,2374.100098,5123.410156,16175.089844,17.309999,3.25,2.11,86.46,6.287,-16016.0,141732.0,True
2024-12 duzeltme,duzeltme,2024-12-17,2024-11-17,-30,once,89845.851562,3075.661621,0.030577,Binance,0.04955,84052.753,7555943419.232872,,0.992377,1.637994,1275642.27,3926369368.335218,3.724203,2.887226,184.59,106.690002,2570.100098,5870.620117,18680.119141,16.139999,2.72,2.1,67.33,5.897,-20359.0,165296.0,False
2024-12 duzeltme,duzeltme,2024-12-17,2024-11-18,-29,once,90542.640625,3207.856445,0.079374,Binance,0.091871,84971.438,7690097664.729494,,0.911819,1.585425,1361485.533,4371022073.98584,2.920902,2.999415,185.02,106.279999,2614.600098,5893.620117,18791.810547,15.58,2.72,2.08,69.46,5.897,-20359.0,165296.0,True
2024-12 duzeltme,duzeltme,2024-12-17,2024-11-19,-28,once,92343.789062,3111.384033,0.048175,Binance,0.036587,85377.191,7881534551.38886,,0.791374,1.57986,1304362.509,4055311620.027849,4.032677,3.009649,185.26,106.209999,2631.0,5916.97998,18987.470703,16.35,2.69,2.05,69.75,5.897,-20108.0,155174.0,True
2024-12 duzeltme,duzeltme,2024-12-17,2024-11-20,-27,once,94339.492188,3072.187988,0.03,Binance,0.050493,89561.299,8443854909.701275,,0.606675,1.436144,1365780.227,4194297419.31473,4.193253,2.974041,185.93,106.68,2651.699951,5917.109863,18966.140625,17.16,2.67,2.06,69.25,5.954,-20108.0,155174.0,True
2024-12 duzeltme,duzeltme,2024-12-17,2024-11-21,-26,once,98504.726562,3361.053955,0.04,Binance,0.074326,89307.843,8784775885.806532,,0.712553,1.441566,1395587.058,4687330339.96344,2.903289,3.292192,187.74,106.970001,2674.899902,5948.709961,18972.419922,16.870001,2.61,2.09,70.39,5.954,-20108.0,155174.0,True
2024-12 duzeltme,duzeltme,2024-12-17,2024-11-22,-25,once,98997.664062,3331.60083,0.03,Binance,0.066427,90671.153,8969070556.628553,,0.738212,1.404472,1397397.298,4652791277.982818,3.73325,3.61679,188.57,107.489998,2712.199951,5969.339844,19003.650391,15.24,2.61,2.07,71.68,5.954,-20108.0,155174.0,True
2024-12 duzeltme,duzeltme,2024-12-17,2024-11-23,-24,once,97777.28125,3396.223389,0.02,Binance,0.069564,90282.742,8822926103.321,,0.893448,1.36593,1410619.737,4790618416.46672,3.574675,3.468648,190.48,107.489998,2712.199951,5969.339844,19003.650391,15.24,2.61,2.07,71.68,5.954,-20108.0,155174.0,False
2024-12 duzeltme,duzeltme,2024-12-17,2024-11-24,-23,once,98013.820312,3363.659912,0.070411,Binance,0.095255,87507.222,8572251220.731,,0.949744,1.390048,1413064.772,4752094436.29284,3.97575,3.33993,192.27,107.489998,2712.199951,5969.339844,19003.650391,15.24,2.61,2.07,71.68,5.954,-20108.0,155174.0,False
2024-12 duzeltme,duzeltme,2024-12-17,2024-11-25,-22,once,93102.296875,3413.543945,0.057135,Binance,0.080212,90378.808,8411022425.5928,,1.310078,1.552331,1435410.486,4903585176.40065,3.229528,3.577767,192.61,106.82,2618.5,5987.370117,19054.839844,14.6,2.64,1.98,69.41,5.954,-20108.0,155174.0,True
2024-12 duzeltme,duzeltme,2024-12-17,2024-11-26,-21,once,91985.320312,3326.517334,0.07874,Binance,0.051528,87584.888,8059009608.9656,,1.449877,1.715155,1404441.599,4672815954.94483,4.087751,3.604314,191.52,107.010002,2621.300049,6021.629883,19174.300781,14.1,2.68,2.02,69.05,5.954,-19205.0,179290.0,True
2024-12 duzeltme,duzeltme,2024-12-17,2024-11-27,-20,once,95962.53125,3657.249268,0.036795,Binance,0.052549,86144.76,8261683736.516373,,0.966254,1.524781,1541812.17,5636171770.047307,2.142036,3.132991,191.89,106.080002,2639.899902,5998.740234,19060.480469,14.1,2.69,1.99,69.03,5.96,-19205.0,179290.0,True
2024-12 duzeltme,duzeltme,2024-12-17,2024-11-28,-19,once,95652.46875,3579.811523,0.046804,Binance,0.03647,85987.754,8228507339.80876,,1.072362,1.578207,1473895.356,5278672692.92538,2.753601,3.486443,193.47,106.080002,2639.899902,5998.740234,19060.480469,14.1,2.69,1.99,69.03,5.96,-19205.0,179290.0,False
2024-12 duzeltme,duzeltme,2024-12-17,2024-11-29,-18,once,97461.523438,3593.494385,0.043668,Binance,0.042451,88021.766,8583556939.7858,,0.864358,1.576111,1488457.671,5350275982.98621,3.032594,3.237234,194.4,105.739998,2657.0,6032.379883,19218.169922,13.51,2.72,1.92,68.26,5.96,-19205.0,179290.0,True
2024-12 duzeltme,duzeltme,2024-12-17,2024-11-30,-17,once,96449.054688,3705.705322,0.043873,Binance,0.049028,86886.501,8381261873.961895,,0.980682,1.639364,1497773.876,5549859353.650272,2.542225,3.213565,195.15,105.739998,2657.0,6032.379883,19218.169922,13.51,2.74,1.92,68.26,5.96,-19205.0,179290.0,False
2024-12 duzeltme,duzeltme,2024-12-17,2024-12-01,-16,once,97279.789062,3711.165039,0.029581,Binance,0.028801,86613.045,8424426483.2295,,0.911019,1.628653,1518311.42,5634818074.3608,2.567521,3.254937,193.27,105.739998,2657.0,6032.379883,19218.169922,13.51,2.74,1.92,68.26,5.96,-19205.0,179290.0,False
2024-12 duzeltme,duzeltme,2024-12-17,2024-12-02,-15,once,95865.304688,3644.198486,0.076448,Binance,0.120288,86363.424,8281306750.095078,,1.115758,1.569722,1510838.1,5508923638.887,3.350817,3.791057,193.54,106.449997,2658.5,6047.149902,19403.949219,13.34,2.68,1.93,68.35,5.96,-19205.0,179290.0,True
2024-12 duzeltme,duzeltme,2024-12-17,2024-12-03,-14,once,96002.164062,3620.71167,0.063512,Binance,0.067718,87478.508,8390361129.2072,,1.070008,1.650199,1567186.519,5668195464.737494,3.725164,3.820772,194.48,106.370003,2667.899902,6049.879883,19480.910156,13.3,2.66,1.95,70.15,5.96,-21655.0,180735.0,True
2024-12 duzeltme,duzeltme,2024-12-17,2024-12-04,-13,once,98768.53125,3841.331055,0.049488,Binance,0.035741,92642.832,9142841816.068167,,0.824057,1.562406,1612526.71,6193924721.5823,2.615993,3.534013,194.82,106.339996,2676.199951,6086.490234,19735.119141,13.45,2.66,1.9,68.81,5.943,-21655.0,180735.0,True
2024-12 duzeltme,duzeltme,2024-12-17,2024-12-05,-12,once,96593.570312,3811.008301,0.15713,Binance,0.118605,92201.575,8943700297.52,,1.354904,1.953593,1508154.174,5711832303.1902,3.913043,3.479044,196.14,105.709999,2648.399902,6075.109863,19700.259766,13.54,2.66,1.92,68.58,5.943,-21655.0,180735.0,True
2024-12 duzeltme,duzeltme,2024-12-17,2024-12-06,-11,once,99920.710938,4005.810547,0.056606,Binance,0.08248,89431.161,8925453445.7025,,0.960181,1.588221,1601789.448,6409947308.323692,2.506808,3.08119,196.72,105.970001,2659.600098,6090.27002,19859.769531,12.77,2.67,1.91,68.58,5.943,-21655.0,180735.0,True
2024-12 duzeltme,duzeltme,2024-12-17,2024-12-07,-10,once,99923.335938,4002.692627,0.043449,Binance,0.068262,88605.133,8851573042.0803,,1.095585,1.732968,1574253.18,6296012997.680893,3.226236,3.256329,197.86,105.970001,2659.600098,6090.27002,19859.769531,12.77,2.67,1.91,68.58,5.943,-21655.0,180735.0,False
2024-12 duzeltme,duzeltme,2024-12-17,2024-12-08,-9,once,101236.015625,4005.70459,0.064565,Binance,0.062787,89375.095,9044218357.79101,,1.031126,1.689135,1571916.822,6297843913.235297,3.379683,3.24359,198.3,105.970001,2659.600098,6090.27002,19859.769531,12.77,2.67,1.91,68.58,5.943,-21655.0,180735.0,False
2024-12 duzeltme,duzeltme,2024-12-17,2024-12-09,-8,once,97432.71875,3718.69043,0.032147,Binance,0.023421,89931.062,8754707947.7442,,1.40478,1.808377,1530218.642,5683280725.160191,4.625243,3.420773,199.19,106.150002,2685.800049,6052.850098,19736.689453,14.19,2.67,1.93,68.65,5.943,-21655.0,180735.0,True
2024-12 duzeltme,duzeltme,2024-12-17,2024-12-10,-7,once,96675.429688,3631.83374,0.04,Binance,0.04,87743.112,8476186428.3576,,1.376154,1.773541,1521389.42,5520224585.4222,4.598075,3.304658,199.26,106.400002,2718.399902,6034.910156,19687.240234,14.18,2.67,1.93,68.85,5.943,-20986.0,196078.0,True
2024-12 duzeltme,duzeltme,2024-12-17,2024-12-11,-6,once,101173.03125,3832.822021,0.02,Binance,0.02,92933.371,9396205048.3599,,0.742932,1.689383,1531170.686,5865093807.785632,3.383481,3.08427,199.65,106.709999,2756.699951,6084.189941,20034.890625,13.58,2.64,1.96,70.57,5.942,-20986.0,196078.0,True
2024-12 duzeltme,duzeltme,2024-12-17,2024-12-12,-5,once,100043.0,3883.101562,0.04,Binance,0.04,91669.09,9165286457.107,,0.845757,1.847052,1523577.012,5912360934.567757,3.12009,3.293808,201.89,106.959999,2709.399902,6051.25,19902.839844,13.92,2.66,2.0,70.25,5.942,-20986.0,196078.0,True
2024-12 duzeltme,duzeltme,2024-12-17,2024-12-13,-4,once,101459.257812,3911.205322,0.02675,Binance,0.03,92004.474,9326668337.8806,,0.707162,1.656591,1560766.738,6095714964.26542,2.984245,3.286242,202.38,107.0,2675.800049,6051.089844,19926.720703,13.81,2.68,2.07,71.54,5.942,-20986.0,196078.0,True
2024-12 duzeltme,duzeltme,2024-12-17,2024-12-14,-3,once,101372.96875,3868.405273,0.03,Binance,0.03,92610.017,9389878148.214447,,0.763781,1.713085,1589625.041,6150088362.169065,3.429533,3.334455,203.28,107.0,2675.800049,6051.089844,19926.720703,13.81,2.68,2.07,71.54,5.942,-20986.0,196078.0,False
2024-12 duzeltme,duzeltme,2024-12-17,2024-12-15,-2,once,104298.695312,3951.941162,0.028194,Binance,0.028066,98884.509,10328388080.541,,0.62826,1.646257,1566616.839,6201092435.30853,3.333808,3.273521,203.56,107.0,2675.800049,6051.089844,19926.720703,13.81,2.68,2.07,71.54,5.942,-20986.0,196078.0,False
2024-12 duzeltme,duzeltme,2024-12-17,2024-12-16,-1,once,106029.71875,3987.480957,0.027047,Binance,0.03,93136.479,9874636853.9607,,0.62411,1.657945,1644644.615,6553886426.108096,2.87156,3.441432,203.65,106.860001,2670.0,6074.080078,20173.890625,14.69,2.69,2.07,71.03,5.942,-20986.0,196078.0,True
2024-12 duzeltme,duzeltme,2024-12-17,2024-12-17,0,olay_gunu,106140.601562,3886.766113,0.03,Binance,0.028046,92379.01,9799945879.45902,,0.676669,1.605188,1617034.91,6292190071.4429,3.914254,3.337119,204.16,106.959999,2662.0,6050.609863,20109.060547,15.87,2.75,2.09,70.31,5.942,-23197.0,183502.0,True
2024-12 duzeltme,duzeltme,2024-12-17,2024-12-18,1,sonra,100041.539062,3618.79126,0.029159,Binance,0.026104,92500.772,9266967840.9672,,1.195232,1.715022,1605064.015,5819431948.716116,4.706224,3.402552,204.36,108.029999,2653.300049,5872.160156,19392.689453,27.620001,2.73,2.18,70.8,5.99,-23197.0,183502.0,True
2024-12 duzeltme,duzeltme,2024-12-17,2024-12-19,2,sonra,97490.953125,3417.927979,0.03,Binance,0.024811,91568.358,8921908020.7152,,1.549017,1.767802,1615586.11,5519973062.037,4.918873,3.142067,204.58,108.410004,2608.100098,5867.080078,19372.769531,24.09,2.91,2.28,70.1,5.99,-23197.0,183502.0,True
2024-12 duzeltme,duzeltme,2024-12-17,2024-12-20,3,sonra,97755.929688,3472.553467,0.03,Binance,0.026352,89107.0,8711492390.8,,1.416706,2.11007,1504991.69,5223744065.541022,3.811181,3.525476,205.09,107.620003,2645.100098,5930.850098,19572.599609,18.360001,2.86,2.23,69.71,5.99,-23197.0,183502.0,True
2024-12 duzeltme,duzeltme,2024-12-17,2024-12-21,4,sonra,97224.726562,3337.222412,0.021206,Binance,0.03,87819.092,8541442962.2856,,1.374382,2.138501,1485069.534,4956464121.81102,4.070309,4.002389,205.15,107.620003,2645.100098,5930.850098,19572.599609,18.360001,2.86,2.23,69.71,5.99,-23197.0,183502.0,False
2024-12 duzeltme,duzeltme,2024-12-17,2024-12-22,5,sonra,95104.9375,3277.535156,0.029629,Binance,0.021056,86862.228,8265452522.780558,,1.535533,2.196185,1508766.967,4949872139.31558,4.363453,3.732911,205.19,107.620003,2645.100098,5930.850098,19572.599609,18.360001,2.86,2.23,69.71,5.99,-23197.0,183502.0,False
2024-12 duzeltme,duzeltme,2024-12-17,2024-12-23,6,sonra,94686.242188,3415.7854,0.028981,Binance,0.024072,90262.465,8562396718.6115,,2.005674,2.221413,1461273.847,4998965711.814919,4.017805,4.088795,205.86,108.040001,2628.199951,5974.069824,19764.880859,16.780001,2.85,2.27,69.5,5.99,-23197.0,183502.0,True
2024-12 duzeltme,duzeltme,2024-12-17,2024-12-24,7,sonra,98676.09375,3492.049805,0.02,Binance,0.010878,91745.762,9049216838.490623,,1.102109,2.014028,1456588.319,5086362712.29843,3.444829,4.391243,205.37,108.260002,2635.5,6040.040039,20031.130859,14.27,2.86,2.24,70.87,5.99,-21102.0,165497.0,True
2024-12 duzeltme,duzeltme,2024-12-17,2024-12-25,8,sonra,99299.195312,3493.235352,0.039827,Binance,0.022258,91878.328,9130831485.3088,,1.101191,2.014306,1453832.311,5081710921.54629,3.602912,4.050489,205.79,108.260002,2635.5,6040.040039,20031.130859,14.27,2.86,2.24,70.87,5.94,-21102.0,165497.0,False
2024-12 duzeltme,duzeltme,2024-12-17,2024-12-26,9,sonra,95795.515625,3331.22583,0.026038,Binance,0.026305,89325.492,8553294203.140118,,1.535968,2.129578,1469095.35,4897276694.1575,4.395064,3.954946,206.06,108.129997,2653.899902,6037.589844,20020.359375,14.73,2.86,2.23,70.38,5.94,-21102.0,165497.0,True
2024-12 duzeltme,duzeltme,2024-12-17,2024-12-27,10,sonra,94164.859375,3328.916992,0.02,Binance,0.013777,89656.693,8451384092.664119,,1.7802,2.204989,1507976.338,5024712876.08642,4.676519,3.824064,206.56,108.0,2631.899902,5970.839844,19722.029297,15.95,2.84,2.28,71.28,5.94,-21102.0,165497.0,True
2024-12 duzeltme,duzeltme,2024-12-17,2024-12-28,11,sonra,95163.929688,3397.902344,0.030825,Binance,0.035277,90696.294,8639984798.815777,,1.734264,2.117882,1525994.367,5193019870.67568,4.008602,3.635197,206.83,108.0,2631.899902,5970.839844,19722.029297,15.95,2.84,2.28,71.28,5.94,-21102.0,165497.0,False
2024-12 duzeltme,duzeltme,2024-12-17,2024-12-29,12,sonra,93530.226562,3349.513428,0.019958,Binance,0.024631,89934.175,8426823204.0825,,1.856137,2.080662,1540337.897,5168557603.24659,4.152629,4.014598,206.6,108.0,2631.899902,5970.839844,19722.029297,15.95,2.84,2.28,71.28,5.94,-21102.0,165497.0,False
2024-12 duzeltme,duzeltme,2024-12-17,2024-12-30,13,sonra,92643.210938,3356.392578,0.028791,Binance,0.03,90901.515,8432059554.271126,,2.039732,2.122862,1582686.347,5318193680.846393,4.312004,4.096914,206.13,108.129997,2618.100098,5906.939941,19486.789062,17.4,2.94,2.24,71.73,5.94,-21102.0,165497.0,True
2024-12 duzeltme,duzeltme,2024-12-17,2024-12-31,14,sonra,93429.203125,3332.531738,0.02,Binance,0.018514,91237.347,8535222950.978868,,1.821882,2.113485,1580580.547,5273847901.88914,4.672887,4.083673,205.45,108.489998,2641.0,5881.629883,19310.789062,17.35,2.92,2.24,72.44,5.94,-20064.0,166169.0,True
2024-12 duzeltme,duzeltme,2024-12-17,2025-01-01,15,sonra,94419.757812,3353.50415,0.04,Binance,0.04,92290.283,8728907256.423,,1.681329,2.108719,1613202.73,5419312591.0255,4.710873,3.935342,204.8,108.489998,2641.0,5881.629883,19310.789062,17.35,2.92,2.24,72.44,5.659,-20064.0,166169.0,False
2024-12 duzeltme,duzeltme,2024-12-17,2025-01-02,16,sonra,96886.875,3451.392578,0.03,Binance,0.03,91933.181,8914539921.9356,,1.145844,2.031332,1605661.574,5547650559.183525,3.518214,3.880053,204.35,109.389999,2669.0,5868.549805,19280.789062,17.93,2.88,2.23,73.79,5.659,-20064.0,166169.0,True
2024-12 duzeltme,duzeltme,2024-12-17,2025-01-03,17,sonra,98107.429688,3605.009766,0.022941,Binance,0.03,90565.982,8888670756.1756,,1.087485,2.115648,1647330.604,5943387612.86556,2.877122,3.646003,206.27,108.949997,2654.699951,5942.470215,19621.679688,16.129999,2.81,2.26,74.64,5.659,-20064.0,166169.0,True
2024-12 duzeltme,duzeltme,2024-12-17,2025-01-04,18,sonra,98236.226562,3657.706787,0.020798,Binance,0.03,87457.503,8585982933.5196,,1.127578,2.138868,1631131.553,5963400646.45247,2.670719,4.123441,208.01,108.949997,2654.699951,5942.470215,19621.679688,16.129999,2.81,2.26,74.64,5.659,-20064.0,166169.0,False
2024-12 duzeltme,duzeltme,2024-12-17,2025-01-05,19,sonra,98314.960938,3634.10376,0.02832,Binance,0.03,90096.533,8860102064.8733,,1.128301,2.084987,1631566.394,5930678579.53424,2.797503,4.266193,207.96,108.949997,2654.699951,5942.470215,19621.679688,16.129999,2.81,2.26,74.64,5.659,-20064.0,166169.0,False
2024-12 duzeltme,duzeltme,2024-12-17,2025-01-06,20,sonra,102078.085938,3688.611328,0.03,Binance,0.03,93902.766,9595851507.582623,,0.761696,1.929836,1604875.194,5915847754.391766,2.855164,4.406958,207.91,108.260002,2647.399902,5975.379883,19864.980469,16.040001,2.76,2.28,74.31,5.659,-20064.0,166169.0,True
2024-12 duzeltme,duzeltme,2024-12-17,2025-01-07,21,sonra,96922.703125,3381.577393,0.017182,Binance,0.02,92131.358,8929389643.6316,,1.554604,2.212076,1635463.627,5527319786.045408,4.730723,4.350445,208.18,108.540001,2665.399902,5909.029785,19489.679688,17.82,2.79,2.29,74.99,5.659,-21204.0,177641.0,True
2024-12 duzeltme,duzeltme,2024-12-17,2025-01-08,22,sonra,95043.523438,3326.329346,0.04,Binance,0.036267,90708.213,8620556565.474684,,1.81338,2.303762,1635693.498,5439678034.299439,4.852247,4.37093,207.64,109.089996,2672.399902,5918.25,19478.880859,17.700001,2.84,2.27,73.99,6.016,-21204.0,177641.0,True
2024-12 duzeltme,duzeltme,2024-12-17,2025-01-09,23,sonra,92484.039062,3219.430664,0.013256,Binance,0.027573,87392.533,8084656141.723036,,2.152189,2.100645,1637335.508,5269338625.26592,5.001383,4.297458,207.75,109.18,2690.800049,5918.25,19478.880859,17.700001,2.82,2.29,73.99,6.016,-21204.0,177641.0,False
2024-12 duzeltme,duzeltme,2024-12-17,2025-01-10,24,sonra,94701.453125,3267.48999,0.012698,Binance,0.022736,88470.1,8376434085.256204,,1.692963,1.930086,1616051.757,5277452711.175859,4.850939,4.426267,207.49,109.650002,2715.0,5827.040039,19161.630859,19.540001,2.81,2.34,77.27,6.016,-21204.0,177641.0,True
2024-12 duzeltme,duzeltme,2024-12-17,2025-01-11,25,sonra,94566.59375,3282.217773,0.011672,Binance,0.02565,87663.849,8289940206.263632,,1.735755,1.93756,1641474.237,5387072224.69845,4.584952,4.305104,207.67,109.650002,2715.0,5827.040039,19161.630859,19.540001,2.81,2.34,77.27,6.016,-21204.0,177641.0,False
2024-12 duzeltme,duzeltme,2024-12-17,2025-01-12,26,sonra,94488.4375,3265.951172,0.015123,Binance,0.028134,87549.292,8273399339.0708,,1.743631,1.907345,1624157.014,5304009560.6198,4.904564,4.598904,207.56,109.650002,2715.0,5827.040039,19161.630859,19.540001,2.81,2.34,77.27,6.016,-21204.0,177641.0,False
2024-12 duzeltme,duzeltme,2024-12-17,2025-01-13,27,sonra,94516.523438,3135.499756,0.01787,Binance,0.018168,83846.402,7922459113.026577,,1.68908,1.898068,1573131.735,4933561359.4029,5.174268,4.105943,207.86,109.959999,2678.600098,5836.220215,19088.099609,19.190001,2.85,2.34,79.57,6.016,-21204.0,177641.0,True
2024-12 duzeltme,duzeltme,2024-12-17,2025-01-14,28,sonra,96534.046875,3223.68457,0.024485,Binance,0.019607,84491.968,8154742291.52,,1.243646,1.860799,1516973.81,4890951109.5115,4.287245,4.44883,207.78,109.269997,2682.300049,5842.910156,19044.390625,18.709999,2.8,2.34,78.2,6.016,-21336.0,195622.0,True
2024-12 duzeltme,duzeltme,2024-12-17,2025-01-15,29,sonra,100504.492188,3450.537598,0.015367,Binance,0.021367,86632.015,8703217789.212185,,0.86994,1.762356,1530426.993,5279682344.72133,3.26366,4.53668,208.08,109.089996,2717.800049,5949.910156,19511.230469,16.120001,2.72,2.24,80.73,6.073,-21336.0,195622.0,True
2024-12 duzeltme,duzeltme,2024-12-17,2025-01-16,30,sonra,99756.90625,3308.345215,0.012166,Binance,0.013586,86229.624,8617451446.439133,,0.904051,1.808518,1513646.351,5005537663.97594,4.679234,4.850469,208.93,108.959999,2750.899902,5937.339844,19338.289062,16.6,2.73,2.19,79.35,6.073,-21336.0,195622.0,True
